[2026-01-08T01:24:11.476+0000] {processor.py:157} INFO - Started process (PID=1625) to work on /opt/airflow/dags/ingest_local_folder_dag.py
[2026-01-08T01:24:11.478+0000] {processor.py:829} INFO - Processing file /opt/airflow/dags/ingest_local_folder_dag.py for tasks to queue
[2026-01-08T01:24:11.481+0000] {logging_mixin.py:151} INFO - [2026-01-08T01:24:11.480+0000] {dagbag.py:539} INFO - Filling up the DagBag from /opt/airflow/dags/ingest_local_folder_dag.py
[2026-01-08T01:24:13.697+0000] {processor.py:839} INFO - DAG(s) dict_keys(['ingestionDAG']) retrieved from /opt/airflow/dags/ingest_local_folder_dag.py
[2026-01-08T01:24:13.740+0000] {logging_mixin.py:151} INFO - [2026-01-08T01:24:13.740+0000] {dag.py:2915} INFO - Sync 1 DAGs
[2026-01-08T01:24:13.764+0000] {logging_mixin.py:151} INFO - [2026-01-08T01:24:13.763+0000] {dag.py:3696} INFO - Setting next_dagrun for ingestionDAG to 2026-01-08T01:23:43.762918+00:00, run_after=2026-01-08T01:24:13.762918+00:00
[2026-01-08T01:24:13.782+0000] {processor.py:179} INFO - Processing /opt/airflow/dags/ingest_local_folder_dag.py took 2.342 seconds
[2026-01-08T01:24:43.965+0000] {processor.py:157} INFO - Started process (PID=1638) to work on /opt/airflow/dags/ingest_local_folder_dag.py
[2026-01-08T01:24:43.966+0000] {processor.py:829} INFO - Processing file /opt/airflow/dags/ingest_local_folder_dag.py for tasks to queue
[2026-01-08T01:24:43.966+0000] {logging_mixin.py:151} INFO - [2026-01-08T01:24:43.966+0000] {dagbag.py:539} INFO - Filling up the DagBag from /opt/airflow/dags/ingest_local_folder_dag.py
[2026-01-08T01:24:44.289+0000] {processor.py:839} INFO - DAG(s) dict_keys(['ingestionDAG']) retrieved from /opt/airflow/dags/ingest_local_folder_dag.py
[2026-01-08T01:24:44.319+0000] {logging_mixin.py:151} INFO - [2026-01-08T01:24:44.319+0000] {dag.py:2915} INFO - Sync 1 DAGs
[2026-01-08T01:24:44.341+0000] {logging_mixin.py:151} INFO - [2026-01-08T01:24:44.341+0000] {dag.py:3696} INFO - Setting next_dagrun for ingestionDAG to 2026-01-08T01:24:14.341175+00:00, run_after=2026-01-08T01:24:44.341175+00:00
[2026-01-08T01:24:44.364+0000] {processor.py:179} INFO - Processing /opt/airflow/dags/ingest_local_folder_dag.py took 0.403 seconds
[2026-01-08T01:25:14.498+0000] {processor.py:157} INFO - Started process (PID=1649) to work on /opt/airflow/dags/ingest_local_folder_dag.py
[2026-01-08T01:25:14.499+0000] {processor.py:829} INFO - Processing file /opt/airflow/dags/ingest_local_folder_dag.py for tasks to queue
[2026-01-08T01:25:14.500+0000] {logging_mixin.py:151} INFO - [2026-01-08T01:25:14.499+0000] {dagbag.py:539} INFO - Filling up the DagBag from /opt/airflow/dags/ingest_local_folder_dag.py
[2026-01-08T01:25:14.826+0000] {processor.py:839} INFO - DAG(s) dict_keys(['ingestionDAG']) retrieved from /opt/airflow/dags/ingest_local_folder_dag.py
[2026-01-08T01:25:14.855+0000] {logging_mixin.py:151} INFO - [2026-01-08T01:25:14.854+0000] {dag.py:2915} INFO - Sync 1 DAGs
[2026-01-08T01:25:14.876+0000] {logging_mixin.py:151} INFO - [2026-01-08T01:25:14.876+0000] {dag.py:3696} INFO - Setting next_dagrun for ingestionDAG to 2026-01-08T01:24:44.876575+00:00, run_after=2026-01-08T01:25:14.876575+00:00
[2026-01-08T01:25:14.892+0000] {processor.py:179} INFO - Processing /opt/airflow/dags/ingest_local_folder_dag.py took 0.397 seconds
[2026-01-08T01:25:45.006+0000] {processor.py:157} INFO - Started process (PID=1660) to work on /opt/airflow/dags/ingest_local_folder_dag.py
[2026-01-08T01:25:45.007+0000] {processor.py:829} INFO - Processing file /opt/airflow/dags/ingest_local_folder_dag.py for tasks to queue
[2026-01-08T01:25:45.008+0000] {logging_mixin.py:151} INFO - [2026-01-08T01:25:45.007+0000] {dagbag.py:539} INFO - Filling up the DagBag from /opt/airflow/dags/ingest_local_folder_dag.py
[2026-01-08T01:25:45.317+0000] {processor.py:839} INFO - DAG(s) dict_keys(['ingestionDAG']) retrieved from /opt/airflow/dags/ingest_local_folder_dag.py
[2026-01-08T01:25:45.345+0000] {logging_mixin.py:151} INFO - [2026-01-08T01:25:45.345+0000] {dag.py:2915} INFO - Sync 1 DAGs
[2026-01-08T01:25:45.365+0000] {logging_mixin.py:151} INFO - [2026-01-08T01:25:45.365+0000] {dag.py:3696} INFO - Setting next_dagrun for ingestionDAG to 2026-01-08T01:25:15.365096+00:00, run_after=2026-01-08T01:25:45.365096+00:00
[2026-01-08T01:25:45.381+0000] {processor.py:179} INFO - Processing /opt/airflow/dags/ingest_local_folder_dag.py took 0.378 seconds
[2026-01-08T01:26:15.497+0000] {processor.py:157} INFO - Started process (PID=1671) to work on /opt/airflow/dags/ingest_local_folder_dag.py
[2026-01-08T01:26:15.498+0000] {processor.py:829} INFO - Processing file /opt/airflow/dags/ingest_local_folder_dag.py for tasks to queue
[2026-01-08T01:26:15.499+0000] {logging_mixin.py:151} INFO - [2026-01-08T01:26:15.499+0000] {dagbag.py:539} INFO - Filling up the DagBag from /opt/airflow/dags/ingest_local_folder_dag.py
[2026-01-08T01:26:15.804+0000] {processor.py:839} INFO - DAG(s) dict_keys(['ingestionDAG']) retrieved from /opt/airflow/dags/ingest_local_folder_dag.py
[2026-01-08T01:26:15.831+0000] {logging_mixin.py:151} INFO - [2026-01-08T01:26:15.831+0000] {dag.py:2915} INFO - Sync 1 DAGs
[2026-01-08T01:26:15.849+0000] {logging_mixin.py:151} INFO - [2026-01-08T01:26:15.848+0000] {dag.py:3696} INFO - Setting next_dagrun for ingestionDAG to 2026-01-08T01:25:45.848732+00:00, run_after=2026-01-08T01:26:15.848732+00:00
[2026-01-08T01:26:15.863+0000] {processor.py:179} INFO - Processing /opt/airflow/dags/ingest_local_folder_dag.py took 0.369 seconds
[2026-01-08T01:26:46.305+0000] {processor.py:157} INFO - Started process (PID=1682) to work on /opt/airflow/dags/ingest_local_folder_dag.py
[2026-01-08T01:26:46.306+0000] {processor.py:829} INFO - Processing file /opt/airflow/dags/ingest_local_folder_dag.py for tasks to queue
[2026-01-08T01:26:46.306+0000] {logging_mixin.py:151} INFO - [2026-01-08T01:26:46.306+0000] {dagbag.py:539} INFO - Filling up the DagBag from /opt/airflow/dags/ingest_local_folder_dag.py
[2026-01-08T01:26:46.601+0000] {processor.py:839} INFO - DAG(s) dict_keys(['ingestionDAG']) retrieved from /opt/airflow/dags/ingest_local_folder_dag.py
[2026-01-08T01:26:46.626+0000] {logging_mixin.py:151} INFO - [2026-01-08T01:26:46.626+0000] {dag.py:2915} INFO - Sync 1 DAGs
[2026-01-08T01:26:46.644+0000] {logging_mixin.py:151} INFO - [2026-01-08T01:26:46.644+0000] {dag.py:3696} INFO - Setting next_dagrun for ingestionDAG to 2026-01-08T01:26:16.644154+00:00, run_after=2026-01-08T01:26:46.644154+00:00
[2026-01-08T01:26:46.658+0000] {processor.py:179} INFO - Processing /opt/airflow/dags/ingest_local_folder_dag.py took 0.356 seconds
[2026-01-08T01:27:16.861+0000] {processor.py:157} INFO - Started process (PID=1693) to work on /opt/airflow/dags/ingest_local_folder_dag.py
[2026-01-08T01:27:16.862+0000] {processor.py:829} INFO - Processing file /opt/airflow/dags/ingest_local_folder_dag.py for tasks to queue
[2026-01-08T01:27:16.863+0000] {logging_mixin.py:151} INFO - [2026-01-08T01:27:16.862+0000] {dagbag.py:539} INFO - Filling up the DagBag from /opt/airflow/dags/ingest_local_folder_dag.py
[2026-01-08T01:27:17.168+0000] {processor.py:839} INFO - DAG(s) dict_keys(['ingestionDAG']) retrieved from /opt/airflow/dags/ingest_local_folder_dag.py
[2026-01-08T01:27:17.194+0000] {logging_mixin.py:151} INFO - [2026-01-08T01:27:17.194+0000] {dag.py:2915} INFO - Sync 1 DAGs
[2026-01-08T01:27:17.211+0000] {logging_mixin.py:151} INFO - [2026-01-08T01:27:17.211+0000] {dag.py:3696} INFO - Setting next_dagrun for ingestionDAG to 2026-01-08T01:26:47.211604+00:00, run_after=2026-01-08T01:27:17.211604+00:00
[2026-01-08T01:27:17.225+0000] {processor.py:179} INFO - Processing /opt/airflow/dags/ingest_local_folder_dag.py took 0.368 seconds
[2026-01-08T01:27:47.429+0000] {processor.py:157} INFO - Started process (PID=1704) to work on /opt/airflow/dags/ingest_local_folder_dag.py
[2026-01-08T01:27:47.430+0000] {processor.py:829} INFO - Processing file /opt/airflow/dags/ingest_local_folder_dag.py for tasks to queue
[2026-01-08T01:27:47.431+0000] {logging_mixin.py:151} INFO - [2026-01-08T01:27:47.430+0000] {dagbag.py:539} INFO - Filling up the DagBag from /opt/airflow/dags/ingest_local_folder_dag.py
[2026-01-08T01:27:47.738+0000] {processor.py:839} INFO - DAG(s) dict_keys(['ingestionDAG']) retrieved from /opt/airflow/dags/ingest_local_folder_dag.py
[2026-01-08T01:27:47.762+0000] {logging_mixin.py:151} INFO - [2026-01-08T01:27:47.762+0000] {dag.py:2915} INFO - Sync 1 DAGs
[2026-01-08T01:27:47.780+0000] {logging_mixin.py:151} INFO - [2026-01-08T01:27:47.780+0000] {dag.py:3696} INFO - Setting next_dagrun for ingestionDAG to 2026-01-08T01:27:17.780072+00:00, run_after=2026-01-08T01:27:47.780072+00:00
[2026-01-08T01:27:47.795+0000] {processor.py:179} INFO - Processing /opt/airflow/dags/ingest_local_folder_dag.py took 0.370 seconds
[2026-01-08T01:28:17.992+0000] {processor.py:157} INFO - Started process (PID=1715) to work on /opt/airflow/dags/ingest_local_folder_dag.py
[2026-01-08T01:28:17.993+0000] {processor.py:829} INFO - Processing file /opt/airflow/dags/ingest_local_folder_dag.py for tasks to queue
[2026-01-08T01:28:17.994+0000] {logging_mixin.py:151} INFO - [2026-01-08T01:28:17.993+0000] {dagbag.py:539} INFO - Filling up the DagBag from /opt/airflow/dags/ingest_local_folder_dag.py
[2026-01-08T01:28:18.296+0000] {processor.py:839} INFO - DAG(s) dict_keys(['ingestionDAG']) retrieved from /opt/airflow/dags/ingest_local_folder_dag.py
[2026-01-08T01:28:18.321+0000] {logging_mixin.py:151} INFO - [2026-01-08T01:28:18.321+0000] {dag.py:2915} INFO - Sync 1 DAGs
[2026-01-08T01:28:18.339+0000] {logging_mixin.py:151} INFO - [2026-01-08T01:28:18.338+0000] {dag.py:3696} INFO - Setting next_dagrun for ingestionDAG to 2026-01-08T01:27:48.338809+00:00, run_after=2026-01-08T01:28:18.338809+00:00
[2026-01-08T01:28:18.351+0000] {processor.py:179} INFO - Processing /opt/airflow/dags/ingest_local_folder_dag.py took 0.363 seconds
[2026-01-08T01:28:48.539+0000] {processor.py:157} INFO - Started process (PID=1726) to work on /opt/airflow/dags/ingest_local_folder_dag.py
[2026-01-08T01:28:48.540+0000] {processor.py:829} INFO - Processing file /opt/airflow/dags/ingest_local_folder_dag.py for tasks to queue
[2026-01-08T01:28:48.541+0000] {logging_mixin.py:151} INFO - [2026-01-08T01:28:48.540+0000] {dagbag.py:539} INFO - Filling up the DagBag from /opt/airflow/dags/ingest_local_folder_dag.py
[2026-01-08T01:28:48.841+0000] {processor.py:839} INFO - DAG(s) dict_keys(['ingestionDAG']) retrieved from /opt/airflow/dags/ingest_local_folder_dag.py
[2026-01-08T01:28:48.865+0000] {logging_mixin.py:151} INFO - [2026-01-08T01:28:48.865+0000] {dag.py:2915} INFO - Sync 1 DAGs
[2026-01-08T01:28:48.882+0000] {logging_mixin.py:151} INFO - [2026-01-08T01:28:48.882+0000] {dag.py:3696} INFO - Setting next_dagrun for ingestionDAG to 2026-01-08T01:28:18.881863+00:00, run_after=2026-01-08T01:28:48.881863+00:00
[2026-01-08T01:28:48.894+0000] {processor.py:179} INFO - Processing /opt/airflow/dags/ingest_local_folder_dag.py took 0.358 seconds
[2026-01-08T01:29:19.746+0000] {processor.py:157} INFO - Started process (PID=1737) to work on /opt/airflow/dags/ingest_local_folder_dag.py
[2026-01-08T01:29:19.747+0000] {processor.py:829} INFO - Processing file /opt/airflow/dags/ingest_local_folder_dag.py for tasks to queue
[2026-01-08T01:29:19.748+0000] {logging_mixin.py:151} INFO - [2026-01-08T01:29:19.747+0000] {dagbag.py:539} INFO - Filling up the DagBag from /opt/airflow/dags/ingest_local_folder_dag.py
[2026-01-08T01:29:20.041+0000] {processor.py:839} INFO - DAG(s) dict_keys(['ingestionDAG']) retrieved from /opt/airflow/dags/ingest_local_folder_dag.py
[2026-01-08T01:29:20.068+0000] {logging_mixin.py:151} INFO - [2026-01-08T01:29:20.068+0000] {dag.py:2915} INFO - Sync 1 DAGs
[2026-01-08T01:29:20.087+0000] {logging_mixin.py:151} INFO - [2026-01-08T01:29:20.086+0000] {dag.py:3696} INFO - Setting next_dagrun for ingestionDAG to 2026-01-08T01:28:50.086760+00:00, run_after=2026-01-08T01:29:20.086760+00:00
[2026-01-08T01:29:20.102+0000] {processor.py:179} INFO - Processing /opt/airflow/dags/ingest_local_folder_dag.py took 0.359 seconds
[2026-01-08T01:29:50.317+0000] {processor.py:157} INFO - Started process (PID=1748) to work on /opt/airflow/dags/ingest_local_folder_dag.py
[2026-01-08T01:29:50.318+0000] {processor.py:829} INFO - Processing file /opt/airflow/dags/ingest_local_folder_dag.py for tasks to queue
[2026-01-08T01:29:50.319+0000] {logging_mixin.py:151} INFO - [2026-01-08T01:29:50.318+0000] {dagbag.py:539} INFO - Filling up the DagBag from /opt/airflow/dags/ingest_local_folder_dag.py
[2026-01-08T01:29:50.615+0000] {processor.py:839} INFO - DAG(s) dict_keys(['ingestionDAG']) retrieved from /opt/airflow/dags/ingest_local_folder_dag.py
[2026-01-08T01:29:50.640+0000] {logging_mixin.py:151} INFO - [2026-01-08T01:29:50.640+0000] {dag.py:2915} INFO - Sync 1 DAGs
[2026-01-08T01:29:50.657+0000] {logging_mixin.py:151} INFO - [2026-01-08T01:29:50.657+0000] {dag.py:3696} INFO - Setting next_dagrun for ingestionDAG to 2026-01-08T01:29:20.657454+00:00, run_after=2026-01-08T01:29:50.657454+00:00
[2026-01-08T01:29:50.671+0000] {processor.py:179} INFO - Processing /opt/airflow/dags/ingest_local_folder_dag.py took 0.357 seconds
[2026-01-08T01:30:20.870+0000] {processor.py:157} INFO - Started process (PID=1759) to work on /opt/airflow/dags/ingest_local_folder_dag.py
[2026-01-08T01:30:20.871+0000] {processor.py:829} INFO - Processing file /opt/airflow/dags/ingest_local_folder_dag.py for tasks to queue
[2026-01-08T01:30:20.871+0000] {logging_mixin.py:151} INFO - [2026-01-08T01:30:20.871+0000] {dagbag.py:539} INFO - Filling up the DagBag from /opt/airflow/dags/ingest_local_folder_dag.py
[2026-01-08T01:30:21.174+0000] {processor.py:839} INFO - DAG(s) dict_keys(['ingestionDAG']) retrieved from /opt/airflow/dags/ingest_local_folder_dag.py
[2026-01-08T01:30:21.198+0000] {logging_mixin.py:151} INFO - [2026-01-08T01:30:21.198+0000] {dag.py:2915} INFO - Sync 1 DAGs
[2026-01-08T01:30:21.215+0000] {logging_mixin.py:151} INFO - [2026-01-08T01:30:21.215+0000] {dag.py:3696} INFO - Setting next_dagrun for ingestionDAG to 2026-01-08T01:29:51.215179+00:00, run_after=2026-01-08T01:30:21.215179+00:00
[2026-01-08T01:30:21.228+0000] {processor.py:179} INFO - Processing /opt/airflow/dags/ingest_local_folder_dag.py took 0.362 seconds
[2026-01-08T01:30:52.055+0000] {processor.py:157} INFO - Started process (PID=1770) to work on /opt/airflow/dags/ingest_local_folder_dag.py
[2026-01-08T01:30:52.056+0000] {processor.py:829} INFO - Processing file /opt/airflow/dags/ingest_local_folder_dag.py for tasks to queue
[2026-01-08T01:30:52.056+0000] {logging_mixin.py:151} INFO - [2026-01-08T01:30:52.056+0000] {dagbag.py:539} INFO - Filling up the DagBag from /opt/airflow/dags/ingest_local_folder_dag.py
[2026-01-08T01:30:52.355+0000] {processor.py:839} INFO - DAG(s) dict_keys(['ingestionDAG']) retrieved from /opt/airflow/dags/ingest_local_folder_dag.py
[2026-01-08T01:30:52.379+0000] {logging_mixin.py:151} INFO - [2026-01-08T01:30:52.379+0000] {dag.py:2915} INFO - Sync 1 DAGs
[2026-01-08T01:30:52.397+0000] {logging_mixin.py:151} INFO - [2026-01-08T01:30:52.396+0000] {dag.py:3696} INFO - Setting next_dagrun for ingestionDAG to 2026-01-08T01:30:22.396849+00:00, run_after=2026-01-08T01:30:52.396849+00:00
[2026-01-08T01:30:52.410+0000] {processor.py:179} INFO - Processing /opt/airflow/dags/ingest_local_folder_dag.py took 0.358 seconds
[2026-01-08T01:31:22.610+0000] {processor.py:157} INFO - Started process (PID=1781) to work on /opt/airflow/dags/ingest_local_folder_dag.py
[2026-01-08T01:31:22.611+0000] {processor.py:829} INFO - Processing file /opt/airflow/dags/ingest_local_folder_dag.py for tasks to queue
[2026-01-08T01:31:22.612+0000] {logging_mixin.py:151} INFO - [2026-01-08T01:31:22.612+0000] {dagbag.py:539} INFO - Filling up the DagBag from /opt/airflow/dags/ingest_local_folder_dag.py
[2026-01-08T01:31:22.915+0000] {processor.py:839} INFO - DAG(s) dict_keys(['ingestionDAG']) retrieved from /opt/airflow/dags/ingest_local_folder_dag.py
[2026-01-08T01:31:22.939+0000] {logging_mixin.py:151} INFO - [2026-01-08T01:31:22.939+0000] {dag.py:2915} INFO - Sync 1 DAGs
[2026-01-08T01:31:22.957+0000] {logging_mixin.py:151} INFO - [2026-01-08T01:31:22.956+0000] {dag.py:3696} INFO - Setting next_dagrun for ingestionDAG to 2026-01-08T01:30:52.956864+00:00, run_after=2026-01-08T01:31:22.956864+00:00
[2026-01-08T01:31:22.969+0000] {processor.py:179} INFO - Processing /opt/airflow/dags/ingest_local_folder_dag.py took 0.363 seconds
[2026-01-08T01:31:53.187+0000] {processor.py:157} INFO - Started process (PID=1792) to work on /opt/airflow/dags/ingest_local_folder_dag.py
[2026-01-08T01:31:53.189+0000] {processor.py:829} INFO - Processing file /opt/airflow/dags/ingest_local_folder_dag.py for tasks to queue
[2026-01-08T01:31:53.192+0000] {logging_mixin.py:151} INFO - [2026-01-08T01:31:53.190+0000] {dagbag.py:539} INFO - Filling up the DagBag from /opt/airflow/dags/ingest_local_folder_dag.py
[2026-01-08T01:31:53.499+0000] {processor.py:839} INFO - DAG(s) dict_keys(['ingestionDAG']) retrieved from /opt/airflow/dags/ingest_local_folder_dag.py
[2026-01-08T01:31:53.524+0000] {logging_mixin.py:151} INFO - [2026-01-08T01:31:53.524+0000] {dag.py:2915} INFO - Sync 1 DAGs
[2026-01-08T01:31:53.540+0000] {logging_mixin.py:151} INFO - [2026-01-08T01:31:53.539+0000] {dag.py:3696} INFO - Setting next_dagrun for ingestionDAG to 2026-01-08T01:31:23.539768+00:00, run_after=2026-01-08T01:31:53.539768+00:00
[2026-01-08T01:31:53.552+0000] {processor.py:179} INFO - Processing /opt/airflow/dags/ingest_local_folder_dag.py took 0.376 seconds
[2026-01-08T01:32:24.543+0000] {processor.py:157} INFO - Started process (PID=1803) to work on /opt/airflow/dags/ingest_local_folder_dag.py
[2026-01-08T01:32:24.544+0000] {processor.py:829} INFO - Processing file /opt/airflow/dags/ingest_local_folder_dag.py for tasks to queue
[2026-01-08T01:32:24.545+0000] {logging_mixin.py:151} INFO - [2026-01-08T01:32:24.545+0000] {dagbag.py:539} INFO - Filling up the DagBag from /opt/airflow/dags/ingest_local_folder_dag.py
[2026-01-08T01:32:24.707+0000] {processor.py:839} INFO - DAG(s) dict_keys(['ingestionDAG']) retrieved from /opt/airflow/dags/ingest_local_folder_dag.py
[2026-01-08T01:32:24.734+0000] {logging_mixin.py:151} INFO - [2026-01-08T01:32:24.734+0000] {dag.py:2915} INFO - Sync 1 DAGs
[2026-01-08T01:32:24.751+0000] {logging_mixin.py:151} INFO - [2026-01-08T01:32:24.751+0000] {dag.py:3696} INFO - Setting next_dagrun for ingestionDAG to 2026-01-08T01:31:54.751658+00:00, run_after=2026-01-08T01:32:24.751658+00:00
[2026-01-08T01:32:24.764+0000] {processor.py:179} INFO - Processing /opt/airflow/dags/ingest_local_folder_dag.py took 0.225 seconds
[2026-01-08T01:32:54.996+0000] {processor.py:157} INFO - Started process (PID=1814) to work on /opt/airflow/dags/ingest_local_folder_dag.py
[2026-01-08T01:32:54.999+0000] {processor.py:829} INFO - Processing file /opt/airflow/dags/ingest_local_folder_dag.py for tasks to queue
[2026-01-08T01:32:55.001+0000] {logging_mixin.py:151} INFO - [2026-01-08T01:32:55.000+0000] {dagbag.py:539} INFO - Filling up the DagBag from /opt/airflow/dags/ingest_local_folder_dag.py
[2026-01-08T01:32:55.165+0000] {processor.py:839} INFO - DAG(s) dict_keys(['ingestionDAG']) retrieved from /opt/airflow/dags/ingest_local_folder_dag.py
[2026-01-08T01:32:55.192+0000] {logging_mixin.py:151} INFO - [2026-01-08T01:32:55.192+0000] {dag.py:2915} INFO - Sync 1 DAGs
[2026-01-08T01:32:55.210+0000] {logging_mixin.py:151} INFO - [2026-01-08T01:32:55.210+0000] {dag.py:3696} INFO - Setting next_dagrun for ingestionDAG to 2026-01-08T01:32:25.210206+00:00, run_after=2026-01-08T01:32:55.210206+00:00
[2026-01-08T01:32:55.224+0000] {processor.py:179} INFO - Processing /opt/airflow/dags/ingest_local_folder_dag.py took 0.239 seconds
[2026-01-08T01:33:25.446+0000] {processor.py:157} INFO - Started process (PID=1825) to work on /opt/airflow/dags/ingest_local_folder_dag.py
[2026-01-08T01:33:25.447+0000] {processor.py:829} INFO - Processing file /opt/airflow/dags/ingest_local_folder_dag.py for tasks to queue
[2026-01-08T01:33:25.448+0000] {logging_mixin.py:151} INFO - [2026-01-08T01:33:25.447+0000] {dagbag.py:539} INFO - Filling up the DagBag from /opt/airflow/dags/ingest_local_folder_dag.py
[2026-01-08T01:33:25.606+0000] {processor.py:839} INFO - DAG(s) dict_keys(['ingestionDAG']) retrieved from /opt/airflow/dags/ingest_local_folder_dag.py
[2026-01-08T01:33:25.633+0000] {logging_mixin.py:151} INFO - [2026-01-08T01:33:25.633+0000] {dag.py:2915} INFO - Sync 1 DAGs
[2026-01-08T01:33:25.652+0000] {logging_mixin.py:151} INFO - [2026-01-08T01:33:25.652+0000] {dag.py:3696} INFO - Setting next_dagrun for ingestionDAG to 2026-01-08T01:32:55.652119+00:00, run_after=2026-01-08T01:33:25.652119+00:00
[2026-01-08T01:33:25.665+0000] {processor.py:179} INFO - Processing /opt/airflow/dags/ingest_local_folder_dag.py took 0.222 seconds
[2026-01-08T01:33:55.871+0000] {processor.py:157} INFO - Started process (PID=1836) to work on /opt/airflow/dags/ingest_local_folder_dag.py
[2026-01-08T01:33:55.872+0000] {processor.py:829} INFO - Processing file /opt/airflow/dags/ingest_local_folder_dag.py for tasks to queue
[2026-01-08T01:33:55.873+0000] {logging_mixin.py:151} INFO - [2026-01-08T01:33:55.872+0000] {dagbag.py:539} INFO - Filling up the DagBag from /opt/airflow/dags/ingest_local_folder_dag.py
[2026-01-08T01:33:56.036+0000] {processor.py:839} INFO - DAG(s) dict_keys(['ingestionDAG']) retrieved from /opt/airflow/dags/ingest_local_folder_dag.py
[2026-01-08T01:33:56.064+0000] {logging_mixin.py:151} INFO - [2026-01-08T01:33:56.064+0000] {dag.py:2915} INFO - Sync 1 DAGs
[2026-01-08T01:33:56.082+0000] {logging_mixin.py:151} INFO - [2026-01-08T01:33:56.082+0000] {dag.py:3696} INFO - Setting next_dagrun for ingestionDAG to 2026-01-08T01:33:26.081948+00:00, run_after=2026-01-08T01:33:56.081948+00:00
[2026-01-08T01:33:56.095+0000] {processor.py:179} INFO - Processing /opt/airflow/dags/ingest_local_folder_dag.py took 0.227 seconds
[2026-01-08T01:34:26.299+0000] {processor.py:157} INFO - Started process (PID=1847) to work on /opt/airflow/dags/ingest_local_folder_dag.py
[2026-01-08T01:34:26.300+0000] {processor.py:829} INFO - Processing file /opt/airflow/dags/ingest_local_folder_dag.py for tasks to queue
[2026-01-08T01:34:26.301+0000] {logging_mixin.py:151} INFO - [2026-01-08T01:34:26.301+0000] {dagbag.py:539} INFO - Filling up the DagBag from /opt/airflow/dags/ingest_local_folder_dag.py
[2026-01-08T01:34:26.466+0000] {processor.py:839} INFO - DAG(s) dict_keys(['ingestionDAG']) retrieved from /opt/airflow/dags/ingest_local_folder_dag.py
[2026-01-08T01:34:26.494+0000] {logging_mixin.py:151} INFO - [2026-01-08T01:34:26.494+0000] {dag.py:2915} INFO - Sync 1 DAGs
[2026-01-08T01:34:26.513+0000] {logging_mixin.py:151} INFO - [2026-01-08T01:34:26.512+0000] {dag.py:3696} INFO - Setting next_dagrun for ingestionDAG to 2026-01-08T01:33:56.512774+00:00, run_after=2026-01-08T01:34:26.512774+00:00
[2026-01-08T01:34:26.526+0000] {processor.py:179} INFO - Processing /opt/airflow/dags/ingest_local_folder_dag.py took 0.230 seconds
[2026-01-08T01:34:56.731+0000] {processor.py:157} INFO - Started process (PID=1858) to work on /opt/airflow/dags/ingest_local_folder_dag.py
[2026-01-08T01:34:56.732+0000] {processor.py:829} INFO - Processing file /opt/airflow/dags/ingest_local_folder_dag.py for tasks to queue
[2026-01-08T01:34:56.732+0000] {logging_mixin.py:151} INFO - [2026-01-08T01:34:56.732+0000] {dagbag.py:539} INFO - Filling up the DagBag from /opt/airflow/dags/ingest_local_folder_dag.py
[2026-01-08T01:34:56.893+0000] {processor.py:839} INFO - DAG(s) dict_keys(['ingestionDAG']) retrieved from /opt/airflow/dags/ingest_local_folder_dag.py
[2026-01-08T01:34:56.921+0000] {logging_mixin.py:151} INFO - [2026-01-08T01:34:56.921+0000] {dag.py:2915} INFO - Sync 1 DAGs
[2026-01-08T01:34:56.939+0000] {logging_mixin.py:151} INFO - [2026-01-08T01:34:56.939+0000] {dag.py:3696} INFO - Setting next_dagrun for ingestionDAG to 2026-01-08T01:34:26.939382+00:00, run_after=2026-01-08T01:34:56.939382+00:00
[2026-01-08T01:34:56.952+0000] {processor.py:179} INFO - Processing /opt/airflow/dags/ingest_local_folder_dag.py took 0.225 seconds
[2026-01-08T01:35:27.195+0000] {processor.py:157} INFO - Started process (PID=1869) to work on /opt/airflow/dags/ingest_local_folder_dag.py
[2026-01-08T01:35:27.197+0000] {processor.py:829} INFO - Processing file /opt/airflow/dags/ingest_local_folder_dag.py for tasks to queue
[2026-01-08T01:35:27.200+0000] {logging_mixin.py:151} INFO - [2026-01-08T01:35:27.199+0000] {dagbag.py:539} INFO - Filling up the DagBag from /opt/airflow/dags/ingest_local_folder_dag.py
[2026-01-08T01:35:27.364+0000] {processor.py:839} INFO - DAG(s) dict_keys(['ingestionDAG']) retrieved from /opt/airflow/dags/ingest_local_folder_dag.py
[2026-01-08T01:35:27.392+0000] {logging_mixin.py:151} INFO - [2026-01-08T01:35:27.392+0000] {dag.py:2915} INFO - Sync 1 DAGs
[2026-01-08T01:35:27.410+0000] {logging_mixin.py:151} INFO - [2026-01-08T01:35:27.409+0000] {dag.py:3696} INFO - Setting next_dagrun for ingestionDAG to 2026-01-08T01:34:57.409764+00:00, run_after=2026-01-08T01:35:27.409764+00:00
[2026-01-08T01:35:27.425+0000] {processor.py:179} INFO - Processing /opt/airflow/dags/ingest_local_folder_dag.py took 0.240 seconds
[2026-01-08T01:35:57.586+0000] {processor.py:157} INFO - Started process (PID=1880) to work on /opt/airflow/dags/ingest_local_folder_dag.py
[2026-01-08T01:35:57.589+0000] {processor.py:829} INFO - Processing file /opt/airflow/dags/ingest_local_folder_dag.py for tasks to queue
[2026-01-08T01:35:57.591+0000] {logging_mixin.py:151} INFO - [2026-01-08T01:35:57.590+0000] {dagbag.py:539} INFO - Filling up the DagBag from /opt/airflow/dags/ingest_local_folder_dag.py
[2026-01-08T01:35:57.983+0000] {processor.py:839} INFO - DAG(s) dict_keys(['ingestionDAG']) retrieved from /opt/airflow/dags/ingest_local_folder_dag.py
[2026-01-08T01:35:58.028+0000] {logging_mixin.py:151} INFO - [2026-01-08T01:35:58.028+0000] {dag.py:2915} INFO - Sync 1 DAGs
[2026-01-08T01:35:58.057+0000] {logging_mixin.py:151} INFO - [2026-01-08T01:35:58.057+0000] {dag.py:3696} INFO - Setting next_dagrun for ingestionDAG to 2026-01-08T01:35:28.057496+00:00, run_after=2026-01-08T01:35:58.057496+00:00
[2026-01-08T01:35:58.077+0000] {processor.py:179} INFO - Processing /opt/airflow/dags/ingest_local_folder_dag.py took 0.503 seconds
[2026-01-08T01:36:28.318+0000] {processor.py:157} INFO - Started process (PID=1891) to work on /opt/airflow/dags/ingest_local_folder_dag.py
[2026-01-08T01:36:28.320+0000] {processor.py:829} INFO - Processing file /opt/airflow/dags/ingest_local_folder_dag.py for tasks to queue
[2026-01-08T01:36:28.323+0000] {logging_mixin.py:151} INFO - [2026-01-08T01:36:28.321+0000] {dagbag.py:539} INFO - Filling up the DagBag from /opt/airflow/dags/ingest_local_folder_dag.py
[2026-01-08T01:36:28.621+0000] {processor.py:839} INFO - DAG(s) dict_keys(['ingestionDAG']) retrieved from /opt/airflow/dags/ingest_local_folder_dag.py
[2026-01-08T01:36:28.664+0000] {logging_mixin.py:151} INFO - [2026-01-08T01:36:28.664+0000] {dag.py:2915} INFO - Sync 1 DAGs
[2026-01-08T01:36:28.695+0000] {logging_mixin.py:151} INFO - [2026-01-08T01:36:28.695+0000] {dag.py:3696} INFO - Setting next_dagrun for ingestionDAG to 2026-01-08T01:35:58.695246+00:00, run_after=2026-01-08T01:36:28.695246+00:00
[2026-01-08T01:36:28.716+0000] {processor.py:179} INFO - Processing /opt/airflow/dags/ingest_local_folder_dag.py took 0.410 seconds
[2026-01-08T01:36:58.946+0000] {processor.py:157} INFO - Started process (PID=1902) to work on /opt/airflow/dags/ingest_local_folder_dag.py
[2026-01-08T01:36:58.949+0000] {processor.py:829} INFO - Processing file /opt/airflow/dags/ingest_local_folder_dag.py for tasks to queue
[2026-01-08T01:36:58.951+0000] {logging_mixin.py:151} INFO - [2026-01-08T01:36:58.950+0000] {dagbag.py:539} INFO - Filling up the DagBag from /opt/airflow/dags/ingest_local_folder_dag.py
[2026-01-08T01:36:59.231+0000] {processor.py:839} INFO - DAG(s) dict_keys(['ingestionDAG']) retrieved from /opt/airflow/dags/ingest_local_folder_dag.py
[2026-01-08T01:36:59.269+0000] {logging_mixin.py:151} INFO - [2026-01-08T01:36:59.269+0000] {dag.py:2915} INFO - Sync 1 DAGs
[2026-01-08T01:36:59.296+0000] {logging_mixin.py:151} INFO - [2026-01-08T01:36:59.295+0000] {dag.py:3696} INFO - Setting next_dagrun for ingestionDAG to 2026-01-08T01:36:29.295672+00:00, run_after=2026-01-08T01:36:59.295672+00:00
[2026-01-08T01:36:59.315+0000] {processor.py:179} INFO - Processing /opt/airflow/dags/ingest_local_folder_dag.py took 0.380 seconds
[2026-01-08T01:37:29.552+0000] {processor.py:157} INFO - Started process (PID=1913) to work on /opt/airflow/dags/ingest_local_folder_dag.py
[2026-01-08T01:37:29.554+0000] {processor.py:829} INFO - Processing file /opt/airflow/dags/ingest_local_folder_dag.py for tasks to queue
[2026-01-08T01:37:29.557+0000] {logging_mixin.py:151} INFO - [2026-01-08T01:37:29.556+0000] {dagbag.py:539} INFO - Filling up the DagBag from /opt/airflow/dags/ingest_local_folder_dag.py
[2026-01-08T01:37:29.839+0000] {processor.py:839} INFO - DAG(s) dict_keys(['ingestionDAG']) retrieved from /opt/airflow/dags/ingest_local_folder_dag.py
[2026-01-08T01:37:29.879+0000] {logging_mixin.py:151} INFO - [2026-01-08T01:37:29.878+0000] {dag.py:2915} INFO - Sync 1 DAGs
[2026-01-08T01:37:29.914+0000] {logging_mixin.py:151} INFO - [2026-01-08T01:37:29.914+0000] {dag.py:3696} INFO - Setting next_dagrun for ingestionDAG to 2026-01-08T01:36:59.914076+00:00, run_after=2026-01-08T01:37:29.914076+00:00
[2026-01-08T01:37:29.940+0000] {processor.py:179} INFO - Processing /opt/airflow/dags/ingest_local_folder_dag.py took 0.400 seconds
[2026-01-08T01:38:00.204+0000] {processor.py:157} INFO - Started process (PID=1924) to work on /opt/airflow/dags/ingest_local_folder_dag.py
[2026-01-08T01:38:00.206+0000] {processor.py:829} INFO - Processing file /opt/airflow/dags/ingest_local_folder_dag.py for tasks to queue
[2026-01-08T01:38:00.209+0000] {logging_mixin.py:151} INFO - [2026-01-08T01:38:00.208+0000] {dagbag.py:539} INFO - Filling up the DagBag from /opt/airflow/dags/ingest_local_folder_dag.py
[2026-01-08T01:38:00.494+0000] {processor.py:839} INFO - DAG(s) dict_keys(['ingestionDAG']) retrieved from /opt/airflow/dags/ingest_local_folder_dag.py
[2026-01-08T01:38:00.534+0000] {logging_mixin.py:151} INFO - [2026-01-08T01:38:00.534+0000] {dag.py:2915} INFO - Sync 1 DAGs
[2026-01-08T01:38:00.561+0000] {logging_mixin.py:151} INFO - [2026-01-08T01:38:00.561+0000] {dag.py:3696} INFO - Setting next_dagrun for ingestionDAG to 2026-01-08T01:37:30.561152+00:00, run_after=2026-01-08T01:38:00.561152+00:00
[2026-01-08T01:38:00.581+0000] {processor.py:179} INFO - Processing /opt/airflow/dags/ingest_local_folder_dag.py took 0.388 seconds
[2026-01-08T01:38:30.815+0000] {processor.py:157} INFO - Started process (PID=1935) to work on /opt/airflow/dags/ingest_local_folder_dag.py
[2026-01-08T01:38:30.817+0000] {processor.py:829} INFO - Processing file /opt/airflow/dags/ingest_local_folder_dag.py for tasks to queue
[2026-01-08T01:38:30.820+0000] {logging_mixin.py:151} INFO - [2026-01-08T01:38:30.819+0000] {dagbag.py:539} INFO - Filling up the DagBag from /opt/airflow/dags/ingest_local_folder_dag.py
[2026-01-08T01:38:31.114+0000] {processor.py:839} INFO - DAG(s) dict_keys(['ingestionDAG']) retrieved from /opt/airflow/dags/ingest_local_folder_dag.py
[2026-01-08T01:38:31.153+0000] {logging_mixin.py:151} INFO - [2026-01-08T01:38:31.153+0000] {dag.py:2915} INFO - Sync 1 DAGs
[2026-01-08T01:38:31.184+0000] {logging_mixin.py:151} INFO - [2026-01-08T01:38:31.183+0000] {dag.py:3696} INFO - Setting next_dagrun for ingestionDAG to 2026-01-08T01:38:01.183480+00:00, run_after=2026-01-08T01:38:31.183480+00:00
[2026-01-08T01:38:31.207+0000] {processor.py:179} INFO - Processing /opt/airflow/dags/ingest_local_folder_dag.py took 0.403 seconds
[2026-01-08T01:39:01.274+0000] {processor.py:157} INFO - Started process (PID=1946) to work on /opt/airflow/dags/ingest_local_folder_dag.py
[2026-01-08T01:39:01.276+0000] {processor.py:829} INFO - Processing file /opt/airflow/dags/ingest_local_folder_dag.py for tasks to queue
[2026-01-08T01:39:01.278+0000] {logging_mixin.py:151} INFO - [2026-01-08T01:39:01.277+0000] {dagbag.py:539} INFO - Filling up the DagBag from /opt/airflow/dags/ingest_local_folder_dag.py
[2026-01-08T01:39:01.555+0000] {processor.py:839} INFO - DAG(s) dict_keys(['ingestionDAG']) retrieved from /opt/airflow/dags/ingest_local_folder_dag.py
[2026-01-08T01:39:01.604+0000] {logging_mixin.py:151} INFO - [2026-01-08T01:39:01.603+0000] {dag.py:2915} INFO - Sync 1 DAGs
[2026-01-08T01:39:01.664+0000] {logging_mixin.py:151} INFO - [2026-01-08T01:39:01.664+0000] {dag.py:3696} INFO - Setting next_dagrun for ingestionDAG to 2026-01-08T01:38:31.663633+00:00, run_after=2026-01-08T01:39:01.663633+00:00
[2026-01-08T01:39:01.704+0000] {processor.py:179} INFO - Processing /opt/airflow/dags/ingest_local_folder_dag.py took 0.441 seconds
[2026-01-08T01:39:31.954+0000] {processor.py:157} INFO - Started process (PID=1957) to work on /opt/airflow/dags/ingest_local_folder_dag.py
[2026-01-08T01:39:31.956+0000] {processor.py:829} INFO - Processing file /opt/airflow/dags/ingest_local_folder_dag.py for tasks to queue
[2026-01-08T01:39:31.959+0000] {logging_mixin.py:151} INFO - [2026-01-08T01:39:31.957+0000] {dagbag.py:539} INFO - Filling up the DagBag from /opt/airflow/dags/ingest_local_folder_dag.py
[2026-01-08T01:39:32.221+0000] {processor.py:839} INFO - DAG(s) dict_keys(['ingestionDAG']) retrieved from /opt/airflow/dags/ingest_local_folder_dag.py
[2026-01-08T01:39:32.255+0000] {logging_mixin.py:151} INFO - [2026-01-08T01:39:32.255+0000] {dag.py:2915} INFO - Sync 1 DAGs
[2026-01-08T01:39:32.283+0000] {logging_mixin.py:151} INFO - [2026-01-08T01:39:32.282+0000] {dag.py:3696} INFO - Setting next_dagrun for ingestionDAG to 2026-01-08T01:39:02.282698+00:00, run_after=2026-01-08T01:39:32.282698+00:00
[2026-01-08T01:39:32.304+0000] {processor.py:179} INFO - Processing /opt/airflow/dags/ingest_local_folder_dag.py took 0.360 seconds
[2026-01-08T01:40:02.413+0000] {processor.py:157} INFO - Started process (PID=1968) to work on /opt/airflow/dags/ingest_local_folder_dag.py
[2026-01-08T01:40:02.415+0000] {processor.py:829} INFO - Processing file /opt/airflow/dags/ingest_local_folder_dag.py for tasks to queue
[2026-01-08T01:40:02.417+0000] {logging_mixin.py:151} INFO - [2026-01-08T01:40:02.416+0000] {dagbag.py:539} INFO - Filling up the DagBag from /opt/airflow/dags/ingest_local_folder_dag.py
[2026-01-08T01:40:02.704+0000] {processor.py:839} INFO - DAG(s) dict_keys(['ingestionDAG']) retrieved from /opt/airflow/dags/ingest_local_folder_dag.py
[2026-01-08T01:40:02.745+0000] {logging_mixin.py:151} INFO - [2026-01-08T01:40:02.744+0000] {dag.py:2915} INFO - Sync 1 DAGs
[2026-01-08T01:40:02.773+0000] {logging_mixin.py:151} INFO - [2026-01-08T01:40:02.773+0000] {dag.py:3696} INFO - Setting next_dagrun for ingestionDAG to 2026-01-08T01:39:32.772913+00:00, run_after=2026-01-08T01:40:02.772913+00:00
[2026-01-08T01:40:02.796+0000] {processor.py:179} INFO - Processing /opt/airflow/dags/ingest_local_folder_dag.py took 0.395 seconds
[2026-01-08T01:40:33.003+0000] {processor.py:157} INFO - Started process (PID=1979) to work on /opt/airflow/dags/ingest_local_folder_dag.py
[2026-01-08T01:40:33.006+0000] {processor.py:829} INFO - Processing file /opt/airflow/dags/ingest_local_folder_dag.py for tasks to queue
[2026-01-08T01:40:33.008+0000] {logging_mixin.py:151} INFO - [2026-01-08T01:40:33.007+0000] {dagbag.py:539} INFO - Filling up the DagBag from /opt/airflow/dags/ingest_local_folder_dag.py
[2026-01-08T01:40:33.330+0000] {processor.py:839} INFO - DAG(s) dict_keys(['ingestionDAG']) retrieved from /opt/airflow/dags/ingest_local_folder_dag.py
[2026-01-08T01:40:33.374+0000] {logging_mixin.py:151} INFO - [2026-01-08T01:40:33.374+0000] {dag.py:2915} INFO - Sync 1 DAGs
[2026-01-08T01:40:33.404+0000] {logging_mixin.py:151} INFO - [2026-01-08T01:40:33.404+0000] {dag.py:3696} INFO - Setting next_dagrun for ingestionDAG to 2026-01-08T01:40:03.404050+00:00, run_after=2026-01-08T01:40:33.404050+00:00
[2026-01-08T01:40:33.425+0000] {processor.py:179} INFO - Processing /opt/airflow/dags/ingest_local_folder_dag.py took 0.434 seconds
[2026-01-08T01:41:03.591+0000] {processor.py:157} INFO - Started process (PID=1990) to work on /opt/airflow/dags/ingest_local_folder_dag.py
[2026-01-08T01:41:03.594+0000] {processor.py:829} INFO - Processing file /opt/airflow/dags/ingest_local_folder_dag.py for tasks to queue
[2026-01-08T01:41:03.596+0000] {logging_mixin.py:151} INFO - [2026-01-08T01:41:03.595+0000] {dagbag.py:539} INFO - Filling up the DagBag from /opt/airflow/dags/ingest_local_folder_dag.py
[2026-01-08T01:41:03.862+0000] {processor.py:839} INFO - DAG(s) dict_keys(['ingestionDAG']) retrieved from /opt/airflow/dags/ingest_local_folder_dag.py
[2026-01-08T01:41:03.903+0000] {logging_mixin.py:151} INFO - [2026-01-08T01:41:03.903+0000] {dag.py:2915} INFO - Sync 1 DAGs
[2026-01-08T01:41:03.930+0000] {logging_mixin.py:151} INFO - [2026-01-08T01:41:03.930+0000] {dag.py:3696} INFO - Setting next_dagrun for ingestionDAG to 2026-01-08T01:40:33.930491+00:00, run_after=2026-01-08T01:41:03.930491+00:00
[2026-01-08T01:41:03.953+0000] {processor.py:179} INFO - Processing /opt/airflow/dags/ingest_local_folder_dag.py took 0.373 seconds
[2026-01-08T01:41:34.198+0000] {processor.py:157} INFO - Started process (PID=2001) to work on /opt/airflow/dags/ingest_local_folder_dag.py
[2026-01-08T01:41:34.201+0000] {processor.py:829} INFO - Processing file /opt/airflow/dags/ingest_local_folder_dag.py for tasks to queue
[2026-01-08T01:41:34.204+0000] {logging_mixin.py:151} INFO - [2026-01-08T01:41:34.202+0000] {dagbag.py:539} INFO - Filling up the DagBag from /opt/airflow/dags/ingest_local_folder_dag.py
[2026-01-08T01:41:34.491+0000] {processor.py:839} INFO - DAG(s) dict_keys(['ingestionDAG']) retrieved from /opt/airflow/dags/ingest_local_folder_dag.py
[2026-01-08T01:41:34.532+0000] {logging_mixin.py:151} INFO - [2026-01-08T01:41:34.531+0000] {dag.py:2915} INFO - Sync 1 DAGs
[2026-01-08T01:41:34.559+0000] {logging_mixin.py:151} INFO - [2026-01-08T01:41:34.559+0000] {dag.py:3696} INFO - Setting next_dagrun for ingestionDAG to 2026-01-08T01:41:04.559360+00:00, run_after=2026-01-08T01:41:34.559360+00:00
[2026-01-08T01:41:34.582+0000] {processor.py:179} INFO - Processing /opt/airflow/dags/ingest_local_folder_dag.py took 0.395 seconds
[2026-01-08T01:42:04.645+0000] {processor.py:157} INFO - Started process (PID=2012) to work on /opt/airflow/dags/ingest_local_folder_dag.py
[2026-01-08T01:42:04.648+0000] {processor.py:829} INFO - Processing file /opt/airflow/dags/ingest_local_folder_dag.py for tasks to queue
[2026-01-08T01:42:04.650+0000] {logging_mixin.py:151} INFO - [2026-01-08T01:42:04.649+0000] {dagbag.py:539} INFO - Filling up the DagBag from /opt/airflow/dags/ingest_local_folder_dag.py
[2026-01-08T01:42:04.935+0000] {processor.py:839} INFO - DAG(s) dict_keys(['ingestionDAG']) retrieved from /opt/airflow/dags/ingest_local_folder_dag.py
[2026-01-08T01:42:04.990+0000] {logging_mixin.py:151} INFO - [2026-01-08T01:42:04.990+0000] {dag.py:2915} INFO - Sync 1 DAGs
[2026-01-08T01:42:05.057+0000] {logging_mixin.py:151} INFO - [2026-01-08T01:42:05.056+0000] {dag.py:3696} INFO - Setting next_dagrun for ingestionDAG to 2026-01-08T01:41:35.056172+00:00, run_after=2026-01-08T01:42:05.056172+00:00
[2026-01-08T01:42:05.097+0000] {processor.py:179} INFO - Processing /opt/airflow/dags/ingest_local_folder_dag.py took 0.463 seconds
[2026-01-08T01:42:35.354+0000] {processor.py:157} INFO - Started process (PID=2023) to work on /opt/airflow/dags/ingest_local_folder_dag.py
[2026-01-08T01:42:35.356+0000] {processor.py:829} INFO - Processing file /opt/airflow/dags/ingest_local_folder_dag.py for tasks to queue
[2026-01-08T01:42:35.359+0000] {logging_mixin.py:151} INFO - [2026-01-08T01:42:35.358+0000] {dagbag.py:539} INFO - Filling up the DagBag from /opt/airflow/dags/ingest_local_folder_dag.py
[2026-01-08T01:42:35.646+0000] {processor.py:839} INFO - DAG(s) dict_keys(['ingestionDAG']) retrieved from /opt/airflow/dags/ingest_local_folder_dag.py
[2026-01-08T01:42:35.685+0000] {logging_mixin.py:151} INFO - [2026-01-08T01:42:35.684+0000] {dag.py:2915} INFO - Sync 1 DAGs
[2026-01-08T01:42:35.713+0000] {logging_mixin.py:151} INFO - [2026-01-08T01:42:35.712+0000] {dag.py:3696} INFO - Setting next_dagrun for ingestionDAG to 2026-01-08T01:42:05.712655+00:00, run_after=2026-01-08T01:42:35.712655+00:00
[2026-01-08T01:42:35.732+0000] {processor.py:179} INFO - Processing /opt/airflow/dags/ingest_local_folder_dag.py took 0.389 seconds
[2026-01-08T01:43:05.969+0000] {processor.py:157} INFO - Started process (PID=2034) to work on /opt/airflow/dags/ingest_local_folder_dag.py
[2026-01-08T01:43:05.971+0000] {processor.py:829} INFO - Processing file /opt/airflow/dags/ingest_local_folder_dag.py for tasks to queue
[2026-01-08T01:43:05.973+0000] {logging_mixin.py:151} INFO - [2026-01-08T01:43:05.972+0000] {dagbag.py:539} INFO - Filling up the DagBag from /opt/airflow/dags/ingest_local_folder_dag.py
[2026-01-08T01:43:06.258+0000] {processor.py:839} INFO - DAG(s) dict_keys(['ingestionDAG']) retrieved from /opt/airflow/dags/ingest_local_folder_dag.py
[2026-01-08T01:43:06.297+0000] {logging_mixin.py:151} INFO - [2026-01-08T01:43:06.297+0000] {dag.py:2915} INFO - Sync 1 DAGs
[2026-01-08T01:43:06.324+0000] {logging_mixin.py:151} INFO - [2026-01-08T01:43:06.324+0000] {dag.py:3696} INFO - Setting next_dagrun for ingestionDAG to 2026-01-08T01:42:36.324384+00:00, run_after=2026-01-08T01:43:06.324384+00:00
[2026-01-08T01:43:06.343+0000] {processor.py:179} INFO - Processing /opt/airflow/dags/ingest_local_folder_dag.py took 0.386 seconds
[2026-01-08T01:43:36.581+0000] {processor.py:157} INFO - Started process (PID=2045) to work on /opt/airflow/dags/ingest_local_folder_dag.py
[2026-01-08T01:43:36.584+0000] {processor.py:829} INFO - Processing file /opt/airflow/dags/ingest_local_folder_dag.py for tasks to queue
[2026-01-08T01:43:36.586+0000] {logging_mixin.py:151} INFO - [2026-01-08T01:43:36.585+0000] {dagbag.py:539} INFO - Filling up the DagBag from /opt/airflow/dags/ingest_local_folder_dag.py
[2026-01-08T01:43:36.867+0000] {processor.py:839} INFO - DAG(s) dict_keys(['ingestionDAG']) retrieved from /opt/airflow/dags/ingest_local_folder_dag.py
[2026-01-08T01:43:36.908+0000] {logging_mixin.py:151} INFO - [2026-01-08T01:43:36.907+0000] {dag.py:2915} INFO - Sync 1 DAGs
[2026-01-08T01:43:36.935+0000] {logging_mixin.py:151} INFO - [2026-01-08T01:43:36.934+0000] {dag.py:3696} INFO - Setting next_dagrun for ingestionDAG to 2026-01-08T01:43:06.934674+00:00, run_after=2026-01-08T01:43:36.934674+00:00
[2026-01-08T01:43:36.954+0000] {processor.py:179} INFO - Processing /opt/airflow/dags/ingest_local_folder_dag.py took 0.384 seconds
[2026-01-08T01:44:07.031+0000] {processor.py:157} INFO - Started process (PID=2056) to work on /opt/airflow/dags/ingest_local_folder_dag.py
[2026-01-08T01:44:07.033+0000] {processor.py:829} INFO - Processing file /opt/airflow/dags/ingest_local_folder_dag.py for tasks to queue
[2026-01-08T01:44:07.036+0000] {logging_mixin.py:151} INFO - [2026-01-08T01:44:07.035+0000] {dagbag.py:539} INFO - Filling up the DagBag from /opt/airflow/dags/ingest_local_folder_dag.py
[2026-01-08T01:44:07.317+0000] {processor.py:839} INFO - DAG(s) dict_keys(['ingestionDAG']) retrieved from /opt/airflow/dags/ingest_local_folder_dag.py
[2026-01-08T01:44:07.357+0000] {logging_mixin.py:151} INFO - [2026-01-08T01:44:07.357+0000] {dag.py:2915} INFO - Sync 1 DAGs
[2026-01-08T01:44:07.384+0000] {logging_mixin.py:151} INFO - [2026-01-08T01:44:07.384+0000] {dag.py:3696} INFO - Setting next_dagrun for ingestionDAG to 2026-01-08T01:43:37.384357+00:00, run_after=2026-01-08T01:44:07.384357+00:00
[2026-01-08T01:44:07.405+0000] {processor.py:179} INFO - Processing /opt/airflow/dags/ingest_local_folder_dag.py took 0.385 seconds
[2026-01-08T01:44:37.647+0000] {processor.py:157} INFO - Started process (PID=2067) to work on /opt/airflow/dags/ingest_local_folder_dag.py
[2026-01-08T01:44:37.650+0000] {processor.py:829} INFO - Processing file /opt/airflow/dags/ingest_local_folder_dag.py for tasks to queue
[2026-01-08T01:44:37.652+0000] {logging_mixin.py:151} INFO - [2026-01-08T01:44:37.651+0000] {dagbag.py:539} INFO - Filling up the DagBag from /opt/airflow/dags/ingest_local_folder_dag.py
[2026-01-08T01:44:37.937+0000] {processor.py:839} INFO - DAG(s) dict_keys(['ingestionDAG']) retrieved from /opt/airflow/dags/ingest_local_folder_dag.py
[2026-01-08T01:44:37.976+0000] {logging_mixin.py:151} INFO - [2026-01-08T01:44:37.976+0000] {dag.py:2915} INFO - Sync 1 DAGs
[2026-01-08T01:44:38.004+0000] {logging_mixin.py:151} INFO - [2026-01-08T01:44:38.004+0000] {dag.py:3696} INFO - Setting next_dagrun for ingestionDAG to 2026-01-08T01:44:08.003827+00:00, run_after=2026-01-08T01:44:38.003827+00:00
[2026-01-08T01:44:38.026+0000] {processor.py:179} INFO - Processing /opt/airflow/dags/ingest_local_folder_dag.py took 0.391 seconds
[2026-01-08T01:45:08.106+0000] {processor.py:157} INFO - Started process (PID=2078) to work on /opt/airflow/dags/ingest_local_folder_dag.py
[2026-01-08T01:45:08.108+0000] {processor.py:829} INFO - Processing file /opt/airflow/dags/ingest_local_folder_dag.py for tasks to queue
[2026-01-08T01:45:08.110+0000] {logging_mixin.py:151} INFO - [2026-01-08T01:45:08.109+0000] {dagbag.py:539} INFO - Filling up the DagBag from /opt/airflow/dags/ingest_local_folder_dag.py
[2026-01-08T01:45:08.394+0000] {processor.py:839} INFO - DAG(s) dict_keys(['ingestionDAG']) retrieved from /opt/airflow/dags/ingest_local_folder_dag.py
[2026-01-08T01:45:08.433+0000] {logging_mixin.py:151} INFO - [2026-01-08T01:45:08.433+0000] {dag.py:2915} INFO - Sync 1 DAGs
[2026-01-08T01:45:08.461+0000] {logging_mixin.py:151} INFO - [2026-01-08T01:45:08.461+0000] {dag.py:3696} INFO - Setting next_dagrun for ingestionDAG to 2026-01-08T01:44:38.461434+00:00, run_after=2026-01-08T01:45:08.461434+00:00
[2026-01-08T01:45:08.480+0000] {processor.py:179} INFO - Processing /opt/airflow/dags/ingest_local_folder_dag.py took 0.386 seconds
[2026-01-08T01:45:38.716+0000] {processor.py:157} INFO - Started process (PID=2089) to work on /opt/airflow/dags/ingest_local_folder_dag.py
[2026-01-08T01:45:38.719+0000] {processor.py:829} INFO - Processing file /opt/airflow/dags/ingest_local_folder_dag.py for tasks to queue
[2026-01-08T01:45:38.721+0000] {logging_mixin.py:151} INFO - [2026-01-08T01:45:38.720+0000] {dagbag.py:539} INFO - Filling up the DagBag from /opt/airflow/dags/ingest_local_folder_dag.py
[2026-01-08T01:45:39.006+0000] {processor.py:839} INFO - DAG(s) dict_keys(['ingestionDAG']) retrieved from /opt/airflow/dags/ingest_local_folder_dag.py
[2026-01-08T01:45:39.045+0000] {logging_mixin.py:151} INFO - [2026-01-08T01:45:39.044+0000] {dag.py:2915} INFO - Sync 1 DAGs
[2026-01-08T01:45:39.075+0000] {logging_mixin.py:151} INFO - [2026-01-08T01:45:39.075+0000] {dag.py:3696} INFO - Setting next_dagrun for ingestionDAG to 2026-01-08T01:45:09.074905+00:00, run_after=2026-01-08T01:45:39.074905+00:00
[2026-01-08T01:45:39.102+0000] {processor.py:179} INFO - Processing /opt/airflow/dags/ingest_local_folder_dag.py took 0.396 seconds
[2026-01-08T01:46:09.176+0000] {processor.py:157} INFO - Started process (PID=2100) to work on /opt/airflow/dags/ingest_local_folder_dag.py
[2026-01-08T01:46:09.178+0000] {processor.py:829} INFO - Processing file /opt/airflow/dags/ingest_local_folder_dag.py for tasks to queue
[2026-01-08T01:46:09.181+0000] {logging_mixin.py:151} INFO - [2026-01-08T01:46:09.180+0000] {dagbag.py:539} INFO - Filling up the DagBag from /opt/airflow/dags/ingest_local_folder_dag.py
[2026-01-08T01:46:09.459+0000] {processor.py:839} INFO - DAG(s) dict_keys(['ingestionDAG']) retrieved from /opt/airflow/dags/ingest_local_folder_dag.py
[2026-01-08T01:46:09.499+0000] {logging_mixin.py:151} INFO - [2026-01-08T01:46:09.498+0000] {dag.py:2915} INFO - Sync 1 DAGs
[2026-01-08T01:46:09.527+0000] {logging_mixin.py:151} INFO - [2026-01-08T01:46:09.526+0000] {dag.py:3696} INFO - Setting next_dagrun for ingestionDAG to 2026-01-08T01:45:39.526489+00:00, run_after=2026-01-08T01:46:09.526489+00:00
[2026-01-08T01:46:09.552+0000] {processor.py:179} INFO - Processing /opt/airflow/dags/ingest_local_folder_dag.py took 0.388 seconds
[2026-01-08T01:46:39.783+0000] {processor.py:157} INFO - Started process (PID=2111) to work on /opt/airflow/dags/ingest_local_folder_dag.py
[2026-01-08T01:46:39.786+0000] {processor.py:829} INFO - Processing file /opt/airflow/dags/ingest_local_folder_dag.py for tasks to queue
[2026-01-08T01:46:39.788+0000] {logging_mixin.py:151} INFO - [2026-01-08T01:46:39.787+0000] {dagbag.py:539} INFO - Filling up the DagBag from /opt/airflow/dags/ingest_local_folder_dag.py
[2026-01-08T01:46:40.071+0000] {processor.py:839} INFO - DAG(s) dict_keys(['ingestionDAG']) retrieved from /opt/airflow/dags/ingest_local_folder_dag.py
[2026-01-08T01:46:40.110+0000] {logging_mixin.py:151} INFO - [2026-01-08T01:46:40.109+0000] {dag.py:2915} INFO - Sync 1 DAGs
[2026-01-08T01:46:40.140+0000] {logging_mixin.py:151} INFO - [2026-01-08T01:46:40.139+0000] {dag.py:3696} INFO - Setting next_dagrun for ingestionDAG to 2026-01-08T01:46:10.139419+00:00, run_after=2026-01-08T01:46:40.139419+00:00
[2026-01-08T01:46:40.163+0000] {processor.py:179} INFO - Processing /opt/airflow/dags/ingest_local_folder_dag.py took 0.392 seconds
[2026-01-08T01:47:10.245+0000] {processor.py:157} INFO - Started process (PID=2122) to work on /opt/airflow/dags/ingest_local_folder_dag.py
[2026-01-08T01:47:10.247+0000] {processor.py:829} INFO - Processing file /opt/airflow/dags/ingest_local_folder_dag.py for tasks to queue
[2026-01-08T01:47:10.250+0000] {logging_mixin.py:151} INFO - [2026-01-08T01:47:10.249+0000] {dagbag.py:539} INFO - Filling up the DagBag from /opt/airflow/dags/ingest_local_folder_dag.py
[2026-01-08T01:47:10.535+0000] {processor.py:839} INFO - DAG(s) dict_keys(['ingestionDAG']) retrieved from /opt/airflow/dags/ingest_local_folder_dag.py
[2026-01-08T01:47:10.574+0000] {logging_mixin.py:151} INFO - [2026-01-08T01:47:10.573+0000] {dag.py:2915} INFO - Sync 1 DAGs
[2026-01-08T01:47:10.600+0000] {logging_mixin.py:151} INFO - [2026-01-08T01:47:10.600+0000] {dag.py:3696} INFO - Setting next_dagrun for ingestionDAG to 2026-01-08T01:46:40.600355+00:00, run_after=2026-01-08T01:47:10.600355+00:00
[2026-01-08T01:47:10.620+0000] {processor.py:179} INFO - Processing /opt/airflow/dags/ingest_local_folder_dag.py took 0.386 seconds
[2026-01-08T01:47:40.863+0000] {processor.py:157} INFO - Started process (PID=2133) to work on /opt/airflow/dags/ingest_local_folder_dag.py
[2026-01-08T01:47:40.866+0000] {processor.py:829} INFO - Processing file /opt/airflow/dags/ingest_local_folder_dag.py for tasks to queue
[2026-01-08T01:47:40.868+0000] {logging_mixin.py:151} INFO - [2026-01-08T01:47:40.867+0000] {dagbag.py:539} INFO - Filling up the DagBag from /opt/airflow/dags/ingest_local_folder_dag.py
[2026-01-08T01:47:41.145+0000] {processor.py:839} INFO - DAG(s) dict_keys(['ingestionDAG']) retrieved from /opt/airflow/dags/ingest_local_folder_dag.py
[2026-01-08T01:47:41.183+0000] {logging_mixin.py:151} INFO - [2026-01-08T01:47:41.183+0000] {dag.py:2915} INFO - Sync 1 DAGs
[2026-01-08T01:47:41.210+0000] {logging_mixin.py:151} INFO - [2026-01-08T01:47:41.210+0000] {dag.py:3696} INFO - Setting next_dagrun for ingestionDAG to 2026-01-08T01:47:11.210457+00:00, run_after=2026-01-08T01:47:41.210457+00:00
[2026-01-08T01:47:41.230+0000] {processor.py:179} INFO - Processing /opt/airflow/dags/ingest_local_folder_dag.py took 0.378 seconds
[2026-01-08T01:48:12.063+0000] {processor.py:157} INFO - Started process (PID=2144) to work on /opt/airflow/dags/ingest_local_folder_dag.py
[2026-01-08T01:48:12.065+0000] {processor.py:829} INFO - Processing file /opt/airflow/dags/ingest_local_folder_dag.py for tasks to queue
[2026-01-08T01:48:12.068+0000] {logging_mixin.py:151} INFO - [2026-01-08T01:48:12.067+0000] {dagbag.py:539} INFO - Filling up the DagBag from /opt/airflow/dags/ingest_local_folder_dag.py
[2026-01-08T01:48:12.344+0000] {processor.py:839} INFO - DAG(s) dict_keys(['ingestionDAG']) retrieved from /opt/airflow/dags/ingest_local_folder_dag.py
[2026-01-08T01:48:12.381+0000] {logging_mixin.py:151} INFO - [2026-01-08T01:48:12.381+0000] {dag.py:2915} INFO - Sync 1 DAGs
[2026-01-08T01:48:12.409+0000] {logging_mixin.py:151} INFO - [2026-01-08T01:48:12.409+0000] {dag.py:3696} INFO - Setting next_dagrun for ingestionDAG to 2026-01-08T01:47:42.409246+00:00, run_after=2026-01-08T01:48:12.409246+00:00
[2026-01-08T01:48:12.429+0000] {processor.py:179} INFO - Processing /opt/airflow/dags/ingest_local_folder_dag.py took 0.376 seconds
[2026-01-08T01:48:42.658+0000] {processor.py:157} INFO - Started process (PID=2155) to work on /opt/airflow/dags/ingest_local_folder_dag.py
[2026-01-08T01:48:42.660+0000] {processor.py:829} INFO - Processing file /opt/airflow/dags/ingest_local_folder_dag.py for tasks to queue
[2026-01-08T01:48:42.663+0000] {logging_mixin.py:151} INFO - [2026-01-08T01:48:42.662+0000] {dagbag.py:539} INFO - Filling up the DagBag from /opt/airflow/dags/ingest_local_folder_dag.py
[2026-01-08T01:48:42.946+0000] {processor.py:839} INFO - DAG(s) dict_keys(['ingestionDAG']) retrieved from /opt/airflow/dags/ingest_local_folder_dag.py
[2026-01-08T01:48:42.985+0000] {logging_mixin.py:151} INFO - [2026-01-08T01:48:42.985+0000] {dag.py:2915} INFO - Sync 1 DAGs
[2026-01-08T01:48:43.012+0000] {logging_mixin.py:151} INFO - [2026-01-08T01:48:43.012+0000] {dag.py:3696} INFO - Setting next_dagrun for ingestionDAG to 2026-01-08T01:48:13.011851+00:00, run_after=2026-01-08T01:48:43.011851+00:00
[2026-01-08T01:48:43.031+0000] {processor.py:179} INFO - Processing /opt/airflow/dags/ingest_local_folder_dag.py took 0.384 seconds
[2026-01-08T01:49:13.298+0000] {processor.py:157} INFO - Started process (PID=2166) to work on /opt/airflow/dags/ingest_local_folder_dag.py
[2026-01-08T01:49:13.300+0000] {processor.py:829} INFO - Processing file /opt/airflow/dags/ingest_local_folder_dag.py for tasks to queue
[2026-01-08T01:49:13.303+0000] {logging_mixin.py:151} INFO - [2026-01-08T01:49:13.302+0000] {dagbag.py:539} INFO - Filling up the DagBag from /opt/airflow/dags/ingest_local_folder_dag.py
[2026-01-08T01:49:13.584+0000] {processor.py:839} INFO - DAG(s) dict_keys(['ingestionDAG']) retrieved from /opt/airflow/dags/ingest_local_folder_dag.py
[2026-01-08T01:49:13.624+0000] {logging_mixin.py:151} INFO - [2026-01-08T01:49:13.624+0000] {dag.py:2915} INFO - Sync 1 DAGs
[2026-01-08T01:49:13.652+0000] {logging_mixin.py:151} INFO - [2026-01-08T01:49:13.652+0000] {dag.py:3696} INFO - Setting next_dagrun for ingestionDAG to 2026-01-08T01:48:43.651811+00:00, run_after=2026-01-08T01:49:13.651811+00:00
[2026-01-08T01:49:13.674+0000] {processor.py:179} INFO - Processing /opt/airflow/dags/ingest_local_folder_dag.py took 0.387 seconds
[2026-01-08T01:49:43.911+0000] {processor.py:157} INFO - Started process (PID=2177) to work on /opt/airflow/dags/ingest_local_folder_dag.py
[2026-01-08T01:49:43.913+0000] {processor.py:829} INFO - Processing file /opt/airflow/dags/ingest_local_folder_dag.py for tasks to queue
[2026-01-08T01:49:43.916+0000] {logging_mixin.py:151} INFO - [2026-01-08T01:49:43.915+0000] {dagbag.py:539} INFO - Filling up the DagBag from /opt/airflow/dags/ingest_local_folder_dag.py
[2026-01-08T01:49:44.207+0000] {processor.py:839} INFO - DAG(s) dict_keys(['ingestionDAG']) retrieved from /opt/airflow/dags/ingest_local_folder_dag.py
[2026-01-08T01:49:44.246+0000] {logging_mixin.py:151} INFO - [2026-01-08T01:49:44.245+0000] {dag.py:2915} INFO - Sync 1 DAGs
[2026-01-08T01:49:44.272+0000] {logging_mixin.py:151} INFO - [2026-01-08T01:49:44.272+0000] {dag.py:3696} INFO - Setting next_dagrun for ingestionDAG to 2026-01-08T01:49:14.272295+00:00, run_after=2026-01-08T01:49:44.272295+00:00
[2026-01-08T01:49:44.290+0000] {processor.py:179} INFO - Processing /opt/airflow/dags/ingest_local_folder_dag.py took 0.391 seconds
[2026-01-08T01:50:14.522+0000] {processor.py:157} INFO - Started process (PID=2188) to work on /opt/airflow/dags/ingest_local_folder_dag.py
[2026-01-08T01:50:14.525+0000] {processor.py:829} INFO - Processing file /opt/airflow/dags/ingest_local_folder_dag.py for tasks to queue
[2026-01-08T01:50:14.527+0000] {logging_mixin.py:151} INFO - [2026-01-08T01:50:14.526+0000] {dagbag.py:539} INFO - Filling up the DagBag from /opt/airflow/dags/ingest_local_folder_dag.py
[2026-01-08T01:50:14.816+0000] {processor.py:839} INFO - DAG(s) dict_keys(['ingestionDAG']) retrieved from /opt/airflow/dags/ingest_local_folder_dag.py
[2026-01-08T01:50:14.854+0000] {logging_mixin.py:151} INFO - [2026-01-08T01:50:14.853+0000] {dag.py:2915} INFO - Sync 1 DAGs
[2026-01-08T01:50:14.881+0000] {logging_mixin.py:151} INFO - [2026-01-08T01:50:14.880+0000] {dag.py:3696} INFO - Setting next_dagrun for ingestionDAG to 2026-01-08T01:49:44.880643+00:00, run_after=2026-01-08T01:50:14.880643+00:00
[2026-01-08T01:50:14.900+0000] {processor.py:179} INFO - Processing /opt/airflow/dags/ingest_local_folder_dag.py took 0.389 seconds
[2026-01-08T01:50:45.000+0000] {processor.py:157} INFO - Started process (PID=2199) to work on /opt/airflow/dags/ingest_local_folder_dag.py
[2026-01-08T01:50:45.003+0000] {processor.py:829} INFO - Processing file /opt/airflow/dags/ingest_local_folder_dag.py for tasks to queue
[2026-01-08T01:50:45.005+0000] {logging_mixin.py:151} INFO - [2026-01-08T01:50:45.004+0000] {dagbag.py:539} INFO - Filling up the DagBag from /opt/airflow/dags/ingest_local_folder_dag.py
[2026-01-08T01:50:45.281+0000] {processor.py:839} INFO - DAG(s) dict_keys(['ingestionDAG']) retrieved from /opt/airflow/dags/ingest_local_folder_dag.py
[2026-01-08T01:50:45.319+0000] {logging_mixin.py:151} INFO - [2026-01-08T01:50:45.319+0000] {dag.py:2915} INFO - Sync 1 DAGs
[2026-01-08T01:50:45.347+0000] {logging_mixin.py:151} INFO - [2026-01-08T01:50:45.347+0000] {dag.py:3696} INFO - Setting next_dagrun for ingestionDAG to 2026-01-08T01:50:15.347392+00:00, run_after=2026-01-08T01:50:45.347392+00:00
[2026-01-08T01:50:45.367+0000] {processor.py:179} INFO - Processing /opt/airflow/dags/ingest_local_folder_dag.py took 0.378 seconds
[2026-01-08T01:51:15.599+0000] {processor.py:157} INFO - Started process (PID=2210) to work on /opt/airflow/dags/ingest_local_folder_dag.py
[2026-01-08T01:51:15.602+0000] {processor.py:829} INFO - Processing file /opt/airflow/dags/ingest_local_folder_dag.py for tasks to queue
[2026-01-08T01:51:15.604+0000] {logging_mixin.py:151} INFO - [2026-01-08T01:51:15.603+0000] {dagbag.py:539} INFO - Filling up the DagBag from /opt/airflow/dags/ingest_local_folder_dag.py
[2026-01-08T01:51:15.891+0000] {processor.py:839} INFO - DAG(s) dict_keys(['ingestionDAG']) retrieved from /opt/airflow/dags/ingest_local_folder_dag.py
[2026-01-08T01:51:15.931+0000] {logging_mixin.py:151} INFO - [2026-01-08T01:51:15.931+0000] {dag.py:2915} INFO - Sync 1 DAGs
[2026-01-08T01:51:15.960+0000] {logging_mixin.py:151} INFO - [2026-01-08T01:51:15.960+0000] {dag.py:3696} INFO - Setting next_dagrun for ingestionDAG to 2026-01-08T01:50:45.960261+00:00, run_after=2026-01-08T01:51:15.960261+00:00
[2026-01-08T01:51:15.982+0000] {processor.py:179} INFO - Processing /opt/airflow/dags/ingest_local_folder_dag.py took 0.394 seconds
[2026-01-08T01:51:46.095+0000] {processor.py:157} INFO - Started process (PID=2221) to work on /opt/airflow/dags/ingest_local_folder_dag.py
[2026-01-08T01:51:46.097+0000] {processor.py:829} INFO - Processing file /opt/airflow/dags/ingest_local_folder_dag.py for tasks to queue
[2026-01-08T01:51:46.100+0000] {logging_mixin.py:151} INFO - [2026-01-08T01:51:46.098+0000] {dagbag.py:539} INFO - Filling up the DagBag from /opt/airflow/dags/ingest_local_folder_dag.py
[2026-01-08T01:51:46.377+0000] {processor.py:839} INFO - DAG(s) dict_keys(['ingestionDAG']) retrieved from /opt/airflow/dags/ingest_local_folder_dag.py
[2026-01-08T01:51:46.415+0000] {logging_mixin.py:151} INFO - [2026-01-08T01:51:46.415+0000] {dag.py:2915} INFO - Sync 1 DAGs
[2026-01-08T01:51:46.442+0000] {logging_mixin.py:151} INFO - [2026-01-08T01:51:46.442+0000] {dag.py:3696} INFO - Setting next_dagrun for ingestionDAG to 2026-01-08T01:51:16.441855+00:00, run_after=2026-01-08T01:51:46.441855+00:00
[2026-01-08T01:51:46.461+0000] {processor.py:179} INFO - Processing /opt/airflow/dags/ingest_local_folder_dag.py took 0.378 seconds
[2026-01-08T01:52:16.687+0000] {processor.py:157} INFO - Started process (PID=2232) to work on /opt/airflow/dags/ingest_local_folder_dag.py
[2026-01-08T01:52:16.690+0000] {processor.py:829} INFO - Processing file /opt/airflow/dags/ingest_local_folder_dag.py for tasks to queue
[2026-01-08T01:52:16.692+0000] {logging_mixin.py:151} INFO - [2026-01-08T01:52:16.691+0000] {dagbag.py:539} INFO - Filling up the DagBag from /opt/airflow/dags/ingest_local_folder_dag.py
[2026-01-08T01:52:16.979+0000] {processor.py:839} INFO - DAG(s) dict_keys(['ingestionDAG']) retrieved from /opt/airflow/dags/ingest_local_folder_dag.py
[2026-01-08T01:52:17.023+0000] {logging_mixin.py:151} INFO - [2026-01-08T01:52:17.023+0000] {dag.py:2915} INFO - Sync 1 DAGs
[2026-01-08T01:52:17.054+0000] {logging_mixin.py:151} INFO - [2026-01-08T01:52:17.053+0000] {dag.py:3696} INFO - Setting next_dagrun for ingestionDAG to 2026-01-08T01:51:47.053692+00:00, run_after=2026-01-08T01:52:17.053692+00:00
[2026-01-08T01:52:17.075+0000] {processor.py:179} INFO - Processing /opt/airflow/dags/ingest_local_folder_dag.py took 0.399 seconds
[2026-01-08T01:52:47.313+0000] {processor.py:157} INFO - Started process (PID=2243) to work on /opt/airflow/dags/ingest_local_folder_dag.py
[2026-01-08T01:52:47.316+0000] {processor.py:829} INFO - Processing file /opt/airflow/dags/ingest_local_folder_dag.py for tasks to queue
[2026-01-08T01:52:47.318+0000] {logging_mixin.py:151} INFO - [2026-01-08T01:52:47.317+0000] {dagbag.py:539} INFO - Filling up the DagBag from /opt/airflow/dags/ingest_local_folder_dag.py
[2026-01-08T01:52:47.620+0000] {processor.py:839} INFO - DAG(s) dict_keys(['ingestionDAG']) retrieved from /opt/airflow/dags/ingest_local_folder_dag.py
[2026-01-08T01:52:47.663+0000] {logging_mixin.py:151} INFO - [2026-01-08T01:52:47.663+0000] {dag.py:2915} INFO - Sync 1 DAGs
[2026-01-08T01:52:47.693+0000] {logging_mixin.py:151} INFO - [2026-01-08T01:52:47.693+0000] {dag.py:3696} INFO - Setting next_dagrun for ingestionDAG to 2026-01-08T01:52:17.692925+00:00, run_after=2026-01-08T01:52:47.692925+00:00
[2026-01-08T01:52:47.714+0000] {processor.py:179} INFO - Processing /opt/airflow/dags/ingest_local_folder_dag.py took 0.412 seconds
[2026-01-08T01:53:17.781+0000] {processor.py:157} INFO - Started process (PID=2254) to work on /opt/airflow/dags/ingest_local_folder_dag.py
[2026-01-08T01:53:17.783+0000] {processor.py:829} INFO - Processing file /opt/airflow/dags/ingest_local_folder_dag.py for tasks to queue
[2026-01-08T01:53:17.786+0000] {logging_mixin.py:151} INFO - [2026-01-08T01:53:17.785+0000] {dagbag.py:539} INFO - Filling up the DagBag from /opt/airflow/dags/ingest_local_folder_dag.py
[2026-01-08T01:53:18.133+0000] {processor.py:839} INFO - DAG(s) dict_keys(['ingestionDAG']) retrieved from /opt/airflow/dags/ingest_local_folder_dag.py
[2026-01-08T01:53:18.174+0000] {logging_mixin.py:151} INFO - [2026-01-08T01:53:18.174+0000] {dag.py:2915} INFO - Sync 1 DAGs
[2026-01-08T01:53:18.202+0000] {logging_mixin.py:151} INFO - [2026-01-08T01:53:18.202+0000] {dag.py:3696} INFO - Setting next_dagrun for ingestionDAG to 2026-01-08T01:52:48.202189+00:00, run_after=2026-01-08T01:53:18.202189+00:00
[2026-01-08T01:53:18.226+0000] {processor.py:179} INFO - Processing /opt/airflow/dags/ingest_local_folder_dag.py took 0.459 seconds
[2026-01-08T01:53:48.462+0000] {processor.py:157} INFO - Started process (PID=2265) to work on /opt/airflow/dags/ingest_local_folder_dag.py
[2026-01-08T01:53:48.464+0000] {processor.py:829} INFO - Processing file /opt/airflow/dags/ingest_local_folder_dag.py for tasks to queue
[2026-01-08T01:53:48.467+0000] {logging_mixin.py:151} INFO - [2026-01-08T01:53:48.465+0000] {dagbag.py:539} INFO - Filling up the DagBag from /opt/airflow/dags/ingest_local_folder_dag.py
[2026-01-08T01:53:48.744+0000] {processor.py:839} INFO - DAG(s) dict_keys(['ingestionDAG']) retrieved from /opt/airflow/dags/ingest_local_folder_dag.py
[2026-01-08T01:53:48.784+0000] {logging_mixin.py:151} INFO - [2026-01-08T01:53:48.783+0000] {dag.py:2915} INFO - Sync 1 DAGs
[2026-01-08T01:53:48.812+0000] {logging_mixin.py:151} INFO - [2026-01-08T01:53:48.811+0000] {dag.py:3696} INFO - Setting next_dagrun for ingestionDAG to 2026-01-08T01:53:18.811612+00:00, run_after=2026-01-08T01:53:48.811612+00:00
[2026-01-08T01:53:48.831+0000] {processor.py:179} INFO - Processing /opt/airflow/dags/ingest_local_folder_dag.py took 0.381 seconds
[2026-01-08T01:54:19.093+0000] {processor.py:157} INFO - Started process (PID=2276) to work on /opt/airflow/dags/ingest_local_folder_dag.py
[2026-01-08T01:54:19.095+0000] {processor.py:829} INFO - Processing file /opt/airflow/dags/ingest_local_folder_dag.py for tasks to queue
[2026-01-08T01:54:19.097+0000] {logging_mixin.py:151} INFO - [2026-01-08T01:54:19.096+0000] {dagbag.py:539} INFO - Filling up the DagBag from /opt/airflow/dags/ingest_local_folder_dag.py
[2026-01-08T01:54:19.385+0000] {processor.py:839} INFO - DAG(s) dict_keys(['ingestionDAG']) retrieved from /opt/airflow/dags/ingest_local_folder_dag.py
[2026-01-08T01:54:19.426+0000] {logging_mixin.py:151} INFO - [2026-01-08T01:54:19.426+0000] {dag.py:2915} INFO - Sync 1 DAGs
[2026-01-08T01:54:19.454+0000] {logging_mixin.py:151} INFO - [2026-01-08T01:54:19.453+0000] {dag.py:3696} INFO - Setting next_dagrun for ingestionDAG to 2026-01-08T01:53:49.453703+00:00, run_after=2026-01-08T01:54:19.453703+00:00
[2026-01-08T01:54:19.473+0000] {processor.py:179} INFO - Processing /opt/airflow/dags/ingest_local_folder_dag.py took 0.392 seconds
[2026-01-08T01:54:49.702+0000] {processor.py:157} INFO - Started process (PID=2287) to work on /opt/airflow/dags/ingest_local_folder_dag.py
[2026-01-08T01:54:49.704+0000] {processor.py:829} INFO - Processing file /opt/airflow/dags/ingest_local_folder_dag.py for tasks to queue
[2026-01-08T01:54:49.707+0000] {logging_mixin.py:151} INFO - [2026-01-08T01:54:49.706+0000] {dagbag.py:539} INFO - Filling up the DagBag from /opt/airflow/dags/ingest_local_folder_dag.py
[2026-01-08T01:54:49.985+0000] {processor.py:839} INFO - DAG(s) dict_keys(['ingestionDAG']) retrieved from /opt/airflow/dags/ingest_local_folder_dag.py
[2026-01-08T01:54:50.034+0000] {logging_mixin.py:151} INFO - [2026-01-08T01:54:50.033+0000] {dag.py:2915} INFO - Sync 1 DAGs
[2026-01-08T01:54:50.062+0000] {logging_mixin.py:151} INFO - [2026-01-08T01:54:50.062+0000] {dag.py:3696} INFO - Setting next_dagrun for ingestionDAG to 2026-01-08T01:54:20.062117+00:00, run_after=2026-01-08T01:54:50.062117+00:00
[2026-01-08T01:54:50.083+0000] {processor.py:179} INFO - Processing /opt/airflow/dags/ingest_local_folder_dag.py took 0.393 seconds
[2026-01-08T01:55:20.349+0000] {processor.py:157} INFO - Started process (PID=2298) to work on /opt/airflow/dags/ingest_local_folder_dag.py
[2026-01-08T01:55:20.352+0000] {processor.py:829} INFO - Processing file /opt/airflow/dags/ingest_local_folder_dag.py for tasks to queue
[2026-01-08T01:55:20.354+0000] {logging_mixin.py:151} INFO - [2026-01-08T01:55:20.353+0000] {dagbag.py:539} INFO - Filling up the DagBag from /opt/airflow/dags/ingest_local_folder_dag.py
[2026-01-08T01:55:20.626+0000] {processor.py:839} INFO - DAG(s) dict_keys(['ingestionDAG']) retrieved from /opt/airflow/dags/ingest_local_folder_dag.py
[2026-01-08T01:55:20.672+0000] {logging_mixin.py:151} INFO - [2026-01-08T01:55:20.671+0000] {dag.py:2915} INFO - Sync 1 DAGs
[2026-01-08T01:55:20.704+0000] {logging_mixin.py:151} INFO - [2026-01-08T01:55:20.704+0000] {dag.py:3696} INFO - Setting next_dagrun for ingestionDAG to 2026-01-08T01:54:50.704298+00:00, run_after=2026-01-08T01:55:20.704298+00:00
[2026-01-08T01:55:20.727+0000] {processor.py:179} INFO - Processing /opt/airflow/dags/ingest_local_folder_dag.py took 0.389 seconds
[2026-01-08T01:55:50.964+0000] {processor.py:157} INFO - Started process (PID=2309) to work on /opt/airflow/dags/ingest_local_folder_dag.py
[2026-01-08T01:55:50.966+0000] {processor.py:829} INFO - Processing file /opt/airflow/dags/ingest_local_folder_dag.py for tasks to queue
[2026-01-08T01:55:50.968+0000] {logging_mixin.py:151} INFO - [2026-01-08T01:55:50.967+0000] {dagbag.py:539} INFO - Filling up the DagBag from /opt/airflow/dags/ingest_local_folder_dag.py
[2026-01-08T01:55:51.251+0000] {processor.py:839} INFO - DAG(s) dict_keys(['ingestionDAG']) retrieved from /opt/airflow/dags/ingest_local_folder_dag.py
[2026-01-08T01:55:51.298+0000] {logging_mixin.py:151} INFO - [2026-01-08T01:55:51.297+0000] {dag.py:2915} INFO - Sync 1 DAGs
[2026-01-08T01:55:51.325+0000] {logging_mixin.py:151} INFO - [2026-01-08T01:55:51.325+0000] {dag.py:3696} INFO - Setting next_dagrun for ingestionDAG to 2026-01-08T01:55:21.325195+00:00, run_after=2026-01-08T01:55:51.325195+00:00
[2026-01-08T01:55:51.344+0000] {processor.py:179} INFO - Processing /opt/airflow/dags/ingest_local_folder_dag.py took 0.392 seconds
[2026-01-08T01:56:21.421+0000] {processor.py:157} INFO - Started process (PID=2321) to work on /opt/airflow/dags/ingest_local_folder_dag.py
[2026-01-08T01:56:21.423+0000] {processor.py:829} INFO - Processing file /opt/airflow/dags/ingest_local_folder_dag.py for tasks to queue
[2026-01-08T01:56:21.424+0000] {logging_mixin.py:151} INFO - [2026-01-08T01:56:21.423+0000] {dagbag.py:539} INFO - Filling up the DagBag from /opt/airflow/dags/ingest_local_folder_dag.py
[2026-01-08T01:56:21.651+0000] {processor.py:839} INFO - DAG(s) dict_keys(['ingestionDAG']) retrieved from /opt/airflow/dags/ingest_local_folder_dag.py
[2026-01-08T01:56:21.690+0000] {logging_mixin.py:151} INFO - [2026-01-08T01:56:21.690+0000] {dag.py:2915} INFO - Sync 1 DAGs
[2026-01-08T01:56:21.717+0000] {logging_mixin.py:151} INFO - [2026-01-08T01:56:21.717+0000] {dag.py:3696} INFO - Setting next_dagrun for ingestionDAG to 2026-01-08T01:55:51.716798+00:00, run_after=2026-01-08T01:56:21.716798+00:00
[2026-01-08T01:56:21.734+0000] {processor.py:179} INFO - Processing /opt/airflow/dags/ingest_local_folder_dag.py took 0.319 seconds
[2026-01-08T01:56:51.954+0000] {processor.py:157} INFO - Started process (PID=2332) to work on /opt/airflow/dags/ingest_local_folder_dag.py
[2026-01-08T01:56:51.956+0000] {processor.py:829} INFO - Processing file /opt/airflow/dags/ingest_local_folder_dag.py for tasks to queue
[2026-01-08T01:56:51.959+0000] {logging_mixin.py:151} INFO - [2026-01-08T01:56:51.958+0000] {dagbag.py:539} INFO - Filling up the DagBag from /opt/airflow/dags/ingest_local_folder_dag.py
[2026-01-08T01:56:52.243+0000] {processor.py:839} INFO - DAG(s) dict_keys(['ingestionDAG']) retrieved from /opt/airflow/dags/ingest_local_folder_dag.py
[2026-01-08T01:56:52.281+0000] {logging_mixin.py:151} INFO - [2026-01-08T01:56:52.280+0000] {dag.py:2915} INFO - Sync 1 DAGs
[2026-01-08T01:56:52.314+0000] {logging_mixin.py:151} INFO - [2026-01-08T01:56:52.314+0000] {dag.py:3696} INFO - Setting next_dagrun for ingestionDAG to 2026-01-08T01:56:22.313689+00:00, run_after=2026-01-08T01:56:52.313689+00:00
[2026-01-08T01:56:52.339+0000] {processor.py:179} INFO - Processing /opt/airflow/dags/ingest_local_folder_dag.py took 0.395 seconds
[2026-01-08T01:57:22.575+0000] {processor.py:157} INFO - Started process (PID=2343) to work on /opt/airflow/dags/ingest_local_folder_dag.py
[2026-01-08T01:57:22.577+0000] {processor.py:829} INFO - Processing file /opt/airflow/dags/ingest_local_folder_dag.py for tasks to queue
[2026-01-08T01:57:22.579+0000] {logging_mixin.py:151} INFO - [2026-01-08T01:57:22.578+0000] {dagbag.py:539} INFO - Filling up the DagBag from /opt/airflow/dags/ingest_local_folder_dag.py
[2026-01-08T01:57:22.852+0000] {processor.py:839} INFO - DAG(s) dict_keys(['ingestionDAG']) retrieved from /opt/airflow/dags/ingest_local_folder_dag.py
[2026-01-08T01:57:22.891+0000] {logging_mixin.py:151} INFO - [2026-01-08T01:57:22.891+0000] {dag.py:2915} INFO - Sync 1 DAGs
[2026-01-08T01:57:22.919+0000] {logging_mixin.py:151} INFO - [2026-01-08T01:57:22.919+0000] {dag.py:3696} INFO - Setting next_dagrun for ingestionDAG to 2026-01-08T01:56:52.918843+00:00, run_after=2026-01-08T01:57:22.918843+00:00
[2026-01-08T01:57:22.939+0000] {processor.py:179} INFO - Processing /opt/airflow/dags/ingest_local_folder_dag.py took 0.374 seconds
[2026-01-08T01:57:53.001+0000] {processor.py:157} INFO - Started process (PID=2354) to work on /opt/airflow/dags/ingest_local_folder_dag.py
[2026-01-08T01:57:53.003+0000] {processor.py:829} INFO - Processing file /opt/airflow/dags/ingest_local_folder_dag.py for tasks to queue
[2026-01-08T01:57:53.004+0000] {logging_mixin.py:151} INFO - [2026-01-08T01:57:53.004+0000] {dagbag.py:539} INFO - Filling up the DagBag from /opt/airflow/dags/ingest_local_folder_dag.py
[2026-01-08T01:57:53.263+0000] {processor.py:839} INFO - DAG(s) dict_keys(['ingestionDAG']) retrieved from /opt/airflow/dags/ingest_local_folder_dag.py
[2026-01-08T01:57:53.299+0000] {logging_mixin.py:151} INFO - [2026-01-08T01:57:53.299+0000] {dag.py:2915} INFO - Sync 1 DAGs
[2026-01-08T01:57:53.324+0000] {logging_mixin.py:151} INFO - [2026-01-08T01:57:53.323+0000] {dag.py:3696} INFO - Setting next_dagrun for ingestionDAG to 2026-01-08T01:57:23.323722+00:00, run_after=2026-01-08T01:57:53.323722+00:00
[2026-01-08T01:57:53.342+0000] {processor.py:179} INFO - Processing /opt/airflow/dags/ingest_local_folder_dag.py took 0.346 seconds
[2026-01-08T01:58:23.422+0000] {processor.py:157} INFO - Started process (PID=2362) to work on /opt/airflow/dags/ingest_local_folder_dag.py
[2026-01-08T01:58:23.424+0000] {processor.py:829} INFO - Processing file /opt/airflow/dags/ingest_local_folder_dag.py for tasks to queue
[2026-01-08T01:58:23.427+0000] {logging_mixin.py:151} INFO - [2026-01-08T01:58:23.426+0000] {dagbag.py:539} INFO - Filling up the DagBag from /opt/airflow/dags/ingest_local_folder_dag.py
[2026-01-08T01:58:23.714+0000] {processor.py:839} INFO - DAG(s) dict_keys(['ingestionDAG']) retrieved from /opt/airflow/dags/ingest_local_folder_dag.py
[2026-01-08T01:58:23.757+0000] {logging_mixin.py:151} INFO - [2026-01-08T01:58:23.757+0000] {dag.py:2915} INFO - Sync 1 DAGs
[2026-01-08T01:58:23.786+0000] {logging_mixin.py:151} INFO - [2026-01-08T01:58:23.786+0000] {dag.py:3696} INFO - Setting next_dagrun for ingestionDAG to 2026-01-08T01:57:53.785848+00:00, run_after=2026-01-08T01:58:23.785848+00:00
[2026-01-08T01:58:23.806+0000] {processor.py:179} INFO - Processing /opt/airflow/dags/ingest_local_folder_dag.py took 0.396 seconds
[2026-01-08T01:58:54.033+0000] {processor.py:157} INFO - Started process (PID=2370) to work on /opt/airflow/dags/ingest_local_folder_dag.py
[2026-01-08T01:58:54.035+0000] {processor.py:829} INFO - Processing file /opt/airflow/dags/ingest_local_folder_dag.py for tasks to queue
[2026-01-08T01:58:54.038+0000] {logging_mixin.py:151} INFO - [2026-01-08T01:58:54.037+0000] {dagbag.py:539} INFO - Filling up the DagBag from /opt/airflow/dags/ingest_local_folder_dag.py
[2026-01-08T01:58:54.325+0000] {processor.py:839} INFO - DAG(s) dict_keys(['ingestionDAG']) retrieved from /opt/airflow/dags/ingest_local_folder_dag.py
[2026-01-08T01:58:54.366+0000] {logging_mixin.py:151} INFO - [2026-01-08T01:58:54.366+0000] {dag.py:2915} INFO - Sync 1 DAGs
[2026-01-08T01:58:54.395+0000] {logging_mixin.py:151} INFO - [2026-01-08T01:58:54.395+0000] {dag.py:3696} INFO - Setting next_dagrun for ingestionDAG to 2026-01-08T01:58:24.395117+00:00, run_after=2026-01-08T01:58:54.395117+00:00
[2026-01-08T01:58:54.416+0000] {processor.py:179} INFO - Processing /opt/airflow/dags/ingest_local_folder_dag.py took 0.394 seconds
[2026-01-08T01:59:24.654+0000] {processor.py:157} INFO - Started process (PID=2381) to work on /opt/airflow/dags/ingest_local_folder_dag.py
[2026-01-08T01:59:24.656+0000] {processor.py:829} INFO - Processing file /opt/airflow/dags/ingest_local_folder_dag.py for tasks to queue
[2026-01-08T01:59:24.659+0000] {logging_mixin.py:151} INFO - [2026-01-08T01:59:24.657+0000] {dagbag.py:539} INFO - Filling up the DagBag from /opt/airflow/dags/ingest_local_folder_dag.py
[2026-01-08T01:59:24.955+0000] {processor.py:839} INFO - DAG(s) dict_keys(['ingestionDAG']) retrieved from /opt/airflow/dags/ingest_local_folder_dag.py
[2026-01-08T01:59:24.995+0000] {logging_mixin.py:151} INFO - [2026-01-08T01:59:24.995+0000] {dag.py:2915} INFO - Sync 1 DAGs
[2026-01-08T01:59:25.027+0000] {logging_mixin.py:151} INFO - [2026-01-08T01:59:25.027+0000] {dag.py:3696} INFO - Setting next_dagrun for ingestionDAG to 2026-01-08T01:58:55.027154+00:00, run_after=2026-01-08T01:59:25.027154+00:00
[2026-01-08T01:59:25.055+0000] {processor.py:179} INFO - Processing /opt/airflow/dags/ingest_local_folder_dag.py took 0.412 seconds
[2026-01-08T01:59:55.297+0000] {processor.py:157} INFO - Started process (PID=2392) to work on /opt/airflow/dags/ingest_local_folder_dag.py
[2026-01-08T01:59:55.300+0000] {processor.py:829} INFO - Processing file /opt/airflow/dags/ingest_local_folder_dag.py for tasks to queue
[2026-01-08T01:59:55.302+0000] {logging_mixin.py:151} INFO - [2026-01-08T01:59:55.301+0000] {dagbag.py:539} INFO - Filling up the DagBag from /opt/airflow/dags/ingest_local_folder_dag.py
[2026-01-08T01:59:55.588+0000] {processor.py:839} INFO - DAG(s) dict_keys(['ingestionDAG']) retrieved from /opt/airflow/dags/ingest_local_folder_dag.py
[2026-01-08T01:59:55.629+0000] {logging_mixin.py:151} INFO - [2026-01-08T01:59:55.629+0000] {dag.py:2915} INFO - Sync 1 DAGs
[2026-01-08T01:59:55.663+0000] {logging_mixin.py:151} INFO - [2026-01-08T01:59:55.663+0000] {dag.py:3696} INFO - Setting next_dagrun for ingestionDAG to 2026-01-08T01:59:25.662816+00:00, run_after=2026-01-08T01:59:55.662816+00:00
[2026-01-08T01:59:55.690+0000] {processor.py:179} INFO - Processing /opt/airflow/dags/ingest_local_folder_dag.py took 0.404 seconds
[2026-01-08T02:00:25.933+0000] {processor.py:157} INFO - Started process (PID=2403) to work on /opt/airflow/dags/ingest_local_folder_dag.py
[2026-01-08T02:00:25.935+0000] {processor.py:829} INFO - Processing file /opt/airflow/dags/ingest_local_folder_dag.py for tasks to queue
[2026-01-08T02:00:25.938+0000] {logging_mixin.py:151} INFO - [2026-01-08T02:00:25.937+0000] {dagbag.py:539} INFO - Filling up the DagBag from /opt/airflow/dags/ingest_local_folder_dag.py
[2026-01-08T02:00:26.232+0000] {processor.py:839} INFO - DAG(s) dict_keys(['ingestionDAG']) retrieved from /opt/airflow/dags/ingest_local_folder_dag.py
[2026-01-08T02:00:26.273+0000] {logging_mixin.py:151} INFO - [2026-01-08T02:00:26.272+0000] {dag.py:2915} INFO - Sync 1 DAGs
[2026-01-08T02:00:26.299+0000] {logging_mixin.py:151} INFO - [2026-01-08T02:00:26.299+0000] {dag.py:3696} INFO - Setting next_dagrun for ingestionDAG to 2026-01-08T01:59:56.299465+00:00, run_after=2026-01-08T02:00:26.299465+00:00
[2026-01-08T02:00:26.319+0000] {processor.py:179} INFO - Processing /opt/airflow/dags/ingest_local_folder_dag.py took 0.397 seconds
[2026-01-08T02:00:56.549+0000] {processor.py:157} INFO - Started process (PID=2414) to work on /opt/airflow/dags/ingest_local_folder_dag.py
[2026-01-08T02:00:56.551+0000] {processor.py:829} INFO - Processing file /opt/airflow/dags/ingest_local_folder_dag.py for tasks to queue
[2026-01-08T02:00:56.554+0000] {logging_mixin.py:151} INFO - [2026-01-08T02:00:56.553+0000] {dagbag.py:539} INFO - Filling up the DagBag from /opt/airflow/dags/ingest_local_folder_dag.py
[2026-01-08T02:00:56.836+0000] {processor.py:839} INFO - DAG(s) dict_keys(['ingestionDAG']) retrieved from /opt/airflow/dags/ingest_local_folder_dag.py
[2026-01-08T02:00:56.876+0000] {logging_mixin.py:151} INFO - [2026-01-08T02:00:56.876+0000] {dag.py:2915} INFO - Sync 1 DAGs
[2026-01-08T02:00:56.903+0000] {logging_mixin.py:151} INFO - [2026-01-08T02:00:56.903+0000] {dag.py:3696} INFO - Setting next_dagrun for ingestionDAG to 2026-01-08T02:00:26.903296+00:00, run_after=2026-01-08T02:00:56.903296+00:00
[2026-01-08T02:00:56.929+0000] {processor.py:179} INFO - Processing /opt/airflow/dags/ingest_local_folder_dag.py took 0.392 seconds
[2026-01-08T02:01:27.000+0000] {processor.py:157} INFO - Started process (PID=2425) to work on /opt/airflow/dags/ingest_local_folder_dag.py
[2026-01-08T02:01:27.002+0000] {processor.py:829} INFO - Processing file /opt/airflow/dags/ingest_local_folder_dag.py for tasks to queue
[2026-01-08T02:01:27.005+0000] {logging_mixin.py:151} INFO - [2026-01-08T02:01:27.003+0000] {dagbag.py:539} INFO - Filling up the DagBag from /opt/airflow/dags/ingest_local_folder_dag.py
[2026-01-08T02:01:27.295+0000] {processor.py:839} INFO - DAG(s) dict_keys(['ingestionDAG']) retrieved from /opt/airflow/dags/ingest_local_folder_dag.py
[2026-01-08T02:01:27.333+0000] {logging_mixin.py:151} INFO - [2026-01-08T02:01:27.333+0000] {dag.py:2915} INFO - Sync 1 DAGs
[2026-01-08T02:01:27.359+0000] {logging_mixin.py:151} INFO - [2026-01-08T02:01:27.359+0000] {dag.py:3696} INFO - Setting next_dagrun for ingestionDAG to 2026-01-08T02:00:57.359472+00:00, run_after=2026-01-08T02:01:27.359472+00:00
[2026-01-08T02:01:27.380+0000] {processor.py:179} INFO - Processing /opt/airflow/dags/ingest_local_folder_dag.py took 0.392 seconds
[2026-01-08T02:01:57.609+0000] {processor.py:157} INFO - Started process (PID=2436) to work on /opt/airflow/dags/ingest_local_folder_dag.py
[2026-01-08T02:01:57.612+0000] {processor.py:829} INFO - Processing file /opt/airflow/dags/ingest_local_folder_dag.py for tasks to queue
[2026-01-08T02:01:57.614+0000] {logging_mixin.py:151} INFO - [2026-01-08T02:01:57.613+0000] {dagbag.py:539} INFO - Filling up the DagBag from /opt/airflow/dags/ingest_local_folder_dag.py
[2026-01-08T02:01:57.901+0000] {processor.py:839} INFO - DAG(s) dict_keys(['ingestionDAG']) retrieved from /opt/airflow/dags/ingest_local_folder_dag.py
[2026-01-08T02:01:57.941+0000] {logging_mixin.py:151} INFO - [2026-01-08T02:01:57.941+0000] {dag.py:2915} INFO - Sync 1 DAGs
[2026-01-08T02:01:57.969+0000] {logging_mixin.py:151} INFO - [2026-01-08T02:01:57.969+0000] {dag.py:3696} INFO - Setting next_dagrun for ingestionDAG to 2026-01-08T02:01:27.969212+00:00, run_after=2026-01-08T02:01:57.969212+00:00
[2026-01-08T02:01:57.989+0000] {processor.py:179} INFO - Processing /opt/airflow/dags/ingest_local_folder_dag.py took 0.391 seconds
[2026-01-08T02:02:28.815+0000] {processor.py:157} INFO - Started process (PID=2447) to work on /opt/airflow/dags/ingest_local_folder_dag.py
[2026-01-08T02:02:28.818+0000] {processor.py:829} INFO - Processing file /opt/airflow/dags/ingest_local_folder_dag.py for tasks to queue
[2026-01-08T02:02:28.820+0000] {logging_mixin.py:151} INFO - [2026-01-08T02:02:28.819+0000] {dagbag.py:539} INFO - Filling up the DagBag from /opt/airflow/dags/ingest_local_folder_dag.py
[2026-01-08T02:02:29.114+0000] {processor.py:839} INFO - DAG(s) dict_keys(['ingestionDAG']) retrieved from /opt/airflow/dags/ingest_local_folder_dag.py
[2026-01-08T02:02:29.152+0000] {logging_mixin.py:151} INFO - [2026-01-08T02:02:29.152+0000] {dag.py:2915} INFO - Sync 1 DAGs
[2026-01-08T02:02:29.180+0000] {logging_mixin.py:151} INFO - [2026-01-08T02:02:29.179+0000] {dag.py:3696} INFO - Setting next_dagrun for ingestionDAG to 2026-01-08T02:01:59.179576+00:00, run_after=2026-01-08T02:02:29.179576+00:00
[2026-01-08T02:02:29.198+0000] {processor.py:179} INFO - Processing /opt/airflow/dags/ingest_local_folder_dag.py took 0.394 seconds
[2026-01-08T02:02:59.426+0000] {processor.py:157} INFO - Started process (PID=2458) to work on /opt/airflow/dags/ingest_local_folder_dag.py
[2026-01-08T02:02:59.428+0000] {processor.py:829} INFO - Processing file /opt/airflow/dags/ingest_local_folder_dag.py for tasks to queue
[2026-01-08T02:02:59.431+0000] {logging_mixin.py:151} INFO - [2026-01-08T02:02:59.430+0000] {dagbag.py:539} INFO - Filling up the DagBag from /opt/airflow/dags/ingest_local_folder_dag.py
[2026-01-08T02:02:59.725+0000] {processor.py:839} INFO - DAG(s) dict_keys(['ingestionDAG']) retrieved from /opt/airflow/dags/ingest_local_folder_dag.py
[2026-01-08T02:02:59.765+0000] {logging_mixin.py:151} INFO - [2026-01-08T02:02:59.765+0000] {dag.py:2915} INFO - Sync 1 DAGs
[2026-01-08T02:02:59.799+0000] {logging_mixin.py:151} INFO - [2026-01-08T02:02:59.799+0000] {dag.py:3696} INFO - Setting next_dagrun for ingestionDAG to 2026-01-08T02:02:29.798752+00:00, run_after=2026-01-08T02:02:59.798752+00:00
[2026-01-08T02:02:59.828+0000] {processor.py:179} INFO - Processing /opt/airflow/dags/ingest_local_folder_dag.py took 0.413 seconds
[2026-01-08T02:03:29.912+0000] {processor.py:157} INFO - Started process (PID=2469) to work on /opt/airflow/dags/ingest_local_folder_dag.py
[2026-01-08T02:03:29.915+0000] {processor.py:829} INFO - Processing file /opt/airflow/dags/ingest_local_folder_dag.py for tasks to queue
[2026-01-08T02:03:29.917+0000] {logging_mixin.py:151} INFO - [2026-01-08T02:03:29.916+0000] {dagbag.py:539} INFO - Filling up the DagBag from /opt/airflow/dags/ingest_local_folder_dag.py
[2026-01-08T02:03:30.205+0000] {processor.py:839} INFO - DAG(s) dict_keys(['ingestionDAG']) retrieved from /opt/airflow/dags/ingest_local_folder_dag.py
[2026-01-08T02:03:30.245+0000] {logging_mixin.py:151} INFO - [2026-01-08T02:03:30.244+0000] {dag.py:2915} INFO - Sync 1 DAGs
[2026-01-08T02:03:30.278+0000] {logging_mixin.py:151} INFO - [2026-01-08T02:03:30.278+0000] {dag.py:3696} INFO - Setting next_dagrun for ingestionDAG to 2026-01-08T02:03:00.278114+00:00, run_after=2026-01-08T02:03:30.278114+00:00
[2026-01-08T02:03:30.304+0000] {processor.py:179} INFO - Processing /opt/airflow/dags/ingest_local_folder_dag.py took 0.403 seconds
[2026-01-08T02:04:00.541+0000] {processor.py:157} INFO - Started process (PID=2480) to work on /opt/airflow/dags/ingest_local_folder_dag.py
[2026-01-08T02:04:00.544+0000] {processor.py:829} INFO - Processing file /opt/airflow/dags/ingest_local_folder_dag.py for tasks to queue
[2026-01-08T02:04:00.546+0000] {logging_mixin.py:151} INFO - [2026-01-08T02:04:00.545+0000] {dagbag.py:539} INFO - Filling up the DagBag from /opt/airflow/dags/ingest_local_folder_dag.py
[2026-01-08T02:04:00.823+0000] {processor.py:839} INFO - DAG(s) dict_keys(['ingestionDAG']) retrieved from /opt/airflow/dags/ingest_local_folder_dag.py
[2026-01-08T02:04:00.863+0000] {logging_mixin.py:151} INFO - [2026-01-08T02:04:00.862+0000] {dag.py:2915} INFO - Sync 1 DAGs
[2026-01-08T02:04:00.896+0000] {logging_mixin.py:151} INFO - [2026-01-08T02:04:00.896+0000] {dag.py:3696} INFO - Setting next_dagrun for ingestionDAG to 2026-01-08T02:03:30.896238+00:00, run_after=2026-01-08T02:04:00.896238+00:00
[2026-01-08T02:04:00.923+0000] {processor.py:179} INFO - Processing /opt/airflow/dags/ingest_local_folder_dag.py took 0.393 seconds
[2026-01-08T02:04:31.011+0000] {processor.py:157} INFO - Started process (PID=2491) to work on /opt/airflow/dags/ingest_local_folder_dag.py
[2026-01-08T02:04:31.013+0000] {processor.py:829} INFO - Processing file /opt/airflow/dags/ingest_local_folder_dag.py for tasks to queue
[2026-01-08T02:04:31.016+0000] {logging_mixin.py:151} INFO - [2026-01-08T02:04:31.015+0000] {dagbag.py:539} INFO - Filling up the DagBag from /opt/airflow/dags/ingest_local_folder_dag.py
[2026-01-08T02:04:31.311+0000] {processor.py:839} INFO - DAG(s) dict_keys(['ingestionDAG']) retrieved from /opt/airflow/dags/ingest_local_folder_dag.py
[2026-01-08T02:04:31.349+0000] {logging_mixin.py:151} INFO - [2026-01-08T02:04:31.349+0000] {dag.py:2915} INFO - Sync 1 DAGs
[2026-01-08T02:04:31.376+0000] {logging_mixin.py:151} INFO - [2026-01-08T02:04:31.376+0000] {dag.py:3696} INFO - Setting next_dagrun for ingestionDAG to 2026-01-08T02:04:01.375779+00:00, run_after=2026-01-08T02:04:31.375779+00:00
[2026-01-08T02:04:31.394+0000] {processor.py:179} INFO - Processing /opt/airflow/dags/ingest_local_folder_dag.py took 0.394 seconds
[2026-01-08T02:05:01.624+0000] {processor.py:157} INFO - Started process (PID=2502) to work on /opt/airflow/dags/ingest_local_folder_dag.py
[2026-01-08T02:05:01.626+0000] {processor.py:829} INFO - Processing file /opt/airflow/dags/ingest_local_folder_dag.py for tasks to queue
[2026-01-08T02:05:01.629+0000] {logging_mixin.py:151} INFO - [2026-01-08T02:05:01.628+0000] {dagbag.py:539} INFO - Filling up the DagBag from /opt/airflow/dags/ingest_local_folder_dag.py
[2026-01-08T02:05:01.915+0000] {processor.py:839} INFO - DAG(s) dict_keys(['ingestionDAG']) retrieved from /opt/airflow/dags/ingest_local_folder_dag.py
[2026-01-08T02:05:01.953+0000] {logging_mixin.py:151} INFO - [2026-01-08T02:05:01.953+0000] {dag.py:2915} INFO - Sync 1 DAGs
[2026-01-08T02:05:01.981+0000] {logging_mixin.py:151} INFO - [2026-01-08T02:05:01.981+0000] {dag.py:3696} INFO - Setting next_dagrun for ingestionDAG to 2026-01-08T02:04:31.981234+00:00, run_after=2026-01-08T02:05:01.981234+00:00
[2026-01-08T02:05:01.999+0000] {processor.py:179} INFO - Processing /opt/airflow/dags/ingest_local_folder_dag.py took 0.387 seconds
[2026-01-08T02:05:32.067+0000] {processor.py:157} INFO - Started process (PID=2513) to work on /opt/airflow/dags/ingest_local_folder_dag.py
[2026-01-08T02:05:32.069+0000] {processor.py:829} INFO - Processing file /opt/airflow/dags/ingest_local_folder_dag.py for tasks to queue
[2026-01-08T02:05:32.072+0000] {logging_mixin.py:151} INFO - [2026-01-08T02:05:32.071+0000] {dagbag.py:539} INFO - Filling up the DagBag from /opt/airflow/dags/ingest_local_folder_dag.py
[2026-01-08T02:05:32.369+0000] {processor.py:839} INFO - DAG(s) dict_keys(['ingestionDAG']) retrieved from /opt/airflow/dags/ingest_local_folder_dag.py
[2026-01-08T02:05:32.409+0000] {logging_mixin.py:151} INFO - [2026-01-08T02:05:32.409+0000] {dag.py:2915} INFO - Sync 1 DAGs
[2026-01-08T02:05:32.436+0000] {logging_mixin.py:151} INFO - [2026-01-08T02:05:32.436+0000] {dag.py:3696} INFO - Setting next_dagrun for ingestionDAG to 2026-01-08T02:05:02.436001+00:00, run_after=2026-01-08T02:05:32.436001+00:00
[2026-01-08T02:05:32.456+0000] {processor.py:179} INFO - Processing /opt/airflow/dags/ingest_local_folder_dag.py took 0.400 seconds
[2026-01-08T02:06:02.687+0000] {processor.py:157} INFO - Started process (PID=2524) to work on /opt/airflow/dags/ingest_local_folder_dag.py
[2026-01-08T02:06:02.690+0000] {processor.py:829} INFO - Processing file /opt/airflow/dags/ingest_local_folder_dag.py for tasks to queue
[2026-01-08T02:06:02.692+0000] {logging_mixin.py:151} INFO - [2026-01-08T02:06:02.691+0000] {dagbag.py:539} INFO - Filling up the DagBag from /opt/airflow/dags/ingest_local_folder_dag.py
[2026-01-08T02:06:02.982+0000] {processor.py:839} INFO - DAG(s) dict_keys(['ingestionDAG']) retrieved from /opt/airflow/dags/ingest_local_folder_dag.py
[2026-01-08T02:06:03.023+0000] {logging_mixin.py:151} INFO - [2026-01-08T02:06:03.022+0000] {dag.py:2915} INFO - Sync 1 DAGs
[2026-01-08T02:06:03.049+0000] {logging_mixin.py:151} INFO - [2026-01-08T02:06:03.049+0000] {dag.py:3696} INFO - Setting next_dagrun for ingestionDAG to 2026-01-08T02:05:33.049482+00:00, run_after=2026-01-08T02:06:03.049482+00:00
[2026-01-08T02:06:03.070+0000] {processor.py:179} INFO - Processing /opt/airflow/dags/ingest_local_folder_dag.py took 0.394 seconds
[2026-01-08T02:06:33.142+0000] {processor.py:157} INFO - Started process (PID=2535) to work on /opt/airflow/dags/ingest_local_folder_dag.py
[2026-01-08T02:06:33.144+0000] {processor.py:829} INFO - Processing file /opt/airflow/dags/ingest_local_folder_dag.py for tasks to queue
[2026-01-08T02:06:33.146+0000] {logging_mixin.py:151} INFO - [2026-01-08T02:06:33.145+0000] {dagbag.py:539} INFO - Filling up the DagBag from /opt/airflow/dags/ingest_local_folder_dag.py
[2026-01-08T02:06:33.445+0000] {processor.py:839} INFO - DAG(s) dict_keys(['ingestionDAG']) retrieved from /opt/airflow/dags/ingest_local_folder_dag.py
[2026-01-08T02:06:33.485+0000] {logging_mixin.py:151} INFO - [2026-01-08T02:06:33.484+0000] {dag.py:2915} INFO - Sync 1 DAGs
[2026-01-08T02:06:33.512+0000] {logging_mixin.py:151} INFO - [2026-01-08T02:06:33.511+0000] {dag.py:3696} INFO - Setting next_dagrun for ingestionDAG to 2026-01-08T02:06:03.511609+00:00, run_after=2026-01-08T02:06:33.511609+00:00
[2026-01-08T02:06:33.530+0000] {processor.py:179} INFO - Processing /opt/airflow/dags/ingest_local_folder_dag.py took 0.400 seconds
[2026-01-08T02:07:03.768+0000] {processor.py:157} INFO - Started process (PID=2546) to work on /opt/airflow/dags/ingest_local_folder_dag.py
[2026-01-08T02:07:03.770+0000] {processor.py:829} INFO - Processing file /opt/airflow/dags/ingest_local_folder_dag.py for tasks to queue
[2026-01-08T02:07:03.773+0000] {logging_mixin.py:151} INFO - [2026-01-08T02:07:03.772+0000] {dagbag.py:539} INFO - Filling up the DagBag from /opt/airflow/dags/ingest_local_folder_dag.py
[2026-01-08T02:07:04.061+0000] {processor.py:839} INFO - DAG(s) dict_keys(['ingestionDAG']) retrieved from /opt/airflow/dags/ingest_local_folder_dag.py
[2026-01-08T02:07:04.100+0000] {logging_mixin.py:151} INFO - [2026-01-08T02:07:04.100+0000] {dag.py:2915} INFO - Sync 1 DAGs
[2026-01-08T02:07:04.130+0000] {logging_mixin.py:151} INFO - [2026-01-08T02:07:04.129+0000] {dag.py:3696} INFO - Setting next_dagrun for ingestionDAG to 2026-01-08T02:06:34.129468+00:00, run_after=2026-01-08T02:07:04.129468+00:00
[2026-01-08T02:07:04.155+0000] {processor.py:179} INFO - Processing /opt/airflow/dags/ingest_local_folder_dag.py took 0.398 seconds
[2026-01-08T02:07:34.390+0000] {processor.py:157} INFO - Started process (PID=2557) to work on /opt/airflow/dags/ingest_local_folder_dag.py
[2026-01-08T02:07:34.393+0000] {processor.py:829} INFO - Processing file /opt/airflow/dags/ingest_local_folder_dag.py for tasks to queue
[2026-01-08T02:07:34.395+0000] {logging_mixin.py:151} INFO - [2026-01-08T02:07:34.394+0000] {dagbag.py:539} INFO - Filling up the DagBag from /opt/airflow/dags/ingest_local_folder_dag.py
[2026-01-08T02:07:34.679+0000] {processor.py:839} INFO - DAG(s) dict_keys(['ingestionDAG']) retrieved from /opt/airflow/dags/ingest_local_folder_dag.py
[2026-01-08T02:07:34.718+0000] {logging_mixin.py:151} INFO - [2026-01-08T02:07:34.717+0000] {dag.py:2915} INFO - Sync 1 DAGs
[2026-01-08T02:07:34.745+0000] {logging_mixin.py:151} INFO - [2026-01-08T02:07:34.745+0000] {dag.py:3696} INFO - Setting next_dagrun for ingestionDAG to 2026-01-08T02:07:04.745433+00:00, run_after=2026-01-08T02:07:34.745433+00:00
[2026-01-08T02:07:34.765+0000] {processor.py:179} INFO - Processing /opt/airflow/dags/ingest_local_folder_dag.py took 0.386 seconds
[2026-01-08T02:08:04.997+0000] {processor.py:157} INFO - Started process (PID=2568) to work on /opt/airflow/dags/ingest_local_folder_dag.py
[2026-01-08T02:08:05.000+0000] {processor.py:829} INFO - Processing file /opt/airflow/dags/ingest_local_folder_dag.py for tasks to queue
[2026-01-08T02:08:05.003+0000] {logging_mixin.py:151} INFO - [2026-01-08T02:08:05.001+0000] {dagbag.py:539} INFO - Filling up the DagBag from /opt/airflow/dags/ingest_local_folder_dag.py
[2026-01-08T02:08:05.293+0000] {processor.py:839} INFO - DAG(s) dict_keys(['ingestionDAG']) retrieved from /opt/airflow/dags/ingest_local_folder_dag.py
[2026-01-08T02:08:05.331+0000] {logging_mixin.py:151} INFO - [2026-01-08T02:08:05.331+0000] {dag.py:2915} INFO - Sync 1 DAGs
[2026-01-08T02:08:05.359+0000] {logging_mixin.py:151} INFO - [2026-01-08T02:08:05.359+0000] {dag.py:3696} INFO - Setting next_dagrun for ingestionDAG to 2026-01-08T02:07:35.359236+00:00, run_after=2026-01-08T02:08:05.359236+00:00
[2026-01-08T02:08:05.378+0000] {processor.py:179} INFO - Processing /opt/airflow/dags/ingest_local_folder_dag.py took 0.392 seconds
[2026-01-08T04:51:35.449+0000] {processor.py:157} INFO - Started process (PID=2582) to work on /opt/airflow/dags/ingest_local_folder_dag.py
[2026-01-08T04:51:35.492+0000] {processor.py:829} INFO - Processing file /opt/airflow/dags/ingest_local_folder_dag.py for tasks to queue
[2026-01-08T04:51:35.497+0000] {logging_mixin.py:151} INFO - [2026-01-08T04:51:35.494+0000] {dagbag.py:539} INFO - Filling up the DagBag from /opt/airflow/dags/ingest_local_folder_dag.py
[2026-01-08T04:51:37.895+0000] {processor.py:839} INFO - DAG(s) dict_keys(['ingestionDAG']) retrieved from /opt/airflow/dags/ingest_local_folder_dag.py
[2026-01-08T04:51:37.951+0000] {logging_mixin.py:151} INFO - [2026-01-08T04:51:37.950+0000] {dag.py:2915} INFO - Sync 1 DAGs
[2026-01-08T04:51:37.979+0000] {logging_mixin.py:151} INFO - [2026-01-08T04:51:37.979+0000] {dag.py:3696} INFO - Setting next_dagrun for ingestionDAG to 2026-01-08T04:51:07.978947+00:00, run_after=2026-01-08T04:51:37.978947+00:00
[2026-01-08T04:51:38.000+0000] {processor.py:179} INFO - Processing /opt/airflow/dags/ingest_local_folder_dag.py took 2.565 seconds
[2026-01-08T04:52:08.222+0000] {processor.py:157} INFO - Started process (PID=2596) to work on /opt/airflow/dags/ingest_local_folder_dag.py
[2026-01-08T04:52:08.224+0000] {processor.py:829} INFO - Processing file /opt/airflow/dags/ingest_local_folder_dag.py for tasks to queue
[2026-01-08T04:52:08.226+0000] {logging_mixin.py:151} INFO - [2026-01-08T04:52:08.225+0000] {dagbag.py:539} INFO - Filling up the DagBag from /opt/airflow/dags/ingest_local_folder_dag.py
[2026-01-08T04:52:08.523+0000] {processor.py:839} INFO - DAG(s) dict_keys(['ingestionDAG']) retrieved from /opt/airflow/dags/ingest_local_folder_dag.py
[2026-01-08T04:52:08.565+0000] {logging_mixin.py:151} INFO - [2026-01-08T04:52:08.565+0000] {dag.py:2915} INFO - Sync 1 DAGs
[2026-01-08T04:52:08.594+0000] {logging_mixin.py:151} INFO - [2026-01-08T04:52:08.594+0000] {dag.py:3696} INFO - Setting next_dagrun for ingestionDAG to 2026-01-08T04:51:38.594256+00:00, run_after=2026-01-08T04:52:08.594256+00:00
[2026-01-08T04:52:08.615+0000] {processor.py:179} INFO - Processing /opt/airflow/dags/ingest_local_folder_dag.py took 0.405 seconds
[2026-01-08T04:52:38.825+0000] {processor.py:157} INFO - Started process (PID=2607) to work on /opt/airflow/dags/ingest_local_folder_dag.py
[2026-01-08T04:52:38.826+0000] {processor.py:829} INFO - Processing file /opt/airflow/dags/ingest_local_folder_dag.py for tasks to queue
[2026-01-08T04:52:38.827+0000] {logging_mixin.py:151} INFO - [2026-01-08T04:52:38.826+0000] {dagbag.py:539} INFO - Filling up the DagBag from /opt/airflow/dags/ingest_local_folder_dag.py
[2026-01-08T04:52:39.060+0000] {processor.py:839} INFO - DAG(s) dict_keys(['ingestionDAG']) retrieved from /opt/airflow/dags/ingest_local_folder_dag.py
[2026-01-08T04:52:39.099+0000] {logging_mixin.py:151} INFO - [2026-01-08T04:52:39.099+0000] {dag.py:2915} INFO - Sync 1 DAGs
[2026-01-08T04:52:39.124+0000] {logging_mixin.py:151} INFO - [2026-01-08T04:52:39.124+0000] {dag.py:3696} INFO - Setting next_dagrun for ingestionDAG to 2026-01-08T04:52:09.124490+00:00, run_after=2026-01-08T04:52:39.124490+00:00
[2026-01-08T04:52:39.144+0000] {processor.py:179} INFO - Processing /opt/airflow/dags/ingest_local_folder_dag.py took 0.324 seconds
[2026-01-08T04:53:09.370+0000] {processor.py:157} INFO - Started process (PID=2618) to work on /opt/airflow/dags/ingest_local_folder_dag.py
[2026-01-08T04:53:09.372+0000] {processor.py:829} INFO - Processing file /opt/airflow/dags/ingest_local_folder_dag.py for tasks to queue
[2026-01-08T04:53:09.375+0000] {logging_mixin.py:151} INFO - [2026-01-08T04:53:09.374+0000] {dagbag.py:539} INFO - Filling up the DagBag from /opt/airflow/dags/ingest_local_folder_dag.py
[2026-01-08T04:53:09.668+0000] {processor.py:839} INFO - DAG(s) dict_keys(['ingestionDAG']) retrieved from /opt/airflow/dags/ingest_local_folder_dag.py
[2026-01-08T04:53:09.707+0000] {logging_mixin.py:151} INFO - [2026-01-08T04:53:09.707+0000] {dag.py:2915} INFO - Sync 1 DAGs
[2026-01-08T04:53:09.734+0000] {logging_mixin.py:151} INFO - [2026-01-08T04:53:09.734+0000] {dag.py:3696} INFO - Setting next_dagrun for ingestionDAG to 2026-01-08T04:52:39.733964+00:00, run_after=2026-01-08T04:53:09.733964+00:00
[2026-01-08T04:53:09.753+0000] {processor.py:179} INFO - Processing /opt/airflow/dags/ingest_local_folder_dag.py took 0.395 seconds
[2026-01-08T04:53:39.829+0000] {processor.py:157} INFO - Started process (PID=2629) to work on /opt/airflow/dags/ingest_local_folder_dag.py
[2026-01-08T04:53:39.832+0000] {processor.py:829} INFO - Processing file /opt/airflow/dags/ingest_local_folder_dag.py for tasks to queue
[2026-01-08T04:53:39.834+0000] {logging_mixin.py:151} INFO - [2026-01-08T04:53:39.833+0000] {dagbag.py:539} INFO - Filling up the DagBag from /opt/airflow/dags/ingest_local_folder_dag.py
[2026-01-08T04:53:40.120+0000] {processor.py:839} INFO - DAG(s) dict_keys(['ingestionDAG']) retrieved from /opt/airflow/dags/ingest_local_folder_dag.py
[2026-01-08T04:53:40.158+0000] {logging_mixin.py:151} INFO - [2026-01-08T04:53:40.158+0000] {dag.py:2915} INFO - Sync 1 DAGs
[2026-01-08T04:53:40.188+0000] {logging_mixin.py:151} INFO - [2026-01-08T04:53:40.188+0000] {dag.py:3696} INFO - Setting next_dagrun for ingestionDAG to 2026-01-08T04:53:10.188251+00:00, run_after=2026-01-08T04:53:40.188251+00:00
[2026-01-08T04:53:40.211+0000] {processor.py:179} INFO - Processing /opt/airflow/dags/ingest_local_folder_dag.py took 0.392 seconds
[2026-01-08T04:54:10.451+0000] {processor.py:157} INFO - Started process (PID=2640) to work on /opt/airflow/dags/ingest_local_folder_dag.py
[2026-01-08T04:54:10.453+0000] {processor.py:829} INFO - Processing file /opt/airflow/dags/ingest_local_folder_dag.py for tasks to queue
[2026-01-08T04:54:10.456+0000] {logging_mixin.py:151} INFO - [2026-01-08T04:54:10.455+0000] {dagbag.py:539} INFO - Filling up the DagBag from /opt/airflow/dags/ingest_local_folder_dag.py
[2026-01-08T04:54:10.753+0000] {processor.py:839} INFO - DAG(s) dict_keys(['ingestionDAG']) retrieved from /opt/airflow/dags/ingest_local_folder_dag.py
[2026-01-08T04:54:10.793+0000] {logging_mixin.py:151} INFO - [2026-01-08T04:54:10.793+0000] {dag.py:2915} INFO - Sync 1 DAGs
[2026-01-08T04:54:10.823+0000] {logging_mixin.py:151} INFO - [2026-01-08T04:54:10.823+0000] {dag.py:3696} INFO - Setting next_dagrun for ingestionDAG to 2026-01-08T04:53:40.822725+00:00, run_after=2026-01-08T04:54:10.822725+00:00
[2026-01-08T04:54:10.846+0000] {processor.py:179} INFO - Processing /opt/airflow/dags/ingest_local_folder_dag.py took 0.407 seconds
[2026-01-08T04:54:41.091+0000] {processor.py:157} INFO - Started process (PID=2651) to work on /opt/airflow/dags/ingest_local_folder_dag.py
[2026-01-08T04:54:41.093+0000] {processor.py:829} INFO - Processing file /opt/airflow/dags/ingest_local_folder_dag.py for tasks to queue
[2026-01-08T04:54:41.096+0000] {logging_mixin.py:151} INFO - [2026-01-08T04:54:41.095+0000] {dagbag.py:539} INFO - Filling up the DagBag from /opt/airflow/dags/ingest_local_folder_dag.py
[2026-01-08T04:54:41.383+0000] {processor.py:839} INFO - DAG(s) dict_keys(['ingestionDAG']) retrieved from /opt/airflow/dags/ingest_local_folder_dag.py
[2026-01-08T04:54:41.422+0000] {logging_mixin.py:151} INFO - [2026-01-08T04:54:41.422+0000] {dag.py:2915} INFO - Sync 1 DAGs
[2026-01-08T04:54:41.449+0000] {logging_mixin.py:151} INFO - [2026-01-08T04:54:41.449+0000] {dag.py:3696} INFO - Setting next_dagrun for ingestionDAG to 2026-01-08T04:54:11.448974+00:00, run_after=2026-01-08T04:54:41.448974+00:00
[2026-01-08T04:54:41.468+0000] {processor.py:179} INFO - Processing /opt/airflow/dags/ingest_local_folder_dag.py took 0.388 seconds
[2026-01-08T04:55:11.715+0000] {processor.py:157} INFO - Started process (PID=2662) to work on /opt/airflow/dags/ingest_local_folder_dag.py
[2026-01-08T04:55:11.717+0000] {processor.py:829} INFO - Processing file /opt/airflow/dags/ingest_local_folder_dag.py for tasks to queue
[2026-01-08T04:55:11.720+0000] {logging_mixin.py:151} INFO - [2026-01-08T04:55:11.718+0000] {dagbag.py:539} INFO - Filling up the DagBag from /opt/airflow/dags/ingest_local_folder_dag.py
[2026-01-08T04:55:12.011+0000] {processor.py:839} INFO - DAG(s) dict_keys(['ingestionDAG']) retrieved from /opt/airflow/dags/ingest_local_folder_dag.py
[2026-01-08T04:55:12.051+0000] {logging_mixin.py:151} INFO - [2026-01-08T04:55:12.051+0000] {dag.py:2915} INFO - Sync 1 DAGs
[2026-01-08T04:55:12.078+0000] {logging_mixin.py:151} INFO - [2026-01-08T04:55:12.078+0000] {dag.py:3696} INFO - Setting next_dagrun for ingestionDAG to 2026-01-08T04:54:42.077915+00:00, run_after=2026-01-08T04:55:12.077915+00:00
[2026-01-08T04:55:12.096+0000] {processor.py:179} INFO - Processing /opt/airflow/dags/ingest_local_folder_dag.py took 0.393 seconds
[2026-01-08T04:55:42.335+0000] {processor.py:157} INFO - Started process (PID=2673) to work on /opt/airflow/dags/ingest_local_folder_dag.py
[2026-01-08T04:55:42.337+0000] {processor.py:829} INFO - Processing file /opt/airflow/dags/ingest_local_folder_dag.py for tasks to queue
[2026-01-08T04:55:42.339+0000] {logging_mixin.py:151} INFO - [2026-01-08T04:55:42.338+0000] {dagbag.py:539} INFO - Filling up the DagBag from /opt/airflow/dags/ingest_local_folder_dag.py
[2026-01-08T04:55:42.633+0000] {processor.py:839} INFO - DAG(s) dict_keys(['ingestionDAG']) retrieved from /opt/airflow/dags/ingest_local_folder_dag.py
[2026-01-08T04:55:42.673+0000] {logging_mixin.py:151} INFO - [2026-01-08T04:55:42.673+0000] {dag.py:2915} INFO - Sync 1 DAGs
[2026-01-08T04:55:42.700+0000] {logging_mixin.py:151} INFO - [2026-01-08T04:55:42.699+0000] {dag.py:3696} INFO - Setting next_dagrun for ingestionDAG to 2026-01-08T04:55:12.699677+00:00, run_after=2026-01-08T04:55:42.699677+00:00
[2026-01-08T04:55:42.718+0000] {processor.py:179} INFO - Processing /opt/airflow/dags/ingest_local_folder_dag.py took 0.394 seconds
[2026-01-08T04:56:12.939+0000] {processor.py:157} INFO - Started process (PID=2684) to work on /opt/airflow/dags/ingest_local_folder_dag.py
[2026-01-08T04:56:12.941+0000] {processor.py:829} INFO - Processing file /opt/airflow/dags/ingest_local_folder_dag.py for tasks to queue
[2026-01-08T04:56:12.944+0000] {logging_mixin.py:151} INFO - [2026-01-08T04:56:12.943+0000] {dagbag.py:539} INFO - Filling up the DagBag from /opt/airflow/dags/ingest_local_folder_dag.py
[2026-01-08T04:56:13.252+0000] {processor.py:839} INFO - DAG(s) dict_keys(['ingestionDAG']) retrieved from /opt/airflow/dags/ingest_local_folder_dag.py
[2026-01-08T04:56:13.295+0000] {logging_mixin.py:151} INFO - [2026-01-08T04:56:13.294+0000] {dag.py:2915} INFO - Sync 1 DAGs
[2026-01-08T04:56:13.324+0000] {logging_mixin.py:151} INFO - [2026-01-08T04:56:13.324+0000] {dag.py:3696} INFO - Setting next_dagrun for ingestionDAG to 2026-01-08T04:55:43.323967+00:00, run_after=2026-01-08T04:56:13.323967+00:00
[2026-01-08T04:56:13.346+0000] {processor.py:179} INFO - Processing /opt/airflow/dags/ingest_local_folder_dag.py took 0.419 seconds
[2026-01-08T04:56:43.414+0000] {processor.py:157} INFO - Started process (PID=2695) to work on /opt/airflow/dags/ingest_local_folder_dag.py
[2026-01-08T04:56:43.416+0000] {processor.py:829} INFO - Processing file /opt/airflow/dags/ingest_local_folder_dag.py for tasks to queue
[2026-01-08T04:56:43.419+0000] {logging_mixin.py:151} INFO - [2026-01-08T04:56:43.418+0000] {dagbag.py:539} INFO - Filling up the DagBag from /opt/airflow/dags/ingest_local_folder_dag.py
[2026-01-08T04:56:43.700+0000] {processor.py:839} INFO - DAG(s) dict_keys(['ingestionDAG']) retrieved from /opt/airflow/dags/ingest_local_folder_dag.py
[2026-01-08T04:56:43.738+0000] {logging_mixin.py:151} INFO - [2026-01-08T04:56:43.738+0000] {dag.py:2915} INFO - Sync 1 DAGs
[2026-01-08T04:56:43.767+0000] {logging_mixin.py:151} INFO - [2026-01-08T04:56:43.767+0000] {dag.py:3696} INFO - Setting next_dagrun for ingestionDAG to 2026-01-08T04:56:13.766817+00:00, run_after=2026-01-08T04:56:43.766817+00:00
[2026-01-08T04:56:43.786+0000] {processor.py:179} INFO - Processing /opt/airflow/dags/ingest_local_folder_dag.py took 0.384 seconds
[2026-01-08T04:57:14.012+0000] {processor.py:157} INFO - Started process (PID=2706) to work on /opt/airflow/dags/ingest_local_folder_dag.py
[2026-01-08T04:57:14.015+0000] {processor.py:829} INFO - Processing file /opt/airflow/dags/ingest_local_folder_dag.py for tasks to queue
[2026-01-08T04:57:14.017+0000] {logging_mixin.py:151} INFO - [2026-01-08T04:57:14.016+0000] {dagbag.py:539} INFO - Filling up the DagBag from /opt/airflow/dags/ingest_local_folder_dag.py
[2026-01-08T04:57:14.317+0000] {processor.py:839} INFO - DAG(s) dict_keys(['ingestionDAG']) retrieved from /opt/airflow/dags/ingest_local_folder_dag.py
[2026-01-08T04:57:14.363+0000] {logging_mixin.py:151} INFO - [2026-01-08T04:57:14.363+0000] {dag.py:2915} INFO - Sync 1 DAGs
[2026-01-08T04:57:14.392+0000] {logging_mixin.py:151} INFO - [2026-01-08T04:57:14.392+0000] {dag.py:3696} INFO - Setting next_dagrun for ingestionDAG to 2026-01-08T04:56:44.392445+00:00, run_after=2026-01-08T04:57:14.392445+00:00
[2026-01-08T04:57:14.412+0000] {processor.py:179} INFO - Processing /opt/airflow/dags/ingest_local_folder_dag.py took 0.411 seconds
[2026-01-08T04:57:44.475+0000] {processor.py:157} INFO - Started process (PID=2717) to work on /opt/airflow/dags/ingest_local_folder_dag.py
[2026-01-08T04:57:44.477+0000] {processor.py:829} INFO - Processing file /opt/airflow/dags/ingest_local_folder_dag.py for tasks to queue
[2026-01-08T04:57:44.479+0000] {logging_mixin.py:151} INFO - [2026-01-08T04:57:44.478+0000] {dagbag.py:539} INFO - Filling up the DagBag from /opt/airflow/dags/ingest_local_folder_dag.py
[2026-01-08T04:57:44.764+0000] {processor.py:839} INFO - DAG(s) dict_keys(['ingestionDAG']) retrieved from /opt/airflow/dags/ingest_local_folder_dag.py
[2026-01-08T04:57:44.805+0000] {logging_mixin.py:151} INFO - [2026-01-08T04:57:44.805+0000] {dag.py:2915} INFO - Sync 1 DAGs
[2026-01-08T04:57:44.834+0000] {logging_mixin.py:151} INFO - [2026-01-08T04:57:44.833+0000] {dag.py:3696} INFO - Setting next_dagrun for ingestionDAG to 2026-01-08T04:57:14.833522+00:00, run_after=2026-01-08T04:57:44.833522+00:00
[2026-01-08T04:57:44.853+0000] {processor.py:179} INFO - Processing /opt/airflow/dags/ingest_local_folder_dag.py took 0.391 seconds
[2026-01-08T04:58:15.091+0000] {processor.py:157} INFO - Started process (PID=2728) to work on /opt/airflow/dags/ingest_local_folder_dag.py
[2026-01-08T04:58:15.094+0000] {processor.py:829} INFO - Processing file /opt/airflow/dags/ingest_local_folder_dag.py for tasks to queue
[2026-01-08T04:58:15.096+0000] {logging_mixin.py:151} INFO - [2026-01-08T04:58:15.095+0000] {dagbag.py:539} INFO - Filling up the DagBag from /opt/airflow/dags/ingest_local_folder_dag.py
[2026-01-08T04:58:15.414+0000] {processor.py:839} INFO - DAG(s) dict_keys(['ingestionDAG']) retrieved from /opt/airflow/dags/ingest_local_folder_dag.py
[2026-01-08T04:58:15.455+0000] {logging_mixin.py:151} INFO - [2026-01-08T04:58:15.455+0000] {dag.py:2915} INFO - Sync 1 DAGs
[2026-01-08T04:58:15.486+0000] {logging_mixin.py:151} INFO - [2026-01-08T04:58:15.486+0000] {dag.py:3696} INFO - Setting next_dagrun for ingestionDAG to 2026-01-08T04:57:45.486456+00:00, run_after=2026-01-08T04:58:15.486456+00:00
[2026-01-08T04:58:15.508+0000] {processor.py:179} INFO - Processing /opt/airflow/dags/ingest_local_folder_dag.py took 0.429 seconds
[2026-01-08T04:58:45.607+0000] {processor.py:157} INFO - Started process (PID=2739) to work on /opt/airflow/dags/ingest_local_folder_dag.py
[2026-01-08T04:58:45.609+0000] {processor.py:829} INFO - Processing file /opt/airflow/dags/ingest_local_folder_dag.py for tasks to queue
[2026-01-08T04:58:45.611+0000] {logging_mixin.py:151} INFO - [2026-01-08T04:58:45.610+0000] {dagbag.py:539} INFO - Filling up the DagBag from /opt/airflow/dags/ingest_local_folder_dag.py
[2026-01-08T04:58:45.887+0000] {processor.py:839} INFO - DAG(s) dict_keys(['ingestionDAG']) retrieved from /opt/airflow/dags/ingest_local_folder_dag.py
[2026-01-08T04:58:45.926+0000] {logging_mixin.py:151} INFO - [2026-01-08T04:58:45.926+0000] {dag.py:2915} INFO - Sync 1 DAGs
[2026-01-08T04:58:45.956+0000] {logging_mixin.py:151} INFO - [2026-01-08T04:58:45.955+0000] {dag.py:3696} INFO - Setting next_dagrun for ingestionDAG to 2026-01-08T04:58:15.955505+00:00, run_after=2026-01-08T04:58:45.955505+00:00
[2026-01-08T04:58:45.977+0000] {processor.py:179} INFO - Processing /opt/airflow/dags/ingest_local_folder_dag.py took 0.382 seconds
[2026-01-08T04:59:16.219+0000] {processor.py:157} INFO - Started process (PID=2750) to work on /opt/airflow/dags/ingest_local_folder_dag.py
[2026-01-08T04:59:16.222+0000] {processor.py:829} INFO - Processing file /opt/airflow/dags/ingest_local_folder_dag.py for tasks to queue
[2026-01-08T04:59:16.224+0000] {logging_mixin.py:151} INFO - [2026-01-08T04:59:16.223+0000] {dagbag.py:539} INFO - Filling up the DagBag from /opt/airflow/dags/ingest_local_folder_dag.py
[2026-01-08T04:59:16.497+0000] {processor.py:839} INFO - DAG(s) dict_keys(['ingestionDAG']) retrieved from /opt/airflow/dags/ingest_local_folder_dag.py
[2026-01-08T04:59:16.536+0000] {logging_mixin.py:151} INFO - [2026-01-08T04:59:16.535+0000] {dag.py:2915} INFO - Sync 1 DAGs
[2026-01-08T04:59:16.575+0000] {logging_mixin.py:151} INFO - [2026-01-08T04:59:16.575+0000] {dag.py:3696} INFO - Setting next_dagrun for ingestionDAG to 2026-01-08T04:58:46.574952+00:00, run_after=2026-01-08T04:59:16.574952+00:00
[2026-01-08T04:59:16.609+0000] {processor.py:179} INFO - Processing /opt/airflow/dags/ingest_local_folder_dag.py took 0.400 seconds
[2026-01-08T04:59:46.713+0000] {processor.py:157} INFO - Started process (PID=2761) to work on /opt/airflow/dags/ingest_local_folder_dag.py
[2026-01-08T04:59:46.715+0000] {processor.py:829} INFO - Processing file /opt/airflow/dags/ingest_local_folder_dag.py for tasks to queue
[2026-01-08T04:59:46.717+0000] {logging_mixin.py:151} INFO - [2026-01-08T04:59:46.716+0000] {dagbag.py:539} INFO - Filling up the DagBag from /opt/airflow/dags/ingest_local_folder_dag.py
[2026-01-08T04:59:47.003+0000] {processor.py:839} INFO - DAG(s) dict_keys(['ingestionDAG']) retrieved from /opt/airflow/dags/ingest_local_folder_dag.py
[2026-01-08T04:59:47.042+0000] {logging_mixin.py:151} INFO - [2026-01-08T04:59:47.042+0000] {dag.py:2915} INFO - Sync 1 DAGs
[2026-01-08T04:59:47.070+0000] {logging_mixin.py:151} INFO - [2026-01-08T04:59:47.070+0000] {dag.py:3696} INFO - Setting next_dagrun for ingestionDAG to 2026-01-08T04:59:17.070479+00:00, run_after=2026-01-08T04:59:47.070479+00:00
[2026-01-08T04:59:47.090+0000] {processor.py:179} INFO - Processing /opt/airflow/dags/ingest_local_folder_dag.py took 0.389 seconds
[2026-01-08T05:00:17.319+0000] {processor.py:157} INFO - Started process (PID=2772) to work on /opt/airflow/dags/ingest_local_folder_dag.py
[2026-01-08T05:00:17.322+0000] {processor.py:829} INFO - Processing file /opt/airflow/dags/ingest_local_folder_dag.py for tasks to queue
[2026-01-08T05:00:17.324+0000] {logging_mixin.py:151} INFO - [2026-01-08T05:00:17.323+0000] {dagbag.py:539} INFO - Filling up the DagBag from /opt/airflow/dags/ingest_local_folder_dag.py
[2026-01-08T05:00:17.614+0000] {processor.py:839} INFO - DAG(s) dict_keys(['ingestionDAG']) retrieved from /opt/airflow/dags/ingest_local_folder_dag.py
[2026-01-08T05:00:17.655+0000] {logging_mixin.py:151} INFO - [2026-01-08T05:00:17.655+0000] {dag.py:2915} INFO - Sync 1 DAGs
[2026-01-08T05:00:17.682+0000] {logging_mixin.py:151} INFO - [2026-01-08T05:00:17.681+0000] {dag.py:3696} INFO - Setting next_dagrun for ingestionDAG to 2026-01-08T04:59:47.681572+00:00, run_after=2026-01-08T05:00:17.681572+00:00
[2026-01-08T05:00:17.704+0000] {processor.py:179} INFO - Processing /opt/airflow/dags/ingest_local_folder_dag.py took 0.396 seconds
[2026-01-08T05:00:47.763+0000] {processor.py:157} INFO - Started process (PID=2783) to work on /opt/airflow/dags/ingest_local_folder_dag.py
[2026-01-08T05:00:47.764+0000] {processor.py:829} INFO - Processing file /opt/airflow/dags/ingest_local_folder_dag.py for tasks to queue
[2026-01-08T05:00:47.766+0000] {logging_mixin.py:151} INFO - [2026-01-08T05:00:47.765+0000] {dagbag.py:539} INFO - Filling up the DagBag from /opt/airflow/dags/ingest_local_folder_dag.py
[2026-01-08T05:00:48.015+0000] {processor.py:839} INFO - DAG(s) dict_keys(['ingestionDAG']) retrieved from /opt/airflow/dags/ingest_local_folder_dag.py
[2026-01-08T05:00:48.051+0000] {logging_mixin.py:151} INFO - [2026-01-08T05:00:48.051+0000] {dag.py:2915} INFO - Sync 1 DAGs
[2026-01-08T05:00:48.076+0000] {logging_mixin.py:151} INFO - [2026-01-08T05:00:48.076+0000] {dag.py:3696} INFO - Setting next_dagrun for ingestionDAG to 2026-01-08T05:00:18.076241+00:00, run_after=2026-01-08T05:00:48.076241+00:00
[2026-01-08T05:00:48.095+0000] {processor.py:179} INFO - Processing /opt/airflow/dags/ingest_local_folder_dag.py took 0.337 seconds
[2026-01-08T05:01:18.324+0000] {processor.py:157} INFO - Started process (PID=2794) to work on /opt/airflow/dags/ingest_local_folder_dag.py
[2026-01-08T05:01:18.328+0000] {processor.py:829} INFO - Processing file /opt/airflow/dags/ingest_local_folder_dag.py for tasks to queue
[2026-01-08T05:01:18.330+0000] {logging_mixin.py:151} INFO - [2026-01-08T05:01:18.329+0000] {dagbag.py:539} INFO - Filling up the DagBag from /opt/airflow/dags/ingest_local_folder_dag.py
[2026-01-08T05:01:18.643+0000] {processor.py:839} INFO - DAG(s) dict_keys(['ingestionDAG']) retrieved from /opt/airflow/dags/ingest_local_folder_dag.py
[2026-01-08T05:01:18.689+0000] {logging_mixin.py:151} INFO - [2026-01-08T05:01:18.688+0000] {dag.py:2915} INFO - Sync 1 DAGs
[2026-01-08T05:01:18.720+0000] {logging_mixin.py:151} INFO - [2026-01-08T05:01:18.720+0000] {dag.py:3696} INFO - Setting next_dagrun for ingestionDAG to 2026-01-08T05:00:48.720310+00:00, run_after=2026-01-08T05:01:18.720310+00:00
[2026-01-08T05:01:18.743+0000] {processor.py:179} INFO - Processing /opt/airflow/dags/ingest_local_folder_dag.py took 0.430 seconds
[2026-01-08T05:01:48.813+0000] {processor.py:157} INFO - Started process (PID=2805) to work on /opt/airflow/dags/ingest_local_folder_dag.py
[2026-01-08T05:01:48.815+0000] {processor.py:829} INFO - Processing file /opt/airflow/dags/ingest_local_folder_dag.py for tasks to queue
[2026-01-08T05:01:48.818+0000] {logging_mixin.py:151} INFO - [2026-01-08T05:01:48.817+0000] {dagbag.py:539} INFO - Filling up the DagBag from /opt/airflow/dags/ingest_local_folder_dag.py
[2026-01-08T05:01:49.111+0000] {processor.py:839} INFO - DAG(s) dict_keys(['ingestionDAG']) retrieved from /opt/airflow/dags/ingest_local_folder_dag.py
[2026-01-08T05:01:49.149+0000] {logging_mixin.py:151} INFO - [2026-01-08T05:01:49.149+0000] {dag.py:2915} INFO - Sync 1 DAGs
[2026-01-08T05:01:49.183+0000] {logging_mixin.py:151} INFO - [2026-01-08T05:01:49.182+0000] {dag.py:3696} INFO - Setting next_dagrun for ingestionDAG to 2026-01-08T05:01:19.182323+00:00, run_after=2026-01-08T05:01:49.182323+00:00
[2026-01-08T05:01:49.214+0000] {processor.py:179} INFO - Processing /opt/airflow/dags/ingest_local_folder_dag.py took 0.412 seconds
[2026-01-08T05:02:19.400+0000] {processor.py:157} INFO - Started process (PID=2816) to work on /opt/airflow/dags/ingest_local_folder_dag.py
[2026-01-08T05:02:19.401+0000] {processor.py:829} INFO - Processing file /opt/airflow/dags/ingest_local_folder_dag.py for tasks to queue
[2026-01-08T05:02:19.402+0000] {logging_mixin.py:151} INFO - [2026-01-08T05:02:19.401+0000] {dagbag.py:539} INFO - Filling up the DagBag from /opt/airflow/dags/ingest_local_folder_dag.py
[2026-01-08T05:02:19.669+0000] {processor.py:839} INFO - DAG(s) dict_keys(['ingestionDAG']) retrieved from /opt/airflow/dags/ingest_local_folder_dag.py
[2026-01-08T05:02:19.711+0000] {logging_mixin.py:151} INFO - [2026-01-08T05:02:19.711+0000] {dag.py:2915} INFO - Sync 1 DAGs
[2026-01-08T05:02:19.742+0000] {logging_mixin.py:151} INFO - [2026-01-08T05:02:19.741+0000] {dag.py:3696} INFO - Setting next_dagrun for ingestionDAG to 2026-01-08T05:01:49.741604+00:00, run_after=2026-01-08T05:02:19.741604+00:00
[2026-01-08T05:02:19.764+0000] {processor.py:179} INFO - Processing /opt/airflow/dags/ingest_local_folder_dag.py took 0.370 seconds
[2026-01-08T05:02:49.980+0000] {processor.py:157} INFO - Started process (PID=2827) to work on /opt/airflow/dags/ingest_local_folder_dag.py
[2026-01-08T05:02:49.982+0000] {processor.py:829} INFO - Processing file /opt/airflow/dags/ingest_local_folder_dag.py for tasks to queue
[2026-01-08T05:02:49.985+0000] {logging_mixin.py:151} INFO - [2026-01-08T05:02:49.983+0000] {dagbag.py:539} INFO - Filling up the DagBag from /opt/airflow/dags/ingest_local_folder_dag.py
[2026-01-08T05:02:50.283+0000] {processor.py:839} INFO - DAG(s) dict_keys(['ingestionDAG']) retrieved from /opt/airflow/dags/ingest_local_folder_dag.py
[2026-01-08T05:02:50.323+0000] {logging_mixin.py:151} INFO - [2026-01-08T05:02:50.323+0000] {dag.py:2915} INFO - Sync 1 DAGs
[2026-01-08T05:02:50.350+0000] {logging_mixin.py:151} INFO - [2026-01-08T05:02:50.349+0000] {dag.py:3696} INFO - Setting next_dagrun for ingestionDAG to 2026-01-08T05:02:20.349646+00:00, run_after=2026-01-08T05:02:50.349646+00:00
[2026-01-08T05:02:50.368+0000] {processor.py:179} INFO - Processing /opt/airflow/dags/ingest_local_folder_dag.py took 0.399 seconds
[2026-01-08T05:03:20.597+0000] {processor.py:157} INFO - Started process (PID=2838) to work on /opt/airflow/dags/ingest_local_folder_dag.py
[2026-01-08T05:03:20.599+0000] {processor.py:829} INFO - Processing file /opt/airflow/dags/ingest_local_folder_dag.py for tasks to queue
[2026-01-08T05:03:20.602+0000] {logging_mixin.py:151} INFO - [2026-01-08T05:03:20.600+0000] {dagbag.py:539} INFO - Filling up the DagBag from /opt/airflow/dags/ingest_local_folder_dag.py
[2026-01-08T05:03:20.894+0000] {processor.py:839} INFO - DAG(s) dict_keys(['ingestionDAG']) retrieved from /opt/airflow/dags/ingest_local_folder_dag.py
[2026-01-08T05:03:20.934+0000] {logging_mixin.py:151} INFO - [2026-01-08T05:03:20.934+0000] {dag.py:2915} INFO - Sync 1 DAGs
[2026-01-08T05:03:20.960+0000] {logging_mixin.py:151} INFO - [2026-01-08T05:03:20.960+0000] {dag.py:3696} INFO - Setting next_dagrun for ingestionDAG to 2026-01-08T05:02:50.960484+00:00, run_after=2026-01-08T05:03:20.960484+00:00
[2026-01-08T05:03:20.980+0000] {processor.py:179} INFO - Processing /opt/airflow/dags/ingest_local_folder_dag.py took 0.395 seconds
[2026-01-08T05:03:51.218+0000] {processor.py:157} INFO - Started process (PID=2849) to work on /opt/airflow/dags/ingest_local_folder_dag.py
[2026-01-08T05:03:51.220+0000] {processor.py:829} INFO - Processing file /opt/airflow/dags/ingest_local_folder_dag.py for tasks to queue
[2026-01-08T05:03:51.222+0000] {logging_mixin.py:151} INFO - [2026-01-08T05:03:51.221+0000] {dagbag.py:539} INFO - Filling up the DagBag from /opt/airflow/dags/ingest_local_folder_dag.py
[2026-01-08T05:03:51.517+0000] {processor.py:839} INFO - DAG(s) dict_keys(['ingestionDAG']) retrieved from /opt/airflow/dags/ingest_local_folder_dag.py
[2026-01-08T05:03:51.556+0000] {logging_mixin.py:151} INFO - [2026-01-08T05:03:51.556+0000] {dag.py:2915} INFO - Sync 1 DAGs
[2026-01-08T05:03:51.583+0000] {logging_mixin.py:151} INFO - [2026-01-08T05:03:51.583+0000] {dag.py:3696} INFO - Setting next_dagrun for ingestionDAG to 2026-01-08T05:03:21.582996+00:00, run_after=2026-01-08T05:03:51.582996+00:00
[2026-01-08T05:03:51.603+0000] {processor.py:179} INFO - Processing /opt/airflow/dags/ingest_local_folder_dag.py took 0.397 seconds
[2026-01-08T05:04:21.659+0000] {processor.py:157} INFO - Started process (PID=2860) to work on /opt/airflow/dags/ingest_local_folder_dag.py
[2026-01-08T05:04:21.662+0000] {processor.py:829} INFO - Processing file /opt/airflow/dags/ingest_local_folder_dag.py for tasks to queue
[2026-01-08T05:04:21.664+0000] {logging_mixin.py:151} INFO - [2026-01-08T05:04:21.663+0000] {dagbag.py:539} INFO - Filling up the DagBag from /opt/airflow/dags/ingest_local_folder_dag.py
[2026-01-08T05:04:21.959+0000] {processor.py:839} INFO - DAG(s) dict_keys(['ingestionDAG']) retrieved from /opt/airflow/dags/ingest_local_folder_dag.py
[2026-01-08T05:04:21.996+0000] {logging_mixin.py:151} INFO - [2026-01-08T05:04:21.996+0000] {dag.py:2915} INFO - Sync 1 DAGs
[2026-01-08T05:04:22.023+0000] {logging_mixin.py:151} INFO - [2026-01-08T05:04:22.023+0000] {dag.py:3696} INFO - Setting next_dagrun for ingestionDAG to 2026-01-08T05:03:52.023378+00:00, run_after=2026-01-08T05:04:22.023378+00:00
[2026-01-08T05:04:22.042+0000] {processor.py:179} INFO - Processing /opt/airflow/dags/ingest_local_folder_dag.py took 0.394 seconds
[2026-01-08T05:04:52.272+0000] {processor.py:157} INFO - Started process (PID=2871) to work on /opt/airflow/dags/ingest_local_folder_dag.py
[2026-01-08T05:04:52.274+0000] {processor.py:829} INFO - Processing file /opt/airflow/dags/ingest_local_folder_dag.py for tasks to queue
[2026-01-08T05:04:52.277+0000] {logging_mixin.py:151} INFO - [2026-01-08T05:04:52.276+0000] {dagbag.py:539} INFO - Filling up the DagBag from /opt/airflow/dags/ingest_local_folder_dag.py
[2026-01-08T05:04:52.567+0000] {processor.py:839} INFO - DAG(s) dict_keys(['ingestionDAG']) retrieved from /opt/airflow/dags/ingest_local_folder_dag.py
[2026-01-08T05:04:52.605+0000] {logging_mixin.py:151} INFO - [2026-01-08T05:04:52.605+0000] {dag.py:2915} INFO - Sync 1 DAGs
[2026-01-08T05:04:52.633+0000] {logging_mixin.py:151} INFO - [2026-01-08T05:04:52.633+0000] {dag.py:3696} INFO - Setting next_dagrun for ingestionDAG to 2026-01-08T05:04:22.633229+00:00, run_after=2026-01-08T05:04:52.633229+00:00
[2026-01-08T05:04:52.657+0000] {processor.py:179} INFO - Processing /opt/airflow/dags/ingest_local_folder_dag.py took 0.397 seconds
[2026-01-08T05:05:22.735+0000] {processor.py:157} INFO - Started process (PID=2882) to work on /opt/airflow/dags/ingest_local_folder_dag.py
[2026-01-08T05:05:22.737+0000] {processor.py:829} INFO - Processing file /opt/airflow/dags/ingest_local_folder_dag.py for tasks to queue
[2026-01-08T05:05:22.740+0000] {logging_mixin.py:151} INFO - [2026-01-08T05:05:22.739+0000] {dagbag.py:539} INFO - Filling up the DagBag from /opt/airflow/dags/ingest_local_folder_dag.py
[2026-01-08T05:05:23.033+0000] {processor.py:839} INFO - DAG(s) dict_keys(['ingestionDAG']) retrieved from /opt/airflow/dags/ingest_local_folder_dag.py
[2026-01-08T05:05:23.076+0000] {logging_mixin.py:151} INFO - [2026-01-08T05:05:23.076+0000] {dag.py:2915} INFO - Sync 1 DAGs
[2026-01-08T05:05:23.105+0000] {logging_mixin.py:151} INFO - [2026-01-08T05:05:23.105+0000] {dag.py:3696} INFO - Setting next_dagrun for ingestionDAG to 2026-01-08T05:04:53.105313+00:00, run_after=2026-01-08T05:05:23.105313+00:00
[2026-01-08T05:05:23.125+0000] {processor.py:179} INFO - Processing /opt/airflow/dags/ingest_local_folder_dag.py took 0.402 seconds
[2026-01-08T05:05:53.362+0000] {processor.py:157} INFO - Started process (PID=2893) to work on /opt/airflow/dags/ingest_local_folder_dag.py
[2026-01-08T05:05:53.365+0000] {processor.py:829} INFO - Processing file /opt/airflow/dags/ingest_local_folder_dag.py for tasks to queue
[2026-01-08T05:05:53.367+0000] {logging_mixin.py:151} INFO - [2026-01-08T05:05:53.366+0000] {dagbag.py:539} INFO - Filling up the DagBag from /opt/airflow/dags/ingest_local_folder_dag.py
[2026-01-08T05:05:53.657+0000] {processor.py:839} INFO - DAG(s) dict_keys(['ingestionDAG']) retrieved from /opt/airflow/dags/ingest_local_folder_dag.py
[2026-01-08T05:05:53.698+0000] {logging_mixin.py:151} INFO - [2026-01-08T05:05:53.698+0000] {dag.py:2915} INFO - Sync 1 DAGs
[2026-01-08T05:05:53.725+0000] {logging_mixin.py:151} INFO - [2026-01-08T05:05:53.725+0000] {dag.py:3696} INFO - Setting next_dagrun for ingestionDAG to 2026-01-08T05:05:23.724874+00:00, run_after=2026-01-08T05:05:53.724874+00:00
[2026-01-08T05:05:53.744+0000] {processor.py:179} INFO - Processing /opt/airflow/dags/ingest_local_folder_dag.py took 0.393 seconds
[2026-01-08T05:06:23.979+0000] {processor.py:157} INFO - Started process (PID=2904) to work on /opt/airflow/dags/ingest_local_folder_dag.py
[2026-01-08T05:06:23.982+0000] {processor.py:829} INFO - Processing file /opt/airflow/dags/ingest_local_folder_dag.py for tasks to queue
[2026-01-08T05:06:23.984+0000] {logging_mixin.py:151} INFO - [2026-01-08T05:06:23.983+0000] {dagbag.py:539} INFO - Filling up the DagBag from /opt/airflow/dags/ingest_local_folder_dag.py
[2026-01-08T05:06:24.277+0000] {processor.py:839} INFO - DAG(s) dict_keys(['ingestionDAG']) retrieved from /opt/airflow/dags/ingest_local_folder_dag.py
[2026-01-08T05:06:24.316+0000] {logging_mixin.py:151} INFO - [2026-01-08T05:06:24.316+0000] {dag.py:2915} INFO - Sync 1 DAGs
[2026-01-08T05:06:24.349+0000] {logging_mixin.py:151} INFO - [2026-01-08T05:06:24.349+0000] {dag.py:3696} INFO - Setting next_dagrun for ingestionDAG to 2026-01-08T05:05:54.348617+00:00, run_after=2026-01-08T05:06:24.348617+00:00
[2026-01-08T05:06:24.375+0000] {processor.py:179} INFO - Processing /opt/airflow/dags/ingest_local_folder_dag.py took 0.407 seconds
[2026-01-08T05:06:54.609+0000] {processor.py:157} INFO - Started process (PID=2915) to work on /opt/airflow/dags/ingest_local_folder_dag.py
[2026-01-08T05:06:54.611+0000] {processor.py:829} INFO - Processing file /opt/airflow/dags/ingest_local_folder_dag.py for tasks to queue
[2026-01-08T05:06:54.614+0000] {logging_mixin.py:151} INFO - [2026-01-08T05:06:54.612+0000] {dagbag.py:539} INFO - Filling up the DagBag from /opt/airflow/dags/ingest_local_folder_dag.py
[2026-01-08T05:06:54.903+0000] {processor.py:839} INFO - DAG(s) dict_keys(['ingestionDAG']) retrieved from /opt/airflow/dags/ingest_local_folder_dag.py
[2026-01-08T05:06:54.941+0000] {logging_mixin.py:151} INFO - [2026-01-08T05:06:54.941+0000] {dag.py:2915} INFO - Sync 1 DAGs
[2026-01-08T05:06:54.968+0000] {logging_mixin.py:151} INFO - [2026-01-08T05:06:54.967+0000] {dag.py:3696} INFO - Setting next_dagrun for ingestionDAG to 2026-01-08T05:06:24.967615+00:00, run_after=2026-01-08T05:06:54.967615+00:00
[2026-01-08T05:06:54.987+0000] {processor.py:179} INFO - Processing /opt/airflow/dags/ingest_local_folder_dag.py took 0.390 seconds
[2026-01-08T05:07:25.059+0000] {processor.py:157} INFO - Started process (PID=2926) to work on /opt/airflow/dags/ingest_local_folder_dag.py
[2026-01-08T05:07:25.061+0000] {processor.py:829} INFO - Processing file /opt/airflow/dags/ingest_local_folder_dag.py for tasks to queue
[2026-01-08T05:07:25.064+0000] {logging_mixin.py:151} INFO - [2026-01-08T05:07:25.063+0000] {dagbag.py:539} INFO - Filling up the DagBag from /opt/airflow/dags/ingest_local_folder_dag.py
[2026-01-08T05:07:25.352+0000] {processor.py:839} INFO - DAG(s) dict_keys(['ingestionDAG']) retrieved from /opt/airflow/dags/ingest_local_folder_dag.py
[2026-01-08T05:07:25.389+0000] {logging_mixin.py:151} INFO - [2026-01-08T05:07:25.389+0000] {dag.py:2915} INFO - Sync 1 DAGs
[2026-01-08T05:07:25.418+0000] {logging_mixin.py:151} INFO - [2026-01-08T05:07:25.418+0000] {dag.py:3696} INFO - Setting next_dagrun for ingestionDAG to 2026-01-08T05:06:55.417926+00:00, run_after=2026-01-08T05:07:25.417926+00:00
[2026-01-08T05:07:25.440+0000] {processor.py:179} INFO - Processing /opt/airflow/dags/ingest_local_folder_dag.py took 0.393 seconds
[2026-01-08T05:07:55.664+0000] {processor.py:157} INFO - Started process (PID=2937) to work on /opt/airflow/dags/ingest_local_folder_dag.py
[2026-01-08T05:07:55.667+0000] {processor.py:829} INFO - Processing file /opt/airflow/dags/ingest_local_folder_dag.py for tasks to queue
[2026-01-08T05:07:55.669+0000] {logging_mixin.py:151} INFO - [2026-01-08T05:07:55.668+0000] {dagbag.py:539} INFO - Filling up the DagBag from /opt/airflow/dags/ingest_local_folder_dag.py
[2026-01-08T05:07:55.961+0000] {processor.py:839} INFO - DAG(s) dict_keys(['ingestionDAG']) retrieved from /opt/airflow/dags/ingest_local_folder_dag.py
[2026-01-08T05:07:55.999+0000] {logging_mixin.py:151} INFO - [2026-01-08T05:07:55.999+0000] {dag.py:2915} INFO - Sync 1 DAGs
[2026-01-08T05:07:56.036+0000] {logging_mixin.py:151} INFO - [2026-01-08T05:07:56.036+0000] {dag.py:3696} INFO - Setting next_dagrun for ingestionDAG to 2026-01-08T05:07:26.035575+00:00, run_after=2026-01-08T05:07:56.035575+00:00
[2026-01-08T05:07:56.064+0000] {processor.py:179} INFO - Processing /opt/airflow/dags/ingest_local_folder_dag.py took 0.411 seconds
[2026-01-08T05:08:26.130+0000] {processor.py:157} INFO - Started process (PID=2948) to work on /opt/airflow/dags/ingest_local_folder_dag.py
[2026-01-08T05:08:26.132+0000] {processor.py:829} INFO - Processing file /opt/airflow/dags/ingest_local_folder_dag.py for tasks to queue
[2026-01-08T05:08:26.135+0000] {logging_mixin.py:151} INFO - [2026-01-08T05:08:26.134+0000] {dagbag.py:539} INFO - Filling up the DagBag from /opt/airflow/dags/ingest_local_folder_dag.py
[2026-01-08T05:08:26.430+0000] {processor.py:839} INFO - DAG(s) dict_keys(['ingestionDAG']) retrieved from /opt/airflow/dags/ingest_local_folder_dag.py
[2026-01-08T05:08:26.468+0000] {logging_mixin.py:151} INFO - [2026-01-08T05:08:26.468+0000] {dag.py:2915} INFO - Sync 1 DAGs
[2026-01-08T05:08:26.495+0000] {logging_mixin.py:151} INFO - [2026-01-08T05:08:26.495+0000] {dag.py:3696} INFO - Setting next_dagrun for ingestionDAG to 2026-01-08T05:07:56.495355+00:00, run_after=2026-01-08T05:08:26.495355+00:00
[2026-01-08T05:08:26.513+0000] {processor.py:179} INFO - Processing /opt/airflow/dags/ingest_local_folder_dag.py took 0.394 seconds
[2026-01-08T05:08:56.748+0000] {processor.py:157} INFO - Started process (PID=2959) to work on /opt/airflow/dags/ingest_local_folder_dag.py
[2026-01-08T05:08:56.751+0000] {processor.py:829} INFO - Processing file /opt/airflow/dags/ingest_local_folder_dag.py for tasks to queue
[2026-01-08T05:08:56.753+0000] {logging_mixin.py:151} INFO - [2026-01-08T05:08:56.752+0000] {dagbag.py:539} INFO - Filling up the DagBag from /opt/airflow/dags/ingest_local_folder_dag.py
[2026-01-08T05:08:57.041+0000] {processor.py:839} INFO - DAG(s) dict_keys(['ingestionDAG']) retrieved from /opt/airflow/dags/ingest_local_folder_dag.py
[2026-01-08T05:08:57.081+0000] {logging_mixin.py:151} INFO - [2026-01-08T05:08:57.081+0000] {dag.py:2915} INFO - Sync 1 DAGs
[2026-01-08T05:08:57.108+0000] {logging_mixin.py:151} INFO - [2026-01-08T05:08:57.108+0000] {dag.py:3696} INFO - Setting next_dagrun for ingestionDAG to 2026-01-08T05:08:27.107833+00:00, run_after=2026-01-08T05:08:57.107833+00:00
[2026-01-08T05:08:57.127+0000] {processor.py:179} INFO - Processing /opt/airflow/dags/ingest_local_folder_dag.py took 0.390 seconds
[2026-01-08T05:09:27.368+0000] {processor.py:157} INFO - Started process (PID=2970) to work on /opt/airflow/dags/ingest_local_folder_dag.py
[2026-01-08T05:09:27.371+0000] {processor.py:829} INFO - Processing file /opt/airflow/dags/ingest_local_folder_dag.py for tasks to queue
[2026-01-08T05:09:27.373+0000] {logging_mixin.py:151} INFO - [2026-01-08T05:09:27.372+0000] {dagbag.py:539} INFO - Filling up the DagBag from /opt/airflow/dags/ingest_local_folder_dag.py
[2026-01-08T05:09:27.662+0000] {processor.py:839} INFO - DAG(s) dict_keys(['ingestionDAG']) retrieved from /opt/airflow/dags/ingest_local_folder_dag.py
[2026-01-08T05:09:27.702+0000] {logging_mixin.py:151} INFO - [2026-01-08T05:09:27.702+0000] {dag.py:2915} INFO - Sync 1 DAGs
[2026-01-08T05:09:27.736+0000] {logging_mixin.py:151} INFO - [2026-01-08T05:09:27.736+0000] {dag.py:3696} INFO - Setting next_dagrun for ingestionDAG to 2026-01-08T05:08:57.736112+00:00, run_after=2026-01-08T05:09:27.736112+00:00
[2026-01-08T05:09:27.778+0000] {processor.py:179} INFO - Processing /opt/airflow/dags/ingest_local_folder_dag.py took 0.421 seconds
[2026-01-08T05:09:58.038+0000] {processor.py:157} INFO - Started process (PID=2981) to work on /opt/airflow/dags/ingest_local_folder_dag.py
[2026-01-08T05:09:58.040+0000] {processor.py:829} INFO - Processing file /opt/airflow/dags/ingest_local_folder_dag.py for tasks to queue
[2026-01-08T05:09:58.043+0000] {logging_mixin.py:151} INFO - [2026-01-08T05:09:58.042+0000] {dagbag.py:539} INFO - Filling up the DagBag from /opt/airflow/dags/ingest_local_folder_dag.py
[2026-01-08T05:09:58.333+0000] {processor.py:839} INFO - DAG(s) dict_keys(['ingestionDAG']) retrieved from /opt/airflow/dags/ingest_local_folder_dag.py
[2026-01-08T05:09:58.371+0000] {logging_mixin.py:151} INFO - [2026-01-08T05:09:58.371+0000] {dag.py:2915} INFO - Sync 1 DAGs
[2026-01-08T05:09:58.398+0000] {logging_mixin.py:151} INFO - [2026-01-08T05:09:58.398+0000] {dag.py:3696} INFO - Setting next_dagrun for ingestionDAG to 2026-01-08T05:09:28.398221+00:00, run_after=2026-01-08T05:09:58.398221+00:00
[2026-01-08T05:09:58.417+0000] {processor.py:179} INFO - Processing /opt/airflow/dags/ingest_local_folder_dag.py took 0.391 seconds
[2026-01-08T05:10:28.655+0000] {processor.py:157} INFO - Started process (PID=2992) to work on /opt/airflow/dags/ingest_local_folder_dag.py
[2026-01-08T05:10:28.658+0000] {processor.py:829} INFO - Processing file /opt/airflow/dags/ingest_local_folder_dag.py for tasks to queue
[2026-01-08T05:10:28.660+0000] {logging_mixin.py:151} INFO - [2026-01-08T05:10:28.659+0000] {dagbag.py:539} INFO - Filling up the DagBag from /opt/airflow/dags/ingest_local_folder_dag.py
[2026-01-08T05:10:28.944+0000] {processor.py:839} INFO - DAG(s) dict_keys(['ingestionDAG']) retrieved from /opt/airflow/dags/ingest_local_folder_dag.py
[2026-01-08T05:10:28.983+0000] {logging_mixin.py:151} INFO - [2026-01-08T05:10:28.983+0000] {dag.py:2915} INFO - Sync 1 DAGs
[2026-01-08T05:10:29.011+0000] {logging_mixin.py:151} INFO - [2026-01-08T05:10:29.010+0000] {dag.py:3696} INFO - Setting next_dagrun for ingestionDAG to 2026-01-08T05:09:59.010694+00:00, run_after=2026-01-08T05:10:29.010694+00:00
[2026-01-08T05:10:29.033+0000] {processor.py:179} INFO - Processing /opt/airflow/dags/ingest_local_folder_dag.py took 0.389 seconds
[2026-01-08T05:10:59.269+0000] {processor.py:157} INFO - Started process (PID=3003) to work on /opt/airflow/dags/ingest_local_folder_dag.py
[2026-01-08T05:10:59.272+0000] {processor.py:829} INFO - Processing file /opt/airflow/dags/ingest_local_folder_dag.py for tasks to queue
[2026-01-08T05:10:59.274+0000] {logging_mixin.py:151} INFO - [2026-01-08T05:10:59.273+0000] {dagbag.py:539} INFO - Filling up the DagBag from /opt/airflow/dags/ingest_local_folder_dag.py
[2026-01-08T05:10:59.559+0000] {processor.py:839} INFO - DAG(s) dict_keys(['ingestionDAG']) retrieved from /opt/airflow/dags/ingest_local_folder_dag.py
[2026-01-08T05:10:59.597+0000] {logging_mixin.py:151} INFO - [2026-01-08T05:10:59.597+0000] {dag.py:2915} INFO - Sync 1 DAGs
[2026-01-08T05:10:59.625+0000] {logging_mixin.py:151} INFO - [2026-01-08T05:10:59.625+0000] {dag.py:3696} INFO - Setting next_dagrun for ingestionDAG to 2026-01-08T05:10:29.625230+00:00, run_after=2026-01-08T05:10:59.625230+00:00
[2026-01-08T05:10:59.644+0000] {processor.py:179} INFO - Processing /opt/airflow/dags/ingest_local_folder_dag.py took 0.386 seconds
[2026-01-08T05:11:29.744+0000] {processor.py:157} INFO - Started process (PID=3014) to work on /opt/airflow/dags/ingest_local_folder_dag.py
[2026-01-08T05:11:29.746+0000] {processor.py:829} INFO - Processing file /opt/airflow/dags/ingest_local_folder_dag.py for tasks to queue
[2026-01-08T05:11:29.749+0000] {logging_mixin.py:151} INFO - [2026-01-08T05:11:29.748+0000] {dagbag.py:539} INFO - Filling up the DagBag from /opt/airflow/dags/ingest_local_folder_dag.py
[2026-01-08T05:11:30.041+0000] {processor.py:839} INFO - DAG(s) dict_keys(['ingestionDAG']) retrieved from /opt/airflow/dags/ingest_local_folder_dag.py
[2026-01-08T05:11:30.082+0000] {logging_mixin.py:151} INFO - [2026-01-08T05:11:30.082+0000] {dag.py:2915} INFO - Sync 1 DAGs
[2026-01-08T05:11:30.109+0000] {logging_mixin.py:151} INFO - [2026-01-08T05:11:30.108+0000] {dag.py:3696} INFO - Setting next_dagrun for ingestionDAG to 2026-01-08T05:11:00.108709+00:00, run_after=2026-01-08T05:11:30.108709+00:00
[2026-01-08T05:11:30.128+0000] {processor.py:179} INFO - Processing /opt/airflow/dags/ingest_local_folder_dag.py took 0.395 seconds
[2026-01-08T05:12:00.392+0000] {processor.py:157} INFO - Started process (PID=3025) to work on /opt/airflow/dags/ingest_local_folder_dag.py
[2026-01-08T05:12:00.394+0000] {processor.py:829} INFO - Processing file /opt/airflow/dags/ingest_local_folder_dag.py for tasks to queue
[2026-01-08T05:12:00.397+0000] {logging_mixin.py:151} INFO - [2026-01-08T05:12:00.396+0000] {dagbag.py:539} INFO - Filling up the DagBag from /opt/airflow/dags/ingest_local_folder_dag.py
[2026-01-08T05:12:00.685+0000] {processor.py:839} INFO - DAG(s) dict_keys(['ingestionDAG']) retrieved from /opt/airflow/dags/ingest_local_folder_dag.py
[2026-01-08T05:12:00.723+0000] {logging_mixin.py:151} INFO - [2026-01-08T05:12:00.723+0000] {dag.py:2915} INFO - Sync 1 DAGs
[2026-01-08T05:12:00.757+0000] {logging_mixin.py:151} INFO - [2026-01-08T05:12:00.756+0000] {dag.py:3696} INFO - Setting next_dagrun for ingestionDAG to 2026-01-08T05:11:30.756327+00:00, run_after=2026-01-08T05:12:00.756327+00:00
[2026-01-08T05:12:00.783+0000] {processor.py:179} INFO - Processing /opt/airflow/dags/ingest_local_folder_dag.py took 0.403 seconds
[2026-01-08T05:12:31.016+0000] {processor.py:157} INFO - Started process (PID=3036) to work on /opt/airflow/dags/ingest_local_folder_dag.py
[2026-01-08T05:12:31.018+0000] {processor.py:829} INFO - Processing file /opt/airflow/dags/ingest_local_folder_dag.py for tasks to queue
[2026-01-08T05:12:31.021+0000] {logging_mixin.py:151} INFO - [2026-01-08T05:12:31.019+0000] {dagbag.py:539} INFO - Filling up the DagBag from /opt/airflow/dags/ingest_local_folder_dag.py
[2026-01-08T05:12:31.312+0000] {processor.py:839} INFO - DAG(s) dict_keys(['ingestionDAG']) retrieved from /opt/airflow/dags/ingest_local_folder_dag.py
[2026-01-08T05:12:31.350+0000] {logging_mixin.py:151} INFO - [2026-01-08T05:12:31.350+0000] {dag.py:2915} INFO - Sync 1 DAGs
[2026-01-08T05:12:31.379+0000] {logging_mixin.py:151} INFO - [2026-01-08T05:12:31.379+0000] {dag.py:3696} INFO - Setting next_dagrun for ingestionDAG to 2026-01-08T05:12:01.379126+00:00, run_after=2026-01-08T05:12:31.379126+00:00
[2026-01-08T05:12:31.405+0000] {processor.py:179} INFO - Processing /opt/airflow/dags/ingest_local_folder_dag.py took 0.401 seconds
[2026-01-08T05:13:01.633+0000] {processor.py:157} INFO - Started process (PID=3047) to work on /opt/airflow/dags/ingest_local_folder_dag.py
[2026-01-08T05:13:01.635+0000] {processor.py:829} INFO - Processing file /opt/airflow/dags/ingest_local_folder_dag.py for tasks to queue
[2026-01-08T05:13:01.637+0000] {logging_mixin.py:151} INFO - [2026-01-08T05:13:01.636+0000] {dagbag.py:539} INFO - Filling up the DagBag from /opt/airflow/dags/ingest_local_folder_dag.py
[2026-01-08T05:13:01.929+0000] {processor.py:839} INFO - DAG(s) dict_keys(['ingestionDAG']) retrieved from /opt/airflow/dags/ingest_local_folder_dag.py
[2026-01-08T05:13:01.968+0000] {logging_mixin.py:151} INFO - [2026-01-08T05:13:01.967+0000] {dag.py:2915} INFO - Sync 1 DAGs
[2026-01-08T05:13:02.000+0000] {logging_mixin.py:151} INFO - [2026-01-08T05:13:02.000+0000] {dag.py:3696} INFO - Setting next_dagrun for ingestionDAG to 2026-01-08T05:12:31.999860+00:00, run_after=2026-01-08T05:13:01.999860+00:00
[2026-01-08T05:13:02.027+0000] {processor.py:179} INFO - Processing /opt/airflow/dags/ingest_local_folder_dag.py took 0.405 seconds
[2026-01-08T05:13:32.228+0000] {processor.py:157} INFO - Started process (PID=3058) to work on /opt/airflow/dags/ingest_local_folder_dag.py
[2026-01-08T05:13:32.229+0000] {processor.py:829} INFO - Processing file /opt/airflow/dags/ingest_local_folder_dag.py for tasks to queue
[2026-01-08T05:13:32.230+0000] {logging_mixin.py:151} INFO - [2026-01-08T05:13:32.229+0000] {dagbag.py:539} INFO - Filling up the DagBag from /opt/airflow/dags/ingest_local_folder_dag.py
[2026-01-08T05:13:32.438+0000] {processor.py:839} INFO - DAG(s) dict_keys(['ingestionDAG']) retrieved from /opt/airflow/dags/ingest_local_folder_dag.py
[2026-01-08T05:13:32.473+0000] {logging_mixin.py:151} INFO - [2026-01-08T05:13:32.472+0000] {dag.py:2915} INFO - Sync 1 DAGs
[2026-01-08T05:13:32.499+0000] {logging_mixin.py:151} INFO - [2026-01-08T05:13:32.499+0000] {dag.py:3696} INFO - Setting next_dagrun for ingestionDAG to 2026-01-08T05:13:02.498835+00:00, run_after=2026-01-08T05:13:32.498835+00:00
[2026-01-08T05:13:32.518+0000] {processor.py:179} INFO - Processing /opt/airflow/dags/ingest_local_folder_dag.py took 0.294 seconds
[2026-01-08T05:14:02.748+0000] {processor.py:157} INFO - Started process (PID=3069) to work on /opt/airflow/dags/ingest_local_folder_dag.py
[2026-01-08T05:14:02.751+0000] {processor.py:829} INFO - Processing file /opt/airflow/dags/ingest_local_folder_dag.py for tasks to queue
[2026-01-08T05:14:02.753+0000] {logging_mixin.py:151} INFO - [2026-01-08T05:14:02.752+0000] {dagbag.py:539} INFO - Filling up the DagBag from /opt/airflow/dags/ingest_local_folder_dag.py
[2026-01-08T05:14:03.044+0000] {processor.py:839} INFO - DAG(s) dict_keys(['ingestionDAG']) retrieved from /opt/airflow/dags/ingest_local_folder_dag.py
[2026-01-08T05:14:03.083+0000] {logging_mixin.py:151} INFO - [2026-01-08T05:14:03.083+0000] {dag.py:2915} INFO - Sync 1 DAGs
[2026-01-08T05:14:03.111+0000] {logging_mixin.py:151} INFO - [2026-01-08T05:14:03.110+0000] {dag.py:3696} INFO - Setting next_dagrun for ingestionDAG to 2026-01-08T05:13:33.110723+00:00, run_after=2026-01-08T05:14:03.110723+00:00
[2026-01-08T05:14:03.131+0000] {processor.py:179} INFO - Processing /opt/airflow/dags/ingest_local_folder_dag.py took 0.394 seconds
[2026-01-08T05:14:33.954+0000] {processor.py:157} INFO - Started process (PID=3080) to work on /opt/airflow/dags/ingest_local_folder_dag.py
[2026-01-08T05:14:33.957+0000] {processor.py:829} INFO - Processing file /opt/airflow/dags/ingest_local_folder_dag.py for tasks to queue
[2026-01-08T05:14:33.959+0000] {logging_mixin.py:151} INFO - [2026-01-08T05:14:33.958+0000] {dagbag.py:539} INFO - Filling up the DagBag from /opt/airflow/dags/ingest_local_folder_dag.py
[2026-01-08T05:14:34.247+0000] {processor.py:839} INFO - DAG(s) dict_keys(['ingestionDAG']) retrieved from /opt/airflow/dags/ingest_local_folder_dag.py
[2026-01-08T05:14:34.286+0000] {logging_mixin.py:151} INFO - [2026-01-08T05:14:34.285+0000] {dag.py:2915} INFO - Sync 1 DAGs
[2026-01-08T05:14:34.315+0000] {logging_mixin.py:151} INFO - [2026-01-08T05:14:34.314+0000] {dag.py:3696} INFO - Setting next_dagrun for ingestionDAG to 2026-01-08T05:14:04.314660+00:00, run_after=2026-01-08T05:14:34.314660+00:00
[2026-01-08T05:14:34.337+0000] {processor.py:179} INFO - Processing /opt/airflow/dags/ingest_local_folder_dag.py took 0.394 seconds
[2026-01-08T05:15:04.560+0000] {processor.py:157} INFO - Started process (PID=3091) to work on /opt/airflow/dags/ingest_local_folder_dag.py
[2026-01-08T05:15:04.562+0000] {processor.py:829} INFO - Processing file /opt/airflow/dags/ingest_local_folder_dag.py for tasks to queue
[2026-01-08T05:15:04.565+0000] {logging_mixin.py:151} INFO - [2026-01-08T05:15:04.564+0000] {dagbag.py:539} INFO - Filling up the DagBag from /opt/airflow/dags/ingest_local_folder_dag.py
[2026-01-08T05:15:04.856+0000] {processor.py:839} INFO - DAG(s) dict_keys(['ingestionDAG']) retrieved from /opt/airflow/dags/ingest_local_folder_dag.py
[2026-01-08T05:15:04.894+0000] {logging_mixin.py:151} INFO - [2026-01-08T05:15:04.894+0000] {dag.py:2915} INFO - Sync 1 DAGs
[2026-01-08T05:15:04.922+0000] {logging_mixin.py:151} INFO - [2026-01-08T05:15:04.922+0000] {dag.py:3696} INFO - Setting next_dagrun for ingestionDAG to 2026-01-08T05:14:34.921776+00:00, run_after=2026-01-08T05:15:04.921776+00:00
[2026-01-08T05:15:04.945+0000] {processor.py:179} INFO - Processing /opt/airflow/dags/ingest_local_folder_dag.py took 0.396 seconds
[2026-01-08T05:15:35.181+0000] {processor.py:157} INFO - Started process (PID=3102) to work on /opt/airflow/dags/ingest_local_folder_dag.py
[2026-01-08T05:15:35.184+0000] {processor.py:829} INFO - Processing file /opt/airflow/dags/ingest_local_folder_dag.py for tasks to queue
[2026-01-08T05:15:35.186+0000] {logging_mixin.py:151} INFO - [2026-01-08T05:15:35.185+0000] {dagbag.py:539} INFO - Filling up the DagBag from /opt/airflow/dags/ingest_local_folder_dag.py
[2026-01-08T05:15:35.475+0000] {processor.py:839} INFO - DAG(s) dict_keys(['ingestionDAG']) retrieved from /opt/airflow/dags/ingest_local_folder_dag.py
[2026-01-08T05:15:35.513+0000] {logging_mixin.py:151} INFO - [2026-01-08T05:15:35.513+0000] {dag.py:2915} INFO - Sync 1 DAGs
[2026-01-08T05:15:35.540+0000] {logging_mixin.py:151} INFO - [2026-01-08T05:15:35.540+0000] {dag.py:3696} INFO - Setting next_dagrun for ingestionDAG to 2026-01-08T05:15:05.539785+00:00, run_after=2026-01-08T05:15:35.539785+00:00
[2026-01-08T05:15:35.559+0000] {processor.py:179} INFO - Processing /opt/airflow/dags/ingest_local_folder_dag.py took 0.390 seconds
[2026-01-08T05:16:05.805+0000] {processor.py:157} INFO - Started process (PID=3113) to work on /opt/airflow/dags/ingest_local_folder_dag.py
[2026-01-08T05:16:05.807+0000] {processor.py:829} INFO - Processing file /opt/airflow/dags/ingest_local_folder_dag.py for tasks to queue
[2026-01-08T05:16:05.810+0000] {logging_mixin.py:151} INFO - [2026-01-08T05:16:05.809+0000] {dagbag.py:539} INFO - Filling up the DagBag from /opt/airflow/dags/ingest_local_folder_dag.py
[2026-01-08T05:16:06.104+0000] {processor.py:839} INFO - DAG(s) dict_keys(['ingestionDAG']) retrieved from /opt/airflow/dags/ingest_local_folder_dag.py
[2026-01-08T05:16:06.143+0000] {logging_mixin.py:151} INFO - [2026-01-08T05:16:06.143+0000] {dag.py:2915} INFO - Sync 1 DAGs
[2026-01-08T05:16:06.170+0000] {logging_mixin.py:151} INFO - [2026-01-08T05:16:06.170+0000] {dag.py:3696} INFO - Setting next_dagrun for ingestionDAG to 2026-01-08T05:15:36.169978+00:00, run_after=2026-01-08T05:16:06.169978+00:00
[2026-01-08T05:16:06.192+0000] {processor.py:179} INFO - Processing /opt/airflow/dags/ingest_local_folder_dag.py took 0.398 seconds
[2026-01-08T05:16:36.455+0000] {processor.py:157} INFO - Started process (PID=3124) to work on /opt/airflow/dags/ingest_local_folder_dag.py
[2026-01-08T05:16:36.458+0000] {processor.py:829} INFO - Processing file /opt/airflow/dags/ingest_local_folder_dag.py for tasks to queue
[2026-01-08T05:16:36.461+0000] {logging_mixin.py:151} INFO - [2026-01-08T05:16:36.459+0000] {dagbag.py:539} INFO - Filling up the DagBag from /opt/airflow/dags/ingest_local_folder_dag.py
[2026-01-08T05:16:36.740+0000] {processor.py:839} INFO - DAG(s) dict_keys(['ingestionDAG']) retrieved from /opt/airflow/dags/ingest_local_folder_dag.py
[2026-01-08T05:16:36.779+0000] {logging_mixin.py:151} INFO - [2026-01-08T05:16:36.778+0000] {dag.py:2915} INFO - Sync 1 DAGs
[2026-01-08T05:16:36.806+0000] {logging_mixin.py:151} INFO - [2026-01-08T05:16:36.806+0000] {dag.py:3696} INFO - Setting next_dagrun for ingestionDAG to 2026-01-08T05:16:06.806405+00:00, run_after=2026-01-08T05:16:36.806405+00:00
[2026-01-08T05:16:36.827+0000] {processor.py:179} INFO - Processing /opt/airflow/dags/ingest_local_folder_dag.py took 0.383 seconds
[2026-01-08T05:17:07.061+0000] {processor.py:157} INFO - Started process (PID=3135) to work on /opt/airflow/dags/ingest_local_folder_dag.py
[2026-01-08T05:17:07.063+0000] {processor.py:829} INFO - Processing file /opt/airflow/dags/ingest_local_folder_dag.py for tasks to queue
[2026-01-08T05:17:07.066+0000] {logging_mixin.py:151} INFO - [2026-01-08T05:17:07.065+0000] {dagbag.py:539} INFO - Filling up the DagBag from /opt/airflow/dags/ingest_local_folder_dag.py
[2026-01-08T05:17:07.351+0000] {processor.py:839} INFO - DAG(s) dict_keys(['ingestionDAG']) retrieved from /opt/airflow/dags/ingest_local_folder_dag.py
[2026-01-08T05:17:07.390+0000] {logging_mixin.py:151} INFO - [2026-01-08T05:17:07.390+0000] {dag.py:2915} INFO - Sync 1 DAGs
[2026-01-08T05:17:07.421+0000] {logging_mixin.py:151} INFO - [2026-01-08T05:17:07.421+0000] {dag.py:3696} INFO - Setting next_dagrun for ingestionDAG to 2026-01-08T05:16:37.420882+00:00, run_after=2026-01-08T05:17:07.420882+00:00
[2026-01-08T05:17:07.451+0000] {processor.py:179} INFO - Processing /opt/airflow/dags/ingest_local_folder_dag.py took 0.402 seconds
[2026-01-08T05:17:37.699+0000] {processor.py:157} INFO - Started process (PID=3146) to work on /opt/airflow/dags/ingest_local_folder_dag.py
[2026-01-08T05:17:37.702+0000] {processor.py:829} INFO - Processing file /opt/airflow/dags/ingest_local_folder_dag.py for tasks to queue
[2026-01-08T05:17:37.704+0000] {logging_mixin.py:151} INFO - [2026-01-08T05:17:37.703+0000] {dagbag.py:539} INFO - Filling up the DagBag from /opt/airflow/dags/ingest_local_folder_dag.py
[2026-01-08T05:17:37.993+0000] {processor.py:839} INFO - DAG(s) dict_keys(['ingestionDAG']) retrieved from /opt/airflow/dags/ingest_local_folder_dag.py
[2026-01-08T05:17:38.059+0000] {logging_mixin.py:151} INFO - [2026-01-08T05:17:38.059+0000] {dag.py:2915} INFO - Sync 1 DAGs
[2026-01-08T05:17:38.124+0000] {logging_mixin.py:151} INFO - [2026-01-08T05:17:38.123+0000] {dag.py:3696} INFO - Setting next_dagrun for ingestionDAG to 2026-01-08T05:17:08.123206+00:00, run_after=2026-01-08T05:17:38.123206+00:00
[2026-01-08T05:17:38.168+0000] {processor.py:179} INFO - Processing /opt/airflow/dags/ingest_local_folder_dag.py took 0.480 seconds
[2026-01-08T05:18:08.420+0000] {processor.py:157} INFO - Started process (PID=3157) to work on /opt/airflow/dags/ingest_local_folder_dag.py
[2026-01-08T05:18:08.422+0000] {processor.py:829} INFO - Processing file /opt/airflow/dags/ingest_local_folder_dag.py for tasks to queue
[2026-01-08T05:18:08.425+0000] {logging_mixin.py:151} INFO - [2026-01-08T05:18:08.423+0000] {dagbag.py:539} INFO - Filling up the DagBag from /opt/airflow/dags/ingest_local_folder_dag.py
[2026-01-08T05:18:08.697+0000] {processor.py:839} INFO - DAG(s) dict_keys(['ingestionDAG']) retrieved from /opt/airflow/dags/ingest_local_folder_dag.py
[2026-01-08T05:18:08.735+0000] {logging_mixin.py:151} INFO - [2026-01-08T05:18:08.735+0000] {dag.py:2915} INFO - Sync 1 DAGs
[2026-01-08T05:18:08.768+0000] {logging_mixin.py:151} INFO - [2026-01-08T05:18:08.768+0000] {dag.py:3696} INFO - Setting next_dagrun for ingestionDAG to 2026-01-08T05:17:38.767546+00:00, run_after=2026-01-08T05:18:08.767546+00:00
[2026-01-08T05:18:08.795+0000] {processor.py:179} INFO - Processing /opt/airflow/dags/ingest_local_folder_dag.py took 0.386 seconds
[2026-01-08T05:18:39.029+0000] {processor.py:157} INFO - Started process (PID=3168) to work on /opt/airflow/dags/ingest_local_folder_dag.py
[2026-01-08T05:18:39.031+0000] {processor.py:829} INFO - Processing file /opt/airflow/dags/ingest_local_folder_dag.py for tasks to queue
[2026-01-08T05:18:39.033+0000] {logging_mixin.py:151} INFO - [2026-01-08T05:18:39.032+0000] {dagbag.py:539} INFO - Filling up the DagBag from /opt/airflow/dags/ingest_local_folder_dag.py
[2026-01-08T05:18:39.322+0000] {processor.py:839} INFO - DAG(s) dict_keys(['ingestionDAG']) retrieved from /opt/airflow/dags/ingest_local_folder_dag.py
[2026-01-08T05:18:39.360+0000] {logging_mixin.py:151} INFO - [2026-01-08T05:18:39.360+0000] {dag.py:2915} INFO - Sync 1 DAGs
[2026-01-08T05:18:39.387+0000] {logging_mixin.py:151} INFO - [2026-01-08T05:18:39.387+0000] {dag.py:3696} INFO - Setting next_dagrun for ingestionDAG to 2026-01-08T05:18:09.386821+00:00, run_after=2026-01-08T05:18:39.386821+00:00
[2026-01-08T05:18:39.405+0000] {processor.py:179} INFO - Processing /opt/airflow/dags/ingest_local_folder_dag.py took 0.388 seconds
[2026-01-08T05:19:09.646+0000] {processor.py:157} INFO - Started process (PID=3179) to work on /opt/airflow/dags/ingest_local_folder_dag.py
[2026-01-08T05:19:09.648+0000] {processor.py:829} INFO - Processing file /opt/airflow/dags/ingest_local_folder_dag.py for tasks to queue
[2026-01-08T05:19:09.651+0000] {logging_mixin.py:151} INFO - [2026-01-08T05:19:09.650+0000] {dagbag.py:539} INFO - Filling up the DagBag from /opt/airflow/dags/ingest_local_folder_dag.py
[2026-01-08T05:19:09.965+0000] {processor.py:839} INFO - DAG(s) dict_keys(['ingestionDAG']) retrieved from /opt/airflow/dags/ingest_local_folder_dag.py
[2026-01-08T05:19:10.006+0000] {logging_mixin.py:151} INFO - [2026-01-08T05:19:10.006+0000] {dag.py:2915} INFO - Sync 1 DAGs
[2026-01-08T05:19:10.034+0000] {logging_mixin.py:151} INFO - [2026-01-08T05:19:10.034+0000] {dag.py:3696} INFO - Setting next_dagrun for ingestionDAG to 2026-01-08T05:18:40.033938+00:00, run_after=2026-01-08T05:19:10.033938+00:00
[2026-01-08T05:19:10.053+0000] {processor.py:179} INFO - Processing /opt/airflow/dags/ingest_local_folder_dag.py took 0.418 seconds
[2026-01-08T05:19:40.284+0000] {processor.py:157} INFO - Started process (PID=3190) to work on /opt/airflow/dags/ingest_local_folder_dag.py
[2026-01-08T05:19:40.286+0000] {processor.py:829} INFO - Processing file /opt/airflow/dags/ingest_local_folder_dag.py for tasks to queue
[2026-01-08T05:19:40.289+0000] {logging_mixin.py:151} INFO - [2026-01-08T05:19:40.288+0000] {dagbag.py:539} INFO - Filling up the DagBag from /opt/airflow/dags/ingest_local_folder_dag.py
[2026-01-08T05:19:40.575+0000] {processor.py:839} INFO - DAG(s) dict_keys(['ingestionDAG']) retrieved from /opt/airflow/dags/ingest_local_folder_dag.py
[2026-01-08T05:19:40.613+0000] {logging_mixin.py:151} INFO - [2026-01-08T05:19:40.613+0000] {dag.py:2915} INFO - Sync 1 DAGs
[2026-01-08T05:19:40.641+0000] {logging_mixin.py:151} INFO - [2026-01-08T05:19:40.641+0000] {dag.py:3696} INFO - Setting next_dagrun for ingestionDAG to 2026-01-08T05:19:10.641081+00:00, run_after=2026-01-08T05:19:40.641081+00:00
[2026-01-08T05:19:40.661+0000] {processor.py:179} INFO - Processing /opt/airflow/dags/ingest_local_folder_dag.py took 0.388 seconds
[2026-01-08T05:20:10.896+0000] {processor.py:157} INFO - Started process (PID=3201) to work on /opt/airflow/dags/ingest_local_folder_dag.py
[2026-01-08T05:20:10.899+0000] {processor.py:829} INFO - Processing file /opt/airflow/dags/ingest_local_folder_dag.py for tasks to queue
[2026-01-08T05:20:10.901+0000] {logging_mixin.py:151} INFO - [2026-01-08T05:20:10.900+0000] {dagbag.py:539} INFO - Filling up the DagBag from /opt/airflow/dags/ingest_local_folder_dag.py
[2026-01-08T05:20:11.193+0000] {processor.py:839} INFO - DAG(s) dict_keys(['ingestionDAG']) retrieved from /opt/airflow/dags/ingest_local_folder_dag.py
[2026-01-08T05:20:11.235+0000] {logging_mixin.py:151} INFO - [2026-01-08T05:20:11.234+0000] {dag.py:2915} INFO - Sync 1 DAGs
[2026-01-08T05:20:11.262+0000] {logging_mixin.py:151} INFO - [2026-01-08T05:20:11.261+0000] {dag.py:3696} INFO - Setting next_dagrun for ingestionDAG to 2026-01-08T05:19:41.261647+00:00, run_after=2026-01-08T05:20:11.261647+00:00
[2026-01-08T05:20:11.281+0000] {processor.py:179} INFO - Processing /opt/airflow/dags/ingest_local_folder_dag.py took 0.396 seconds
[2026-01-08T05:20:41.515+0000] {processor.py:157} INFO - Started process (PID=3212) to work on /opt/airflow/dags/ingest_local_folder_dag.py
[2026-01-08T05:20:41.517+0000] {processor.py:829} INFO - Processing file /opt/airflow/dags/ingest_local_folder_dag.py for tasks to queue
[2026-01-08T05:20:41.520+0000] {logging_mixin.py:151} INFO - [2026-01-08T05:20:41.519+0000] {dagbag.py:539} INFO - Filling up the DagBag from /opt/airflow/dags/ingest_local_folder_dag.py
[2026-01-08T05:20:41.805+0000] {processor.py:839} INFO - DAG(s) dict_keys(['ingestionDAG']) retrieved from /opt/airflow/dags/ingest_local_folder_dag.py
[2026-01-08T05:20:41.843+0000] {logging_mixin.py:151} INFO - [2026-01-08T05:20:41.843+0000] {dag.py:2915} INFO - Sync 1 DAGs
[2026-01-08T05:20:41.870+0000] {logging_mixin.py:151} INFO - [2026-01-08T05:20:41.870+0000] {dag.py:3696} INFO - Setting next_dagrun for ingestionDAG to 2026-01-08T05:20:11.870183+00:00, run_after=2026-01-08T05:20:41.870183+00:00
[2026-01-08T05:20:41.889+0000] {processor.py:179} INFO - Processing /opt/airflow/dags/ingest_local_folder_dag.py took 0.386 seconds
[2026-01-08T05:21:12.122+0000] {processor.py:157} INFO - Started process (PID=3223) to work on /opt/airflow/dags/ingest_local_folder_dag.py
[2026-01-08T05:21:12.124+0000] {processor.py:829} INFO - Processing file /opt/airflow/dags/ingest_local_folder_dag.py for tasks to queue
[2026-01-08T05:21:12.126+0000] {logging_mixin.py:151} INFO - [2026-01-08T05:21:12.125+0000] {dagbag.py:539} INFO - Filling up the DagBag from /opt/airflow/dags/ingest_local_folder_dag.py
[2026-01-08T05:21:12.402+0000] {processor.py:839} INFO - DAG(s) dict_keys(['ingestionDAG']) retrieved from /opt/airflow/dags/ingest_local_folder_dag.py
[2026-01-08T05:21:12.439+0000] {logging_mixin.py:151} INFO - [2026-01-08T05:21:12.439+0000] {dag.py:2915} INFO - Sync 1 DAGs
[2026-01-08T05:21:12.465+0000] {logging_mixin.py:151} INFO - [2026-01-08T05:21:12.465+0000] {dag.py:3696} INFO - Setting next_dagrun for ingestionDAG to 2026-01-08T05:20:42.465429+00:00, run_after=2026-01-08T05:21:12.465429+00:00
[2026-01-08T05:21:12.484+0000] {processor.py:179} INFO - Processing /opt/airflow/dags/ingest_local_folder_dag.py took 0.374 seconds
[2026-01-08T05:21:42.718+0000] {processor.py:157} INFO - Started process (PID=3234) to work on /opt/airflow/dags/ingest_local_folder_dag.py
[2026-01-08T05:21:42.721+0000] {processor.py:829} INFO - Processing file /opt/airflow/dags/ingest_local_folder_dag.py for tasks to queue
[2026-01-08T05:21:42.723+0000] {logging_mixin.py:151} INFO - [2026-01-08T05:21:42.722+0000] {dagbag.py:539} INFO - Filling up the DagBag from /opt/airflow/dags/ingest_local_folder_dag.py
[2026-01-08T05:21:43.005+0000] {processor.py:839} INFO - DAG(s) dict_keys(['ingestionDAG']) retrieved from /opt/airflow/dags/ingest_local_folder_dag.py
[2026-01-08T05:21:43.043+0000] {logging_mixin.py:151} INFO - [2026-01-08T05:21:43.043+0000] {dag.py:2915} INFO - Sync 1 DAGs
[2026-01-08T05:21:43.069+0000] {logging_mixin.py:151} INFO - [2026-01-08T05:21:43.069+0000] {dag.py:3696} INFO - Setting next_dagrun for ingestionDAG to 2026-01-08T05:21:13.068962+00:00, run_after=2026-01-08T05:21:43.068962+00:00
[2026-01-08T05:21:43.088+0000] {processor.py:179} INFO - Processing /opt/airflow/dags/ingest_local_folder_dag.py took 0.380 seconds
[2026-01-08T05:22:13.215+0000] {processor.py:157} INFO - Started process (PID=3245) to work on /opt/airflow/dags/ingest_local_folder_dag.py
[2026-01-08T05:22:13.218+0000] {processor.py:829} INFO - Processing file /opt/airflow/dags/ingest_local_folder_dag.py for tasks to queue
[2026-01-08T05:22:13.220+0000] {logging_mixin.py:151} INFO - [2026-01-08T05:22:13.219+0000] {dagbag.py:539} INFO - Filling up the DagBag from /opt/airflow/dags/ingest_local_folder_dag.py
[2026-01-08T05:22:13.505+0000] {processor.py:839} INFO - DAG(s) dict_keys(['ingestionDAG']) retrieved from /opt/airflow/dags/ingest_local_folder_dag.py
[2026-01-08T05:22:13.545+0000] {logging_mixin.py:151} INFO - [2026-01-08T05:22:13.545+0000] {dag.py:2915} INFO - Sync 1 DAGs
[2026-01-08T05:22:13.573+0000] {logging_mixin.py:151} INFO - [2026-01-08T05:22:13.573+0000] {dag.py:3696} INFO - Setting next_dagrun for ingestionDAG to 2026-01-08T05:21:43.573160+00:00, run_after=2026-01-08T05:22:13.573160+00:00
[2026-01-08T05:22:13.593+0000] {processor.py:179} INFO - Processing /opt/airflow/dags/ingest_local_folder_dag.py took 0.389 seconds
[2026-01-08T05:22:43.795+0000] {processor.py:157} INFO - Started process (PID=3254) to work on /opt/airflow/dags/ingest_local_folder_dag.py
[2026-01-08T05:22:43.796+0000] {processor.py:829} INFO - Processing file /opt/airflow/dags/ingest_local_folder_dag.py for tasks to queue
[2026-01-08T05:22:43.797+0000] {logging_mixin.py:151} INFO - [2026-01-08T05:22:43.797+0000] {dagbag.py:539} INFO - Filling up the DagBag from /opt/airflow/dags/ingest_local_folder_dag.py
[2026-01-08T05:22:44.028+0000] {processor.py:839} INFO - DAG(s) dict_keys(['ingestionDAG']) retrieved from /opt/airflow/dags/ingest_local_folder_dag.py
[2026-01-08T05:22:44.067+0000] {logging_mixin.py:151} INFO - [2026-01-08T05:22:44.067+0000] {dag.py:2915} INFO - Sync 1 DAGs
[2026-01-08T05:22:44.093+0000] {logging_mixin.py:151} INFO - [2026-01-08T05:22:44.092+0000] {dag.py:3696} INFO - Setting next_dagrun for ingestionDAG to 2026-01-08T05:22:14.092591+00:00, run_after=2026-01-08T05:22:44.092591+00:00
[2026-01-08T05:22:44.111+0000] {processor.py:179} INFO - Processing /opt/airflow/dags/ingest_local_folder_dag.py took 0.321 seconds
[2026-01-08T05:23:14.383+0000] {processor.py:157} INFO - Started process (PID=3264) to work on /opt/airflow/dags/ingest_local_folder_dag.py
[2026-01-08T05:23:14.384+0000] {processor.py:829} INFO - Processing file /opt/airflow/dags/ingest_local_folder_dag.py for tasks to queue
[2026-01-08T05:23:14.387+0000] {logging_mixin.py:151} INFO - [2026-01-08T05:23:14.386+0000] {dagbag.py:539} INFO - Filling up the DagBag from /opt/airflow/dags/ingest_local_folder_dag.py
[2026-01-08T05:23:14.670+0000] {processor.py:839} INFO - DAG(s) dict_keys(['ingestionDAG']) retrieved from /opt/airflow/dags/ingest_local_folder_dag.py
[2026-01-08T05:23:14.712+0000] {logging_mixin.py:151} INFO - [2026-01-08T05:23:14.711+0000] {dag.py:2915} INFO - Sync 1 DAGs
[2026-01-08T05:23:14.739+0000] {logging_mixin.py:151} INFO - [2026-01-08T05:23:14.739+0000] {dag.py:3696} INFO - Setting next_dagrun for ingestionDAG to 2026-01-08T05:22:44.738737+00:00, run_after=2026-01-08T05:23:14.738737+00:00
[2026-01-08T05:23:14.758+0000] {processor.py:179} INFO - Processing /opt/airflow/dags/ingest_local_folder_dag.py took 0.387 seconds
[2026-01-08T05:23:44.994+0000] {processor.py:157} INFO - Started process (PID=3272) to work on /opt/airflow/dags/ingest_local_folder_dag.py
[2026-01-08T05:23:44.996+0000] {processor.py:829} INFO - Processing file /opt/airflow/dags/ingest_local_folder_dag.py for tasks to queue
[2026-01-08T05:23:44.999+0000] {logging_mixin.py:151} INFO - [2026-01-08T05:23:44.997+0000] {dagbag.py:539} INFO - Filling up the DagBag from /opt/airflow/dags/ingest_local_folder_dag.py
[2026-01-08T05:23:45.289+0000] {processor.py:839} INFO - DAG(s) dict_keys(['ingestionDAG']) retrieved from /opt/airflow/dags/ingest_local_folder_dag.py
[2026-01-08T05:23:45.328+0000] {logging_mixin.py:151} INFO - [2026-01-08T05:23:45.328+0000] {dag.py:2915} INFO - Sync 1 DAGs
[2026-01-08T05:23:45.359+0000] {logging_mixin.py:151} INFO - [2026-01-08T05:23:45.359+0000] {dag.py:3696} INFO - Setting next_dagrun for ingestionDAG to 2026-01-08T05:23:15.358912+00:00, run_after=2026-01-08T05:23:45.358912+00:00
[2026-01-08T05:23:45.383+0000] {processor.py:179} INFO - Processing /opt/airflow/dags/ingest_local_folder_dag.py took 0.401 seconds
[2026-01-08T05:24:15.628+0000] {processor.py:157} INFO - Started process (PID=3283) to work on /opt/airflow/dags/ingest_local_folder_dag.py
[2026-01-08T05:24:15.630+0000] {processor.py:829} INFO - Processing file /opt/airflow/dags/ingest_local_folder_dag.py for tasks to queue
[2026-01-08T05:24:15.633+0000] {logging_mixin.py:151} INFO - [2026-01-08T05:24:15.631+0000] {dagbag.py:539} INFO - Filling up the DagBag from /opt/airflow/dags/ingest_local_folder_dag.py
[2026-01-08T05:24:15.924+0000] {processor.py:839} INFO - DAG(s) dict_keys(['ingestionDAG']) retrieved from /opt/airflow/dags/ingest_local_folder_dag.py
[2026-01-08T05:24:15.963+0000] {logging_mixin.py:151} INFO - [2026-01-08T05:24:15.963+0000] {dag.py:2915} INFO - Sync 1 DAGs
[2026-01-08T05:24:15.989+0000] {logging_mixin.py:151} INFO - [2026-01-08T05:24:15.989+0000] {dag.py:3696} INFO - Setting next_dagrun for ingestionDAG to 2026-01-08T05:23:45.989485+00:00, run_after=2026-01-08T05:24:15.989485+00:00
[2026-01-08T05:24:16.009+0000] {processor.py:179} INFO - Processing /opt/airflow/dags/ingest_local_folder_dag.py took 0.392 seconds
[2026-01-08T05:24:46.249+0000] {processor.py:157} INFO - Started process (PID=3294) to work on /opt/airflow/dags/ingest_local_folder_dag.py
[2026-01-08T05:24:46.252+0000] {processor.py:829} INFO - Processing file /opt/airflow/dags/ingest_local_folder_dag.py for tasks to queue
[2026-01-08T05:24:46.255+0000] {logging_mixin.py:151} INFO - [2026-01-08T05:24:46.253+0000] {dagbag.py:539} INFO - Filling up the DagBag from /opt/airflow/dags/ingest_local_folder_dag.py
[2026-01-08T05:24:46.538+0000] {processor.py:839} INFO - DAG(s) dict_keys(['ingestionDAG']) retrieved from /opt/airflow/dags/ingest_local_folder_dag.py
[2026-01-08T05:24:46.576+0000] {logging_mixin.py:151} INFO - [2026-01-08T05:24:46.576+0000] {dag.py:2915} INFO - Sync 1 DAGs
[2026-01-08T05:24:46.603+0000] {logging_mixin.py:151} INFO - [2026-01-08T05:24:46.603+0000] {dag.py:3696} INFO - Setting next_dagrun for ingestionDAG to 2026-01-08T05:24:16.603068+00:00, run_after=2026-01-08T05:24:46.603068+00:00
[2026-01-08T05:24:46.623+0000] {processor.py:179} INFO - Processing /opt/airflow/dags/ingest_local_folder_dag.py took 0.385 seconds
[2026-01-08T05:25:16.717+0000] {processor.py:157} INFO - Started process (PID=3305) to work on /opt/airflow/dags/ingest_local_folder_dag.py
[2026-01-08T05:25:16.719+0000] {processor.py:829} INFO - Processing file /opt/airflow/dags/ingest_local_folder_dag.py for tasks to queue
[2026-01-08T05:25:16.721+0000] {logging_mixin.py:151} INFO - [2026-01-08T05:25:16.720+0000] {dagbag.py:539} INFO - Filling up the DagBag from /opt/airflow/dags/ingest_local_folder_dag.py
[2026-01-08T05:25:17.009+0000] {processor.py:839} INFO - DAG(s) dict_keys(['ingestionDAG']) retrieved from /opt/airflow/dags/ingest_local_folder_dag.py
[2026-01-08T05:25:17.049+0000] {logging_mixin.py:151} INFO - [2026-01-08T05:25:17.049+0000] {dag.py:2915} INFO - Sync 1 DAGs
[2026-01-08T05:25:17.078+0000] {logging_mixin.py:151} INFO - [2026-01-08T05:25:17.078+0000] {dag.py:3696} INFO - Setting next_dagrun for ingestionDAG to 2026-01-08T05:24:47.077899+00:00, run_after=2026-01-08T05:25:17.077899+00:00
[2026-01-08T05:25:17.098+0000] {processor.py:179} INFO - Processing /opt/airflow/dags/ingest_local_folder_dag.py took 0.393 seconds
[2026-01-08T05:25:47.157+0000] {processor.py:157} INFO - Started process (PID=3316) to work on /opt/airflow/dags/ingest_local_folder_dag.py
[2026-01-08T05:25:47.159+0000] {processor.py:829} INFO - Processing file /opt/airflow/dags/ingest_local_folder_dag.py for tasks to queue
[2026-01-08T05:25:47.161+0000] {logging_mixin.py:151} INFO - [2026-01-08T05:25:47.160+0000] {dagbag.py:539} INFO - Filling up the DagBag from /opt/airflow/dags/ingest_local_folder_dag.py
[2026-01-08T05:25:47.446+0000] {processor.py:839} INFO - DAG(s) dict_keys(['ingestionDAG']) retrieved from /opt/airflow/dags/ingest_local_folder_dag.py
[2026-01-08T05:25:47.487+0000] {logging_mixin.py:151} INFO - [2026-01-08T05:25:47.487+0000] {dag.py:2915} INFO - Sync 1 DAGs
[2026-01-08T05:25:47.514+0000] {logging_mixin.py:151} INFO - [2026-01-08T05:25:47.513+0000] {dag.py:3696} INFO - Setting next_dagrun for ingestionDAG to 2026-01-08T05:25:17.513707+00:00, run_after=2026-01-08T05:25:47.513707+00:00
[2026-01-08T05:25:47.532+0000] {processor.py:179} INFO - Processing /opt/airflow/dags/ingest_local_folder_dag.py took 0.387 seconds
[2026-01-08T05:26:18.368+0000] {processor.py:157} INFO - Started process (PID=3327) to work on /opt/airflow/dags/ingest_local_folder_dag.py
[2026-01-08T05:26:18.370+0000] {processor.py:829} INFO - Processing file /opt/airflow/dags/ingest_local_folder_dag.py for tasks to queue
[2026-01-08T05:26:18.372+0000] {logging_mixin.py:151} INFO - [2026-01-08T05:26:18.371+0000] {dagbag.py:539} INFO - Filling up the DagBag from /opt/airflow/dags/ingest_local_folder_dag.py
[2026-01-08T05:26:18.644+0000] {processor.py:839} INFO - DAG(s) dict_keys(['ingestionDAG']) retrieved from /opt/airflow/dags/ingest_local_folder_dag.py
[2026-01-08T05:26:18.684+0000] {logging_mixin.py:151} INFO - [2026-01-08T05:26:18.684+0000] {dag.py:2915} INFO - Sync 1 DAGs
[2026-01-08T05:26:18.713+0000] {logging_mixin.py:151} INFO - [2026-01-08T05:26:18.713+0000] {dag.py:3696} INFO - Setting next_dagrun for ingestionDAG to 2026-01-08T05:25:48.712802+00:00, run_after=2026-01-08T05:26:18.712802+00:00
[2026-01-08T05:26:18.739+0000] {processor.py:179} INFO - Processing /opt/airflow/dags/ingest_local_folder_dag.py took 0.383 seconds
[2026-01-08T05:26:48.997+0000] {processor.py:157} INFO - Started process (PID=3338) to work on /opt/airflow/dags/ingest_local_folder_dag.py
[2026-01-08T05:26:48.999+0000] {processor.py:829} INFO - Processing file /opt/airflow/dags/ingest_local_folder_dag.py for tasks to queue
[2026-01-08T05:26:49.002+0000] {logging_mixin.py:151} INFO - [2026-01-08T05:26:49.001+0000] {dagbag.py:539} INFO - Filling up the DagBag from /opt/airflow/dags/ingest_local_folder_dag.py
[2026-01-08T05:26:49.277+0000] {processor.py:839} INFO - DAG(s) dict_keys(['ingestionDAG']) retrieved from /opt/airflow/dags/ingest_local_folder_dag.py
[2026-01-08T05:26:49.317+0000] {logging_mixin.py:151} INFO - [2026-01-08T05:26:49.317+0000] {dag.py:2915} INFO - Sync 1 DAGs
[2026-01-08T05:26:49.345+0000] {logging_mixin.py:151} INFO - [2026-01-08T05:26:49.345+0000] {dag.py:3696} INFO - Setting next_dagrun for ingestionDAG to 2026-01-08T05:26:19.345449+00:00, run_after=2026-01-08T05:26:49.345449+00:00
[2026-01-08T05:26:49.365+0000] {processor.py:179} INFO - Processing /opt/airflow/dags/ingest_local_folder_dag.py took 0.380 seconds
[2026-01-08T05:27:20.199+0000] {processor.py:157} INFO - Started process (PID=3349) to work on /opt/airflow/dags/ingest_local_folder_dag.py
[2026-01-08T05:27:20.202+0000] {processor.py:829} INFO - Processing file /opt/airflow/dags/ingest_local_folder_dag.py for tasks to queue
[2026-01-08T05:27:20.204+0000] {logging_mixin.py:151} INFO - [2026-01-08T05:27:20.203+0000] {dagbag.py:539} INFO - Filling up the DagBag from /opt/airflow/dags/ingest_local_folder_dag.py
[2026-01-08T05:27:20.496+0000] {processor.py:839} INFO - DAG(s) dict_keys(['ingestionDAG']) retrieved from /opt/airflow/dags/ingest_local_folder_dag.py
[2026-01-08T05:27:20.535+0000] {logging_mixin.py:151} INFO - [2026-01-08T05:27:20.535+0000] {dag.py:2915} INFO - Sync 1 DAGs
[2026-01-08T05:27:20.561+0000] {logging_mixin.py:151} INFO - [2026-01-08T05:27:20.561+0000] {dag.py:3696} INFO - Setting next_dagrun for ingestionDAG to 2026-01-08T05:26:50.561503+00:00, run_after=2026-01-08T05:27:20.561503+00:00
[2026-01-08T05:27:20.580+0000] {processor.py:179} INFO - Processing /opt/airflow/dags/ingest_local_folder_dag.py took 0.393 seconds
[2026-01-08T05:27:50.809+0000] {processor.py:157} INFO - Started process (PID=3360) to work on /opt/airflow/dags/ingest_local_folder_dag.py
[2026-01-08T05:27:50.812+0000] {processor.py:829} INFO - Processing file /opt/airflow/dags/ingest_local_folder_dag.py for tasks to queue
[2026-01-08T05:27:50.815+0000] {logging_mixin.py:151} INFO - [2026-01-08T05:27:50.813+0000] {dagbag.py:539} INFO - Filling up the DagBag from /opt/airflow/dags/ingest_local_folder_dag.py
[2026-01-08T05:27:51.103+0000] {processor.py:839} INFO - DAG(s) dict_keys(['ingestionDAG']) retrieved from /opt/airflow/dags/ingest_local_folder_dag.py
[2026-01-08T05:27:51.143+0000] {logging_mixin.py:151} INFO - [2026-01-08T05:27:51.143+0000] {dag.py:2915} INFO - Sync 1 DAGs
[2026-01-08T05:27:51.172+0000] {logging_mixin.py:151} INFO - [2026-01-08T05:27:51.171+0000] {dag.py:3696} INFO - Setting next_dagrun for ingestionDAG to 2026-01-08T05:27:21.171656+00:00, run_after=2026-01-08T05:27:51.171656+00:00
[2026-01-08T05:27:51.192+0000] {processor.py:179} INFO - Processing /opt/airflow/dags/ingest_local_folder_dag.py took 0.394 seconds
[2026-01-08T05:28:21.285+0000] {processor.py:157} INFO - Started process (PID=3371) to work on /opt/airflow/dags/ingest_local_folder_dag.py
[2026-01-08T05:28:21.287+0000] {processor.py:829} INFO - Processing file /opt/airflow/dags/ingest_local_folder_dag.py for tasks to queue
[2026-01-08T05:28:21.290+0000] {logging_mixin.py:151} INFO - [2026-01-08T05:28:21.288+0000] {dagbag.py:539} INFO - Filling up the DagBag from /opt/airflow/dags/ingest_local_folder_dag.py
[2026-01-08T05:28:21.568+0000] {processor.py:839} INFO - DAG(s) dict_keys(['ingestionDAG']) retrieved from /opt/airflow/dags/ingest_local_folder_dag.py
[2026-01-08T05:28:21.608+0000] {logging_mixin.py:151} INFO - [2026-01-08T05:28:21.607+0000] {dag.py:2915} INFO - Sync 1 DAGs
[2026-01-08T05:28:21.634+0000] {logging_mixin.py:151} INFO - [2026-01-08T05:28:21.634+0000] {dag.py:3696} INFO - Setting next_dagrun for ingestionDAG to 2026-01-08T05:27:51.634232+00:00, run_after=2026-01-08T05:28:21.634232+00:00
[2026-01-08T05:28:21.653+0000] {processor.py:179} INFO - Processing /opt/airflow/dags/ingest_local_folder_dag.py took 0.380 seconds
[2026-01-08T05:28:51.891+0000] {processor.py:157} INFO - Started process (PID=3382) to work on /opt/airflow/dags/ingest_local_folder_dag.py
[2026-01-08T05:28:51.894+0000] {processor.py:829} INFO - Processing file /opt/airflow/dags/ingest_local_folder_dag.py for tasks to queue
[2026-01-08T05:28:51.896+0000] {logging_mixin.py:151} INFO - [2026-01-08T05:28:51.895+0000] {dagbag.py:539} INFO - Filling up the DagBag from /opt/airflow/dags/ingest_local_folder_dag.py
[2026-01-08T05:28:52.180+0000] {processor.py:839} INFO - DAG(s) dict_keys(['ingestionDAG']) retrieved from /opt/airflow/dags/ingest_local_folder_dag.py
[2026-01-08T05:28:52.219+0000] {logging_mixin.py:151} INFO - [2026-01-08T05:28:52.219+0000] {dag.py:2915} INFO - Sync 1 DAGs
[2026-01-08T05:28:52.248+0000] {logging_mixin.py:151} INFO - [2026-01-08T05:28:52.248+0000] {dag.py:3696} INFO - Setting next_dagrun for ingestionDAG to 2026-01-08T05:28:22.247772+00:00, run_after=2026-01-08T05:28:52.247772+00:00
[2026-01-08T05:28:52.269+0000] {processor.py:179} INFO - Processing /opt/airflow/dags/ingest_local_folder_dag.py took 0.389 seconds
[2026-01-08T05:29:22.521+0000] {processor.py:157} INFO - Started process (PID=3393) to work on /opt/airflow/dags/ingest_local_folder_dag.py
[2026-01-08T05:29:22.523+0000] {processor.py:829} INFO - Processing file /opt/airflow/dags/ingest_local_folder_dag.py for tasks to queue
[2026-01-08T05:29:22.526+0000] {logging_mixin.py:151} INFO - [2026-01-08T05:29:22.525+0000] {dagbag.py:539} INFO - Filling up the DagBag from /opt/airflow/dags/ingest_local_folder_dag.py
[2026-01-08T05:29:22.815+0000] {processor.py:839} INFO - DAG(s) dict_keys(['ingestionDAG']) retrieved from /opt/airflow/dags/ingest_local_folder_dag.py
[2026-01-08T05:29:22.856+0000] {logging_mixin.py:151} INFO - [2026-01-08T05:29:22.855+0000] {dag.py:2915} INFO - Sync 1 DAGs
[2026-01-08T05:29:22.882+0000] {logging_mixin.py:151} INFO - [2026-01-08T05:29:22.882+0000] {dag.py:3696} INFO - Setting next_dagrun for ingestionDAG to 2026-01-08T05:28:52.882382+00:00, run_after=2026-01-08T05:29:22.882382+00:00
[2026-01-08T05:29:22.902+0000] {processor.py:179} INFO - Processing /opt/airflow/dags/ingest_local_folder_dag.py took 0.392 seconds
[2026-01-08T06:16:09.397+0000] {processor.py:157} INFO - Started process (PID=3405) to work on /opt/airflow/dags/ingest_local_folder_dag.py
[2026-01-08T06:16:09.404+0000] {processor.py:829} INFO - Processing file /opt/airflow/dags/ingest_local_folder_dag.py for tasks to queue
[2026-01-08T06:16:09.409+0000] {logging_mixin.py:151} INFO - [2026-01-08T06:16:09.408+0000] {dagbag.py:539} INFO - Filling up the DagBag from /opt/airflow/dags/ingest_local_folder_dag.py
[2026-01-08T06:16:11.123+0000] {processor.py:839} INFO - DAG(s) dict_keys(['ingestionDAG']) retrieved from /opt/airflow/dags/ingest_local_folder_dag.py
[2026-01-08T06:16:11.379+0000] {logging_mixin.py:151} INFO - [2026-01-08T06:16:11.379+0000] {dag.py:2915} INFO - Sync 1 DAGs
[2026-01-08T06:16:11.534+0000] {logging_mixin.py:151} INFO - [2026-01-08T06:16:11.534+0000] {dag.py:3696} INFO - Setting next_dagrun for ingestionDAG to 2026-01-08T06:15:41.534334+00:00, run_after=2026-01-08T06:16:11.534334+00:00
[2026-01-08T06:16:11.621+0000] {processor.py:179} INFO - Processing /opt/airflow/dags/ingest_local_folder_dag.py took 2.255 seconds
[2026-01-08T06:16:41.868+0000] {processor.py:157} INFO - Started process (PID=3421) to work on /opt/airflow/dags/ingest_local_folder_dag.py
[2026-01-08T06:16:41.871+0000] {processor.py:829} INFO - Processing file /opt/airflow/dags/ingest_local_folder_dag.py for tasks to queue
[2026-01-08T06:16:41.873+0000] {logging_mixin.py:151} INFO - [2026-01-08T06:16:41.872+0000] {dagbag.py:539} INFO - Filling up the DagBag from /opt/airflow/dags/ingest_local_folder_dag.py
[2026-01-08T06:16:42.155+0000] {processor.py:839} INFO - DAG(s) dict_keys(['ingestionDAG']) retrieved from /opt/airflow/dags/ingest_local_folder_dag.py
[2026-01-08T06:16:42.193+0000] {logging_mixin.py:151} INFO - [2026-01-08T06:16:42.193+0000] {dag.py:2915} INFO - Sync 1 DAGs
[2026-01-08T06:16:42.219+0000] {logging_mixin.py:151} INFO - [2026-01-08T06:16:42.219+0000] {dag.py:3696} INFO - Setting next_dagrun for ingestionDAG to 2026-01-08T06:16:12.218736+00:00, run_after=2026-01-08T06:16:42.218736+00:00
[2026-01-08T06:16:42.242+0000] {processor.py:179} INFO - Processing /opt/airflow/dags/ingest_local_folder_dag.py took 0.384 seconds
[2026-01-08T06:17:12.472+0000] {processor.py:157} INFO - Started process (PID=3432) to work on /opt/airflow/dags/ingest_local_folder_dag.py
[2026-01-08T06:17:12.475+0000] {processor.py:829} INFO - Processing file /opt/airflow/dags/ingest_local_folder_dag.py for tasks to queue
[2026-01-08T06:17:12.477+0000] {logging_mixin.py:151} INFO - [2026-01-08T06:17:12.476+0000] {dagbag.py:539} INFO - Filling up the DagBag from /opt/airflow/dags/ingest_local_folder_dag.py
[2026-01-08T06:17:12.749+0000] {processor.py:839} INFO - DAG(s) dict_keys(['ingestionDAG']) retrieved from /opt/airflow/dags/ingest_local_folder_dag.py
[2026-01-08T06:17:12.791+0000] {logging_mixin.py:151} INFO - [2026-01-08T06:17:12.791+0000] {dag.py:2915} INFO - Sync 1 DAGs
[2026-01-08T06:17:12.822+0000] {logging_mixin.py:151} INFO - [2026-01-08T06:17:12.822+0000] {dag.py:3696} INFO - Setting next_dagrun for ingestionDAG to 2026-01-08T06:16:42.822328+00:00, run_after=2026-01-08T06:17:12.822328+00:00
[2026-01-08T06:17:12.854+0000] {processor.py:179} INFO - Processing /opt/airflow/dags/ingest_local_folder_dag.py took 0.393 seconds
[2026-01-08T06:17:43.018+0000] {processor.py:157} INFO - Started process (PID=3443) to work on /opt/airflow/dags/ingest_local_folder_dag.py
[2026-01-08T06:17:43.019+0000] {processor.py:829} INFO - Processing file /opt/airflow/dags/ingest_local_folder_dag.py for tasks to queue
[2026-01-08T06:17:43.021+0000] {logging_mixin.py:151} INFO - [2026-01-08T06:17:43.020+0000] {dagbag.py:539} INFO - Filling up the DagBag from /opt/airflow/dags/ingest_local_folder_dag.py
[2026-01-08T06:17:43.284+0000] {processor.py:839} INFO - DAG(s) dict_keys(['ingestionDAG']) retrieved from /opt/airflow/dags/ingest_local_folder_dag.py
[2026-01-08T06:17:43.331+0000] {logging_mixin.py:151} INFO - [2026-01-08T06:17:43.331+0000] {dag.py:2915} INFO - Sync 1 DAGs
[2026-01-08T06:17:43.362+0000] {logging_mixin.py:151} INFO - [2026-01-08T06:17:43.362+0000] {dag.py:3696} INFO - Setting next_dagrun for ingestionDAG to 2026-01-08T06:17:13.362044+00:00, run_after=2026-01-08T06:17:43.362044+00:00
[2026-01-08T06:17:43.385+0000] {processor.py:179} INFO - Processing /opt/airflow/dags/ingest_local_folder_dag.py took 0.375 seconds
[2026-01-08T06:18:13.593+0000] {processor.py:157} INFO - Started process (PID=3454) to work on /opt/airflow/dags/ingest_local_folder_dag.py
[2026-01-08T06:18:13.595+0000] {processor.py:829} INFO - Processing file /opt/airflow/dags/ingest_local_folder_dag.py for tasks to queue
[2026-01-08T06:18:13.598+0000] {logging_mixin.py:151} INFO - [2026-01-08T06:18:13.596+0000] {dagbag.py:539} INFO - Filling up the DagBag from /opt/airflow/dags/ingest_local_folder_dag.py
[2026-01-08T06:18:13.869+0000] {processor.py:839} INFO - DAG(s) dict_keys(['ingestionDAG']) retrieved from /opt/airflow/dags/ingest_local_folder_dag.py
[2026-01-08T06:18:13.909+0000] {logging_mixin.py:151} INFO - [2026-01-08T06:18:13.908+0000] {dag.py:2915} INFO - Sync 1 DAGs
[2026-01-08T06:18:13.939+0000] {logging_mixin.py:151} INFO - [2026-01-08T06:18:13.939+0000] {dag.py:3696} INFO - Setting next_dagrun for ingestionDAG to 2026-01-08T06:17:43.939050+00:00, run_after=2026-01-08T06:18:13.939050+00:00
[2026-01-08T06:18:13.962+0000] {processor.py:179} INFO - Processing /opt/airflow/dags/ingest_local_folder_dag.py took 0.381 seconds
[2026-01-08T06:18:44.792+0000] {processor.py:157} INFO - Started process (PID=3465) to work on /opt/airflow/dags/ingest_local_folder_dag.py
[2026-01-08T06:18:44.795+0000] {processor.py:829} INFO - Processing file /opt/airflow/dags/ingest_local_folder_dag.py for tasks to queue
[2026-01-08T06:18:44.797+0000] {logging_mixin.py:151} INFO - [2026-01-08T06:18:44.796+0000] {dagbag.py:539} INFO - Filling up the DagBag from /opt/airflow/dags/ingest_local_folder_dag.py
[2026-01-08T06:18:45.072+0000] {processor.py:839} INFO - DAG(s) dict_keys(['ingestionDAG']) retrieved from /opt/airflow/dags/ingest_local_folder_dag.py
[2026-01-08T06:18:45.109+0000] {logging_mixin.py:151} INFO - [2026-01-08T06:18:45.109+0000] {dag.py:2915} INFO - Sync 1 DAGs
[2026-01-08T06:18:45.141+0000] {logging_mixin.py:151} INFO - [2026-01-08T06:18:45.141+0000] {dag.py:3696} INFO - Setting next_dagrun for ingestionDAG to 2026-01-08T06:18:15.141131+00:00, run_after=2026-01-08T06:18:45.141131+00:00
[2026-01-08T06:18:45.173+0000] {processor.py:179} INFO - Processing /opt/airflow/dags/ingest_local_folder_dag.py took 0.392 seconds
[2026-01-08T06:19:15.418+0000] {processor.py:157} INFO - Started process (PID=3476) to work on /opt/airflow/dags/ingest_local_folder_dag.py
[2026-01-08T06:19:15.422+0000] {processor.py:829} INFO - Processing file /opt/airflow/dags/ingest_local_folder_dag.py for tasks to queue
[2026-01-08T06:19:15.425+0000] {logging_mixin.py:151} INFO - [2026-01-08T06:19:15.423+0000] {dagbag.py:539} INFO - Filling up the DagBag from /opt/airflow/dags/ingest_local_folder_dag.py
[2026-01-08T06:19:15.774+0000] {processor.py:839} INFO - DAG(s) dict_keys(['ingestionDAG']) retrieved from /opt/airflow/dags/ingest_local_folder_dag.py
[2026-01-08T06:19:15.821+0000] {logging_mixin.py:151} INFO - [2026-01-08T06:19:15.821+0000] {dag.py:2915} INFO - Sync 1 DAGs
[2026-01-08T06:19:15.853+0000] {logging_mixin.py:151} INFO - [2026-01-08T06:19:15.853+0000] {dag.py:3696} INFO - Setting next_dagrun for ingestionDAG to 2026-01-08T06:18:45.852888+00:00, run_after=2026-01-08T06:19:15.852888+00:00
[2026-01-08T06:19:15.876+0000] {processor.py:179} INFO - Processing /opt/airflow/dags/ingest_local_folder_dag.py took 0.471 seconds
[2026-01-08T06:19:46.039+0000] {processor.py:157} INFO - Started process (PID=3487) to work on /opt/airflow/dags/ingest_local_folder_dag.py
[2026-01-08T06:19:46.042+0000] {processor.py:829} INFO - Processing file /opt/airflow/dags/ingest_local_folder_dag.py for tasks to queue
[2026-01-08T06:19:46.044+0000] {logging_mixin.py:151} INFO - [2026-01-08T06:19:46.043+0000] {dagbag.py:539} INFO - Filling up the DagBag from /opt/airflow/dags/ingest_local_folder_dag.py
[2026-01-08T06:19:46.322+0000] {processor.py:839} INFO - DAG(s) dict_keys(['ingestionDAG']) retrieved from /opt/airflow/dags/ingest_local_folder_dag.py
[2026-01-08T06:19:46.362+0000] {logging_mixin.py:151} INFO - [2026-01-08T06:19:46.362+0000] {dag.py:2915} INFO - Sync 1 DAGs
[2026-01-08T06:19:46.390+0000] {logging_mixin.py:151} INFO - [2026-01-08T06:19:46.390+0000] {dag.py:3696} INFO - Setting next_dagrun for ingestionDAG to 2026-01-08T06:19:16.390032+00:00, run_after=2026-01-08T06:19:46.390032+00:00
[2026-01-08T06:19:46.409+0000] {processor.py:179} INFO - Processing /opt/airflow/dags/ingest_local_folder_dag.py took 0.381 seconds
[2026-01-08T06:20:16.635+0000] {processor.py:157} INFO - Started process (PID=3498) to work on /opt/airflow/dags/ingest_local_folder_dag.py
[2026-01-08T06:20:16.638+0000] {processor.py:829} INFO - Processing file /opt/airflow/dags/ingest_local_folder_dag.py for tasks to queue
[2026-01-08T06:20:16.640+0000] {logging_mixin.py:151} INFO - [2026-01-08T06:20:16.639+0000] {dagbag.py:539} INFO - Filling up the DagBag from /opt/airflow/dags/ingest_local_folder_dag.py
[2026-01-08T06:20:16.924+0000] {processor.py:839} INFO - DAG(s) dict_keys(['ingestionDAG']) retrieved from /opt/airflow/dags/ingest_local_folder_dag.py
[2026-01-08T06:20:16.961+0000] {logging_mixin.py:151} INFO - [2026-01-08T06:20:16.961+0000] {dag.py:2915} INFO - Sync 1 DAGs
[2026-01-08T06:20:16.989+0000] {logging_mixin.py:151} INFO - [2026-01-08T06:20:16.989+0000] {dag.py:3696} INFO - Setting next_dagrun for ingestionDAG to 2026-01-08T06:19:46.989231+00:00, run_after=2026-01-08T06:20:16.989231+00:00
[2026-01-08T06:20:17.009+0000] {processor.py:179} INFO - Processing /opt/airflow/dags/ingest_local_folder_dag.py took 0.385 seconds
[2026-01-08T06:20:47.282+0000] {processor.py:157} INFO - Started process (PID=3509) to work on /opt/airflow/dags/ingest_local_folder_dag.py
[2026-01-08T06:20:47.284+0000] {processor.py:829} INFO - Processing file /opt/airflow/dags/ingest_local_folder_dag.py for tasks to queue
[2026-01-08T06:20:47.287+0000] {logging_mixin.py:151} INFO - [2026-01-08T06:20:47.285+0000] {dagbag.py:539} INFO - Filling up the DagBag from /opt/airflow/dags/ingest_local_folder_dag.py
[2026-01-08T06:20:47.572+0000] {processor.py:839} INFO - DAG(s) dict_keys(['ingestionDAG']) retrieved from /opt/airflow/dags/ingest_local_folder_dag.py
[2026-01-08T06:20:47.611+0000] {logging_mixin.py:151} INFO - [2026-01-08T06:20:47.611+0000] {dag.py:2915} INFO - Sync 1 DAGs
[2026-01-08T06:20:47.644+0000] {logging_mixin.py:151} INFO - [2026-01-08T06:20:47.643+0000] {dag.py:3696} INFO - Setting next_dagrun for ingestionDAG to 2026-01-08T06:20:17.643367+00:00, run_after=2026-01-08T06:20:47.643367+00:00
[2026-01-08T06:20:47.672+0000] {processor.py:179} INFO - Processing /opt/airflow/dags/ingest_local_folder_dag.py took 0.401 seconds
[2026-01-08T06:21:17.911+0000] {processor.py:157} INFO - Started process (PID=3520) to work on /opt/airflow/dags/ingest_local_folder_dag.py
[2026-01-08T06:21:17.914+0000] {processor.py:829} INFO - Processing file /opt/airflow/dags/ingest_local_folder_dag.py for tasks to queue
[2026-01-08T06:21:17.916+0000] {logging_mixin.py:151} INFO - [2026-01-08T06:21:17.915+0000] {dagbag.py:539} INFO - Filling up the DagBag from /opt/airflow/dags/ingest_local_folder_dag.py
[2026-01-08T06:21:18.197+0000] {processor.py:839} INFO - DAG(s) dict_keys(['ingestionDAG']) retrieved from /opt/airflow/dags/ingest_local_folder_dag.py
[2026-01-08T06:21:18.235+0000] {logging_mixin.py:151} INFO - [2026-01-08T06:21:18.234+0000] {dag.py:2915} INFO - Sync 1 DAGs
[2026-01-08T06:21:18.261+0000] {logging_mixin.py:151} INFO - [2026-01-08T06:21:18.261+0000] {dag.py:3696} INFO - Setting next_dagrun for ingestionDAG to 2026-01-08T06:20:48.260737+00:00, run_after=2026-01-08T06:21:18.260737+00:00
[2026-01-08T06:21:18.280+0000] {processor.py:179} INFO - Processing /opt/airflow/dags/ingest_local_folder_dag.py took 0.380 seconds
[2026-01-08T06:21:48.338+0000] {processor.py:157} INFO - Started process (PID=3531) to work on /opt/airflow/dags/ingest_local_folder_dag.py
[2026-01-08T06:21:48.340+0000] {processor.py:829} INFO - Processing file /opt/airflow/dags/ingest_local_folder_dag.py for tasks to queue
[2026-01-08T06:21:48.342+0000] {logging_mixin.py:151} INFO - [2026-01-08T06:21:48.341+0000] {dagbag.py:539} INFO - Filling up the DagBag from /opt/airflow/dags/ingest_local_folder_dag.py
[2026-01-08T06:21:48.620+0000] {processor.py:839} INFO - DAG(s) dict_keys(['ingestionDAG']) retrieved from /opt/airflow/dags/ingest_local_folder_dag.py
[2026-01-08T06:21:48.665+0000] {logging_mixin.py:151} INFO - [2026-01-08T06:21:48.665+0000] {dag.py:2915} INFO - Sync 1 DAGs
[2026-01-08T06:21:48.692+0000] {logging_mixin.py:151} INFO - [2026-01-08T06:21:48.692+0000] {dag.py:3696} INFO - Setting next_dagrun for ingestionDAG to 2026-01-08T06:21:18.692101+00:00, run_after=2026-01-08T06:21:48.692101+00:00
[2026-01-08T06:21:48.712+0000] {processor.py:179} INFO - Processing /opt/airflow/dags/ingest_local_folder_dag.py took 0.386 seconds
[2026-01-08T06:22:18.958+0000] {processor.py:157} INFO - Started process (PID=3542) to work on /opt/airflow/dags/ingest_local_folder_dag.py
[2026-01-08T06:22:18.961+0000] {processor.py:829} INFO - Processing file /opt/airflow/dags/ingest_local_folder_dag.py for tasks to queue
[2026-01-08T06:22:18.964+0000] {logging_mixin.py:151} INFO - [2026-01-08T06:22:18.963+0000] {dagbag.py:539} INFO - Filling up the DagBag from /opt/airflow/dags/ingest_local_folder_dag.py
[2026-01-08T06:22:19.245+0000] {processor.py:839} INFO - DAG(s) dict_keys(['ingestionDAG']) retrieved from /opt/airflow/dags/ingest_local_folder_dag.py
[2026-01-08T06:22:19.283+0000] {logging_mixin.py:151} INFO - [2026-01-08T06:22:19.283+0000] {dag.py:2915} INFO - Sync 1 DAGs
[2026-01-08T06:22:19.310+0000] {logging_mixin.py:151} INFO - [2026-01-08T06:22:19.310+0000] {dag.py:3696} INFO - Setting next_dagrun for ingestionDAG to 2026-01-08T06:21:49.309835+00:00, run_after=2026-01-08T06:22:19.309835+00:00
[2026-01-08T06:22:19.331+0000] {processor.py:179} INFO - Processing /opt/airflow/dags/ingest_local_folder_dag.py took 0.384 seconds
[2026-01-08T06:22:49.409+0000] {processor.py:157} INFO - Started process (PID=3553) to work on /opt/airflow/dags/ingest_local_folder_dag.py
[2026-01-08T06:22:49.412+0000] {processor.py:829} INFO - Processing file /opt/airflow/dags/ingest_local_folder_dag.py for tasks to queue
[2026-01-08T06:22:49.414+0000] {logging_mixin.py:151} INFO - [2026-01-08T06:22:49.413+0000] {dagbag.py:539} INFO - Filling up the DagBag from /opt/airflow/dags/ingest_local_folder_dag.py
[2026-01-08T06:22:49.693+0000] {processor.py:839} INFO - DAG(s) dict_keys(['ingestionDAG']) retrieved from /opt/airflow/dags/ingest_local_folder_dag.py
[2026-01-08T06:22:49.730+0000] {logging_mixin.py:151} INFO - [2026-01-08T06:22:49.730+0000] {dag.py:2915} INFO - Sync 1 DAGs
[2026-01-08T06:22:49.758+0000] {logging_mixin.py:151} INFO - [2026-01-08T06:22:49.758+0000] {dag.py:3696} INFO - Setting next_dagrun for ingestionDAG to 2026-01-08T06:22:19.758165+00:00, run_after=2026-01-08T06:22:49.758165+00:00
[2026-01-08T06:22:49.777+0000] {processor.py:179} INFO - Processing /opt/airflow/dags/ingest_local_folder_dag.py took 0.380 seconds
[2026-01-08T06:23:20.011+0000] {processor.py:157} INFO - Started process (PID=3564) to work on /opt/airflow/dags/ingest_local_folder_dag.py
[2026-01-08T06:23:20.014+0000] {processor.py:829} INFO - Processing file /opt/airflow/dags/ingest_local_folder_dag.py for tasks to queue
[2026-01-08T06:23:20.016+0000] {logging_mixin.py:151} INFO - [2026-01-08T06:23:20.015+0000] {dagbag.py:539} INFO - Filling up the DagBag from /opt/airflow/dags/ingest_local_folder_dag.py
[2026-01-08T06:23:20.306+0000] {processor.py:839} INFO - DAG(s) dict_keys(['ingestionDAG']) retrieved from /opt/airflow/dags/ingest_local_folder_dag.py
[2026-01-08T06:23:20.347+0000] {logging_mixin.py:151} INFO - [2026-01-08T06:23:20.346+0000] {dag.py:2915} INFO - Sync 1 DAGs
[2026-01-08T06:23:20.374+0000] {logging_mixin.py:151} INFO - [2026-01-08T06:23:20.373+0000] {dag.py:3696} INFO - Setting next_dagrun for ingestionDAG to 2026-01-08T06:22:50.373697+00:00, run_after=2026-01-08T06:23:20.373697+00:00
[2026-01-08T06:23:20.393+0000] {processor.py:179} INFO - Processing /opt/airflow/dags/ingest_local_folder_dag.py took 0.394 seconds
[2026-01-08T06:23:51.215+0000] {processor.py:157} INFO - Started process (PID=3575) to work on /opt/airflow/dags/ingest_local_folder_dag.py
[2026-01-08T06:23:51.217+0000] {processor.py:829} INFO - Processing file /opt/airflow/dags/ingest_local_folder_dag.py for tasks to queue
[2026-01-08T06:23:51.220+0000] {logging_mixin.py:151} INFO - [2026-01-08T06:23:51.219+0000] {dagbag.py:539} INFO - Filling up the DagBag from /opt/airflow/dags/ingest_local_folder_dag.py
[2026-01-08T06:23:51.494+0000] {processor.py:839} INFO - DAG(s) dict_keys(['ingestionDAG']) retrieved from /opt/airflow/dags/ingest_local_folder_dag.py
[2026-01-08T06:23:51.532+0000] {logging_mixin.py:151} INFO - [2026-01-08T06:23:51.532+0000] {dag.py:2915} INFO - Sync 1 DAGs
[2026-01-08T06:23:51.559+0000] {logging_mixin.py:151} INFO - [2026-01-08T06:23:51.559+0000] {dag.py:3696} INFO - Setting next_dagrun for ingestionDAG to 2026-01-08T06:23:21.559301+00:00, run_after=2026-01-08T06:23:51.559301+00:00
[2026-01-08T06:23:51.578+0000] {processor.py:179} INFO - Processing /opt/airflow/dags/ingest_local_folder_dag.py took 0.375 seconds
[2026-01-08T06:24:21.806+0000] {processor.py:157} INFO - Started process (PID=3586) to work on /opt/airflow/dags/ingest_local_folder_dag.py
[2026-01-08T06:24:21.808+0000] {processor.py:829} INFO - Processing file /opt/airflow/dags/ingest_local_folder_dag.py for tasks to queue
[2026-01-08T06:24:21.811+0000] {logging_mixin.py:151} INFO - [2026-01-08T06:24:21.810+0000] {dagbag.py:539} INFO - Filling up the DagBag from /opt/airflow/dags/ingest_local_folder_dag.py
[2026-01-08T06:24:22.086+0000] {processor.py:839} INFO - DAG(s) dict_keys(['ingestionDAG']) retrieved from /opt/airflow/dags/ingest_local_folder_dag.py
[2026-01-08T06:24:22.124+0000] {logging_mixin.py:151} INFO - [2026-01-08T06:24:22.124+0000] {dag.py:2915} INFO - Sync 1 DAGs
[2026-01-08T06:24:22.151+0000] {logging_mixin.py:151} INFO - [2026-01-08T06:24:22.150+0000] {dag.py:3696} INFO - Setting next_dagrun for ingestionDAG to 2026-01-08T06:23:52.150604+00:00, run_after=2026-01-08T06:24:22.150604+00:00
[2026-01-08T06:24:22.171+0000] {processor.py:179} INFO - Processing /opt/airflow/dags/ingest_local_folder_dag.py took 0.377 seconds
[2026-01-08T06:24:52.238+0000] {processor.py:157} INFO - Started process (PID=3597) to work on /opt/airflow/dags/ingest_local_folder_dag.py
[2026-01-08T06:24:52.241+0000] {processor.py:829} INFO - Processing file /opt/airflow/dags/ingest_local_folder_dag.py for tasks to queue
[2026-01-08T06:24:52.243+0000] {logging_mixin.py:151} INFO - [2026-01-08T06:24:52.242+0000] {dagbag.py:539} INFO - Filling up the DagBag from /opt/airflow/dags/ingest_local_folder_dag.py
[2026-01-08T06:24:52.530+0000] {processor.py:839} INFO - DAG(s) dict_keys(['ingestionDAG']) retrieved from /opt/airflow/dags/ingest_local_folder_dag.py
[2026-01-08T06:24:52.578+0000] {logging_mixin.py:151} INFO - [2026-01-08T06:24:52.578+0000] {dag.py:2915} INFO - Sync 1 DAGs
[2026-01-08T06:24:52.643+0000] {logging_mixin.py:151} INFO - [2026-01-08T06:24:52.642+0000] {dag.py:3696} INFO - Setting next_dagrun for ingestionDAG to 2026-01-08T06:24:22.641856+00:00, run_after=2026-01-08T06:24:52.641856+00:00
[2026-01-08T06:24:52.688+0000] {processor.py:179} INFO - Processing /opt/airflow/dags/ingest_local_folder_dag.py took 0.461 seconds
[2026-01-08T06:25:22.954+0000] {processor.py:157} INFO - Started process (PID=3608) to work on /opt/airflow/dags/ingest_local_folder_dag.py
[2026-01-08T06:25:22.957+0000] {processor.py:829} INFO - Processing file /opt/airflow/dags/ingest_local_folder_dag.py for tasks to queue
[2026-01-08T06:25:22.959+0000] {logging_mixin.py:151} INFO - [2026-01-08T06:25:22.958+0000] {dagbag.py:539} INFO - Filling up the DagBag from /opt/airflow/dags/ingest_local_folder_dag.py
[2026-01-08T06:25:23.238+0000] {processor.py:839} INFO - DAG(s) dict_keys(['ingestionDAG']) retrieved from /opt/airflow/dags/ingest_local_folder_dag.py
[2026-01-08T06:25:23.276+0000] {logging_mixin.py:151} INFO - [2026-01-08T06:25:23.275+0000] {dag.py:2915} INFO - Sync 1 DAGs
[2026-01-08T06:25:23.304+0000] {logging_mixin.py:151} INFO - [2026-01-08T06:25:23.304+0000] {dag.py:3696} INFO - Setting next_dagrun for ingestionDAG to 2026-01-08T06:24:53.304072+00:00, run_after=2026-01-08T06:25:23.304072+00:00
[2026-01-08T06:25:23.323+0000] {processor.py:179} INFO - Processing /opt/airflow/dags/ingest_local_folder_dag.py took 0.380 seconds
[2026-01-08T06:25:53.559+0000] {processor.py:157} INFO - Started process (PID=3619) to work on /opt/airflow/dags/ingest_local_folder_dag.py
[2026-01-08T06:25:53.562+0000] {processor.py:829} INFO - Processing file /opt/airflow/dags/ingest_local_folder_dag.py for tasks to queue
[2026-01-08T06:25:53.565+0000] {logging_mixin.py:151} INFO - [2026-01-08T06:25:53.563+0000] {dagbag.py:539} INFO - Filling up the DagBag from /opt/airflow/dags/ingest_local_folder_dag.py
[2026-01-08T06:25:53.846+0000] {processor.py:839} INFO - DAG(s) dict_keys(['ingestionDAG']) retrieved from /opt/airflow/dags/ingest_local_folder_dag.py
[2026-01-08T06:25:53.884+0000] {logging_mixin.py:151} INFO - [2026-01-08T06:25:53.884+0000] {dag.py:2915} INFO - Sync 1 DAGs
[2026-01-08T06:25:53.919+0000] {logging_mixin.py:151} INFO - [2026-01-08T06:25:53.918+0000] {dag.py:3696} INFO - Setting next_dagrun for ingestionDAG to 2026-01-08T06:25:23.918343+00:00, run_after=2026-01-08T06:25:53.918343+00:00
[2026-01-08T06:25:53.945+0000] {processor.py:179} INFO - Processing /opt/airflow/dags/ingest_local_folder_dag.py took 0.397 seconds
[2026-01-08T06:26:24.194+0000] {processor.py:157} INFO - Started process (PID=3630) to work on /opt/airflow/dags/ingest_local_folder_dag.py
[2026-01-08T06:26:24.196+0000] {processor.py:829} INFO - Processing file /opt/airflow/dags/ingest_local_folder_dag.py for tasks to queue
[2026-01-08T06:26:24.199+0000] {logging_mixin.py:151} INFO - [2026-01-08T06:26:24.197+0000] {dagbag.py:539} INFO - Filling up the DagBag from /opt/airflow/dags/ingest_local_folder_dag.py
[2026-01-08T06:26:24.473+0000] {processor.py:839} INFO - DAG(s) dict_keys(['ingestionDAG']) retrieved from /opt/airflow/dags/ingest_local_folder_dag.py
[2026-01-08T06:26:24.529+0000] {logging_mixin.py:151} INFO - [2026-01-08T06:26:24.529+0000] {dag.py:2915} INFO - Sync 1 DAGs
[2026-01-08T06:26:24.569+0000] {logging_mixin.py:151} INFO - [2026-01-08T06:26:24.569+0000] {dag.py:3696} INFO - Setting next_dagrun for ingestionDAG to 2026-01-08T06:25:54.569185+00:00, run_after=2026-01-08T06:26:24.569185+00:00
[2026-01-08T06:26:24.605+0000] {processor.py:179} INFO - Processing /opt/airflow/dags/ingest_local_folder_dag.py took 0.422 seconds
[2026-01-08T06:26:54.861+0000] {processor.py:157} INFO - Started process (PID=3641) to work on /opt/airflow/dags/ingest_local_folder_dag.py
[2026-01-08T06:26:54.863+0000] {processor.py:829} INFO - Processing file /opt/airflow/dags/ingest_local_folder_dag.py for tasks to queue
[2026-01-08T06:26:54.865+0000] {logging_mixin.py:151} INFO - [2026-01-08T06:26:54.864+0000] {dagbag.py:539} INFO - Filling up the DagBag from /opt/airflow/dags/ingest_local_folder_dag.py
[2026-01-08T06:26:55.151+0000] {processor.py:839} INFO - DAG(s) dict_keys(['ingestionDAG']) retrieved from /opt/airflow/dags/ingest_local_folder_dag.py
[2026-01-08T06:26:55.189+0000] {logging_mixin.py:151} INFO - [2026-01-08T06:26:55.189+0000] {dag.py:2915} INFO - Sync 1 DAGs
[2026-01-08T06:26:55.216+0000] {logging_mixin.py:151} INFO - [2026-01-08T06:26:55.216+0000] {dag.py:3696} INFO - Setting next_dagrun for ingestionDAG to 2026-01-08T06:26:25.216059+00:00, run_after=2026-01-08T06:26:55.216059+00:00
[2026-01-08T06:26:55.235+0000] {processor.py:179} INFO - Processing /opt/airflow/dags/ingest_local_folder_dag.py took 0.386 seconds
[2026-01-08T06:27:25.476+0000] {processor.py:157} INFO - Started process (PID=3652) to work on /opt/airflow/dags/ingest_local_folder_dag.py
[2026-01-08T06:27:25.478+0000] {processor.py:829} INFO - Processing file /opt/airflow/dags/ingest_local_folder_dag.py for tasks to queue
[2026-01-08T06:27:25.480+0000] {logging_mixin.py:151} INFO - [2026-01-08T06:27:25.479+0000] {dagbag.py:539} INFO - Filling up the DagBag from /opt/airflow/dags/ingest_local_folder_dag.py
[2026-01-08T06:27:25.761+0000] {processor.py:839} INFO - DAG(s) dict_keys(['ingestionDAG']) retrieved from /opt/airflow/dags/ingest_local_folder_dag.py
[2026-01-08T06:27:25.799+0000] {logging_mixin.py:151} INFO - [2026-01-08T06:27:25.798+0000] {dag.py:2915} INFO - Sync 1 DAGs
[2026-01-08T06:27:25.825+0000] {logging_mixin.py:151} INFO - [2026-01-08T06:27:25.825+0000] {dag.py:3696} INFO - Setting next_dagrun for ingestionDAG to 2026-01-08T06:26:55.825160+00:00, run_after=2026-01-08T06:27:25.825160+00:00
[2026-01-08T06:27:25.845+0000] {processor.py:179} INFO - Processing /opt/airflow/dags/ingest_local_folder_dag.py took 0.380 seconds
[2026-01-08T06:27:56.078+0000] {processor.py:157} INFO - Started process (PID=3663) to work on /opt/airflow/dags/ingest_local_folder_dag.py
[2026-01-08T06:27:56.080+0000] {processor.py:829} INFO - Processing file /opt/airflow/dags/ingest_local_folder_dag.py for tasks to queue
[2026-01-08T06:27:56.082+0000] {logging_mixin.py:151} INFO - [2026-01-08T06:27:56.081+0000] {dagbag.py:539} INFO - Filling up the DagBag from /opt/airflow/dags/ingest_local_folder_dag.py
[2026-01-08T06:27:56.369+0000] {processor.py:839} INFO - DAG(s) dict_keys(['ingestionDAG']) retrieved from /opt/airflow/dags/ingest_local_folder_dag.py
[2026-01-08T06:27:56.415+0000] {logging_mixin.py:151} INFO - [2026-01-08T06:27:56.414+0000] {dag.py:2915} INFO - Sync 1 DAGs
[2026-01-08T06:27:56.448+0000] {logging_mixin.py:151} INFO - [2026-01-08T06:27:56.447+0000] {dag.py:3696} INFO - Setting next_dagrun for ingestionDAG to 2026-01-08T06:27:26.447541+00:00, run_after=2026-01-08T06:27:56.447541+00:00
[2026-01-08T06:27:56.474+0000] {processor.py:179} INFO - Processing /opt/airflow/dags/ingest_local_folder_dag.py took 0.407 seconds
[2026-01-08T06:28:26.716+0000] {processor.py:157} INFO - Started process (PID=3674) to work on /opt/airflow/dags/ingest_local_folder_dag.py
[2026-01-08T06:28:26.718+0000] {processor.py:829} INFO - Processing file /opt/airflow/dags/ingest_local_folder_dag.py for tasks to queue
[2026-01-08T06:28:26.720+0000] {logging_mixin.py:151} INFO - [2026-01-08T06:28:26.719+0000] {dagbag.py:539} INFO - Filling up the DagBag from /opt/airflow/dags/ingest_local_folder_dag.py
[2026-01-08T06:28:26.994+0000] {processor.py:839} INFO - DAG(s) dict_keys(['ingestionDAG']) retrieved from /opt/airflow/dags/ingest_local_folder_dag.py
[2026-01-08T06:28:27.033+0000] {logging_mixin.py:151} INFO - [2026-01-08T06:28:27.032+0000] {dag.py:2915} INFO - Sync 1 DAGs
[2026-01-08T06:28:27.060+0000] {logging_mixin.py:151} INFO - [2026-01-08T06:28:27.060+0000] {dag.py:3696} INFO - Setting next_dagrun for ingestionDAG to 2026-01-08T06:27:57.060131+00:00, run_after=2026-01-08T06:28:27.060131+00:00
[2026-01-08T06:28:27.079+0000] {processor.py:179} INFO - Processing /opt/airflow/dags/ingest_local_folder_dag.py took 0.375 seconds
[2026-01-08T06:28:57.319+0000] {processor.py:157} INFO - Started process (PID=3685) to work on /opt/airflow/dags/ingest_local_folder_dag.py
[2026-01-08T06:28:57.321+0000] {processor.py:829} INFO - Processing file /opt/airflow/dags/ingest_local_folder_dag.py for tasks to queue
[2026-01-08T06:28:57.324+0000] {logging_mixin.py:151} INFO - [2026-01-08T06:28:57.323+0000] {dagbag.py:539} INFO - Filling up the DagBag from /opt/airflow/dags/ingest_local_folder_dag.py
[2026-01-08T06:28:57.612+0000] {processor.py:839} INFO - DAG(s) dict_keys(['ingestionDAG']) retrieved from /opt/airflow/dags/ingest_local_folder_dag.py
[2026-01-08T06:28:57.677+0000] {logging_mixin.py:151} INFO - [2026-01-08T06:28:57.677+0000] {dag.py:2915} INFO - Sync 1 DAGs
[2026-01-08T06:28:57.742+0000] {logging_mixin.py:151} INFO - [2026-01-08T06:28:57.741+0000] {dag.py:3696} INFO - Setting next_dagrun for ingestionDAG to 2026-01-08T06:28:27.741308+00:00, run_after=2026-01-08T06:28:57.741308+00:00
[2026-01-08T06:28:57.788+0000] {processor.py:179} INFO - Processing /opt/airflow/dags/ingest_local_folder_dag.py took 0.480 seconds
[2026-01-08T06:29:28.046+0000] {processor.py:157} INFO - Started process (PID=3696) to work on /opt/airflow/dags/ingest_local_folder_dag.py
[2026-01-08T06:29:28.049+0000] {processor.py:829} INFO - Processing file /opt/airflow/dags/ingest_local_folder_dag.py for tasks to queue
[2026-01-08T06:29:28.051+0000] {logging_mixin.py:151} INFO - [2026-01-08T06:29:28.050+0000] {dagbag.py:539} INFO - Filling up the DagBag from /opt/airflow/dags/ingest_local_folder_dag.py
[2026-01-08T06:29:28.333+0000] {processor.py:839} INFO - DAG(s) dict_keys(['ingestionDAG']) retrieved from /opt/airflow/dags/ingest_local_folder_dag.py
[2026-01-08T06:29:28.376+0000] {logging_mixin.py:151} INFO - [2026-01-08T06:29:28.375+0000] {dag.py:2915} INFO - Sync 1 DAGs
[2026-01-08T06:29:28.405+0000] {logging_mixin.py:151} INFO - [2026-01-08T06:29:28.405+0000] {dag.py:3696} INFO - Setting next_dagrun for ingestionDAG to 2026-01-08T06:28:58.404944+00:00, run_after=2026-01-08T06:29:28.404944+00:00
[2026-01-08T06:29:28.426+0000] {processor.py:179} INFO - Processing /opt/airflow/dags/ingest_local_folder_dag.py took 0.391 seconds
[2026-01-08T06:29:58.675+0000] {processor.py:157} INFO - Started process (PID=3707) to work on /opt/airflow/dags/ingest_local_folder_dag.py
[2026-01-08T06:29:58.678+0000] {processor.py:829} INFO - Processing file /opt/airflow/dags/ingest_local_folder_dag.py for tasks to queue
[2026-01-08T06:29:58.680+0000] {logging_mixin.py:151} INFO - [2026-01-08T06:29:58.679+0000] {dagbag.py:539} INFO - Filling up the DagBag from /opt/airflow/dags/ingest_local_folder_dag.py
[2026-01-08T06:29:58.956+0000] {processor.py:839} INFO - DAG(s) dict_keys(['ingestionDAG']) retrieved from /opt/airflow/dags/ingest_local_folder_dag.py
[2026-01-08T06:29:58.995+0000] {logging_mixin.py:151} INFO - [2026-01-08T06:29:58.995+0000] {dag.py:2915} INFO - Sync 1 DAGs
[2026-01-08T06:29:59.023+0000] {logging_mixin.py:151} INFO - [2026-01-08T06:29:59.023+0000] {dag.py:3696} INFO - Setting next_dagrun for ingestionDAG to 2026-01-08T06:29:29.023070+00:00, run_after=2026-01-08T06:29:59.023070+00:00
[2026-01-08T06:29:59.043+0000] {processor.py:179} INFO - Processing /opt/airflow/dags/ingest_local_folder_dag.py took 0.379 seconds
[2026-01-08T06:30:29.284+0000] {processor.py:157} INFO - Started process (PID=3718) to work on /opt/airflow/dags/ingest_local_folder_dag.py
[2026-01-08T06:30:29.286+0000] {processor.py:829} INFO - Processing file /opt/airflow/dags/ingest_local_folder_dag.py for tasks to queue
[2026-01-08T06:30:29.288+0000] {logging_mixin.py:151} INFO - [2026-01-08T06:30:29.287+0000] {dagbag.py:539} INFO - Filling up the DagBag from /opt/airflow/dags/ingest_local_folder_dag.py
[2026-01-08T06:30:29.572+0000] {processor.py:839} INFO - DAG(s) dict_keys(['ingestionDAG']) retrieved from /opt/airflow/dags/ingest_local_folder_dag.py
[2026-01-08T06:30:29.610+0000] {logging_mixin.py:151} INFO - [2026-01-08T06:30:29.610+0000] {dag.py:2915} INFO - Sync 1 DAGs
[2026-01-08T06:30:29.638+0000] {logging_mixin.py:151} INFO - [2026-01-08T06:30:29.638+0000] {dag.py:3696} INFO - Setting next_dagrun for ingestionDAG to 2026-01-08T06:29:59.638327+00:00, run_after=2026-01-08T06:30:29.638327+00:00
[2026-01-08T06:30:29.659+0000] {processor.py:179} INFO - Processing /opt/airflow/dags/ingest_local_folder_dag.py took 0.387 seconds
[2026-01-08T06:30:59.892+0000] {processor.py:157} INFO - Started process (PID=3729) to work on /opt/airflow/dags/ingest_local_folder_dag.py
[2026-01-08T06:30:59.894+0000] {processor.py:829} INFO - Processing file /opt/airflow/dags/ingest_local_folder_dag.py for tasks to queue
[2026-01-08T06:30:59.897+0000] {logging_mixin.py:151} INFO - [2026-01-08T06:30:59.896+0000] {dagbag.py:539} INFO - Filling up the DagBag from /opt/airflow/dags/ingest_local_folder_dag.py
[2026-01-08T06:31:00.178+0000] {processor.py:839} INFO - DAG(s) dict_keys(['ingestionDAG']) retrieved from /opt/airflow/dags/ingest_local_folder_dag.py
[2026-01-08T06:31:00.216+0000] {logging_mixin.py:151} INFO - [2026-01-08T06:31:00.216+0000] {dag.py:2915} INFO - Sync 1 DAGs
[2026-01-08T06:31:00.250+0000] {logging_mixin.py:151} INFO - [2026-01-08T06:31:00.250+0000] {dag.py:3696} INFO - Setting next_dagrun for ingestionDAG to 2026-01-08T06:30:30.249770+00:00, run_after=2026-01-08T06:31:00.249770+00:00
[2026-01-08T06:31:00.277+0000] {processor.py:179} INFO - Processing /opt/airflow/dags/ingest_local_folder_dag.py took 0.397 seconds
[2026-01-08T06:31:30.518+0000] {processor.py:157} INFO - Started process (PID=3740) to work on /opt/airflow/dags/ingest_local_folder_dag.py
[2026-01-08T06:31:30.520+0000] {processor.py:829} INFO - Processing file /opt/airflow/dags/ingest_local_folder_dag.py for tasks to queue
[2026-01-08T06:31:30.523+0000] {logging_mixin.py:151} INFO - [2026-01-08T06:31:30.522+0000] {dagbag.py:539} INFO - Filling up the DagBag from /opt/airflow/dags/ingest_local_folder_dag.py
[2026-01-08T06:31:30.805+0000] {processor.py:839} INFO - DAG(s) dict_keys(['ingestionDAG']) retrieved from /opt/airflow/dags/ingest_local_folder_dag.py
[2026-01-08T06:31:30.844+0000] {logging_mixin.py:151} INFO - [2026-01-08T06:31:30.843+0000] {dag.py:2915} INFO - Sync 1 DAGs
[2026-01-08T06:31:30.883+0000] {logging_mixin.py:151} INFO - [2026-01-08T06:31:30.882+0000] {dag.py:3696} INFO - Setting next_dagrun for ingestionDAG to 2026-01-08T06:31:00.882472+00:00, run_after=2026-01-08T06:31:30.882472+00:00
[2026-01-08T06:31:30.916+0000] {processor.py:179} INFO - Processing /opt/airflow/dags/ingest_local_folder_dag.py took 0.409 seconds
[2026-01-08T06:32:00.981+0000] {processor.py:157} INFO - Started process (PID=3751) to work on /opt/airflow/dags/ingest_local_folder_dag.py
[2026-01-08T06:32:00.984+0000] {processor.py:829} INFO - Processing file /opt/airflow/dags/ingest_local_folder_dag.py for tasks to queue
[2026-01-08T06:32:00.986+0000] {logging_mixin.py:151} INFO - [2026-01-08T06:32:00.985+0000] {dagbag.py:539} INFO - Filling up the DagBag from /opt/airflow/dags/ingest_local_folder_dag.py
[2026-01-08T06:32:01.268+0000] {processor.py:839} INFO - DAG(s) dict_keys(['ingestionDAG']) retrieved from /opt/airflow/dags/ingest_local_folder_dag.py
[2026-01-08T06:32:01.309+0000] {logging_mixin.py:151} INFO - [2026-01-08T06:32:01.309+0000] {dag.py:2915} INFO - Sync 1 DAGs
[2026-01-08T06:32:01.336+0000] {logging_mixin.py:151} INFO - [2026-01-08T06:32:01.335+0000] {dag.py:3696} INFO - Setting next_dagrun for ingestionDAG to 2026-01-08T06:31:31.335603+00:00, run_after=2026-01-08T06:32:01.335603+00:00
[2026-01-08T06:32:01.355+0000] {processor.py:179} INFO - Processing /opt/airflow/dags/ingest_local_folder_dag.py took 0.385 seconds
[2026-01-08T06:32:31.569+0000] {processor.py:157} INFO - Started process (PID=3762) to work on /opt/airflow/dags/ingest_local_folder_dag.py
[2026-01-08T06:32:31.570+0000] {processor.py:829} INFO - Processing file /opt/airflow/dags/ingest_local_folder_dag.py for tasks to queue
[2026-01-08T06:32:31.571+0000] {logging_mixin.py:151} INFO - [2026-01-08T06:32:31.570+0000] {dagbag.py:539} INFO - Filling up the DagBag from /opt/airflow/dags/ingest_local_folder_dag.py
[2026-01-08T06:32:31.859+0000] {processor.py:839} INFO - DAG(s) dict_keys(['ingestionDAG']) retrieved from /opt/airflow/dags/ingest_local_folder_dag.py
[2026-01-08T06:32:31.896+0000] {logging_mixin.py:151} INFO - [2026-01-08T06:32:31.895+0000] {dag.py:2915} INFO - Sync 1 DAGs
[2026-01-08T06:32:31.921+0000] {logging_mixin.py:151} INFO - [2026-01-08T06:32:31.920+0000] {dag.py:3696} INFO - Setting next_dagrun for ingestionDAG to 2026-01-08T06:32:01.920616+00:00, run_after=2026-01-08T06:32:31.920616+00:00
[2026-01-08T06:32:31.944+0000] {processor.py:179} INFO - Processing /opt/airflow/dags/ingest_local_folder_dag.py took 0.381 seconds
[2026-01-08T06:33:02.048+0000] {processor.py:157} INFO - Started process (PID=3773) to work on /opt/airflow/dags/ingest_local_folder_dag.py
[2026-01-08T06:33:02.050+0000] {processor.py:829} INFO - Processing file /opt/airflow/dags/ingest_local_folder_dag.py for tasks to queue
[2026-01-08T06:33:02.053+0000] {logging_mixin.py:151} INFO - [2026-01-08T06:33:02.051+0000] {dagbag.py:539} INFO - Filling up the DagBag from /opt/airflow/dags/ingest_local_folder_dag.py
[2026-01-08T06:33:02.336+0000] {processor.py:839} INFO - DAG(s) dict_keys(['ingestionDAG']) retrieved from /opt/airflow/dags/ingest_local_folder_dag.py
[2026-01-08T06:33:02.375+0000] {logging_mixin.py:151} INFO - [2026-01-08T06:33:02.374+0000] {dag.py:2915} INFO - Sync 1 DAGs
[2026-01-08T06:33:02.402+0000] {logging_mixin.py:151} INFO - [2026-01-08T06:33:02.401+0000] {dag.py:3696} INFO - Setting next_dagrun for ingestionDAG to 2026-01-08T06:32:32.401618+00:00, run_after=2026-01-08T06:33:02.401618+00:00
[2026-01-08T06:33:02.421+0000] {processor.py:179} INFO - Processing /opt/airflow/dags/ingest_local_folder_dag.py took 0.385 seconds
[2026-01-08T06:33:32.663+0000] {processor.py:157} INFO - Started process (PID=3784) to work on /opt/airflow/dags/ingest_local_folder_dag.py
[2026-01-08T06:33:32.665+0000] {processor.py:829} INFO - Processing file /opt/airflow/dags/ingest_local_folder_dag.py for tasks to queue
[2026-01-08T06:33:32.668+0000] {logging_mixin.py:151} INFO - [2026-01-08T06:33:32.667+0000] {dagbag.py:539} INFO - Filling up the DagBag from /opt/airflow/dags/ingest_local_folder_dag.py
[2026-01-08T06:33:32.948+0000] {processor.py:839} INFO - DAG(s) dict_keys(['ingestionDAG']) retrieved from /opt/airflow/dags/ingest_local_folder_dag.py
[2026-01-08T06:33:32.988+0000] {logging_mixin.py:151} INFO - [2026-01-08T06:33:32.988+0000] {dag.py:2915} INFO - Sync 1 DAGs
[2026-01-08T06:33:33.015+0000] {logging_mixin.py:151} INFO - [2026-01-08T06:33:33.015+0000] {dag.py:3696} INFO - Setting next_dagrun for ingestionDAG to 2026-01-08T06:33:03.015457+00:00, run_after=2026-01-08T06:33:33.015457+00:00
[2026-01-08T06:33:33.036+0000] {processor.py:179} INFO - Processing /opt/airflow/dags/ingest_local_folder_dag.py took 0.384 seconds
[2026-01-08T06:34:03.278+0000] {processor.py:157} INFO - Started process (PID=3795) to work on /opt/airflow/dags/ingest_local_folder_dag.py
[2026-01-08T06:34:03.281+0000] {processor.py:829} INFO - Processing file /opt/airflow/dags/ingest_local_folder_dag.py for tasks to queue
[2026-01-08T06:34:03.284+0000] {logging_mixin.py:151} INFO - [2026-01-08T06:34:03.282+0000] {dagbag.py:539} INFO - Filling up the DagBag from /opt/airflow/dags/ingest_local_folder_dag.py
[2026-01-08T06:34:03.554+0000] {processor.py:839} INFO - DAG(s) dict_keys(['ingestionDAG']) retrieved from /opt/airflow/dags/ingest_local_folder_dag.py
[2026-01-08T06:34:03.593+0000] {logging_mixin.py:151} INFO - [2026-01-08T06:34:03.593+0000] {dag.py:2915} INFO - Sync 1 DAGs
[2026-01-08T06:34:03.624+0000] {logging_mixin.py:151} INFO - [2026-01-08T06:34:03.624+0000] {dag.py:3696} INFO - Setting next_dagrun for ingestionDAG to 2026-01-08T06:33:33.624204+00:00, run_after=2026-01-08T06:34:03.624204+00:00
[2026-01-08T06:34:03.645+0000] {processor.py:179} INFO - Processing /opt/airflow/dags/ingest_local_folder_dag.py took 0.377 seconds
[2026-01-08T06:34:33.882+0000] {processor.py:157} INFO - Started process (PID=3806) to work on /opt/airflow/dags/ingest_local_folder_dag.py
[2026-01-08T06:34:33.884+0000] {processor.py:829} INFO - Processing file /opt/airflow/dags/ingest_local_folder_dag.py for tasks to queue
[2026-01-08T06:34:33.887+0000] {logging_mixin.py:151} INFO - [2026-01-08T06:34:33.886+0000] {dagbag.py:539} INFO - Filling up the DagBag from /opt/airflow/dags/ingest_local_folder_dag.py
[2026-01-08T06:34:34.166+0000] {processor.py:839} INFO - DAG(s) dict_keys(['ingestionDAG']) retrieved from /opt/airflow/dags/ingest_local_folder_dag.py
[2026-01-08T06:34:34.206+0000] {logging_mixin.py:151} INFO - [2026-01-08T06:34:34.206+0000] {dag.py:2915} INFO - Sync 1 DAGs
[2026-01-08T06:34:34.233+0000] {logging_mixin.py:151} INFO - [2026-01-08T06:34:34.233+0000] {dag.py:3696} INFO - Setting next_dagrun for ingestionDAG to 2026-01-08T06:34:04.233368+00:00, run_after=2026-01-08T06:34:34.233368+00:00
[2026-01-08T06:34:34.253+0000] {processor.py:179} INFO - Processing /opt/airflow/dags/ingest_local_folder_dag.py took 0.383 seconds
[2026-01-08T06:35:05.071+0000] {processor.py:157} INFO - Started process (PID=3817) to work on /opt/airflow/dags/ingest_local_folder_dag.py
[2026-01-08T06:35:05.074+0000] {processor.py:829} INFO - Processing file /opt/airflow/dags/ingest_local_folder_dag.py for tasks to queue
[2026-01-08T06:35:05.075+0000] {logging_mixin.py:151} INFO - [2026-01-08T06:35:05.074+0000] {dagbag.py:539} INFO - Filling up the DagBag from /opt/airflow/dags/ingest_local_folder_dag.py
[2026-01-08T06:35:05.375+0000] {processor.py:839} INFO - DAG(s) dict_keys(['ingestionDAG']) retrieved from /opt/airflow/dags/ingest_local_folder_dag.py
[2026-01-08T06:35:05.424+0000] {logging_mixin.py:151} INFO - [2026-01-08T06:35:05.424+0000] {dag.py:2915} INFO - Sync 1 DAGs
[2026-01-08T06:35:05.463+0000] {logging_mixin.py:151} INFO - [2026-01-08T06:35:05.463+0000] {dag.py:3696} INFO - Setting next_dagrun for ingestionDAG to 2026-01-08T06:34:35.463358+00:00, run_after=2026-01-08T06:35:05.463358+00:00
[2026-01-08T06:35:05.495+0000] {processor.py:179} INFO - Processing /opt/airflow/dags/ingest_local_folder_dag.py took 0.430 seconds
[2026-01-08T09:34:01.127+0000] {processor.py:157} INFO - Started process (PID=3828) to work on /opt/airflow/dags/ingest_local_folder_dag.py
[2026-01-08T09:34:01.133+0000] {processor.py:829} INFO - Processing file /opt/airflow/dags/ingest_local_folder_dag.py for tasks to queue
[2026-01-08T09:34:01.139+0000] {logging_mixin.py:151} INFO - [2026-01-08T09:34:01.136+0000] {dagbag.py:539} INFO - Filling up the DagBag from /opt/airflow/dags/ingest_local_folder_dag.py
[2026-01-08T09:34:01.506+0000] {processor.py:839} INFO - DAG(s) dict_keys(['ingestionDAG']) retrieved from /opt/airflow/dags/ingest_local_folder_dag.py
[2026-01-08T09:34:01.543+0000] {logging_mixin.py:151} INFO - [2026-01-08T09:34:01.543+0000] {dag.py:2915} INFO - Sync 1 DAGs
[2026-01-08T09:34:01.569+0000] {logging_mixin.py:151} INFO - [2026-01-08T09:34:01.568+0000] {dag.py:3696} INFO - Setting next_dagrun for ingestionDAG to 2026-01-08T09:33:31.568556+00:00, run_after=2026-01-08T09:34:01.568556+00:00
[2026-01-08T09:34:01.588+0000] {processor.py:179} INFO - Processing /opt/airflow/dags/ingest_local_folder_dag.py took 0.471 seconds
[2026-01-08T09:34:31.817+0000] {processor.py:157} INFO - Started process (PID=3839) to work on /opt/airflow/dags/ingest_local_folder_dag.py
[2026-01-08T09:34:31.820+0000] {processor.py:829} INFO - Processing file /opt/airflow/dags/ingest_local_folder_dag.py for tasks to queue
[2026-01-08T09:34:31.822+0000] {logging_mixin.py:151} INFO - [2026-01-08T09:34:31.821+0000] {dagbag.py:539} INFO - Filling up the DagBag from /opt/airflow/dags/ingest_local_folder_dag.py
[2026-01-08T09:34:32.106+0000] {processor.py:839} INFO - DAG(s) dict_keys(['ingestionDAG']) retrieved from /opt/airflow/dags/ingest_local_folder_dag.py
[2026-01-08T09:34:32.143+0000] {logging_mixin.py:151} INFO - [2026-01-08T09:34:32.142+0000] {dag.py:2915} INFO - Sync 1 DAGs
[2026-01-08T09:34:32.170+0000] {logging_mixin.py:151} INFO - [2026-01-08T09:34:32.169+0000] {dag.py:3696} INFO - Setting next_dagrun for ingestionDAG to 2026-01-08T09:34:02.169683+00:00, run_after=2026-01-08T09:34:32.169683+00:00
[2026-01-08T09:34:32.196+0000] {processor.py:179} INFO - Processing /opt/airflow/dags/ingest_local_folder_dag.py took 0.390 seconds
[2026-01-08T09:35:02.436+0000] {processor.py:157} INFO - Started process (PID=3850) to work on /opt/airflow/dags/ingest_local_folder_dag.py
[2026-01-08T09:35:02.439+0000] {processor.py:829} INFO - Processing file /opt/airflow/dags/ingest_local_folder_dag.py for tasks to queue
[2026-01-08T09:35:02.441+0000] {logging_mixin.py:151} INFO - [2026-01-08T09:35:02.440+0000] {dagbag.py:539} INFO - Filling up the DagBag from /opt/airflow/dags/ingest_local_folder_dag.py
[2026-01-08T09:35:02.720+0000] {processor.py:839} INFO - DAG(s) dict_keys(['ingestionDAG']) retrieved from /opt/airflow/dags/ingest_local_folder_dag.py
[2026-01-08T09:35:02.758+0000] {logging_mixin.py:151} INFO - [2026-01-08T09:35:02.757+0000] {dag.py:2915} INFO - Sync 1 DAGs
[2026-01-08T09:35:02.786+0000] {logging_mixin.py:151} INFO - [2026-01-08T09:35:02.786+0000] {dag.py:3696} INFO - Setting next_dagrun for ingestionDAG to 2026-01-08T09:34:32.785778+00:00, run_after=2026-01-08T09:35:02.785778+00:00
[2026-01-08T09:35:02.808+0000] {processor.py:179} INFO - Processing /opt/airflow/dags/ingest_local_folder_dag.py took 0.384 seconds
[2026-01-08T09:35:33.047+0000] {processor.py:157} INFO - Started process (PID=3861) to work on /opt/airflow/dags/ingest_local_folder_dag.py
[2026-01-08T09:35:33.049+0000] {processor.py:829} INFO - Processing file /opt/airflow/dags/ingest_local_folder_dag.py for tasks to queue
[2026-01-08T09:35:33.052+0000] {logging_mixin.py:151} INFO - [2026-01-08T09:35:33.051+0000] {dagbag.py:539} INFO - Filling up the DagBag from /opt/airflow/dags/ingest_local_folder_dag.py
[2026-01-08T09:35:33.333+0000] {processor.py:839} INFO - DAG(s) dict_keys(['ingestionDAG']) retrieved from /opt/airflow/dags/ingest_local_folder_dag.py
[2026-01-08T09:35:33.373+0000] {logging_mixin.py:151} INFO - [2026-01-08T09:35:33.373+0000] {dag.py:2915} INFO - Sync 1 DAGs
[2026-01-08T09:35:33.401+0000] {logging_mixin.py:151} INFO - [2026-01-08T09:35:33.401+0000] {dag.py:3696} INFO - Setting next_dagrun for ingestionDAG to 2026-01-08T09:35:03.401305+00:00, run_after=2026-01-08T09:35:33.401305+00:00
[2026-01-08T09:35:33.421+0000] {processor.py:179} INFO - Processing /opt/airflow/dags/ingest_local_folder_dag.py took 0.386 seconds
[2026-01-08T09:36:03.493+0000] {processor.py:157} INFO - Started process (PID=3872) to work on /opt/airflow/dags/ingest_local_folder_dag.py
[2026-01-08T09:36:03.496+0000] {processor.py:829} INFO - Processing file /opt/airflow/dags/ingest_local_folder_dag.py for tasks to queue
[2026-01-08T09:36:03.498+0000] {logging_mixin.py:151} INFO - [2026-01-08T09:36:03.497+0000] {dagbag.py:539} INFO - Filling up the DagBag from /opt/airflow/dags/ingest_local_folder_dag.py
[2026-01-08T09:36:03.785+0000] {processor.py:839} INFO - DAG(s) dict_keys(['ingestionDAG']) retrieved from /opt/airflow/dags/ingest_local_folder_dag.py
[2026-01-08T09:36:03.823+0000] {logging_mixin.py:151} INFO - [2026-01-08T09:36:03.823+0000] {dag.py:2915} INFO - Sync 1 DAGs
[2026-01-08T09:36:03.851+0000] {logging_mixin.py:151} INFO - [2026-01-08T09:36:03.851+0000] {dag.py:3696} INFO - Setting next_dagrun for ingestionDAG to 2026-01-08T09:35:33.850974+00:00, run_after=2026-01-08T09:36:03.850974+00:00
[2026-01-08T09:36:03.876+0000] {processor.py:179} INFO - Processing /opt/airflow/dags/ingest_local_folder_dag.py took 0.394 seconds
[2026-01-08T09:36:34.110+0000] {processor.py:157} INFO - Started process (PID=3883) to work on /opt/airflow/dags/ingest_local_folder_dag.py
[2026-01-08T09:36:34.112+0000] {processor.py:829} INFO - Processing file /opt/airflow/dags/ingest_local_folder_dag.py for tasks to queue
[2026-01-08T09:36:34.115+0000] {logging_mixin.py:151} INFO - [2026-01-08T09:36:34.113+0000] {dagbag.py:539} INFO - Filling up the DagBag from /opt/airflow/dags/ingest_local_folder_dag.py
[2026-01-08T09:36:34.387+0000] {processor.py:839} INFO - DAG(s) dict_keys(['ingestionDAG']) retrieved from /opt/airflow/dags/ingest_local_folder_dag.py
[2026-01-08T09:36:34.426+0000] {logging_mixin.py:151} INFO - [2026-01-08T09:36:34.426+0000] {dag.py:2915} INFO - Sync 1 DAGs
[2026-01-08T09:36:34.456+0000] {logging_mixin.py:151} INFO - [2026-01-08T09:36:34.456+0000] {dag.py:3696} INFO - Setting next_dagrun for ingestionDAG to 2026-01-08T09:36:04.455629+00:00, run_after=2026-01-08T09:36:34.455629+00:00
[2026-01-08T09:36:34.480+0000] {processor.py:179} INFO - Processing /opt/airflow/dags/ingest_local_folder_dag.py took 0.382 seconds
[2026-01-08T09:37:04.551+0000] {processor.py:157} INFO - Started process (PID=3894) to work on /opt/airflow/dags/ingest_local_folder_dag.py
[2026-01-08T09:37:04.554+0000] {processor.py:829} INFO - Processing file /opt/airflow/dags/ingest_local_folder_dag.py for tasks to queue
[2026-01-08T09:37:04.556+0000] {logging_mixin.py:151} INFO - [2026-01-08T09:37:04.555+0000] {dagbag.py:539} INFO - Filling up the DagBag from /opt/airflow/dags/ingest_local_folder_dag.py
[2026-01-08T09:37:04.839+0000] {processor.py:839} INFO - DAG(s) dict_keys(['ingestionDAG']) retrieved from /opt/airflow/dags/ingest_local_folder_dag.py
[2026-01-08T09:37:04.878+0000] {logging_mixin.py:151} INFO - [2026-01-08T09:37:04.878+0000] {dag.py:2915} INFO - Sync 1 DAGs
[2026-01-08T09:37:04.905+0000] {logging_mixin.py:151} INFO - [2026-01-08T09:37:04.905+0000] {dag.py:3696} INFO - Setting next_dagrun for ingestionDAG to 2026-01-08T09:36:34.905196+00:00, run_after=2026-01-08T09:37:04.905196+00:00
[2026-01-08T09:37:04.925+0000] {processor.py:179} INFO - Processing /opt/airflow/dags/ingest_local_folder_dag.py took 0.385 seconds
[2026-01-08T09:37:35.158+0000] {processor.py:157} INFO - Started process (PID=3905) to work on /opt/airflow/dags/ingest_local_folder_dag.py
[2026-01-08T09:37:35.161+0000] {processor.py:829} INFO - Processing file /opt/airflow/dags/ingest_local_folder_dag.py for tasks to queue
[2026-01-08T09:37:35.163+0000] {logging_mixin.py:151} INFO - [2026-01-08T09:37:35.162+0000] {dagbag.py:539} INFO - Filling up the DagBag from /opt/airflow/dags/ingest_local_folder_dag.py
[2026-01-08T09:37:35.444+0000] {processor.py:839} INFO - DAG(s) dict_keys(['ingestionDAG']) retrieved from /opt/airflow/dags/ingest_local_folder_dag.py
[2026-01-08T09:37:35.481+0000] {logging_mixin.py:151} INFO - [2026-01-08T09:37:35.481+0000] {dag.py:2915} INFO - Sync 1 DAGs
[2026-01-08T09:37:35.507+0000] {logging_mixin.py:151} INFO - [2026-01-08T09:37:35.507+0000] {dag.py:3696} INFO - Setting next_dagrun for ingestionDAG to 2026-01-08T09:37:05.507244+00:00, run_after=2026-01-08T09:37:35.507244+00:00
[2026-01-08T09:37:35.526+0000] {processor.py:179} INFO - Processing /opt/airflow/dags/ingest_local_folder_dag.py took 0.380 seconds
[2026-01-08T09:38:05.781+0000] {processor.py:157} INFO - Started process (PID=3916) to work on /opt/airflow/dags/ingest_local_folder_dag.py
[2026-01-08T09:38:05.783+0000] {processor.py:829} INFO - Processing file /opt/airflow/dags/ingest_local_folder_dag.py for tasks to queue
[2026-01-08T09:38:05.786+0000] {logging_mixin.py:151} INFO - [2026-01-08T09:38:05.785+0000] {dagbag.py:539} INFO - Filling up the DagBag from /opt/airflow/dags/ingest_local_folder_dag.py
[2026-01-08T09:38:06.069+0000] {processor.py:839} INFO - DAG(s) dict_keys(['ingestionDAG']) retrieved from /opt/airflow/dags/ingest_local_folder_dag.py
[2026-01-08T09:38:06.107+0000] {logging_mixin.py:151} INFO - [2026-01-08T09:38:06.107+0000] {dag.py:2915} INFO - Sync 1 DAGs
[2026-01-08T09:38:06.136+0000] {logging_mixin.py:151} INFO - [2026-01-08T09:38:06.135+0000] {dag.py:3696} INFO - Setting next_dagrun for ingestionDAG to 2026-01-08T09:37:36.135562+00:00, run_after=2026-01-08T09:38:06.135562+00:00
[2026-01-08T09:38:06.158+0000] {processor.py:179} INFO - Processing /opt/airflow/dags/ingest_local_folder_dag.py took 0.388 seconds
[2026-01-08T09:38:36.399+0000] {processor.py:157} INFO - Started process (PID=3927) to work on /opt/airflow/dags/ingest_local_folder_dag.py
[2026-01-08T09:38:36.401+0000] {processor.py:829} INFO - Processing file /opt/airflow/dags/ingest_local_folder_dag.py for tasks to queue
[2026-01-08T09:38:36.404+0000] {logging_mixin.py:151} INFO - [2026-01-08T09:38:36.403+0000] {dagbag.py:539} INFO - Filling up the DagBag from /opt/airflow/dags/ingest_local_folder_dag.py
[2026-01-08T09:38:36.686+0000] {processor.py:839} INFO - DAG(s) dict_keys(['ingestionDAG']) retrieved from /opt/airflow/dags/ingest_local_folder_dag.py
[2026-01-08T09:38:36.726+0000] {logging_mixin.py:151} INFO - [2026-01-08T09:38:36.726+0000] {dag.py:2915} INFO - Sync 1 DAGs
[2026-01-08T09:38:36.754+0000] {logging_mixin.py:151} INFO - [2026-01-08T09:38:36.754+0000] {dag.py:3696} INFO - Setting next_dagrun for ingestionDAG to 2026-01-08T09:38:06.754303+00:00, run_after=2026-01-08T09:38:36.754303+00:00
[2026-01-08T09:38:36.774+0000] {processor.py:179} INFO - Processing /opt/airflow/dags/ingest_local_folder_dag.py took 0.386 seconds
[2026-01-08T09:39:07.007+0000] {processor.py:157} INFO - Started process (PID=3938) to work on /opt/airflow/dags/ingest_local_folder_dag.py
[2026-01-08T09:39:07.009+0000] {processor.py:829} INFO - Processing file /opt/airflow/dags/ingest_local_folder_dag.py for tasks to queue
[2026-01-08T09:39:07.012+0000] {logging_mixin.py:151} INFO - [2026-01-08T09:39:07.011+0000] {dagbag.py:539} INFO - Filling up the DagBag from /opt/airflow/dags/ingest_local_folder_dag.py
[2026-01-08T09:39:07.298+0000] {processor.py:839} INFO - DAG(s) dict_keys(['ingestionDAG']) retrieved from /opt/airflow/dags/ingest_local_folder_dag.py
[2026-01-08T09:39:07.338+0000] {logging_mixin.py:151} INFO - [2026-01-08T09:39:07.338+0000] {dag.py:2915} INFO - Sync 1 DAGs
[2026-01-08T09:39:07.365+0000] {logging_mixin.py:151} INFO - [2026-01-08T09:39:07.365+0000] {dag.py:3696} INFO - Setting next_dagrun for ingestionDAG to 2026-01-08T09:38:37.365110+00:00, run_after=2026-01-08T09:39:07.365110+00:00
[2026-01-08T09:39:07.385+0000] {processor.py:179} INFO - Processing /opt/airflow/dags/ingest_local_folder_dag.py took 0.389 seconds
[2026-01-08T09:39:37.617+0000] {processor.py:157} INFO - Started process (PID=3949) to work on /opt/airflow/dags/ingest_local_folder_dag.py
[2026-01-08T09:39:37.619+0000] {processor.py:829} INFO - Processing file /opt/airflow/dags/ingest_local_folder_dag.py for tasks to queue
[2026-01-08T09:39:37.622+0000] {logging_mixin.py:151} INFO - [2026-01-08T09:39:37.620+0000] {dagbag.py:539} INFO - Filling up the DagBag from /opt/airflow/dags/ingest_local_folder_dag.py
[2026-01-08T09:39:37.898+0000] {processor.py:839} INFO - DAG(s) dict_keys(['ingestionDAG']) retrieved from /opt/airflow/dags/ingest_local_folder_dag.py
[2026-01-08T09:39:37.939+0000] {logging_mixin.py:151} INFO - [2026-01-08T09:39:37.938+0000] {dag.py:2915} INFO - Sync 1 DAGs
[2026-01-08T09:39:37.965+0000] {logging_mixin.py:151} INFO - [2026-01-08T09:39:37.965+0000] {dag.py:3696} INFO - Setting next_dagrun for ingestionDAG to 2026-01-08T09:39:07.965474+00:00, run_after=2026-01-08T09:39:37.965474+00:00
[2026-01-08T09:39:37.985+0000] {processor.py:179} INFO - Processing /opt/airflow/dags/ingest_local_folder_dag.py took 0.380 seconds
[2026-01-08T09:40:08.233+0000] {processor.py:157} INFO - Started process (PID=3960) to work on /opt/airflow/dags/ingest_local_folder_dag.py
[2026-01-08T09:40:08.235+0000] {processor.py:829} INFO - Processing file /opt/airflow/dags/ingest_local_folder_dag.py for tasks to queue
[2026-01-08T09:40:08.238+0000] {logging_mixin.py:151} INFO - [2026-01-08T09:40:08.237+0000] {dagbag.py:539} INFO - Filling up the DagBag from /opt/airflow/dags/ingest_local_folder_dag.py
[2026-01-08T09:40:08.530+0000] {processor.py:839} INFO - DAG(s) dict_keys(['ingestionDAG']) retrieved from /opt/airflow/dags/ingest_local_folder_dag.py
[2026-01-08T09:40:08.572+0000] {logging_mixin.py:151} INFO - [2026-01-08T09:40:08.571+0000] {dag.py:2915} INFO - Sync 1 DAGs
[2026-01-08T09:40:08.600+0000] {logging_mixin.py:151} INFO - [2026-01-08T09:40:08.600+0000] {dag.py:3696} INFO - Setting next_dagrun for ingestionDAG to 2026-01-08T09:39:38.600226+00:00, run_after=2026-01-08T09:40:08.600226+00:00
[2026-01-08T09:40:08.621+0000] {processor.py:179} INFO - Processing /opt/airflow/dags/ingest_local_folder_dag.py took 0.400 seconds
[2026-01-08T09:40:38.852+0000] {processor.py:157} INFO - Started process (PID=3971) to work on /opt/airflow/dags/ingest_local_folder_dag.py
[2026-01-08T09:40:38.854+0000] {processor.py:829} INFO - Processing file /opt/airflow/dags/ingest_local_folder_dag.py for tasks to queue
[2026-01-08T09:40:38.857+0000] {logging_mixin.py:151} INFO - [2026-01-08T09:40:38.856+0000] {dagbag.py:539} INFO - Filling up the DagBag from /opt/airflow/dags/ingest_local_folder_dag.py
[2026-01-08T09:40:39.137+0000] {processor.py:839} INFO - DAG(s) dict_keys(['ingestionDAG']) retrieved from /opt/airflow/dags/ingest_local_folder_dag.py
[2026-01-08T09:40:39.175+0000] {logging_mixin.py:151} INFO - [2026-01-08T09:40:39.174+0000] {dag.py:2915} INFO - Sync 1 DAGs
[2026-01-08T09:40:39.201+0000] {logging_mixin.py:151} INFO - [2026-01-08T09:40:39.201+0000] {dag.py:3696} INFO - Setting next_dagrun for ingestionDAG to 2026-01-08T09:40:09.201450+00:00, run_after=2026-01-08T09:40:39.201450+00:00
[2026-01-08T09:40:39.220+0000] {processor.py:179} INFO - Processing /opt/airflow/dags/ingest_local_folder_dag.py took 0.380 seconds
[2026-01-08T09:41:09.293+0000] {processor.py:157} INFO - Started process (PID=3982) to work on /opt/airflow/dags/ingest_local_folder_dag.py
[2026-01-08T09:41:09.295+0000] {processor.py:829} INFO - Processing file /opt/airflow/dags/ingest_local_folder_dag.py for tasks to queue
[2026-01-08T09:41:09.298+0000] {logging_mixin.py:151} INFO - [2026-01-08T09:41:09.297+0000] {dagbag.py:539} INFO - Filling up the DagBag from /opt/airflow/dags/ingest_local_folder_dag.py
[2026-01-08T09:41:09.578+0000] {processor.py:839} INFO - DAG(s) dict_keys(['ingestionDAG']) retrieved from /opt/airflow/dags/ingest_local_folder_dag.py
[2026-01-08T09:41:09.618+0000] {logging_mixin.py:151} INFO - [2026-01-08T09:41:09.618+0000] {dag.py:2915} INFO - Sync 1 DAGs
[2026-01-08T09:41:09.645+0000] {logging_mixin.py:151} INFO - [2026-01-08T09:41:09.645+0000] {dag.py:3696} INFO - Setting next_dagrun for ingestionDAG to 2026-01-08T09:40:39.645059+00:00, run_after=2026-01-08T09:41:09.645059+00:00
[2026-01-08T09:41:09.666+0000] {processor.py:179} INFO - Processing /opt/airflow/dags/ingest_local_folder_dag.py took 0.385 seconds
[2026-01-08T09:41:39.900+0000] {processor.py:157} INFO - Started process (PID=3993) to work on /opt/airflow/dags/ingest_local_folder_dag.py
[2026-01-08T09:41:39.903+0000] {processor.py:829} INFO - Processing file /opt/airflow/dags/ingest_local_folder_dag.py for tasks to queue
[2026-01-08T09:41:39.905+0000] {logging_mixin.py:151} INFO - [2026-01-08T09:41:39.904+0000] {dagbag.py:539} INFO - Filling up the DagBag from /opt/airflow/dags/ingest_local_folder_dag.py
[2026-01-08T09:41:40.190+0000] {processor.py:839} INFO - DAG(s) dict_keys(['ingestionDAG']) retrieved from /opt/airflow/dags/ingest_local_folder_dag.py
[2026-01-08T09:41:40.228+0000] {logging_mixin.py:151} INFO - [2026-01-08T09:41:40.228+0000] {dag.py:2915} INFO - Sync 1 DAGs
[2026-01-08T09:41:40.256+0000] {logging_mixin.py:151} INFO - [2026-01-08T09:41:40.256+0000] {dag.py:3696} INFO - Setting next_dagrun for ingestionDAG to 2026-01-08T09:41:10.256432+00:00, run_after=2026-01-08T09:41:40.256432+00:00
[2026-01-08T09:41:40.276+0000] {processor.py:179} INFO - Processing /opt/airflow/dags/ingest_local_folder_dag.py took 0.388 seconds
[2026-01-08T09:42:10.338+0000] {processor.py:157} INFO - Started process (PID=4004) to work on /opt/airflow/dags/ingest_local_folder_dag.py
[2026-01-08T09:42:10.340+0000] {processor.py:829} INFO - Processing file /opt/airflow/dags/ingest_local_folder_dag.py for tasks to queue
[2026-01-08T09:42:10.343+0000] {logging_mixin.py:151} INFO - [2026-01-08T09:42:10.342+0000] {dagbag.py:539} INFO - Filling up the DagBag from /opt/airflow/dags/ingest_local_folder_dag.py
[2026-01-08T09:42:10.621+0000] {processor.py:839} INFO - DAG(s) dict_keys(['ingestionDAG']) retrieved from /opt/airflow/dags/ingest_local_folder_dag.py
[2026-01-08T09:42:10.659+0000] {logging_mixin.py:151} INFO - [2026-01-08T09:42:10.658+0000] {dag.py:2915} INFO - Sync 1 DAGs
[2026-01-08T09:42:10.685+0000] {logging_mixin.py:151} INFO - [2026-01-08T09:42:10.685+0000] {dag.py:3696} INFO - Setting next_dagrun for ingestionDAG to 2026-01-08T09:41:40.685447+00:00, run_after=2026-01-08T09:42:10.685447+00:00
[2026-01-08T09:42:10.705+0000] {processor.py:179} INFO - Processing /opt/airflow/dags/ingest_local_folder_dag.py took 0.378 seconds
[2026-01-08T09:42:41.003+0000] {processor.py:157} INFO - Started process (PID=4015) to work on /opt/airflow/dags/ingest_local_folder_dag.py
[2026-01-08T09:42:41.006+0000] {processor.py:829} INFO - Processing file /opt/airflow/dags/ingest_local_folder_dag.py for tasks to queue
[2026-01-08T09:42:41.008+0000] {logging_mixin.py:151} INFO - [2026-01-08T09:42:41.007+0000] {dagbag.py:539} INFO - Filling up the DagBag from /opt/airflow/dags/ingest_local_folder_dag.py
[2026-01-08T09:42:41.305+0000] {processor.py:839} INFO - DAG(s) dict_keys(['ingestionDAG']) retrieved from /opt/airflow/dags/ingest_local_folder_dag.py
[2026-01-08T09:42:41.348+0000] {logging_mixin.py:151} INFO - [2026-01-08T09:42:41.348+0000] {dag.py:2915} INFO - Sync 1 DAGs
[2026-01-08T09:42:41.379+0000] {logging_mixin.py:151} INFO - [2026-01-08T09:42:41.379+0000] {dag.py:3696} INFO - Setting next_dagrun for ingestionDAG to 2026-01-08T09:42:11.379067+00:00, run_after=2026-01-08T09:42:41.379067+00:00
[2026-01-08T09:42:41.401+0000] {processor.py:179} INFO - Processing /opt/airflow/dags/ingest_local_folder_dag.py took 0.410 seconds
[2026-01-08T09:43:11.633+0000] {processor.py:157} INFO - Started process (PID=4026) to work on /opt/airflow/dags/ingest_local_folder_dag.py
[2026-01-08T09:43:11.636+0000] {processor.py:829} INFO - Processing file /opt/airflow/dags/ingest_local_folder_dag.py for tasks to queue
[2026-01-08T09:43:11.638+0000] {logging_mixin.py:151} INFO - [2026-01-08T09:43:11.637+0000] {dagbag.py:539} INFO - Filling up the DagBag from /opt/airflow/dags/ingest_local_folder_dag.py
[2026-01-08T09:43:11.932+0000] {processor.py:839} INFO - DAG(s) dict_keys(['ingestionDAG']) retrieved from /opt/airflow/dags/ingest_local_folder_dag.py
[2026-01-08T09:43:11.973+0000] {logging_mixin.py:151} INFO - [2026-01-08T09:43:11.973+0000] {dag.py:2915} INFO - Sync 1 DAGs
[2026-01-08T09:43:12.002+0000] {logging_mixin.py:151} INFO - [2026-01-08T09:43:12.002+0000] {dag.py:3696} INFO - Setting next_dagrun for ingestionDAG to 2026-01-08T09:42:42.001916+00:00, run_after=2026-01-08T09:43:12.001916+00:00
[2026-01-08T09:43:12.024+0000] {processor.py:179} INFO - Processing /opt/airflow/dags/ingest_local_folder_dag.py took 0.402 seconds
[2026-01-08T09:43:42.243+0000] {processor.py:157} INFO - Started process (PID=4037) to work on /opt/airflow/dags/ingest_local_folder_dag.py
[2026-01-08T09:43:42.245+0000] {processor.py:829} INFO - Processing file /opt/airflow/dags/ingest_local_folder_dag.py for tasks to queue
[2026-01-08T09:43:42.248+0000] {logging_mixin.py:151} INFO - [2026-01-08T09:43:42.247+0000] {dagbag.py:539} INFO - Filling up the DagBag from /opt/airflow/dags/ingest_local_folder_dag.py
[2026-01-08T09:43:42.621+0000] {processor.py:839} INFO - DAG(s) dict_keys(['ingestionDAG']) retrieved from /opt/airflow/dags/ingest_local_folder_dag.py
[2026-01-08T09:43:42.661+0000] {logging_mixin.py:151} INFO - [2026-01-08T09:43:42.661+0000] {dag.py:2915} INFO - Sync 1 DAGs
[2026-01-08T09:43:42.690+0000] {logging_mixin.py:151} INFO - [2026-01-08T09:43:42.690+0000] {dag.py:3696} INFO - Setting next_dagrun for ingestionDAG to 2026-01-08T09:43:12.690488+00:00, run_after=2026-01-08T09:43:42.690488+00:00
[2026-01-08T09:43:42.711+0000] {processor.py:179} INFO - Processing /opt/airflow/dags/ingest_local_folder_dag.py took 0.479 seconds
[2026-01-08T09:44:12.958+0000] {processor.py:157} INFO - Started process (PID=4048) to work on /opt/airflow/dags/ingest_local_folder_dag.py
[2026-01-08T09:44:12.960+0000] {processor.py:829} INFO - Processing file /opt/airflow/dags/ingest_local_folder_dag.py for tasks to queue
[2026-01-08T09:44:12.963+0000] {logging_mixin.py:151} INFO - [2026-01-08T09:44:12.962+0000] {dagbag.py:539} INFO - Filling up the DagBag from /opt/airflow/dags/ingest_local_folder_dag.py
[2026-01-08T09:44:13.245+0000] {processor.py:839} INFO - DAG(s) dict_keys(['ingestionDAG']) retrieved from /opt/airflow/dags/ingest_local_folder_dag.py
[2026-01-08T09:44:13.292+0000] {logging_mixin.py:151} INFO - [2026-01-08T09:44:13.292+0000] {dag.py:2915} INFO - Sync 1 DAGs
[2026-01-08T09:44:13.327+0000] {logging_mixin.py:151} INFO - [2026-01-08T09:44:13.326+0000] {dag.py:3696} INFO - Setting next_dagrun for ingestionDAG to 2026-01-08T09:43:43.326643+00:00, run_after=2026-01-08T09:44:13.326643+00:00
[2026-01-08T09:44:13.352+0000] {processor.py:179} INFO - Processing /opt/airflow/dags/ingest_local_folder_dag.py took 0.406 seconds
[2026-01-08T09:44:43.559+0000] {processor.py:157} INFO - Started process (PID=4059) to work on /opt/airflow/dags/ingest_local_folder_dag.py
[2026-01-08T09:44:43.560+0000] {processor.py:829} INFO - Processing file /opt/airflow/dags/ingest_local_folder_dag.py for tasks to queue
[2026-01-08T09:44:43.562+0000] {logging_mixin.py:151} INFO - [2026-01-08T09:44:43.561+0000] {dagbag.py:539} INFO - Filling up the DagBag from /opt/airflow/dags/ingest_local_folder_dag.py
[2026-01-08T09:44:43.844+0000] {processor.py:839} INFO - DAG(s) dict_keys(['ingestionDAG']) retrieved from /opt/airflow/dags/ingest_local_folder_dag.py
[2026-01-08T09:44:43.893+0000] {logging_mixin.py:151} INFO - [2026-01-08T09:44:43.893+0000] {dag.py:2915} INFO - Sync 1 DAGs
[2026-01-08T09:44:43.934+0000] {logging_mixin.py:151} INFO - [2026-01-08T09:44:43.933+0000] {dag.py:3696} INFO - Setting next_dagrun for ingestionDAG to 2026-01-08T09:44:13.933332+00:00, run_after=2026-01-08T09:44:43.933332+00:00
[2026-01-08T09:44:43.980+0000] {processor.py:179} INFO - Processing /opt/airflow/dags/ingest_local_folder_dag.py took 0.427 seconds
[2026-01-08T09:45:14.136+0000] {processor.py:157} INFO - Started process (PID=4070) to work on /opt/airflow/dags/ingest_local_folder_dag.py
[2026-01-08T09:45:14.138+0000] {processor.py:829} INFO - Processing file /opt/airflow/dags/ingest_local_folder_dag.py for tasks to queue
[2026-01-08T09:45:14.141+0000] {logging_mixin.py:151} INFO - [2026-01-08T09:45:14.140+0000] {dagbag.py:539} INFO - Filling up the DagBag from /opt/airflow/dags/ingest_local_folder_dag.py
[2026-01-08T09:45:14.495+0000] {processor.py:839} INFO - DAG(s) dict_keys(['ingestionDAG']) retrieved from /opt/airflow/dags/ingest_local_folder_dag.py
[2026-01-08T09:45:14.539+0000] {logging_mixin.py:151} INFO - [2026-01-08T09:45:14.539+0000] {dag.py:2915} INFO - Sync 1 DAGs
[2026-01-08T09:45:14.569+0000] {logging_mixin.py:151} INFO - [2026-01-08T09:45:14.568+0000] {dag.py:3696} INFO - Setting next_dagrun for ingestionDAG to 2026-01-08T09:44:44.568546+00:00, run_after=2026-01-08T09:45:14.568546+00:00
[2026-01-08T09:45:14.589+0000] {processor.py:179} INFO - Processing /opt/airflow/dags/ingest_local_folder_dag.py took 0.465 seconds
[2026-01-08T09:45:44.833+0000] {processor.py:157} INFO - Started process (PID=4081) to work on /opt/airflow/dags/ingest_local_folder_dag.py
[2026-01-08T09:45:44.835+0000] {processor.py:829} INFO - Processing file /opt/airflow/dags/ingest_local_folder_dag.py for tasks to queue
[2026-01-08T09:45:44.838+0000] {logging_mixin.py:151} INFO - [2026-01-08T09:45:44.836+0000] {dagbag.py:539} INFO - Filling up the DagBag from /opt/airflow/dags/ingest_local_folder_dag.py
[2026-01-08T09:45:45.220+0000] {processor.py:839} INFO - DAG(s) dict_keys(['ingestionDAG']) retrieved from /opt/airflow/dags/ingest_local_folder_dag.py
[2026-01-08T09:45:45.270+0000] {logging_mixin.py:151} INFO - [2026-01-08T09:45:45.270+0000] {dag.py:2915} INFO - Sync 1 DAGs
[2026-01-08T09:45:45.299+0000] {logging_mixin.py:151} INFO - [2026-01-08T09:45:45.299+0000] {dag.py:3696} INFO - Setting next_dagrun for ingestionDAG to 2026-01-08T09:45:15.299448+00:00, run_after=2026-01-08T09:45:45.299448+00:00
[2026-01-08T09:45:45.325+0000] {processor.py:179} INFO - Processing /opt/airflow/dags/ingest_local_folder_dag.py took 0.504 seconds
[2026-01-08T09:46:15.491+0000] {processor.py:157} INFO - Started process (PID=4092) to work on /opt/airflow/dags/ingest_local_folder_dag.py
[2026-01-08T09:46:15.493+0000] {processor.py:829} INFO - Processing file /opt/airflow/dags/ingest_local_folder_dag.py for tasks to queue
[2026-01-08T09:46:15.496+0000] {logging_mixin.py:151} INFO - [2026-01-08T09:46:15.495+0000] {dagbag.py:539} INFO - Filling up the DagBag from /opt/airflow/dags/ingest_local_folder_dag.py
[2026-01-08T09:46:15.771+0000] {processor.py:839} INFO - DAG(s) dict_keys(['ingestionDAG']) retrieved from /opt/airflow/dags/ingest_local_folder_dag.py
[2026-01-08T09:46:15.809+0000] {logging_mixin.py:151} INFO - [2026-01-08T09:46:15.809+0000] {dag.py:2915} INFO - Sync 1 DAGs
[2026-01-08T09:46:15.835+0000] {logging_mixin.py:151} INFO - [2026-01-08T09:46:15.835+0000] {dag.py:3696} INFO - Setting next_dagrun for ingestionDAG to 2026-01-08T09:45:45.835283+00:00, run_after=2026-01-08T09:46:15.835283+00:00
[2026-01-08T09:46:15.854+0000] {processor.py:179} INFO - Processing /opt/airflow/dags/ingest_local_folder_dag.py took 0.375 seconds
[2026-01-08T09:46:46.084+0000] {processor.py:157} INFO - Started process (PID=4103) to work on /opt/airflow/dags/ingest_local_folder_dag.py
[2026-01-08T09:46:46.087+0000] {processor.py:829} INFO - Processing file /opt/airflow/dags/ingest_local_folder_dag.py for tasks to queue
[2026-01-08T09:46:46.089+0000] {logging_mixin.py:151} INFO - [2026-01-08T09:46:46.088+0000] {dagbag.py:539} INFO - Filling up the DagBag from /opt/airflow/dags/ingest_local_folder_dag.py
[2026-01-08T09:46:46.409+0000] {processor.py:839} INFO - DAG(s) dict_keys(['ingestionDAG']) retrieved from /opt/airflow/dags/ingest_local_folder_dag.py
[2026-01-08T09:46:46.455+0000] {logging_mixin.py:151} INFO - [2026-01-08T09:46:46.455+0000] {dag.py:2915} INFO - Sync 1 DAGs
[2026-01-08T09:46:46.488+0000] {logging_mixin.py:151} INFO - [2026-01-08T09:46:46.487+0000] {dag.py:3696} INFO - Setting next_dagrun for ingestionDAG to 2026-01-08T09:46:16.487556+00:00, run_after=2026-01-08T09:46:46.487556+00:00
[2026-01-08T09:46:46.511+0000] {processor.py:179} INFO - Processing /opt/airflow/dags/ingest_local_folder_dag.py took 0.438 seconds
[2026-01-08T09:47:16.661+0000] {processor.py:157} INFO - Started process (PID=4114) to work on /opt/airflow/dags/ingest_local_folder_dag.py
[2026-01-08T09:47:16.663+0000] {processor.py:829} INFO - Processing file /opt/airflow/dags/ingest_local_folder_dag.py for tasks to queue
[2026-01-08T09:47:16.666+0000] {logging_mixin.py:151} INFO - [2026-01-08T09:47:16.665+0000] {dagbag.py:539} INFO - Filling up the DagBag from /opt/airflow/dags/ingest_local_folder_dag.py
[2026-01-08T09:47:16.956+0000] {processor.py:839} INFO - DAG(s) dict_keys(['ingestionDAG']) retrieved from /opt/airflow/dags/ingest_local_folder_dag.py
[2026-01-08T09:47:17.001+0000] {logging_mixin.py:151} INFO - [2026-01-08T09:47:17.001+0000] {dag.py:2915} INFO - Sync 1 DAGs
[2026-01-08T09:47:17.033+0000] {logging_mixin.py:151} INFO - [2026-01-08T09:47:17.033+0000] {dag.py:3696} INFO - Setting next_dagrun for ingestionDAG to 2026-01-08T09:46:47.032987+00:00, run_after=2026-01-08T09:47:17.032987+00:00
[2026-01-08T09:47:17.054+0000] {processor.py:179} INFO - Processing /opt/airflow/dags/ingest_local_folder_dag.py took 0.404 seconds
[2026-01-08T09:47:47.286+0000] {processor.py:157} INFO - Started process (PID=4125) to work on /opt/airflow/dags/ingest_local_folder_dag.py
[2026-01-08T09:47:47.288+0000] {processor.py:829} INFO - Processing file /opt/airflow/dags/ingest_local_folder_dag.py for tasks to queue
[2026-01-08T09:47:47.290+0000] {logging_mixin.py:151} INFO - [2026-01-08T09:47:47.289+0000] {dagbag.py:539} INFO - Filling up the DagBag from /opt/airflow/dags/ingest_local_folder_dag.py
[2026-01-08T09:47:47.576+0000] {processor.py:839} INFO - DAG(s) dict_keys(['ingestionDAG']) retrieved from /opt/airflow/dags/ingest_local_folder_dag.py
[2026-01-08T09:47:47.614+0000] {logging_mixin.py:151} INFO - [2026-01-08T09:47:47.614+0000] {dag.py:2915} INFO - Sync 1 DAGs
[2026-01-08T09:47:47.643+0000] {logging_mixin.py:151} INFO - [2026-01-08T09:47:47.643+0000] {dag.py:3696} INFO - Setting next_dagrun for ingestionDAG to 2026-01-08T09:47:17.643299+00:00, run_after=2026-01-08T09:47:47.643299+00:00
[2026-01-08T09:47:47.666+0000] {processor.py:179} INFO - Processing /opt/airflow/dags/ingest_local_folder_dag.py took 0.392 seconds
[2026-01-08T09:48:17.923+0000] {processor.py:157} INFO - Started process (PID=4136) to work on /opt/airflow/dags/ingest_local_folder_dag.py
[2026-01-08T09:48:17.925+0000] {processor.py:829} INFO - Processing file /opt/airflow/dags/ingest_local_folder_dag.py for tasks to queue
[2026-01-08T09:48:17.928+0000] {logging_mixin.py:151} INFO - [2026-01-08T09:48:17.926+0000] {dagbag.py:539} INFO - Filling up the DagBag from /opt/airflow/dags/ingest_local_folder_dag.py
[2026-01-08T09:48:18.199+0000] {processor.py:839} INFO - DAG(s) dict_keys(['ingestionDAG']) retrieved from /opt/airflow/dags/ingest_local_folder_dag.py
[2026-01-08T09:48:18.240+0000] {logging_mixin.py:151} INFO - [2026-01-08T09:48:18.239+0000] {dag.py:2915} INFO - Sync 1 DAGs
[2026-01-08T09:48:18.267+0000] {logging_mixin.py:151} INFO - [2026-01-08T09:48:18.266+0000] {dag.py:3696} INFO - Setting next_dagrun for ingestionDAG to 2026-01-08T09:47:48.266565+00:00, run_after=2026-01-08T09:48:18.266565+00:00
[2026-01-08T09:48:18.286+0000] {processor.py:179} INFO - Processing /opt/airflow/dags/ingest_local_folder_dag.py took 0.374 seconds
[2026-01-08T09:48:48.522+0000] {processor.py:157} INFO - Started process (PID=4147) to work on /opt/airflow/dags/ingest_local_folder_dag.py
[2026-01-08T09:48:48.524+0000] {processor.py:829} INFO - Processing file /opt/airflow/dags/ingest_local_folder_dag.py for tasks to queue
[2026-01-08T09:48:48.527+0000] {logging_mixin.py:151} INFO - [2026-01-08T09:48:48.526+0000] {dagbag.py:539} INFO - Filling up the DagBag from /opt/airflow/dags/ingest_local_folder_dag.py
[2026-01-08T09:48:48.808+0000] {processor.py:839} INFO - DAG(s) dict_keys(['ingestionDAG']) retrieved from /opt/airflow/dags/ingest_local_folder_dag.py
[2026-01-08T09:48:48.846+0000] {logging_mixin.py:151} INFO - [2026-01-08T09:48:48.846+0000] {dag.py:2915} INFO - Sync 1 DAGs
[2026-01-08T09:48:48.873+0000] {logging_mixin.py:151} INFO - [2026-01-08T09:48:48.873+0000] {dag.py:3696} INFO - Setting next_dagrun for ingestionDAG to 2026-01-08T09:48:18.873407+00:00, run_after=2026-01-08T09:48:48.873407+00:00
[2026-01-08T09:48:48.895+0000] {processor.py:179} INFO - Processing /opt/airflow/dags/ingest_local_folder_dag.py took 0.384 seconds
[2026-01-08T09:49:18.987+0000] {processor.py:157} INFO - Started process (PID=4158) to work on /opt/airflow/dags/ingest_local_folder_dag.py
[2026-01-08T09:49:18.990+0000] {processor.py:829} INFO - Processing file /opt/airflow/dags/ingest_local_folder_dag.py for tasks to queue
[2026-01-08T09:49:18.992+0000] {logging_mixin.py:151} INFO - [2026-01-08T09:49:18.991+0000] {dagbag.py:539} INFO - Filling up the DagBag from /opt/airflow/dags/ingest_local_folder_dag.py
[2026-01-08T09:49:19.257+0000] {processor.py:839} INFO - DAG(s) dict_keys(['ingestionDAG']) retrieved from /opt/airflow/dags/ingest_local_folder_dag.py
[2026-01-08T09:49:19.291+0000] {logging_mixin.py:151} INFO - [2026-01-08T09:49:19.291+0000] {dag.py:2915} INFO - Sync 1 DAGs
[2026-01-08T09:49:19.316+0000] {logging_mixin.py:151} INFO - [2026-01-08T09:49:19.316+0000] {dag.py:3696} INFO - Setting next_dagrun for ingestionDAG to 2026-01-08T09:48:49.315754+00:00, run_after=2026-01-08T09:49:19.315754+00:00
[2026-01-08T09:49:19.335+0000] {processor.py:179} INFO - Processing /opt/airflow/dags/ingest_local_folder_dag.py took 0.357 seconds
[2026-01-08T09:49:49.554+0000] {processor.py:157} INFO - Started process (PID=4169) to work on /opt/airflow/dags/ingest_local_folder_dag.py
[2026-01-08T09:49:49.556+0000] {processor.py:829} INFO - Processing file /opt/airflow/dags/ingest_local_folder_dag.py for tasks to queue
[2026-01-08T09:49:49.559+0000] {logging_mixin.py:151} INFO - [2026-01-08T09:49:49.558+0000] {dagbag.py:539} INFO - Filling up the DagBag from /opt/airflow/dags/ingest_local_folder_dag.py
[2026-01-08T09:49:49.855+0000] {processor.py:839} INFO - DAG(s) dict_keys(['ingestionDAG']) retrieved from /opt/airflow/dags/ingest_local_folder_dag.py
[2026-01-08T09:49:49.898+0000] {logging_mixin.py:151} INFO - [2026-01-08T09:49:49.897+0000] {dag.py:2915} INFO - Sync 1 DAGs
[2026-01-08T09:49:49.926+0000] {logging_mixin.py:151} INFO - [2026-01-08T09:49:49.926+0000] {dag.py:3696} INFO - Setting next_dagrun for ingestionDAG to 2026-01-08T09:49:19.925965+00:00, run_after=2026-01-08T09:49:49.925965+00:00
[2026-01-08T09:49:49.948+0000] {processor.py:179} INFO - Processing /opt/airflow/dags/ingest_local_folder_dag.py took 0.406 seconds
[2026-01-08T09:50:20.192+0000] {processor.py:157} INFO - Started process (PID=4180) to work on /opt/airflow/dags/ingest_local_folder_dag.py
[2026-01-08T09:50:20.194+0000] {processor.py:829} INFO - Processing file /opt/airflow/dags/ingest_local_folder_dag.py for tasks to queue
[2026-01-08T09:50:20.196+0000] {logging_mixin.py:151} INFO - [2026-01-08T09:50:20.195+0000] {dagbag.py:539} INFO - Filling up the DagBag from /opt/airflow/dags/ingest_local_folder_dag.py
[2026-01-08T09:50:20.511+0000] {processor.py:839} INFO - DAG(s) dict_keys(['ingestionDAG']) retrieved from /opt/airflow/dags/ingest_local_folder_dag.py
[2026-01-08T09:50:20.551+0000] {logging_mixin.py:151} INFO - [2026-01-08T09:50:20.551+0000] {dag.py:2915} INFO - Sync 1 DAGs
[2026-01-08T09:50:20.579+0000] {logging_mixin.py:151} INFO - [2026-01-08T09:50:20.579+0000] {dag.py:3696} INFO - Setting next_dagrun for ingestionDAG to 2026-01-08T09:49:50.579425+00:00, run_after=2026-01-08T09:50:20.579425+00:00
[2026-01-08T09:50:20.599+0000] {processor.py:179} INFO - Processing /opt/airflow/dags/ingest_local_folder_dag.py took 0.418 seconds
[2026-01-08T09:50:50.821+0000] {processor.py:157} INFO - Started process (PID=4191) to work on /opt/airflow/dags/ingest_local_folder_dag.py
[2026-01-08T09:50:50.824+0000] {processor.py:829} INFO - Processing file /opt/airflow/dags/ingest_local_folder_dag.py for tasks to queue
[2026-01-08T09:50:50.826+0000] {logging_mixin.py:151} INFO - [2026-01-08T09:50:50.825+0000] {dagbag.py:539} INFO - Filling up the DagBag from /opt/airflow/dags/ingest_local_folder_dag.py
[2026-01-08T09:50:51.120+0000] {processor.py:839} INFO - DAG(s) dict_keys(['ingestionDAG']) retrieved from /opt/airflow/dags/ingest_local_folder_dag.py
[2026-01-08T09:50:51.161+0000] {logging_mixin.py:151} INFO - [2026-01-08T09:50:51.161+0000] {dag.py:2915} INFO - Sync 1 DAGs
[2026-01-08T09:50:51.191+0000] {logging_mixin.py:151} INFO - [2026-01-08T09:50:51.190+0000] {dag.py:3696} INFO - Setting next_dagrun for ingestionDAG to 2026-01-08T09:50:21.190600+00:00, run_after=2026-01-08T09:50:51.190600+00:00
[2026-01-08T09:50:51.213+0000] {processor.py:179} INFO - Processing /opt/airflow/dags/ingest_local_folder_dag.py took 0.404 seconds
[2026-01-08T09:51:21.453+0000] {processor.py:157} INFO - Started process (PID=4202) to work on /opt/airflow/dags/ingest_local_folder_dag.py
[2026-01-08T09:51:21.455+0000] {processor.py:829} INFO - Processing file /opt/airflow/dags/ingest_local_folder_dag.py for tasks to queue
[2026-01-08T09:51:21.458+0000] {logging_mixin.py:151} INFO - [2026-01-08T09:51:21.457+0000] {dagbag.py:539} INFO - Filling up the DagBag from /opt/airflow/dags/ingest_local_folder_dag.py
[2026-01-08T09:51:21.867+0000] {processor.py:839} INFO - DAG(s) dict_keys(['ingestionDAG']) retrieved from /opt/airflow/dags/ingest_local_folder_dag.py
[2026-01-08T09:51:21.916+0000] {logging_mixin.py:151} INFO - [2026-01-08T09:51:21.915+0000] {dag.py:2915} INFO - Sync 1 DAGs
[2026-01-08T09:51:21.945+0000] {logging_mixin.py:151} INFO - [2026-01-08T09:51:21.945+0000] {dag.py:3696} INFO - Setting next_dagrun for ingestionDAG to 2026-01-08T09:50:51.945429+00:00, run_after=2026-01-08T09:51:21.945429+00:00
[2026-01-08T09:51:21.968+0000] {processor.py:179} INFO - Processing /opt/airflow/dags/ingest_local_folder_dag.py took 0.527 seconds
[2026-01-08T09:51:52.223+0000] {processor.py:157} INFO - Started process (PID=4213) to work on /opt/airflow/dags/ingest_local_folder_dag.py
[2026-01-08T09:51:52.226+0000] {processor.py:829} INFO - Processing file /opt/airflow/dags/ingest_local_folder_dag.py for tasks to queue
[2026-01-08T09:51:52.228+0000] {logging_mixin.py:151} INFO - [2026-01-08T09:51:52.227+0000] {dagbag.py:539} INFO - Filling up the DagBag from /opt/airflow/dags/ingest_local_folder_dag.py
[2026-01-08T09:51:52.597+0000] {processor.py:839} INFO - DAG(s) dict_keys(['ingestionDAG']) retrieved from /opt/airflow/dags/ingest_local_folder_dag.py
[2026-01-08T09:51:52.652+0000] {logging_mixin.py:151} INFO - [2026-01-08T09:51:52.652+0000] {dag.py:2915} INFO - Sync 1 DAGs
[2026-01-08T09:51:52.687+0000] {logging_mixin.py:151} INFO - [2026-01-08T09:51:52.686+0000] {dag.py:3696} INFO - Setting next_dagrun for ingestionDAG to 2026-01-08T09:51:22.686385+00:00, run_after=2026-01-08T09:51:52.686385+00:00
[2026-01-08T09:51:52.731+0000] {processor.py:179} INFO - Processing /opt/airflow/dags/ingest_local_folder_dag.py took 0.521 seconds
[2026-01-08T09:52:22.996+0000] {processor.py:157} INFO - Started process (PID=4224) to work on /opt/airflow/dags/ingest_local_folder_dag.py
[2026-01-08T09:52:22.999+0000] {processor.py:829} INFO - Processing file /opt/airflow/dags/ingest_local_folder_dag.py for tasks to queue
[2026-01-08T09:52:23.002+0000] {logging_mixin.py:151} INFO - [2026-01-08T09:52:23.000+0000] {dagbag.py:539} INFO - Filling up the DagBag from /opt/airflow/dags/ingest_local_folder_dag.py
[2026-01-08T09:52:23.347+0000] {processor.py:839} INFO - DAG(s) dict_keys(['ingestionDAG']) retrieved from /opt/airflow/dags/ingest_local_folder_dag.py
[2026-01-08T09:52:23.409+0000] {logging_mixin.py:151} INFO - [2026-01-08T09:52:23.408+0000] {dag.py:2915} INFO - Sync 1 DAGs
[2026-01-08T09:52:23.450+0000] {logging_mixin.py:151} INFO - [2026-01-08T09:52:23.450+0000] {dag.py:3696} INFO - Setting next_dagrun for ingestionDAG to 2026-01-08T09:51:53.450025+00:00, run_after=2026-01-08T09:52:23.450025+00:00
[2026-01-08T09:52:23.478+0000] {processor.py:179} INFO - Processing /opt/airflow/dags/ingest_local_folder_dag.py took 0.494 seconds
[2026-01-08T09:52:53.690+0000] {processor.py:157} INFO - Started process (PID=4235) to work on /opt/airflow/dags/ingest_local_folder_dag.py
[2026-01-08T09:52:53.692+0000] {processor.py:829} INFO - Processing file /opt/airflow/dags/ingest_local_folder_dag.py for tasks to queue
[2026-01-08T09:52:53.693+0000] {logging_mixin.py:151} INFO - [2026-01-08T09:52:53.693+0000] {dagbag.py:539} INFO - Filling up the DagBag from /opt/airflow/dags/ingest_local_folder_dag.py
[2026-01-08T09:52:53.992+0000] {processor.py:839} INFO - DAG(s) dict_keys(['ingestionDAG']) retrieved from /opt/airflow/dags/ingest_local_folder_dag.py
[2026-01-08T09:52:54.065+0000] {logging_mixin.py:151} INFO - [2026-01-08T09:52:54.065+0000] {dag.py:2915} INFO - Sync 1 DAGs
[2026-01-08T09:52:54.113+0000] {logging_mixin.py:151} INFO - [2026-01-08T09:52:54.113+0000] {dag.py:3696} INFO - Setting next_dagrun for ingestionDAG to 2026-01-08T09:52:24.113267+00:00, run_after=2026-01-08T09:52:54.113267+00:00
[2026-01-08T09:52:54.138+0000] {processor.py:179} INFO - Processing /opt/airflow/dags/ingest_local_folder_dag.py took 0.455 seconds
[2026-01-08T09:53:24.335+0000] {processor.py:157} INFO - Started process (PID=4246) to work on /opt/airflow/dags/ingest_local_folder_dag.py
[2026-01-08T09:53:24.337+0000] {processor.py:829} INFO - Processing file /opt/airflow/dags/ingest_local_folder_dag.py for tasks to queue
[2026-01-08T09:53:24.341+0000] {logging_mixin.py:151} INFO - [2026-01-08T09:53:24.340+0000] {dagbag.py:539} INFO - Filling up the DagBag from /opt/airflow/dags/ingest_local_folder_dag.py
[2026-01-08T09:53:24.689+0000] {processor.py:839} INFO - DAG(s) dict_keys(['ingestionDAG']) retrieved from /opt/airflow/dags/ingest_local_folder_dag.py
[2026-01-08T09:53:24.737+0000] {logging_mixin.py:151} INFO - [2026-01-08T09:53:24.737+0000] {dag.py:2915} INFO - Sync 1 DAGs
[2026-01-08T09:53:24.773+0000] {logging_mixin.py:151} INFO - [2026-01-08T09:53:24.773+0000] {dag.py:3696} INFO - Setting next_dagrun for ingestionDAG to 2026-01-08T09:52:54.772764+00:00, run_after=2026-01-08T09:53:24.772764+00:00
[2026-01-08T09:53:24.798+0000] {processor.py:179} INFO - Processing /opt/airflow/dags/ingest_local_folder_dag.py took 0.474 seconds
[2026-01-08T09:53:55.543+0000] {processor.py:157} INFO - Started process (PID=4257) to work on /opt/airflow/dags/ingest_local_folder_dag.py
[2026-01-08T09:53:55.547+0000] {processor.py:829} INFO - Processing file /opt/airflow/dags/ingest_local_folder_dag.py for tasks to queue
[2026-01-08T09:53:55.549+0000] {logging_mixin.py:151} INFO - [2026-01-08T09:53:55.548+0000] {dagbag.py:539} INFO - Filling up the DagBag from /opt/airflow/dags/ingest_local_folder_dag.py
[2026-01-08T09:53:55.871+0000] {processor.py:839} INFO - DAG(s) dict_keys(['ingestionDAG']) retrieved from /opt/airflow/dags/ingest_local_folder_dag.py
[2026-01-08T09:53:55.928+0000] {logging_mixin.py:151} INFO - [2026-01-08T09:53:55.928+0000] {dag.py:2915} INFO - Sync 1 DAGs
[2026-01-08T09:53:55.974+0000] {logging_mixin.py:151} INFO - [2026-01-08T09:53:55.973+0000] {dag.py:3696} INFO - Setting next_dagrun for ingestionDAG to 2026-01-08T09:53:25.973571+00:00, run_after=2026-01-08T09:53:55.973571+00:00
[2026-01-08T09:53:56.015+0000] {processor.py:179} INFO - Processing /opt/airflow/dags/ingest_local_folder_dag.py took 0.478 seconds
[2026-01-08T09:54:26.153+0000] {processor.py:157} INFO - Started process (PID=4268) to work on /opt/airflow/dags/ingest_local_folder_dag.py
[2026-01-08T09:54:26.154+0000] {processor.py:829} INFO - Processing file /opt/airflow/dags/ingest_local_folder_dag.py for tasks to queue
[2026-01-08T09:54:26.155+0000] {logging_mixin.py:151} INFO - [2026-01-08T09:54:26.155+0000] {dagbag.py:539} INFO - Filling up the DagBag from /opt/airflow/dags/ingest_local_folder_dag.py
[2026-01-08T09:54:26.459+0000] {processor.py:839} INFO - DAG(s) dict_keys(['ingestionDAG']) retrieved from /opt/airflow/dags/ingest_local_folder_dag.py
[2026-01-08T09:54:26.532+0000] {logging_mixin.py:151} INFO - [2026-01-08T09:54:26.532+0000] {dag.py:2915} INFO - Sync 1 DAGs
[2026-01-08T09:54:26.576+0000] {logging_mixin.py:151} INFO - [2026-01-08T09:54:26.576+0000] {dag.py:3696} INFO - Setting next_dagrun for ingestionDAG to 2026-01-08T09:53:56.576172+00:00, run_after=2026-01-08T09:54:26.576172+00:00
[2026-01-08T09:54:26.613+0000] {processor.py:179} INFO - Processing /opt/airflow/dags/ingest_local_folder_dag.py took 0.466 seconds
[2026-01-08T09:54:56.890+0000] {processor.py:157} INFO - Started process (PID=4279) to work on /opt/airflow/dags/ingest_local_folder_dag.py
[2026-01-08T09:54:56.894+0000] {processor.py:829} INFO - Processing file /opt/airflow/dags/ingest_local_folder_dag.py for tasks to queue
[2026-01-08T09:54:56.898+0000] {logging_mixin.py:151} INFO - [2026-01-08T09:54:56.895+0000] {dagbag.py:539} INFO - Filling up the DagBag from /opt/airflow/dags/ingest_local_folder_dag.py
[2026-01-08T09:54:57.317+0000] {processor.py:839} INFO - DAG(s) dict_keys(['ingestionDAG']) retrieved from /opt/airflow/dags/ingest_local_folder_dag.py
[2026-01-08T09:54:57.413+0000] {logging_mixin.py:151} INFO - [2026-01-08T09:54:57.413+0000] {dag.py:2915} INFO - Sync 1 DAGs
[2026-01-08T09:54:57.467+0000] {logging_mixin.py:151} INFO - [2026-01-08T09:54:57.466+0000] {dag.py:3696} INFO - Setting next_dagrun for ingestionDAG to 2026-01-08T09:54:27.466465+00:00, run_after=2026-01-08T09:54:57.466465+00:00
[2026-01-08T09:54:57.535+0000] {processor.py:179} INFO - Processing /opt/airflow/dags/ingest_local_folder_dag.py took 0.658 seconds
[2026-01-08T09:55:27.727+0000] {processor.py:157} INFO - Started process (PID=4290) to work on /opt/airflow/dags/ingest_local_folder_dag.py
[2026-01-08T09:55:27.730+0000] {processor.py:829} INFO - Processing file /opt/airflow/dags/ingest_local_folder_dag.py for tasks to queue
[2026-01-08T09:55:27.732+0000] {logging_mixin.py:151} INFO - [2026-01-08T09:55:27.731+0000] {dagbag.py:539} INFO - Filling up the DagBag from /opt/airflow/dags/ingest_local_folder_dag.py
[2026-01-08T09:55:28.102+0000] {processor.py:839} INFO - DAG(s) dict_keys(['ingestionDAG']) retrieved from /opt/airflow/dags/ingest_local_folder_dag.py
[2026-01-08T09:55:28.147+0000] {logging_mixin.py:151} INFO - [2026-01-08T09:55:28.147+0000] {dag.py:2915} INFO - Sync 1 DAGs
[2026-01-08T09:55:28.178+0000] {logging_mixin.py:151} INFO - [2026-01-08T09:55:28.178+0000] {dag.py:3696} INFO - Setting next_dagrun for ingestionDAG to 2026-01-08T09:54:58.178088+00:00, run_after=2026-01-08T09:55:28.178088+00:00
[2026-01-08T09:55:28.204+0000] {processor.py:179} INFO - Processing /opt/airflow/dags/ingest_local_folder_dag.py took 0.488 seconds
[2026-01-08T09:55:58.473+0000] {processor.py:157} INFO - Started process (PID=4301) to work on /opt/airflow/dags/ingest_local_folder_dag.py
[2026-01-08T09:55:58.476+0000] {processor.py:829} INFO - Processing file /opt/airflow/dags/ingest_local_folder_dag.py for tasks to queue
[2026-01-08T09:55:58.479+0000] {logging_mixin.py:151} INFO - [2026-01-08T09:55:58.477+0000] {dagbag.py:539} INFO - Filling up the DagBag from /opt/airflow/dags/ingest_local_folder_dag.py
[2026-01-08T09:55:58.845+0000] {processor.py:839} INFO - DAG(s) dict_keys(['ingestionDAG']) retrieved from /opt/airflow/dags/ingest_local_folder_dag.py
[2026-01-08T09:55:58.901+0000] {logging_mixin.py:151} INFO - [2026-01-08T09:55:58.900+0000] {dag.py:2915} INFO - Sync 1 DAGs
[2026-01-08T09:55:58.938+0000] {logging_mixin.py:151} INFO - [2026-01-08T09:55:58.938+0000] {dag.py:3696} INFO - Setting next_dagrun for ingestionDAG to 2026-01-08T09:55:28.937723+00:00, run_after=2026-01-08T09:55:58.937723+00:00
[2026-01-08T09:55:58.964+0000] {processor.py:179} INFO - Processing /opt/airflow/dags/ingest_local_folder_dag.py took 0.503 seconds
[2026-01-08T09:56:29.245+0000] {processor.py:157} INFO - Started process (PID=4312) to work on /opt/airflow/dags/ingest_local_folder_dag.py
[2026-01-08T09:56:29.247+0000] {processor.py:829} INFO - Processing file /opt/airflow/dags/ingest_local_folder_dag.py for tasks to queue
[2026-01-08T09:56:29.250+0000] {logging_mixin.py:151} INFO - [2026-01-08T09:56:29.249+0000] {dagbag.py:539} INFO - Filling up the DagBag from /opt/airflow/dags/ingest_local_folder_dag.py
[2026-01-08T09:56:29.602+0000] {processor.py:839} INFO - DAG(s) dict_keys(['ingestionDAG']) retrieved from /opt/airflow/dags/ingest_local_folder_dag.py
[2026-01-08T09:56:29.652+0000] {logging_mixin.py:151} INFO - [2026-01-08T09:56:29.652+0000] {dag.py:2915} INFO - Sync 1 DAGs
[2026-01-08T09:56:29.715+0000] {logging_mixin.py:151} INFO - [2026-01-08T09:56:29.714+0000] {dag.py:3696} INFO - Setting next_dagrun for ingestionDAG to 2026-01-08T09:55:59.714092+00:00, run_after=2026-01-08T09:56:29.714092+00:00
[2026-01-08T09:56:29.767+0000] {processor.py:179} INFO - Processing /opt/airflow/dags/ingest_local_folder_dag.py took 0.535 seconds
[2026-01-08T09:57:00.065+0000] {processor.py:157} INFO - Started process (PID=4323) to work on /opt/airflow/dags/ingest_local_folder_dag.py
[2026-01-08T09:57:00.071+0000] {processor.py:829} INFO - Processing file /opt/airflow/dags/ingest_local_folder_dag.py for tasks to queue
[2026-01-08T09:57:00.074+0000] {logging_mixin.py:151} INFO - [2026-01-08T09:57:00.072+0000] {dagbag.py:539} INFO - Filling up the DagBag from /opt/airflow/dags/ingest_local_folder_dag.py
[2026-01-08T09:57:00.437+0000] {processor.py:839} INFO - DAG(s) dict_keys(['ingestionDAG']) retrieved from /opt/airflow/dags/ingest_local_folder_dag.py
[2026-01-08T09:57:00.484+0000] {logging_mixin.py:151} INFO - [2026-01-08T09:57:00.484+0000] {dag.py:2915} INFO - Sync 1 DAGs
[2026-01-08T09:57:00.515+0000] {logging_mixin.py:151} INFO - [2026-01-08T09:57:00.515+0000] {dag.py:3696} INFO - Setting next_dagrun for ingestionDAG to 2026-01-08T09:56:30.515235+00:00, run_after=2026-01-08T09:57:00.515235+00:00
[2026-01-08T09:57:00.537+0000] {processor.py:179} INFO - Processing /opt/airflow/dags/ingest_local_folder_dag.py took 0.489 seconds
[2026-01-08T09:57:30.619+0000] {processor.py:157} INFO - Started process (PID=4334) to work on /opt/airflow/dags/ingest_local_folder_dag.py
[2026-01-08T09:57:30.620+0000] {processor.py:829} INFO - Processing file /opt/airflow/dags/ingest_local_folder_dag.py for tasks to queue
[2026-01-08T09:57:30.622+0000] {logging_mixin.py:151} INFO - [2026-01-08T09:57:30.621+0000] {dagbag.py:539} INFO - Filling up the DagBag from /opt/airflow/dags/ingest_local_folder_dag.py
[2026-01-08T09:57:30.900+0000] {processor.py:839} INFO - DAG(s) dict_keys(['ingestionDAG']) retrieved from /opt/airflow/dags/ingest_local_folder_dag.py
[2026-01-08T09:57:30.942+0000] {logging_mixin.py:151} INFO - [2026-01-08T09:57:30.942+0000] {dag.py:2915} INFO - Sync 1 DAGs
[2026-01-08T09:57:30.996+0000] {logging_mixin.py:151} INFO - [2026-01-08T09:57:30.995+0000] {dag.py:3696} INFO - Setting next_dagrun for ingestionDAG to 2026-01-08T09:57:00.995492+00:00, run_after=2026-01-08T09:57:30.995492+00:00
[2026-01-08T09:57:31.032+0000] {processor.py:179} INFO - Processing /opt/airflow/dags/ingest_local_folder_dag.py took 0.419 seconds
[2026-01-08T09:58:01.306+0000] {processor.py:157} INFO - Started process (PID=4345) to work on /opt/airflow/dags/ingest_local_folder_dag.py
[2026-01-08T09:58:01.309+0000] {processor.py:829} INFO - Processing file /opt/airflow/dags/ingest_local_folder_dag.py for tasks to queue
[2026-01-08T09:58:01.311+0000] {logging_mixin.py:151} INFO - [2026-01-08T09:58:01.310+0000] {dagbag.py:539} INFO - Filling up the DagBag from /opt/airflow/dags/ingest_local_folder_dag.py
[2026-01-08T09:58:01.681+0000] {processor.py:839} INFO - DAG(s) dict_keys(['ingestionDAG']) retrieved from /opt/airflow/dags/ingest_local_folder_dag.py
[2026-01-08T09:58:01.725+0000] {logging_mixin.py:151} INFO - [2026-01-08T09:58:01.725+0000] {dag.py:2915} INFO - Sync 1 DAGs
[2026-01-08T09:58:01.755+0000] {logging_mixin.py:151} INFO - [2026-01-08T09:58:01.755+0000] {dag.py:3696} INFO - Setting next_dagrun for ingestionDAG to 2026-01-08T09:57:31.755301+00:00, run_after=2026-01-08T09:58:01.755301+00:00
[2026-01-08T09:58:01.778+0000] {processor.py:179} INFO - Processing /opt/airflow/dags/ingest_local_folder_dag.py took 0.485 seconds
[2026-01-08T09:58:32.075+0000] {processor.py:157} INFO - Started process (PID=4356) to work on /opt/airflow/dags/ingest_local_folder_dag.py
[2026-01-08T09:58:32.078+0000] {processor.py:829} INFO - Processing file /opt/airflow/dags/ingest_local_folder_dag.py for tasks to queue
[2026-01-08T09:58:32.081+0000] {logging_mixin.py:151} INFO - [2026-01-08T09:58:32.079+0000] {dagbag.py:539} INFO - Filling up the DagBag from /opt/airflow/dags/ingest_local_folder_dag.py
[2026-01-08T09:58:32.411+0000] {processor.py:839} INFO - DAG(s) dict_keys(['ingestionDAG']) retrieved from /opt/airflow/dags/ingest_local_folder_dag.py
[2026-01-08T09:58:32.459+0000] {logging_mixin.py:151} INFO - [2026-01-08T09:58:32.459+0000] {dag.py:2915} INFO - Sync 1 DAGs
[2026-01-08T09:58:32.501+0000] {logging_mixin.py:151} INFO - [2026-01-08T09:58:32.501+0000] {dag.py:3696} INFO - Setting next_dagrun for ingestionDAG to 2026-01-08T09:58:02.500829+00:00, run_after=2026-01-08T09:58:32.500829+00:00
[2026-01-08T09:58:32.536+0000] {processor.py:179} INFO - Processing /opt/airflow/dags/ingest_local_folder_dag.py took 0.471 seconds
[2026-01-08T09:59:03.426+0000] {processor.py:157} INFO - Started process (PID=4367) to work on /opt/airflow/dags/ingest_local_folder_dag.py
[2026-01-08T09:59:03.432+0000] {processor.py:829} INFO - Processing file /opt/airflow/dags/ingest_local_folder_dag.py for tasks to queue
[2026-01-08T09:59:03.435+0000] {logging_mixin.py:151} INFO - [2026-01-08T09:59:03.433+0000] {dagbag.py:539} INFO - Filling up the DagBag from /opt/airflow/dags/ingest_local_folder_dag.py
[2026-01-08T09:59:03.801+0000] {processor.py:839} INFO - DAG(s) dict_keys(['ingestionDAG']) retrieved from /opt/airflow/dags/ingest_local_folder_dag.py
[2026-01-08T09:59:03.847+0000] {logging_mixin.py:151} INFO - [2026-01-08T09:59:03.847+0000] {dag.py:2915} INFO - Sync 1 DAGs
[2026-01-08T09:59:03.878+0000] {logging_mixin.py:151} INFO - [2026-01-08T09:59:03.878+0000] {dag.py:3696} INFO - Setting next_dagrun for ingestionDAG to 2026-01-08T09:58:33.878313+00:00, run_after=2026-01-08T09:59:03.878313+00:00
[2026-01-08T09:59:03.900+0000] {processor.py:179} INFO - Processing /opt/airflow/dags/ingest_local_folder_dag.py took 0.487 seconds
[2026-01-08T09:59:34.189+0000] {processor.py:157} INFO - Started process (PID=4378) to work on /opt/airflow/dags/ingest_local_folder_dag.py
[2026-01-08T09:59:34.191+0000] {processor.py:829} INFO - Processing file /opt/airflow/dags/ingest_local_folder_dag.py for tasks to queue
[2026-01-08T09:59:34.194+0000] {logging_mixin.py:151} INFO - [2026-01-08T09:59:34.193+0000] {dagbag.py:539} INFO - Filling up the DagBag from /opt/airflow/dags/ingest_local_folder_dag.py
[2026-01-08T09:59:34.529+0000] {processor.py:839} INFO - DAG(s) dict_keys(['ingestionDAG']) retrieved from /opt/airflow/dags/ingest_local_folder_dag.py
[2026-01-08T09:59:34.580+0000] {logging_mixin.py:151} INFO - [2026-01-08T09:59:34.579+0000] {dag.py:2915} INFO - Sync 1 DAGs
[2026-01-08T09:59:34.653+0000] {logging_mixin.py:151} INFO - [2026-01-08T09:59:34.652+0000] {dag.py:3696} INFO - Setting next_dagrun for ingestionDAG to 2026-01-08T09:59:04.652144+00:00, run_after=2026-01-08T09:59:34.652144+00:00
[2026-01-08T09:59:34.698+0000] {processor.py:179} INFO - Processing /opt/airflow/dags/ingest_local_folder_dag.py took 0.522 seconds
[2026-01-08T10:00:04.855+0000] {processor.py:157} INFO - Started process (PID=4389) to work on /opt/airflow/dags/ingest_local_folder_dag.py
[2026-01-08T10:00:04.858+0000] {processor.py:829} INFO - Processing file /opt/airflow/dags/ingest_local_folder_dag.py for tasks to queue
[2026-01-08T10:00:04.862+0000] {logging_mixin.py:151} INFO - [2026-01-08T10:00:04.860+0000] {dagbag.py:539} INFO - Filling up the DagBag from /opt/airflow/dags/ingest_local_folder_dag.py
[2026-01-08T10:00:05.233+0000] {processor.py:839} INFO - DAG(s) dict_keys(['ingestionDAG']) retrieved from /opt/airflow/dags/ingest_local_folder_dag.py
[2026-01-08T10:00:05.292+0000] {logging_mixin.py:151} INFO - [2026-01-08T10:00:05.292+0000] {dag.py:2915} INFO - Sync 1 DAGs
[2026-01-08T10:00:05.331+0000] {logging_mixin.py:151} INFO - [2026-01-08T10:00:05.331+0000] {dag.py:3696} INFO - Setting next_dagrun for ingestionDAG to 2026-01-08T09:59:35.330788+00:00, run_after=2026-01-08T10:00:05.330788+00:00
[2026-01-08T10:00:05.361+0000] {processor.py:179} INFO - Processing /opt/airflow/dags/ingest_local_folder_dag.py took 0.520 seconds
[2026-01-08T10:00:35.608+0000] {processor.py:157} INFO - Started process (PID=4400) to work on /opt/airflow/dags/ingest_local_folder_dag.py
[2026-01-08T10:00:35.610+0000] {processor.py:829} INFO - Processing file /opt/airflow/dags/ingest_local_folder_dag.py for tasks to queue
[2026-01-08T10:00:35.612+0000] {logging_mixin.py:151} INFO - [2026-01-08T10:00:35.611+0000] {dagbag.py:539} INFO - Filling up the DagBag from /opt/airflow/dags/ingest_local_folder_dag.py
[2026-01-08T10:00:35.973+0000] {processor.py:839} INFO - DAG(s) dict_keys(['ingestionDAG']) retrieved from /opt/airflow/dags/ingest_local_folder_dag.py
[2026-01-08T10:00:36.025+0000] {logging_mixin.py:151} INFO - [2026-01-08T10:00:36.024+0000] {dag.py:2915} INFO - Sync 1 DAGs
[2026-01-08T10:00:36.057+0000] {logging_mixin.py:151} INFO - [2026-01-08T10:00:36.057+0000] {dag.py:3696} INFO - Setting next_dagrun for ingestionDAG to 2026-01-08T10:00:06.057055+00:00, run_after=2026-01-08T10:00:36.057055+00:00
[2026-01-08T10:00:36.089+0000] {processor.py:179} INFO - Processing /opt/airflow/dags/ingest_local_folder_dag.py took 0.492 seconds
[2026-01-08T10:01:06.386+0000] {processor.py:157} INFO - Started process (PID=4411) to work on /opt/airflow/dags/ingest_local_folder_dag.py
[2026-01-08T10:01:06.389+0000] {processor.py:829} INFO - Processing file /opt/airflow/dags/ingest_local_folder_dag.py for tasks to queue
[2026-01-08T10:01:06.392+0000] {logging_mixin.py:151} INFO - [2026-01-08T10:01:06.391+0000] {dagbag.py:539} INFO - Filling up the DagBag from /opt/airflow/dags/ingest_local_folder_dag.py
[2026-01-08T10:01:06.751+0000] {processor.py:839} INFO - DAG(s) dict_keys(['ingestionDAG']) retrieved from /opt/airflow/dags/ingest_local_folder_dag.py
[2026-01-08T10:01:06.805+0000] {logging_mixin.py:151} INFO - [2026-01-08T10:01:06.805+0000] {dag.py:2915} INFO - Sync 1 DAGs
[2026-01-08T10:01:06.846+0000] {logging_mixin.py:151} INFO - [2026-01-08T10:01:06.846+0000] {dag.py:3696} INFO - Setting next_dagrun for ingestionDAG to 2026-01-08T10:00:36.846065+00:00, run_after=2026-01-08T10:01:06.846065+00:00
[2026-01-08T10:01:06.890+0000] {processor.py:179} INFO - Processing /opt/airflow/dags/ingest_local_folder_dag.py took 0.515 seconds
[2026-01-08T10:01:37.171+0000] {processor.py:157} INFO - Started process (PID=4422) to work on /opt/airflow/dags/ingest_local_folder_dag.py
[2026-01-08T10:01:37.173+0000] {processor.py:829} INFO - Processing file /opt/airflow/dags/ingest_local_folder_dag.py for tasks to queue
[2026-01-08T10:01:37.176+0000] {logging_mixin.py:151} INFO - [2026-01-08T10:01:37.175+0000] {dagbag.py:539} INFO - Filling up the DagBag from /opt/airflow/dags/ingest_local_folder_dag.py
[2026-01-08T10:01:37.562+0000] {processor.py:839} INFO - DAG(s) dict_keys(['ingestionDAG']) retrieved from /opt/airflow/dags/ingest_local_folder_dag.py
[2026-01-08T10:01:37.614+0000] {logging_mixin.py:151} INFO - [2026-01-08T10:01:37.614+0000] {dag.py:2915} INFO - Sync 1 DAGs
[2026-01-08T10:01:37.652+0000] {logging_mixin.py:151} INFO - [2026-01-08T10:01:37.651+0000] {dag.py:3696} INFO - Setting next_dagrun for ingestionDAG to 2026-01-08T10:01:07.651517+00:00, run_after=2026-01-08T10:01:37.651517+00:00
[2026-01-08T10:01:37.678+0000] {processor.py:179} INFO - Processing /opt/airflow/dags/ingest_local_folder_dag.py took 0.520 seconds
[2026-01-08T10:02:08.474+0000] {processor.py:157} INFO - Started process (PID=4433) to work on /opt/airflow/dags/ingest_local_folder_dag.py
[2026-01-08T10:02:08.476+0000] {processor.py:829} INFO - Processing file /opt/airflow/dags/ingest_local_folder_dag.py for tasks to queue
[2026-01-08T10:02:08.479+0000] {logging_mixin.py:151} INFO - [2026-01-08T10:02:08.477+0000] {dagbag.py:539} INFO - Filling up the DagBag from /opt/airflow/dags/ingest_local_folder_dag.py
[2026-01-08T10:02:08.881+0000] {processor.py:839} INFO - DAG(s) dict_keys(['ingestionDAG']) retrieved from /opt/airflow/dags/ingest_local_folder_dag.py
[2026-01-08T10:02:08.941+0000] {logging_mixin.py:151} INFO - [2026-01-08T10:02:08.941+0000] {dag.py:2915} INFO - Sync 1 DAGs
[2026-01-08T10:02:08.987+0000] {logging_mixin.py:151} INFO - [2026-01-08T10:02:08.986+0000] {dag.py:3696} INFO - Setting next_dagrun for ingestionDAG to 2026-01-08T10:01:38.986337+00:00, run_after=2026-01-08T10:02:08.986337+00:00
[2026-01-08T10:02:09.020+0000] {processor.py:179} INFO - Processing /opt/airflow/dags/ingest_local_folder_dag.py took 0.557 seconds
[2026-01-08T10:02:39.755+0000] {processor.py:157} INFO - Started process (PID=4444) to work on /opt/airflow/dags/ingest_local_folder_dag.py
[2026-01-08T10:02:39.758+0000] {processor.py:829} INFO - Processing file /opt/airflow/dags/ingest_local_folder_dag.py for tasks to queue
[2026-01-08T10:02:39.762+0000] {logging_mixin.py:151} INFO - [2026-01-08T10:02:39.760+0000] {dagbag.py:539} INFO - Filling up the DagBag from /opt/airflow/dags/ingest_local_folder_dag.py
[2026-01-08T10:02:40.116+0000] {processor.py:839} INFO - DAG(s) dict_keys(['ingestionDAG']) retrieved from /opt/airflow/dags/ingest_local_folder_dag.py
[2026-01-08T10:02:40.161+0000] {logging_mixin.py:151} INFO - [2026-01-08T10:02:40.160+0000] {dag.py:2915} INFO - Sync 1 DAGs
[2026-01-08T10:02:40.191+0000] {logging_mixin.py:151} INFO - [2026-01-08T10:02:40.191+0000] {dag.py:3696} INFO - Setting next_dagrun for ingestionDAG to 2026-01-08T10:02:10.191081+00:00, run_after=2026-01-08T10:02:40.191081+00:00
[2026-01-08T10:02:40.213+0000] {processor.py:179} INFO - Processing /opt/airflow/dags/ingest_local_folder_dag.py took 0.476 seconds
[2026-01-08T10:03:10.466+0000] {processor.py:157} INFO - Started process (PID=4455) to work on /opt/airflow/dags/ingest_local_folder_dag.py
[2026-01-08T10:03:10.468+0000] {processor.py:829} INFO - Processing file /opt/airflow/dags/ingest_local_folder_dag.py for tasks to queue
[2026-01-08T10:03:10.471+0000] {logging_mixin.py:151} INFO - [2026-01-08T10:03:10.469+0000] {dagbag.py:539} INFO - Filling up the DagBag from /opt/airflow/dags/ingest_local_folder_dag.py
[2026-01-08T10:03:10.956+0000] {processor.py:839} INFO - DAG(s) dict_keys(['ingestionDAG']) retrieved from /opt/airflow/dags/ingest_local_folder_dag.py
[2026-01-08T10:03:11.011+0000] {logging_mixin.py:151} INFO - [2026-01-08T10:03:11.011+0000] {dag.py:2915} INFO - Sync 1 DAGs
[2026-01-08T10:03:11.045+0000] {logging_mixin.py:151} INFO - [2026-01-08T10:03:11.045+0000] {dag.py:3696} INFO - Setting next_dagrun for ingestionDAG to 2026-01-08T10:02:41.045363+00:00, run_after=2026-01-08T10:03:11.045363+00:00
[2026-01-08T10:03:11.076+0000] {processor.py:179} INFO - Processing /opt/airflow/dags/ingest_local_folder_dag.py took 0.622 seconds
[2026-01-08T10:03:41.359+0000] {processor.py:157} INFO - Started process (PID=4466) to work on /opt/airflow/dags/ingest_local_folder_dag.py
[2026-01-08T10:03:41.361+0000] {processor.py:829} INFO - Processing file /opt/airflow/dags/ingest_local_folder_dag.py for tasks to queue
[2026-01-08T10:03:41.364+0000] {logging_mixin.py:151} INFO - [2026-01-08T10:03:41.363+0000] {dagbag.py:539} INFO - Filling up the DagBag from /opt/airflow/dags/ingest_local_folder_dag.py
[2026-01-08T10:03:41.748+0000] {processor.py:839} INFO - DAG(s) dict_keys(['ingestionDAG']) retrieved from /opt/airflow/dags/ingest_local_folder_dag.py
[2026-01-08T10:03:41.806+0000] {logging_mixin.py:151} INFO - [2026-01-08T10:03:41.806+0000] {dag.py:2915} INFO - Sync 1 DAGs
[2026-01-08T10:03:41.848+0000] {logging_mixin.py:151} INFO - [2026-01-08T10:03:41.848+0000] {dag.py:3696} INFO - Setting next_dagrun for ingestionDAG to 2026-01-08T10:03:11.847815+00:00, run_after=2026-01-08T10:03:41.847815+00:00
[2026-01-08T10:03:41.884+0000] {processor.py:179} INFO - Processing /opt/airflow/dags/ingest_local_folder_dag.py took 0.536 seconds
[2026-01-08T10:04:12.250+0000] {processor.py:157} INFO - Started process (PID=4477) to work on /opt/airflow/dags/ingest_local_folder_dag.py
[2026-01-08T10:04:12.254+0000] {processor.py:829} INFO - Processing file /opt/airflow/dags/ingest_local_folder_dag.py for tasks to queue
[2026-01-08T10:04:12.258+0000] {logging_mixin.py:151} INFO - [2026-01-08T10:04:12.255+0000] {dagbag.py:539} INFO - Filling up the DagBag from /opt/airflow/dags/ingest_local_folder_dag.py
[2026-01-08T10:04:12.639+0000] {processor.py:839} INFO - DAG(s) dict_keys(['ingestionDAG']) retrieved from /opt/airflow/dags/ingest_local_folder_dag.py
[2026-01-08T10:04:12.692+0000] {logging_mixin.py:151} INFO - [2026-01-08T10:04:12.692+0000] {dag.py:2915} INFO - Sync 1 DAGs
[2026-01-08T10:04:12.732+0000] {logging_mixin.py:151} INFO - [2026-01-08T10:04:12.731+0000] {dag.py:3696} INFO - Setting next_dagrun for ingestionDAG to 2026-01-08T10:03:42.731449+00:00, run_after=2026-01-08T10:04:12.731449+00:00
[2026-01-08T10:04:12.759+0000] {processor.py:179} INFO - Processing /opt/airflow/dags/ingest_local_folder_dag.py took 0.522 seconds
[2026-01-08T10:04:43.617+0000] {processor.py:157} INFO - Started process (PID=4488) to work on /opt/airflow/dags/ingest_local_folder_dag.py
[2026-01-08T10:04:43.620+0000] {processor.py:829} INFO - Processing file /opt/airflow/dags/ingest_local_folder_dag.py for tasks to queue
[2026-01-08T10:04:43.623+0000] {logging_mixin.py:151} INFO - [2026-01-08T10:04:43.621+0000] {dagbag.py:539} INFO - Filling up the DagBag from /opt/airflow/dags/ingest_local_folder_dag.py
[2026-01-08T10:04:43.933+0000] {processor.py:839} INFO - DAG(s) dict_keys(['ingestionDAG']) retrieved from /opt/airflow/dags/ingest_local_folder_dag.py
[2026-01-08T10:04:43.989+0000] {logging_mixin.py:151} INFO - [2026-01-08T10:04:43.989+0000] {dag.py:2915} INFO - Sync 1 DAGs
[2026-01-08T10:04:44.043+0000] {logging_mixin.py:151} INFO - [2026-01-08T10:04:44.043+0000] {dag.py:3696} INFO - Setting next_dagrun for ingestionDAG to 2026-01-08T10:04:14.042908+00:00, run_after=2026-01-08T10:04:44.042908+00:00
[2026-01-08T10:04:44.076+0000] {processor.py:179} INFO - Processing /opt/airflow/dags/ingest_local_folder_dag.py took 0.472 seconds
[2026-01-08T10:05:14.938+0000] {processor.py:157} INFO - Started process (PID=4503) to work on /opt/airflow/dags/ingest_local_folder_dag.py
[2026-01-08T10:05:14.941+0000] {processor.py:829} INFO - Processing file /opt/airflow/dags/ingest_local_folder_dag.py for tasks to queue
[2026-01-08T10:05:14.944+0000] {logging_mixin.py:151} INFO - [2026-01-08T10:05:14.943+0000] {dagbag.py:539} INFO - Filling up the DagBag from /opt/airflow/dags/ingest_local_folder_dag.py
[2026-01-08T10:05:15.302+0000] {processor.py:839} INFO - DAG(s) dict_keys(['ingestionDAG']) retrieved from /opt/airflow/dags/ingest_local_folder_dag.py
[2026-01-08T10:05:15.350+0000] {logging_mixin.py:151} INFO - [2026-01-08T10:05:15.350+0000] {dag.py:2915} INFO - Sync 1 DAGs
[2026-01-08T10:05:15.384+0000] {logging_mixin.py:151} INFO - [2026-01-08T10:05:15.384+0000] {dag.py:3696} INFO - Setting next_dagrun for ingestionDAG to 2026-01-08T10:04:45.384122+00:00, run_after=2026-01-08T10:05:15.384122+00:00
[2026-01-08T10:05:15.428+0000] {processor.py:179} INFO - Processing /opt/airflow/dags/ingest_local_folder_dag.py took 0.504 seconds
[2026-01-08T10:05:46.234+0000] {processor.py:157} INFO - Started process (PID=4517) to work on /opt/airflow/dags/ingest_local_folder_dag.py
[2026-01-08T10:05:46.237+0000] {processor.py:829} INFO - Processing file /opt/airflow/dags/ingest_local_folder_dag.py for tasks to queue
[2026-01-08T10:05:46.240+0000] {logging_mixin.py:151} INFO - [2026-01-08T10:05:46.239+0000] {dagbag.py:539} INFO - Filling up the DagBag from /opt/airflow/dags/ingest_local_folder_dag.py
[2026-01-08T10:05:46.573+0000] {processor.py:839} INFO - DAG(s) dict_keys(['ingestionDAG']) retrieved from /opt/airflow/dags/ingest_local_folder_dag.py
[2026-01-08T10:05:46.620+0000] {logging_mixin.py:151} INFO - [2026-01-08T10:05:46.620+0000] {dag.py:2915} INFO - Sync 1 DAGs
[2026-01-08T10:05:46.677+0000] {logging_mixin.py:151} INFO - [2026-01-08T10:05:46.676+0000] {dag.py:3696} INFO - Setting next_dagrun for ingestionDAG to 2026-01-08T10:05:16.676229+00:00, run_after=2026-01-08T10:05:46.676229+00:00
[2026-01-08T10:05:46.728+0000] {processor.py:179} INFO - Processing /opt/airflow/dags/ingest_local_folder_dag.py took 0.506 seconds
[2026-01-08T10:06:17.021+0000] {processor.py:157} INFO - Started process (PID=4531) to work on /opt/airflow/dags/ingest_local_folder_dag.py
[2026-01-08T10:06:17.023+0000] {processor.py:829} INFO - Processing file /opt/airflow/dags/ingest_local_folder_dag.py for tasks to queue
[2026-01-08T10:06:17.026+0000] {logging_mixin.py:151} INFO - [2026-01-08T10:06:17.025+0000] {dagbag.py:539} INFO - Filling up the DagBag from /opt/airflow/dags/ingest_local_folder_dag.py
[2026-01-08T10:06:17.383+0000] {processor.py:839} INFO - DAG(s) dict_keys(['ingestionDAG']) retrieved from /opt/airflow/dags/ingest_local_folder_dag.py
[2026-01-08T10:06:17.429+0000] {logging_mixin.py:151} INFO - [2026-01-08T10:06:17.429+0000] {dag.py:2915} INFO - Sync 1 DAGs
[2026-01-08T10:06:17.461+0000] {logging_mixin.py:151} INFO - [2026-01-08T10:06:17.461+0000] {dag.py:3696} INFO - Setting next_dagrun for ingestionDAG to 2026-01-08T10:05:47.460999+00:00, run_after=2026-01-08T10:06:17.460999+00:00
[2026-01-08T10:06:17.483+0000] {processor.py:179} INFO - Processing /opt/airflow/dags/ingest_local_folder_dag.py took 0.475 seconds
[2026-01-08T10:06:47.598+0000] {processor.py:157} INFO - Started process (PID=4542) to work on /opt/airflow/dags/ingest_local_folder_dag.py
[2026-01-08T10:06:47.601+0000] {processor.py:829} INFO - Processing file /opt/airflow/dags/ingest_local_folder_dag.py for tasks to queue
[2026-01-08T10:06:47.606+0000] {logging_mixin.py:151} INFO - [2026-01-08T10:06:47.605+0000] {dagbag.py:539} INFO - Filling up the DagBag from /opt/airflow/dags/ingest_local_folder_dag.py
[2026-01-08T10:06:47.935+0000] {processor.py:839} INFO - DAG(s) dict_keys(['ingestionDAG']) retrieved from /opt/airflow/dags/ingest_local_folder_dag.py
[2026-01-08T10:06:47.988+0000] {logging_mixin.py:151} INFO - [2026-01-08T10:06:47.988+0000] {dag.py:2915} INFO - Sync 1 DAGs
[2026-01-08T10:06:48.023+0000] {logging_mixin.py:151} INFO - [2026-01-08T10:06:48.023+0000] {dag.py:3696} INFO - Setting next_dagrun for ingestionDAG to 2026-01-08T10:06:18.022787+00:00, run_after=2026-01-08T10:06:48.022787+00:00
[2026-01-08T10:06:48.054+0000] {processor.py:179} INFO - Processing /opt/airflow/dags/ingest_local_folder_dag.py took 0.468 seconds
[2026-01-08T10:07:18.306+0000] {processor.py:157} INFO - Started process (PID=4556) to work on /opt/airflow/dags/ingest_local_folder_dag.py
[2026-01-08T10:07:18.308+0000] {processor.py:829} INFO - Processing file /opt/airflow/dags/ingest_local_folder_dag.py for tasks to queue
[2026-01-08T10:07:18.311+0000] {logging_mixin.py:151} INFO - [2026-01-08T10:07:18.309+0000] {dagbag.py:539} INFO - Filling up the DagBag from /opt/airflow/dags/ingest_local_folder_dag.py
[2026-01-08T10:07:18.681+0000] {processor.py:839} INFO - DAG(s) dict_keys(['ingestionDAG']) retrieved from /opt/airflow/dags/ingest_local_folder_dag.py
[2026-01-08T10:07:18.729+0000] {logging_mixin.py:151} INFO - [2026-01-08T10:07:18.729+0000] {dag.py:2915} INFO - Sync 1 DAGs
[2026-01-08T10:07:18.794+0000] {logging_mixin.py:151} INFO - [2026-01-08T10:07:18.793+0000] {dag.py:3696} INFO - Setting next_dagrun for ingestionDAG to 2026-01-08T10:06:48.792964+00:00, run_after=2026-01-08T10:07:18.792964+00:00
[2026-01-08T10:07:18.849+0000] {processor.py:179} INFO - Processing /opt/airflow/dags/ingest_local_folder_dag.py took 0.554 seconds
[2026-01-08T10:07:49.073+0000] {processor.py:157} INFO - Started process (PID=4570) to work on /opt/airflow/dags/ingest_local_folder_dag.py
[2026-01-08T10:07:49.075+0000] {processor.py:829} INFO - Processing file /opt/airflow/dags/ingest_local_folder_dag.py for tasks to queue
[2026-01-08T10:07:49.076+0000] {logging_mixin.py:151} INFO - [2026-01-08T10:07:49.075+0000] {dagbag.py:539} INFO - Filling up the DagBag from /opt/airflow/dags/ingest_local_folder_dag.py
[2026-01-08T10:07:49.335+0000] {processor.py:839} INFO - DAG(s) dict_keys(['ingestionDAG']) retrieved from /opt/airflow/dags/ingest_local_folder_dag.py
[2026-01-08T10:07:49.378+0000] {logging_mixin.py:151} INFO - [2026-01-08T10:07:49.377+0000] {dag.py:2915} INFO - Sync 1 DAGs
[2026-01-08T10:07:49.408+0000] {logging_mixin.py:151} INFO - [2026-01-08T10:07:49.408+0000] {dag.py:3696} INFO - Setting next_dagrun for ingestionDAG to 2026-01-08T10:07:19.407850+00:00, run_after=2026-01-08T10:07:49.407850+00:00
[2026-01-08T10:07:49.431+0000] {processor.py:179} INFO - Processing /opt/airflow/dags/ingest_local_folder_dag.py took 0.363 seconds
[2026-01-08T10:08:19.657+0000] {processor.py:157} INFO - Started process (PID=4578) to work on /opt/airflow/dags/ingest_local_folder_dag.py
[2026-01-08T10:08:19.658+0000] {processor.py:829} INFO - Processing file /opt/airflow/dags/ingest_local_folder_dag.py for tasks to queue
[2026-01-08T10:08:19.660+0000] {logging_mixin.py:151} INFO - [2026-01-08T10:08:19.659+0000] {dagbag.py:539} INFO - Filling up the DagBag from /opt/airflow/dags/ingest_local_folder_dag.py
[2026-01-08T10:08:19.989+0000] {processor.py:839} INFO - DAG(s) dict_keys(['ingestionDAG']) retrieved from /opt/airflow/dags/ingest_local_folder_dag.py
[2026-01-08T10:08:20.049+0000] {logging_mixin.py:151} INFO - [2026-01-08T10:08:20.049+0000] {dag.py:2915} INFO - Sync 1 DAGs
[2026-01-08T10:08:20.087+0000] {logging_mixin.py:151} INFO - [2026-01-08T10:08:20.087+0000] {dag.py:3696} INFO - Setting next_dagrun for ingestionDAG to 2026-01-08T10:07:50.087075+00:00, run_after=2026-01-08T10:08:20.087075+00:00
[2026-01-08T10:08:20.116+0000] {processor.py:179} INFO - Processing /opt/airflow/dags/ingest_local_folder_dag.py took 0.464 seconds
[2026-01-08T10:08:50.413+0000] {processor.py:157} INFO - Started process (PID=4589) to work on /opt/airflow/dags/ingest_local_folder_dag.py
[2026-01-08T10:08:50.417+0000] {processor.py:829} INFO - Processing file /opt/airflow/dags/ingest_local_folder_dag.py for tasks to queue
[2026-01-08T10:08:50.420+0000] {logging_mixin.py:151} INFO - [2026-01-08T10:08:50.418+0000] {dagbag.py:539} INFO - Filling up the DagBag from /opt/airflow/dags/ingest_local_folder_dag.py
[2026-01-08T10:08:50.699+0000] {processor.py:839} INFO - DAG(s) dict_keys(['ingestionDAG']) retrieved from /opt/airflow/dags/ingest_local_folder_dag.py
[2026-01-08T10:08:50.753+0000] {logging_mixin.py:151} INFO - [2026-01-08T10:08:50.753+0000] {dag.py:2915} INFO - Sync 1 DAGs
[2026-01-08T10:08:50.791+0000] {logging_mixin.py:151} INFO - [2026-01-08T10:08:50.791+0000] {dag.py:3696} INFO - Setting next_dagrun for ingestionDAG to 2026-01-08T10:08:20.791389+00:00, run_after=2026-01-08T10:08:50.791389+00:00
[2026-01-08T10:08:50.823+0000] {processor.py:179} INFO - Processing /opt/airflow/dags/ingest_local_folder_dag.py took 0.425 seconds
[2026-01-08T10:09:20.896+0000] {processor.py:157} INFO - Started process (PID=4603) to work on /opt/airflow/dags/ingest_local_folder_dag.py
[2026-01-08T10:09:20.899+0000] {processor.py:829} INFO - Processing file /opt/airflow/dags/ingest_local_folder_dag.py for tasks to queue
[2026-01-08T10:09:20.903+0000] {logging_mixin.py:151} INFO - [2026-01-08T10:09:20.901+0000] {dagbag.py:539} INFO - Filling up the DagBag from /opt/airflow/dags/ingest_local_folder_dag.py
[2026-01-08T10:09:21.330+0000] {processor.py:839} INFO - DAG(s) dict_keys(['ingestionDAG']) retrieved from /opt/airflow/dags/ingest_local_folder_dag.py
[2026-01-08T10:09:21.376+0000] {logging_mixin.py:151} INFO - [2026-01-08T10:09:21.376+0000] {dag.py:2915} INFO - Sync 1 DAGs
[2026-01-08T10:09:21.415+0000] {logging_mixin.py:151} INFO - [2026-01-08T10:09:21.415+0000] {dag.py:3696} INFO - Setting next_dagrun for ingestionDAG to 2026-01-08T10:08:51.414913+00:00, run_after=2026-01-08T10:09:21.414913+00:00
[2026-01-08T10:09:21.451+0000] {processor.py:179} INFO - Processing /opt/airflow/dags/ingest_local_folder_dag.py took 0.567 seconds
[2026-01-08T10:09:51.731+0000] {processor.py:157} INFO - Started process (PID=4614) to work on /opt/airflow/dags/ingest_local_folder_dag.py
[2026-01-08T10:09:51.734+0000] {processor.py:829} INFO - Processing file /opt/airflow/dags/ingest_local_folder_dag.py for tasks to queue
[2026-01-08T10:09:51.736+0000] {logging_mixin.py:151} INFO - [2026-01-08T10:09:51.735+0000] {dagbag.py:539} INFO - Filling up the DagBag from /opt/airflow/dags/ingest_local_folder_dag.py
[2026-01-08T10:09:52.102+0000] {processor.py:839} INFO - DAG(s) dict_keys(['ingestionDAG']) retrieved from /opt/airflow/dags/ingest_local_folder_dag.py
[2026-01-08T10:09:52.147+0000] {logging_mixin.py:151} INFO - [2026-01-08T10:09:52.147+0000] {dag.py:2915} INFO - Sync 1 DAGs
[2026-01-08T10:09:52.181+0000] {logging_mixin.py:151} INFO - [2026-01-08T10:09:52.181+0000] {dag.py:3696} INFO - Setting next_dagrun for ingestionDAG to 2026-01-08T10:09:22.180726+00:00, run_after=2026-01-08T10:09:52.180726+00:00
[2026-01-08T10:09:52.218+0000] {processor.py:179} INFO - Processing /opt/airflow/dags/ingest_local_folder_dag.py took 0.499 seconds
[2026-01-08T10:10:22.408+0000] {processor.py:157} INFO - Started process (PID=4628) to work on /opt/airflow/dags/ingest_local_folder_dag.py
[2026-01-08T10:10:22.411+0000] {processor.py:829} INFO - Processing file /opt/airflow/dags/ingest_local_folder_dag.py for tasks to queue
[2026-01-08T10:10:22.414+0000] {logging_mixin.py:151} INFO - [2026-01-08T10:10:22.413+0000] {dagbag.py:539} INFO - Filling up the DagBag from /opt/airflow/dags/ingest_local_folder_dag.py
[2026-01-08T10:10:22.789+0000] {processor.py:839} INFO - DAG(s) dict_keys(['ingestionDAG']) retrieved from /opt/airflow/dags/ingest_local_folder_dag.py
[2026-01-08T10:10:22.832+0000] {logging_mixin.py:151} INFO - [2026-01-08T10:10:22.832+0000] {dag.py:2915} INFO - Sync 1 DAGs
[2026-01-08T10:10:22.888+0000] {logging_mixin.py:151} INFO - [2026-01-08T10:10:22.887+0000] {dag.py:3696} INFO - Setting next_dagrun for ingestionDAG to 2026-01-08T10:09:52.887122+00:00, run_after=2026-01-08T10:10:22.887122+00:00
[2026-01-08T10:10:22.933+0000] {processor.py:179} INFO - Processing /opt/airflow/dags/ingest_local_folder_dag.py took 0.537 seconds
[2026-01-08T10:10:53.208+0000] {processor.py:157} INFO - Started process (PID=4642) to work on /opt/airflow/dags/ingest_local_folder_dag.py
[2026-01-08T10:10:53.211+0000] {processor.py:829} INFO - Processing file /opt/airflow/dags/ingest_local_folder_dag.py for tasks to queue
[2026-01-08T10:10:53.214+0000] {logging_mixin.py:151} INFO - [2026-01-08T10:10:53.212+0000] {dagbag.py:539} INFO - Filling up the DagBag from /opt/airflow/dags/ingest_local_folder_dag.py
[2026-01-08T10:10:53.576+0000] {processor.py:839} INFO - DAG(s) dict_keys(['ingestionDAG']) retrieved from /opt/airflow/dags/ingest_local_folder_dag.py
[2026-01-08T10:10:53.631+0000] {logging_mixin.py:151} INFO - [2026-01-08T10:10:53.631+0000] {dag.py:2915} INFO - Sync 1 DAGs
[2026-01-08T10:10:53.664+0000] {logging_mixin.py:151} INFO - [2026-01-08T10:10:53.664+0000] {dag.py:3696} INFO - Setting next_dagrun for ingestionDAG to 2026-01-08T10:10:23.664294+00:00, run_after=2026-01-08T10:10:53.664294+00:00
[2026-01-08T10:10:53.689+0000] {processor.py:179} INFO - Processing /opt/airflow/dags/ingest_local_folder_dag.py took 0.494 seconds
[2026-01-08T10:11:23.862+0000] {processor.py:157} INFO - Started process (PID=4653) to work on /opt/airflow/dags/ingest_local_folder_dag.py
[2026-01-08T10:11:23.865+0000] {processor.py:829} INFO - Processing file /opt/airflow/dags/ingest_local_folder_dag.py for tasks to queue
[2026-01-08T10:11:23.868+0000] {logging_mixin.py:151} INFO - [2026-01-08T10:11:23.867+0000] {dagbag.py:539} INFO - Filling up the DagBag from /opt/airflow/dags/ingest_local_folder_dag.py
[2026-01-08T10:11:24.228+0000] {processor.py:839} INFO - DAG(s) dict_keys(['ingestionDAG']) retrieved from /opt/airflow/dags/ingest_local_folder_dag.py
[2026-01-08T10:11:24.273+0000] {logging_mixin.py:151} INFO - [2026-01-08T10:11:24.273+0000] {dag.py:2915} INFO - Sync 1 DAGs
[2026-01-08T10:11:24.330+0000] {logging_mixin.py:151} INFO - [2026-01-08T10:11:24.329+0000] {dag.py:3696} INFO - Setting next_dagrun for ingestionDAG to 2026-01-08T10:10:54.329317+00:00, run_after=2026-01-08T10:11:24.329317+00:00
[2026-01-08T10:11:24.379+0000] {processor.py:179} INFO - Processing /opt/airflow/dags/ingest_local_folder_dag.py took 0.529 seconds
[2026-01-08T10:11:54.643+0000] {processor.py:157} INFO - Started process (PID=4667) to work on /opt/airflow/dags/ingest_local_folder_dag.py
[2026-01-08T10:11:54.646+0000] {processor.py:829} INFO - Processing file /opt/airflow/dags/ingest_local_folder_dag.py for tasks to queue
[2026-01-08T10:11:54.648+0000] {logging_mixin.py:151} INFO - [2026-01-08T10:11:54.647+0000] {dagbag.py:539} INFO - Filling up the DagBag from /opt/airflow/dags/ingest_local_folder_dag.py
[2026-01-08T10:11:54.997+0000] {processor.py:839} INFO - DAG(s) dict_keys(['ingestionDAG']) retrieved from /opt/airflow/dags/ingest_local_folder_dag.py
[2026-01-08T10:11:55.044+0000] {logging_mixin.py:151} INFO - [2026-01-08T10:11:55.044+0000] {dag.py:2915} INFO - Sync 1 DAGs
[2026-01-08T10:11:55.099+0000] {logging_mixin.py:151} INFO - [2026-01-08T10:11:55.098+0000] {dag.py:3696} INFO - Setting next_dagrun for ingestionDAG to 2026-01-08T10:11:25.097662+00:00, run_after=2026-01-08T10:11:55.097662+00:00
[2026-01-08T10:11:55.148+0000] {processor.py:179} INFO - Processing /opt/airflow/dags/ingest_local_folder_dag.py took 0.518 seconds
[2026-01-08T10:12:25.389+0000] {processor.py:157} INFO - Started process (PID=4681) to work on /opt/airflow/dags/ingest_local_folder_dag.py
[2026-01-08T10:12:25.392+0000] {processor.py:829} INFO - Processing file /opt/airflow/dags/ingest_local_folder_dag.py for tasks to queue
[2026-01-08T10:12:25.395+0000] {logging_mixin.py:151} INFO - [2026-01-08T10:12:25.394+0000] {dagbag.py:539} INFO - Filling up the DagBag from /opt/airflow/dags/ingest_local_folder_dag.py
[2026-01-08T10:12:25.737+0000] {processor.py:839} INFO - DAG(s) dict_keys(['ingestionDAG']) retrieved from /opt/airflow/dags/ingest_local_folder_dag.py
[2026-01-08T10:12:25.779+0000] {logging_mixin.py:151} INFO - [2026-01-08T10:12:25.779+0000] {dag.py:2915} INFO - Sync 1 DAGs
[2026-01-08T10:12:25.808+0000] {logging_mixin.py:151} INFO - [2026-01-08T10:12:25.808+0000] {dag.py:3696} INFO - Setting next_dagrun for ingestionDAG to 2026-01-08T10:11:55.808392+00:00, run_after=2026-01-08T10:12:25.808392+00:00
[2026-01-08T10:12:25.831+0000] {processor.py:179} INFO - Processing /opt/airflow/dags/ingest_local_folder_dag.py took 0.452 seconds
[2026-01-08T10:12:56.632+0000] {processor.py:157} INFO - Started process (PID=4692) to work on /opt/airflow/dags/ingest_local_folder_dag.py
[2026-01-08T10:12:56.633+0000] {processor.py:829} INFO - Processing file /opt/airflow/dags/ingest_local_folder_dag.py for tasks to queue
[2026-01-08T10:12:56.635+0000] {logging_mixin.py:151} INFO - [2026-01-08T10:12:56.634+0000] {dagbag.py:539} INFO - Filling up the DagBag from /opt/airflow/dags/ingest_local_folder_dag.py
[2026-01-08T10:12:56.897+0000] {processor.py:839} INFO - DAG(s) dict_keys(['ingestionDAG']) retrieved from /opt/airflow/dags/ingest_local_folder_dag.py
[2026-01-08T10:12:56.940+0000] {logging_mixin.py:151} INFO - [2026-01-08T10:12:56.940+0000] {dag.py:2915} INFO - Sync 1 DAGs
[2026-01-08T10:12:56.975+0000] {logging_mixin.py:151} INFO - [2026-01-08T10:12:56.975+0000] {dag.py:3696} INFO - Setting next_dagrun for ingestionDAG to 2026-01-08T10:12:26.974744+00:00, run_after=2026-01-08T10:12:56.974744+00:00
[2026-01-08T10:12:57.000+0000] {processor.py:179} INFO - Processing /opt/airflow/dags/ingest_local_folder_dag.py took 0.373 seconds
[2026-01-08T10:13:27.237+0000] {processor.py:157} INFO - Started process (PID=4706) to work on /opt/airflow/dags/ingest_local_folder_dag.py
[2026-01-08T10:13:27.239+0000] {processor.py:829} INFO - Processing file /opt/airflow/dags/ingest_local_folder_dag.py for tasks to queue
[2026-01-08T10:13:27.241+0000] {logging_mixin.py:151} INFO - [2026-01-08T10:13:27.240+0000] {dagbag.py:539} INFO - Filling up the DagBag from /opt/airflow/dags/ingest_local_folder_dag.py
[2026-01-08T10:13:27.642+0000] {processor.py:839} INFO - DAG(s) dict_keys(['ingestionDAG']) retrieved from /opt/airflow/dags/ingest_local_folder_dag.py
[2026-01-08T10:13:27.706+0000] {logging_mixin.py:151} INFO - [2026-01-08T10:13:27.706+0000] {dag.py:2915} INFO - Sync 1 DAGs
[2026-01-08T10:13:27.751+0000] {logging_mixin.py:151} INFO - [2026-01-08T10:13:27.751+0000] {dag.py:3696} INFO - Setting next_dagrun for ingestionDAG to 2026-01-08T10:12:57.750954+00:00, run_after=2026-01-08T10:13:27.750954+00:00
[2026-01-08T10:13:27.781+0000] {processor.py:179} INFO - Processing /opt/airflow/dags/ingest_local_folder_dag.py took 0.556 seconds
[2026-01-08T10:13:58.046+0000] {processor.py:157} INFO - Started process (PID=4720) to work on /opt/airflow/dags/ingest_local_folder_dag.py
[2026-01-08T10:13:58.050+0000] {processor.py:829} INFO - Processing file /opt/airflow/dags/ingest_local_folder_dag.py for tasks to queue
[2026-01-08T10:13:58.053+0000] {logging_mixin.py:151} INFO - [2026-01-08T10:13:58.051+0000] {dagbag.py:539} INFO - Filling up the DagBag from /opt/airflow/dags/ingest_local_folder_dag.py
[2026-01-08T10:13:58.414+0000] {processor.py:839} INFO - DAG(s) dict_keys(['ingestionDAG']) retrieved from /opt/airflow/dags/ingest_local_folder_dag.py
[2026-01-08T10:13:58.462+0000] {logging_mixin.py:151} INFO - [2026-01-08T10:13:58.461+0000] {dag.py:2915} INFO - Sync 1 DAGs
[2026-01-08T10:13:58.493+0000] {logging_mixin.py:151} INFO - [2026-01-08T10:13:58.493+0000] {dag.py:3696} INFO - Setting next_dagrun for ingestionDAG to 2026-01-08T10:13:28.492965+00:00, run_after=2026-01-08T10:13:58.492965+00:00
[2026-01-08T10:13:58.517+0000] {processor.py:179} INFO - Processing /opt/airflow/dags/ingest_local_folder_dag.py took 0.482 seconds
[2026-01-08T10:14:28.759+0000] {processor.py:157} INFO - Started process (PID=4733) to work on /opt/airflow/dags/ingest_local_folder_dag.py
[2026-01-08T10:14:28.761+0000] {processor.py:829} INFO - Processing file /opt/airflow/dags/ingest_local_folder_dag.py for tasks to queue
[2026-01-08T10:14:28.764+0000] {logging_mixin.py:151} INFO - [2026-01-08T10:14:28.763+0000] {dagbag.py:539} INFO - Filling up the DagBag from /opt/airflow/dags/ingest_local_folder_dag.py
[2026-01-08T10:14:29.100+0000] {processor.py:839} INFO - DAG(s) dict_keys(['ingestionDAG']) retrieved from /opt/airflow/dags/ingest_local_folder_dag.py
[2026-01-08T10:14:29.157+0000] {logging_mixin.py:151} INFO - [2026-01-08T10:14:29.156+0000] {dag.py:2915} INFO - Sync 1 DAGs
[2026-01-08T10:14:29.198+0000] {logging_mixin.py:151} INFO - [2026-01-08T10:14:29.198+0000] {dag.py:3696} INFO - Setting next_dagrun for ingestionDAG to 2026-01-08T10:13:59.197877+00:00, run_after=2026-01-08T10:14:29.197877+00:00
[2026-01-08T10:14:29.237+0000] {processor.py:179} INFO - Processing /opt/airflow/dags/ingest_local_folder_dag.py took 0.485 seconds
[2026-01-08T10:14:59.582+0000] {processor.py:157} INFO - Started process (PID=4745) to work on /opt/airflow/dags/ingest_local_folder_dag.py
[2026-01-08T10:14:59.586+0000] {processor.py:829} INFO - Processing file /opt/airflow/dags/ingest_local_folder_dag.py for tasks to queue
[2026-01-08T10:14:59.588+0000] {logging_mixin.py:151} INFO - [2026-01-08T10:14:59.587+0000] {dagbag.py:539} INFO - Filling up the DagBag from /opt/airflow/dags/ingest_local_folder_dag.py
[2026-01-08T10:14:59.946+0000] {processor.py:839} INFO - DAG(s) dict_keys(['ingestionDAG']) retrieved from /opt/airflow/dags/ingest_local_folder_dag.py
[2026-01-08T10:15:00.011+0000] {logging_mixin.py:151} INFO - [2026-01-08T10:15:00.010+0000] {dag.py:2915} INFO - Sync 1 DAGs
[2026-01-08T10:15:00.056+0000] {logging_mixin.py:151} INFO - [2026-01-08T10:15:00.056+0000] {dag.py:3696} INFO - Setting next_dagrun for ingestionDAG to 2026-01-08T10:14:30.055950+00:00, run_after=2026-01-08T10:15:00.055950+00:00
[2026-01-08T10:15:00.092+0000] {processor.py:179} INFO - Processing /opt/airflow/dags/ingest_local_folder_dag.py took 0.527 seconds
[2026-01-08T10:15:30.341+0000] {processor.py:157} INFO - Started process (PID=4759) to work on /opt/airflow/dags/ingest_local_folder_dag.py
[2026-01-08T10:15:30.343+0000] {processor.py:829} INFO - Processing file /opt/airflow/dags/ingest_local_folder_dag.py for tasks to queue
[2026-01-08T10:15:30.346+0000] {logging_mixin.py:151} INFO - [2026-01-08T10:15:30.345+0000] {dagbag.py:539} INFO - Filling up the DagBag from /opt/airflow/dags/ingest_local_folder_dag.py
[2026-01-08T10:15:30.716+0000] {processor.py:839} INFO - DAG(s) dict_keys(['ingestionDAG']) retrieved from /opt/airflow/dags/ingest_local_folder_dag.py
[2026-01-08T10:15:30.765+0000] {logging_mixin.py:151} INFO - [2026-01-08T10:15:30.765+0000] {dag.py:2915} INFO - Sync 1 DAGs
[2026-01-08T10:15:30.800+0000] {logging_mixin.py:151} INFO - [2026-01-08T10:15:30.800+0000] {dag.py:3696} INFO - Setting next_dagrun for ingestionDAG to 2026-01-08T10:15:00.800263+00:00, run_after=2026-01-08T10:15:30.800263+00:00
[2026-01-08T10:15:30.824+0000] {processor.py:179} INFO - Processing /opt/airflow/dags/ingest_local_folder_dag.py took 0.494 seconds
[2026-01-08T10:16:01.070+0000] {processor.py:157} INFO - Started process (PID=4773) to work on /opt/airflow/dags/ingest_local_folder_dag.py
[2026-01-08T10:16:01.073+0000] {processor.py:829} INFO - Processing file /opt/airflow/dags/ingest_local_folder_dag.py for tasks to queue
[2026-01-08T10:16:01.076+0000] {logging_mixin.py:151} INFO - [2026-01-08T10:16:01.075+0000] {dagbag.py:539} INFO - Filling up the DagBag from /opt/airflow/dags/ingest_local_folder_dag.py
[2026-01-08T10:16:01.418+0000] {processor.py:839} INFO - DAG(s) dict_keys(['ingestionDAG']) retrieved from /opt/airflow/dags/ingest_local_folder_dag.py
[2026-01-08T10:16:01.464+0000] {logging_mixin.py:151} INFO - [2026-01-08T10:16:01.464+0000] {dag.py:2915} INFO - Sync 1 DAGs
[2026-01-08T10:16:01.523+0000] {logging_mixin.py:151} INFO - [2026-01-08T10:16:01.523+0000] {dag.py:3696} INFO - Setting next_dagrun for ingestionDAG to 2026-01-08T10:15:31.522631+00:00, run_after=2026-01-08T10:16:01.522631+00:00
[2026-01-08T10:16:01.573+0000] {processor.py:179} INFO - Processing /opt/airflow/dags/ingest_local_folder_dag.py took 0.514 seconds
[2026-01-08T10:16:32.394+0000] {processor.py:157} INFO - Started process (PID=4784) to work on /opt/airflow/dags/ingest_local_folder_dag.py
[2026-01-08T10:16:32.397+0000] {processor.py:829} INFO - Processing file /opt/airflow/dags/ingest_local_folder_dag.py for tasks to queue
[2026-01-08T10:16:32.400+0000] {logging_mixin.py:151} INFO - [2026-01-08T10:16:32.399+0000] {dagbag.py:539} INFO - Filling up the DagBag from /opt/airflow/dags/ingest_local_folder_dag.py
[2026-01-08T10:16:32.748+0000] {processor.py:839} INFO - DAG(s) dict_keys(['ingestionDAG']) retrieved from /opt/airflow/dags/ingest_local_folder_dag.py
[2026-01-08T10:16:32.807+0000] {logging_mixin.py:151} INFO - [2026-01-08T10:16:32.807+0000] {dag.py:2915} INFO - Sync 1 DAGs
[2026-01-08T10:16:32.853+0000] {logging_mixin.py:151} INFO - [2026-01-08T10:16:32.852+0000] {dag.py:3696} INFO - Setting next_dagrun for ingestionDAG to 2026-01-08T10:16:02.851878+00:00, run_after=2026-01-08T10:16:32.851878+00:00
[2026-01-08T10:16:32.897+0000] {processor.py:179} INFO - Processing /opt/airflow/dags/ingest_local_folder_dag.py took 0.514 seconds
[2026-01-08T10:17:03.761+0000] {processor.py:157} INFO - Started process (PID=4798) to work on /opt/airflow/dags/ingest_local_folder_dag.py
[2026-01-08T10:17:03.763+0000] {processor.py:829} INFO - Processing file /opt/airflow/dags/ingest_local_folder_dag.py for tasks to queue
[2026-01-08T10:17:03.767+0000] {logging_mixin.py:151} INFO - [2026-01-08T10:17:03.765+0000] {dagbag.py:539} INFO - Filling up the DagBag from /opt/airflow/dags/ingest_local_folder_dag.py
[2026-01-08T10:17:04.358+0000] {processor.py:839} INFO - DAG(s) dict_keys(['ingestionDAG']) retrieved from /opt/airflow/dags/ingest_local_folder_dag.py
[2026-01-08T10:17:04.526+0000] {logging_mixin.py:151} INFO - [2026-01-08T10:17:04.525+0000] {dag.py:2915} INFO - Sync 1 DAGs
[2026-01-08T10:17:04.606+0000] {logging_mixin.py:151} INFO - [2026-01-08T10:17:04.605+0000] {dag.py:3696} INFO - Setting next_dagrun for ingestionDAG to 2026-01-08T10:16:34.605113+00:00, run_after=2026-01-08T10:17:04.605113+00:00
[2026-01-08T10:17:04.650+0000] {processor.py:179} INFO - Processing /opt/airflow/dags/ingest_local_folder_dag.py took 0.905 seconds
[2026-01-08T10:17:35.027+0000] {processor.py:157} INFO - Started process (PID=4812) to work on /opt/airflow/dags/ingest_local_folder_dag.py
[2026-01-08T10:17:35.030+0000] {processor.py:829} INFO - Processing file /opt/airflow/dags/ingest_local_folder_dag.py for tasks to queue
[2026-01-08T10:17:35.034+0000] {logging_mixin.py:151} INFO - [2026-01-08T10:17:35.033+0000] {dagbag.py:539} INFO - Filling up the DagBag from /opt/airflow/dags/ingest_local_folder_dag.py
[2026-01-08T10:17:35.621+0000] {processor.py:839} INFO - DAG(s) dict_keys(['ingestionDAG']) retrieved from /opt/airflow/dags/ingest_local_folder_dag.py
[2026-01-08T10:17:35.723+0000] {logging_mixin.py:151} INFO - [2026-01-08T10:17:35.722+0000] {dag.py:2915} INFO - Sync 1 DAGs
[2026-01-08T10:17:35.785+0000] {logging_mixin.py:151} INFO - [2026-01-08T10:17:35.785+0000] {dag.py:3696} INFO - Setting next_dagrun for ingestionDAG to 2026-01-08T10:17:05.784321+00:00, run_after=2026-01-08T10:17:35.784321+00:00
[2026-01-08T10:17:35.830+0000] {processor.py:179} INFO - Processing /opt/airflow/dags/ingest_local_folder_dag.py took 0.813 seconds
[2026-01-08T10:18:06.107+0000] {processor.py:157} INFO - Started process (PID=4823) to work on /opt/airflow/dags/ingest_local_folder_dag.py
[2026-01-08T10:18:06.110+0000] {processor.py:829} INFO - Processing file /opt/airflow/dags/ingest_local_folder_dag.py for tasks to queue
[2026-01-08T10:18:06.114+0000] {logging_mixin.py:151} INFO - [2026-01-08T10:18:06.112+0000] {dagbag.py:539} INFO - Filling up the DagBag from /opt/airflow/dags/ingest_local_folder_dag.py
[2026-01-08T10:18:06.728+0000] {processor.py:839} INFO - DAG(s) dict_keys(['ingestionDAG']) retrieved from /opt/airflow/dags/ingest_local_folder_dag.py
[2026-01-08T10:18:06.841+0000] {logging_mixin.py:151} INFO - [2026-01-08T10:18:06.840+0000] {dag.py:2915} INFO - Sync 1 DAGs
[2026-01-08T10:18:06.926+0000] {logging_mixin.py:151} INFO - [2026-01-08T10:18:06.925+0000] {dag.py:3696} INFO - Setting next_dagrun for ingestionDAG to 2026-01-08T10:17:36.925199+00:00, run_after=2026-01-08T10:18:06.925199+00:00
[2026-01-08T10:18:06.993+0000] {processor.py:179} INFO - Processing /opt/airflow/dags/ingest_local_folder_dag.py took 0.898 seconds
[2026-01-08T10:18:37.640+0000] {processor.py:157} INFO - Started process (PID=4837) to work on /opt/airflow/dags/ingest_local_folder_dag.py
[2026-01-08T10:18:37.642+0000] {processor.py:829} INFO - Processing file /opt/airflow/dags/ingest_local_folder_dag.py for tasks to queue
[2026-01-08T10:18:37.645+0000] {logging_mixin.py:151} INFO - [2026-01-08T10:18:37.644+0000] {dagbag.py:539} INFO - Filling up the DagBag from /opt/airflow/dags/ingest_local_folder_dag.py
[2026-01-08T10:18:38.270+0000] {processor.py:839} INFO - DAG(s) dict_keys(['ingestionDAG']) retrieved from /opt/airflow/dags/ingest_local_folder_dag.py
[2026-01-08T10:18:38.382+0000] {logging_mixin.py:151} INFO - [2026-01-08T10:18:38.382+0000] {dag.py:2915} INFO - Sync 1 DAGs
[2026-01-08T10:18:38.454+0000] {logging_mixin.py:151} INFO - [2026-01-08T10:18:38.454+0000] {dag.py:3696} INFO - Setting next_dagrun for ingestionDAG to 2026-01-08T10:18:08.453200+00:00, run_after=2026-01-08T10:18:38.453200+00:00
[2026-01-08T10:18:38.513+0000] {processor.py:179} INFO - Processing /opt/airflow/dags/ingest_local_folder_dag.py took 0.893 seconds
[2026-01-08T10:19:08.869+0000] {processor.py:157} INFO - Started process (PID=4851) to work on /opt/airflow/dags/ingest_local_folder_dag.py
[2026-01-08T10:19:08.872+0000] {processor.py:829} INFO - Processing file /opt/airflow/dags/ingest_local_folder_dag.py for tasks to queue
[2026-01-08T10:19:08.874+0000] {logging_mixin.py:151} INFO - [2026-01-08T10:19:08.873+0000] {dagbag.py:539} INFO - Filling up the DagBag from /opt/airflow/dags/ingest_local_folder_dag.py
[2026-01-08T10:19:09.530+0000] {processor.py:839} INFO - DAG(s) dict_keys(['ingestionDAG']) retrieved from /opt/airflow/dags/ingest_local_folder_dag.py
[2026-01-08T10:19:09.650+0000] {logging_mixin.py:151} INFO - [2026-01-08T10:19:09.650+0000] {dag.py:2915} INFO - Sync 1 DAGs
[2026-01-08T10:19:09.734+0000] {logging_mixin.py:151} INFO - [2026-01-08T10:19:09.733+0000] {dag.py:3696} INFO - Setting next_dagrun for ingestionDAG to 2026-01-08T10:18:39.733162+00:00, run_after=2026-01-08T10:19:09.733162+00:00
[2026-01-08T10:19:09.787+0000] {processor.py:179} INFO - Processing /opt/airflow/dags/ingest_local_folder_dag.py took 0.931 seconds
[2026-01-08T10:19:40.141+0000] {processor.py:157} INFO - Started process (PID=4862) to work on /opt/airflow/dags/ingest_local_folder_dag.py
[2026-01-08T10:19:40.145+0000] {processor.py:829} INFO - Processing file /opt/airflow/dags/ingest_local_folder_dag.py for tasks to queue
[2026-01-08T10:19:40.148+0000] {logging_mixin.py:151} INFO - [2026-01-08T10:19:40.146+0000] {dagbag.py:539} INFO - Filling up the DagBag from /opt/airflow/dags/ingest_local_folder_dag.py
[2026-01-08T10:19:40.789+0000] {processor.py:839} INFO - DAG(s) dict_keys(['ingestionDAG']) retrieved from /opt/airflow/dags/ingest_local_folder_dag.py
[2026-01-08T10:19:40.924+0000] {logging_mixin.py:151} INFO - [2026-01-08T10:19:40.923+0000] {dag.py:2915} INFO - Sync 1 DAGs
[2026-01-08T10:19:41.030+0000] {logging_mixin.py:151} INFO - [2026-01-08T10:19:41.029+0000] {dag.py:3696} INFO - Setting next_dagrun for ingestionDAG to 2026-01-08T10:19:11.028743+00:00, run_after=2026-01-08T10:19:41.028743+00:00
[2026-01-08T10:19:41.094+0000] {processor.py:179} INFO - Processing /opt/airflow/dags/ingest_local_folder_dag.py took 0.965 seconds
[2026-01-08T10:20:11.509+0000] {processor.py:157} INFO - Started process (PID=4876) to work on /opt/airflow/dags/ingest_local_folder_dag.py
[2026-01-08T10:20:11.511+0000] {processor.py:829} INFO - Processing file /opt/airflow/dags/ingest_local_folder_dag.py for tasks to queue
[2026-01-08T10:20:11.514+0000] {logging_mixin.py:151} INFO - [2026-01-08T10:20:11.512+0000] {dagbag.py:539} INFO - Filling up the DagBag from /opt/airflow/dags/ingest_local_folder_dag.py
[2026-01-08T10:20:12.108+0000] {processor.py:839} INFO - DAG(s) dict_keys(['ingestionDAG']) retrieved from /opt/airflow/dags/ingest_local_folder_dag.py
[2026-01-08T10:20:12.203+0000] {logging_mixin.py:151} INFO - [2026-01-08T10:20:12.202+0000] {dag.py:2915} INFO - Sync 1 DAGs
[2026-01-08T10:20:12.267+0000] {logging_mixin.py:151} INFO - [2026-01-08T10:20:12.267+0000] {dag.py:3696} INFO - Setting next_dagrun for ingestionDAG to 2026-01-08T10:19:42.266463+00:00, run_after=2026-01-08T10:20:12.266463+00:00
[2026-01-08T10:20:12.316+0000] {processor.py:179} INFO - Processing /opt/airflow/dags/ingest_local_folder_dag.py took 0.820 seconds
[2026-01-08T10:20:42.663+0000] {processor.py:157} INFO - Started process (PID=4890) to work on /opt/airflow/dags/ingest_local_folder_dag.py
[2026-01-08T10:20:42.666+0000] {processor.py:829} INFO - Processing file /opt/airflow/dags/ingest_local_folder_dag.py for tasks to queue
[2026-01-08T10:20:42.670+0000] {logging_mixin.py:151} INFO - [2026-01-08T10:20:42.668+0000] {dagbag.py:539} INFO - Filling up the DagBag from /opt/airflow/dags/ingest_local_folder_dag.py
[2026-01-08T10:20:43.326+0000] {processor.py:839} INFO - DAG(s) dict_keys(['ingestionDAG']) retrieved from /opt/airflow/dags/ingest_local_folder_dag.py
[2026-01-08T10:20:43.445+0000] {logging_mixin.py:151} INFO - [2026-01-08T10:20:43.445+0000] {dag.py:2915} INFO - Sync 1 DAGs
[2026-01-08T10:20:43.526+0000] {logging_mixin.py:151} INFO - [2026-01-08T10:20:43.525+0000] {dag.py:3696} INFO - Setting next_dagrun for ingestionDAG to 2026-01-08T10:20:13.524870+00:00, run_after=2026-01-08T10:20:43.524870+00:00
[2026-01-08T10:20:43.583+0000] {processor.py:179} INFO - Processing /opt/airflow/dags/ingest_local_folder_dag.py took 0.933 seconds
[2026-01-08T10:21:13.969+0000] {processor.py:157} INFO - Started process (PID=4902) to work on /opt/airflow/dags/ingest_local_folder_dag.py
[2026-01-08T10:21:13.985+0000] {processor.py:829} INFO - Processing file /opt/airflow/dags/ingest_local_folder_dag.py for tasks to queue
[2026-01-08T10:21:13.990+0000] {logging_mixin.py:151} INFO - [2026-01-08T10:21:13.987+0000] {dagbag.py:539} INFO - Filling up the DagBag from /opt/airflow/dags/ingest_local_folder_dag.py
[2026-01-08T10:21:14.700+0000] {processor.py:839} INFO - DAG(s) dict_keys(['ingestionDAG']) retrieved from /opt/airflow/dags/ingest_local_folder_dag.py
[2026-01-08T10:21:14.905+0000] {logging_mixin.py:151} INFO - [2026-01-08T10:21:14.904+0000] {dag.py:2915} INFO - Sync 1 DAGs
[2026-01-08T10:21:15.073+0000] {logging_mixin.py:151} INFO - [2026-01-08T10:21:15.071+0000] {dag.py:3696} INFO - Setting next_dagrun for ingestionDAG to 2026-01-08T10:20:45.070369+00:00, run_after=2026-01-08T10:21:15.070369+00:00
[2026-01-08T10:21:15.215+0000] {processor.py:179} INFO - Processing /opt/airflow/dags/ingest_local_folder_dag.py took 1.272 seconds
[2026-01-08T10:21:45.497+0000] {processor.py:157} INFO - Started process (PID=4915) to work on /opt/airflow/dags/ingest_local_folder_dag.py
[2026-01-08T10:21:45.499+0000] {processor.py:829} INFO - Processing file /opt/airflow/dags/ingest_local_folder_dag.py for tasks to queue
[2026-01-08T10:21:45.502+0000] {logging_mixin.py:151} INFO - [2026-01-08T10:21:45.501+0000] {dagbag.py:539} INFO - Filling up the DagBag from /opt/airflow/dags/ingest_local_folder_dag.py
[2026-01-08T10:21:46.093+0000] {processor.py:839} INFO - DAG(s) dict_keys(['ingestionDAG']) retrieved from /opt/airflow/dags/ingest_local_folder_dag.py
[2026-01-08T10:21:46.200+0000] {logging_mixin.py:151} INFO - [2026-01-08T10:21:46.200+0000] {dag.py:2915} INFO - Sync 1 DAGs
[2026-01-08T10:21:46.272+0000] {logging_mixin.py:151} INFO - [2026-01-08T10:21:46.271+0000] {dag.py:3696} INFO - Setting next_dagrun for ingestionDAG to 2026-01-08T10:21:16.271229+00:00, run_after=2026-01-08T10:21:46.271229+00:00
[2026-01-08T10:21:46.330+0000] {processor.py:179} INFO - Processing /opt/airflow/dags/ingest_local_folder_dag.py took 0.846 seconds
[2026-01-08T10:22:16.553+0000] {processor.py:157} INFO - Started process (PID=4929) to work on /opt/airflow/dags/ingest_local_folder_dag.py
[2026-01-08T10:22:16.556+0000] {processor.py:829} INFO - Processing file /opt/airflow/dags/ingest_local_folder_dag.py for tasks to queue
[2026-01-08T10:22:16.560+0000] {logging_mixin.py:151} INFO - [2026-01-08T10:22:16.558+0000] {dagbag.py:539} INFO - Filling up the DagBag from /opt/airflow/dags/ingest_local_folder_dag.py
[2026-01-08T10:22:17.133+0000] {processor.py:839} INFO - DAG(s) dict_keys(['ingestionDAG']) retrieved from /opt/airflow/dags/ingest_local_folder_dag.py
[2026-01-08T10:22:17.230+0000] {logging_mixin.py:151} INFO - [2026-01-08T10:22:17.229+0000] {dag.py:2915} INFO - Sync 1 DAGs
[2026-01-08T10:22:17.297+0000] {logging_mixin.py:151} INFO - [2026-01-08T10:22:17.297+0000] {dag.py:3696} INFO - Setting next_dagrun for ingestionDAG to 2026-01-08T10:21:47.296826+00:00, run_after=2026-01-08T10:22:17.296826+00:00
[2026-01-08T10:22:17.344+0000] {processor.py:179} INFO - Processing /opt/airflow/dags/ingest_local_folder_dag.py took 0.802 seconds
[2026-01-08T10:22:47.593+0000] {processor.py:157} INFO - Started process (PID=4943) to work on /opt/airflow/dags/ingest_local_folder_dag.py
[2026-01-08T10:22:47.595+0000] {processor.py:829} INFO - Processing file /opt/airflow/dags/ingest_local_folder_dag.py for tasks to queue
[2026-01-08T10:22:47.598+0000] {logging_mixin.py:151} INFO - [2026-01-08T10:22:47.597+0000] {dagbag.py:539} INFO - Filling up the DagBag from /opt/airflow/dags/ingest_local_folder_dag.py
[2026-01-08T10:22:48.183+0000] {processor.py:839} INFO - DAG(s) dict_keys(['ingestionDAG']) retrieved from /opt/airflow/dags/ingest_local_folder_dag.py
[2026-01-08T10:22:48.285+0000] {logging_mixin.py:151} INFO - [2026-01-08T10:22:48.284+0000] {dag.py:2915} INFO - Sync 1 DAGs
[2026-01-08T10:22:48.351+0000] {logging_mixin.py:151} INFO - [2026-01-08T10:22:48.351+0000] {dag.py:3696} INFO - Setting next_dagrun for ingestionDAG to 2026-01-08T10:22:18.350729+00:00, run_after=2026-01-08T10:22:48.350729+00:00
[2026-01-08T10:22:48.412+0000] {processor.py:179} INFO - Processing /opt/airflow/dags/ingest_local_folder_dag.py took 0.830 seconds
[2026-01-08T10:23:18.572+0000] {processor.py:157} INFO - Started process (PID=4954) to work on /opt/airflow/dags/ingest_local_folder_dag.py
[2026-01-08T10:23:18.576+0000] {processor.py:829} INFO - Processing file /opt/airflow/dags/ingest_local_folder_dag.py for tasks to queue
[2026-01-08T10:23:18.579+0000] {logging_mixin.py:151} INFO - [2026-01-08T10:23:18.578+0000] {dagbag.py:539} INFO - Filling up the DagBag from /opt/airflow/dags/ingest_local_folder_dag.py
[2026-01-08T10:23:19.248+0000] {processor.py:839} INFO - DAG(s) dict_keys(['ingestionDAG']) retrieved from /opt/airflow/dags/ingest_local_folder_dag.py
[2026-01-08T10:23:19.382+0000] {logging_mixin.py:151} INFO - [2026-01-08T10:23:19.381+0000] {dag.py:2915} INFO - Sync 1 DAGs
[2026-01-08T10:23:19.456+0000] {logging_mixin.py:151} INFO - [2026-01-08T10:23:19.455+0000] {dag.py:3696} INFO - Setting next_dagrun for ingestionDAG to 2026-01-08T10:22:49.455022+00:00, run_after=2026-01-08T10:23:19.455022+00:00
[2026-01-08T10:23:19.518+0000] {processor.py:179} INFO - Processing /opt/airflow/dags/ingest_local_folder_dag.py took 0.958 seconds
[2026-01-08T10:23:49.717+0000] {processor.py:157} INFO - Started process (PID=4968) to work on /opt/airflow/dags/ingest_local_folder_dag.py
[2026-01-08T10:23:49.720+0000] {processor.py:829} INFO - Processing file /opt/airflow/dags/ingest_local_folder_dag.py for tasks to queue
[2026-01-08T10:23:49.723+0000] {logging_mixin.py:151} INFO - [2026-01-08T10:23:49.721+0000] {dagbag.py:539} INFO - Filling up the DagBag from /opt/airflow/dags/ingest_local_folder_dag.py
[2026-01-08T10:23:50.334+0000] {processor.py:839} INFO - DAG(s) dict_keys(['ingestionDAG']) retrieved from /opt/airflow/dags/ingest_local_folder_dag.py
[2026-01-08T10:23:50.445+0000] {logging_mixin.py:151} INFO - [2026-01-08T10:23:50.445+0000] {dag.py:2915} INFO - Sync 1 DAGs
[2026-01-08T10:23:50.517+0000] {logging_mixin.py:151} INFO - [2026-01-08T10:23:50.516+0000] {dag.py:3696} INFO - Setting next_dagrun for ingestionDAG to 2026-01-08T10:23:20.516165+00:00, run_after=2026-01-08T10:23:50.516165+00:00
[2026-01-08T10:23:50.570+0000] {processor.py:179} INFO - Processing /opt/airflow/dags/ingest_local_folder_dag.py took 0.867 seconds
[2026-01-08T10:24:20.820+0000] {processor.py:157} INFO - Started process (PID=4982) to work on /opt/airflow/dags/ingest_local_folder_dag.py
[2026-01-08T10:24:20.822+0000] {processor.py:829} INFO - Processing file /opt/airflow/dags/ingest_local_folder_dag.py for tasks to queue
[2026-01-08T10:24:20.825+0000] {logging_mixin.py:151} INFO - [2026-01-08T10:24:20.824+0000] {dagbag.py:539} INFO - Filling up the DagBag from /opt/airflow/dags/ingest_local_folder_dag.py
[2026-01-08T10:24:21.407+0000] {processor.py:839} INFO - DAG(s) dict_keys(['ingestionDAG']) retrieved from /opt/airflow/dags/ingest_local_folder_dag.py
[2026-01-08T10:24:21.508+0000] {logging_mixin.py:151} INFO - [2026-01-08T10:24:21.508+0000] {dag.py:2915} INFO - Sync 1 DAGs
[2026-01-08T10:24:21.579+0000] {logging_mixin.py:151} INFO - [2026-01-08T10:24:21.579+0000] {dag.py:3696} INFO - Setting next_dagrun for ingestionDAG to 2026-01-08T10:23:51.578899+00:00, run_after=2026-01-08T10:24:21.578899+00:00
[2026-01-08T10:24:21.631+0000] {processor.py:179} INFO - Processing /opt/airflow/dags/ingest_local_folder_dag.py took 0.822 seconds
[2026-01-08T10:24:51.819+0000] {processor.py:157} INFO - Started process (PID=4993) to work on /opt/airflow/dags/ingest_local_folder_dag.py
[2026-01-08T10:24:51.821+0000] {processor.py:829} INFO - Processing file /opt/airflow/dags/ingest_local_folder_dag.py for tasks to queue
[2026-01-08T10:24:51.825+0000] {logging_mixin.py:151} INFO - [2026-01-08T10:24:51.822+0000] {dagbag.py:539} INFO - Filling up the DagBag from /opt/airflow/dags/ingest_local_folder_dag.py
[2026-01-08T10:24:52.452+0000] {processor.py:839} INFO - DAG(s) dict_keys(['ingestionDAG']) retrieved from /opt/airflow/dags/ingest_local_folder_dag.py
[2026-01-08T10:24:52.568+0000] {logging_mixin.py:151} INFO - [2026-01-08T10:24:52.568+0000] {dag.py:2915} INFO - Sync 1 DAGs
[2026-01-08T10:24:52.667+0000] {logging_mixin.py:151} INFO - [2026-01-08T10:24:52.665+0000] {dag.py:3696} INFO - Setting next_dagrun for ingestionDAG to 2026-01-08T10:24:22.663102+00:00, run_after=2026-01-08T10:24:52.663102+00:00
[2026-01-08T10:24:52.732+0000] {processor.py:179} INFO - Processing /opt/airflow/dags/ingest_local_folder_dag.py took 0.926 seconds
[2026-01-08T10:25:23.106+0000] {processor.py:157} INFO - Started process (PID=5007) to work on /opt/airflow/dags/ingest_local_folder_dag.py
[2026-01-08T10:25:23.109+0000] {processor.py:829} INFO - Processing file /opt/airflow/dags/ingest_local_folder_dag.py for tasks to queue
[2026-01-08T10:25:23.112+0000] {logging_mixin.py:151} INFO - [2026-01-08T10:25:23.110+0000] {dagbag.py:539} INFO - Filling up the DagBag from /opt/airflow/dags/ingest_local_folder_dag.py
[2026-01-08T10:25:23.739+0000] {processor.py:839} INFO - DAG(s) dict_keys(['ingestionDAG']) retrieved from /opt/airflow/dags/ingest_local_folder_dag.py
[2026-01-08T10:25:23.854+0000] {logging_mixin.py:151} INFO - [2026-01-08T10:25:23.853+0000] {dag.py:2915} INFO - Sync 1 DAGs
[2026-01-08T10:25:23.937+0000] {logging_mixin.py:151} INFO - [2026-01-08T10:25:23.937+0000] {dag.py:3696} INFO - Setting next_dagrun for ingestionDAG to 2026-01-08T10:24:53.936673+00:00, run_after=2026-01-08T10:25:23.936673+00:00
[2026-01-08T10:25:23.998+0000] {processor.py:179} INFO - Processing /opt/airflow/dags/ingest_local_folder_dag.py took 0.904 seconds
[2026-01-08T10:25:54.392+0000] {processor.py:157} INFO - Started process (PID=5021) to work on /opt/airflow/dags/ingest_local_folder_dag.py
[2026-01-08T10:25:54.394+0000] {processor.py:829} INFO - Processing file /opt/airflow/dags/ingest_local_folder_dag.py for tasks to queue
[2026-01-08T10:25:54.397+0000] {logging_mixin.py:151} INFO - [2026-01-08T10:25:54.396+0000] {dagbag.py:539} INFO - Filling up the DagBag from /opt/airflow/dags/ingest_local_folder_dag.py
[2026-01-08T10:25:55.044+0000] {processor.py:839} INFO - DAG(s) dict_keys(['ingestionDAG']) retrieved from /opt/airflow/dags/ingest_local_folder_dag.py
[2026-01-08T10:25:55.149+0000] {logging_mixin.py:151} INFO - [2026-01-08T10:25:55.148+0000] {dag.py:2915} INFO - Sync 1 DAGs
[2026-01-08T10:25:55.226+0000] {logging_mixin.py:151} INFO - [2026-01-08T10:25:55.225+0000] {dag.py:3696} INFO - Setting next_dagrun for ingestionDAG to 2026-01-08T10:25:25.224365+00:00, run_after=2026-01-08T10:25:55.224365+00:00
[2026-01-08T10:25:55.296+0000] {processor.py:179} INFO - Processing /opt/airflow/dags/ingest_local_folder_dag.py took 0.916 seconds
[2026-01-08T10:26:25.513+0000] {processor.py:157} INFO - Started process (PID=5032) to work on /opt/airflow/dags/ingest_local_folder_dag.py
[2026-01-08T10:26:25.516+0000] {processor.py:829} INFO - Processing file /opt/airflow/dags/ingest_local_folder_dag.py for tasks to queue
[2026-01-08T10:26:25.519+0000] {logging_mixin.py:151} INFO - [2026-01-08T10:26:25.518+0000] {dagbag.py:539} INFO - Filling up the DagBag from /opt/airflow/dags/ingest_local_folder_dag.py
[2026-01-08T10:26:26.142+0000] {processor.py:839} INFO - DAG(s) dict_keys(['ingestionDAG']) retrieved from /opt/airflow/dags/ingest_local_folder_dag.py
[2026-01-08T10:26:26.259+0000] {logging_mixin.py:151} INFO - [2026-01-08T10:26:26.258+0000] {dag.py:2915} INFO - Sync 1 DAGs
[2026-01-08T10:26:26.368+0000] {logging_mixin.py:151} INFO - [2026-01-08T10:26:26.367+0000] {dag.py:3696} INFO - Setting next_dagrun for ingestionDAG to 2026-01-08T10:25:56.366393+00:00, run_after=2026-01-08T10:26:26.366393+00:00
[2026-01-08T10:26:26.433+0000] {processor.py:179} INFO - Processing /opt/airflow/dags/ingest_local_folder_dag.py took 0.933 seconds
[2026-01-08T10:26:56.799+0000] {processor.py:157} INFO - Started process (PID=5046) to work on /opt/airflow/dags/ingest_local_folder_dag.py
[2026-01-08T10:26:56.802+0000] {processor.py:829} INFO - Processing file /opt/airflow/dags/ingest_local_folder_dag.py for tasks to queue
[2026-01-08T10:26:56.807+0000] {logging_mixin.py:151} INFO - [2026-01-08T10:26:56.804+0000] {dagbag.py:539} INFO - Filling up the DagBag from /opt/airflow/dags/ingest_local_folder_dag.py
[2026-01-08T10:26:57.509+0000] {processor.py:839} INFO - DAG(s) dict_keys(['ingestionDAG']) retrieved from /opt/airflow/dags/ingest_local_folder_dag.py
[2026-01-08T10:26:57.624+0000] {logging_mixin.py:151} INFO - [2026-01-08T10:26:57.624+0000] {dag.py:2915} INFO - Sync 1 DAGs
[2026-01-08T10:26:57.706+0000] {logging_mixin.py:151} INFO - [2026-01-08T10:26:57.706+0000] {dag.py:3696} INFO - Setting next_dagrun for ingestionDAG to 2026-01-08T10:26:27.705444+00:00, run_after=2026-01-08T10:26:57.705444+00:00
[2026-01-08T10:26:57.766+0000] {processor.py:179} INFO - Processing /opt/airflow/dags/ingest_local_folder_dag.py took 0.978 seconds
[2026-01-08T10:27:28.155+0000] {processor.py:157} INFO - Started process (PID=5060) to work on /opt/airflow/dags/ingest_local_folder_dag.py
[2026-01-08T10:27:28.158+0000] {processor.py:829} INFO - Processing file /opt/airflow/dags/ingest_local_folder_dag.py for tasks to queue
[2026-01-08T10:27:28.162+0000] {logging_mixin.py:151} INFO - [2026-01-08T10:27:28.160+0000] {dagbag.py:539} INFO - Filling up the DagBag from /opt/airflow/dags/ingest_local_folder_dag.py
[2026-01-08T10:27:28.784+0000] {processor.py:839} INFO - DAG(s) dict_keys(['ingestionDAG']) retrieved from /opt/airflow/dags/ingest_local_folder_dag.py
[2026-01-08T10:27:28.901+0000] {logging_mixin.py:151} INFO - [2026-01-08T10:27:28.900+0000] {dag.py:2915} INFO - Sync 1 DAGs
[2026-01-08T10:27:28.964+0000] {logging_mixin.py:151} INFO - [2026-01-08T10:27:28.964+0000] {dag.py:3696} INFO - Setting next_dagrun for ingestionDAG to 2026-01-08T10:26:58.963851+00:00, run_after=2026-01-08T10:27:28.963851+00:00
[2026-01-08T10:27:29.024+0000] {processor.py:179} INFO - Processing /opt/airflow/dags/ingest_local_folder_dag.py took 0.880 seconds
[2026-01-08T10:27:59.401+0000] {processor.py:157} INFO - Started process (PID=5073) to work on /opt/airflow/dags/ingest_local_folder_dag.py
[2026-01-08T10:27:59.404+0000] {processor.py:829} INFO - Processing file /opt/airflow/dags/ingest_local_folder_dag.py for tasks to queue
[2026-01-08T10:27:59.409+0000] {logging_mixin.py:151} INFO - [2026-01-08T10:27:59.408+0000] {dagbag.py:539} INFO - Filling up the DagBag from /opt/airflow/dags/ingest_local_folder_dag.py
[2026-01-08T10:28:00.038+0000] {processor.py:839} INFO - DAG(s) dict_keys(['ingestionDAG']) retrieved from /opt/airflow/dags/ingest_local_folder_dag.py
[2026-01-08T10:28:00.204+0000] {logging_mixin.py:151} INFO - [2026-01-08T10:28:00.204+0000] {dag.py:2915} INFO - Sync 1 DAGs
[2026-01-08T10:28:00.286+0000] {logging_mixin.py:151} INFO - [2026-01-08T10:28:00.286+0000] {dag.py:3696} INFO - Setting next_dagrun for ingestionDAG to 2026-01-08T10:27:30.285615+00:00, run_after=2026-01-08T10:28:00.285615+00:00
[2026-01-08T10:28:00.335+0000] {processor.py:179} INFO - Processing /opt/airflow/dags/ingest_local_folder_dag.py took 0.950 seconds
[2026-01-08T10:28:30.654+0000] {processor.py:157} INFO - Started process (PID=5085) to work on /opt/airflow/dags/ingest_local_folder_dag.py
[2026-01-08T10:28:30.656+0000] {processor.py:829} INFO - Processing file /opt/airflow/dags/ingest_local_folder_dag.py for tasks to queue
[2026-01-08T10:28:30.659+0000] {logging_mixin.py:151} INFO - [2026-01-08T10:28:30.657+0000] {dagbag.py:539} INFO - Filling up the DagBag from /opt/airflow/dags/ingest_local_folder_dag.py
[2026-01-08T10:28:31.234+0000] {processor.py:839} INFO - DAG(s) dict_keys(['ingestionDAG']) retrieved from /opt/airflow/dags/ingest_local_folder_dag.py
[2026-01-08T10:28:31.345+0000] {logging_mixin.py:151} INFO - [2026-01-08T10:28:31.344+0000] {dag.py:2915} INFO - Sync 1 DAGs
[2026-01-08T10:28:31.412+0000] {logging_mixin.py:151} INFO - [2026-01-08T10:28:31.411+0000] {dag.py:3696} INFO - Setting next_dagrun for ingestionDAG to 2026-01-08T10:28:01.410930+00:00, run_after=2026-01-08T10:28:31.410930+00:00
[2026-01-08T10:28:31.470+0000] {processor.py:179} INFO - Processing /opt/airflow/dags/ingest_local_folder_dag.py took 0.830 seconds
[2026-01-08T10:29:01.862+0000] {processor.py:157} INFO - Started process (PID=5099) to work on /opt/airflow/dags/ingest_local_folder_dag.py
[2026-01-08T10:29:01.864+0000] {processor.py:829} INFO - Processing file /opt/airflow/dags/ingest_local_folder_dag.py for tasks to queue
[2026-01-08T10:29:01.867+0000] {logging_mixin.py:151} INFO - [2026-01-08T10:29:01.865+0000] {dagbag.py:539} INFO - Filling up the DagBag from /opt/airflow/dags/ingest_local_folder_dag.py
[2026-01-08T10:29:02.440+0000] {processor.py:839} INFO - DAG(s) dict_keys(['ingestionDAG']) retrieved from /opt/airflow/dags/ingest_local_folder_dag.py
[2026-01-08T10:29:02.539+0000] {logging_mixin.py:151} INFO - [2026-01-08T10:29:02.539+0000] {dag.py:2915} INFO - Sync 1 DAGs
[2026-01-08T10:29:02.610+0000] {logging_mixin.py:151} INFO - [2026-01-08T10:29:02.610+0000] {dag.py:3696} INFO - Setting next_dagrun for ingestionDAG to 2026-01-08T10:28:32.609041+00:00, run_after=2026-01-08T10:29:02.609041+00:00
[2026-01-08T10:29:02.655+0000] {processor.py:179} INFO - Processing /opt/airflow/dags/ingest_local_folder_dag.py took 0.807 seconds
[2026-01-08T10:29:33.033+0000] {processor.py:157} INFO - Started process (PID=5111) to work on /opt/airflow/dags/ingest_local_folder_dag.py
[2026-01-08T10:29:33.037+0000] {processor.py:829} INFO - Processing file /opt/airflow/dags/ingest_local_folder_dag.py for tasks to queue
[2026-01-08T10:29:33.040+0000] {logging_mixin.py:151} INFO - [2026-01-08T10:29:33.039+0000] {dagbag.py:539} INFO - Filling up the DagBag from /opt/airflow/dags/ingest_local_folder_dag.py
[2026-01-08T10:29:33.632+0000] {processor.py:839} INFO - DAG(s) dict_keys(['ingestionDAG']) retrieved from /opt/airflow/dags/ingest_local_folder_dag.py
[2026-01-08T10:29:33.760+0000] {logging_mixin.py:151} INFO - [2026-01-08T10:29:33.760+0000] {dag.py:2915} INFO - Sync 1 DAGs
[2026-01-08T10:29:33.858+0000] {logging_mixin.py:151} INFO - [2026-01-08T10:29:33.858+0000] {dag.py:3696} INFO - Setting next_dagrun for ingestionDAG to 2026-01-08T10:29:03.857574+00:00, run_after=2026-01-08T10:29:33.857574+00:00
[2026-01-08T10:29:33.908+0000] {processor.py:179} INFO - Processing /opt/airflow/dags/ingest_local_folder_dag.py took 0.892 seconds
[2026-01-08T10:30:04.253+0000] {processor.py:157} INFO - Started process (PID=5121) to work on /opt/airflow/dags/ingest_local_folder_dag.py
[2026-01-08T10:30:04.256+0000] {processor.py:829} INFO - Processing file /opt/airflow/dags/ingest_local_folder_dag.py for tasks to queue
[2026-01-08T10:30:04.259+0000] {logging_mixin.py:151} INFO - [2026-01-08T10:30:04.258+0000] {dagbag.py:539} INFO - Filling up the DagBag from /opt/airflow/dags/ingest_local_folder_dag.py
[2026-01-08T10:30:04.890+0000] {processor.py:839} INFO - DAG(s) dict_keys(['ingestionDAG']) retrieved from /opt/airflow/dags/ingest_local_folder_dag.py
[2026-01-08T10:30:05.010+0000] {logging_mixin.py:151} INFO - [2026-01-08T10:30:05.008+0000] {dag.py:2915} INFO - Sync 1 DAGs
[2026-01-08T10:30:05.096+0000] {logging_mixin.py:151} INFO - [2026-01-08T10:30:05.096+0000] {dag.py:3696} INFO - Setting next_dagrun for ingestionDAG to 2026-01-08T10:29:35.095713+00:00, run_after=2026-01-08T10:30:05.095713+00:00
[2026-01-08T10:30:05.151+0000] {processor.py:179} INFO - Processing /opt/airflow/dags/ingest_local_folder_dag.py took 0.909 seconds
[2026-01-08T10:30:35.428+0000] {processor.py:157} INFO - Started process (PID=5132) to work on /opt/airflow/dags/ingest_local_folder_dag.py
[2026-01-08T10:30:35.431+0000] {processor.py:829} INFO - Processing file /opt/airflow/dags/ingest_local_folder_dag.py for tasks to queue
[2026-01-08T10:30:35.434+0000] {logging_mixin.py:151} INFO - [2026-01-08T10:30:35.433+0000] {dagbag.py:539} INFO - Filling up the DagBag from /opt/airflow/dags/ingest_local_folder_dag.py
[2026-01-08T10:30:36.032+0000] {processor.py:839} INFO - DAG(s) dict_keys(['ingestionDAG']) retrieved from /opt/airflow/dags/ingest_local_folder_dag.py
[2026-01-08T10:30:36.162+0000] {logging_mixin.py:151} INFO - [2026-01-08T10:30:36.162+0000] {dag.py:2915} INFO - Sync 1 DAGs
[2026-01-08T10:30:36.256+0000] {logging_mixin.py:151} INFO - [2026-01-08T10:30:36.256+0000] {dag.py:3696} INFO - Setting next_dagrun for ingestionDAG to 2026-01-08T10:30:06.255337+00:00, run_after=2026-01-08T10:30:36.255337+00:00
[2026-01-08T10:30:36.324+0000] {processor.py:179} INFO - Processing /opt/airflow/dags/ingest_local_folder_dag.py took 0.907 seconds
[2026-01-08T10:31:06.521+0000] {processor.py:157} INFO - Started process (PID=5146) to work on /opt/airflow/dags/ingest_local_folder_dag.py
[2026-01-08T10:31:06.523+0000] {processor.py:829} INFO - Processing file /opt/airflow/dags/ingest_local_folder_dag.py for tasks to queue
[2026-01-08T10:31:06.526+0000] {logging_mixin.py:151} INFO - [2026-01-08T10:31:06.524+0000] {dagbag.py:539} INFO - Filling up the DagBag from /opt/airflow/dags/ingest_local_folder_dag.py
[2026-01-08T10:31:07.065+0000] {processor.py:839} INFO - DAG(s) dict_keys(['ingestionDAG']) retrieved from /opt/airflow/dags/ingest_local_folder_dag.py
[2026-01-08T10:31:07.158+0000] {logging_mixin.py:151} INFO - [2026-01-08T10:31:07.157+0000] {dag.py:2915} INFO - Sync 1 DAGs
[2026-01-08T10:31:07.216+0000] {logging_mixin.py:151} INFO - [2026-01-08T10:31:07.215+0000] {dag.py:3696} INFO - Setting next_dagrun for ingestionDAG to 2026-01-08T10:30:37.215008+00:00, run_after=2026-01-08T10:31:07.215008+00:00
[2026-01-08T10:31:07.256+0000] {processor.py:179} INFO - Processing /opt/airflow/dags/ingest_local_folder_dag.py took 0.746 seconds
[2026-01-08T10:31:37.525+0000] {processor.py:157} INFO - Started process (PID=5157) to work on /opt/airflow/dags/ingest_local_folder_dag.py
[2026-01-08T10:31:37.527+0000] {processor.py:829} INFO - Processing file /opt/airflow/dags/ingest_local_folder_dag.py for tasks to queue
[2026-01-08T10:31:37.530+0000] {logging_mixin.py:151} INFO - [2026-01-08T10:31:37.529+0000] {dagbag.py:539} INFO - Filling up the DagBag from /opt/airflow/dags/ingest_local_folder_dag.py
[2026-01-08T10:31:38.071+0000] {processor.py:839} INFO - DAG(s) dict_keys(['ingestionDAG']) retrieved from /opt/airflow/dags/ingest_local_folder_dag.py
[2026-01-08T10:31:38.163+0000] {logging_mixin.py:151} INFO - [2026-01-08T10:31:38.162+0000] {dag.py:2915} INFO - Sync 1 DAGs
[2026-01-08T10:31:38.224+0000] {logging_mixin.py:151} INFO - [2026-01-08T10:31:38.224+0000] {dag.py:3696} INFO - Setting next_dagrun for ingestionDAG to 2026-01-08T10:31:08.223605+00:00, run_after=2026-01-08T10:31:38.223605+00:00
[2026-01-08T10:31:38.265+0000] {processor.py:179} INFO - Processing /opt/airflow/dags/ingest_local_folder_dag.py took 0.750 seconds
[2026-01-08T10:32:08.446+0000] {processor.py:157} INFO - Started process (PID=5171) to work on /opt/airflow/dags/ingest_local_folder_dag.py
[2026-01-08T10:32:08.448+0000] {processor.py:829} INFO - Processing file /opt/airflow/dags/ingest_local_folder_dag.py for tasks to queue
[2026-01-08T10:32:08.450+0000] {logging_mixin.py:151} INFO - [2026-01-08T10:32:08.449+0000] {dagbag.py:539} INFO - Filling up the DagBag from /opt/airflow/dags/ingest_local_folder_dag.py
[2026-01-08T10:32:08.993+0000] {processor.py:839} INFO - DAG(s) dict_keys(['ingestionDAG']) retrieved from /opt/airflow/dags/ingest_local_folder_dag.py
[2026-01-08T10:32:09.084+0000] {logging_mixin.py:151} INFO - [2026-01-08T10:32:09.083+0000] {dag.py:2915} INFO - Sync 1 DAGs
[2026-01-08T10:32:09.150+0000] {logging_mixin.py:151} INFO - [2026-01-08T10:32:09.150+0000] {dag.py:3696} INFO - Setting next_dagrun for ingestionDAG to 2026-01-08T10:31:39.149352+00:00, run_after=2026-01-08T10:32:09.149352+00:00
[2026-01-08T10:32:09.194+0000] {processor.py:179} INFO - Processing /opt/airflow/dags/ingest_local_folder_dag.py took 0.760 seconds
[2026-01-08T10:32:39.450+0000] {processor.py:157} INFO - Started process (PID=5185) to work on /opt/airflow/dags/ingest_local_folder_dag.py
[2026-01-08T10:32:39.453+0000] {processor.py:829} INFO - Processing file /opt/airflow/dags/ingest_local_folder_dag.py for tasks to queue
[2026-01-08T10:32:39.455+0000] {logging_mixin.py:151} INFO - [2026-01-08T10:32:39.454+0000] {dagbag.py:539} INFO - Filling up the DagBag from /opt/airflow/dags/ingest_local_folder_dag.py
[2026-01-08T10:32:39.993+0000] {processor.py:839} INFO - DAG(s) dict_keys(['ingestionDAG']) retrieved from /opt/airflow/dags/ingest_local_folder_dag.py
[2026-01-08T10:32:40.085+0000] {logging_mixin.py:151} INFO - [2026-01-08T10:32:40.084+0000] {dag.py:2915} INFO - Sync 1 DAGs
[2026-01-08T10:32:40.152+0000] {logging_mixin.py:151} INFO - [2026-01-08T10:32:40.152+0000] {dag.py:3696} INFO - Setting next_dagrun for ingestionDAG to 2026-01-08T10:32:10.151747+00:00, run_after=2026-01-08T10:32:40.151747+00:00
[2026-01-08T10:32:40.200+0000] {processor.py:179} INFO - Processing /opt/airflow/dags/ingest_local_folder_dag.py took 0.761 seconds
[2026-01-08T10:33:10.466+0000] {processor.py:157} INFO - Started process (PID=5196) to work on /opt/airflow/dags/ingest_local_folder_dag.py
[2026-01-08T10:33:10.468+0000] {processor.py:829} INFO - Processing file /opt/airflow/dags/ingest_local_folder_dag.py for tasks to queue
[2026-01-08T10:33:10.471+0000] {logging_mixin.py:151} INFO - [2026-01-08T10:33:10.469+0000] {dagbag.py:539} INFO - Filling up the DagBag from /opt/airflow/dags/ingest_local_folder_dag.py
[2026-01-08T10:33:11.019+0000] {processor.py:839} INFO - DAG(s) dict_keys(['ingestionDAG']) retrieved from /opt/airflow/dags/ingest_local_folder_dag.py
[2026-01-08T10:33:11.117+0000] {logging_mixin.py:151} INFO - [2026-01-08T10:33:11.117+0000] {dag.py:2915} INFO - Sync 1 DAGs
[2026-01-08T10:33:11.182+0000] {logging_mixin.py:151} INFO - [2026-01-08T10:33:11.182+0000] {dag.py:3696} INFO - Setting next_dagrun for ingestionDAG to 2026-01-08T10:32:41.181610+00:00, run_after=2026-01-08T10:33:11.181610+00:00
[2026-01-08T10:33:11.225+0000] {processor.py:179} INFO - Processing /opt/airflow/dags/ingest_local_folder_dag.py took 0.771 seconds
[2026-01-08T10:39:33.158+0000] {processor.py:157} INFO - Started process (PID=5214) to work on /opt/airflow/dags/ingest_local_folder_dag.py
[2026-01-08T10:39:33.164+0000] {processor.py:829} INFO - Processing file /opt/airflow/dags/ingest_local_folder_dag.py for tasks to queue
[2026-01-08T10:39:33.165+0000] {logging_mixin.py:151} INFO - [2026-01-08T10:39:33.165+0000] {dagbag.py:539} INFO - Filling up the DagBag from /opt/airflow/dags/ingest_local_folder_dag.py
[2026-01-08T10:39:34.210+0000] {processor.py:839} INFO - DAG(s) dict_keys(['ingestionDAG']) retrieved from /opt/airflow/dags/ingest_local_folder_dag.py
[2026-01-08T10:39:34.242+0000] {logging_mixin.py:151} INFO - [2026-01-08T10:39:34.242+0000] {dag.py:2915} INFO - Sync 1 DAGs
[2026-01-08T10:39:34.263+0000] {logging_mixin.py:151} INFO - [2026-01-08T10:39:34.263+0000] {dag.py:3696} INFO - Setting next_dagrun for ingestionDAG to 2026-01-08T10:39:04.262862+00:00, run_after=2026-01-08T10:39:34.262862+00:00
[2026-01-08T10:39:34.291+0000] {processor.py:179} INFO - Processing /opt/airflow/dags/ingest_local_folder_dag.py took 1.156 seconds
[2026-01-08T10:40:04.468+0000] {processor.py:157} INFO - Started process (PID=5233) to work on /opt/airflow/dags/ingest_local_folder_dag.py
[2026-01-08T10:40:04.469+0000] {processor.py:829} INFO - Processing file /opt/airflow/dags/ingest_local_folder_dag.py for tasks to queue
[2026-01-08T10:40:04.470+0000] {logging_mixin.py:151} INFO - [2026-01-08T10:40:04.470+0000] {dagbag.py:539} INFO - Filling up the DagBag from /opt/airflow/dags/ingest_local_folder_dag.py
[2026-01-08T10:40:04.644+0000] {processor.py:839} INFO - DAG(s) dict_keys(['ingestionDAG']) retrieved from /opt/airflow/dags/ingest_local_folder_dag.py
[2026-01-08T10:40:04.673+0000] {logging_mixin.py:151} INFO - [2026-01-08T10:40:04.673+0000] {dag.py:2915} INFO - Sync 1 DAGs
[2026-01-08T10:40:04.694+0000] {logging_mixin.py:151} INFO - [2026-01-08T10:40:04.693+0000] {dag.py:3696} INFO - Setting next_dagrun for ingestionDAG to 2026-01-08T10:39:34.693719+00:00, run_after=2026-01-08T10:40:04.693719+00:00
[2026-01-08T10:40:04.710+0000] {processor.py:179} INFO - Processing /opt/airflow/dags/ingest_local_folder_dag.py took 0.246 seconds
[2026-01-08T10:40:34.927+0000] {processor.py:157} INFO - Started process (PID=5247) to work on /opt/airflow/dags/ingest_local_folder_dag.py
[2026-01-08T10:40:34.928+0000] {processor.py:829} INFO - Processing file /opt/airflow/dags/ingest_local_folder_dag.py for tasks to queue
[2026-01-08T10:40:34.930+0000] {logging_mixin.py:151} INFO - [2026-01-08T10:40:34.929+0000] {dagbag.py:539} INFO - Filling up the DagBag from /opt/airflow/dags/ingest_local_folder_dag.py
[2026-01-08T10:40:35.101+0000] {processor.py:839} INFO - DAG(s) dict_keys(['ingestionDAG']) retrieved from /opt/airflow/dags/ingest_local_folder_dag.py
[2026-01-08T10:40:35.130+0000] {logging_mixin.py:151} INFO - [2026-01-08T10:40:35.129+0000] {dag.py:2915} INFO - Sync 1 DAGs
[2026-01-08T10:40:35.149+0000] {logging_mixin.py:151} INFO - [2026-01-08T10:40:35.148+0000] {dag.py:3696} INFO - Setting next_dagrun for ingestionDAG to 2026-01-08T10:40:05.148735+00:00, run_after=2026-01-08T10:40:35.148735+00:00
[2026-01-08T10:40:35.164+0000] {processor.py:179} INFO - Processing /opt/airflow/dags/ingest_local_folder_dag.py took 0.248 seconds
[2026-01-08T11:27:11.131+0000] {processor.py:157} INFO - Started process (PID=5262) to work on /opt/airflow/dags/ingest_local_folder_dag.py
[2026-01-08T11:27:11.132+0000] {processor.py:829} INFO - Processing file /opt/airflow/dags/ingest_local_folder_dag.py for tasks to queue
[2026-01-08T11:27:11.132+0000] {logging_mixin.py:151} INFO - [2026-01-08T11:27:11.132+0000] {dagbag.py:539} INFO - Filling up the DagBag from /opt/airflow/dags/ingest_local_folder_dag.py
[2026-01-08T11:27:11.765+0000] {processor.py:839} INFO - DAG(s) dict_keys(['ingestionDAG']) retrieved from /opt/airflow/dags/ingest_local_folder_dag.py
[2026-01-08T11:27:11.828+0000] {logging_mixin.py:151} INFO - [2026-01-08T11:27:11.827+0000] {dag.py:2915} INFO - Sync 1 DAGs
[2026-01-08T11:27:11.860+0000] {logging_mixin.py:151} INFO - [2026-01-08T11:27:11.860+0000] {dag.py:3696} INFO - Setting next_dagrun for ingestionDAG to 2026-01-08T11:26:41.860306+00:00, run_after=2026-01-08T11:27:11.860306+00:00
[2026-01-08T11:27:11.896+0000] {processor.py:179} INFO - Processing /opt/airflow/dags/ingest_local_folder_dag.py took 0.772 seconds
[2026-01-08T11:27:42.345+0000] {processor.py:157} INFO - Started process (PID=5284) to work on /opt/airflow/dags/ingest_local_folder_dag.py
[2026-01-08T11:27:42.347+0000] {processor.py:829} INFO - Processing file /opt/airflow/dags/ingest_local_folder_dag.py for tasks to queue
[2026-01-08T11:27:42.350+0000] {logging_mixin.py:151} INFO - [2026-01-08T11:27:42.349+0000] {dagbag.py:539} INFO - Filling up the DagBag from /opt/airflow/dags/ingest_local_folder_dag.py
[2026-01-08T11:27:42.548+0000] {processor.py:839} INFO - DAG(s) dict_keys(['ingestionDAG']) retrieved from /opt/airflow/dags/ingest_local_folder_dag.py
[2026-01-08T11:27:42.578+0000] {logging_mixin.py:151} INFO - [2026-01-08T11:27:42.578+0000] {dag.py:2915} INFO - Sync 1 DAGs
[2026-01-08T11:27:42.598+0000] {logging_mixin.py:151} INFO - [2026-01-08T11:27:42.597+0000] {dag.py:3696} INFO - Setting next_dagrun for ingestionDAG to 2026-01-08T11:27:12.597676+00:00, run_after=2026-01-08T11:27:42.597676+00:00
[2026-01-08T11:27:42.612+0000] {processor.py:179} INFO - Processing /opt/airflow/dags/ingest_local_folder_dag.py took 0.278 seconds
[2026-01-08T11:28:12.835+0000] {processor.py:157} INFO - Started process (PID=5295) to work on /opt/airflow/dags/ingest_local_folder_dag.py
[2026-01-08T11:28:12.837+0000] {processor.py:829} INFO - Processing file /opt/airflow/dags/ingest_local_folder_dag.py for tasks to queue
[2026-01-08T11:28:12.840+0000] {logging_mixin.py:151} INFO - [2026-01-08T11:28:12.839+0000] {dagbag.py:539} INFO - Filling up the DagBag from /opt/airflow/dags/ingest_local_folder_dag.py
[2026-01-08T11:28:13.019+0000] {processor.py:839} INFO - DAG(s) dict_keys(['ingestionDAG']) retrieved from /opt/airflow/dags/ingest_local_folder_dag.py
[2026-01-08T11:28:13.048+0000] {logging_mixin.py:151} INFO - [2026-01-08T11:28:13.048+0000] {dag.py:2915} INFO - Sync 1 DAGs
[2026-01-08T11:28:13.068+0000] {logging_mixin.py:151} INFO - [2026-01-08T11:28:13.068+0000] {dag.py:3696} INFO - Setting next_dagrun for ingestionDAG to 2026-01-08T11:27:43.068320+00:00, run_after=2026-01-08T11:28:13.068320+00:00
[2026-01-08T11:28:13.084+0000] {processor.py:179} INFO - Processing /opt/airflow/dags/ingest_local_folder_dag.py took 0.261 seconds
[2026-01-08T11:28:43.293+0000] {processor.py:157} INFO - Started process (PID=5306) to work on /opt/airflow/dags/ingest_local_folder_dag.py
[2026-01-08T11:28:43.295+0000] {processor.py:829} INFO - Processing file /opt/airflow/dags/ingest_local_folder_dag.py for tasks to queue
[2026-01-08T11:28:43.296+0000] {logging_mixin.py:151} INFO - [2026-01-08T11:28:43.295+0000] {dagbag.py:539} INFO - Filling up the DagBag from /opt/airflow/dags/ingest_local_folder_dag.py
[2026-01-08T11:28:43.466+0000] {processor.py:839} INFO - DAG(s) dict_keys(['ingestionDAG']) retrieved from /opt/airflow/dags/ingest_local_folder_dag.py
[2026-01-08T11:28:43.497+0000] {logging_mixin.py:151} INFO - [2026-01-08T11:28:43.497+0000] {dag.py:2915} INFO - Sync 1 DAGs
[2026-01-08T11:28:43.518+0000] {logging_mixin.py:151} INFO - [2026-01-08T11:28:43.518+0000] {dag.py:3696} INFO - Setting next_dagrun for ingestionDAG to 2026-01-08T11:28:13.517852+00:00, run_after=2026-01-08T11:28:43.517852+00:00
[2026-01-08T11:28:43.533+0000] {processor.py:179} INFO - Processing /opt/airflow/dags/ingest_local_folder_dag.py took 0.244 seconds
[2026-01-08T11:29:13.749+0000] {processor.py:157} INFO - Started process (PID=5320) to work on /opt/airflow/dags/ingest_local_folder_dag.py
[2026-01-08T11:29:13.751+0000] {processor.py:829} INFO - Processing file /opt/airflow/dags/ingest_local_folder_dag.py for tasks to queue
[2026-01-08T11:29:13.753+0000] {logging_mixin.py:151} INFO - [2026-01-08T11:29:13.752+0000] {dagbag.py:539} INFO - Filling up the DagBag from /opt/airflow/dags/ingest_local_folder_dag.py
[2026-01-08T11:29:13.921+0000] {processor.py:839} INFO - DAG(s) dict_keys(['ingestionDAG']) retrieved from /opt/airflow/dags/ingest_local_folder_dag.py
[2026-01-08T11:29:13.949+0000] {logging_mixin.py:151} INFO - [2026-01-08T11:29:13.949+0000] {dag.py:2915} INFO - Sync 1 DAGs
[2026-01-08T11:29:13.968+0000] {logging_mixin.py:151} INFO - [2026-01-08T11:29:13.967+0000] {dag.py:3696} INFO - Setting next_dagrun for ingestionDAG to 2026-01-08T11:28:43.967673+00:00, run_after=2026-01-08T11:29:13.967673+00:00
[2026-01-08T11:29:13.981+0000] {processor.py:179} INFO - Processing /opt/airflow/dags/ingest_local_folder_dag.py took 0.243 seconds
[2026-01-08T11:29:44.211+0000] {processor.py:157} INFO - Started process (PID=5334) to work on /opt/airflow/dags/ingest_local_folder_dag.py
[2026-01-08T11:29:44.213+0000] {processor.py:829} INFO - Processing file /opt/airflow/dags/ingest_local_folder_dag.py for tasks to queue
[2026-01-08T11:29:44.216+0000] {logging_mixin.py:151} INFO - [2026-01-08T11:29:44.215+0000] {dagbag.py:539} INFO - Filling up the DagBag from /opt/airflow/dags/ingest_local_folder_dag.py
[2026-01-08T11:29:44.382+0000] {processor.py:839} INFO - DAG(s) dict_keys(['ingestionDAG']) retrieved from /opt/airflow/dags/ingest_local_folder_dag.py
[2026-01-08T11:29:44.411+0000] {logging_mixin.py:151} INFO - [2026-01-08T11:29:44.411+0000] {dag.py:2915} INFO - Sync 1 DAGs
[2026-01-08T11:29:44.430+0000] {logging_mixin.py:151} INFO - [2026-01-08T11:29:44.430+0000] {dag.py:3696} INFO - Setting next_dagrun for ingestionDAG to 2026-01-08T11:29:14.430014+00:00, run_after=2026-01-08T11:29:44.430014+00:00
[2026-01-08T11:29:44.445+0000] {processor.py:179} INFO - Processing /opt/airflow/dags/ingest_local_folder_dag.py took 0.246 seconds
[2026-01-08T11:30:14.627+0000] {processor.py:157} INFO - Started process (PID=5347) to work on /opt/airflow/dags/ingest_local_folder_dag.py
[2026-01-08T11:30:14.627+0000] {processor.py:829} INFO - Processing file /opt/airflow/dags/ingest_local_folder_dag.py for tasks to queue
[2026-01-08T11:30:14.628+0000] {logging_mixin.py:151} INFO - [2026-01-08T11:30:14.628+0000] {dagbag.py:539} INFO - Filling up the DagBag from /opt/airflow/dags/ingest_local_folder_dag.py
[2026-01-08T11:30:14.815+0000] {processor.py:839} INFO - DAG(s) dict_keys(['ingestionDAG']) retrieved from /opt/airflow/dags/ingest_local_folder_dag.py
[2026-01-08T11:30:14.848+0000] {logging_mixin.py:151} INFO - [2026-01-08T11:30:14.847+0000] {dag.py:2915} INFO - Sync 1 DAGs
[2026-01-08T11:30:14.872+0000] {logging_mixin.py:151} INFO - [2026-01-08T11:30:14.872+0000] {dag.py:3696} INFO - Setting next_dagrun for ingestionDAG to 2026-01-08T11:29:44.872068+00:00, run_after=2026-01-08T11:30:14.872068+00:00
[2026-01-08T11:30:14.889+0000] {processor.py:179} INFO - Processing /opt/airflow/dags/ingest_local_folder_dag.py took 0.266 seconds
[2026-01-08T11:30:45.114+0000] {processor.py:157} INFO - Started process (PID=5359) to work on /opt/airflow/dags/ingest_local_folder_dag.py
[2026-01-08T11:30:45.116+0000] {processor.py:829} INFO - Processing file /opt/airflow/dags/ingest_local_folder_dag.py for tasks to queue
[2026-01-08T11:30:45.117+0000] {logging_mixin.py:151} INFO - [2026-01-08T11:30:45.116+0000] {dagbag.py:539} INFO - Filling up the DagBag from /opt/airflow/dags/ingest_local_folder_dag.py
[2026-01-08T11:30:45.284+0000] {processor.py:839} INFO - DAG(s) dict_keys(['ingestionDAG']) retrieved from /opt/airflow/dags/ingest_local_folder_dag.py
[2026-01-08T11:30:45.313+0000] {logging_mixin.py:151} INFO - [2026-01-08T11:30:45.313+0000] {dag.py:2915} INFO - Sync 1 DAGs
[2026-01-08T11:30:45.333+0000] {logging_mixin.py:151} INFO - [2026-01-08T11:30:45.332+0000] {dag.py:3696} INFO - Setting next_dagrun for ingestionDAG to 2026-01-08T11:30:15.332789+00:00, run_after=2026-01-08T11:30:45.332789+00:00
[2026-01-08T11:30:45.350+0000] {processor.py:179} INFO - Processing /opt/airflow/dags/ingest_local_folder_dag.py took 0.242 seconds
[2026-01-08T11:31:15.573+0000] {processor.py:157} INFO - Started process (PID=5373) to work on /opt/airflow/dags/ingest_local_folder_dag.py
[2026-01-08T11:31:15.576+0000] {processor.py:829} INFO - Processing file /opt/airflow/dags/ingest_local_folder_dag.py for tasks to queue
[2026-01-08T11:31:15.578+0000] {logging_mixin.py:151} INFO - [2026-01-08T11:31:15.577+0000] {dagbag.py:539} INFO - Filling up the DagBag from /opt/airflow/dags/ingest_local_folder_dag.py
[2026-01-08T11:31:15.752+0000] {processor.py:839} INFO - DAG(s) dict_keys(['ingestionDAG']) retrieved from /opt/airflow/dags/ingest_local_folder_dag.py
[2026-01-08T11:31:15.780+0000] {logging_mixin.py:151} INFO - [2026-01-08T11:31:15.780+0000] {dag.py:2915} INFO - Sync 1 DAGs
[2026-01-08T11:31:15.798+0000] {logging_mixin.py:151} INFO - [2026-01-08T11:31:15.798+0000] {dag.py:3696} INFO - Setting next_dagrun for ingestionDAG to 2026-01-08T11:30:45.798554+00:00, run_after=2026-01-08T11:31:15.798554+00:00
[2026-01-08T11:31:15.812+0000] {processor.py:179} INFO - Processing /opt/airflow/dags/ingest_local_folder_dag.py took 0.251 seconds
[2026-01-08T11:31:46.032+0000] {processor.py:157} INFO - Started process (PID=5387) to work on /opt/airflow/dags/ingest_local_folder_dag.py
[2026-01-08T11:31:46.033+0000] {processor.py:829} INFO - Processing file /opt/airflow/dags/ingest_local_folder_dag.py for tasks to queue
[2026-01-08T11:31:46.035+0000] {logging_mixin.py:151} INFO - [2026-01-08T11:31:46.034+0000] {dagbag.py:539} INFO - Filling up the DagBag from /opt/airflow/dags/ingest_local_folder_dag.py
[2026-01-08T11:31:46.203+0000] {processor.py:839} INFO - DAG(s) dict_keys(['ingestionDAG']) retrieved from /opt/airflow/dags/ingest_local_folder_dag.py
[2026-01-08T11:31:46.231+0000] {logging_mixin.py:151} INFO - [2026-01-08T11:31:46.231+0000] {dag.py:2915} INFO - Sync 1 DAGs
[2026-01-08T11:31:46.250+0000] {logging_mixin.py:151} INFO - [2026-01-08T11:31:46.250+0000] {dag.py:3696} INFO - Setting next_dagrun for ingestionDAG to 2026-01-08T11:31:16.250078+00:00, run_after=2026-01-08T11:31:46.250078+00:00
[2026-01-08T11:31:46.264+0000] {processor.py:179} INFO - Processing /opt/airflow/dags/ingest_local_folder_dag.py took 0.241 seconds
[2026-01-08T11:32:16.498+0000] {processor.py:157} INFO - Started process (PID=5398) to work on /opt/airflow/dags/ingest_local_folder_dag.py
[2026-01-08T11:32:16.500+0000] {processor.py:829} INFO - Processing file /opt/airflow/dags/ingest_local_folder_dag.py for tasks to queue
[2026-01-08T11:32:16.501+0000] {logging_mixin.py:151} INFO - [2026-01-08T11:32:16.500+0000] {dagbag.py:539} INFO - Filling up the DagBag from /opt/airflow/dags/ingest_local_folder_dag.py
[2026-01-08T11:32:16.675+0000] {processor.py:839} INFO - DAG(s) dict_keys(['ingestionDAG']) retrieved from /opt/airflow/dags/ingest_local_folder_dag.py
[2026-01-08T11:32:16.705+0000] {logging_mixin.py:151} INFO - [2026-01-08T11:32:16.705+0000] {dag.py:2915} INFO - Sync 1 DAGs
[2026-01-08T11:32:16.725+0000] {logging_mixin.py:151} INFO - [2026-01-08T11:32:16.725+0000] {dag.py:3696} INFO - Setting next_dagrun for ingestionDAG to 2026-01-08T11:31:46.725468+00:00, run_after=2026-01-08T11:32:16.725468+00:00
[2026-01-08T11:32:16.741+0000] {processor.py:179} INFO - Processing /opt/airflow/dags/ingest_local_folder_dag.py took 0.249 seconds
[2026-01-08T11:32:46.935+0000] {processor.py:157} INFO - Started process (PID=5412) to work on /opt/airflow/dags/ingest_local_folder_dag.py
[2026-01-08T11:32:46.937+0000] {processor.py:829} INFO - Processing file /opt/airflow/dags/ingest_local_folder_dag.py for tasks to queue
[2026-01-08T11:32:46.939+0000] {logging_mixin.py:151} INFO - [2026-01-08T11:32:46.938+0000] {dagbag.py:539} INFO - Filling up the DagBag from /opt/airflow/dags/ingest_local_folder_dag.py
[2026-01-08T11:32:47.175+0000] {processor.py:839} INFO - DAG(s) dict_keys(['ingestionDAG']) retrieved from /opt/airflow/dags/ingest_local_folder_dag.py
[2026-01-08T11:32:47.210+0000] {logging_mixin.py:151} INFO - [2026-01-08T11:32:47.210+0000] {dag.py:2915} INFO - Sync 1 DAGs
[2026-01-08T11:32:47.233+0000] {logging_mixin.py:151} INFO - [2026-01-08T11:32:47.233+0000] {dag.py:3696} INFO - Setting next_dagrun for ingestionDAG to 2026-01-08T11:32:17.233497+00:00, run_after=2026-01-08T11:32:47.233497+00:00
[2026-01-08T11:32:47.255+0000] {processor.py:179} INFO - Processing /opt/airflow/dags/ingest_local_folder_dag.py took 0.331 seconds
[2026-01-08T11:33:17.400+0000] {processor.py:157} INFO - Started process (PID=5426) to work on /opt/airflow/dags/ingest_local_folder_dag.py
[2026-01-08T11:33:17.401+0000] {processor.py:829} INFO - Processing file /opt/airflow/dags/ingest_local_folder_dag.py for tasks to queue
[2026-01-08T11:33:17.402+0000] {logging_mixin.py:151} INFO - [2026-01-08T11:33:17.401+0000] {dagbag.py:539} INFO - Filling up the DagBag from /opt/airflow/dags/ingest_local_folder_dag.py
[2026-01-08T11:33:17.597+0000] {processor.py:839} INFO - DAG(s) dict_keys(['ingestionDAG']) retrieved from /opt/airflow/dags/ingest_local_folder_dag.py
[2026-01-08T11:33:17.631+0000] {logging_mixin.py:151} INFO - [2026-01-08T11:33:17.631+0000] {dag.py:2915} INFO - Sync 1 DAGs
[2026-01-08T11:33:17.656+0000] {logging_mixin.py:151} INFO - [2026-01-08T11:33:17.655+0000] {dag.py:3696} INFO - Setting next_dagrun for ingestionDAG to 2026-01-08T11:32:47.655713+00:00, run_after=2026-01-08T11:33:17.655713+00:00
[2026-01-08T11:33:17.675+0000] {processor.py:179} INFO - Processing /opt/airflow/dags/ingest_local_folder_dag.py took 0.279 seconds
[2026-01-08T11:33:47.895+0000] {processor.py:157} INFO - Started process (PID=5437) to work on /opt/airflow/dags/ingest_local_folder_dag.py
[2026-01-08T11:33:47.897+0000] {processor.py:829} INFO - Processing file /opt/airflow/dags/ingest_local_folder_dag.py for tasks to queue
[2026-01-08T11:33:47.898+0000] {logging_mixin.py:151} INFO - [2026-01-08T11:33:47.897+0000] {dagbag.py:539} INFO - Filling up the DagBag from /opt/airflow/dags/ingest_local_folder_dag.py
[2026-01-08T11:33:48.073+0000] {processor.py:839} INFO - DAG(s) dict_keys(['ingestionDAG']) retrieved from /opt/airflow/dags/ingest_local_folder_dag.py
[2026-01-08T11:33:48.105+0000] {logging_mixin.py:151} INFO - [2026-01-08T11:33:48.105+0000] {dag.py:2915} INFO - Sync 1 DAGs
[2026-01-08T11:33:48.125+0000] {logging_mixin.py:151} INFO - [2026-01-08T11:33:48.124+0000] {dag.py:3696} INFO - Setting next_dagrun for ingestionDAG to 2026-01-08T11:33:18.124757+00:00, run_after=2026-01-08T11:33:48.124757+00:00
[2026-01-08T11:33:48.139+0000] {processor.py:179} INFO - Processing /opt/airflow/dags/ingest_local_folder_dag.py took 0.256 seconds
[2026-01-08T11:34:18.362+0000] {processor.py:157} INFO - Started process (PID=5451) to work on /opt/airflow/dags/ingest_local_folder_dag.py
[2026-01-08T11:34:18.364+0000] {processor.py:829} INFO - Processing file /opt/airflow/dags/ingest_local_folder_dag.py for tasks to queue
[2026-01-08T11:34:18.366+0000] {logging_mixin.py:151} INFO - [2026-01-08T11:34:18.365+0000] {dagbag.py:539} INFO - Filling up the DagBag from /opt/airflow/dags/ingest_local_folder_dag.py
[2026-01-08T11:34:18.543+0000] {processor.py:839} INFO - DAG(s) dict_keys(['ingestionDAG']) retrieved from /opt/airflow/dags/ingest_local_folder_dag.py
[2026-01-08T11:34:18.573+0000] {logging_mixin.py:151} INFO - [2026-01-08T11:34:18.573+0000] {dag.py:2915} INFO - Sync 1 DAGs
[2026-01-08T11:34:18.595+0000] {logging_mixin.py:151} INFO - [2026-01-08T11:34:18.595+0000] {dag.py:3696} INFO - Setting next_dagrun for ingestionDAG to 2026-01-08T11:33:48.595032+00:00, run_after=2026-01-08T11:34:18.595032+00:00
[2026-01-08T11:34:18.611+0000] {processor.py:179} INFO - Processing /opt/airflow/dags/ingest_local_folder_dag.py took 0.260 seconds
[2026-01-08T11:34:48.844+0000] {processor.py:157} INFO - Started process (PID=5465) to work on /opt/airflow/dags/ingest_local_folder_dag.py
[2026-01-08T11:34:48.846+0000] {processor.py:829} INFO - Processing file /opt/airflow/dags/ingest_local_folder_dag.py for tasks to queue
[2026-01-08T11:34:48.848+0000] {logging_mixin.py:151} INFO - [2026-01-08T11:34:48.847+0000] {dagbag.py:539} INFO - Filling up the DagBag from /opt/airflow/dags/ingest_local_folder_dag.py
[2026-01-08T11:34:49.030+0000] {processor.py:839} INFO - DAG(s) dict_keys(['ingestionDAG']) retrieved from /opt/airflow/dags/ingest_local_folder_dag.py
[2026-01-08T11:34:49.062+0000] {logging_mixin.py:151} INFO - [2026-01-08T11:34:49.062+0000] {dag.py:2915} INFO - Sync 1 DAGs
[2026-01-08T11:34:49.082+0000] {logging_mixin.py:151} INFO - [2026-01-08T11:34:49.082+0000] {dag.py:3696} INFO - Setting next_dagrun for ingestionDAG to 2026-01-08T11:34:19.082127+00:00, run_after=2026-01-08T11:34:49.082127+00:00
[2026-01-08T11:34:49.097+0000] {processor.py:179} INFO - Processing /opt/airflow/dags/ingest_local_folder_dag.py took 0.263 seconds
[2026-01-08T11:35:19.307+0000] {processor.py:157} INFO - Started process (PID=5476) to work on /opt/airflow/dags/ingest_local_folder_dag.py
[2026-01-08T11:35:19.309+0000] {processor.py:829} INFO - Processing file /opt/airflow/dags/ingest_local_folder_dag.py for tasks to queue
[2026-01-08T11:35:19.310+0000] {logging_mixin.py:151} INFO - [2026-01-08T11:35:19.310+0000] {dagbag.py:539} INFO - Filling up the DagBag from /opt/airflow/dags/ingest_local_folder_dag.py
[2026-01-08T11:35:19.477+0000] {processor.py:839} INFO - DAG(s) dict_keys(['ingestionDAG']) retrieved from /opt/airflow/dags/ingest_local_folder_dag.py
[2026-01-08T11:35:19.506+0000] {logging_mixin.py:151} INFO - [2026-01-08T11:35:19.506+0000] {dag.py:2915} INFO - Sync 1 DAGs
[2026-01-08T11:35:19.527+0000] {logging_mixin.py:151} INFO - [2026-01-08T11:35:19.527+0000] {dag.py:3696} INFO - Setting next_dagrun for ingestionDAG to 2026-01-08T11:34:49.527305+00:00, run_after=2026-01-08T11:35:19.527305+00:00
[2026-01-08T11:35:19.544+0000] {processor.py:179} INFO - Processing /opt/airflow/dags/ingest_local_folder_dag.py took 0.245 seconds
[2026-01-08T11:35:49.755+0000] {processor.py:157} INFO - Started process (PID=5490) to work on /opt/airflow/dags/ingest_local_folder_dag.py
[2026-01-08T11:35:49.756+0000] {processor.py:829} INFO - Processing file /opt/airflow/dags/ingest_local_folder_dag.py for tasks to queue
[2026-01-08T11:35:49.756+0000] {logging_mixin.py:151} INFO - [2026-01-08T11:35:49.756+0000] {dagbag.py:539} INFO - Filling up the DagBag from /opt/airflow/dags/ingest_local_folder_dag.py
[2026-01-08T11:35:49.926+0000] {processor.py:839} INFO - DAG(s) dict_keys(['ingestionDAG']) retrieved from /opt/airflow/dags/ingest_local_folder_dag.py
[2026-01-08T11:35:49.955+0000] {logging_mixin.py:151} INFO - [2026-01-08T11:35:49.955+0000] {dag.py:2915} INFO - Sync 1 DAGs
[2026-01-08T11:35:49.976+0000] {logging_mixin.py:151} INFO - [2026-01-08T11:35:49.976+0000] {dag.py:3696} INFO - Setting next_dagrun for ingestionDAG to 2026-01-08T11:35:19.976405+00:00, run_after=2026-01-08T11:35:49.976405+00:00
[2026-01-08T11:35:49.991+0000] {processor.py:179} INFO - Processing /opt/airflow/dags/ingest_local_folder_dag.py took 0.240 seconds
[2026-01-08T11:36:20.198+0000] {processor.py:157} INFO - Started process (PID=5504) to work on /opt/airflow/dags/ingest_local_folder_dag.py
[2026-01-08T11:36:20.200+0000] {processor.py:829} INFO - Processing file /opt/airflow/dags/ingest_local_folder_dag.py for tasks to queue
[2026-01-08T11:36:20.202+0000] {logging_mixin.py:151} INFO - [2026-01-08T11:36:20.201+0000] {dagbag.py:539} INFO - Filling up the DagBag from /opt/airflow/dags/ingest_local_folder_dag.py
[2026-01-08T11:36:20.373+0000] {processor.py:839} INFO - DAG(s) dict_keys(['ingestionDAG']) retrieved from /opt/airflow/dags/ingest_local_folder_dag.py
[2026-01-08T11:36:20.401+0000] {logging_mixin.py:151} INFO - [2026-01-08T11:36:20.401+0000] {dag.py:2915} INFO - Sync 1 DAGs
[2026-01-08T11:36:20.419+0000] {logging_mixin.py:151} INFO - [2026-01-08T11:36:20.419+0000] {dag.py:3696} INFO - Setting next_dagrun for ingestionDAG to 2026-01-08T11:35:50.418845+00:00, run_after=2026-01-08T11:36:20.418845+00:00
[2026-01-08T11:36:20.432+0000] {processor.py:179} INFO - Processing /opt/airflow/dags/ingest_local_folder_dag.py took 0.244 seconds
[2026-01-08T11:36:50.653+0000] {processor.py:157} INFO - Started process (PID=5515) to work on /opt/airflow/dags/ingest_local_folder_dag.py
[2026-01-08T11:36:50.655+0000] {processor.py:829} INFO - Processing file /opt/airflow/dags/ingest_local_folder_dag.py for tasks to queue
[2026-01-08T11:36:50.658+0000] {logging_mixin.py:151} INFO - [2026-01-08T11:36:50.656+0000] {dagbag.py:539} INFO - Filling up the DagBag from /opt/airflow/dags/ingest_local_folder_dag.py
[2026-01-08T11:36:50.825+0000] {processor.py:839} INFO - DAG(s) dict_keys(['ingestionDAG']) retrieved from /opt/airflow/dags/ingest_local_folder_dag.py
[2026-01-08T11:36:50.853+0000] {logging_mixin.py:151} INFO - [2026-01-08T11:36:50.853+0000] {dag.py:2915} INFO - Sync 1 DAGs
[2026-01-08T11:36:50.871+0000] {logging_mixin.py:151} INFO - [2026-01-08T11:36:50.871+0000] {dag.py:3696} INFO - Setting next_dagrun for ingestionDAG to 2026-01-08T11:36:20.871266+00:00, run_after=2026-01-08T11:36:50.871266+00:00
[2026-01-08T11:36:50.886+0000] {processor.py:179} INFO - Processing /opt/airflow/dags/ingest_local_folder_dag.py took 0.245 seconds
[2026-01-08T11:37:21.101+0000] {processor.py:157} INFO - Started process (PID=5529) to work on /opt/airflow/dags/ingest_local_folder_dag.py
[2026-01-08T11:37:21.104+0000] {processor.py:829} INFO - Processing file /opt/airflow/dags/ingest_local_folder_dag.py for tasks to queue
[2026-01-08T11:37:21.106+0000] {logging_mixin.py:151} INFO - [2026-01-08T11:37:21.105+0000] {dagbag.py:539} INFO - Filling up the DagBag from /opt/airflow/dags/ingest_local_folder_dag.py
[2026-01-08T11:37:21.276+0000] {processor.py:839} INFO - DAG(s) dict_keys(['ingestionDAG']) retrieved from /opt/airflow/dags/ingest_local_folder_dag.py
[2026-01-08T11:37:21.308+0000] {logging_mixin.py:151} INFO - [2026-01-08T11:37:21.308+0000] {dag.py:2915} INFO - Sync 1 DAGs
[2026-01-08T11:37:21.330+0000] {logging_mixin.py:151} INFO - [2026-01-08T11:37:21.329+0000] {dag.py:3696} INFO - Setting next_dagrun for ingestionDAG to 2026-01-08T11:36:51.329664+00:00, run_after=2026-01-08T11:37:21.329664+00:00
[2026-01-08T11:37:21.345+0000] {processor.py:179} INFO - Processing /opt/airflow/dags/ingest_local_folder_dag.py took 0.256 seconds
[2026-01-08T11:37:51.555+0000] {processor.py:157} INFO - Started process (PID=5543) to work on /opt/airflow/dags/ingest_local_folder_dag.py
[2026-01-08T11:37:51.556+0000] {processor.py:829} INFO - Processing file /opt/airflow/dags/ingest_local_folder_dag.py for tasks to queue
[2026-01-08T11:37:51.557+0000] {logging_mixin.py:151} INFO - [2026-01-08T11:37:51.557+0000] {dagbag.py:539} INFO - Filling up the DagBag from /opt/airflow/dags/ingest_local_folder_dag.py
[2026-01-08T11:37:51.721+0000] {processor.py:839} INFO - DAG(s) dict_keys(['ingestionDAG']) retrieved from /opt/airflow/dags/ingest_local_folder_dag.py
[2026-01-08T11:37:51.748+0000] {logging_mixin.py:151} INFO - [2026-01-08T11:37:51.748+0000] {dag.py:2915} INFO - Sync 1 DAGs
[2026-01-08T11:37:51.767+0000] {logging_mixin.py:151} INFO - [2026-01-08T11:37:51.767+0000] {dag.py:3696} INFO - Setting next_dagrun for ingestionDAG to 2026-01-08T11:37:21.766886+00:00, run_after=2026-01-08T11:37:51.766886+00:00
[2026-01-08T11:37:51.788+0000] {processor.py:179} INFO - Processing /opt/airflow/dags/ingest_local_folder_dag.py took 0.236 seconds
[2026-01-08T11:38:21.994+0000] {processor.py:157} INFO - Started process (PID=5554) to work on /opt/airflow/dags/ingest_local_folder_dag.py
[2026-01-08T11:38:21.995+0000] {processor.py:829} INFO - Processing file /opt/airflow/dags/ingest_local_folder_dag.py for tasks to queue
[2026-01-08T11:38:21.997+0000] {logging_mixin.py:151} INFO - [2026-01-08T11:38:21.996+0000] {dagbag.py:539} INFO - Filling up the DagBag from /opt/airflow/dags/ingest_local_folder_dag.py
[2026-01-08T11:38:22.168+0000] {processor.py:839} INFO - DAG(s) dict_keys(['ingestionDAG']) retrieved from /opt/airflow/dags/ingest_local_folder_dag.py
[2026-01-08T11:38:22.200+0000] {logging_mixin.py:151} INFO - [2026-01-08T11:38:22.200+0000] {dag.py:2915} INFO - Sync 1 DAGs
[2026-01-08T11:38:22.222+0000] {logging_mixin.py:151} INFO - [2026-01-08T11:38:22.221+0000] {dag.py:3696} INFO - Setting next_dagrun for ingestionDAG to 2026-01-08T11:37:52.221633+00:00, run_after=2026-01-08T11:38:22.221633+00:00
[2026-01-08T11:38:22.238+0000] {processor.py:179} INFO - Processing /opt/airflow/dags/ingest_local_folder_dag.py took 0.252 seconds
[2026-01-08T11:38:52.447+0000] {processor.py:157} INFO - Started process (PID=5568) to work on /opt/airflow/dags/ingest_local_folder_dag.py
[2026-01-08T11:38:52.449+0000] {processor.py:829} INFO - Processing file /opt/airflow/dags/ingest_local_folder_dag.py for tasks to queue
[2026-01-08T11:38:52.451+0000] {logging_mixin.py:151} INFO - [2026-01-08T11:38:52.450+0000] {dagbag.py:539} INFO - Filling up the DagBag from /opt/airflow/dags/ingest_local_folder_dag.py
[2026-01-08T11:38:52.629+0000] {processor.py:839} INFO - DAG(s) dict_keys(['ingestionDAG']) retrieved from /opt/airflow/dags/ingest_local_folder_dag.py
[2026-01-08T11:38:52.661+0000] {logging_mixin.py:151} INFO - [2026-01-08T11:38:52.661+0000] {dag.py:2915} INFO - Sync 1 DAGs
[2026-01-08T11:38:52.682+0000] {logging_mixin.py:151} INFO - [2026-01-08T11:38:52.682+0000] {dag.py:3696} INFO - Setting next_dagrun for ingestionDAG to 2026-01-08T11:38:22.681985+00:00, run_after=2026-01-08T11:38:52.681985+00:00
[2026-01-08T11:38:52.698+0000] {processor.py:179} INFO - Processing /opt/airflow/dags/ingest_local_folder_dag.py took 0.259 seconds
[2026-01-08T11:39:22.881+0000] {processor.py:157} INFO - Started process (PID=5582) to work on /opt/airflow/dags/ingest_local_folder_dag.py
[2026-01-08T11:39:22.883+0000] {processor.py:829} INFO - Processing file /opt/airflow/dags/ingest_local_folder_dag.py for tasks to queue
[2026-01-08T11:39:22.884+0000] {logging_mixin.py:151} INFO - [2026-01-08T11:39:22.883+0000] {dagbag.py:539} INFO - Filling up the DagBag from /opt/airflow/dags/ingest_local_folder_dag.py
[2026-01-08T11:39:23.062+0000] {processor.py:839} INFO - DAG(s) dict_keys(['ingestionDAG']) retrieved from /opt/airflow/dags/ingest_local_folder_dag.py
[2026-01-08T11:39:23.094+0000] {logging_mixin.py:151} INFO - [2026-01-08T11:39:23.094+0000] {dag.py:2915} INFO - Sync 1 DAGs
[2026-01-08T11:39:23.115+0000] {logging_mixin.py:151} INFO - [2026-01-08T11:39:23.115+0000] {dag.py:3696} INFO - Setting next_dagrun for ingestionDAG to 2026-01-08T11:38:53.115037+00:00, run_after=2026-01-08T11:39:23.115037+00:00
[2026-01-08T11:39:23.130+0000] {processor.py:179} INFO - Processing /opt/airflow/dags/ingest_local_folder_dag.py took 0.255 seconds
[2026-01-08T11:39:53.281+0000] {processor.py:157} INFO - Started process (PID=5593) to work on /opt/airflow/dags/ingest_local_folder_dag.py
[2026-01-08T11:39:53.282+0000] {processor.py:829} INFO - Processing file /opt/airflow/dags/ingest_local_folder_dag.py for tasks to queue
[2026-01-08T11:39:53.283+0000] {logging_mixin.py:151} INFO - [2026-01-08T11:39:53.282+0000] {dagbag.py:539} INFO - Filling up the DagBag from /opt/airflow/dags/ingest_local_folder_dag.py
[2026-01-08T11:39:53.474+0000] {processor.py:839} INFO - DAG(s) dict_keys(['ingestionDAG']) retrieved from /opt/airflow/dags/ingest_local_folder_dag.py
[2026-01-08T11:39:53.508+0000] {logging_mixin.py:151} INFO - [2026-01-08T11:39:53.508+0000] {dag.py:2915} INFO - Sync 1 DAGs
[2026-01-08T11:39:53.533+0000] {logging_mixin.py:151} INFO - [2026-01-08T11:39:53.533+0000] {dag.py:3696} INFO - Setting next_dagrun for ingestionDAG to 2026-01-08T11:39:23.532862+00:00, run_after=2026-01-08T11:39:53.532862+00:00
[2026-01-08T11:39:53.551+0000] {processor.py:179} INFO - Processing /opt/airflow/dags/ingest_local_folder_dag.py took 0.274 seconds
[2026-01-08T11:40:23.666+0000] {processor.py:157} INFO - Started process (PID=5607) to work on /opt/airflow/dags/ingest_local_folder_dag.py
[2026-01-08T11:40:23.667+0000] {processor.py:829} INFO - Processing file /opt/airflow/dags/ingest_local_folder_dag.py for tasks to queue
[2026-01-08T11:40:23.668+0000] {logging_mixin.py:151} INFO - [2026-01-08T11:40:23.667+0000] {dagbag.py:539} INFO - Filling up the DagBag from /opt/airflow/dags/ingest_local_folder_dag.py
[2026-01-08T11:40:23.856+0000] {processor.py:839} INFO - DAG(s) dict_keys(['ingestionDAG']) retrieved from /opt/airflow/dags/ingest_local_folder_dag.py
[2026-01-08T11:40:23.889+0000] {logging_mixin.py:151} INFO - [2026-01-08T11:40:23.889+0000] {dag.py:2915} INFO - Sync 1 DAGs
[2026-01-08T11:40:23.911+0000] {logging_mixin.py:151} INFO - [2026-01-08T11:40:23.911+0000] {dag.py:3696} INFO - Setting next_dagrun for ingestionDAG to 2026-01-08T11:39:53.911040+00:00, run_after=2026-01-08T11:40:23.911040+00:00
[2026-01-08T11:40:23.928+0000] {processor.py:179} INFO - Processing /opt/airflow/dags/ingest_local_folder_dag.py took 0.265 seconds
[2026-01-08T11:40:54.076+0000] {processor.py:157} INFO - Started process (PID=5621) to work on /opt/airflow/dags/ingest_local_folder_dag.py
[2026-01-08T11:40:54.077+0000] {processor.py:829} INFO - Processing file /opt/airflow/dags/ingest_local_folder_dag.py for tasks to queue
[2026-01-08T11:40:54.078+0000] {logging_mixin.py:151} INFO - [2026-01-08T11:40:54.077+0000] {dagbag.py:539} INFO - Filling up the DagBag from /opt/airflow/dags/ingest_local_folder_dag.py
[2026-01-08T11:40:54.249+0000] {processor.py:839} INFO - DAG(s) dict_keys(['ingestionDAG']) retrieved from /opt/airflow/dags/ingest_local_folder_dag.py
[2026-01-08T11:40:54.279+0000] {logging_mixin.py:151} INFO - [2026-01-08T11:40:54.279+0000] {dag.py:2915} INFO - Sync 1 DAGs
[2026-01-08T11:40:54.298+0000] {logging_mixin.py:151} INFO - [2026-01-08T11:40:54.298+0000] {dag.py:3696} INFO - Setting next_dagrun for ingestionDAG to 2026-01-08T11:40:24.298093+00:00, run_after=2026-01-08T11:40:54.298093+00:00
[2026-01-08T11:40:54.314+0000] {processor.py:179} INFO - Processing /opt/airflow/dags/ingest_local_folder_dag.py took 0.241 seconds
[2026-01-08T11:41:24.541+0000] {processor.py:157} INFO - Started process (PID=5632) to work on /opt/airflow/dags/ingest_local_folder_dag.py
[2026-01-08T11:41:24.543+0000] {processor.py:829} INFO - Processing file /opt/airflow/dags/ingest_local_folder_dag.py for tasks to queue
[2026-01-08T11:41:24.546+0000] {logging_mixin.py:151} INFO - [2026-01-08T11:41:24.544+0000] {dagbag.py:539} INFO - Filling up the DagBag from /opt/airflow/dags/ingest_local_folder_dag.py
[2026-01-08T11:41:24.714+0000] {processor.py:839} INFO - DAG(s) dict_keys(['ingestionDAG']) retrieved from /opt/airflow/dags/ingest_local_folder_dag.py
[2026-01-08T11:41:24.745+0000] {logging_mixin.py:151} INFO - [2026-01-08T11:41:24.745+0000] {dag.py:2915} INFO - Sync 1 DAGs
[2026-01-08T11:41:24.766+0000] {logging_mixin.py:151} INFO - [2026-01-08T11:41:24.766+0000] {dag.py:3696} INFO - Setting next_dagrun for ingestionDAG to 2026-01-08T11:40:54.765847+00:00, run_after=2026-01-08T11:41:24.765847+00:00
[2026-01-08T11:41:24.785+0000] {processor.py:179} INFO - Processing /opt/airflow/dags/ingest_local_folder_dag.py took 0.256 seconds
[2026-01-08T11:41:55.005+0000] {processor.py:157} INFO - Started process (PID=5646) to work on /opt/airflow/dags/ingest_local_folder_dag.py
[2026-01-08T11:41:55.007+0000] {processor.py:829} INFO - Processing file /opt/airflow/dags/ingest_local_folder_dag.py for tasks to queue
[2026-01-08T11:41:55.009+0000] {logging_mixin.py:151} INFO - [2026-01-08T11:41:55.008+0000] {dagbag.py:539} INFO - Filling up the DagBag from /opt/airflow/dags/ingest_local_folder_dag.py
[2026-01-08T11:41:55.179+0000] {processor.py:839} INFO - DAG(s) dict_keys(['ingestionDAG']) retrieved from /opt/airflow/dags/ingest_local_folder_dag.py
[2026-01-08T11:41:55.209+0000] {logging_mixin.py:151} INFO - [2026-01-08T11:41:55.208+0000] {dag.py:2915} INFO - Sync 1 DAGs
[2026-01-08T11:41:55.228+0000] {logging_mixin.py:151} INFO - [2026-01-08T11:41:55.228+0000] {dag.py:3696} INFO - Setting next_dagrun for ingestionDAG to 2026-01-08T11:41:25.227848+00:00, run_after=2026-01-08T11:41:55.227848+00:00
[2026-01-08T11:41:55.242+0000] {processor.py:179} INFO - Processing /opt/airflow/dags/ingest_local_folder_dag.py took 0.249 seconds
[2026-01-08T11:42:25.448+0000] {processor.py:157} INFO - Started process (PID=5660) to work on /opt/airflow/dags/ingest_local_folder_dag.py
[2026-01-08T11:42:25.449+0000] {processor.py:829} INFO - Processing file /opt/airflow/dags/ingest_local_folder_dag.py for tasks to queue
[2026-01-08T11:42:25.451+0000] {logging_mixin.py:151} INFO - [2026-01-08T11:42:25.450+0000] {dagbag.py:539} INFO - Filling up the DagBag from /opt/airflow/dags/ingest_local_folder_dag.py
[2026-01-08T11:42:25.627+0000] {processor.py:839} INFO - DAG(s) dict_keys(['ingestionDAG']) retrieved from /opt/airflow/dags/ingest_local_folder_dag.py
[2026-01-08T11:42:25.658+0000] {logging_mixin.py:151} INFO - [2026-01-08T11:42:25.658+0000] {dag.py:2915} INFO - Sync 1 DAGs
[2026-01-08T11:42:25.680+0000] {logging_mixin.py:151} INFO - [2026-01-08T11:42:25.679+0000] {dag.py:3696} INFO - Setting next_dagrun for ingestionDAG to 2026-01-08T11:41:55.679657+00:00, run_after=2026-01-08T11:42:25.679657+00:00
[2026-01-08T11:42:25.695+0000] {processor.py:179} INFO - Processing /opt/airflow/dags/ingest_local_folder_dag.py took 0.255 seconds
[2026-01-08T11:42:55.846+0000] {processor.py:157} INFO - Started process (PID=5671) to work on /opt/airflow/dags/ingest_local_folder_dag.py
[2026-01-08T11:42:55.847+0000] {processor.py:829} INFO - Processing file /opt/airflow/dags/ingest_local_folder_dag.py for tasks to queue
[2026-01-08T11:42:55.848+0000] {logging_mixin.py:151} INFO - [2026-01-08T11:42:55.847+0000] {dagbag.py:539} INFO - Filling up the DagBag from /opt/airflow/dags/ingest_local_folder_dag.py
[2026-01-08T11:42:56.024+0000] {processor.py:839} INFO - DAG(s) dict_keys(['ingestionDAG']) retrieved from /opt/airflow/dags/ingest_local_folder_dag.py
[2026-01-08T11:42:56.057+0000] {logging_mixin.py:151} INFO - [2026-01-08T11:42:56.057+0000] {dag.py:2915} INFO - Sync 1 DAGs
[2026-01-08T11:42:56.079+0000] {logging_mixin.py:151} INFO - [2026-01-08T11:42:56.079+0000] {dag.py:3696} INFO - Setting next_dagrun for ingestionDAG to 2026-01-08T11:42:26.079543+00:00, run_after=2026-01-08T11:42:56.079543+00:00
[2026-01-08T11:42:56.097+0000] {processor.py:179} INFO - Processing /opt/airflow/dags/ingest_local_folder_dag.py took 0.256 seconds
[2026-01-08T11:43:26.296+0000] {processor.py:157} INFO - Started process (PID=5685) to work on /opt/airflow/dags/ingest_local_folder_dag.py
[2026-01-08T11:43:26.298+0000] {processor.py:829} INFO - Processing file /opt/airflow/dags/ingest_local_folder_dag.py for tasks to queue
[2026-01-08T11:43:26.299+0000] {logging_mixin.py:151} INFO - [2026-01-08T11:43:26.298+0000] {dagbag.py:539} INFO - Filling up the DagBag from /opt/airflow/dags/ingest_local_folder_dag.py
[2026-01-08T11:43:26.464+0000] {processor.py:839} INFO - DAG(s) dict_keys(['ingestionDAG']) retrieved from /opt/airflow/dags/ingest_local_folder_dag.py
[2026-01-08T11:43:26.492+0000] {logging_mixin.py:151} INFO - [2026-01-08T11:43:26.492+0000] {dag.py:2915} INFO - Sync 1 DAGs
[2026-01-08T11:43:26.511+0000] {logging_mixin.py:151} INFO - [2026-01-08T11:43:26.511+0000] {dag.py:3696} INFO - Setting next_dagrun for ingestionDAG to 2026-01-08T11:42:56.510914+00:00, run_after=2026-01-08T11:43:26.510914+00:00
[2026-01-08T11:43:26.525+0000] {processor.py:179} INFO - Processing /opt/airflow/dags/ingest_local_folder_dag.py took 0.234 seconds
[2026-01-08T11:43:56.723+0000] {processor.py:157} INFO - Started process (PID=5699) to work on /opt/airflow/dags/ingest_local_folder_dag.py
[2026-01-08T11:43:56.724+0000] {processor.py:829} INFO - Processing file /opt/airflow/dags/ingest_local_folder_dag.py for tasks to queue
[2026-01-08T11:43:56.725+0000] {logging_mixin.py:151} INFO - [2026-01-08T11:43:56.724+0000] {dagbag.py:539} INFO - Filling up the DagBag from /opt/airflow/dags/ingest_local_folder_dag.py
[2026-01-08T11:43:56.886+0000] {processor.py:839} INFO - DAG(s) dict_keys(['ingestionDAG']) retrieved from /opt/airflow/dags/ingest_local_folder_dag.py
[2026-01-08T11:43:56.914+0000] {logging_mixin.py:151} INFO - [2026-01-08T11:43:56.914+0000] {dag.py:2915} INFO - Sync 1 DAGs
[2026-01-08T11:43:56.934+0000] {logging_mixin.py:151} INFO - [2026-01-08T11:43:56.934+0000] {dag.py:3696} INFO - Setting next_dagrun for ingestionDAG to 2026-01-08T11:43:26.934267+00:00, run_after=2026-01-08T11:43:56.934267+00:00
[2026-01-08T11:43:56.950+0000] {processor.py:179} INFO - Processing /opt/airflow/dags/ingest_local_folder_dag.py took 0.230 seconds
[2026-01-08T11:44:27.139+0000] {processor.py:157} INFO - Started process (PID=5710) to work on /opt/airflow/dags/ingest_local_folder_dag.py
[2026-01-08T11:44:27.140+0000] {processor.py:829} INFO - Processing file /opt/airflow/dags/ingest_local_folder_dag.py for tasks to queue
[2026-01-08T11:44:27.141+0000] {logging_mixin.py:151} INFO - [2026-01-08T11:44:27.141+0000] {dagbag.py:539} INFO - Filling up the DagBag from /opt/airflow/dags/ingest_local_folder_dag.py
[2026-01-08T11:44:27.300+0000] {processor.py:839} INFO - DAG(s) dict_keys(['ingestionDAG']) retrieved from /opt/airflow/dags/ingest_local_folder_dag.py
[2026-01-08T11:44:27.330+0000] {logging_mixin.py:151} INFO - [2026-01-08T11:44:27.330+0000] {dag.py:2915} INFO - Sync 1 DAGs
[2026-01-08T11:44:27.350+0000] {logging_mixin.py:151} INFO - [2026-01-08T11:44:27.349+0000] {dag.py:3696} INFO - Setting next_dagrun for ingestionDAG to 2026-01-08T11:43:57.349641+00:00, run_after=2026-01-08T11:44:27.349641+00:00
[2026-01-08T11:44:27.364+0000] {processor.py:179} INFO - Processing /opt/airflow/dags/ingest_local_folder_dag.py took 0.228 seconds
[2026-01-08T11:44:57.579+0000] {processor.py:157} INFO - Started process (PID=5724) to work on /opt/airflow/dags/ingest_local_folder_dag.py
[2026-01-08T11:44:57.580+0000] {processor.py:829} INFO - Processing file /opt/airflow/dags/ingest_local_folder_dag.py for tasks to queue
[2026-01-08T11:44:57.581+0000] {logging_mixin.py:151} INFO - [2026-01-08T11:44:57.580+0000] {dagbag.py:539} INFO - Filling up the DagBag from /opt/airflow/dags/ingest_local_folder_dag.py
[2026-01-08T11:44:57.738+0000] {processor.py:839} INFO - DAG(s) dict_keys(['ingestionDAG']) retrieved from /opt/airflow/dags/ingest_local_folder_dag.py
[2026-01-08T11:44:57.767+0000] {logging_mixin.py:151} INFO - [2026-01-08T11:44:57.767+0000] {dag.py:2915} INFO - Sync 1 DAGs
[2026-01-08T11:44:57.786+0000] {logging_mixin.py:151} INFO - [2026-01-08T11:44:57.786+0000] {dag.py:3696} INFO - Setting next_dagrun for ingestionDAG to 2026-01-08T11:44:27.785975+00:00, run_after=2026-01-08T11:44:57.785975+00:00
[2026-01-08T11:44:57.800+0000] {processor.py:179} INFO - Processing /opt/airflow/dags/ingest_local_folder_dag.py took 0.225 seconds
[2026-01-08T11:45:27.997+0000] {processor.py:157} INFO - Started process (PID=5738) to work on /opt/airflow/dags/ingest_local_folder_dag.py
[2026-01-08T11:45:27.998+0000] {processor.py:829} INFO - Processing file /opt/airflow/dags/ingest_local_folder_dag.py for tasks to queue
[2026-01-08T11:45:27.999+0000] {logging_mixin.py:151} INFO - [2026-01-08T11:45:27.998+0000] {dagbag.py:539} INFO - Filling up the DagBag from /opt/airflow/dags/ingest_local_folder_dag.py
[2026-01-08T11:45:28.159+0000] {processor.py:839} INFO - DAG(s) dict_keys(['ingestionDAG']) retrieved from /opt/airflow/dags/ingest_local_folder_dag.py
[2026-01-08T11:45:28.187+0000] {logging_mixin.py:151} INFO - [2026-01-08T11:45:28.187+0000] {dag.py:2915} INFO - Sync 1 DAGs
[2026-01-08T11:45:28.205+0000] {logging_mixin.py:151} INFO - [2026-01-08T11:45:28.205+0000] {dag.py:3696} INFO - Setting next_dagrun for ingestionDAG to 2026-01-08T11:44:58.205447+00:00, run_after=2026-01-08T11:45:28.205447+00:00
[2026-01-08T11:45:28.219+0000] {processor.py:179} INFO - Processing /opt/airflow/dags/ingest_local_folder_dag.py took 0.225 seconds
[2026-01-08T11:45:58.419+0000] {processor.py:157} INFO - Started process (PID=5749) to work on /opt/airflow/dags/ingest_local_folder_dag.py
[2026-01-08T11:45:58.420+0000] {processor.py:829} INFO - Processing file /opt/airflow/dags/ingest_local_folder_dag.py for tasks to queue
[2026-01-08T11:45:58.421+0000] {logging_mixin.py:151} INFO - [2026-01-08T11:45:58.421+0000] {dagbag.py:539} INFO - Filling up the DagBag from /opt/airflow/dags/ingest_local_folder_dag.py
[2026-01-08T11:45:58.593+0000] {processor.py:839} INFO - DAG(s) dict_keys(['ingestionDAG']) retrieved from /opt/airflow/dags/ingest_local_folder_dag.py
[2026-01-08T11:45:58.624+0000] {logging_mixin.py:151} INFO - [2026-01-08T11:45:58.623+0000] {dag.py:2915} INFO - Sync 1 DAGs
[2026-01-08T11:45:58.645+0000] {logging_mixin.py:151} INFO - [2026-01-08T11:45:58.645+0000] {dag.py:3696} INFO - Setting next_dagrun for ingestionDAG to 2026-01-08T11:45:28.645044+00:00, run_after=2026-01-08T11:45:58.645044+00:00
[2026-01-08T11:45:58.661+0000] {processor.py:179} INFO - Processing /opt/airflow/dags/ingest_local_folder_dag.py took 0.246 seconds
[2026-01-08T11:46:28.838+0000] {processor.py:157} INFO - Started process (PID=5763) to work on /opt/airflow/dags/ingest_local_folder_dag.py
[2026-01-08T11:46:28.839+0000] {processor.py:829} INFO - Processing file /opt/airflow/dags/ingest_local_folder_dag.py for tasks to queue
[2026-01-08T11:46:28.840+0000] {logging_mixin.py:151} INFO - [2026-01-08T11:46:28.839+0000] {dagbag.py:539} INFO - Filling up the DagBag from /opt/airflow/dags/ingest_local_folder_dag.py
[2026-01-08T11:46:29.000+0000] {processor.py:839} INFO - DAG(s) dict_keys(['ingestionDAG']) retrieved from /opt/airflow/dags/ingest_local_folder_dag.py
[2026-01-08T11:46:29.030+0000] {logging_mixin.py:151} INFO - [2026-01-08T11:46:29.029+0000] {dag.py:2915} INFO - Sync 1 DAGs
[2026-01-08T11:46:29.049+0000] {logging_mixin.py:151} INFO - [2026-01-08T11:46:29.049+0000] {dag.py:3696} INFO - Setting next_dagrun for ingestionDAG to 2026-01-08T11:45:59.048951+00:00, run_after=2026-01-08T11:46:29.048951+00:00
[2026-01-08T11:46:29.065+0000] {processor.py:179} INFO - Processing /opt/airflow/dags/ingest_local_folder_dag.py took 0.231 seconds
[2026-01-08T11:46:59.280+0000] {processor.py:157} INFO - Started process (PID=5777) to work on /opt/airflow/dags/ingest_local_folder_dag.py
[2026-01-08T11:46:59.281+0000] {processor.py:829} INFO - Processing file /opt/airflow/dags/ingest_local_folder_dag.py for tasks to queue
[2026-01-08T11:46:59.282+0000] {logging_mixin.py:151} INFO - [2026-01-08T11:46:59.282+0000] {dagbag.py:539} INFO - Filling up the DagBag from /opt/airflow/dags/ingest_local_folder_dag.py
[2026-01-08T11:46:59.441+0000] {processor.py:839} INFO - DAG(s) dict_keys(['ingestionDAG']) retrieved from /opt/airflow/dags/ingest_local_folder_dag.py
[2026-01-08T11:46:59.469+0000] {logging_mixin.py:151} INFO - [2026-01-08T11:46:59.469+0000] {dag.py:2915} INFO - Sync 1 DAGs
[2026-01-08T11:46:59.489+0000] {logging_mixin.py:151} INFO - [2026-01-08T11:46:59.489+0000] {dag.py:3696} INFO - Setting next_dagrun for ingestionDAG to 2026-01-08T11:46:29.489132+00:00, run_after=2026-01-08T11:46:59.489132+00:00
[2026-01-08T11:46:59.503+0000] {processor.py:179} INFO - Processing /opt/airflow/dags/ingest_local_folder_dag.py took 0.227 seconds
[2026-01-08T11:47:29.696+0000] {processor.py:157} INFO - Started process (PID=5790) to work on /opt/airflow/dags/ingest_local_folder_dag.py
[2026-01-08T11:47:29.696+0000] {processor.py:829} INFO - Processing file /opt/airflow/dags/ingest_local_folder_dag.py for tasks to queue
[2026-01-08T11:47:29.697+0000] {logging_mixin.py:151} INFO - [2026-01-08T11:47:29.697+0000] {dagbag.py:539} INFO - Filling up the DagBag from /opt/airflow/dags/ingest_local_folder_dag.py
[2026-01-08T11:47:29.859+0000] {processor.py:839} INFO - DAG(s) dict_keys(['ingestionDAG']) retrieved from /opt/airflow/dags/ingest_local_folder_dag.py
[2026-01-08T11:47:29.889+0000] {logging_mixin.py:151} INFO - [2026-01-08T11:47:29.889+0000] {dag.py:2915} INFO - Sync 1 DAGs
[2026-01-08T11:47:29.909+0000] {logging_mixin.py:151} INFO - [2026-01-08T11:47:29.909+0000] {dag.py:3696} INFO - Setting next_dagrun for ingestionDAG to 2026-01-08T11:46:59.909155+00:00, run_after=2026-01-08T11:47:29.909155+00:00
[2026-01-08T11:47:29.925+0000] {processor.py:179} INFO - Processing /opt/airflow/dags/ingest_local_folder_dag.py took 0.232 seconds
[2026-01-08T11:48:00.149+0000] {processor.py:157} INFO - Started process (PID=5802) to work on /opt/airflow/dags/ingest_local_folder_dag.py
[2026-01-08T11:48:00.151+0000] {processor.py:829} INFO - Processing file /opt/airflow/dags/ingest_local_folder_dag.py for tasks to queue
[2026-01-08T11:48:00.154+0000] {logging_mixin.py:151} INFO - [2026-01-08T11:48:00.153+0000] {dagbag.py:539} INFO - Filling up the DagBag from /opt/airflow/dags/ingest_local_folder_dag.py
[2026-01-08T11:48:00.321+0000] {processor.py:839} INFO - DAG(s) dict_keys(['ingestionDAG']) retrieved from /opt/airflow/dags/ingest_local_folder_dag.py
[2026-01-08T11:48:00.350+0000] {logging_mixin.py:151} INFO - [2026-01-08T11:48:00.350+0000] {dag.py:2915} INFO - Sync 1 DAGs
[2026-01-08T11:48:00.370+0000] {logging_mixin.py:151} INFO - [2026-01-08T11:48:00.369+0000] {dag.py:3696} INFO - Setting next_dagrun for ingestionDAG to 2026-01-08T11:47:30.369809+00:00, run_after=2026-01-08T11:48:00.369809+00:00
[2026-01-08T11:48:00.384+0000] {processor.py:179} INFO - Processing /opt/airflow/dags/ingest_local_folder_dag.py took 0.247 seconds
[2026-01-08T11:48:30.588+0000] {processor.py:157} INFO - Started process (PID=5816) to work on /opt/airflow/dags/ingest_local_folder_dag.py
[2026-01-08T11:48:30.590+0000] {processor.py:829} INFO - Processing file /opt/airflow/dags/ingest_local_folder_dag.py for tasks to queue
[2026-01-08T11:48:30.591+0000] {logging_mixin.py:151} INFO - [2026-01-08T11:48:30.591+0000] {dagbag.py:539} INFO - Filling up the DagBag from /opt/airflow/dags/ingest_local_folder_dag.py
[2026-01-08T11:48:30.758+0000] {processor.py:839} INFO - DAG(s) dict_keys(['ingestionDAG']) retrieved from /opt/airflow/dags/ingest_local_folder_dag.py
[2026-01-08T11:48:30.785+0000] {logging_mixin.py:151} INFO - [2026-01-08T11:48:30.785+0000] {dag.py:2915} INFO - Sync 1 DAGs
[2026-01-08T11:48:30.803+0000] {logging_mixin.py:151} INFO - [2026-01-08T11:48:30.803+0000] {dag.py:3696} INFO - Setting next_dagrun for ingestionDAG to 2026-01-08T11:48:00.803472+00:00, run_after=2026-01-08T11:48:30.803472+00:00
[2026-01-08T11:48:30.817+0000] {processor.py:179} INFO - Processing /opt/airflow/dags/ingest_local_folder_dag.py took 0.236 seconds
[2026-01-08T11:49:01.029+0000] {processor.py:157} INFO - Started process (PID=5830) to work on /opt/airflow/dags/ingest_local_folder_dag.py
[2026-01-08T11:49:01.031+0000] {processor.py:829} INFO - Processing file /opt/airflow/dags/ingest_local_folder_dag.py for tasks to queue
[2026-01-08T11:49:01.033+0000] {logging_mixin.py:151} INFO - [2026-01-08T11:49:01.032+0000] {dagbag.py:539} INFO - Filling up the DagBag from /opt/airflow/dags/ingest_local_folder_dag.py
[2026-01-08T11:49:01.199+0000] {processor.py:839} INFO - DAG(s) dict_keys(['ingestionDAG']) retrieved from /opt/airflow/dags/ingest_local_folder_dag.py
[2026-01-08T11:49:01.228+0000] {logging_mixin.py:151} INFO - [2026-01-08T11:49:01.227+0000] {dag.py:2915} INFO - Sync 1 DAGs
[2026-01-08T11:49:01.246+0000] {logging_mixin.py:151} INFO - [2026-01-08T11:49:01.246+0000] {dag.py:3696} INFO - Setting next_dagrun for ingestionDAG to 2026-01-08T11:48:31.246315+00:00, run_after=2026-01-08T11:49:01.246315+00:00
[2026-01-08T11:49:01.260+0000] {processor.py:179} INFO - Processing /opt/airflow/dags/ingest_local_folder_dag.py took 0.241 seconds
[2026-01-08T11:49:31.455+0000] {processor.py:157} INFO - Started process (PID=5841) to work on /opt/airflow/dags/ingest_local_folder_dag.py
[2026-01-08T11:49:31.456+0000] {processor.py:829} INFO - Processing file /opt/airflow/dags/ingest_local_folder_dag.py for tasks to queue
[2026-01-08T11:49:31.457+0000] {logging_mixin.py:151} INFO - [2026-01-08T11:49:31.456+0000] {dagbag.py:539} INFO - Filling up the DagBag from /opt/airflow/dags/ingest_local_folder_dag.py
[2026-01-08T11:49:31.614+0000] {processor.py:839} INFO - DAG(s) dict_keys(['ingestionDAG']) retrieved from /opt/airflow/dags/ingest_local_folder_dag.py
[2026-01-08T11:49:31.642+0000] {logging_mixin.py:151} INFO - [2026-01-08T11:49:31.641+0000] {dag.py:2915} INFO - Sync 1 DAGs
[2026-01-08T11:49:31.661+0000] {logging_mixin.py:151} INFO - [2026-01-08T11:49:31.661+0000] {dag.py:3696} INFO - Setting next_dagrun for ingestionDAG to 2026-01-08T11:49:01.661107+00:00, run_after=2026-01-08T11:49:31.661107+00:00
[2026-01-08T11:49:31.683+0000] {processor.py:179} INFO - Processing /opt/airflow/dags/ingest_local_folder_dag.py took 0.231 seconds
[2026-01-08T11:50:01.896+0000] {processor.py:157} INFO - Started process (PID=5855) to work on /opt/airflow/dags/ingest_local_folder_dag.py
[2026-01-08T11:50:01.897+0000] {processor.py:829} INFO - Processing file /opt/airflow/dags/ingest_local_folder_dag.py for tasks to queue
[2026-01-08T11:50:01.898+0000] {logging_mixin.py:151} INFO - [2026-01-08T11:50:01.897+0000] {dagbag.py:539} INFO - Filling up the DagBag from /opt/airflow/dags/ingest_local_folder_dag.py
[2026-01-08T11:50:02.058+0000] {processor.py:839} INFO - DAG(s) dict_keys(['ingestionDAG']) retrieved from /opt/airflow/dags/ingest_local_folder_dag.py
[2026-01-08T11:50:02.087+0000] {logging_mixin.py:151} INFO - [2026-01-08T11:50:02.087+0000] {dag.py:2915} INFO - Sync 1 DAGs
[2026-01-08T11:50:02.107+0000] {logging_mixin.py:151} INFO - [2026-01-08T11:50:02.107+0000] {dag.py:3696} INFO - Setting next_dagrun for ingestionDAG to 2026-01-08T11:49:32.107079+00:00, run_after=2026-01-08T11:50:02.107079+00:00
[2026-01-08T11:50:02.121+0000] {processor.py:179} INFO - Processing /opt/airflow/dags/ingest_local_folder_dag.py took 0.228 seconds
[2026-01-08T11:50:32.315+0000] {processor.py:157} INFO - Started process (PID=5869) to work on /opt/airflow/dags/ingest_local_folder_dag.py
[2026-01-08T11:50:32.316+0000] {processor.py:829} INFO - Processing file /opt/airflow/dags/ingest_local_folder_dag.py for tasks to queue
[2026-01-08T11:50:32.317+0000] {logging_mixin.py:151} INFO - [2026-01-08T11:50:32.316+0000] {dagbag.py:539} INFO - Filling up the DagBag from /opt/airflow/dags/ingest_local_folder_dag.py
[2026-01-08T11:50:32.477+0000] {processor.py:839} INFO - DAG(s) dict_keys(['ingestionDAG']) retrieved from /opt/airflow/dags/ingest_local_folder_dag.py
[2026-01-08T11:50:32.507+0000] {logging_mixin.py:151} INFO - [2026-01-08T11:50:32.507+0000] {dag.py:2915} INFO - Sync 1 DAGs
[2026-01-08T11:50:32.526+0000] {logging_mixin.py:151} INFO - [2026-01-08T11:50:32.526+0000] {dag.py:3696} INFO - Setting next_dagrun for ingestionDAG to 2026-01-08T11:50:02.526603+00:00, run_after=2026-01-08T11:50:32.526603+00:00
[2026-01-08T11:50:32.540+0000] {processor.py:179} INFO - Processing /opt/airflow/dags/ingest_local_folder_dag.py took 0.229 seconds
[2026-01-08T11:51:02.741+0000] {processor.py:157} INFO - Started process (PID=5880) to work on /opt/airflow/dags/ingest_local_folder_dag.py
[2026-01-08T11:51:02.742+0000] {processor.py:829} INFO - Processing file /opt/airflow/dags/ingest_local_folder_dag.py for tasks to queue
[2026-01-08T11:51:02.743+0000] {logging_mixin.py:151} INFO - [2026-01-08T11:51:02.743+0000] {dagbag.py:539} INFO - Filling up the DagBag from /opt/airflow/dags/ingest_local_folder_dag.py
[2026-01-08T11:51:02.912+0000] {processor.py:839} INFO - DAG(s) dict_keys(['ingestionDAG']) retrieved from /opt/airflow/dags/ingest_local_folder_dag.py
[2026-01-08T11:51:02.940+0000] {logging_mixin.py:151} INFO - [2026-01-08T11:51:02.940+0000] {dag.py:2915} INFO - Sync 1 DAGs
[2026-01-08T11:51:02.959+0000] {logging_mixin.py:151} INFO - [2026-01-08T11:51:02.959+0000] {dag.py:3696} INFO - Setting next_dagrun for ingestionDAG to 2026-01-08T11:50:32.959193+00:00, run_after=2026-01-08T11:51:02.959193+00:00
[2026-01-08T11:51:02.974+0000] {processor.py:179} INFO - Processing /opt/airflow/dags/ingest_local_folder_dag.py took 0.237 seconds
[2026-01-08T11:51:33.173+0000] {processor.py:157} INFO - Started process (PID=5894) to work on /opt/airflow/dags/ingest_local_folder_dag.py
[2026-01-08T11:51:33.176+0000] {processor.py:829} INFO - Processing file /opt/airflow/dags/ingest_local_folder_dag.py for tasks to queue
[2026-01-08T11:51:33.178+0000] {logging_mixin.py:151} INFO - [2026-01-08T11:51:33.177+0000] {dagbag.py:539} INFO - Filling up the DagBag from /opt/airflow/dags/ingest_local_folder_dag.py
[2026-01-08T11:51:33.346+0000] {processor.py:839} INFO - DAG(s) dict_keys(['ingestionDAG']) retrieved from /opt/airflow/dags/ingest_local_folder_dag.py
[2026-01-08T11:51:33.374+0000] {logging_mixin.py:151} INFO - [2026-01-08T11:51:33.374+0000] {dag.py:2915} INFO - Sync 1 DAGs
[2026-01-08T11:51:33.395+0000] {logging_mixin.py:151} INFO - [2026-01-08T11:51:33.395+0000] {dag.py:3696} INFO - Setting next_dagrun for ingestionDAG to 2026-01-08T11:51:03.395264+00:00, run_after=2026-01-08T11:51:33.395264+00:00
[2026-01-08T11:51:33.411+0000] {processor.py:179} INFO - Processing /opt/airflow/dags/ingest_local_folder_dag.py took 0.249 seconds
[2026-01-08T11:52:03.608+0000] {processor.py:157} INFO - Started process (PID=5908) to work on /opt/airflow/dags/ingest_local_folder_dag.py
[2026-01-08T11:52:03.609+0000] {processor.py:829} INFO - Processing file /opt/airflow/dags/ingest_local_folder_dag.py for tasks to queue
[2026-01-08T11:52:03.609+0000] {logging_mixin.py:151} INFO - [2026-01-08T11:52:03.609+0000] {dagbag.py:539} INFO - Filling up the DagBag from /opt/airflow/dags/ingest_local_folder_dag.py
[2026-01-08T11:52:03.771+0000] {processor.py:839} INFO - DAG(s) dict_keys(['ingestionDAG']) retrieved from /opt/airflow/dags/ingest_local_folder_dag.py
[2026-01-08T11:52:03.799+0000] {logging_mixin.py:151} INFO - [2026-01-08T11:52:03.799+0000] {dag.py:2915} INFO - Sync 1 DAGs
[2026-01-08T11:52:03.818+0000] {logging_mixin.py:151} INFO - [2026-01-08T11:52:03.818+0000] {dag.py:3696} INFO - Setting next_dagrun for ingestionDAG to 2026-01-08T11:51:33.817935+00:00, run_after=2026-01-08T11:52:03.817935+00:00
[2026-01-08T11:52:03.837+0000] {processor.py:179} INFO - Processing /opt/airflow/dags/ingest_local_folder_dag.py took 0.233 seconds
[2026-01-08T11:52:34.042+0000] {processor.py:157} INFO - Started process (PID=5919) to work on /opt/airflow/dags/ingest_local_folder_dag.py
[2026-01-08T11:52:34.042+0000] {processor.py:829} INFO - Processing file /opt/airflow/dags/ingest_local_folder_dag.py for tasks to queue
[2026-01-08T11:52:34.043+0000] {logging_mixin.py:151} INFO - [2026-01-08T11:52:34.043+0000] {dagbag.py:539} INFO - Filling up the DagBag from /opt/airflow/dags/ingest_local_folder_dag.py
[2026-01-08T11:52:34.204+0000] {processor.py:839} INFO - DAG(s) dict_keys(['ingestionDAG']) retrieved from /opt/airflow/dags/ingest_local_folder_dag.py
[2026-01-08T11:52:34.232+0000] {logging_mixin.py:151} INFO - [2026-01-08T11:52:34.232+0000] {dag.py:2915} INFO - Sync 1 DAGs
[2026-01-08T11:52:34.251+0000] {logging_mixin.py:151} INFO - [2026-01-08T11:52:34.251+0000] {dag.py:3696} INFO - Setting next_dagrun for ingestionDAG to 2026-01-08T11:52:04.251508+00:00, run_after=2026-01-08T11:52:34.251508+00:00
[2026-01-08T11:52:34.270+0000] {processor.py:179} INFO - Processing /opt/airflow/dags/ingest_local_folder_dag.py took 0.232 seconds
[2026-01-08T11:53:04.489+0000] {processor.py:157} INFO - Started process (PID=5933) to work on /opt/airflow/dags/ingest_local_folder_dag.py
[2026-01-08T11:53:04.491+0000] {processor.py:829} INFO - Processing file /opt/airflow/dags/ingest_local_folder_dag.py for tasks to queue
[2026-01-08T11:53:04.494+0000] {logging_mixin.py:151} INFO - [2026-01-08T11:53:04.493+0000] {dagbag.py:539} INFO - Filling up the DagBag from /opt/airflow/dags/ingest_local_folder_dag.py
[2026-01-08T11:53:04.662+0000] {processor.py:839} INFO - DAG(s) dict_keys(['ingestionDAG']) retrieved from /opt/airflow/dags/ingest_local_folder_dag.py
[2026-01-08T11:53:04.689+0000] {logging_mixin.py:151} INFO - [2026-01-08T11:53:04.689+0000] {dag.py:2915} INFO - Sync 1 DAGs
[2026-01-08T11:53:04.708+0000] {logging_mixin.py:151} INFO - [2026-01-08T11:53:04.708+0000] {dag.py:3696} INFO - Setting next_dagrun for ingestionDAG to 2026-01-08T11:52:34.707950+00:00, run_after=2026-01-08T11:53:04.707950+00:00
[2026-01-08T11:53:04.721+0000] {processor.py:179} INFO - Processing /opt/airflow/dags/ingest_local_folder_dag.py took 0.243 seconds
[2026-01-08T11:53:34.935+0000] {processor.py:157} INFO - Started process (PID=5947) to work on /opt/airflow/dags/ingest_local_folder_dag.py
[2026-01-08T11:53:34.938+0000] {processor.py:829} INFO - Processing file /opt/airflow/dags/ingest_local_folder_dag.py for tasks to queue
[2026-01-08T11:53:34.940+0000] {logging_mixin.py:151} INFO - [2026-01-08T11:53:34.939+0000] {dagbag.py:539} INFO - Filling up the DagBag from /opt/airflow/dags/ingest_local_folder_dag.py
[2026-01-08T11:53:35.144+0000] {processor.py:839} INFO - DAG(s) dict_keys(['ingestionDAG']) retrieved from /opt/airflow/dags/ingest_local_folder_dag.py
[2026-01-08T11:53:35.177+0000] {logging_mixin.py:151} INFO - [2026-01-08T11:53:35.177+0000] {dag.py:2915} INFO - Sync 1 DAGs
[2026-01-08T11:53:35.200+0000] {logging_mixin.py:151} INFO - [2026-01-08T11:53:35.199+0000] {dag.py:3696} INFO - Setting next_dagrun for ingestionDAG to 2026-01-08T11:53:05.199688+00:00, run_after=2026-01-08T11:53:35.199688+00:00
[2026-01-08T11:53:35.216+0000] {processor.py:179} INFO - Processing /opt/airflow/dags/ingest_local_folder_dag.py took 0.293 seconds
[2026-01-08T11:54:05.434+0000] {processor.py:157} INFO - Started process (PID=5958) to work on /opt/airflow/dags/ingest_local_folder_dag.py
[2026-01-08T11:54:05.436+0000] {processor.py:829} INFO - Processing file /opt/airflow/dags/ingest_local_folder_dag.py for tasks to queue
[2026-01-08T11:54:05.437+0000] {logging_mixin.py:151} INFO - [2026-01-08T11:54:05.436+0000] {dagbag.py:539} INFO - Filling up the DagBag from /opt/airflow/dags/ingest_local_folder_dag.py
[2026-01-08T11:54:05.609+0000] {processor.py:839} INFO - DAG(s) dict_keys(['ingestionDAG']) retrieved from /opt/airflow/dags/ingest_local_folder_dag.py
[2026-01-08T11:54:05.639+0000] {logging_mixin.py:151} INFO - [2026-01-08T11:54:05.639+0000] {dag.py:2915} INFO - Sync 1 DAGs
[2026-01-08T11:54:05.659+0000] {logging_mixin.py:151} INFO - [2026-01-08T11:54:05.659+0000] {dag.py:3696} INFO - Setting next_dagrun for ingestionDAG to 2026-01-08T11:53:35.659220+00:00, run_after=2026-01-08T11:54:05.659220+00:00
[2026-01-08T11:54:05.674+0000] {processor.py:179} INFO - Processing /opt/airflow/dags/ingest_local_folder_dag.py took 0.248 seconds
[2026-01-08T11:54:35.887+0000] {processor.py:157} INFO - Started process (PID=5972) to work on /opt/airflow/dags/ingest_local_folder_dag.py
[2026-01-08T11:54:35.889+0000] {processor.py:829} INFO - Processing file /opt/airflow/dags/ingest_local_folder_dag.py for tasks to queue
[2026-01-08T11:54:35.890+0000] {logging_mixin.py:151} INFO - [2026-01-08T11:54:35.890+0000] {dagbag.py:539} INFO - Filling up the DagBag from /opt/airflow/dags/ingest_local_folder_dag.py
[2026-01-08T11:54:36.071+0000] {processor.py:839} INFO - DAG(s) dict_keys(['ingestionDAG']) retrieved from /opt/airflow/dags/ingest_local_folder_dag.py
[2026-01-08T11:54:36.099+0000] {logging_mixin.py:151} INFO - [2026-01-08T11:54:36.099+0000] {dag.py:2915} INFO - Sync 1 DAGs
[2026-01-08T11:54:36.118+0000] {logging_mixin.py:151} INFO - [2026-01-08T11:54:36.118+0000] {dag.py:3696} INFO - Setting next_dagrun for ingestionDAG to 2026-01-08T11:54:06.118399+00:00, run_after=2026-01-08T11:54:36.118399+00:00
[2026-01-08T11:54:36.132+0000] {processor.py:179} INFO - Processing /opt/airflow/dags/ingest_local_folder_dag.py took 0.255 seconds
[2026-01-08T11:55:06.346+0000] {processor.py:157} INFO - Started process (PID=5986) to work on /opt/airflow/dags/ingest_local_folder_dag.py
[2026-01-08T11:55:06.348+0000] {processor.py:829} INFO - Processing file /opt/airflow/dags/ingest_local_folder_dag.py for tasks to queue
[2026-01-08T11:55:06.351+0000] {logging_mixin.py:151} INFO - [2026-01-08T11:55:06.349+0000] {dagbag.py:539} INFO - Filling up the DagBag from /opt/airflow/dags/ingest_local_folder_dag.py
[2026-01-08T11:55:06.525+0000] {processor.py:839} INFO - DAG(s) dict_keys(['ingestionDAG']) retrieved from /opt/airflow/dags/ingest_local_folder_dag.py
[2026-01-08T11:55:06.557+0000] {logging_mixin.py:151} INFO - [2026-01-08T11:55:06.557+0000] {dag.py:2915} INFO - Sync 1 DAGs
[2026-01-08T11:55:06.578+0000] {logging_mixin.py:151} INFO - [2026-01-08T11:55:06.577+0000] {dag.py:3696} INFO - Setting next_dagrun for ingestionDAG to 2026-01-08T11:54:36.577728+00:00, run_after=2026-01-08T11:55:06.577728+00:00
[2026-01-08T11:55:06.593+0000] {processor.py:179} INFO - Processing /opt/airflow/dags/ingest_local_folder_dag.py took 0.258 seconds
[2026-01-08T11:55:36.775+0000] {processor.py:157} INFO - Started process (PID=5997) to work on /opt/airflow/dags/ingest_local_folder_dag.py
[2026-01-08T11:55:36.776+0000] {processor.py:829} INFO - Processing file /opt/airflow/dags/ingest_local_folder_dag.py for tasks to queue
[2026-01-08T11:55:36.777+0000] {logging_mixin.py:151} INFO - [2026-01-08T11:55:36.776+0000] {dagbag.py:539} INFO - Filling up the DagBag from /opt/airflow/dags/ingest_local_folder_dag.py
[2026-01-08T11:55:36.941+0000] {processor.py:839} INFO - DAG(s) dict_keys(['ingestionDAG']) retrieved from /opt/airflow/dags/ingest_local_folder_dag.py
[2026-01-08T11:55:36.970+0000] {logging_mixin.py:151} INFO - [2026-01-08T11:55:36.970+0000] {dag.py:2915} INFO - Sync 1 DAGs
[2026-01-08T11:55:36.990+0000] {logging_mixin.py:151} INFO - [2026-01-08T11:55:36.989+0000] {dag.py:3696} INFO - Setting next_dagrun for ingestionDAG to 2026-01-08T11:55:06.989662+00:00, run_after=2026-01-08T11:55:36.989662+00:00
[2026-01-08T11:55:37.004+0000] {processor.py:179} INFO - Processing /opt/airflow/dags/ingest_local_folder_dag.py took 0.232 seconds
[2026-01-08T11:56:07.224+0000] {processor.py:157} INFO - Started process (PID=6011) to work on /opt/airflow/dags/ingest_local_folder_dag.py
[2026-01-08T11:56:07.227+0000] {processor.py:829} INFO - Processing file /opt/airflow/dags/ingest_local_folder_dag.py for tasks to queue
[2026-01-08T11:56:07.229+0000] {logging_mixin.py:151} INFO - [2026-01-08T11:56:07.228+0000] {dagbag.py:539} INFO - Filling up the DagBag from /opt/airflow/dags/ingest_local_folder_dag.py
[2026-01-08T11:56:07.398+0000] {processor.py:839} INFO - DAG(s) dict_keys(['ingestionDAG']) retrieved from /opt/airflow/dags/ingest_local_folder_dag.py
[2026-01-08T11:56:07.430+0000] {logging_mixin.py:151} INFO - [2026-01-08T11:56:07.430+0000] {dag.py:2915} INFO - Sync 1 DAGs
[2026-01-08T11:56:07.451+0000] {logging_mixin.py:151} INFO - [2026-01-08T11:56:07.451+0000] {dag.py:3696} INFO - Setting next_dagrun for ingestionDAG to 2026-01-08T11:55:37.451338+00:00, run_after=2026-01-08T11:56:07.451338+00:00
[2026-01-08T11:56:07.466+0000] {processor.py:179} INFO - Processing /opt/airflow/dags/ingest_local_folder_dag.py took 0.252 seconds
[2026-01-08T11:56:37.665+0000] {processor.py:157} INFO - Started process (PID=6025) to work on /opt/airflow/dags/ingest_local_folder_dag.py
[2026-01-08T11:56:37.666+0000] {processor.py:829} INFO - Processing file /opt/airflow/dags/ingest_local_folder_dag.py for tasks to queue
[2026-01-08T11:56:37.668+0000] {logging_mixin.py:151} INFO - [2026-01-08T11:56:37.667+0000] {dagbag.py:539} INFO - Filling up the DagBag from /opt/airflow/dags/ingest_local_folder_dag.py
[2026-01-08T11:56:37.843+0000] {processor.py:839} INFO - DAG(s) dict_keys(['ingestionDAG']) retrieved from /opt/airflow/dags/ingest_local_folder_dag.py
[2026-01-08T11:56:37.875+0000] {logging_mixin.py:151} INFO - [2026-01-08T11:56:37.875+0000] {dag.py:2915} INFO - Sync 1 DAGs
[2026-01-08T11:56:37.897+0000] {logging_mixin.py:151} INFO - [2026-01-08T11:56:37.897+0000] {dag.py:3696} INFO - Setting next_dagrun for ingestionDAG to 2026-01-08T11:56:07.897370+00:00, run_after=2026-01-08T11:56:37.897370+00:00
[2026-01-08T11:56:37.915+0000] {processor.py:179} INFO - Processing /opt/airflow/dags/ingest_local_folder_dag.py took 0.257 seconds
[2026-01-08T11:57:08.116+0000] {processor.py:157} INFO - Started process (PID=6036) to work on /opt/airflow/dags/ingest_local_folder_dag.py
[2026-01-08T11:57:08.118+0000] {processor.py:829} INFO - Processing file /opt/airflow/dags/ingest_local_folder_dag.py for tasks to queue
[2026-01-08T11:57:08.119+0000] {logging_mixin.py:151} INFO - [2026-01-08T11:57:08.119+0000] {dagbag.py:539} INFO - Filling up the DagBag from /opt/airflow/dags/ingest_local_folder_dag.py
[2026-01-08T11:57:08.293+0000] {processor.py:839} INFO - DAG(s) dict_keys(['ingestionDAG']) retrieved from /opt/airflow/dags/ingest_local_folder_dag.py
[2026-01-08T11:57:08.325+0000] {logging_mixin.py:151} INFO - [2026-01-08T11:57:08.325+0000] {dag.py:2915} INFO - Sync 1 DAGs
[2026-01-08T11:57:08.348+0000] {logging_mixin.py:151} INFO - [2026-01-08T11:57:08.347+0000] {dag.py:3696} INFO - Setting next_dagrun for ingestionDAG to 2026-01-08T11:56:38.347688+00:00, run_after=2026-01-08T11:57:08.347688+00:00
[2026-01-08T11:57:08.364+0000] {processor.py:179} INFO - Processing /opt/airflow/dags/ingest_local_folder_dag.py took 0.257 seconds
[2026-01-08T11:57:38.564+0000] {processor.py:157} INFO - Started process (PID=6050) to work on /opt/airflow/dags/ingest_local_folder_dag.py
[2026-01-08T11:57:38.566+0000] {processor.py:829} INFO - Processing file /opt/airflow/dags/ingest_local_folder_dag.py for tasks to queue
[2026-01-08T11:57:38.567+0000] {logging_mixin.py:151} INFO - [2026-01-08T11:57:38.567+0000] {dagbag.py:539} INFO - Filling up the DagBag from /opt/airflow/dags/ingest_local_folder_dag.py
[2026-01-08T11:57:38.739+0000] {processor.py:839} INFO - DAG(s) dict_keys(['ingestionDAG']) retrieved from /opt/airflow/dags/ingest_local_folder_dag.py
[2026-01-08T11:57:38.767+0000] {logging_mixin.py:151} INFO - [2026-01-08T11:57:38.767+0000] {dag.py:2915} INFO - Sync 1 DAGs
[2026-01-08T11:57:38.785+0000] {logging_mixin.py:151} INFO - [2026-01-08T11:57:38.785+0000] {dag.py:3696} INFO - Setting next_dagrun for ingestionDAG to 2026-01-08T11:57:08.785443+00:00, run_after=2026-01-08T11:57:38.785443+00:00
[2026-01-08T11:57:38.801+0000] {processor.py:179} INFO - Processing /opt/airflow/dags/ingest_local_folder_dag.py took 0.249 seconds
[2026-01-08T11:58:09.024+0000] {processor.py:157} INFO - Started process (PID=6064) to work on /opt/airflow/dags/ingest_local_folder_dag.py
[2026-01-08T11:58:09.027+0000] {processor.py:829} INFO - Processing file /opt/airflow/dags/ingest_local_folder_dag.py for tasks to queue
[2026-01-08T11:58:09.029+0000] {logging_mixin.py:151} INFO - [2026-01-08T11:58:09.028+0000] {dagbag.py:539} INFO - Filling up the DagBag from /opt/airflow/dags/ingest_local_folder_dag.py
[2026-01-08T11:58:09.196+0000] {processor.py:839} INFO - DAG(s) dict_keys(['ingestionDAG']) retrieved from /opt/airflow/dags/ingest_local_folder_dag.py
[2026-01-08T11:58:09.225+0000] {logging_mixin.py:151} INFO - [2026-01-08T11:58:09.225+0000] {dag.py:2915} INFO - Sync 1 DAGs
[2026-01-08T11:58:09.245+0000] {logging_mixin.py:151} INFO - [2026-01-08T11:58:09.244+0000] {dag.py:3696} INFO - Setting next_dagrun for ingestionDAG to 2026-01-08T11:57:39.244729+00:00, run_after=2026-01-08T11:58:09.244729+00:00
[2026-01-08T11:58:09.259+0000] {processor.py:179} INFO - Processing /opt/airflow/dags/ingest_local_folder_dag.py took 0.246 seconds
[2026-01-08T11:58:39.439+0000] {processor.py:157} INFO - Started process (PID=6073) to work on /opt/airflow/dags/ingest_local_folder_dag.py
[2026-01-08T11:58:39.440+0000] {processor.py:829} INFO - Processing file /opt/airflow/dags/ingest_local_folder_dag.py for tasks to queue
[2026-01-08T11:58:39.441+0000] {logging_mixin.py:151} INFO - [2026-01-08T11:58:39.440+0000] {dagbag.py:539} INFO - Filling up the DagBag from /opt/airflow/dags/ingest_local_folder_dag.py
[2026-01-08T11:58:39.606+0000] {processor.py:839} INFO - DAG(s) dict_keys(['ingestionDAG']) retrieved from /opt/airflow/dags/ingest_local_folder_dag.py
[2026-01-08T11:58:39.636+0000] {logging_mixin.py:151} INFO - [2026-01-08T11:58:39.636+0000] {dag.py:2915} INFO - Sync 1 DAGs
[2026-01-08T11:58:39.656+0000] {logging_mixin.py:151} INFO - [2026-01-08T11:58:39.656+0000] {dag.py:3696} INFO - Setting next_dagrun for ingestionDAG to 2026-01-08T11:58:09.656609+00:00, run_after=2026-01-08T11:58:39.656609+00:00
[2026-01-08T11:58:39.672+0000] {processor.py:179} INFO - Processing /opt/airflow/dags/ingest_local_folder_dag.py took 0.236 seconds
[2026-01-08T11:59:09.878+0000] {processor.py:157} INFO - Started process (PID=6086) to work on /opt/airflow/dags/ingest_local_folder_dag.py
[2026-01-08T11:59:09.878+0000] {processor.py:829} INFO - Processing file /opt/airflow/dags/ingest_local_folder_dag.py for tasks to queue
[2026-01-08T11:59:09.879+0000] {logging_mixin.py:151} INFO - [2026-01-08T11:59:09.879+0000] {dagbag.py:539} INFO - Filling up the DagBag from /opt/airflow/dags/ingest_local_folder_dag.py
[2026-01-08T11:59:10.054+0000] {processor.py:839} INFO - DAG(s) dict_keys(['ingestionDAG']) retrieved from /opt/airflow/dags/ingest_local_folder_dag.py
[2026-01-08T11:59:10.089+0000] {logging_mixin.py:151} INFO - [2026-01-08T11:59:10.089+0000] {dag.py:2915} INFO - Sync 1 DAGs
[2026-01-08T11:59:10.112+0000] {logging_mixin.py:151} INFO - [2026-01-08T11:59:10.112+0000] {dag.py:3696} INFO - Setting next_dagrun for ingestionDAG to 2026-01-08T11:58:40.112214+00:00, run_after=2026-01-08T11:59:10.112214+00:00
[2026-01-08T11:59:10.129+0000] {processor.py:179} INFO - Processing /opt/airflow/dags/ingest_local_folder_dag.py took 0.255 seconds
[2026-01-08T11:59:40.338+0000] {processor.py:157} INFO - Started process (PID=6097) to work on /opt/airflow/dags/ingest_local_folder_dag.py
[2026-01-08T11:59:40.340+0000] {processor.py:829} INFO - Processing file /opt/airflow/dags/ingest_local_folder_dag.py for tasks to queue
[2026-01-08T11:59:40.341+0000] {logging_mixin.py:151} INFO - [2026-01-08T11:59:40.340+0000] {dagbag.py:539} INFO - Filling up the DagBag from /opt/airflow/dags/ingest_local_folder_dag.py
[2026-01-08T11:59:40.502+0000] {processor.py:839} INFO - DAG(s) dict_keys(['ingestionDAG']) retrieved from /opt/airflow/dags/ingest_local_folder_dag.py
[2026-01-08T11:59:40.530+0000] {logging_mixin.py:151} INFO - [2026-01-08T11:59:40.529+0000] {dag.py:2915} INFO - Sync 1 DAGs
[2026-01-08T11:59:40.547+0000] {logging_mixin.py:151} INFO - [2026-01-08T11:59:40.547+0000] {dag.py:3696} INFO - Setting next_dagrun for ingestionDAG to 2026-01-08T11:59:10.547585+00:00, run_after=2026-01-08T11:59:40.547585+00:00
[2026-01-08T11:59:40.562+0000] {processor.py:179} INFO - Processing /opt/airflow/dags/ingest_local_folder_dag.py took 0.233 seconds
[2026-01-08T12:00:10.776+0000] {processor.py:157} INFO - Started process (PID=6108) to work on /opt/airflow/dags/ingest_local_folder_dag.py
[2026-01-08T12:00:10.778+0000] {processor.py:829} INFO - Processing file /opt/airflow/dags/ingest_local_folder_dag.py for tasks to queue
[2026-01-08T12:00:10.780+0000] {logging_mixin.py:151} INFO - [2026-01-08T12:00:10.779+0000] {dagbag.py:539} INFO - Filling up the DagBag from /opt/airflow/dags/ingest_local_folder_dag.py
[2026-01-08T12:00:10.962+0000] {processor.py:839} INFO - DAG(s) dict_keys(['ingestionDAG']) retrieved from /opt/airflow/dags/ingest_local_folder_dag.py
[2026-01-08T12:00:10.992+0000] {logging_mixin.py:151} INFO - [2026-01-08T12:00:10.992+0000] {dag.py:2915} INFO - Sync 1 DAGs
[2026-01-08T12:00:11.014+0000] {logging_mixin.py:151} INFO - [2026-01-08T12:00:11.013+0000] {dag.py:3696} INFO - Setting next_dagrun for ingestionDAG to 2026-01-08T11:59:41.013787+00:00, run_after=2026-01-08T12:00:11.013787+00:00
[2026-01-08T12:00:11.030+0000] {processor.py:179} INFO - Processing /opt/airflow/dags/ingest_local_folder_dag.py took 0.264 seconds
[2026-01-08T12:00:41.223+0000] {processor.py:157} INFO - Started process (PID=6122) to work on /opt/airflow/dags/ingest_local_folder_dag.py
[2026-01-08T12:00:41.224+0000] {processor.py:829} INFO - Processing file /opt/airflow/dags/ingest_local_folder_dag.py for tasks to queue
[2026-01-08T12:00:41.225+0000] {logging_mixin.py:151} INFO - [2026-01-08T12:00:41.224+0000] {dagbag.py:539} INFO - Filling up the DagBag from /opt/airflow/dags/ingest_local_folder_dag.py
[2026-01-08T12:00:41.395+0000] {processor.py:839} INFO - DAG(s) dict_keys(['ingestionDAG']) retrieved from /opt/airflow/dags/ingest_local_folder_dag.py
[2026-01-08T12:00:41.424+0000] {logging_mixin.py:151} INFO - [2026-01-08T12:00:41.424+0000] {dag.py:2915} INFO - Sync 1 DAGs
[2026-01-08T12:00:41.443+0000] {logging_mixin.py:151} INFO - [2026-01-08T12:00:41.443+0000] {dag.py:3696} INFO - Setting next_dagrun for ingestionDAG to 2026-01-08T12:00:11.443071+00:00, run_after=2026-01-08T12:00:41.443071+00:00
[2026-01-08T12:00:41.457+0000] {processor.py:179} INFO - Processing /opt/airflow/dags/ingest_local_folder_dag.py took 0.238 seconds
[2026-01-08T12:01:11.656+0000] {processor.py:157} INFO - Started process (PID=6136) to work on /opt/airflow/dags/ingest_local_folder_dag.py
[2026-01-08T12:01:11.657+0000] {processor.py:829} INFO - Processing file /opt/airflow/dags/ingest_local_folder_dag.py for tasks to queue
[2026-01-08T12:01:11.658+0000] {logging_mixin.py:151} INFO - [2026-01-08T12:01:11.658+0000] {dagbag.py:539} INFO - Filling up the DagBag from /opt/airflow/dags/ingest_local_folder_dag.py
[2026-01-08T12:01:11.834+0000] {processor.py:839} INFO - DAG(s) dict_keys(['ingestionDAG']) retrieved from /opt/airflow/dags/ingest_local_folder_dag.py
[2026-01-08T12:01:11.865+0000] {logging_mixin.py:151} INFO - [2026-01-08T12:01:11.865+0000] {dag.py:2915} INFO - Sync 1 DAGs
[2026-01-08T12:01:11.885+0000] {logging_mixin.py:151} INFO - [2026-01-08T12:01:11.885+0000] {dag.py:3696} INFO - Setting next_dagrun for ingestionDAG to 2026-01-08T12:00:41.885606+00:00, run_after=2026-01-08T12:01:11.885606+00:00
[2026-01-08T12:01:11.901+0000] {processor.py:179} INFO - Processing /opt/airflow/dags/ingest_local_folder_dag.py took 0.248 seconds
[2026-01-08T12:01:42.091+0000] {processor.py:157} INFO - Started process (PID=6147) to work on /opt/airflow/dags/ingest_local_folder_dag.py
[2026-01-08T12:01:42.092+0000] {processor.py:829} INFO - Processing file /opt/airflow/dags/ingest_local_folder_dag.py for tasks to queue
[2026-01-08T12:01:42.093+0000] {logging_mixin.py:151} INFO - [2026-01-08T12:01:42.093+0000] {dagbag.py:539} INFO - Filling up the DagBag from /opt/airflow/dags/ingest_local_folder_dag.py
[2026-01-08T12:01:42.275+0000] {processor.py:839} INFO - DAG(s) dict_keys(['ingestionDAG']) retrieved from /opt/airflow/dags/ingest_local_folder_dag.py
[2026-01-08T12:01:42.306+0000] {logging_mixin.py:151} INFO - [2026-01-08T12:01:42.306+0000] {dag.py:2915} INFO - Sync 1 DAGs
[2026-01-08T12:01:42.328+0000] {logging_mixin.py:151} INFO - [2026-01-08T12:01:42.327+0000] {dag.py:3696} INFO - Setting next_dagrun for ingestionDAG to 2026-01-08T12:01:12.327648+00:00, run_after=2026-01-08T12:01:42.327648+00:00
[2026-01-08T12:01:42.343+0000] {processor.py:179} INFO - Processing /opt/airflow/dags/ingest_local_folder_dag.py took 0.256 seconds
[2026-01-08T12:02:12.546+0000] {processor.py:157} INFO - Started process (PID=6161) to work on /opt/airflow/dags/ingest_local_folder_dag.py
[2026-01-08T12:02:12.547+0000] {processor.py:829} INFO - Processing file /opt/airflow/dags/ingest_local_folder_dag.py for tasks to queue
[2026-01-08T12:02:12.548+0000] {logging_mixin.py:151} INFO - [2026-01-08T12:02:12.548+0000] {dagbag.py:539} INFO - Filling up the DagBag from /opt/airflow/dags/ingest_local_folder_dag.py
[2026-01-08T12:02:12.707+0000] {processor.py:839} INFO - DAG(s) dict_keys(['ingestionDAG']) retrieved from /opt/airflow/dags/ingest_local_folder_dag.py
[2026-01-08T12:02:12.737+0000] {logging_mixin.py:151} INFO - [2026-01-08T12:02:12.737+0000] {dag.py:2915} INFO - Sync 1 DAGs
[2026-01-08T12:02:12.757+0000] {logging_mixin.py:151} INFO - [2026-01-08T12:02:12.757+0000] {dag.py:3696} INFO - Setting next_dagrun for ingestionDAG to 2026-01-08T12:01:42.757209+00:00, run_after=2026-01-08T12:02:12.757209+00:00
[2026-01-08T12:02:12.771+0000] {processor.py:179} INFO - Processing /opt/airflow/dags/ingest_local_folder_dag.py took 0.231 seconds
[2026-01-08T12:02:42.971+0000] {processor.py:157} INFO - Started process (PID=6175) to work on /opt/airflow/dags/ingest_local_folder_dag.py
[2026-01-08T12:02:42.972+0000] {processor.py:829} INFO - Processing file /opt/airflow/dags/ingest_local_folder_dag.py for tasks to queue
[2026-01-08T12:02:42.973+0000] {logging_mixin.py:151} INFO - [2026-01-08T12:02:42.972+0000] {dagbag.py:539} INFO - Filling up the DagBag from /opt/airflow/dags/ingest_local_folder_dag.py
[2026-01-08T12:02:43.134+0000] {processor.py:839} INFO - DAG(s) dict_keys(['ingestionDAG']) retrieved from /opt/airflow/dags/ingest_local_folder_dag.py
[2026-01-08T12:02:43.162+0000] {logging_mixin.py:151} INFO - [2026-01-08T12:02:43.162+0000] {dag.py:2915} INFO - Sync 1 DAGs
[2026-01-08T12:02:43.180+0000] {logging_mixin.py:151} INFO - [2026-01-08T12:02:43.180+0000] {dag.py:3696} INFO - Setting next_dagrun for ingestionDAG to 2026-01-08T12:02:13.180499+00:00, run_after=2026-01-08T12:02:43.180499+00:00
[2026-01-08T12:02:43.194+0000] {processor.py:179} INFO - Processing /opt/airflow/dags/ingest_local_folder_dag.py took 0.226 seconds
[2026-01-08T12:03:13.403+0000] {processor.py:157} INFO - Started process (PID=6186) to work on /opt/airflow/dags/ingest_local_folder_dag.py
[2026-01-08T12:03:13.404+0000] {processor.py:829} INFO - Processing file /opt/airflow/dags/ingest_local_folder_dag.py for tasks to queue
[2026-01-08T12:03:13.405+0000] {logging_mixin.py:151} INFO - [2026-01-08T12:03:13.404+0000] {dagbag.py:539} INFO - Filling up the DagBag from /opt/airflow/dags/ingest_local_folder_dag.py
[2026-01-08T12:03:13.573+0000] {processor.py:839} INFO - DAG(s) dict_keys(['ingestionDAG']) retrieved from /opt/airflow/dags/ingest_local_folder_dag.py
[2026-01-08T12:03:13.602+0000] {logging_mixin.py:151} INFO - [2026-01-08T12:03:13.601+0000] {dag.py:2915} INFO - Sync 1 DAGs
[2026-01-08T12:03:13.620+0000] {logging_mixin.py:151} INFO - [2026-01-08T12:03:13.620+0000] {dag.py:3696} INFO - Setting next_dagrun for ingestionDAG to 2026-01-08T12:02:43.620090+00:00, run_after=2026-01-08T12:03:13.620090+00:00
[2026-01-08T12:03:13.634+0000] {processor.py:179} INFO - Processing /opt/airflow/dags/ingest_local_folder_dag.py took 0.236 seconds
[2026-01-08T12:03:43.850+0000] {processor.py:157} INFO - Started process (PID=6200) to work on /opt/airflow/dags/ingest_local_folder_dag.py
[2026-01-08T12:03:43.851+0000] {processor.py:829} INFO - Processing file /opt/airflow/dags/ingest_local_folder_dag.py for tasks to queue
[2026-01-08T12:03:43.853+0000] {logging_mixin.py:151} INFO - [2026-01-08T12:03:43.852+0000] {dagbag.py:539} INFO - Filling up the DagBag from /opt/airflow/dags/ingest_local_folder_dag.py
[2026-01-08T12:03:44.017+0000] {processor.py:839} INFO - DAG(s) dict_keys(['ingestionDAG']) retrieved from /opt/airflow/dags/ingest_local_folder_dag.py
[2026-01-08T12:03:44.045+0000] {logging_mixin.py:151} INFO - [2026-01-08T12:03:44.045+0000] {dag.py:2915} INFO - Sync 1 DAGs
[2026-01-08T12:03:44.064+0000] {logging_mixin.py:151} INFO - [2026-01-08T12:03:44.064+0000] {dag.py:3696} INFO - Setting next_dagrun for ingestionDAG to 2026-01-08T12:03:14.064100+00:00, run_after=2026-01-08T12:03:44.064100+00:00
[2026-01-08T12:03:44.080+0000] {processor.py:179} INFO - Processing /opt/airflow/dags/ingest_local_folder_dag.py took 0.241 seconds
[2026-01-08T12:04:14.297+0000] {processor.py:157} INFO - Started process (PID=6214) to work on /opt/airflow/dags/ingest_local_folder_dag.py
[2026-01-08T12:04:14.299+0000] {processor.py:829} INFO - Processing file /opt/airflow/dags/ingest_local_folder_dag.py for tasks to queue
[2026-01-08T12:04:14.300+0000] {logging_mixin.py:151} INFO - [2026-01-08T12:04:14.300+0000] {dagbag.py:539} INFO - Filling up the DagBag from /opt/airflow/dags/ingest_local_folder_dag.py
[2026-01-08T12:04:14.463+0000] {processor.py:839} INFO - DAG(s) dict_keys(['ingestionDAG']) retrieved from /opt/airflow/dags/ingest_local_folder_dag.py
[2026-01-08T12:04:14.490+0000] {logging_mixin.py:151} INFO - [2026-01-08T12:04:14.490+0000] {dag.py:2915} INFO - Sync 1 DAGs
[2026-01-08T12:04:14.509+0000] {logging_mixin.py:151} INFO - [2026-01-08T12:04:14.509+0000] {dag.py:3696} INFO - Setting next_dagrun for ingestionDAG to 2026-01-08T12:03:44.509372+00:00, run_after=2026-01-08T12:04:14.509372+00:00
[2026-01-08T12:04:14.524+0000] {processor.py:179} INFO - Processing /opt/airflow/dags/ingest_local_folder_dag.py took 0.236 seconds
[2026-01-08T12:04:44.739+0000] {processor.py:157} INFO - Started process (PID=6225) to work on /opt/airflow/dags/ingest_local_folder_dag.py
[2026-01-08T12:04:44.740+0000] {processor.py:829} INFO - Processing file /opt/airflow/dags/ingest_local_folder_dag.py for tasks to queue
[2026-01-08T12:04:44.741+0000] {logging_mixin.py:151} INFO - [2026-01-08T12:04:44.740+0000] {dagbag.py:539} INFO - Filling up the DagBag from /opt/airflow/dags/ingest_local_folder_dag.py
[2026-01-08T12:04:44.909+0000] {processor.py:839} INFO - DAG(s) dict_keys(['ingestionDAG']) retrieved from /opt/airflow/dags/ingest_local_folder_dag.py
[2026-01-08T12:04:44.941+0000] {logging_mixin.py:151} INFO - [2026-01-08T12:04:44.941+0000] {dag.py:2915} INFO - Sync 1 DAGs
[2026-01-08T12:04:44.965+0000] {logging_mixin.py:151} INFO - [2026-01-08T12:04:44.965+0000] {dag.py:3696} INFO - Setting next_dagrun for ingestionDAG to 2026-01-08T12:04:14.965283+00:00, run_after=2026-01-08T12:04:44.965283+00:00
[2026-01-08T12:04:44.981+0000] {processor.py:179} INFO - Processing /opt/airflow/dags/ingest_local_folder_dag.py took 0.248 seconds
[2026-01-08T12:05:15.180+0000] {processor.py:157} INFO - Started process (PID=6239) to work on /opt/airflow/dags/ingest_local_folder_dag.py
[2026-01-08T12:05:15.183+0000] {processor.py:829} INFO - Processing file /opt/airflow/dags/ingest_local_folder_dag.py for tasks to queue
[2026-01-08T12:05:15.185+0000] {logging_mixin.py:151} INFO - [2026-01-08T12:05:15.184+0000] {dagbag.py:539} INFO - Filling up the DagBag from /opt/airflow/dags/ingest_local_folder_dag.py
[2026-01-08T12:05:15.347+0000] {processor.py:839} INFO - DAG(s) dict_keys(['ingestionDAG']) retrieved from /opt/airflow/dags/ingest_local_folder_dag.py
[2026-01-08T12:05:15.376+0000] {logging_mixin.py:151} INFO - [2026-01-08T12:05:15.376+0000] {dag.py:2915} INFO - Sync 1 DAGs
[2026-01-08T12:05:15.394+0000] {logging_mixin.py:151} INFO - [2026-01-08T12:05:15.394+0000] {dag.py:3696} INFO - Setting next_dagrun for ingestionDAG to 2026-01-08T12:04:45.394135+00:00, run_after=2026-01-08T12:05:15.394135+00:00
[2026-01-08T12:05:15.409+0000] {processor.py:179} INFO - Processing /opt/airflow/dags/ingest_local_folder_dag.py took 0.239 seconds
[2026-01-08T12:05:45.604+0000] {processor.py:157} INFO - Started process (PID=6253) to work on /opt/airflow/dags/ingest_local_folder_dag.py
[2026-01-08T12:05:45.605+0000] {processor.py:829} INFO - Processing file /opt/airflow/dags/ingest_local_folder_dag.py for tasks to queue
[2026-01-08T12:05:45.606+0000] {logging_mixin.py:151} INFO - [2026-01-08T12:05:45.605+0000] {dagbag.py:539} INFO - Filling up the DagBag from /opt/airflow/dags/ingest_local_folder_dag.py
[2026-01-08T12:05:45.763+0000] {processor.py:839} INFO - DAG(s) dict_keys(['ingestionDAG']) retrieved from /opt/airflow/dags/ingest_local_folder_dag.py
[2026-01-08T12:05:45.791+0000] {logging_mixin.py:151} INFO - [2026-01-08T12:05:45.791+0000] {dag.py:2915} INFO - Sync 1 DAGs
[2026-01-08T12:05:45.809+0000] {logging_mixin.py:151} INFO - [2026-01-08T12:05:45.809+0000] {dag.py:3696} INFO - Setting next_dagrun for ingestionDAG to 2026-01-08T12:05:15.809021+00:00, run_after=2026-01-08T12:05:45.809021+00:00
[2026-01-08T12:05:45.823+0000] {processor.py:179} INFO - Processing /opt/airflow/dags/ingest_local_folder_dag.py took 0.223 seconds
[2026-01-08T12:06:16.032+0000] {processor.py:157} INFO - Started process (PID=6267) to work on /opt/airflow/dags/ingest_local_folder_dag.py
[2026-01-08T12:06:16.033+0000] {processor.py:829} INFO - Processing file /opt/airflow/dags/ingest_local_folder_dag.py for tasks to queue
[2026-01-08T12:06:16.034+0000] {logging_mixin.py:151} INFO - [2026-01-08T12:06:16.033+0000] {dagbag.py:539} INFO - Filling up the DagBag from /opt/airflow/dags/ingest_local_folder_dag.py
[2026-01-08T12:06:16.200+0000] {processor.py:839} INFO - DAG(s) dict_keys(['ingestionDAG']) retrieved from /opt/airflow/dags/ingest_local_folder_dag.py
[2026-01-08T12:06:16.228+0000] {logging_mixin.py:151} INFO - [2026-01-08T12:06:16.228+0000] {dag.py:2915} INFO - Sync 1 DAGs
[2026-01-08T12:06:16.246+0000] {logging_mixin.py:151} INFO - [2026-01-08T12:06:16.246+0000] {dag.py:3696} INFO - Setting next_dagrun for ingestionDAG to 2026-01-08T12:05:46.246091+00:00, run_after=2026-01-08T12:06:16.246091+00:00
[2026-01-08T12:06:16.260+0000] {processor.py:179} INFO - Processing /opt/airflow/dags/ingest_local_folder_dag.py took 0.232 seconds
[2026-01-08T12:06:46.469+0000] {processor.py:157} INFO - Started process (PID=6278) to work on /opt/airflow/dags/ingest_local_folder_dag.py
[2026-01-08T12:06:46.470+0000] {processor.py:829} INFO - Processing file /opt/airflow/dags/ingest_local_folder_dag.py for tasks to queue
[2026-01-08T12:06:46.471+0000] {logging_mixin.py:151} INFO - [2026-01-08T12:06:46.470+0000] {dagbag.py:539} INFO - Filling up the DagBag from /opt/airflow/dags/ingest_local_folder_dag.py
[2026-01-08T12:06:46.628+0000] {processor.py:839} INFO - DAG(s) dict_keys(['ingestionDAG']) retrieved from /opt/airflow/dags/ingest_local_folder_dag.py
[2026-01-08T12:06:46.655+0000] {logging_mixin.py:151} INFO - [2026-01-08T12:06:46.655+0000] {dag.py:2915} INFO - Sync 1 DAGs
[2026-01-08T12:06:46.677+0000] {logging_mixin.py:151} INFO - [2026-01-08T12:06:46.676+0000] {dag.py:3696} INFO - Setting next_dagrun for ingestionDAG to 2026-01-08T12:06:16.676717+00:00, run_after=2026-01-08T12:06:46.676717+00:00
[2026-01-08T12:06:46.691+0000] {processor.py:179} INFO - Processing /opt/airflow/dags/ingest_local_folder_dag.py took 0.226 seconds
[2026-01-08T12:07:16.921+0000] {processor.py:157} INFO - Started process (PID=6292) to work on /opt/airflow/dags/ingest_local_folder_dag.py
[2026-01-08T12:07:16.922+0000] {processor.py:829} INFO - Processing file /opt/airflow/dags/ingest_local_folder_dag.py for tasks to queue
[2026-01-08T12:07:16.923+0000] {logging_mixin.py:151} INFO - [2026-01-08T12:07:16.922+0000] {dagbag.py:539} INFO - Filling up the DagBag from /opt/airflow/dags/ingest_local_folder_dag.py
[2026-01-08T12:07:17.084+0000] {processor.py:839} INFO - DAG(s) dict_keys(['ingestionDAG']) retrieved from /opt/airflow/dags/ingest_local_folder_dag.py
[2026-01-08T12:07:17.113+0000] {logging_mixin.py:151} INFO - [2026-01-08T12:07:17.113+0000] {dag.py:2915} INFO - Sync 1 DAGs
[2026-01-08T12:07:17.139+0000] {logging_mixin.py:151} INFO - [2026-01-08T12:07:17.138+0000] {dag.py:3696} INFO - Setting next_dagrun for ingestionDAG to 2026-01-08T12:06:47.138742+00:00, run_after=2026-01-08T12:07:17.138742+00:00
[2026-01-08T12:07:17.168+0000] {processor.py:179} INFO - Processing /opt/airflow/dags/ingest_local_folder_dag.py took 0.251 seconds
[2026-01-08T12:07:47.376+0000] {processor.py:157} INFO - Started process (PID=6306) to work on /opt/airflow/dags/ingest_local_folder_dag.py
[2026-01-08T12:07:47.377+0000] {processor.py:829} INFO - Processing file /opt/airflow/dags/ingest_local_folder_dag.py for tasks to queue
[2026-01-08T12:07:47.379+0000] {logging_mixin.py:151} INFO - [2026-01-08T12:07:47.378+0000] {dagbag.py:539} INFO - Filling up the DagBag from /opt/airflow/dags/ingest_local_folder_dag.py
[2026-01-08T12:07:47.541+0000] {processor.py:839} INFO - DAG(s) dict_keys(['ingestionDAG']) retrieved from /opt/airflow/dags/ingest_local_folder_dag.py
[2026-01-08T12:07:47.571+0000] {logging_mixin.py:151} INFO - [2026-01-08T12:07:47.571+0000] {dag.py:2915} INFO - Sync 1 DAGs
[2026-01-08T12:07:47.591+0000] {logging_mixin.py:151} INFO - [2026-01-08T12:07:47.590+0000] {dag.py:3696} INFO - Setting next_dagrun for ingestionDAG to 2026-01-08T12:07:17.590765+00:00, run_after=2026-01-08T12:07:47.590765+00:00
[2026-01-08T12:07:47.606+0000] {processor.py:179} INFO - Processing /opt/airflow/dags/ingest_local_folder_dag.py took 0.236 seconds
[2026-01-08T12:08:17.830+0000] {processor.py:157} INFO - Started process (PID=6317) to work on /opt/airflow/dags/ingest_local_folder_dag.py
[2026-01-08T12:08:17.831+0000] {processor.py:829} INFO - Processing file /opt/airflow/dags/ingest_local_folder_dag.py for tasks to queue
[2026-01-08T12:08:17.833+0000] {logging_mixin.py:151} INFO - [2026-01-08T12:08:17.832+0000] {dagbag.py:539} INFO - Filling up the DagBag from /opt/airflow/dags/ingest_local_folder_dag.py
[2026-01-08T12:08:18.017+0000] {processor.py:839} INFO - DAG(s) dict_keys(['ingestionDAG']) retrieved from /opt/airflow/dags/ingest_local_folder_dag.py
[2026-01-08T12:08:18.050+0000] {logging_mixin.py:151} INFO - [2026-01-08T12:08:18.050+0000] {dag.py:2915} INFO - Sync 1 DAGs
[2026-01-08T12:08:18.072+0000] {logging_mixin.py:151} INFO - [2026-01-08T12:08:18.072+0000] {dag.py:3696} INFO - Setting next_dagrun for ingestionDAG to 2026-01-08T12:07:48.072510+00:00, run_after=2026-01-08T12:08:18.072510+00:00
[2026-01-08T12:08:18.090+0000] {processor.py:179} INFO - Processing /opt/airflow/dags/ingest_local_folder_dag.py took 0.268 seconds
[2026-01-08T12:08:48.270+0000] {processor.py:157} INFO - Started process (PID=6331) to work on /opt/airflow/dags/ingest_local_folder_dag.py
[2026-01-08T12:08:48.270+0000] {processor.py:829} INFO - Processing file /opt/airflow/dags/ingest_local_folder_dag.py for tasks to queue
[2026-01-08T12:08:48.271+0000] {logging_mixin.py:151} INFO - [2026-01-08T12:08:48.271+0000] {dagbag.py:539} INFO - Filling up the DagBag from /opt/airflow/dags/ingest_local_folder_dag.py
[2026-01-08T12:08:48.436+0000] {processor.py:839} INFO - DAG(s) dict_keys(['ingestionDAG']) retrieved from /opt/airflow/dags/ingest_local_folder_dag.py
[2026-01-08T12:08:48.466+0000] {logging_mixin.py:151} INFO - [2026-01-08T12:08:48.465+0000] {dag.py:2915} INFO - Sync 1 DAGs
[2026-01-08T12:08:48.487+0000] {logging_mixin.py:151} INFO - [2026-01-08T12:08:48.487+0000] {dag.py:3696} INFO - Setting next_dagrun for ingestionDAG to 2026-01-08T12:08:18.487280+00:00, run_after=2026-01-08T12:08:48.487280+00:00
[2026-01-08T12:08:48.504+0000] {processor.py:179} INFO - Processing /opt/airflow/dags/ingest_local_folder_dag.py took 0.238 seconds
[2026-01-08T12:09:18.718+0000] {processor.py:157} INFO - Started process (PID=6345) to work on /opt/airflow/dags/ingest_local_folder_dag.py
[2026-01-08T12:09:18.720+0000] {processor.py:829} INFO - Processing file /opt/airflow/dags/ingest_local_folder_dag.py for tasks to queue
[2026-01-08T12:09:18.723+0000] {logging_mixin.py:151} INFO - [2026-01-08T12:09:18.721+0000] {dagbag.py:539} INFO - Filling up the DagBag from /opt/airflow/dags/ingest_local_folder_dag.py
[2026-01-08T12:09:18.900+0000] {processor.py:839} INFO - DAG(s) dict_keys(['ingestionDAG']) retrieved from /opt/airflow/dags/ingest_local_folder_dag.py
[2026-01-08T12:09:18.928+0000] {logging_mixin.py:151} INFO - [2026-01-08T12:09:18.928+0000] {dag.py:2915} INFO - Sync 1 DAGs
[2026-01-08T12:09:18.946+0000] {logging_mixin.py:151} INFO - [2026-01-08T12:09:18.946+0000] {dag.py:3696} INFO - Setting next_dagrun for ingestionDAG to 2026-01-08T12:08:48.946326+00:00, run_after=2026-01-08T12:09:18.946326+00:00
[2026-01-08T12:09:18.962+0000] {processor.py:179} INFO - Processing /opt/airflow/dags/ingest_local_folder_dag.py took 0.254 seconds
[2026-01-08T12:09:49.168+0000] {processor.py:157} INFO - Started process (PID=6356) to work on /opt/airflow/dags/ingest_local_folder_dag.py
[2026-01-08T12:09:49.169+0000] {processor.py:829} INFO - Processing file /opt/airflow/dags/ingest_local_folder_dag.py for tasks to queue
[2026-01-08T12:09:49.170+0000] {logging_mixin.py:151} INFO - [2026-01-08T12:09:49.170+0000] {dagbag.py:539} INFO - Filling up the DagBag from /opt/airflow/dags/ingest_local_folder_dag.py
[2026-01-08T12:09:49.330+0000] {processor.py:839} INFO - DAG(s) dict_keys(['ingestionDAG']) retrieved from /opt/airflow/dags/ingest_local_folder_dag.py
[2026-01-08T12:09:49.358+0000] {logging_mixin.py:151} INFO - [2026-01-08T12:09:49.358+0000] {dag.py:2915} INFO - Sync 1 DAGs
[2026-01-08T12:09:49.378+0000] {logging_mixin.py:151} INFO - [2026-01-08T12:09:49.378+0000] {dag.py:3696} INFO - Setting next_dagrun for ingestionDAG to 2026-01-08T12:09:19.377858+00:00, run_after=2026-01-08T12:09:49.377858+00:00
[2026-01-08T12:09:49.392+0000] {processor.py:179} INFO - Processing /opt/airflow/dags/ingest_local_folder_dag.py took 0.227 seconds
[2026-01-08T12:10:19.580+0000] {processor.py:157} INFO - Started process (PID=6370) to work on /opt/airflow/dags/ingest_local_folder_dag.py
[2026-01-08T12:10:19.581+0000] {processor.py:829} INFO - Processing file /opt/airflow/dags/ingest_local_folder_dag.py for tasks to queue
[2026-01-08T12:10:19.582+0000] {logging_mixin.py:151} INFO - [2026-01-08T12:10:19.582+0000] {dagbag.py:539} INFO - Filling up the DagBag from /opt/airflow/dags/ingest_local_folder_dag.py
[2026-01-08T12:10:19.743+0000] {processor.py:839} INFO - DAG(s) dict_keys(['ingestionDAG']) retrieved from /opt/airflow/dags/ingest_local_folder_dag.py
[2026-01-08T12:10:19.772+0000] {logging_mixin.py:151} INFO - [2026-01-08T12:10:19.772+0000] {dag.py:2915} INFO - Sync 1 DAGs
[2026-01-08T12:10:19.791+0000] {logging_mixin.py:151} INFO - [2026-01-08T12:10:19.791+0000] {dag.py:3696} INFO - Setting next_dagrun for ingestionDAG to 2026-01-08T12:09:49.791056+00:00, run_after=2026-01-08T12:10:19.791056+00:00
[2026-01-08T12:10:19.805+0000] {processor.py:179} INFO - Processing /opt/airflow/dags/ingest_local_folder_dag.py took 0.228 seconds
[2026-01-08T12:10:50.020+0000] {processor.py:157} INFO - Started process (PID=6384) to work on /opt/airflow/dags/ingest_local_folder_dag.py
[2026-01-08T12:10:50.021+0000] {processor.py:829} INFO - Processing file /opt/airflow/dags/ingest_local_folder_dag.py for tasks to queue
[2026-01-08T12:10:50.022+0000] {logging_mixin.py:151} INFO - [2026-01-08T12:10:50.022+0000] {dagbag.py:539} INFO - Filling up the DagBag from /opt/airflow/dags/ingest_local_folder_dag.py
[2026-01-08T12:10:50.184+0000] {processor.py:839} INFO - DAG(s) dict_keys(['ingestionDAG']) retrieved from /opt/airflow/dags/ingest_local_folder_dag.py
[2026-01-08T12:10:50.212+0000] {logging_mixin.py:151} INFO - [2026-01-08T12:10:50.212+0000] {dag.py:2915} INFO - Sync 1 DAGs
[2026-01-08T12:10:50.231+0000] {logging_mixin.py:151} INFO - [2026-01-08T12:10:50.231+0000] {dag.py:3696} INFO - Setting next_dagrun for ingestionDAG to 2026-01-08T12:10:20.230916+00:00, run_after=2026-01-08T12:10:50.230916+00:00
[2026-01-08T12:10:50.244+0000] {processor.py:179} INFO - Processing /opt/airflow/dags/ingest_local_folder_dag.py took 0.229 seconds
[2026-01-08T12:11:20.439+0000] {processor.py:157} INFO - Started process (PID=6395) to work on /opt/airflow/dags/ingest_local_folder_dag.py
[2026-01-08T12:11:20.440+0000] {processor.py:829} INFO - Processing file /opt/airflow/dags/ingest_local_folder_dag.py for tasks to queue
[2026-01-08T12:11:20.441+0000] {logging_mixin.py:151} INFO - [2026-01-08T12:11:20.440+0000] {dagbag.py:539} INFO - Filling up the DagBag from /opt/airflow/dags/ingest_local_folder_dag.py
[2026-01-08T12:11:20.599+0000] {processor.py:839} INFO - DAG(s) dict_keys(['ingestionDAG']) retrieved from /opt/airflow/dags/ingest_local_folder_dag.py
[2026-01-08T12:11:20.627+0000] {logging_mixin.py:151} INFO - [2026-01-08T12:11:20.627+0000] {dag.py:2915} INFO - Sync 1 DAGs
[2026-01-08T12:11:20.645+0000] {logging_mixin.py:151} INFO - [2026-01-08T12:11:20.645+0000] {dag.py:3696} INFO - Setting next_dagrun for ingestionDAG to 2026-01-08T12:10:50.645020+00:00, run_after=2026-01-08T12:11:20.645020+00:00
[2026-01-08T12:11:20.658+0000] {processor.py:179} INFO - Processing /opt/airflow/dags/ingest_local_folder_dag.py took 0.223 seconds
[2026-01-08T12:11:50.862+0000] {processor.py:157} INFO - Started process (PID=6409) to work on /opt/airflow/dags/ingest_local_folder_dag.py
[2026-01-08T12:11:50.863+0000] {processor.py:829} INFO - Processing file /opt/airflow/dags/ingest_local_folder_dag.py for tasks to queue
[2026-01-08T12:11:50.864+0000] {logging_mixin.py:151} INFO - [2026-01-08T12:11:50.864+0000] {dagbag.py:539} INFO - Filling up the DagBag from /opt/airflow/dags/ingest_local_folder_dag.py
[2026-01-08T12:11:51.022+0000] {processor.py:839} INFO - DAG(s) dict_keys(['ingestionDAG']) retrieved from /opt/airflow/dags/ingest_local_folder_dag.py
[2026-01-08T12:11:51.049+0000] {logging_mixin.py:151} INFO - [2026-01-08T12:11:51.049+0000] {dag.py:2915} INFO - Sync 1 DAGs
[2026-01-08T12:11:51.067+0000] {logging_mixin.py:151} INFO - [2026-01-08T12:11:51.067+0000] {dag.py:3696} INFO - Setting next_dagrun for ingestionDAG to 2026-01-08T12:11:21.066892+00:00, run_after=2026-01-08T12:11:51.066892+00:00
[2026-01-08T12:11:51.085+0000] {processor.py:179} INFO - Processing /opt/airflow/dags/ingest_local_folder_dag.py took 0.226 seconds
[2026-01-08T12:12:21.297+0000] {processor.py:157} INFO - Started process (PID=6423) to work on /opt/airflow/dags/ingest_local_folder_dag.py
[2026-01-08T12:12:21.298+0000] {processor.py:829} INFO - Processing file /opt/airflow/dags/ingest_local_folder_dag.py for tasks to queue
[2026-01-08T12:12:21.299+0000] {logging_mixin.py:151} INFO - [2026-01-08T12:12:21.298+0000] {dagbag.py:539} INFO - Filling up the DagBag from /opt/airflow/dags/ingest_local_folder_dag.py
[2026-01-08T12:12:21.465+0000] {processor.py:839} INFO - DAG(s) dict_keys(['ingestionDAG']) retrieved from /opt/airflow/dags/ingest_local_folder_dag.py
[2026-01-08T12:12:21.493+0000] {logging_mixin.py:151} INFO - [2026-01-08T12:12:21.493+0000] {dag.py:2915} INFO - Sync 1 DAGs
[2026-01-08T12:12:21.513+0000] {logging_mixin.py:151} INFO - [2026-01-08T12:12:21.512+0000] {dag.py:3696} INFO - Setting next_dagrun for ingestionDAG to 2026-01-08T12:11:51.512758+00:00, run_after=2026-01-08T12:12:21.512758+00:00
[2026-01-08T12:12:21.551+0000] {processor.py:179} INFO - Processing /opt/airflow/dags/ingest_local_folder_dag.py took 0.257 seconds
[2026-01-08T12:12:51.772+0000] {processor.py:157} INFO - Started process (PID=6434) to work on /opt/airflow/dags/ingest_local_folder_dag.py
[2026-01-08T12:12:51.773+0000] {processor.py:829} INFO - Processing file /opt/airflow/dags/ingest_local_folder_dag.py for tasks to queue
[2026-01-08T12:12:51.774+0000] {logging_mixin.py:151} INFO - [2026-01-08T12:12:51.774+0000] {dagbag.py:539} INFO - Filling up the DagBag from /opt/airflow/dags/ingest_local_folder_dag.py
[2026-01-08T12:12:51.931+0000] {processor.py:839} INFO - DAG(s) dict_keys(['ingestionDAG']) retrieved from /opt/airflow/dags/ingest_local_folder_dag.py
[2026-01-08T12:12:51.959+0000] {logging_mixin.py:151} INFO - [2026-01-08T12:12:51.959+0000] {dag.py:2915} INFO - Sync 1 DAGs
[2026-01-08T12:12:51.979+0000] {logging_mixin.py:151} INFO - [2026-01-08T12:12:51.979+0000] {dag.py:3696} INFO - Setting next_dagrun for ingestionDAG to 2026-01-08T12:12:21.979182+00:00, run_after=2026-01-08T12:12:51.979182+00:00
[2026-01-08T12:12:52.005+0000] {processor.py:179} INFO - Processing /opt/airflow/dags/ingest_local_folder_dag.py took 0.236 seconds
[2026-01-08T12:13:22.200+0000] {processor.py:157} INFO - Started process (PID=6448) to work on /opt/airflow/dags/ingest_local_folder_dag.py
[2026-01-08T12:13:22.201+0000] {processor.py:829} INFO - Processing file /opt/airflow/dags/ingest_local_folder_dag.py for tasks to queue
[2026-01-08T12:13:22.201+0000] {logging_mixin.py:151} INFO - [2026-01-08T12:13:22.201+0000] {dagbag.py:539} INFO - Filling up the DagBag from /opt/airflow/dags/ingest_local_folder_dag.py
[2026-01-08T12:13:22.357+0000] {processor.py:839} INFO - DAG(s) dict_keys(['ingestionDAG']) retrieved from /opt/airflow/dags/ingest_local_folder_dag.py
[2026-01-08T12:13:22.387+0000] {logging_mixin.py:151} INFO - [2026-01-08T12:13:22.386+0000] {dag.py:2915} INFO - Sync 1 DAGs
[2026-01-08T12:13:22.405+0000] {logging_mixin.py:151} INFO - [2026-01-08T12:13:22.405+0000] {dag.py:3696} INFO - Setting next_dagrun for ingestionDAG to 2026-01-08T12:12:52.404851+00:00, run_after=2026-01-08T12:13:22.404851+00:00
[2026-01-08T12:13:22.419+0000] {processor.py:179} INFO - Processing /opt/airflow/dags/ingest_local_folder_dag.py took 0.223 seconds
[2026-01-08T12:13:52.623+0000] {processor.py:157} INFO - Started process (PID=6462) to work on /opt/airflow/dags/ingest_local_folder_dag.py
[2026-01-08T12:13:52.624+0000] {processor.py:829} INFO - Processing file /opt/airflow/dags/ingest_local_folder_dag.py for tasks to queue
[2026-01-08T12:13:52.625+0000] {logging_mixin.py:151} INFO - [2026-01-08T12:13:52.624+0000] {dagbag.py:539} INFO - Filling up the DagBag from /opt/airflow/dags/ingest_local_folder_dag.py
[2026-01-08T12:13:52.785+0000] {processor.py:839} INFO - DAG(s) dict_keys(['ingestionDAG']) retrieved from /opt/airflow/dags/ingest_local_folder_dag.py
[2026-01-08T12:13:52.813+0000] {logging_mixin.py:151} INFO - [2026-01-08T12:13:52.813+0000] {dag.py:2915} INFO - Sync 1 DAGs
[2026-01-08T12:13:52.831+0000] {logging_mixin.py:151} INFO - [2026-01-08T12:13:52.831+0000] {dag.py:3696} INFO - Setting next_dagrun for ingestionDAG to 2026-01-08T12:13:22.831555+00:00, run_after=2026-01-08T12:13:52.831555+00:00
[2026-01-08T12:13:52.845+0000] {processor.py:179} INFO - Processing /opt/airflow/dags/ingest_local_folder_dag.py took 0.226 seconds
[2026-01-08T12:14:23.054+0000] {processor.py:157} INFO - Started process (PID=6473) to work on /opt/airflow/dags/ingest_local_folder_dag.py
[2026-01-08T12:14:23.055+0000] {processor.py:829} INFO - Processing file /opt/airflow/dags/ingest_local_folder_dag.py for tasks to queue
[2026-01-08T12:14:23.055+0000] {logging_mixin.py:151} INFO - [2026-01-08T12:14:23.055+0000] {dagbag.py:539} INFO - Filling up the DagBag from /opt/airflow/dags/ingest_local_folder_dag.py
[2026-01-08T12:14:23.214+0000] {processor.py:839} INFO - DAG(s) dict_keys(['ingestionDAG']) retrieved from /opt/airflow/dags/ingest_local_folder_dag.py
[2026-01-08T12:14:23.244+0000] {logging_mixin.py:151} INFO - [2026-01-08T12:14:23.244+0000] {dag.py:2915} INFO - Sync 1 DAGs
[2026-01-08T12:14:23.264+0000] {logging_mixin.py:151} INFO - [2026-01-08T12:14:23.263+0000] {dag.py:3696} INFO - Setting next_dagrun for ingestionDAG to 2026-01-08T12:13:53.263615+00:00, run_after=2026-01-08T12:14:23.263615+00:00
[2026-01-08T12:14:23.277+0000] {processor.py:179} INFO - Processing /opt/airflow/dags/ingest_local_folder_dag.py took 0.227 seconds
[2026-01-08T12:14:53.466+0000] {processor.py:157} INFO - Started process (PID=6487) to work on /opt/airflow/dags/ingest_local_folder_dag.py
[2026-01-08T12:14:53.467+0000] {processor.py:829} INFO - Processing file /opt/airflow/dags/ingest_local_folder_dag.py for tasks to queue
[2026-01-08T12:14:53.468+0000] {logging_mixin.py:151} INFO - [2026-01-08T12:14:53.467+0000] {dagbag.py:539} INFO - Filling up the DagBag from /opt/airflow/dags/ingest_local_folder_dag.py
[2026-01-08T12:14:53.630+0000] {processor.py:839} INFO - DAG(s) dict_keys(['ingestionDAG']) retrieved from /opt/airflow/dags/ingest_local_folder_dag.py
[2026-01-08T12:14:53.659+0000] {logging_mixin.py:151} INFO - [2026-01-08T12:14:53.659+0000] {dag.py:2915} INFO - Sync 1 DAGs
[2026-01-08T12:14:53.677+0000] {logging_mixin.py:151} INFO - [2026-01-08T12:14:53.677+0000] {dag.py:3696} INFO - Setting next_dagrun for ingestionDAG to 2026-01-08T12:14:23.677111+00:00, run_after=2026-01-08T12:14:53.677111+00:00
[2026-01-08T12:14:53.693+0000] {processor.py:179} INFO - Processing /opt/airflow/dags/ingest_local_folder_dag.py took 0.231 seconds
[2026-01-08T12:15:23.913+0000] {processor.py:157} INFO - Started process (PID=6501) to work on /opt/airflow/dags/ingest_local_folder_dag.py
[2026-01-08T12:15:23.915+0000] {processor.py:829} INFO - Processing file /opt/airflow/dags/ingest_local_folder_dag.py for tasks to queue
[2026-01-08T12:15:23.917+0000] {logging_mixin.py:151} INFO - [2026-01-08T12:15:23.916+0000] {dagbag.py:539} INFO - Filling up the DagBag from /opt/airflow/dags/ingest_local_folder_dag.py
[2026-01-08T12:15:24.082+0000] {processor.py:839} INFO - DAG(s) dict_keys(['ingestionDAG']) retrieved from /opt/airflow/dags/ingest_local_folder_dag.py
[2026-01-08T12:15:24.110+0000] {logging_mixin.py:151} INFO - [2026-01-08T12:15:24.109+0000] {dag.py:2915} INFO - Sync 1 DAGs
[2026-01-08T12:15:24.129+0000] {logging_mixin.py:151} INFO - [2026-01-08T12:15:24.129+0000] {dag.py:3696} INFO - Setting next_dagrun for ingestionDAG to 2026-01-08T12:14:54.129007+00:00, run_after=2026-01-08T12:15:24.129007+00:00
[2026-01-08T12:15:24.148+0000] {processor.py:179} INFO - Processing /opt/airflow/dags/ingest_local_folder_dag.py took 0.247 seconds
[2026-01-08T12:15:54.365+0000] {processor.py:157} INFO - Started process (PID=6512) to work on /opt/airflow/dags/ingest_local_folder_dag.py
[2026-01-08T12:15:54.366+0000] {processor.py:829} INFO - Processing file /opt/airflow/dags/ingest_local_folder_dag.py for tasks to queue
[2026-01-08T12:15:54.367+0000] {logging_mixin.py:151} INFO - [2026-01-08T12:15:54.366+0000] {dagbag.py:539} INFO - Filling up the DagBag from /opt/airflow/dags/ingest_local_folder_dag.py
[2026-01-08T12:15:54.526+0000] {processor.py:839} INFO - DAG(s) dict_keys(['ingestionDAG']) retrieved from /opt/airflow/dags/ingest_local_folder_dag.py
[2026-01-08T12:15:54.553+0000] {logging_mixin.py:151} INFO - [2026-01-08T12:15:54.553+0000] {dag.py:2915} INFO - Sync 1 DAGs
[2026-01-08T12:15:54.572+0000] {logging_mixin.py:151} INFO - [2026-01-08T12:15:54.571+0000] {dag.py:3696} INFO - Setting next_dagrun for ingestionDAG to 2026-01-08T12:15:24.571692+00:00, run_after=2026-01-08T12:15:54.571692+00:00
[2026-01-08T12:15:54.586+0000] {processor.py:179} INFO - Processing /opt/airflow/dags/ingest_local_folder_dag.py took 0.225 seconds
[2026-01-08T12:16:24.779+0000] {processor.py:157} INFO - Started process (PID=6526) to work on /opt/airflow/dags/ingest_local_folder_dag.py
[2026-01-08T12:16:24.780+0000] {processor.py:829} INFO - Processing file /opt/airflow/dags/ingest_local_folder_dag.py for tasks to queue
[2026-01-08T12:16:24.780+0000] {logging_mixin.py:151} INFO - [2026-01-08T12:16:24.780+0000] {dagbag.py:539} INFO - Filling up the DagBag from /opt/airflow/dags/ingest_local_folder_dag.py
[2026-01-08T12:16:24.939+0000] {processor.py:839} INFO - DAG(s) dict_keys(['ingestionDAG']) retrieved from /opt/airflow/dags/ingest_local_folder_dag.py
[2026-01-08T12:16:24.967+0000] {logging_mixin.py:151} INFO - [2026-01-08T12:16:24.967+0000] {dag.py:2915} INFO - Sync 1 DAGs
[2026-01-08T12:16:24.986+0000] {logging_mixin.py:151} INFO - [2026-01-08T12:16:24.986+0000] {dag.py:3696} INFO - Setting next_dagrun for ingestionDAG to 2026-01-08T12:15:54.986318+00:00, run_after=2026-01-08T12:16:24.986318+00:00
[2026-01-08T12:16:25.001+0000] {processor.py:179} INFO - Processing /opt/airflow/dags/ingest_local_folder_dag.py took 0.226 seconds
[2026-01-08T12:16:55.198+0000] {processor.py:157} INFO - Started process (PID=6540) to work on /opt/airflow/dags/ingest_local_folder_dag.py
[2026-01-08T12:16:55.199+0000] {processor.py:829} INFO - Processing file /opt/airflow/dags/ingest_local_folder_dag.py for tasks to queue
[2026-01-08T12:16:55.200+0000] {logging_mixin.py:151} INFO - [2026-01-08T12:16:55.200+0000] {dagbag.py:539} INFO - Filling up the DagBag from /opt/airflow/dags/ingest_local_folder_dag.py
[2026-01-08T12:16:55.360+0000] {processor.py:839} INFO - DAG(s) dict_keys(['ingestionDAG']) retrieved from /opt/airflow/dags/ingest_local_folder_dag.py
[2026-01-08T12:16:55.390+0000] {logging_mixin.py:151} INFO - [2026-01-08T12:16:55.390+0000] {dag.py:2915} INFO - Sync 1 DAGs
[2026-01-08T12:16:55.408+0000] {logging_mixin.py:151} INFO - [2026-01-08T12:16:55.408+0000] {dag.py:3696} INFO - Setting next_dagrun for ingestionDAG to 2026-01-08T12:16:25.408373+00:00, run_after=2026-01-08T12:16:55.408373+00:00
[2026-01-08T12:16:55.422+0000] {processor.py:179} INFO - Processing /opt/airflow/dags/ingest_local_folder_dag.py took 0.229 seconds
[2026-01-08T12:17:25.609+0000] {processor.py:157} INFO - Started process (PID=6551) to work on /opt/airflow/dags/ingest_local_folder_dag.py
[2026-01-08T12:17:25.609+0000] {processor.py:829} INFO - Processing file /opt/airflow/dags/ingest_local_folder_dag.py for tasks to queue
[2026-01-08T12:17:25.610+0000] {logging_mixin.py:151} INFO - [2026-01-08T12:17:25.610+0000] {dagbag.py:539} INFO - Filling up the DagBag from /opt/airflow/dags/ingest_local_folder_dag.py
[2026-01-08T12:17:25.771+0000] {processor.py:839} INFO - DAG(s) dict_keys(['ingestionDAG']) retrieved from /opt/airflow/dags/ingest_local_folder_dag.py
[2026-01-08T12:17:25.800+0000] {logging_mixin.py:151} INFO - [2026-01-08T12:17:25.800+0000] {dag.py:2915} INFO - Sync 1 DAGs
[2026-01-08T12:17:25.818+0000] {logging_mixin.py:151} INFO - [2026-01-08T12:17:25.818+0000] {dag.py:3696} INFO - Setting next_dagrun for ingestionDAG to 2026-01-08T12:16:55.818209+00:00, run_after=2026-01-08T12:17:25.818209+00:00
[2026-01-08T12:17:25.833+0000] {processor.py:179} INFO - Processing /opt/airflow/dags/ingest_local_folder_dag.py took 0.227 seconds
[2026-01-08T12:17:56.023+0000] {processor.py:157} INFO - Started process (PID=6565) to work on /opt/airflow/dags/ingest_local_folder_dag.py
[2026-01-08T12:17:56.024+0000] {processor.py:829} INFO - Processing file /opt/airflow/dags/ingest_local_folder_dag.py for tasks to queue
[2026-01-08T12:17:56.025+0000] {logging_mixin.py:151} INFO - [2026-01-08T12:17:56.025+0000] {dagbag.py:539} INFO - Filling up the DagBag from /opt/airflow/dags/ingest_local_folder_dag.py
[2026-01-08T12:17:56.190+0000] {processor.py:839} INFO - DAG(s) dict_keys(['ingestionDAG']) retrieved from /opt/airflow/dags/ingest_local_folder_dag.py
[2026-01-08T12:17:56.218+0000] {logging_mixin.py:151} INFO - [2026-01-08T12:17:56.218+0000] {dag.py:2915} INFO - Sync 1 DAGs
[2026-01-08T12:17:56.238+0000] {logging_mixin.py:151} INFO - [2026-01-08T12:17:56.238+0000] {dag.py:3696} INFO - Setting next_dagrun for ingestionDAG to 2026-01-08T12:17:26.238526+00:00, run_after=2026-01-08T12:17:56.238526+00:00
[2026-01-08T12:17:56.254+0000] {processor.py:179} INFO - Processing /opt/airflow/dags/ingest_local_folder_dag.py took 0.234 seconds
[2026-01-08T12:18:26.465+0000] {processor.py:157} INFO - Started process (PID=6579) to work on /opt/airflow/dags/ingest_local_folder_dag.py
[2026-01-08T12:18:26.467+0000] {processor.py:829} INFO - Processing file /opt/airflow/dags/ingest_local_folder_dag.py for tasks to queue
[2026-01-08T12:18:26.470+0000] {logging_mixin.py:151} INFO - [2026-01-08T12:18:26.469+0000] {dagbag.py:539} INFO - Filling up the DagBag from /opt/airflow/dags/ingest_local_folder_dag.py
[2026-01-08T12:18:26.637+0000] {processor.py:839} INFO - DAG(s) dict_keys(['ingestionDAG']) retrieved from /opt/airflow/dags/ingest_local_folder_dag.py
[2026-01-08T12:18:26.667+0000] {logging_mixin.py:151} INFO - [2026-01-08T12:18:26.667+0000] {dag.py:2915} INFO - Sync 1 DAGs
[2026-01-08T12:18:26.686+0000] {logging_mixin.py:151} INFO - [2026-01-08T12:18:26.686+0000] {dag.py:3696} INFO - Setting next_dagrun for ingestionDAG to 2026-01-08T12:17:56.686152+00:00, run_after=2026-01-08T12:18:26.686152+00:00
[2026-01-08T12:18:26.700+0000] {processor.py:179} INFO - Processing /opt/airflow/dags/ingest_local_folder_dag.py took 0.247 seconds
[2026-01-08T12:18:56.920+0000] {processor.py:157} INFO - Started process (PID=6590) to work on /opt/airflow/dags/ingest_local_folder_dag.py
[2026-01-08T12:18:56.921+0000] {processor.py:829} INFO - Processing file /opt/airflow/dags/ingest_local_folder_dag.py for tasks to queue
[2026-01-08T12:18:56.922+0000] {logging_mixin.py:151} INFO - [2026-01-08T12:18:56.921+0000] {dagbag.py:539} INFO - Filling up the DagBag from /opt/airflow/dags/ingest_local_folder_dag.py
[2026-01-08T12:18:57.087+0000] {processor.py:839} INFO - DAG(s) dict_keys(['ingestionDAG']) retrieved from /opt/airflow/dags/ingest_local_folder_dag.py
[2026-01-08T12:18:57.117+0000] {logging_mixin.py:151} INFO - [2026-01-08T12:18:57.117+0000] {dag.py:2915} INFO - Sync 1 DAGs
[2026-01-08T12:18:57.135+0000] {logging_mixin.py:151} INFO - [2026-01-08T12:18:57.135+0000] {dag.py:3696} INFO - Setting next_dagrun for ingestionDAG to 2026-01-08T12:18:27.135605+00:00, run_after=2026-01-08T12:18:57.135605+00:00
[2026-01-08T12:18:57.149+0000] {processor.py:179} INFO - Processing /opt/airflow/dags/ingest_local_folder_dag.py took 0.233 seconds
[2026-01-08T12:19:27.335+0000] {processor.py:157} INFO - Started process (PID=6604) to work on /opt/airflow/dags/ingest_local_folder_dag.py
[2026-01-08T12:19:27.336+0000] {processor.py:829} INFO - Processing file /opt/airflow/dags/ingest_local_folder_dag.py for tasks to queue
[2026-01-08T12:19:27.336+0000] {logging_mixin.py:151} INFO - [2026-01-08T12:19:27.336+0000] {dagbag.py:539} INFO - Filling up the DagBag from /opt/airflow/dags/ingest_local_folder_dag.py
[2026-01-08T12:19:27.494+0000] {processor.py:839} INFO - DAG(s) dict_keys(['ingestionDAG']) retrieved from /opt/airflow/dags/ingest_local_folder_dag.py
[2026-01-08T12:19:27.522+0000] {logging_mixin.py:151} INFO - [2026-01-08T12:19:27.521+0000] {dag.py:2915} INFO - Sync 1 DAGs
[2026-01-08T12:19:27.539+0000] {logging_mixin.py:151} INFO - [2026-01-08T12:19:27.539+0000] {dag.py:3696} INFO - Setting next_dagrun for ingestionDAG to 2026-01-08T12:18:57.539086+00:00, run_after=2026-01-08T12:19:27.539086+00:00
[2026-01-08T12:19:27.552+0000] {processor.py:179} INFO - Processing /opt/airflow/dags/ingest_local_folder_dag.py took 0.221 seconds
[2026-01-08T12:19:57.754+0000] {processor.py:157} INFO - Started process (PID=6618) to work on /opt/airflow/dags/ingest_local_folder_dag.py
[2026-01-08T12:19:57.755+0000] {processor.py:829} INFO - Processing file /opt/airflow/dags/ingest_local_folder_dag.py for tasks to queue
[2026-01-08T12:19:57.755+0000] {logging_mixin.py:151} INFO - [2026-01-08T12:19:57.755+0000] {dagbag.py:539} INFO - Filling up the DagBag from /opt/airflow/dags/ingest_local_folder_dag.py
[2026-01-08T12:19:57.913+0000] {processor.py:839} INFO - DAG(s) dict_keys(['ingestionDAG']) retrieved from /opt/airflow/dags/ingest_local_folder_dag.py
[2026-01-08T12:19:57.941+0000] {logging_mixin.py:151} INFO - [2026-01-08T12:19:57.941+0000] {dag.py:2915} INFO - Sync 1 DAGs
[2026-01-08T12:19:57.960+0000] {logging_mixin.py:151} INFO - [2026-01-08T12:19:57.960+0000] {dag.py:3696} INFO - Setting next_dagrun for ingestionDAG to 2026-01-08T12:19:27.959957+00:00, run_after=2026-01-08T12:19:57.959957+00:00
[2026-01-08T12:19:57.974+0000] {processor.py:179} INFO - Processing /opt/airflow/dags/ingest_local_folder_dag.py took 0.224 seconds
[2026-01-08T12:20:28.177+0000] {processor.py:157} INFO - Started process (PID=6629) to work on /opt/airflow/dags/ingest_local_folder_dag.py
[2026-01-08T12:20:28.178+0000] {processor.py:829} INFO - Processing file /opt/airflow/dags/ingest_local_folder_dag.py for tasks to queue
[2026-01-08T12:20:28.178+0000] {logging_mixin.py:151} INFO - [2026-01-08T12:20:28.178+0000] {dagbag.py:539} INFO - Filling up the DagBag from /opt/airflow/dags/ingest_local_folder_dag.py
[2026-01-08T12:20:28.336+0000] {processor.py:839} INFO - DAG(s) dict_keys(['ingestionDAG']) retrieved from /opt/airflow/dags/ingest_local_folder_dag.py
[2026-01-08T12:20:28.364+0000] {logging_mixin.py:151} INFO - [2026-01-08T12:20:28.363+0000] {dag.py:2915} INFO - Sync 1 DAGs
[2026-01-08T12:20:28.382+0000] {logging_mixin.py:151} INFO - [2026-01-08T12:20:28.382+0000] {dag.py:3696} INFO - Setting next_dagrun for ingestionDAG to 2026-01-08T12:19:58.382188+00:00, run_after=2026-01-08T12:20:28.382188+00:00
[2026-01-08T12:20:28.397+0000] {processor.py:179} INFO - Processing /opt/airflow/dags/ingest_local_folder_dag.py took 0.224 seconds
[2026-01-08T12:20:58.587+0000] {processor.py:157} INFO - Started process (PID=6643) to work on /opt/airflow/dags/ingest_local_folder_dag.py
[2026-01-08T12:20:58.588+0000] {processor.py:829} INFO - Processing file /opt/airflow/dags/ingest_local_folder_dag.py for tasks to queue
[2026-01-08T12:20:58.589+0000] {logging_mixin.py:151} INFO - [2026-01-08T12:20:58.589+0000] {dagbag.py:539} INFO - Filling up the DagBag from /opt/airflow/dags/ingest_local_folder_dag.py
[2026-01-08T12:20:58.745+0000] {processor.py:839} INFO - DAG(s) dict_keys(['ingestionDAG']) retrieved from /opt/airflow/dags/ingest_local_folder_dag.py
[2026-01-08T12:20:58.773+0000] {logging_mixin.py:151} INFO - [2026-01-08T12:20:58.773+0000] {dag.py:2915} INFO - Sync 1 DAGs
[2026-01-08T12:20:58.793+0000] {logging_mixin.py:151} INFO - [2026-01-08T12:20:58.793+0000] {dag.py:3696} INFO - Setting next_dagrun for ingestionDAG to 2026-01-08T12:20:28.792866+00:00, run_after=2026-01-08T12:20:58.792866+00:00
[2026-01-08T12:20:58.807+0000] {processor.py:179} INFO - Processing /opt/airflow/dags/ingest_local_folder_dag.py took 0.223 seconds
[2026-01-08T12:21:28.995+0000] {processor.py:157} INFO - Started process (PID=6657) to work on /opt/airflow/dags/ingest_local_folder_dag.py
[2026-01-08T12:21:28.996+0000] {processor.py:829} INFO - Processing file /opt/airflow/dags/ingest_local_folder_dag.py for tasks to queue
[2026-01-08T12:21:28.996+0000] {logging_mixin.py:151} INFO - [2026-01-08T12:21:28.996+0000] {dagbag.py:539} INFO - Filling up the DagBag from /opt/airflow/dags/ingest_local_folder_dag.py
[2026-01-08T12:21:29.157+0000] {processor.py:839} INFO - DAG(s) dict_keys(['ingestionDAG']) retrieved from /opt/airflow/dags/ingest_local_folder_dag.py
[2026-01-08T12:21:29.186+0000] {logging_mixin.py:151} INFO - [2026-01-08T12:21:29.185+0000] {dag.py:2915} INFO - Sync 1 DAGs
[2026-01-08T12:21:29.205+0000] {logging_mixin.py:151} INFO - [2026-01-08T12:21:29.205+0000] {dag.py:3696} INFO - Setting next_dagrun for ingestionDAG to 2026-01-08T12:20:59.205129+00:00, run_after=2026-01-08T12:21:29.205129+00:00
[2026-01-08T12:21:29.219+0000] {processor.py:179} INFO - Processing /opt/airflow/dags/ingest_local_folder_dag.py took 0.228 seconds
[2026-01-08T12:21:59.406+0000] {processor.py:157} INFO - Started process (PID=6669) to work on /opt/airflow/dags/ingest_local_folder_dag.py
[2026-01-08T12:21:59.407+0000] {processor.py:829} INFO - Processing file /opt/airflow/dags/ingest_local_folder_dag.py for tasks to queue
[2026-01-08T12:21:59.407+0000] {logging_mixin.py:151} INFO - [2026-01-08T12:21:59.407+0000] {dagbag.py:539} INFO - Filling up the DagBag from /opt/airflow/dags/ingest_local_folder_dag.py
[2026-01-08T12:21:59.567+0000] {processor.py:839} INFO - DAG(s) dict_keys(['ingestionDAG']) retrieved from /opt/airflow/dags/ingest_local_folder_dag.py
[2026-01-08T12:21:59.597+0000] {logging_mixin.py:151} INFO - [2026-01-08T12:21:59.597+0000] {dag.py:2915} INFO - Sync 1 DAGs
[2026-01-08T12:21:59.616+0000] {logging_mixin.py:151} INFO - [2026-01-08T12:21:59.616+0000] {dag.py:3696} INFO - Setting next_dagrun for ingestionDAG to 2026-01-08T12:21:29.616044+00:00, run_after=2026-01-08T12:21:59.616044+00:00
[2026-01-08T12:21:59.631+0000] {processor.py:179} INFO - Processing /opt/airflow/dags/ingest_local_folder_dag.py took 0.228 seconds
[2026-01-08T12:22:29.843+0000] {processor.py:157} INFO - Started process (PID=6682) to work on /opt/airflow/dags/ingest_local_folder_dag.py
[2026-01-08T12:22:29.844+0000] {processor.py:829} INFO - Processing file /opt/airflow/dags/ingest_local_folder_dag.py for tasks to queue
[2026-01-08T12:22:29.844+0000] {logging_mixin.py:151} INFO - [2026-01-08T12:22:29.844+0000] {dagbag.py:539} INFO - Filling up the DagBag from /opt/airflow/dags/ingest_local_folder_dag.py
[2026-01-08T12:22:30.002+0000] {processor.py:839} INFO - DAG(s) dict_keys(['ingestionDAG']) retrieved from /opt/airflow/dags/ingest_local_folder_dag.py
[2026-01-08T12:22:30.030+0000] {logging_mixin.py:151} INFO - [2026-01-08T12:22:30.029+0000] {dag.py:2915} INFO - Sync 1 DAGs
[2026-01-08T12:22:30.047+0000] {logging_mixin.py:151} INFO - [2026-01-08T12:22:30.047+0000] {dag.py:3696} INFO - Setting next_dagrun for ingestionDAG to 2026-01-08T12:22:00.047465+00:00, run_after=2026-01-08T12:22:30.047465+00:00
[2026-01-08T12:22:30.060+0000] {processor.py:179} INFO - Processing /opt/airflow/dags/ingest_local_folder_dag.py took 0.221 seconds
[2026-01-08T12:23:00.243+0000] {processor.py:157} INFO - Started process (PID=6696) to work on /opt/airflow/dags/ingest_local_folder_dag.py
[2026-01-08T12:23:00.243+0000] {processor.py:829} INFO - Processing file /opt/airflow/dags/ingest_local_folder_dag.py for tasks to queue
[2026-01-08T12:23:00.244+0000] {logging_mixin.py:151} INFO - [2026-01-08T12:23:00.244+0000] {dagbag.py:539} INFO - Filling up the DagBag from /opt/airflow/dags/ingest_local_folder_dag.py
[2026-01-08T12:23:00.406+0000] {processor.py:839} INFO - DAG(s) dict_keys(['ingestionDAG']) retrieved from /opt/airflow/dags/ingest_local_folder_dag.py
[2026-01-08T12:23:00.434+0000] {logging_mixin.py:151} INFO - [2026-01-08T12:23:00.434+0000] {dag.py:2915} INFO - Sync 1 DAGs
[2026-01-08T12:23:00.452+0000] {logging_mixin.py:151} INFO - [2026-01-08T12:23:00.452+0000] {dag.py:3696} INFO - Setting next_dagrun for ingestionDAG to 2026-01-08T12:22:30.452441+00:00, run_after=2026-01-08T12:23:00.452441+00:00
[2026-01-08T12:23:00.466+0000] {processor.py:179} INFO - Processing /opt/airflow/dags/ingest_local_folder_dag.py took 0.227 seconds
[2026-01-08T12:23:30.661+0000] {processor.py:157} INFO - Started process (PID=6706) to work on /opt/airflow/dags/ingest_local_folder_dag.py
[2026-01-08T12:23:30.664+0000] {processor.py:829} INFO - Processing file /opt/airflow/dags/ingest_local_folder_dag.py for tasks to queue
[2026-01-08T12:23:30.666+0000] {logging_mixin.py:151} INFO - [2026-01-08T12:23:30.665+0000] {dagbag.py:539} INFO - Filling up the DagBag from /opt/airflow/dags/ingest_local_folder_dag.py
[2026-01-08T12:23:30.845+0000] {processor.py:839} INFO - DAG(s) dict_keys(['ingestionDAG']) retrieved from /opt/airflow/dags/ingest_local_folder_dag.py
[2026-01-08T12:23:30.875+0000] {logging_mixin.py:151} INFO - [2026-01-08T12:23:30.875+0000] {dag.py:2915} INFO - Sync 1 DAGs
[2026-01-08T12:23:30.895+0000] {logging_mixin.py:151} INFO - [2026-01-08T12:23:30.894+0000] {dag.py:3696} INFO - Setting next_dagrun for ingestionDAG to 2026-01-08T12:23:00.894681+00:00, run_after=2026-01-08T12:23:30.894681+00:00
[2026-01-08T12:23:30.911+0000] {processor.py:179} INFO - Processing /opt/airflow/dags/ingest_local_folder_dag.py took 0.260 seconds
[2026-01-08T12:24:01.089+0000] {processor.py:157} INFO - Started process (PID=6719) to work on /opt/airflow/dags/ingest_local_folder_dag.py
[2026-01-08T12:24:01.090+0000] {processor.py:829} INFO - Processing file /opt/airflow/dags/ingest_local_folder_dag.py for tasks to queue
[2026-01-08T12:24:01.091+0000] {logging_mixin.py:151} INFO - [2026-01-08T12:24:01.090+0000] {dagbag.py:539} INFO - Filling up the DagBag from /opt/airflow/dags/ingest_local_folder_dag.py
[2026-01-08T12:24:01.253+0000] {processor.py:839} INFO - DAG(s) dict_keys(['ingestionDAG']) retrieved from /opt/airflow/dags/ingest_local_folder_dag.py
[2026-01-08T12:24:01.283+0000] {logging_mixin.py:151} INFO - [2026-01-08T12:24:01.283+0000] {dag.py:2915} INFO - Sync 1 DAGs
[2026-01-08T12:24:01.304+0000] {logging_mixin.py:151} INFO - [2026-01-08T12:24:01.304+0000] {dag.py:3696} INFO - Setting next_dagrun for ingestionDAG to 2026-01-08T12:23:31.304414+00:00, run_after=2026-01-08T12:24:01.304414+00:00
[2026-01-08T12:24:01.320+0000] {processor.py:179} INFO - Processing /opt/airflow/dags/ingest_local_folder_dag.py took 0.234 seconds
[2026-01-08T12:24:31.503+0000] {processor.py:157} INFO - Started process (PID=6731) to work on /opt/airflow/dags/ingest_local_folder_dag.py
[2026-01-08T12:24:31.504+0000] {processor.py:829} INFO - Processing file /opt/airflow/dags/ingest_local_folder_dag.py for tasks to queue
[2026-01-08T12:24:31.506+0000] {logging_mixin.py:151} INFO - [2026-01-08T12:24:31.505+0000] {dagbag.py:539} INFO - Filling up the DagBag from /opt/airflow/dags/ingest_local_folder_dag.py
[2026-01-08T12:24:31.705+0000] {processor.py:839} INFO - DAG(s) dict_keys(['ingestionDAG']) retrieved from /opt/airflow/dags/ingest_local_folder_dag.py
[2026-01-08T12:24:31.739+0000] {logging_mixin.py:151} INFO - [2026-01-08T12:24:31.739+0000] {dag.py:2915} INFO - Sync 1 DAGs
[2026-01-08T12:24:31.761+0000] {logging_mixin.py:151} INFO - [2026-01-08T12:24:31.761+0000] {dag.py:3696} INFO - Setting next_dagrun for ingestionDAG to 2026-01-08T12:24:01.760940+00:00, run_after=2026-01-08T12:24:31.760940+00:00
[2026-01-08T12:24:31.778+0000] {processor.py:179} INFO - Processing /opt/airflow/dags/ingest_local_folder_dag.py took 0.280 seconds
[2026-01-08T12:25:01.993+0000] {processor.py:157} INFO - Started process (PID=6745) to work on /opt/airflow/dags/ingest_local_folder_dag.py
[2026-01-08T12:25:01.994+0000] {processor.py:829} INFO - Processing file /opt/airflow/dags/ingest_local_folder_dag.py for tasks to queue
[2026-01-08T12:25:01.996+0000] {logging_mixin.py:151} INFO - [2026-01-08T12:25:01.995+0000] {dagbag.py:539} INFO - Filling up the DagBag from /opt/airflow/dags/ingest_local_folder_dag.py
[2026-01-08T12:25:02.183+0000] {processor.py:839} INFO - DAG(s) dict_keys(['ingestionDAG']) retrieved from /opt/airflow/dags/ingest_local_folder_dag.py
[2026-01-08T12:25:02.216+0000] {logging_mixin.py:151} INFO - [2026-01-08T12:25:02.216+0000] {dag.py:2915} INFO - Sync 1 DAGs
[2026-01-08T12:25:02.237+0000] {logging_mixin.py:151} INFO - [2026-01-08T12:25:02.237+0000] {dag.py:3696} INFO - Setting next_dagrun for ingestionDAG to 2026-01-08T12:24:32.237216+00:00, run_after=2026-01-08T12:25:02.237216+00:00
[2026-01-08T12:25:02.253+0000] {processor.py:179} INFO - Processing /opt/airflow/dags/ingest_local_folder_dag.py took 0.273 seconds
[2026-01-08T12:25:32.443+0000] {processor.py:157} INFO - Started process (PID=6757) to work on /opt/airflow/dags/ingest_local_folder_dag.py
[2026-01-08T12:25:32.447+0000] {processor.py:829} INFO - Processing file /opt/airflow/dags/ingest_local_folder_dag.py for tasks to queue
[2026-01-08T12:25:32.448+0000] {logging_mixin.py:151} INFO - [2026-01-08T12:25:32.447+0000] {dagbag.py:539} INFO - Filling up the DagBag from /opt/airflow/dags/ingest_local_folder_dag.py
[2026-01-08T12:25:32.652+0000] {processor.py:839} INFO - DAG(s) dict_keys(['ingestionDAG']) retrieved from /opt/airflow/dags/ingest_local_folder_dag.py
[2026-01-08T12:25:32.687+0000] {logging_mixin.py:151} INFO - [2026-01-08T12:25:32.687+0000] {dag.py:2915} INFO - Sync 1 DAGs
[2026-01-08T12:25:32.709+0000] {logging_mixin.py:151} INFO - [2026-01-08T12:25:32.709+0000] {dag.py:3696} INFO - Setting next_dagrun for ingestionDAG to 2026-01-08T12:25:02.709104+00:00, run_after=2026-01-08T12:25:32.709104+00:00
[2026-01-08T12:25:32.727+0000] {processor.py:179} INFO - Processing /opt/airflow/dags/ingest_local_folder_dag.py took 0.289 seconds
[2026-01-08T12:26:02.946+0000] {processor.py:157} INFO - Started process (PID=6764) to work on /opt/airflow/dags/ingest_local_folder_dag.py
[2026-01-08T12:26:02.947+0000] {processor.py:829} INFO - Processing file /opt/airflow/dags/ingest_local_folder_dag.py for tasks to queue
[2026-01-08T12:26:02.949+0000] {logging_mixin.py:151} INFO - [2026-01-08T12:26:02.948+0000] {dagbag.py:539} INFO - Filling up the DagBag from /opt/airflow/dags/ingest_local_folder_dag.py
[2026-01-08T12:26:03.115+0000] {processor.py:839} INFO - DAG(s) dict_keys(['ingestionDAG']) retrieved from /opt/airflow/dags/ingest_local_folder_dag.py
[2026-01-08T12:26:03.144+0000] {logging_mixin.py:151} INFO - [2026-01-08T12:26:03.144+0000] {dag.py:2915} INFO - Sync 1 DAGs
[2026-01-08T12:26:03.164+0000] {logging_mixin.py:151} INFO - [2026-01-08T12:26:03.164+0000] {dag.py:3696} INFO - Setting next_dagrun for ingestionDAG to 2026-01-08T12:25:33.163903+00:00, run_after=2026-01-08T12:26:03.163903+00:00
[2026-01-08T12:26:03.178+0000] {processor.py:179} INFO - Processing /opt/airflow/dags/ingest_local_folder_dag.py took 0.242 seconds
[2026-01-08T12:26:33.365+0000] {processor.py:157} INFO - Started process (PID=6778) to work on /opt/airflow/dags/ingest_local_folder_dag.py
[2026-01-08T12:26:33.366+0000] {processor.py:829} INFO - Processing file /opt/airflow/dags/ingest_local_folder_dag.py for tasks to queue
[2026-01-08T12:26:33.367+0000] {logging_mixin.py:151} INFO - [2026-01-08T12:26:33.367+0000] {dagbag.py:539} INFO - Filling up the DagBag from /opt/airflow/dags/ingest_local_folder_dag.py
[2026-01-08T12:26:33.531+0000] {processor.py:839} INFO - DAG(s) dict_keys(['ingestionDAG']) retrieved from /opt/airflow/dags/ingest_local_folder_dag.py
[2026-01-08T12:26:33.559+0000] {logging_mixin.py:151} INFO - [2026-01-08T12:26:33.559+0000] {dag.py:2915} INFO - Sync 1 DAGs
[2026-01-08T12:26:33.578+0000] {logging_mixin.py:151} INFO - [2026-01-08T12:26:33.578+0000] {dag.py:3696} INFO - Setting next_dagrun for ingestionDAG to 2026-01-08T12:26:03.577958+00:00, run_after=2026-01-08T12:26:33.577958+00:00
[2026-01-08T12:26:33.594+0000] {processor.py:179} INFO - Processing /opt/airflow/dags/ingest_local_folder_dag.py took 0.232 seconds
[2026-01-08T12:27:03.806+0000] {processor.py:157} INFO - Started process (PID=6792) to work on /opt/airflow/dags/ingest_local_folder_dag.py
[2026-01-08T12:27:03.807+0000] {processor.py:829} INFO - Processing file /opt/airflow/dags/ingest_local_folder_dag.py for tasks to queue
[2026-01-08T12:27:03.807+0000] {logging_mixin.py:151} INFO - [2026-01-08T12:27:03.807+0000] {dagbag.py:539} INFO - Filling up the DagBag from /opt/airflow/dags/ingest_local_folder_dag.py
[2026-01-08T12:27:03.966+0000] {processor.py:839} INFO - DAG(s) dict_keys(['ingestionDAG']) retrieved from /opt/airflow/dags/ingest_local_folder_dag.py
[2026-01-08T12:27:03.994+0000] {logging_mixin.py:151} INFO - [2026-01-08T12:27:03.994+0000] {dag.py:2915} INFO - Sync 1 DAGs
[2026-01-08T12:27:04.014+0000] {logging_mixin.py:151} INFO - [2026-01-08T12:27:04.014+0000] {dag.py:3696} INFO - Setting next_dagrun for ingestionDAG to 2026-01-08T12:26:34.014133+00:00, run_after=2026-01-08T12:27:04.014133+00:00
[2026-01-08T12:27:04.028+0000] {processor.py:179} INFO - Processing /opt/airflow/dags/ingest_local_folder_dag.py took 0.225 seconds
[2026-01-08T12:27:34.230+0000] {processor.py:157} INFO - Started process (PID=6803) to work on /opt/airflow/dags/ingest_local_folder_dag.py
[2026-01-08T12:27:34.231+0000] {processor.py:829} INFO - Processing file /opt/airflow/dags/ingest_local_folder_dag.py for tasks to queue
[2026-01-08T12:27:34.232+0000] {logging_mixin.py:151} INFO - [2026-01-08T12:27:34.232+0000] {dagbag.py:539} INFO - Filling up the DagBag from /opt/airflow/dags/ingest_local_folder_dag.py
[2026-01-08T12:27:34.415+0000] {processor.py:839} INFO - DAG(s) dict_keys(['ingestionDAG']) retrieved from /opt/airflow/dags/ingest_local_folder_dag.py
[2026-01-08T12:27:34.450+0000] {logging_mixin.py:151} INFO - [2026-01-08T12:27:34.450+0000] {dag.py:2915} INFO - Sync 1 DAGs
[2026-01-08T12:27:34.472+0000] {logging_mixin.py:151} INFO - [2026-01-08T12:27:34.472+0000] {dag.py:3696} INFO - Setting next_dagrun for ingestionDAG to 2026-01-08T12:27:04.472578+00:00, run_after=2026-01-08T12:27:34.472578+00:00
[2026-01-08T12:27:34.487+0000] {processor.py:179} INFO - Processing /opt/airflow/dags/ingest_local_folder_dag.py took 0.261 seconds
[2026-01-08T12:28:04.670+0000] {processor.py:157} INFO - Started process (PID=6817) to work on /opt/airflow/dags/ingest_local_folder_dag.py
[2026-01-08T12:28:04.671+0000] {processor.py:829} INFO - Processing file /opt/airflow/dags/ingest_local_folder_dag.py for tasks to queue
[2026-01-08T12:28:04.672+0000] {logging_mixin.py:151} INFO - [2026-01-08T12:28:04.671+0000] {dagbag.py:539} INFO - Filling up the DagBag from /opt/airflow/dags/ingest_local_folder_dag.py
[2026-01-08T12:28:04.841+0000] {processor.py:839} INFO - DAG(s) dict_keys(['ingestionDAG']) retrieved from /opt/airflow/dags/ingest_local_folder_dag.py
[2026-01-08T12:28:04.870+0000] {logging_mixin.py:151} INFO - [2026-01-08T12:28:04.869+0000] {dag.py:2915} INFO - Sync 1 DAGs
[2026-01-08T12:28:04.888+0000] {logging_mixin.py:151} INFO - [2026-01-08T12:28:04.888+0000] {dag.py:3696} INFO - Setting next_dagrun for ingestionDAG to 2026-01-08T12:27:34.888523+00:00, run_after=2026-01-08T12:28:04.888523+00:00
[2026-01-08T12:28:04.903+0000] {processor.py:179} INFO - Processing /opt/airflow/dags/ingest_local_folder_dag.py took 0.237 seconds
[2026-01-08T12:28:35.097+0000] {processor.py:157} INFO - Started process (PID=6831) to work on /opt/airflow/dags/ingest_local_folder_dag.py
[2026-01-08T12:28:35.098+0000] {processor.py:829} INFO - Processing file /opt/airflow/dags/ingest_local_folder_dag.py for tasks to queue
[2026-01-08T12:28:35.098+0000] {logging_mixin.py:151} INFO - [2026-01-08T12:28:35.098+0000] {dagbag.py:539} INFO - Filling up the DagBag from /opt/airflow/dags/ingest_local_folder_dag.py
[2026-01-08T12:28:35.257+0000] {processor.py:839} INFO - DAG(s) dict_keys(['ingestionDAG']) retrieved from /opt/airflow/dags/ingest_local_folder_dag.py
[2026-01-08T12:28:35.285+0000] {logging_mixin.py:151} INFO - [2026-01-08T12:28:35.285+0000] {dag.py:2915} INFO - Sync 1 DAGs
[2026-01-08T12:28:35.305+0000] {logging_mixin.py:151} INFO - [2026-01-08T12:28:35.304+0000] {dag.py:3696} INFO - Setting next_dagrun for ingestionDAG to 2026-01-08T12:28:05.304712+00:00, run_after=2026-01-08T12:28:35.304712+00:00
[2026-01-08T12:28:35.318+0000] {processor.py:179} INFO - Processing /opt/airflow/dags/ingest_local_folder_dag.py took 0.225 seconds
[2026-01-08T12:29:05.543+0000] {processor.py:157} INFO - Started process (PID=6842) to work on /opt/airflow/dags/ingest_local_folder_dag.py
[2026-01-08T12:29:05.545+0000] {processor.py:829} INFO - Processing file /opt/airflow/dags/ingest_local_folder_dag.py for tasks to queue
[2026-01-08T12:29:05.547+0000] {logging_mixin.py:151} INFO - [2026-01-08T12:29:05.546+0000] {dagbag.py:539} INFO - Filling up the DagBag from /opt/airflow/dags/ingest_local_folder_dag.py
[2026-01-08T12:29:05.735+0000] {processor.py:839} INFO - DAG(s) dict_keys(['ingestionDAG']) retrieved from /opt/airflow/dags/ingest_local_folder_dag.py
[2026-01-08T12:29:05.778+0000] {logging_mixin.py:151} INFO - [2026-01-08T12:29:05.777+0000] {dag.py:2915} INFO - Sync 1 DAGs
[2026-01-08T12:29:05.801+0000] {logging_mixin.py:151} INFO - [2026-01-08T12:29:05.801+0000] {dag.py:3696} INFO - Setting next_dagrun for ingestionDAG to 2026-01-08T12:28:35.800986+00:00, run_after=2026-01-08T12:29:05.800986+00:00
[2026-01-08T12:29:05.818+0000] {processor.py:179} INFO - Processing /opt/airflow/dags/ingest_local_folder_dag.py took 0.287 seconds
[2026-01-08T12:29:36.724+0000] {processor.py:157} INFO - Started process (PID=6856) to work on /opt/airflow/dags/ingest_local_folder_dag.py
[2026-01-08T12:29:36.726+0000] {processor.py:829} INFO - Processing file /opt/airflow/dags/ingest_local_folder_dag.py for tasks to queue
[2026-01-08T12:29:36.728+0000] {logging_mixin.py:151} INFO - [2026-01-08T12:29:36.728+0000] {dagbag.py:539} INFO - Filling up the DagBag from /opt/airflow/dags/ingest_local_folder_dag.py
[2026-01-08T12:29:36.927+0000] {processor.py:839} INFO - DAG(s) dict_keys(['ingestionDAG']) retrieved from /opt/airflow/dags/ingest_local_folder_dag.py
[2026-01-08T12:29:36.961+0000] {logging_mixin.py:151} INFO - [2026-01-08T12:29:36.961+0000] {dag.py:2915} INFO - Sync 1 DAGs
[2026-01-08T12:29:36.985+0000] {logging_mixin.py:151} INFO - [2026-01-08T12:29:36.984+0000] {dag.py:3696} INFO - Setting next_dagrun for ingestionDAG to 2026-01-08T12:29:06.984707+00:00, run_after=2026-01-08T12:29:36.984707+00:00
[2026-01-08T12:29:37.001+0000] {processor.py:179} INFO - Processing /opt/airflow/dags/ingest_local_folder_dag.py took 0.287 seconds
[2026-01-08T12:30:07.206+0000] {processor.py:157} INFO - Started process (PID=6870) to work on /opt/airflow/dags/ingest_local_folder_dag.py
[2026-01-08T12:30:07.206+0000] {processor.py:829} INFO - Processing file /opt/airflow/dags/ingest_local_folder_dag.py for tasks to queue
[2026-01-08T12:30:07.207+0000] {logging_mixin.py:151} INFO - [2026-01-08T12:30:07.207+0000] {dagbag.py:539} INFO - Filling up the DagBag from /opt/airflow/dags/ingest_local_folder_dag.py
[2026-01-08T12:30:07.369+0000] {processor.py:839} INFO - DAG(s) dict_keys(['ingestionDAG']) retrieved from /opt/airflow/dags/ingest_local_folder_dag.py
[2026-01-08T12:30:07.399+0000] {logging_mixin.py:151} INFO - [2026-01-08T12:30:07.399+0000] {dag.py:2915} INFO - Sync 1 DAGs
[2026-01-08T12:30:07.418+0000] {logging_mixin.py:151} INFO - [2026-01-08T12:30:07.418+0000] {dag.py:3696} INFO - Setting next_dagrun for ingestionDAG to 2026-01-08T12:29:37.418083+00:00, run_after=2026-01-08T12:30:07.418083+00:00
[2026-01-08T12:30:07.432+0000] {processor.py:179} INFO - Processing /opt/airflow/dags/ingest_local_folder_dag.py took 0.230 seconds
[2026-01-08T12:30:37.661+0000] {processor.py:157} INFO - Started process (PID=6881) to work on /opt/airflow/dags/ingest_local_folder_dag.py
[2026-01-08T12:30:37.663+0000] {processor.py:829} INFO - Processing file /opt/airflow/dags/ingest_local_folder_dag.py for tasks to queue
[2026-01-08T12:30:37.665+0000] {logging_mixin.py:151} INFO - [2026-01-08T12:30:37.664+0000] {dagbag.py:539} INFO - Filling up the DagBag from /opt/airflow/dags/ingest_local_folder_dag.py
[2026-01-08T12:30:37.835+0000] {processor.py:839} INFO - DAG(s) dict_keys(['ingestionDAG']) retrieved from /opt/airflow/dags/ingest_local_folder_dag.py
[2026-01-08T12:30:37.867+0000] {logging_mixin.py:151} INFO - [2026-01-08T12:30:37.867+0000] {dag.py:2915} INFO - Sync 1 DAGs
[2026-01-08T12:30:37.888+0000] {logging_mixin.py:151} INFO - [2026-01-08T12:30:37.888+0000] {dag.py:3696} INFO - Setting next_dagrun for ingestionDAG to 2026-01-08T12:30:07.888050+00:00, run_after=2026-01-08T12:30:37.888050+00:00
[2026-01-08T12:30:37.902+0000] {processor.py:179} INFO - Processing /opt/airflow/dags/ingest_local_folder_dag.py took 0.251 seconds
[2026-01-08T12:31:08.104+0000] {processor.py:157} INFO - Started process (PID=6895) to work on /opt/airflow/dags/ingest_local_folder_dag.py
[2026-01-08T12:31:08.105+0000] {processor.py:829} INFO - Processing file /opt/airflow/dags/ingest_local_folder_dag.py for tasks to queue
[2026-01-08T12:31:08.106+0000] {logging_mixin.py:151} INFO - [2026-01-08T12:31:08.106+0000] {dagbag.py:539} INFO - Filling up the DagBag from /opt/airflow/dags/ingest_local_folder_dag.py
[2026-01-08T12:31:08.277+0000] {processor.py:839} INFO - DAG(s) dict_keys(['ingestionDAG']) retrieved from /opt/airflow/dags/ingest_local_folder_dag.py
[2026-01-08T12:31:08.304+0000] {logging_mixin.py:151} INFO - [2026-01-08T12:31:08.304+0000] {dag.py:2915} INFO - Sync 1 DAGs
[2026-01-08T12:31:08.322+0000] {logging_mixin.py:151} INFO - [2026-01-08T12:31:08.322+0000] {dag.py:3696} INFO - Setting next_dagrun for ingestionDAG to 2026-01-08T12:30:38.322124+00:00, run_after=2026-01-08T12:31:08.322124+00:00
[2026-01-08T12:31:08.335+0000] {processor.py:179} INFO - Processing /opt/airflow/dags/ingest_local_folder_dag.py took 0.237 seconds
[2026-01-08T12:31:38.535+0000] {processor.py:157} INFO - Started process (PID=6909) to work on /opt/airflow/dags/ingest_local_folder_dag.py
[2026-01-08T12:31:38.536+0000] {processor.py:829} INFO - Processing file /opt/airflow/dags/ingest_local_folder_dag.py for tasks to queue
[2026-01-08T12:31:38.537+0000] {logging_mixin.py:151} INFO - [2026-01-08T12:31:38.536+0000] {dagbag.py:539} INFO - Filling up the DagBag from /opt/airflow/dags/ingest_local_folder_dag.py
[2026-01-08T12:31:38.694+0000] {processor.py:839} INFO - DAG(s) dict_keys(['ingestionDAG']) retrieved from /opt/airflow/dags/ingest_local_folder_dag.py
[2026-01-08T12:31:38.722+0000] {logging_mixin.py:151} INFO - [2026-01-08T12:31:38.722+0000] {dag.py:2915} INFO - Sync 1 DAGs
[2026-01-08T12:31:38.740+0000] {logging_mixin.py:151} INFO - [2026-01-08T12:31:38.740+0000] {dag.py:3696} INFO - Setting next_dagrun for ingestionDAG to 2026-01-08T12:31:08.740055+00:00, run_after=2026-01-08T12:31:38.740055+00:00
[2026-01-08T12:31:38.755+0000] {processor.py:179} INFO - Processing /opt/airflow/dags/ingest_local_folder_dag.py took 0.224 seconds
[2026-01-08T12:32:08.965+0000] {processor.py:157} INFO - Started process (PID=6920) to work on /opt/airflow/dags/ingest_local_folder_dag.py
[2026-01-08T12:32:08.966+0000] {processor.py:829} INFO - Processing file /opt/airflow/dags/ingest_local_folder_dag.py for tasks to queue
[2026-01-08T12:32:08.967+0000] {logging_mixin.py:151} INFO - [2026-01-08T12:32:08.967+0000] {dagbag.py:539} INFO - Filling up the DagBag from /opt/airflow/dags/ingest_local_folder_dag.py
[2026-01-08T12:32:09.127+0000] {processor.py:839} INFO - DAG(s) dict_keys(['ingestionDAG']) retrieved from /opt/airflow/dags/ingest_local_folder_dag.py
[2026-01-08T12:32:09.155+0000] {logging_mixin.py:151} INFO - [2026-01-08T12:32:09.155+0000] {dag.py:2915} INFO - Sync 1 DAGs
[2026-01-08T12:32:09.174+0000] {logging_mixin.py:151} INFO - [2026-01-08T12:32:09.174+0000] {dag.py:3696} INFO - Setting next_dagrun for ingestionDAG to 2026-01-08T12:31:39.173817+00:00, run_after=2026-01-08T12:32:09.173817+00:00
[2026-01-08T12:32:09.190+0000] {processor.py:179} INFO - Processing /opt/airflow/dags/ingest_local_folder_dag.py took 0.229 seconds
[2026-01-08T12:32:39.389+0000] {processor.py:157} INFO - Started process (PID=6934) to work on /opt/airflow/dags/ingest_local_folder_dag.py
[2026-01-08T12:32:39.390+0000] {processor.py:829} INFO - Processing file /opt/airflow/dags/ingest_local_folder_dag.py for tasks to queue
[2026-01-08T12:32:39.391+0000] {logging_mixin.py:151} INFO - [2026-01-08T12:32:39.390+0000] {dagbag.py:539} INFO - Filling up the DagBag from /opt/airflow/dags/ingest_local_folder_dag.py
[2026-01-08T12:32:39.549+0000] {processor.py:839} INFO - DAG(s) dict_keys(['ingestionDAG']) retrieved from /opt/airflow/dags/ingest_local_folder_dag.py
[2026-01-08T12:32:39.578+0000] {logging_mixin.py:151} INFO - [2026-01-08T12:32:39.578+0000] {dag.py:2915} INFO - Sync 1 DAGs
[2026-01-08T12:32:39.597+0000] {logging_mixin.py:151} INFO - [2026-01-08T12:32:39.597+0000] {dag.py:3696} INFO - Setting next_dagrun for ingestionDAG to 2026-01-08T12:32:09.597448+00:00, run_after=2026-01-08T12:32:39.597448+00:00
[2026-01-08T12:32:39.611+0000] {processor.py:179} INFO - Processing /opt/airflow/dags/ingest_local_folder_dag.py took 0.226 seconds
[2026-01-08T12:33:09.823+0000] {processor.py:157} INFO - Started process (PID=6948) to work on /opt/airflow/dags/ingest_local_folder_dag.py
[2026-01-08T12:33:09.823+0000] {processor.py:829} INFO - Processing file /opt/airflow/dags/ingest_local_folder_dag.py for tasks to queue
[2026-01-08T12:33:09.824+0000] {logging_mixin.py:151} INFO - [2026-01-08T12:33:09.824+0000] {dagbag.py:539} INFO - Filling up the DagBag from /opt/airflow/dags/ingest_local_folder_dag.py
[2026-01-08T12:33:09.988+0000] {processor.py:839} INFO - DAG(s) dict_keys(['ingestionDAG']) retrieved from /opt/airflow/dags/ingest_local_folder_dag.py
[2026-01-08T12:33:10.018+0000] {logging_mixin.py:151} INFO - [2026-01-08T12:33:10.018+0000] {dag.py:2915} INFO - Sync 1 DAGs
[2026-01-08T12:33:10.037+0000] {logging_mixin.py:151} INFO - [2026-01-08T12:33:10.036+0000] {dag.py:3696} INFO - Setting next_dagrun for ingestionDAG to 2026-01-08T12:32:40.036650+00:00, run_after=2026-01-08T12:33:10.036650+00:00
[2026-01-08T12:33:10.050+0000] {processor.py:179} INFO - Processing /opt/airflow/dags/ingest_local_folder_dag.py took 0.232 seconds
[2026-01-08T12:33:40.278+0000] {processor.py:157} INFO - Started process (PID=6959) to work on /opt/airflow/dags/ingest_local_folder_dag.py
[2026-01-08T12:33:40.280+0000] {processor.py:829} INFO - Processing file /opt/airflow/dags/ingest_local_folder_dag.py for tasks to queue
[2026-01-08T12:33:40.283+0000] {logging_mixin.py:151} INFO - [2026-01-08T12:33:40.282+0000] {dagbag.py:539} INFO - Filling up the DagBag from /opt/airflow/dags/ingest_local_folder_dag.py
[2026-01-08T12:33:40.449+0000] {processor.py:839} INFO - DAG(s) dict_keys(['ingestionDAG']) retrieved from /opt/airflow/dags/ingest_local_folder_dag.py
[2026-01-08T12:33:40.478+0000] {logging_mixin.py:151} INFO - [2026-01-08T12:33:40.477+0000] {dag.py:2915} INFO - Sync 1 DAGs
[2026-01-08T12:33:40.496+0000] {logging_mixin.py:151} INFO - [2026-01-08T12:33:40.496+0000] {dag.py:3696} INFO - Setting next_dagrun for ingestionDAG to 2026-01-08T12:33:10.495904+00:00, run_after=2026-01-08T12:33:40.495904+00:00
[2026-01-08T12:33:40.510+0000] {processor.py:179} INFO - Processing /opt/airflow/dags/ingest_local_folder_dag.py took 0.243 seconds
[2026-01-08T12:34:10.709+0000] {processor.py:157} INFO - Started process (PID=6973) to work on /opt/airflow/dags/ingest_local_folder_dag.py
[2026-01-08T12:34:10.710+0000] {processor.py:829} INFO - Processing file /opt/airflow/dags/ingest_local_folder_dag.py for tasks to queue
[2026-01-08T12:34:10.711+0000] {logging_mixin.py:151} INFO - [2026-01-08T12:34:10.710+0000] {dagbag.py:539} INFO - Filling up the DagBag from /opt/airflow/dags/ingest_local_folder_dag.py
[2026-01-08T12:34:10.868+0000] {processor.py:839} INFO - DAG(s) dict_keys(['ingestionDAG']) retrieved from /opt/airflow/dags/ingest_local_folder_dag.py
[2026-01-08T12:34:10.896+0000] {logging_mixin.py:151} INFO - [2026-01-08T12:34:10.896+0000] {dag.py:2915} INFO - Sync 1 DAGs
[2026-01-08T12:34:10.914+0000] {logging_mixin.py:151} INFO - [2026-01-08T12:34:10.914+0000] {dag.py:3696} INFO - Setting next_dagrun for ingestionDAG to 2026-01-08T12:33:40.913915+00:00, run_after=2026-01-08T12:34:10.913915+00:00
[2026-01-08T12:34:10.929+0000] {processor.py:179} INFO - Processing /opt/airflow/dags/ingest_local_folder_dag.py took 0.223 seconds
[2026-01-08T12:34:41.133+0000] {processor.py:157} INFO - Started process (PID=6987) to work on /opt/airflow/dags/ingest_local_folder_dag.py
[2026-01-08T12:34:41.136+0000] {processor.py:829} INFO - Processing file /opt/airflow/dags/ingest_local_folder_dag.py for tasks to queue
[2026-01-08T12:34:41.139+0000] {logging_mixin.py:151} INFO - [2026-01-08T12:34:41.137+0000] {dagbag.py:539} INFO - Filling up the DagBag from /opt/airflow/dags/ingest_local_folder_dag.py
[2026-01-08T12:34:41.346+0000] {processor.py:839} INFO - DAG(s) dict_keys(['ingestionDAG']) retrieved from /opt/airflow/dags/ingest_local_folder_dag.py
[2026-01-08T12:34:41.385+0000] {logging_mixin.py:151} INFO - [2026-01-08T12:34:41.385+0000] {dag.py:2915} INFO - Sync 1 DAGs
[2026-01-08T12:34:41.411+0000] {logging_mixin.py:151} INFO - [2026-01-08T12:34:41.411+0000] {dag.py:3696} INFO - Setting next_dagrun for ingestionDAG to 2026-01-08T12:34:11.410833+00:00, run_after=2026-01-08T12:34:41.410833+00:00
[2026-01-08T12:34:41.431+0000] {processor.py:179} INFO - Processing /opt/airflow/dags/ingest_local_folder_dag.py took 0.309 seconds
[2026-01-08T12:35:11.612+0000] {processor.py:157} INFO - Started process (PID=6998) to work on /opt/airflow/dags/ingest_local_folder_dag.py
[2026-01-08T12:35:11.613+0000] {processor.py:829} INFO - Processing file /opt/airflow/dags/ingest_local_folder_dag.py for tasks to queue
[2026-01-08T12:35:11.618+0000] {logging_mixin.py:151} INFO - [2026-01-08T12:35:11.617+0000] {dagbag.py:539} INFO - Filling up the DagBag from /opt/airflow/dags/ingest_local_folder_dag.py
[2026-01-08T12:35:11.810+0000] {processor.py:839} INFO - DAG(s) dict_keys(['ingestionDAG']) retrieved from /opt/airflow/dags/ingest_local_folder_dag.py
[2026-01-08T12:35:11.838+0000] {logging_mixin.py:151} INFO - [2026-01-08T12:35:11.838+0000] {dag.py:2915} INFO - Sync 1 DAGs
[2026-01-08T12:35:11.859+0000] {logging_mixin.py:151} INFO - [2026-01-08T12:35:11.859+0000] {dag.py:3696} INFO - Setting next_dagrun for ingestionDAG to 2026-01-08T12:34:41.859423+00:00, run_after=2026-01-08T12:35:11.859423+00:00
[2026-01-08T12:35:11.874+0000] {processor.py:179} INFO - Processing /opt/airflow/dags/ingest_local_folder_dag.py took 0.266 seconds
[2026-01-08T12:35:42.081+0000] {processor.py:157} INFO - Started process (PID=7012) to work on /opt/airflow/dags/ingest_local_folder_dag.py
[2026-01-08T12:35:42.083+0000] {processor.py:829} INFO - Processing file /opt/airflow/dags/ingest_local_folder_dag.py for tasks to queue
[2026-01-08T12:35:42.086+0000] {logging_mixin.py:151} INFO - [2026-01-08T12:35:42.085+0000] {dagbag.py:539} INFO - Filling up the DagBag from /opt/airflow/dags/ingest_local_folder_dag.py
[2026-01-08T12:35:42.255+0000] {processor.py:839} INFO - DAG(s) dict_keys(['ingestionDAG']) retrieved from /opt/airflow/dags/ingest_local_folder_dag.py
[2026-01-08T12:35:42.283+0000] {logging_mixin.py:151} INFO - [2026-01-08T12:35:42.283+0000] {dag.py:2915} INFO - Sync 1 DAGs
[2026-01-08T12:35:42.303+0000] {logging_mixin.py:151} INFO - [2026-01-08T12:35:42.303+0000] {dag.py:3696} INFO - Setting next_dagrun for ingestionDAG to 2026-01-08T12:35:12.303403+00:00, run_after=2026-01-08T12:35:42.303403+00:00
[2026-01-08T12:35:42.317+0000] {processor.py:179} INFO - Processing /opt/airflow/dags/ingest_local_folder_dag.py took 0.246 seconds
[2026-01-08T12:36:12.502+0000] {processor.py:157} INFO - Started process (PID=7026) to work on /opt/airflow/dags/ingest_local_folder_dag.py
[2026-01-08T12:36:12.503+0000] {processor.py:829} INFO - Processing file /opt/airflow/dags/ingest_local_folder_dag.py for tasks to queue
[2026-01-08T12:36:12.504+0000] {logging_mixin.py:151} INFO - [2026-01-08T12:36:12.504+0000] {dagbag.py:539} INFO - Filling up the DagBag from /opt/airflow/dags/ingest_local_folder_dag.py
[2026-01-08T12:36:12.682+0000] {processor.py:839} INFO - DAG(s) dict_keys(['ingestionDAG']) retrieved from /opt/airflow/dags/ingest_local_folder_dag.py
[2026-01-08T12:36:12.713+0000] {logging_mixin.py:151} INFO - [2026-01-08T12:36:12.713+0000] {dag.py:2915} INFO - Sync 1 DAGs
[2026-01-08T12:36:12.734+0000] {logging_mixin.py:151} INFO - [2026-01-08T12:36:12.734+0000] {dag.py:3696} INFO - Setting next_dagrun for ingestionDAG to 2026-01-08T12:35:42.734024+00:00, run_after=2026-01-08T12:36:12.734024+00:00
[2026-01-08T12:36:12.751+0000] {processor.py:179} INFO - Processing /opt/airflow/dags/ingest_local_folder_dag.py took 0.253 seconds
[2026-01-08T12:36:42.940+0000] {processor.py:157} INFO - Started process (PID=7037) to work on /opt/airflow/dags/ingest_local_folder_dag.py
[2026-01-08T12:36:42.941+0000] {processor.py:829} INFO - Processing file /opt/airflow/dags/ingest_local_folder_dag.py for tasks to queue
[2026-01-08T12:36:42.942+0000] {logging_mixin.py:151} INFO - [2026-01-08T12:36:42.941+0000] {dagbag.py:539} INFO - Filling up the DagBag from /opt/airflow/dags/ingest_local_folder_dag.py
[2026-01-08T12:36:43.101+0000] {processor.py:839} INFO - DAG(s) dict_keys(['ingestionDAG']) retrieved from /opt/airflow/dags/ingest_local_folder_dag.py
[2026-01-08T12:36:43.128+0000] {logging_mixin.py:151} INFO - [2026-01-08T12:36:43.128+0000] {dag.py:2915} INFO - Sync 1 DAGs
[2026-01-08T12:36:43.146+0000] {logging_mixin.py:151} INFO - [2026-01-08T12:36:43.146+0000] {dag.py:3696} INFO - Setting next_dagrun for ingestionDAG to 2026-01-08T12:36:13.146541+00:00, run_after=2026-01-08T12:36:43.146541+00:00
[2026-01-08T12:36:43.160+0000] {processor.py:179} INFO - Processing /opt/airflow/dags/ingest_local_folder_dag.py took 0.224 seconds
[2026-01-08T12:37:13.349+0000] {processor.py:157} INFO - Started process (PID=7052) to work on /opt/airflow/dags/ingest_local_folder_dag.py
[2026-01-08T12:37:13.350+0000] {processor.py:829} INFO - Processing file /opt/airflow/dags/ingest_local_folder_dag.py for tasks to queue
[2026-01-08T12:37:13.351+0000] {logging_mixin.py:151} INFO - [2026-01-08T12:37:13.351+0000] {dagbag.py:539} INFO - Filling up the DagBag from /opt/airflow/dags/ingest_local_folder_dag.py
[2026-01-08T12:37:13.512+0000] {processor.py:839} INFO - DAG(s) dict_keys(['ingestionDAG']) retrieved from /opt/airflow/dags/ingest_local_folder_dag.py
[2026-01-08T12:37:13.541+0000] {logging_mixin.py:151} INFO - [2026-01-08T12:37:13.541+0000] {dag.py:2915} INFO - Sync 1 DAGs
[2026-01-08T12:37:13.559+0000] {logging_mixin.py:151} INFO - [2026-01-08T12:37:13.559+0000] {dag.py:3696} INFO - Setting next_dagrun for ingestionDAG to 2026-01-08T12:36:43.559306+00:00, run_after=2026-01-08T12:37:13.559306+00:00
[2026-01-08T12:37:13.573+0000] {processor.py:179} INFO - Processing /opt/airflow/dags/ingest_local_folder_dag.py took 0.227 seconds
[2026-01-08T12:37:43.790+0000] {processor.py:157} INFO - Started process (PID=7066) to work on /opt/airflow/dags/ingest_local_folder_dag.py
[2026-01-08T12:37:43.792+0000] {processor.py:829} INFO - Processing file /opt/airflow/dags/ingest_local_folder_dag.py for tasks to queue
[2026-01-08T12:37:43.795+0000] {logging_mixin.py:151} INFO - [2026-01-08T12:37:43.793+0000] {dagbag.py:539} INFO - Filling up the DagBag from /opt/airflow/dags/ingest_local_folder_dag.py
[2026-01-08T12:37:43.963+0000] {processor.py:839} INFO - DAG(s) dict_keys(['ingestionDAG']) retrieved from /opt/airflow/dags/ingest_local_folder_dag.py
[2026-01-08T12:37:43.991+0000] {logging_mixin.py:151} INFO - [2026-01-08T12:37:43.991+0000] {dag.py:2915} INFO - Sync 1 DAGs
[2026-01-08T12:37:44.011+0000] {logging_mixin.py:151} INFO - [2026-01-08T12:37:44.011+0000] {dag.py:3696} INFO - Setting next_dagrun for ingestionDAG to 2026-01-08T12:37:14.011057+00:00, run_after=2026-01-08T12:37:44.011057+00:00
[2026-01-08T12:37:44.026+0000] {processor.py:179} INFO - Processing /opt/airflow/dags/ingest_local_folder_dag.py took 0.248 seconds
[2026-01-08T12:38:14.236+0000] {processor.py:157} INFO - Started process (PID=7077) to work on /opt/airflow/dags/ingest_local_folder_dag.py
[2026-01-08T12:38:14.239+0000] {processor.py:829} INFO - Processing file /opt/airflow/dags/ingest_local_folder_dag.py for tasks to queue
[2026-01-08T12:38:14.241+0000] {logging_mixin.py:151} INFO - [2026-01-08T12:38:14.240+0000] {dagbag.py:539} INFO - Filling up the DagBag from /opt/airflow/dags/ingest_local_folder_dag.py
[2026-01-08T12:38:14.403+0000] {processor.py:839} INFO - DAG(s) dict_keys(['ingestionDAG']) retrieved from /opt/airflow/dags/ingest_local_folder_dag.py
[2026-01-08T12:38:14.431+0000] {logging_mixin.py:151} INFO - [2026-01-08T12:38:14.431+0000] {dag.py:2915} INFO - Sync 1 DAGs
[2026-01-08T12:38:14.450+0000] {logging_mixin.py:151} INFO - [2026-01-08T12:38:14.450+0000] {dag.py:3696} INFO - Setting next_dagrun for ingestionDAG to 2026-01-08T12:37:44.450532+00:00, run_after=2026-01-08T12:38:14.450532+00:00
[2026-01-08T12:38:14.464+0000] {processor.py:179} INFO - Processing /opt/airflow/dags/ingest_local_folder_dag.py took 0.238 seconds
[2026-01-08T12:38:44.674+0000] {processor.py:157} INFO - Started process (PID=7091) to work on /opt/airflow/dags/ingest_local_folder_dag.py
[2026-01-08T12:38:44.675+0000] {processor.py:829} INFO - Processing file /opt/airflow/dags/ingest_local_folder_dag.py for tasks to queue
[2026-01-08T12:38:44.676+0000] {logging_mixin.py:151} INFO - [2026-01-08T12:38:44.675+0000] {dagbag.py:539} INFO - Filling up the DagBag from /opt/airflow/dags/ingest_local_folder_dag.py
[2026-01-08T12:38:44.832+0000] {processor.py:839} INFO - DAG(s) dict_keys(['ingestionDAG']) retrieved from /opt/airflow/dags/ingest_local_folder_dag.py
[2026-01-08T12:38:44.861+0000] {logging_mixin.py:151} INFO - [2026-01-08T12:38:44.860+0000] {dag.py:2915} INFO - Sync 1 DAGs
[2026-01-08T12:38:44.879+0000] {logging_mixin.py:151} INFO - [2026-01-08T12:38:44.879+0000] {dag.py:3696} INFO - Setting next_dagrun for ingestionDAG to 2026-01-08T12:38:14.879372+00:00, run_after=2026-01-08T12:38:44.879372+00:00
[2026-01-08T12:38:44.893+0000] {processor.py:179} INFO - Processing /opt/airflow/dags/ingest_local_folder_dag.py took 0.223 seconds
[2026-01-08T12:39:15.086+0000] {processor.py:157} INFO - Started process (PID=7105) to work on /opt/airflow/dags/ingest_local_folder_dag.py
[2026-01-08T12:39:15.087+0000] {processor.py:829} INFO - Processing file /opt/airflow/dags/ingest_local_folder_dag.py for tasks to queue
[2026-01-08T12:39:15.088+0000] {logging_mixin.py:151} INFO - [2026-01-08T12:39:15.088+0000] {dagbag.py:539} INFO - Filling up the DagBag from /opt/airflow/dags/ingest_local_folder_dag.py
[2026-01-08T12:39:15.251+0000] {processor.py:839} INFO - DAG(s) dict_keys(['ingestionDAG']) retrieved from /opt/airflow/dags/ingest_local_folder_dag.py
[2026-01-08T12:39:15.279+0000] {logging_mixin.py:151} INFO - [2026-01-08T12:39:15.279+0000] {dag.py:2915} INFO - Sync 1 DAGs
[2026-01-08T12:39:15.298+0000] {logging_mixin.py:151} INFO - [2026-01-08T12:39:15.297+0000] {dag.py:3696} INFO - Setting next_dagrun for ingestionDAG to 2026-01-08T12:38:45.297735+00:00, run_after=2026-01-08T12:39:15.297735+00:00
[2026-01-08T12:39:15.311+0000] {processor.py:179} INFO - Processing /opt/airflow/dags/ingest_local_folder_dag.py took 0.228 seconds
[2026-01-08T12:39:45.542+0000] {processor.py:157} INFO - Started process (PID=7116) to work on /opt/airflow/dags/ingest_local_folder_dag.py
[2026-01-08T12:39:45.544+0000] {processor.py:829} INFO - Processing file /opt/airflow/dags/ingest_local_folder_dag.py for tasks to queue
[2026-01-08T12:39:45.547+0000] {logging_mixin.py:151} INFO - [2026-01-08T12:39:45.546+0000] {dagbag.py:539} INFO - Filling up the DagBag from /opt/airflow/dags/ingest_local_folder_dag.py
[2026-01-08T12:39:45.726+0000] {processor.py:839} INFO - DAG(s) dict_keys(['ingestionDAG']) retrieved from /opt/airflow/dags/ingest_local_folder_dag.py
[2026-01-08T12:39:45.755+0000] {logging_mixin.py:151} INFO - [2026-01-08T12:39:45.755+0000] {dag.py:2915} INFO - Sync 1 DAGs
[2026-01-08T12:39:45.776+0000] {logging_mixin.py:151} INFO - [2026-01-08T12:39:45.776+0000] {dag.py:3696} INFO - Setting next_dagrun for ingestionDAG to 2026-01-08T12:39:15.776441+00:00, run_after=2026-01-08T12:39:45.776441+00:00
[2026-01-08T12:39:45.794+0000] {processor.py:179} INFO - Processing /opt/airflow/dags/ingest_local_folder_dag.py took 0.262 seconds
[2026-01-08T12:40:15.999+0000] {processor.py:157} INFO - Started process (PID=7130) to work on /opt/airflow/dags/ingest_local_folder_dag.py
[2026-01-08T12:40:16.000+0000] {processor.py:829} INFO - Processing file /opt/airflow/dags/ingest_local_folder_dag.py for tasks to queue
[2026-01-08T12:40:16.001+0000] {logging_mixin.py:151} INFO - [2026-01-08T12:40:16.000+0000] {dagbag.py:539} INFO - Filling up the DagBag from /opt/airflow/dags/ingest_local_folder_dag.py
[2026-01-08T12:40:16.163+0000] {processor.py:839} INFO - DAG(s) dict_keys(['ingestionDAG']) retrieved from /opt/airflow/dags/ingest_local_folder_dag.py
[2026-01-08T12:40:16.191+0000] {logging_mixin.py:151} INFO - [2026-01-08T12:40:16.190+0000] {dag.py:2915} INFO - Sync 1 DAGs
[2026-01-08T12:40:16.209+0000] {logging_mixin.py:151} INFO - [2026-01-08T12:40:16.209+0000] {dag.py:3696} INFO - Setting next_dagrun for ingestionDAG to 2026-01-08T12:39:46.209324+00:00, run_after=2026-01-08T12:40:16.209324+00:00
[2026-01-08T12:40:16.224+0000] {processor.py:179} INFO - Processing /opt/airflow/dags/ingest_local_folder_dag.py took 0.229 seconds
[2026-01-08T12:40:46.448+0000] {processor.py:157} INFO - Started process (PID=7144) to work on /opt/airflow/dags/ingest_local_folder_dag.py
[2026-01-08T12:40:46.450+0000] {processor.py:829} INFO - Processing file /opt/airflow/dags/ingest_local_folder_dag.py for tasks to queue
[2026-01-08T12:40:46.453+0000] {logging_mixin.py:151} INFO - [2026-01-08T12:40:46.451+0000] {dagbag.py:539} INFO - Filling up the DagBag from /opt/airflow/dags/ingest_local_folder_dag.py
[2026-01-08T12:40:46.620+0000] {processor.py:839} INFO - DAG(s) dict_keys(['ingestionDAG']) retrieved from /opt/airflow/dags/ingest_local_folder_dag.py
[2026-01-08T12:40:46.650+0000] {logging_mixin.py:151} INFO - [2026-01-08T12:40:46.650+0000] {dag.py:2915} INFO - Sync 1 DAGs
[2026-01-08T12:40:46.668+0000] {logging_mixin.py:151} INFO - [2026-01-08T12:40:46.668+0000] {dag.py:3696} INFO - Setting next_dagrun for ingestionDAG to 2026-01-08T12:40:16.668157+00:00, run_after=2026-01-08T12:40:46.668157+00:00
[2026-01-08T12:40:46.683+0000] {processor.py:179} INFO - Processing /opt/airflow/dags/ingest_local_folder_dag.py took 0.247 seconds
[2026-01-08T12:41:16.875+0000] {processor.py:157} INFO - Started process (PID=7158) to work on /opt/airflow/dags/ingest_local_folder_dag.py
[2026-01-08T12:41:16.876+0000] {processor.py:829} INFO - Processing file /opt/airflow/dags/ingest_local_folder_dag.py for tasks to queue
[2026-01-08T12:41:16.877+0000] {logging_mixin.py:151} INFO - [2026-01-08T12:41:16.877+0000] {dagbag.py:539} INFO - Filling up the DagBag from /opt/airflow/dags/ingest_local_folder_dag.py
[2026-01-08T12:41:17.040+0000] {processor.py:839} INFO - DAG(s) dict_keys(['ingestionDAG']) retrieved from /opt/airflow/dags/ingest_local_folder_dag.py
[2026-01-08T12:41:17.068+0000] {logging_mixin.py:151} INFO - [2026-01-08T12:41:17.068+0000] {dag.py:2915} INFO - Sync 1 DAGs
[2026-01-08T12:41:17.088+0000] {logging_mixin.py:151} INFO - [2026-01-08T12:41:17.088+0000] {dag.py:3696} INFO - Setting next_dagrun for ingestionDAG to 2026-01-08T12:40:47.087908+00:00, run_after=2026-01-08T12:41:17.087908+00:00
[2026-01-08T12:41:17.102+0000] {processor.py:179} INFO - Processing /opt/airflow/dags/ingest_local_folder_dag.py took 0.231 seconds
[2026-01-08T12:41:47.314+0000] {processor.py:157} INFO - Started process (PID=7169) to work on /opt/airflow/dags/ingest_local_folder_dag.py
[2026-01-08T12:41:47.315+0000] {processor.py:829} INFO - Processing file /opt/airflow/dags/ingest_local_folder_dag.py for tasks to queue
[2026-01-08T12:41:47.316+0000] {logging_mixin.py:151} INFO - [2026-01-08T12:41:47.315+0000] {dagbag.py:539} INFO - Filling up the DagBag from /opt/airflow/dags/ingest_local_folder_dag.py
[2026-01-08T12:41:47.475+0000] {processor.py:839} INFO - DAG(s) dict_keys(['ingestionDAG']) retrieved from /opt/airflow/dags/ingest_local_folder_dag.py
[2026-01-08T12:41:47.504+0000] {logging_mixin.py:151} INFO - [2026-01-08T12:41:47.504+0000] {dag.py:2915} INFO - Sync 1 DAGs
[2026-01-08T12:41:47.523+0000] {logging_mixin.py:151} INFO - [2026-01-08T12:41:47.523+0000] {dag.py:3696} INFO - Setting next_dagrun for ingestionDAG to 2026-01-08T12:41:17.523046+00:00, run_after=2026-01-08T12:41:47.523046+00:00
[2026-01-08T12:41:47.537+0000] {processor.py:179} INFO - Processing /opt/airflow/dags/ingest_local_folder_dag.py took 0.226 seconds
[2026-01-08T12:42:17.759+0000] {processor.py:157} INFO - Started process (PID=7183) to work on /opt/airflow/dags/ingest_local_folder_dag.py
[2026-01-08T12:42:17.761+0000] {processor.py:829} INFO - Processing file /opt/airflow/dags/ingest_local_folder_dag.py for tasks to queue
[2026-01-08T12:42:17.764+0000] {logging_mixin.py:151} INFO - [2026-01-08T12:42:17.763+0000] {dagbag.py:539} INFO - Filling up the DagBag from /opt/airflow/dags/ingest_local_folder_dag.py
[2026-01-08T12:42:17.929+0000] {processor.py:839} INFO - DAG(s) dict_keys(['ingestionDAG']) retrieved from /opt/airflow/dags/ingest_local_folder_dag.py
[2026-01-08T12:42:17.957+0000] {logging_mixin.py:151} INFO - [2026-01-08T12:42:17.956+0000] {dag.py:2915} INFO - Sync 1 DAGs
[2026-01-08T12:42:17.975+0000] {logging_mixin.py:151} INFO - [2026-01-08T12:42:17.975+0000] {dag.py:3696} INFO - Setting next_dagrun for ingestionDAG to 2026-01-08T12:41:47.975102+00:00, run_after=2026-01-08T12:42:17.975102+00:00
[2026-01-08T12:42:17.989+0000] {processor.py:179} INFO - Processing /opt/airflow/dags/ingest_local_folder_dag.py took 0.240 seconds
[2026-01-08T12:42:48.187+0000] {processor.py:157} INFO - Started process (PID=7197) to work on /opt/airflow/dags/ingest_local_folder_dag.py
[2026-01-08T12:42:48.187+0000] {processor.py:829} INFO - Processing file /opt/airflow/dags/ingest_local_folder_dag.py for tasks to queue
[2026-01-08T12:42:48.188+0000] {logging_mixin.py:151} INFO - [2026-01-08T12:42:48.188+0000] {dagbag.py:539} INFO - Filling up the DagBag from /opt/airflow/dags/ingest_local_folder_dag.py
[2026-01-08T12:42:48.351+0000] {processor.py:839} INFO - DAG(s) dict_keys(['ingestionDAG']) retrieved from /opt/airflow/dags/ingest_local_folder_dag.py
[2026-01-08T12:42:48.380+0000] {logging_mixin.py:151} INFO - [2026-01-08T12:42:48.380+0000] {dag.py:2915} INFO - Sync 1 DAGs
[2026-01-08T12:42:48.398+0000] {logging_mixin.py:151} INFO - [2026-01-08T12:42:48.398+0000] {dag.py:3696} INFO - Setting next_dagrun for ingestionDAG to 2026-01-08T12:42:18.398380+00:00, run_after=2026-01-08T12:42:48.398380+00:00
[2026-01-08T12:42:48.412+0000] {processor.py:179} INFO - Processing /opt/airflow/dags/ingest_local_folder_dag.py took 0.229 seconds
[2026-01-08T12:43:18.612+0000] {processor.py:157} INFO - Started process (PID=7208) to work on /opt/airflow/dags/ingest_local_folder_dag.py
[2026-01-08T12:43:18.613+0000] {processor.py:829} INFO - Processing file /opt/airflow/dags/ingest_local_folder_dag.py for tasks to queue
[2026-01-08T12:43:18.614+0000] {logging_mixin.py:151} INFO - [2026-01-08T12:43:18.614+0000] {dagbag.py:539} INFO - Filling up the DagBag from /opt/airflow/dags/ingest_local_folder_dag.py
[2026-01-08T12:43:18.772+0000] {processor.py:839} INFO - DAG(s) dict_keys(['ingestionDAG']) retrieved from /opt/airflow/dags/ingest_local_folder_dag.py
[2026-01-08T12:43:18.800+0000] {logging_mixin.py:151} INFO - [2026-01-08T12:43:18.800+0000] {dag.py:2915} INFO - Sync 1 DAGs
[2026-01-08T12:43:18.820+0000] {logging_mixin.py:151} INFO - [2026-01-08T12:43:18.820+0000] {dag.py:3696} INFO - Setting next_dagrun for ingestionDAG to 2026-01-08T12:42:48.819897+00:00, run_after=2026-01-08T12:43:18.819897+00:00
[2026-01-08T12:43:18.834+0000] {processor.py:179} INFO - Processing /opt/airflow/dags/ingest_local_folder_dag.py took 0.226 seconds
[2026-01-08T12:43:49.020+0000] {processor.py:157} INFO - Started process (PID=7222) to work on /opt/airflow/dags/ingest_local_folder_dag.py
[2026-01-08T12:43:49.021+0000] {processor.py:829} INFO - Processing file /opt/airflow/dags/ingest_local_folder_dag.py for tasks to queue
[2026-01-08T12:43:49.022+0000] {logging_mixin.py:151} INFO - [2026-01-08T12:43:49.021+0000] {dagbag.py:539} INFO - Filling up the DagBag from /opt/airflow/dags/ingest_local_folder_dag.py
[2026-01-08T12:43:49.182+0000] {processor.py:839} INFO - DAG(s) dict_keys(['ingestionDAG']) retrieved from /opt/airflow/dags/ingest_local_folder_dag.py
[2026-01-08T12:43:49.210+0000] {logging_mixin.py:151} INFO - [2026-01-08T12:43:49.210+0000] {dag.py:2915} INFO - Sync 1 DAGs
[2026-01-08T12:43:49.229+0000] {logging_mixin.py:151} INFO - [2026-01-08T12:43:49.229+0000] {dag.py:3696} INFO - Setting next_dagrun for ingestionDAG to 2026-01-08T12:43:19.229275+00:00, run_after=2026-01-08T12:43:49.229275+00:00
[2026-01-08T12:43:49.249+0000] {processor.py:179} INFO - Processing /opt/airflow/dags/ingest_local_folder_dag.py took 0.233 seconds
[2026-01-08T12:44:19.455+0000] {processor.py:157} INFO - Started process (PID=7236) to work on /opt/airflow/dags/ingest_local_folder_dag.py
[2026-01-08T12:44:19.456+0000] {processor.py:829} INFO - Processing file /opt/airflow/dags/ingest_local_folder_dag.py for tasks to queue
[2026-01-08T12:44:19.457+0000] {logging_mixin.py:151} INFO - [2026-01-08T12:44:19.457+0000] {dagbag.py:539} INFO - Filling up the DagBag from /opt/airflow/dags/ingest_local_folder_dag.py
[2026-01-08T12:44:19.618+0000] {processor.py:839} INFO - DAG(s) dict_keys(['ingestionDAG']) retrieved from /opt/airflow/dags/ingest_local_folder_dag.py
[2026-01-08T12:44:19.647+0000] {logging_mixin.py:151} INFO - [2026-01-08T12:44:19.647+0000] {dag.py:2915} INFO - Sync 1 DAGs
[2026-01-08T12:44:19.665+0000] {logging_mixin.py:151} INFO - [2026-01-08T12:44:19.665+0000] {dag.py:3696} INFO - Setting next_dagrun for ingestionDAG to 2026-01-08T12:43:49.665591+00:00, run_after=2026-01-08T12:44:19.665591+00:00
[2026-01-08T12:44:19.679+0000] {processor.py:179} INFO - Processing /opt/airflow/dags/ingest_local_folder_dag.py took 0.227 seconds
[2026-01-08T12:44:49.883+0000] {processor.py:157} INFO - Started process (PID=7247) to work on /opt/airflow/dags/ingest_local_folder_dag.py
[2026-01-08T12:44:49.884+0000] {processor.py:829} INFO - Processing file /opt/airflow/dags/ingest_local_folder_dag.py for tasks to queue
[2026-01-08T12:44:49.884+0000] {logging_mixin.py:151} INFO - [2026-01-08T12:44:49.884+0000] {dagbag.py:539} INFO - Filling up the DagBag from /opt/airflow/dags/ingest_local_folder_dag.py
[2026-01-08T12:44:50.043+0000] {processor.py:839} INFO - DAG(s) dict_keys(['ingestionDAG']) retrieved from /opt/airflow/dags/ingest_local_folder_dag.py
[2026-01-08T12:44:50.071+0000] {logging_mixin.py:151} INFO - [2026-01-08T12:44:50.071+0000] {dag.py:2915} INFO - Sync 1 DAGs
[2026-01-08T12:44:50.090+0000] {logging_mixin.py:151} INFO - [2026-01-08T12:44:50.090+0000] {dag.py:3696} INFO - Setting next_dagrun for ingestionDAG to 2026-01-08T12:44:20.090071+00:00, run_after=2026-01-08T12:44:50.090071+00:00
[2026-01-08T12:44:50.103+0000] {processor.py:179} INFO - Processing /opt/airflow/dags/ingest_local_folder_dag.py took 0.225 seconds
[2026-01-08T12:45:20.298+0000] {processor.py:157} INFO - Started process (PID=7261) to work on /opt/airflow/dags/ingest_local_folder_dag.py
[2026-01-08T12:45:20.299+0000] {processor.py:829} INFO - Processing file /opt/airflow/dags/ingest_local_folder_dag.py for tasks to queue
[2026-01-08T12:45:20.300+0000] {logging_mixin.py:151} INFO - [2026-01-08T12:45:20.300+0000] {dagbag.py:539} INFO - Filling up the DagBag from /opt/airflow/dags/ingest_local_folder_dag.py
[2026-01-08T12:45:20.458+0000] {processor.py:839} INFO - DAG(s) dict_keys(['ingestionDAG']) retrieved from /opt/airflow/dags/ingest_local_folder_dag.py
[2026-01-08T12:45:20.486+0000] {logging_mixin.py:151} INFO - [2026-01-08T12:45:20.486+0000] {dag.py:2915} INFO - Sync 1 DAGs
[2026-01-08T12:45:20.505+0000] {logging_mixin.py:151} INFO - [2026-01-08T12:45:20.505+0000] {dag.py:3696} INFO - Setting next_dagrun for ingestionDAG to 2026-01-08T12:44:50.505073+00:00, run_after=2026-01-08T12:45:20.505073+00:00
[2026-01-08T12:45:20.519+0000] {processor.py:179} INFO - Processing /opt/airflow/dags/ingest_local_folder_dag.py took 0.224 seconds
[2026-01-08T12:45:50.733+0000] {processor.py:157} INFO - Started process (PID=7275) to work on /opt/airflow/dags/ingest_local_folder_dag.py
[2026-01-08T12:45:50.734+0000] {processor.py:829} INFO - Processing file /opt/airflow/dags/ingest_local_folder_dag.py for tasks to queue
[2026-01-08T12:45:50.735+0000] {logging_mixin.py:151} INFO - [2026-01-08T12:45:50.734+0000] {dagbag.py:539} INFO - Filling up the DagBag from /opt/airflow/dags/ingest_local_folder_dag.py
[2026-01-08T12:45:50.894+0000] {processor.py:839} INFO - DAG(s) dict_keys(['ingestionDAG']) retrieved from /opt/airflow/dags/ingest_local_folder_dag.py
[2026-01-08T12:45:50.922+0000] {logging_mixin.py:151} INFO - [2026-01-08T12:45:50.922+0000] {dag.py:2915} INFO - Sync 1 DAGs
[2026-01-08T12:45:50.940+0000] {logging_mixin.py:151} INFO - [2026-01-08T12:45:50.940+0000] {dag.py:3696} INFO - Setting next_dagrun for ingestionDAG to 2026-01-08T12:45:20.939956+00:00, run_after=2026-01-08T12:45:50.939956+00:00
[2026-01-08T12:45:50.953+0000] {processor.py:179} INFO - Processing /opt/airflow/dags/ingest_local_folder_dag.py took 0.224 seconds
[2026-01-08T12:46:21.140+0000] {processor.py:157} INFO - Started process (PID=7286) to work on /opt/airflow/dags/ingest_local_folder_dag.py
[2026-01-08T12:46:21.141+0000] {processor.py:829} INFO - Processing file /opt/airflow/dags/ingest_local_folder_dag.py for tasks to queue
[2026-01-08T12:46:21.142+0000] {logging_mixin.py:151} INFO - [2026-01-08T12:46:21.142+0000] {dagbag.py:539} INFO - Filling up the DagBag from /opt/airflow/dags/ingest_local_folder_dag.py
[2026-01-08T12:46:21.300+0000] {processor.py:839} INFO - DAG(s) dict_keys(['ingestionDAG']) retrieved from /opt/airflow/dags/ingest_local_folder_dag.py
[2026-01-08T12:46:21.327+0000] {logging_mixin.py:151} INFO - [2026-01-08T12:46:21.327+0000] {dag.py:2915} INFO - Sync 1 DAGs
[2026-01-08T12:46:21.345+0000] {logging_mixin.py:151} INFO - [2026-01-08T12:46:21.345+0000] {dag.py:3696} INFO - Setting next_dagrun for ingestionDAG to 2026-01-08T12:45:51.345405+00:00, run_after=2026-01-08T12:46:21.345405+00:00
[2026-01-08T12:46:21.360+0000] {processor.py:179} INFO - Processing /opt/airflow/dags/ingest_local_folder_dag.py took 0.224 seconds
[2026-01-08T12:46:51.564+0000] {processor.py:157} INFO - Started process (PID=7300) to work on /opt/airflow/dags/ingest_local_folder_dag.py
[2026-01-08T12:46:51.564+0000] {processor.py:829} INFO - Processing file /opt/airflow/dags/ingest_local_folder_dag.py for tasks to queue
[2026-01-08T12:46:51.565+0000] {logging_mixin.py:151} INFO - [2026-01-08T12:46:51.565+0000] {dagbag.py:539} INFO - Filling up the DagBag from /opt/airflow/dags/ingest_local_folder_dag.py
[2026-01-08T12:46:51.726+0000] {processor.py:839} INFO - DAG(s) dict_keys(['ingestionDAG']) retrieved from /opt/airflow/dags/ingest_local_folder_dag.py
[2026-01-08T12:46:51.753+0000] {logging_mixin.py:151} INFO - [2026-01-08T12:46:51.753+0000] {dag.py:2915} INFO - Sync 1 DAGs
[2026-01-08T12:46:51.772+0000] {logging_mixin.py:151} INFO - [2026-01-08T12:46:51.772+0000] {dag.py:3696} INFO - Setting next_dagrun for ingestionDAG to 2026-01-08T12:46:21.772352+00:00, run_after=2026-01-08T12:46:51.772352+00:00
[2026-01-08T12:46:51.786+0000] {processor.py:179} INFO - Processing /opt/airflow/dags/ingest_local_folder_dag.py took 0.226 seconds
[2026-01-08T12:47:21.989+0000] {processor.py:157} INFO - Started process (PID=7314) to work on /opt/airflow/dags/ingest_local_folder_dag.py
[2026-01-08T12:47:21.990+0000] {processor.py:829} INFO - Processing file /opt/airflow/dags/ingest_local_folder_dag.py for tasks to queue
[2026-01-08T12:47:21.991+0000] {logging_mixin.py:151} INFO - [2026-01-08T12:47:21.990+0000] {dagbag.py:539} INFO - Filling up the DagBag from /opt/airflow/dags/ingest_local_folder_dag.py
[2026-01-08T12:47:22.149+0000] {processor.py:839} INFO - DAG(s) dict_keys(['ingestionDAG']) retrieved from /opt/airflow/dags/ingest_local_folder_dag.py
[2026-01-08T12:47:22.178+0000] {logging_mixin.py:151} INFO - [2026-01-08T12:47:22.178+0000] {dag.py:2915} INFO - Sync 1 DAGs
[2026-01-08T12:47:22.197+0000] {logging_mixin.py:151} INFO - [2026-01-08T12:47:22.197+0000] {dag.py:3696} INFO - Setting next_dagrun for ingestionDAG to 2026-01-08T12:46:52.197168+00:00, run_after=2026-01-08T12:47:22.197168+00:00
[2026-01-08T12:47:22.216+0000] {processor.py:179} INFO - Processing /opt/airflow/dags/ingest_local_folder_dag.py took 0.231 seconds
[2026-01-08T12:47:52.450+0000] {processor.py:157} INFO - Started process (PID=7325) to work on /opt/airflow/dags/ingest_local_folder_dag.py
[2026-01-08T12:47:52.451+0000] {processor.py:829} INFO - Processing file /opt/airflow/dags/ingest_local_folder_dag.py for tasks to queue
[2026-01-08T12:47:52.452+0000] {logging_mixin.py:151} INFO - [2026-01-08T12:47:52.451+0000] {dagbag.py:539} INFO - Filling up the DagBag from /opt/airflow/dags/ingest_local_folder_dag.py
[2026-01-08T12:47:52.611+0000] {processor.py:839} INFO - DAG(s) dict_keys(['ingestionDAG']) retrieved from /opt/airflow/dags/ingest_local_folder_dag.py
[2026-01-08T12:47:52.639+0000] {logging_mixin.py:151} INFO - [2026-01-08T12:47:52.639+0000] {dag.py:2915} INFO - Sync 1 DAGs
[2026-01-08T12:47:52.658+0000] {logging_mixin.py:151} INFO - [2026-01-08T12:47:52.658+0000] {dag.py:3696} INFO - Setting next_dagrun for ingestionDAG to 2026-01-08T12:47:22.658179+00:00, run_after=2026-01-08T12:47:52.658179+00:00
[2026-01-08T12:47:52.672+0000] {processor.py:179} INFO - Processing /opt/airflow/dags/ingest_local_folder_dag.py took 0.226 seconds
[2026-01-08T12:48:22.865+0000] {processor.py:157} INFO - Started process (PID=7339) to work on /opt/airflow/dags/ingest_local_folder_dag.py
[2026-01-08T12:48:22.866+0000] {processor.py:829} INFO - Processing file /opt/airflow/dags/ingest_local_folder_dag.py for tasks to queue
[2026-01-08T12:48:22.867+0000] {logging_mixin.py:151} INFO - [2026-01-08T12:48:22.866+0000] {dagbag.py:539} INFO - Filling up the DagBag from /opt/airflow/dags/ingest_local_folder_dag.py
[2026-01-08T12:48:23.023+0000] {processor.py:839} INFO - DAG(s) dict_keys(['ingestionDAG']) retrieved from /opt/airflow/dags/ingest_local_folder_dag.py
[2026-01-08T12:48:23.052+0000] {logging_mixin.py:151} INFO - [2026-01-08T12:48:23.051+0000] {dag.py:2915} INFO - Sync 1 DAGs
[2026-01-08T12:48:23.070+0000] {logging_mixin.py:151} INFO - [2026-01-08T12:48:23.070+0000] {dag.py:3696} INFO - Setting next_dagrun for ingestionDAG to 2026-01-08T12:47:53.069904+00:00, run_after=2026-01-08T12:48:23.069904+00:00
[2026-01-08T12:48:23.083+0000] {processor.py:179} INFO - Processing /opt/airflow/dags/ingest_local_folder_dag.py took 0.222 seconds
[2026-01-08T12:48:53.280+0000] {processor.py:157} INFO - Started process (PID=7353) to work on /opt/airflow/dags/ingest_local_folder_dag.py
[2026-01-08T12:48:53.281+0000] {processor.py:829} INFO - Processing file /opt/airflow/dags/ingest_local_folder_dag.py for tasks to queue
[2026-01-08T12:48:53.282+0000] {logging_mixin.py:151} INFO - [2026-01-08T12:48:53.281+0000] {dagbag.py:539} INFO - Filling up the DagBag from /opt/airflow/dags/ingest_local_folder_dag.py
[2026-01-08T12:48:53.439+0000] {processor.py:839} INFO - DAG(s) dict_keys(['ingestionDAG']) retrieved from /opt/airflow/dags/ingest_local_folder_dag.py
[2026-01-08T12:48:53.468+0000] {logging_mixin.py:151} INFO - [2026-01-08T12:48:53.467+0000] {dag.py:2915} INFO - Sync 1 DAGs
[2026-01-08T12:48:53.486+0000] {logging_mixin.py:151} INFO - [2026-01-08T12:48:53.486+0000] {dag.py:3696} INFO - Setting next_dagrun for ingestionDAG to 2026-01-08T12:48:23.485964+00:00, run_after=2026-01-08T12:48:53.485964+00:00
[2026-01-08T12:48:53.499+0000] {processor.py:179} INFO - Processing /opt/airflow/dags/ingest_local_folder_dag.py took 0.223 seconds
[2026-01-08T12:49:23.690+0000] {processor.py:157} INFO - Started process (PID=7364) to work on /opt/airflow/dags/ingest_local_folder_dag.py
[2026-01-08T12:49:23.691+0000] {processor.py:829} INFO - Processing file /opt/airflow/dags/ingest_local_folder_dag.py for tasks to queue
[2026-01-08T12:49:23.692+0000] {logging_mixin.py:151} INFO - [2026-01-08T12:49:23.692+0000] {dagbag.py:539} INFO - Filling up the DagBag from /opt/airflow/dags/ingest_local_folder_dag.py
[2026-01-08T12:49:23.852+0000] {processor.py:839} INFO - DAG(s) dict_keys(['ingestionDAG']) retrieved from /opt/airflow/dags/ingest_local_folder_dag.py
[2026-01-08T12:49:23.880+0000] {logging_mixin.py:151} INFO - [2026-01-08T12:49:23.879+0000] {dag.py:2915} INFO - Sync 1 DAGs
[2026-01-08T12:49:23.899+0000] {logging_mixin.py:151} INFO - [2026-01-08T12:49:23.899+0000] {dag.py:3696} INFO - Setting next_dagrun for ingestionDAG to 2026-01-08T12:48:53.898961+00:00, run_after=2026-01-08T12:49:23.898961+00:00
[2026-01-08T12:49:23.913+0000] {processor.py:179} INFO - Processing /opt/airflow/dags/ingest_local_folder_dag.py took 0.226 seconds
[2026-01-08T12:49:54.087+0000] {processor.py:157} INFO - Started process (PID=7378) to work on /opt/airflow/dags/ingest_local_folder_dag.py
[2026-01-08T12:49:54.088+0000] {processor.py:829} INFO - Processing file /opt/airflow/dags/ingest_local_folder_dag.py for tasks to queue
[2026-01-08T12:49:54.088+0000] {logging_mixin.py:151} INFO - [2026-01-08T12:49:54.088+0000] {dagbag.py:539} INFO - Filling up the DagBag from /opt/airflow/dags/ingest_local_folder_dag.py
[2026-01-08T12:49:54.247+0000] {processor.py:839} INFO - DAG(s) dict_keys(['ingestionDAG']) retrieved from /opt/airflow/dags/ingest_local_folder_dag.py
[2026-01-08T12:49:54.275+0000] {logging_mixin.py:151} INFO - [2026-01-08T12:49:54.274+0000] {dag.py:2915} INFO - Sync 1 DAGs
[2026-01-08T12:49:54.294+0000] {logging_mixin.py:151} INFO - [2026-01-08T12:49:54.294+0000] {dag.py:3696} INFO - Setting next_dagrun for ingestionDAG to 2026-01-08T12:49:24.294078+00:00, run_after=2026-01-08T12:49:54.294078+00:00
[2026-01-08T12:49:54.308+0000] {processor.py:179} INFO - Processing /opt/airflow/dags/ingest_local_folder_dag.py took 0.224 seconds
[2026-01-08T12:50:24.508+0000] {processor.py:157} INFO - Started process (PID=7392) to work on /opt/airflow/dags/ingest_local_folder_dag.py
[2026-01-08T12:50:24.508+0000] {processor.py:829} INFO - Processing file /opt/airflow/dags/ingest_local_folder_dag.py for tasks to queue
[2026-01-08T12:50:24.509+0000] {logging_mixin.py:151} INFO - [2026-01-08T12:50:24.509+0000] {dagbag.py:539} INFO - Filling up the DagBag from /opt/airflow/dags/ingest_local_folder_dag.py
[2026-01-08T12:50:24.668+0000] {processor.py:839} INFO - DAG(s) dict_keys(['ingestionDAG']) retrieved from /opt/airflow/dags/ingest_local_folder_dag.py
[2026-01-08T12:50:24.697+0000] {logging_mixin.py:151} INFO - [2026-01-08T12:50:24.697+0000] {dag.py:2915} INFO - Sync 1 DAGs
[2026-01-08T12:50:24.715+0000] {logging_mixin.py:151} INFO - [2026-01-08T12:50:24.715+0000] {dag.py:3696} INFO - Setting next_dagrun for ingestionDAG to 2026-01-08T12:49:54.715224+00:00, run_after=2026-01-08T12:50:24.715224+00:00
[2026-01-08T12:50:24.729+0000] {processor.py:179} INFO - Processing /opt/airflow/dags/ingest_local_folder_dag.py took 0.225 seconds
[2026-01-08T12:50:54.923+0000] {processor.py:157} INFO - Started process (PID=7403) to work on /opt/airflow/dags/ingest_local_folder_dag.py
[2026-01-08T12:50:54.923+0000] {processor.py:829} INFO - Processing file /opt/airflow/dags/ingest_local_folder_dag.py for tasks to queue
[2026-01-08T12:50:54.924+0000] {logging_mixin.py:151} INFO - [2026-01-08T12:50:54.924+0000] {dagbag.py:539} INFO - Filling up the DagBag from /opt/airflow/dags/ingest_local_folder_dag.py
[2026-01-08T12:50:55.085+0000] {processor.py:839} INFO - DAG(s) dict_keys(['ingestionDAG']) retrieved from /opt/airflow/dags/ingest_local_folder_dag.py
[2026-01-08T12:50:55.113+0000] {logging_mixin.py:151} INFO - [2026-01-08T12:50:55.113+0000] {dag.py:2915} INFO - Sync 1 DAGs
[2026-01-08T12:50:55.131+0000] {logging_mixin.py:151} INFO - [2026-01-08T12:50:55.131+0000] {dag.py:3696} INFO - Setting next_dagrun for ingestionDAG to 2026-01-08T12:50:25.131465+00:00, run_after=2026-01-08T12:50:55.131465+00:00
[2026-01-08T12:50:55.145+0000] {processor.py:179} INFO - Processing /opt/airflow/dags/ingest_local_folder_dag.py took 0.226 seconds
[2026-01-08T12:51:25.358+0000] {processor.py:157} INFO - Started process (PID=7417) to work on /opt/airflow/dags/ingest_local_folder_dag.py
[2026-01-08T12:51:25.360+0000] {processor.py:829} INFO - Processing file /opt/airflow/dags/ingest_local_folder_dag.py for tasks to queue
[2026-01-08T12:51:25.362+0000] {logging_mixin.py:151} INFO - [2026-01-08T12:51:25.361+0000] {dagbag.py:539} INFO - Filling up the DagBag from /opt/airflow/dags/ingest_local_folder_dag.py
[2026-01-08T12:51:25.526+0000] {processor.py:839} INFO - DAG(s) dict_keys(['ingestionDAG']) retrieved from /opt/airflow/dags/ingest_local_folder_dag.py
[2026-01-08T12:51:25.554+0000] {logging_mixin.py:151} INFO - [2026-01-08T12:51:25.554+0000] {dag.py:2915} INFO - Sync 1 DAGs
[2026-01-08T12:51:25.573+0000] {logging_mixin.py:151} INFO - [2026-01-08T12:51:25.572+0000] {dag.py:3696} INFO - Setting next_dagrun for ingestionDAG to 2026-01-08T12:50:55.572751+00:00, run_after=2026-01-08T12:51:25.572751+00:00
[2026-01-08T12:51:25.586+0000] {processor.py:179} INFO - Processing /opt/airflow/dags/ingest_local_folder_dag.py took 0.239 seconds
[2026-01-08T12:51:55.777+0000] {processor.py:157} INFO - Started process (PID=7429) to work on /opt/airflow/dags/ingest_local_folder_dag.py
[2026-01-08T12:51:55.778+0000] {processor.py:829} INFO - Processing file /opt/airflow/dags/ingest_local_folder_dag.py for tasks to queue
[2026-01-08T12:51:55.778+0000] {logging_mixin.py:151} INFO - [2026-01-08T12:51:55.778+0000] {dagbag.py:539} INFO - Filling up the DagBag from /opt/airflow/dags/ingest_local_folder_dag.py
[2026-01-08T12:51:55.941+0000] {processor.py:839} INFO - DAG(s) dict_keys(['ingestionDAG']) retrieved from /opt/airflow/dags/ingest_local_folder_dag.py
[2026-01-08T12:51:55.970+0000] {logging_mixin.py:151} INFO - [2026-01-08T12:51:55.970+0000] {dag.py:2915} INFO - Sync 1 DAGs
[2026-01-08T12:51:55.990+0000] {logging_mixin.py:151} INFO - [2026-01-08T12:51:55.990+0000] {dag.py:3696} INFO - Setting next_dagrun for ingestionDAG to 2026-01-08T12:51:25.989972+00:00, run_after=2026-01-08T12:51:55.989972+00:00
[2026-01-08T12:51:56.006+0000] {processor.py:179} INFO - Processing /opt/airflow/dags/ingest_local_folder_dag.py took 0.233 seconds
[2026-01-08T12:52:26.260+0000] {processor.py:157} INFO - Started process (PID=7439) to work on /opt/airflow/dags/ingest_local_folder_dag.py
[2026-01-08T12:52:26.261+0000] {processor.py:829} INFO - Processing file /opt/airflow/dags/ingest_local_folder_dag.py for tasks to queue
[2026-01-08T12:52:26.261+0000] {logging_mixin.py:151} INFO - [2026-01-08T12:52:26.261+0000] {dagbag.py:539} INFO - Filling up the DagBag from /opt/airflow/dags/ingest_local_folder_dag.py
[2026-01-08T12:52:26.425+0000] {processor.py:839} INFO - DAG(s) dict_keys(['ingestionDAG']) retrieved from /opt/airflow/dags/ingest_local_folder_dag.py
[2026-01-08T12:52:26.455+0000] {logging_mixin.py:151} INFO - [2026-01-08T12:52:26.455+0000] {dag.py:2915} INFO - Sync 1 DAGs
[2026-01-08T12:52:26.476+0000] {logging_mixin.py:151} INFO - [2026-01-08T12:52:26.476+0000] {dag.py:3696} INFO - Setting next_dagrun for ingestionDAG to 2026-01-08T12:51:56.476366+00:00, run_after=2026-01-08T12:52:26.476366+00:00
[2026-01-08T12:52:26.491+0000] {processor.py:179} INFO - Processing /opt/airflow/dags/ingest_local_folder_dag.py took 0.235 seconds
[2026-01-08T12:52:56.698+0000] {processor.py:157} INFO - Started process (PID=7450) to work on /opt/airflow/dags/ingest_local_folder_dag.py
[2026-01-08T12:52:56.699+0000] {processor.py:829} INFO - Processing file /opt/airflow/dags/ingest_local_folder_dag.py for tasks to queue
[2026-01-08T12:52:56.700+0000] {logging_mixin.py:151} INFO - [2026-01-08T12:52:56.699+0000] {dagbag.py:539} INFO - Filling up the DagBag from /opt/airflow/dags/ingest_local_folder_dag.py
[2026-01-08T12:52:56.861+0000] {processor.py:839} INFO - DAG(s) dict_keys(['ingestionDAG']) retrieved from /opt/airflow/dags/ingest_local_folder_dag.py
[2026-01-08T12:52:56.890+0000] {logging_mixin.py:151} INFO - [2026-01-08T12:52:56.889+0000] {dag.py:2915} INFO - Sync 1 DAGs
[2026-01-08T12:52:56.908+0000] {logging_mixin.py:151} INFO - [2026-01-08T12:52:56.908+0000] {dag.py:3696} INFO - Setting next_dagrun for ingestionDAG to 2026-01-08T12:52:26.908239+00:00, run_after=2026-01-08T12:52:56.908239+00:00
[2026-01-08T12:52:56.922+0000] {processor.py:179} INFO - Processing /opt/airflow/dags/ingest_local_folder_dag.py took 0.228 seconds
[2026-01-08T12:53:27.153+0000] {processor.py:157} INFO - Started process (PID=7464) to work on /opt/airflow/dags/ingest_local_folder_dag.py
[2026-01-08T12:53:27.156+0000] {processor.py:829} INFO - Processing file /opt/airflow/dags/ingest_local_folder_dag.py for tasks to queue
[2026-01-08T12:53:27.158+0000] {logging_mixin.py:151} INFO - [2026-01-08T12:53:27.157+0000] {dagbag.py:539} INFO - Filling up the DagBag from /opt/airflow/dags/ingest_local_folder_dag.py
[2026-01-08T12:53:27.321+0000] {processor.py:839} INFO - DAG(s) dict_keys(['ingestionDAG']) retrieved from /opt/airflow/dags/ingest_local_folder_dag.py
[2026-01-08T12:53:27.349+0000] {logging_mixin.py:151} INFO - [2026-01-08T12:53:27.349+0000] {dag.py:2915} INFO - Sync 1 DAGs
[2026-01-08T12:53:27.368+0000] {logging_mixin.py:151} INFO - [2026-01-08T12:53:27.367+0000] {dag.py:3696} INFO - Setting next_dagrun for ingestionDAG to 2026-01-08T12:52:57.367746+00:00, run_after=2026-01-08T12:53:27.367746+00:00
[2026-01-08T12:53:27.381+0000] {processor.py:179} INFO - Processing /opt/airflow/dags/ingest_local_folder_dag.py took 0.240 seconds
[2026-01-08T12:53:57.600+0000] {processor.py:157} INFO - Started process (PID=7475) to work on /opt/airflow/dags/ingest_local_folder_dag.py
[2026-01-08T12:53:57.600+0000] {processor.py:829} INFO - Processing file /opt/airflow/dags/ingest_local_folder_dag.py for tasks to queue
[2026-01-08T12:53:57.601+0000] {logging_mixin.py:151} INFO - [2026-01-08T12:53:57.601+0000] {dagbag.py:539} INFO - Filling up the DagBag from /opt/airflow/dags/ingest_local_folder_dag.py
[2026-01-08T12:53:57.760+0000] {processor.py:839} INFO - DAG(s) dict_keys(['ingestionDAG']) retrieved from /opt/airflow/dags/ingest_local_folder_dag.py
[2026-01-08T12:53:57.788+0000] {logging_mixin.py:151} INFO - [2026-01-08T12:53:57.788+0000] {dag.py:2915} INFO - Sync 1 DAGs
[2026-01-08T12:53:57.807+0000] {logging_mixin.py:151} INFO - [2026-01-08T12:53:57.807+0000] {dag.py:3696} INFO - Setting next_dagrun for ingestionDAG to 2026-01-08T12:53:27.807087+00:00, run_after=2026-01-08T12:53:57.807087+00:00
[2026-01-08T12:53:57.821+0000] {processor.py:179} INFO - Processing /opt/airflow/dags/ingest_local_folder_dag.py took 0.225 seconds
[2026-01-08T12:54:28.022+0000] {processor.py:157} INFO - Started process (PID=7489) to work on /opt/airflow/dags/ingest_local_folder_dag.py
[2026-01-08T12:54:28.023+0000] {processor.py:829} INFO - Processing file /opt/airflow/dags/ingest_local_folder_dag.py for tasks to queue
[2026-01-08T12:54:28.024+0000] {logging_mixin.py:151} INFO - [2026-01-08T12:54:28.023+0000] {dagbag.py:539} INFO - Filling up the DagBag from /opt/airflow/dags/ingest_local_folder_dag.py
[2026-01-08T12:54:28.185+0000] {processor.py:839} INFO - DAG(s) dict_keys(['ingestionDAG']) retrieved from /opt/airflow/dags/ingest_local_folder_dag.py
[2026-01-08T12:54:28.213+0000] {logging_mixin.py:151} INFO - [2026-01-08T12:54:28.212+0000] {dag.py:2915} INFO - Sync 1 DAGs
[2026-01-08T12:54:28.231+0000] {logging_mixin.py:151} INFO - [2026-01-08T12:54:28.231+0000] {dag.py:3696} INFO - Setting next_dagrun for ingestionDAG to 2026-01-08T12:53:58.230973+00:00, run_after=2026-01-08T12:54:28.230973+00:00
[2026-01-08T12:54:28.246+0000] {processor.py:179} INFO - Processing /opt/airflow/dags/ingest_local_folder_dag.py took 0.228 seconds
[2026-01-08T12:54:58.435+0000] {processor.py:157} INFO - Started process (PID=7503) to work on /opt/airflow/dags/ingest_local_folder_dag.py
[2026-01-08T12:54:58.436+0000] {processor.py:829} INFO - Processing file /opt/airflow/dags/ingest_local_folder_dag.py for tasks to queue
[2026-01-08T12:54:58.437+0000] {logging_mixin.py:151} INFO - [2026-01-08T12:54:58.436+0000] {dagbag.py:539} INFO - Filling up the DagBag from /opt/airflow/dags/ingest_local_folder_dag.py
[2026-01-08T12:54:58.596+0000] {processor.py:839} INFO - DAG(s) dict_keys(['ingestionDAG']) retrieved from /opt/airflow/dags/ingest_local_folder_dag.py
[2026-01-08T12:54:58.625+0000] {logging_mixin.py:151} INFO - [2026-01-08T12:54:58.624+0000] {dag.py:2915} INFO - Sync 1 DAGs
[2026-01-08T12:54:58.642+0000] {logging_mixin.py:151} INFO - [2026-01-08T12:54:58.642+0000] {dag.py:3696} INFO - Setting next_dagrun for ingestionDAG to 2026-01-08T12:54:28.642410+00:00, run_after=2026-01-08T12:54:58.642410+00:00
[2026-01-08T12:54:58.657+0000] {processor.py:179} INFO - Processing /opt/airflow/dags/ingest_local_folder_dag.py took 0.227 seconds
[2026-01-08T12:55:28.860+0000] {processor.py:157} INFO - Started process (PID=7514) to work on /opt/airflow/dags/ingest_local_folder_dag.py
[2026-01-08T12:55:28.861+0000] {processor.py:829} INFO - Processing file /opt/airflow/dags/ingest_local_folder_dag.py for tasks to queue
[2026-01-08T12:55:28.862+0000] {logging_mixin.py:151} INFO - [2026-01-08T12:55:28.862+0000] {dagbag.py:539} INFO - Filling up the DagBag from /opt/airflow/dags/ingest_local_folder_dag.py
[2026-01-08T12:55:29.021+0000] {processor.py:839} INFO - DAG(s) dict_keys(['ingestionDAG']) retrieved from /opt/airflow/dags/ingest_local_folder_dag.py
[2026-01-08T12:55:29.051+0000] {logging_mixin.py:151} INFO - [2026-01-08T12:55:29.050+0000] {dag.py:2915} INFO - Sync 1 DAGs
[2026-01-08T12:55:29.071+0000] {logging_mixin.py:151} INFO - [2026-01-08T12:55:29.071+0000] {dag.py:3696} INFO - Setting next_dagrun for ingestionDAG to 2026-01-08T12:54:59.070960+00:00, run_after=2026-01-08T12:55:29.070960+00:00
[2026-01-08T12:55:29.085+0000] {processor.py:179} INFO - Processing /opt/airflow/dags/ingest_local_folder_dag.py took 0.228 seconds
[2026-01-08T12:55:59.310+0000] {processor.py:157} INFO - Started process (PID=7528) to work on /opt/airflow/dags/ingest_local_folder_dag.py
[2026-01-08T12:55:59.312+0000] {processor.py:829} INFO - Processing file /opt/airflow/dags/ingest_local_folder_dag.py for tasks to queue
[2026-01-08T12:55:59.314+0000] {logging_mixin.py:151} INFO - [2026-01-08T12:55:59.314+0000] {dagbag.py:539} INFO - Filling up the DagBag from /opt/airflow/dags/ingest_local_folder_dag.py
[2026-01-08T12:55:59.477+0000] {processor.py:839} INFO - DAG(s) dict_keys(['ingestionDAG']) retrieved from /opt/airflow/dags/ingest_local_folder_dag.py
[2026-01-08T12:55:59.505+0000] {logging_mixin.py:151} INFO - [2026-01-08T12:55:59.505+0000] {dag.py:2915} INFO - Sync 1 DAGs
[2026-01-08T12:55:59.523+0000] {logging_mixin.py:151} INFO - [2026-01-08T12:55:59.523+0000] {dag.py:3696} INFO - Setting next_dagrun for ingestionDAG to 2026-01-08T12:55:29.523572+00:00, run_after=2026-01-08T12:55:59.523572+00:00
[2026-01-08T12:55:59.537+0000] {processor.py:179} INFO - Processing /opt/airflow/dags/ingest_local_folder_dag.py took 0.238 seconds
[2026-01-08T12:56:29.751+0000] {processor.py:157} INFO - Started process (PID=7542) to work on /opt/airflow/dags/ingest_local_folder_dag.py
[2026-01-08T12:56:29.752+0000] {processor.py:829} INFO - Processing file /opt/airflow/dags/ingest_local_folder_dag.py for tasks to queue
[2026-01-08T12:56:29.753+0000] {logging_mixin.py:151} INFO - [2026-01-08T12:56:29.752+0000] {dagbag.py:539} INFO - Filling up the DagBag from /opt/airflow/dags/ingest_local_folder_dag.py
[2026-01-08T12:56:29.911+0000] {processor.py:839} INFO - DAG(s) dict_keys(['ingestionDAG']) retrieved from /opt/airflow/dags/ingest_local_folder_dag.py
[2026-01-08T12:56:29.939+0000] {logging_mixin.py:151} INFO - [2026-01-08T12:56:29.939+0000] {dag.py:2915} INFO - Sync 1 DAGs
[2026-01-08T12:56:29.958+0000] {logging_mixin.py:151} INFO - [2026-01-08T12:56:29.958+0000] {dag.py:3696} INFO - Setting next_dagrun for ingestionDAG to 2026-01-08T12:55:59.957744+00:00, run_after=2026-01-08T12:56:29.957744+00:00
[2026-01-08T12:56:29.972+0000] {processor.py:179} INFO - Processing /opt/airflow/dags/ingest_local_folder_dag.py took 0.225 seconds
[2026-01-08T12:57:00.166+0000] {processor.py:157} INFO - Started process (PID=7554) to work on /opt/airflow/dags/ingest_local_folder_dag.py
[2026-01-08T12:57:00.166+0000] {processor.py:829} INFO - Processing file /opt/airflow/dags/ingest_local_folder_dag.py for tasks to queue
[2026-01-08T12:57:00.167+0000] {logging_mixin.py:151} INFO - [2026-01-08T12:57:00.167+0000] {dagbag.py:539} INFO - Filling up the DagBag from /opt/airflow/dags/ingest_local_folder_dag.py
[2026-01-08T12:57:00.329+0000] {processor.py:839} INFO - DAG(s) dict_keys(['ingestionDAG']) retrieved from /opt/airflow/dags/ingest_local_folder_dag.py
[2026-01-08T12:57:00.359+0000] {logging_mixin.py:151} INFO - [2026-01-08T12:57:00.359+0000] {dag.py:2915} INFO - Sync 1 DAGs
[2026-01-08T12:57:00.379+0000] {logging_mixin.py:151} INFO - [2026-01-08T12:57:00.379+0000] {dag.py:3696} INFO - Setting next_dagrun for ingestionDAG to 2026-01-08T12:56:30.378999+00:00, run_after=2026-01-08T12:57:00.378999+00:00
[2026-01-08T12:57:00.393+0000] {processor.py:179} INFO - Processing /opt/airflow/dags/ingest_local_folder_dag.py took 0.230 seconds
[2026-01-08T12:57:30.620+0000] {processor.py:157} INFO - Started process (PID=7567) to work on /opt/airflow/dags/ingest_local_folder_dag.py
[2026-01-08T12:57:30.621+0000] {processor.py:829} INFO - Processing file /opt/airflow/dags/ingest_local_folder_dag.py for tasks to queue
[2026-01-08T12:57:30.621+0000] {logging_mixin.py:151} INFO - [2026-01-08T12:57:30.621+0000] {dagbag.py:539} INFO - Filling up the DagBag from /opt/airflow/dags/ingest_local_folder_dag.py
[2026-01-08T12:57:30.779+0000] {processor.py:839} INFO - DAG(s) dict_keys(['ingestionDAG']) retrieved from /opt/airflow/dags/ingest_local_folder_dag.py
[2026-01-08T12:57:30.807+0000] {logging_mixin.py:151} INFO - [2026-01-08T12:57:30.806+0000] {dag.py:2915} INFO - Sync 1 DAGs
[2026-01-08T12:57:30.825+0000] {logging_mixin.py:151} INFO - [2026-01-08T12:57:30.825+0000] {dag.py:3696} INFO - Setting next_dagrun for ingestionDAG to 2026-01-08T12:57:00.825161+00:00, run_after=2026-01-08T12:57:30.825161+00:00
[2026-01-08T12:57:30.838+0000] {processor.py:179} INFO - Processing /opt/airflow/dags/ingest_local_folder_dag.py took 0.222 seconds
[2026-01-08T12:58:01.060+0000] {processor.py:157} INFO - Started process (PID=7581) to work on /opt/airflow/dags/ingest_local_folder_dag.py
[2026-01-08T12:58:01.061+0000] {processor.py:829} INFO - Processing file /opt/airflow/dags/ingest_local_folder_dag.py for tasks to queue
[2026-01-08T12:58:01.063+0000] {logging_mixin.py:151} INFO - [2026-01-08T12:58:01.062+0000] {dagbag.py:539} INFO - Filling up the DagBag from /opt/airflow/dags/ingest_local_folder_dag.py
[2026-01-08T12:58:01.224+0000] {processor.py:839} INFO - DAG(s) dict_keys(['ingestionDAG']) retrieved from /opt/airflow/dags/ingest_local_folder_dag.py
[2026-01-08T12:58:01.251+0000] {logging_mixin.py:151} INFO - [2026-01-08T12:58:01.251+0000] {dag.py:2915} INFO - Sync 1 DAGs
[2026-01-08T12:58:01.269+0000] {logging_mixin.py:151} INFO - [2026-01-08T12:58:01.269+0000] {dag.py:3696} INFO - Setting next_dagrun for ingestionDAG to 2026-01-08T12:57:31.269622+00:00, run_after=2026-01-08T12:58:01.269622+00:00
[2026-01-08T12:58:01.282+0000] {processor.py:179} INFO - Processing /opt/airflow/dags/ingest_local_folder_dag.py took 0.233 seconds
[2026-01-08T12:58:31.509+0000] {processor.py:157} INFO - Started process (PID=7595) to work on /opt/airflow/dags/ingest_local_folder_dag.py
[2026-01-08T12:58:31.510+0000] {processor.py:829} INFO - Processing file /opt/airflow/dags/ingest_local_folder_dag.py for tasks to queue
[2026-01-08T12:58:31.512+0000] {logging_mixin.py:151} INFO - [2026-01-08T12:58:31.511+0000] {dagbag.py:539} INFO - Filling up the DagBag from /opt/airflow/dags/ingest_local_folder_dag.py
[2026-01-08T12:58:31.672+0000] {processor.py:839} INFO - DAG(s) dict_keys(['ingestionDAG']) retrieved from /opt/airflow/dags/ingest_local_folder_dag.py
[2026-01-08T12:58:31.701+0000] {logging_mixin.py:151} INFO - [2026-01-08T12:58:31.701+0000] {dag.py:2915} INFO - Sync 1 DAGs
[2026-01-08T12:58:31.720+0000] {logging_mixin.py:151} INFO - [2026-01-08T12:58:31.720+0000] {dag.py:3696} INFO - Setting next_dagrun for ingestionDAG to 2026-01-08T12:58:01.720389+00:00, run_after=2026-01-08T12:58:31.720389+00:00
[2026-01-08T12:58:31.734+0000] {processor.py:179} INFO - Processing /opt/airflow/dags/ingest_local_folder_dag.py took 0.230 seconds
[2026-01-08T12:59:01.922+0000] {processor.py:157} INFO - Started process (PID=7606) to work on /opt/airflow/dags/ingest_local_folder_dag.py
[2026-01-08T12:59:01.923+0000] {processor.py:829} INFO - Processing file /opt/airflow/dags/ingest_local_folder_dag.py for tasks to queue
[2026-01-08T12:59:01.924+0000] {logging_mixin.py:151} INFO - [2026-01-08T12:59:01.924+0000] {dagbag.py:539} INFO - Filling up the DagBag from /opt/airflow/dags/ingest_local_folder_dag.py
[2026-01-08T12:59:02.096+0000] {processor.py:839} INFO - DAG(s) dict_keys(['ingestionDAG']) retrieved from /opt/airflow/dags/ingest_local_folder_dag.py
[2026-01-08T12:59:02.128+0000] {logging_mixin.py:151} INFO - [2026-01-08T12:59:02.128+0000] {dag.py:2915} INFO - Sync 1 DAGs
[2026-01-08T12:59:02.147+0000] {logging_mixin.py:151} INFO - [2026-01-08T12:59:02.147+0000] {dag.py:3696} INFO - Setting next_dagrun for ingestionDAG to 2026-01-08T12:58:32.147425+00:00, run_after=2026-01-08T12:59:02.147425+00:00
[2026-01-08T12:59:02.161+0000] {processor.py:179} INFO - Processing /opt/airflow/dags/ingest_local_folder_dag.py took 0.242 seconds
[2026-01-08T12:59:32.396+0000] {processor.py:157} INFO - Started process (PID=7620) to work on /opt/airflow/dags/ingest_local_folder_dag.py
[2026-01-08T12:59:32.399+0000] {processor.py:829} INFO - Processing file /opt/airflow/dags/ingest_local_folder_dag.py for tasks to queue
[2026-01-08T12:59:32.401+0000] {logging_mixin.py:151} INFO - [2026-01-08T12:59:32.400+0000] {dagbag.py:539} INFO - Filling up the DagBag from /opt/airflow/dags/ingest_local_folder_dag.py
[2026-01-08T12:59:32.567+0000] {processor.py:839} INFO - DAG(s) dict_keys(['ingestionDAG']) retrieved from /opt/airflow/dags/ingest_local_folder_dag.py
[2026-01-08T12:59:32.596+0000] {logging_mixin.py:151} INFO - [2026-01-08T12:59:32.596+0000] {dag.py:2915} INFO - Sync 1 DAGs
[2026-01-08T12:59:32.615+0000] {logging_mixin.py:151} INFO - [2026-01-08T12:59:32.614+0000] {dag.py:3696} INFO - Setting next_dagrun for ingestionDAG to 2026-01-08T12:59:02.614638+00:00, run_after=2026-01-08T12:59:32.614638+00:00
[2026-01-08T12:59:32.628+0000] {processor.py:179} INFO - Processing /opt/airflow/dags/ingest_local_folder_dag.py took 0.243 seconds
[2026-01-08T13:00:02.821+0000] {processor.py:157} INFO - Started process (PID=7634) to work on /opt/airflow/dags/ingest_local_folder_dag.py
[2026-01-08T13:00:02.822+0000] {processor.py:829} INFO - Processing file /opt/airflow/dags/ingest_local_folder_dag.py for tasks to queue
[2026-01-08T13:00:02.823+0000] {logging_mixin.py:151} INFO - [2026-01-08T13:00:02.823+0000] {dagbag.py:539} INFO - Filling up the DagBag from /opt/airflow/dags/ingest_local_folder_dag.py
[2026-01-08T13:00:02.983+0000] {processor.py:839} INFO - DAG(s) dict_keys(['ingestionDAG']) retrieved from /opt/airflow/dags/ingest_local_folder_dag.py
[2026-01-08T13:00:03.011+0000] {logging_mixin.py:151} INFO - [2026-01-08T13:00:03.011+0000] {dag.py:2915} INFO - Sync 1 DAGs
[2026-01-08T13:00:03.030+0000] {logging_mixin.py:151} INFO - [2026-01-08T13:00:03.029+0000] {dag.py:3696} INFO - Setting next_dagrun for ingestionDAG to 2026-01-08T12:59:33.029639+00:00, run_after=2026-01-08T13:00:03.029639+00:00
[2026-01-08T13:00:03.042+0000] {processor.py:179} INFO - Processing /opt/airflow/dags/ingest_local_folder_dag.py took 0.225 seconds
[2026-01-08T13:00:33.241+0000] {processor.py:157} INFO - Started process (PID=7645) to work on /opt/airflow/dags/ingest_local_folder_dag.py
[2026-01-08T13:00:33.242+0000] {processor.py:829} INFO - Processing file /opt/airflow/dags/ingest_local_folder_dag.py for tasks to queue
[2026-01-08T13:00:33.243+0000] {logging_mixin.py:151} INFO - [2026-01-08T13:00:33.242+0000] {dagbag.py:539} INFO - Filling up the DagBag from /opt/airflow/dags/ingest_local_folder_dag.py
[2026-01-08T13:00:33.404+0000] {processor.py:839} INFO - DAG(s) dict_keys(['ingestionDAG']) retrieved from /opt/airflow/dags/ingest_local_folder_dag.py
[2026-01-08T13:00:33.433+0000] {logging_mixin.py:151} INFO - [2026-01-08T13:00:33.433+0000] {dag.py:2915} INFO - Sync 1 DAGs
[2026-01-08T13:00:33.452+0000] {logging_mixin.py:151} INFO - [2026-01-08T13:00:33.451+0000] {dag.py:3696} INFO - Setting next_dagrun for ingestionDAG to 2026-01-08T13:00:03.451748+00:00, run_after=2026-01-08T13:00:33.451748+00:00
[2026-01-08T13:00:33.468+0000] {processor.py:179} INFO - Processing /opt/airflow/dags/ingest_local_folder_dag.py took 0.230 seconds
[2026-01-08T13:01:03.658+0000] {processor.py:157} INFO - Started process (PID=7659) to work on /opt/airflow/dags/ingest_local_folder_dag.py
[2026-01-08T13:01:03.659+0000] {processor.py:829} INFO - Processing file /opt/airflow/dags/ingest_local_folder_dag.py for tasks to queue
[2026-01-08T13:01:03.660+0000] {logging_mixin.py:151} INFO - [2026-01-08T13:01:03.660+0000] {dagbag.py:539} INFO - Filling up the DagBag from /opt/airflow/dags/ingest_local_folder_dag.py
[2026-01-08T13:01:03.824+0000] {processor.py:839} INFO - DAG(s) dict_keys(['ingestionDAG']) retrieved from /opt/airflow/dags/ingest_local_folder_dag.py
[2026-01-08T13:01:03.852+0000] {logging_mixin.py:151} INFO - [2026-01-08T13:01:03.851+0000] {dag.py:2915} INFO - Sync 1 DAGs
[2026-01-08T13:01:03.873+0000] {logging_mixin.py:151} INFO - [2026-01-08T13:01:03.873+0000] {dag.py:3696} INFO - Setting next_dagrun for ingestionDAG to 2026-01-08T13:00:33.873146+00:00, run_after=2026-01-08T13:01:03.873146+00:00
[2026-01-08T13:01:03.888+0000] {processor.py:179} INFO - Processing /opt/airflow/dags/ingest_local_folder_dag.py took 0.233 seconds
[2026-01-08T13:01:34.073+0000] {processor.py:157} INFO - Started process (PID=7673) to work on /opt/airflow/dags/ingest_local_folder_dag.py
[2026-01-08T13:01:34.073+0000] {processor.py:829} INFO - Processing file /opt/airflow/dags/ingest_local_folder_dag.py for tasks to queue
[2026-01-08T13:01:34.074+0000] {logging_mixin.py:151} INFO - [2026-01-08T13:01:34.074+0000] {dagbag.py:539} INFO - Filling up the DagBag from /opt/airflow/dags/ingest_local_folder_dag.py
[2026-01-08T13:01:34.239+0000] {processor.py:839} INFO - DAG(s) dict_keys(['ingestionDAG']) retrieved from /opt/airflow/dags/ingest_local_folder_dag.py
[2026-01-08T13:01:34.267+0000] {logging_mixin.py:151} INFO - [2026-01-08T13:01:34.267+0000] {dag.py:2915} INFO - Sync 1 DAGs
[2026-01-08T13:01:34.286+0000] {logging_mixin.py:151} INFO - [2026-01-08T13:01:34.286+0000] {dag.py:3696} INFO - Setting next_dagrun for ingestionDAG to 2026-01-08T13:01:04.285948+00:00, run_after=2026-01-08T13:01:34.285948+00:00
[2026-01-08T13:01:34.301+0000] {processor.py:179} INFO - Processing /opt/airflow/dags/ingest_local_folder_dag.py took 0.232 seconds
[2026-01-08T13:02:04.491+0000] {processor.py:157} INFO - Started process (PID=7684) to work on /opt/airflow/dags/ingest_local_folder_dag.py
[2026-01-08T13:02:04.492+0000] {processor.py:829} INFO - Processing file /opt/airflow/dags/ingest_local_folder_dag.py for tasks to queue
[2026-01-08T13:02:04.492+0000] {logging_mixin.py:151} INFO - [2026-01-08T13:02:04.492+0000] {dagbag.py:539} INFO - Filling up the DagBag from /opt/airflow/dags/ingest_local_folder_dag.py
[2026-01-08T13:02:04.649+0000] {processor.py:839} INFO - DAG(s) dict_keys(['ingestionDAG']) retrieved from /opt/airflow/dags/ingest_local_folder_dag.py
[2026-01-08T13:02:04.678+0000] {logging_mixin.py:151} INFO - [2026-01-08T13:02:04.678+0000] {dag.py:2915} INFO - Sync 1 DAGs
[2026-01-08T13:02:04.696+0000] {logging_mixin.py:151} INFO - [2026-01-08T13:02:04.696+0000] {dag.py:3696} INFO - Setting next_dagrun for ingestionDAG to 2026-01-08T13:01:34.696294+00:00, run_after=2026-01-08T13:02:04.696294+00:00
[2026-01-08T13:02:04.710+0000] {processor.py:179} INFO - Processing /opt/airflow/dags/ingest_local_folder_dag.py took 0.224 seconds
[2026-01-08T13:02:34.916+0000] {processor.py:157} INFO - Started process (PID=7698) to work on /opt/airflow/dags/ingest_local_folder_dag.py
[2026-01-08T13:02:34.917+0000] {processor.py:829} INFO - Processing file /opt/airflow/dags/ingest_local_folder_dag.py for tasks to queue
[2026-01-08T13:02:34.918+0000] {logging_mixin.py:151} INFO - [2026-01-08T13:02:34.917+0000] {dagbag.py:539} INFO - Filling up the DagBag from /opt/airflow/dags/ingest_local_folder_dag.py
[2026-01-08T13:02:35.076+0000] {processor.py:839} INFO - DAG(s) dict_keys(['ingestionDAG']) retrieved from /opt/airflow/dags/ingest_local_folder_dag.py
[2026-01-08T13:02:35.105+0000] {logging_mixin.py:151} INFO - [2026-01-08T13:02:35.104+0000] {dag.py:2915} INFO - Sync 1 DAGs
[2026-01-08T13:02:35.123+0000] {logging_mixin.py:151} INFO - [2026-01-08T13:02:35.123+0000] {dag.py:3696} INFO - Setting next_dagrun for ingestionDAG to 2026-01-08T13:02:05.123175+00:00, run_after=2026-01-08T13:02:35.123175+00:00
[2026-01-08T13:02:35.138+0000] {processor.py:179} INFO - Processing /opt/airflow/dags/ingest_local_folder_dag.py took 0.226 seconds
[2026-01-08T13:03:05.339+0000] {processor.py:157} INFO - Started process (PID=7712) to work on /opt/airflow/dags/ingest_local_folder_dag.py
[2026-01-08T13:03:05.340+0000] {processor.py:829} INFO - Processing file /opt/airflow/dags/ingest_local_folder_dag.py for tasks to queue
[2026-01-08T13:03:05.341+0000] {logging_mixin.py:151} INFO - [2026-01-08T13:03:05.341+0000] {dagbag.py:539} INFO - Filling up the DagBag from /opt/airflow/dags/ingest_local_folder_dag.py
[2026-01-08T13:03:05.503+0000] {processor.py:839} INFO - DAG(s) dict_keys(['ingestionDAG']) retrieved from /opt/airflow/dags/ingest_local_folder_dag.py
[2026-01-08T13:03:05.532+0000] {logging_mixin.py:151} INFO - [2026-01-08T13:03:05.531+0000] {dag.py:2915} INFO - Sync 1 DAGs
[2026-01-08T13:03:05.550+0000] {logging_mixin.py:151} INFO - [2026-01-08T13:03:05.550+0000] {dag.py:3696} INFO - Setting next_dagrun for ingestionDAG to 2026-01-08T13:02:35.550271+00:00, run_after=2026-01-08T13:03:05.550271+00:00
[2026-01-08T13:03:05.564+0000] {processor.py:179} INFO - Processing /opt/airflow/dags/ingest_local_folder_dag.py took 0.229 seconds
[2026-01-08T13:03:35.765+0000] {processor.py:157} INFO - Started process (PID=7723) to work on /opt/airflow/dags/ingest_local_folder_dag.py
[2026-01-08T13:03:35.766+0000] {processor.py:829} INFO - Processing file /opt/airflow/dags/ingest_local_folder_dag.py for tasks to queue
[2026-01-08T13:03:35.766+0000] {logging_mixin.py:151} INFO - [2026-01-08T13:03:35.766+0000] {dagbag.py:539} INFO - Filling up the DagBag from /opt/airflow/dags/ingest_local_folder_dag.py
[2026-01-08T13:03:35.924+0000] {processor.py:839} INFO - DAG(s) dict_keys(['ingestionDAG']) retrieved from /opt/airflow/dags/ingest_local_folder_dag.py
[2026-01-08T13:03:35.951+0000] {logging_mixin.py:151} INFO - [2026-01-08T13:03:35.951+0000] {dag.py:2915} INFO - Sync 1 DAGs
[2026-01-08T13:03:35.970+0000] {logging_mixin.py:151} INFO - [2026-01-08T13:03:35.970+0000] {dag.py:3696} INFO - Setting next_dagrun for ingestionDAG to 2026-01-08T13:03:05.970510+00:00, run_after=2026-01-08T13:03:35.970510+00:00
[2026-01-08T13:03:35.984+0000] {processor.py:179} INFO - Processing /opt/airflow/dags/ingest_local_folder_dag.py took 0.223 seconds
[2026-01-08T13:04:06.176+0000] {processor.py:157} INFO - Started process (PID=7737) to work on /opt/airflow/dags/ingest_local_folder_dag.py
[2026-01-08T13:04:06.177+0000] {processor.py:829} INFO - Processing file /opt/airflow/dags/ingest_local_folder_dag.py for tasks to queue
[2026-01-08T13:04:06.178+0000] {logging_mixin.py:151} INFO - [2026-01-08T13:04:06.178+0000] {dagbag.py:539} INFO - Filling up the DagBag from /opt/airflow/dags/ingest_local_folder_dag.py
[2026-01-08T13:04:06.336+0000] {processor.py:839} INFO - DAG(s) dict_keys(['ingestionDAG']) retrieved from /opt/airflow/dags/ingest_local_folder_dag.py
[2026-01-08T13:04:06.364+0000] {logging_mixin.py:151} INFO - [2026-01-08T13:04:06.364+0000] {dag.py:2915} INFO - Sync 1 DAGs
[2026-01-08T13:04:06.383+0000] {logging_mixin.py:151} INFO - [2026-01-08T13:04:06.383+0000] {dag.py:3696} INFO - Setting next_dagrun for ingestionDAG to 2026-01-08T13:03:36.382953+00:00, run_after=2026-01-08T13:04:06.382953+00:00
[2026-01-08T13:04:06.396+0000] {processor.py:179} INFO - Processing /opt/airflow/dags/ingest_local_folder_dag.py took 0.224 seconds
[2026-01-08T13:04:36.599+0000] {processor.py:157} INFO - Started process (PID=7751) to work on /opt/airflow/dags/ingest_local_folder_dag.py
[2026-01-08T13:04:36.600+0000] {processor.py:829} INFO - Processing file /opt/airflow/dags/ingest_local_folder_dag.py for tasks to queue
[2026-01-08T13:04:36.601+0000] {logging_mixin.py:151} INFO - [2026-01-08T13:04:36.600+0000] {dagbag.py:539} INFO - Filling up the DagBag from /opt/airflow/dags/ingest_local_folder_dag.py
[2026-01-08T13:04:36.758+0000] {processor.py:839} INFO - DAG(s) dict_keys(['ingestionDAG']) retrieved from /opt/airflow/dags/ingest_local_folder_dag.py
[2026-01-08T13:04:36.787+0000] {logging_mixin.py:151} INFO - [2026-01-08T13:04:36.787+0000] {dag.py:2915} INFO - Sync 1 DAGs
[2026-01-08T13:04:36.806+0000] {logging_mixin.py:151} INFO - [2026-01-08T13:04:36.805+0000] {dag.py:3696} INFO - Setting next_dagrun for ingestionDAG to 2026-01-08T13:04:06.805717+00:00, run_after=2026-01-08T13:04:36.805717+00:00
[2026-01-08T13:04:36.820+0000] {processor.py:179} INFO - Processing /opt/airflow/dags/ingest_local_folder_dag.py took 0.225 seconds
[2026-01-08T13:05:07.015+0000] {processor.py:157} INFO - Started process (PID=7762) to work on /opt/airflow/dags/ingest_local_folder_dag.py
[2026-01-08T13:05:07.016+0000] {processor.py:829} INFO - Processing file /opt/airflow/dags/ingest_local_folder_dag.py for tasks to queue
[2026-01-08T13:05:07.017+0000] {logging_mixin.py:151} INFO - [2026-01-08T13:05:07.017+0000] {dagbag.py:539} INFO - Filling up the DagBag from /opt/airflow/dags/ingest_local_folder_dag.py
[2026-01-08T13:05:07.174+0000] {processor.py:839} INFO - DAG(s) dict_keys(['ingestionDAG']) retrieved from /opt/airflow/dags/ingest_local_folder_dag.py
[2026-01-08T13:05:07.202+0000] {logging_mixin.py:151} INFO - [2026-01-08T13:05:07.202+0000] {dag.py:2915} INFO - Sync 1 DAGs
[2026-01-08T13:05:07.220+0000] {logging_mixin.py:151} INFO - [2026-01-08T13:05:07.220+0000] {dag.py:3696} INFO - Setting next_dagrun for ingestionDAG to 2026-01-08T13:04:37.220579+00:00, run_after=2026-01-08T13:05:07.220579+00:00
[2026-01-08T13:05:07.235+0000] {processor.py:179} INFO - Processing /opt/airflow/dags/ingest_local_folder_dag.py took 0.224 seconds
[2026-01-08T13:05:37.434+0000] {processor.py:157} INFO - Started process (PID=7776) to work on /opt/airflow/dags/ingest_local_folder_dag.py
[2026-01-08T13:05:37.435+0000] {processor.py:829} INFO - Processing file /opt/airflow/dags/ingest_local_folder_dag.py for tasks to queue
[2026-01-08T13:05:37.436+0000] {logging_mixin.py:151} INFO - [2026-01-08T13:05:37.436+0000] {dagbag.py:539} INFO - Filling up the DagBag from /opt/airflow/dags/ingest_local_folder_dag.py
[2026-01-08T13:05:37.593+0000] {processor.py:839} INFO - DAG(s) dict_keys(['ingestionDAG']) retrieved from /opt/airflow/dags/ingest_local_folder_dag.py
[2026-01-08T13:05:37.622+0000] {logging_mixin.py:151} INFO - [2026-01-08T13:05:37.622+0000] {dag.py:2915} INFO - Sync 1 DAGs
[2026-01-08T13:05:37.640+0000] {logging_mixin.py:151} INFO - [2026-01-08T13:05:37.640+0000] {dag.py:3696} INFO - Setting next_dagrun for ingestionDAG to 2026-01-08T13:05:07.640378+00:00, run_after=2026-01-08T13:05:37.640378+00:00
[2026-01-08T13:05:37.654+0000] {processor.py:179} INFO - Processing /opt/airflow/dags/ingest_local_folder_dag.py took 0.223 seconds
[2026-01-08T13:06:07.877+0000] {processor.py:157} INFO - Started process (PID=7790) to work on /opt/airflow/dags/ingest_local_folder_dag.py
[2026-01-08T13:06:07.879+0000] {processor.py:829} INFO - Processing file /opt/airflow/dags/ingest_local_folder_dag.py for tasks to queue
[2026-01-08T13:06:07.882+0000] {logging_mixin.py:151} INFO - [2026-01-08T13:06:07.881+0000] {dagbag.py:539} INFO - Filling up the DagBag from /opt/airflow/dags/ingest_local_folder_dag.py
[2026-01-08T13:06:08.046+0000] {processor.py:839} INFO - DAG(s) dict_keys(['ingestionDAG']) retrieved from /opt/airflow/dags/ingest_local_folder_dag.py
[2026-01-08T13:06:08.074+0000] {logging_mixin.py:151} INFO - [2026-01-08T13:06:08.074+0000] {dag.py:2915} INFO - Sync 1 DAGs
[2026-01-08T13:06:08.092+0000] {logging_mixin.py:151} INFO - [2026-01-08T13:06:08.092+0000] {dag.py:3696} INFO - Setting next_dagrun for ingestionDAG to 2026-01-08T13:05:38.092449+00:00, run_after=2026-01-08T13:06:08.092449+00:00
[2026-01-08T13:06:08.106+0000] {processor.py:179} INFO - Processing /opt/airflow/dags/ingest_local_folder_dag.py took 0.241 seconds
[2026-01-08T13:06:38.320+0000] {processor.py:157} INFO - Started process (PID=7801) to work on /opt/airflow/dags/ingest_local_folder_dag.py
[2026-01-08T13:06:38.321+0000] {processor.py:829} INFO - Processing file /opt/airflow/dags/ingest_local_folder_dag.py for tasks to queue
[2026-01-08T13:06:38.322+0000] {logging_mixin.py:151} INFO - [2026-01-08T13:06:38.322+0000] {dagbag.py:539} INFO - Filling up the DagBag from /opt/airflow/dags/ingest_local_folder_dag.py
[2026-01-08T13:06:38.483+0000] {processor.py:839} INFO - DAG(s) dict_keys(['ingestionDAG']) retrieved from /opt/airflow/dags/ingest_local_folder_dag.py
[2026-01-08T13:06:38.510+0000] {logging_mixin.py:151} INFO - [2026-01-08T13:06:38.510+0000] {dag.py:2915} INFO - Sync 1 DAGs
[2026-01-08T13:06:38.529+0000] {logging_mixin.py:151} INFO - [2026-01-08T13:06:38.529+0000] {dag.py:3696} INFO - Setting next_dagrun for ingestionDAG to 2026-01-08T13:06:08.529522+00:00, run_after=2026-01-08T13:06:38.529522+00:00
[2026-01-08T13:06:38.542+0000] {processor.py:179} INFO - Processing /opt/airflow/dags/ingest_local_folder_dag.py took 0.226 seconds
[2026-01-08T13:07:08.733+0000] {processor.py:157} INFO - Started process (PID=7815) to work on /opt/airflow/dags/ingest_local_folder_dag.py
[2026-01-08T13:07:08.734+0000] {processor.py:829} INFO - Processing file /opt/airflow/dags/ingest_local_folder_dag.py for tasks to queue
[2026-01-08T13:07:08.735+0000] {logging_mixin.py:151} INFO - [2026-01-08T13:07:08.734+0000] {dagbag.py:539} INFO - Filling up the DagBag from /opt/airflow/dags/ingest_local_folder_dag.py
[2026-01-08T13:07:08.891+0000] {processor.py:839} INFO - DAG(s) dict_keys(['ingestionDAG']) retrieved from /opt/airflow/dags/ingest_local_folder_dag.py
[2026-01-08T13:07:08.919+0000] {logging_mixin.py:151} INFO - [2026-01-08T13:07:08.919+0000] {dag.py:2915} INFO - Sync 1 DAGs
[2026-01-08T13:07:08.938+0000] {logging_mixin.py:151} INFO - [2026-01-08T13:07:08.938+0000] {dag.py:3696} INFO - Setting next_dagrun for ingestionDAG to 2026-01-08T13:06:38.937763+00:00, run_after=2026-01-08T13:07:08.937763+00:00
[2026-01-08T13:07:08.952+0000] {processor.py:179} INFO - Processing /opt/airflow/dags/ingest_local_folder_dag.py took 0.222 seconds
[2026-01-08T13:07:39.135+0000] {processor.py:157} INFO - Started process (PID=7829) to work on /opt/airflow/dags/ingest_local_folder_dag.py
[2026-01-08T13:07:39.136+0000] {processor.py:829} INFO - Processing file /opt/airflow/dags/ingest_local_folder_dag.py for tasks to queue
[2026-01-08T13:07:39.137+0000] {logging_mixin.py:151} INFO - [2026-01-08T13:07:39.136+0000] {dagbag.py:539} INFO - Filling up the DagBag from /opt/airflow/dags/ingest_local_folder_dag.py
[2026-01-08T13:07:39.296+0000] {processor.py:839} INFO - DAG(s) dict_keys(['ingestionDAG']) retrieved from /opt/airflow/dags/ingest_local_folder_dag.py
[2026-01-08T13:07:39.325+0000] {logging_mixin.py:151} INFO - [2026-01-08T13:07:39.324+0000] {dag.py:2915} INFO - Sync 1 DAGs
[2026-01-08T13:07:39.343+0000] {logging_mixin.py:151} INFO - [2026-01-08T13:07:39.343+0000] {dag.py:3696} INFO - Setting next_dagrun for ingestionDAG to 2026-01-08T13:07:09.343499+00:00, run_after=2026-01-08T13:07:39.343499+00:00
[2026-01-08T13:07:39.358+0000] {processor.py:179} INFO - Processing /opt/airflow/dags/ingest_local_folder_dag.py took 0.227 seconds
[2026-01-08T13:08:09.562+0000] {processor.py:157} INFO - Started process (PID=7840) to work on /opt/airflow/dags/ingest_local_folder_dag.py
[2026-01-08T13:08:09.563+0000] {processor.py:829} INFO - Processing file /opt/airflow/dags/ingest_local_folder_dag.py for tasks to queue
[2026-01-08T13:08:09.563+0000] {logging_mixin.py:151} INFO - [2026-01-08T13:08:09.563+0000] {dagbag.py:539} INFO - Filling up the DagBag from /opt/airflow/dags/ingest_local_folder_dag.py
[2026-01-08T13:08:09.721+0000] {processor.py:839} INFO - DAG(s) dict_keys(['ingestionDAG']) retrieved from /opt/airflow/dags/ingest_local_folder_dag.py
[2026-01-08T13:08:09.749+0000] {logging_mixin.py:151} INFO - [2026-01-08T13:08:09.748+0000] {dag.py:2915} INFO - Sync 1 DAGs
[2026-01-08T13:08:09.767+0000] {logging_mixin.py:151} INFO - [2026-01-08T13:08:09.767+0000] {dag.py:3696} INFO - Setting next_dagrun for ingestionDAG to 2026-01-08T13:07:39.766942+00:00, run_after=2026-01-08T13:08:09.766942+00:00
[2026-01-08T13:08:09.780+0000] {processor.py:179} INFO - Processing /opt/airflow/dags/ingest_local_folder_dag.py took 0.222 seconds
[2026-01-08T13:08:39.967+0000] {processor.py:157} INFO - Started process (PID=7854) to work on /opt/airflow/dags/ingest_local_folder_dag.py
[2026-01-08T13:08:39.976+0000] {processor.py:829} INFO - Processing file /opt/airflow/dags/ingest_local_folder_dag.py for tasks to queue
[2026-01-08T13:08:39.977+0000] {logging_mixin.py:151} INFO - [2026-01-08T13:08:39.976+0000] {dagbag.py:539} INFO - Filling up the DagBag from /opt/airflow/dags/ingest_local_folder_dag.py
[2026-01-08T13:08:40.140+0000] {processor.py:839} INFO - DAG(s) dict_keys(['ingestionDAG']) retrieved from /opt/airflow/dags/ingest_local_folder_dag.py
[2026-01-08T13:08:40.169+0000] {logging_mixin.py:151} INFO - [2026-01-08T13:08:40.169+0000] {dag.py:2915} INFO - Sync 1 DAGs
[2026-01-08T13:08:40.187+0000] {logging_mixin.py:151} INFO - [2026-01-08T13:08:40.187+0000] {dag.py:3696} INFO - Setting next_dagrun for ingestionDAG to 2026-01-08T13:08:10.187348+00:00, run_after=2026-01-08T13:08:40.187348+00:00
[2026-01-08T13:08:40.230+0000] {processor.py:179} INFO - Processing /opt/airflow/dags/ingest_local_folder_dag.py took 0.266 seconds
[2026-01-08T13:09:11.162+0000] {processor.py:157} INFO - Started process (PID=7868) to work on /opt/airflow/dags/ingest_local_folder_dag.py
[2026-01-08T13:09:11.163+0000] {processor.py:829} INFO - Processing file /opt/airflow/dags/ingest_local_folder_dag.py for tasks to queue
[2026-01-08T13:09:11.164+0000] {logging_mixin.py:151} INFO - [2026-01-08T13:09:11.164+0000] {dagbag.py:539} INFO - Filling up the DagBag from /opt/airflow/dags/ingest_local_folder_dag.py
[2026-01-08T13:09:11.327+0000] {processor.py:839} INFO - DAG(s) dict_keys(['ingestionDAG']) retrieved from /opt/airflow/dags/ingest_local_folder_dag.py
[2026-01-08T13:09:11.355+0000] {logging_mixin.py:151} INFO - [2026-01-08T13:09:11.355+0000] {dag.py:2915} INFO - Sync 1 DAGs
[2026-01-08T13:09:11.375+0000] {logging_mixin.py:151} INFO - [2026-01-08T13:09:11.375+0000] {dag.py:3696} INFO - Setting next_dagrun for ingestionDAG to 2026-01-08T13:08:41.375417+00:00, run_after=2026-01-08T13:09:11.375417+00:00
[2026-01-08T13:09:11.390+0000] {processor.py:179} INFO - Processing /opt/airflow/dags/ingest_local_folder_dag.py took 0.234 seconds
[2026-01-08T13:09:41.578+0000] {processor.py:157} INFO - Started process (PID=7879) to work on /opt/airflow/dags/ingest_local_folder_dag.py
[2026-01-08T13:09:41.579+0000] {processor.py:829} INFO - Processing file /opt/airflow/dags/ingest_local_folder_dag.py for tasks to queue
[2026-01-08T13:09:41.580+0000] {logging_mixin.py:151} INFO - [2026-01-08T13:09:41.580+0000] {dagbag.py:539} INFO - Filling up the DagBag from /opt/airflow/dags/ingest_local_folder_dag.py
[2026-01-08T13:09:41.742+0000] {processor.py:839} INFO - DAG(s) dict_keys(['ingestionDAG']) retrieved from /opt/airflow/dags/ingest_local_folder_dag.py
[2026-01-08T13:09:41.771+0000] {logging_mixin.py:151} INFO - [2026-01-08T13:09:41.770+0000] {dag.py:2915} INFO - Sync 1 DAGs
[2026-01-08T13:09:41.792+0000] {logging_mixin.py:151} INFO - [2026-01-08T13:09:41.792+0000] {dag.py:3696} INFO - Setting next_dagrun for ingestionDAG to 2026-01-08T13:09:11.791818+00:00, run_after=2026-01-08T13:09:41.791818+00:00
[2026-01-08T13:09:41.807+0000] {processor.py:179} INFO - Processing /opt/airflow/dags/ingest_local_folder_dag.py took 0.232 seconds
[2026-01-08T13:10:12.008+0000] {processor.py:157} INFO - Started process (PID=7893) to work on /opt/airflow/dags/ingest_local_folder_dag.py
[2026-01-08T13:10:12.009+0000] {processor.py:829} INFO - Processing file /opt/airflow/dags/ingest_local_folder_dag.py for tasks to queue
[2026-01-08T13:10:12.009+0000] {logging_mixin.py:151} INFO - [2026-01-08T13:10:12.009+0000] {dagbag.py:539} INFO - Filling up the DagBag from /opt/airflow/dags/ingest_local_folder_dag.py
[2026-01-08T13:10:12.168+0000] {processor.py:839} INFO - DAG(s) dict_keys(['ingestionDAG']) retrieved from /opt/airflow/dags/ingest_local_folder_dag.py
[2026-01-08T13:10:12.196+0000] {logging_mixin.py:151} INFO - [2026-01-08T13:10:12.196+0000] {dag.py:2915} INFO - Sync 1 DAGs
[2026-01-08T13:10:12.214+0000] {logging_mixin.py:151} INFO - [2026-01-08T13:10:12.213+0000] {dag.py:3696} INFO - Setting next_dagrun for ingestionDAG to 2026-01-08T13:09:42.213667+00:00, run_after=2026-01-08T13:10:12.213667+00:00
[2026-01-08T13:10:12.227+0000] {processor.py:179} INFO - Processing /opt/airflow/dags/ingest_local_folder_dag.py took 0.223 seconds
[2026-01-08T13:10:42.425+0000] {processor.py:157} INFO - Started process (PID=7907) to work on /opt/airflow/dags/ingest_local_folder_dag.py
[2026-01-08T13:10:42.426+0000] {processor.py:829} INFO - Processing file /opt/airflow/dags/ingest_local_folder_dag.py for tasks to queue
[2026-01-08T13:10:42.426+0000] {logging_mixin.py:151} INFO - [2026-01-08T13:10:42.426+0000] {dagbag.py:539} INFO - Filling up the DagBag from /opt/airflow/dags/ingest_local_folder_dag.py
[2026-01-08T13:10:42.584+0000] {processor.py:839} INFO - DAG(s) dict_keys(['ingestionDAG']) retrieved from /opt/airflow/dags/ingest_local_folder_dag.py
[2026-01-08T13:10:42.612+0000] {logging_mixin.py:151} INFO - [2026-01-08T13:10:42.612+0000] {dag.py:2915} INFO - Sync 1 DAGs
[2026-01-08T13:10:42.631+0000] {logging_mixin.py:151} INFO - [2026-01-08T13:10:42.631+0000] {dag.py:3696} INFO - Setting next_dagrun for ingestionDAG to 2026-01-08T13:10:12.631163+00:00, run_after=2026-01-08T13:10:42.631163+00:00
[2026-01-08T13:10:42.645+0000] {processor.py:179} INFO - Processing /opt/airflow/dags/ingest_local_folder_dag.py took 0.224 seconds
[2026-01-08T13:11:12.878+0000] {processor.py:157} INFO - Started process (PID=7918) to work on /opt/airflow/dags/ingest_local_folder_dag.py
[2026-01-08T13:11:12.881+0000] {processor.py:829} INFO - Processing file /opt/airflow/dags/ingest_local_folder_dag.py for tasks to queue
[2026-01-08T13:11:12.883+0000] {logging_mixin.py:151} INFO - [2026-01-08T13:11:12.882+0000] {dagbag.py:539} INFO - Filling up the DagBag from /opt/airflow/dags/ingest_local_folder_dag.py
[2026-01-08T13:11:13.046+0000] {processor.py:839} INFO - DAG(s) dict_keys(['ingestionDAG']) retrieved from /opt/airflow/dags/ingest_local_folder_dag.py
[2026-01-08T13:11:13.075+0000] {logging_mixin.py:151} INFO - [2026-01-08T13:11:13.074+0000] {dag.py:2915} INFO - Sync 1 DAGs
[2026-01-08T13:11:13.092+0000] {logging_mixin.py:151} INFO - [2026-01-08T13:11:13.092+0000] {dag.py:3696} INFO - Setting next_dagrun for ingestionDAG to 2026-01-08T13:10:43.092550+00:00, run_after=2026-01-08T13:11:13.092550+00:00
[2026-01-08T13:11:13.106+0000] {processor.py:179} INFO - Processing /opt/airflow/dags/ingest_local_folder_dag.py took 0.239 seconds
[2026-01-08T13:11:43.298+0000] {processor.py:157} INFO - Started process (PID=7932) to work on /opt/airflow/dags/ingest_local_folder_dag.py
[2026-01-08T13:11:43.299+0000] {processor.py:829} INFO - Processing file /opt/airflow/dags/ingest_local_folder_dag.py for tasks to queue
[2026-01-08T13:11:43.300+0000] {logging_mixin.py:151} INFO - [2026-01-08T13:11:43.299+0000] {dagbag.py:539} INFO - Filling up the DagBag from /opt/airflow/dags/ingest_local_folder_dag.py
[2026-01-08T13:11:43.456+0000] {processor.py:839} INFO - DAG(s) dict_keys(['ingestionDAG']) retrieved from /opt/airflow/dags/ingest_local_folder_dag.py
[2026-01-08T13:11:43.484+0000] {logging_mixin.py:151} INFO - [2026-01-08T13:11:43.484+0000] {dag.py:2915} INFO - Sync 1 DAGs
[2026-01-08T13:11:43.503+0000] {logging_mixin.py:151} INFO - [2026-01-08T13:11:43.503+0000] {dag.py:3696} INFO - Setting next_dagrun for ingestionDAG to 2026-01-08T13:11:13.502790+00:00, run_after=2026-01-08T13:11:43.502790+00:00
[2026-01-08T13:11:43.517+0000] {processor.py:179} INFO - Processing /opt/airflow/dags/ingest_local_folder_dag.py took 0.223 seconds
[2026-01-08T13:12:13.737+0000] {processor.py:157} INFO - Started process (PID=7946) to work on /opt/airflow/dags/ingest_local_folder_dag.py
[2026-01-08T13:12:13.738+0000] {processor.py:829} INFO - Processing file /opt/airflow/dags/ingest_local_folder_dag.py for tasks to queue
[2026-01-08T13:12:13.738+0000] {logging_mixin.py:151} INFO - [2026-01-08T13:12:13.738+0000] {dagbag.py:539} INFO - Filling up the DagBag from /opt/airflow/dags/ingest_local_folder_dag.py
[2026-01-08T13:12:13.896+0000] {processor.py:839} INFO - DAG(s) dict_keys(['ingestionDAG']) retrieved from /opt/airflow/dags/ingest_local_folder_dag.py
[2026-01-08T13:12:13.925+0000] {logging_mixin.py:151} INFO - [2026-01-08T13:12:13.925+0000] {dag.py:2915} INFO - Sync 1 DAGs
[2026-01-08T13:12:13.945+0000] {logging_mixin.py:151} INFO - [2026-01-08T13:12:13.944+0000] {dag.py:3696} INFO - Setting next_dagrun for ingestionDAG to 2026-01-08T13:11:43.944704+00:00, run_after=2026-01-08T13:12:13.944704+00:00
[2026-01-08T13:12:13.958+0000] {processor.py:179} INFO - Processing /opt/airflow/dags/ingest_local_folder_dag.py took 0.225 seconds
[2026-01-08T13:12:44.187+0000] {processor.py:157} INFO - Started process (PID=7957) to work on /opt/airflow/dags/ingest_local_folder_dag.py
[2026-01-08T13:12:44.188+0000] {processor.py:829} INFO - Processing file /opt/airflow/dags/ingest_local_folder_dag.py for tasks to queue
[2026-01-08T13:12:44.188+0000] {logging_mixin.py:151} INFO - [2026-01-08T13:12:44.188+0000] {dagbag.py:539} INFO - Filling up the DagBag from /opt/airflow/dags/ingest_local_folder_dag.py
[2026-01-08T13:12:44.349+0000] {processor.py:839} INFO - DAG(s) dict_keys(['ingestionDAG']) retrieved from /opt/airflow/dags/ingest_local_folder_dag.py
[2026-01-08T13:12:44.377+0000] {logging_mixin.py:151} INFO - [2026-01-08T13:12:44.377+0000] {dag.py:2915} INFO - Sync 1 DAGs
[2026-01-08T13:12:44.396+0000] {logging_mixin.py:151} INFO - [2026-01-08T13:12:44.396+0000] {dag.py:3696} INFO - Setting next_dagrun for ingestionDAG to 2026-01-08T13:12:14.396098+00:00, run_after=2026-01-08T13:12:44.396098+00:00
[2026-01-08T13:12:44.411+0000] {processor.py:179} INFO - Processing /opt/airflow/dags/ingest_local_folder_dag.py took 0.227 seconds
[2026-01-08T13:13:14.612+0000] {processor.py:157} INFO - Started process (PID=7971) to work on /opt/airflow/dags/ingest_local_folder_dag.py
[2026-01-08T13:13:14.613+0000] {processor.py:829} INFO - Processing file /opt/airflow/dags/ingest_local_folder_dag.py for tasks to queue
[2026-01-08T13:13:14.613+0000] {logging_mixin.py:151} INFO - [2026-01-08T13:13:14.613+0000] {dagbag.py:539} INFO - Filling up the DagBag from /opt/airflow/dags/ingest_local_folder_dag.py
[2026-01-08T13:13:14.774+0000] {processor.py:839} INFO - DAG(s) dict_keys(['ingestionDAG']) retrieved from /opt/airflow/dags/ingest_local_folder_dag.py
[2026-01-08T13:13:14.802+0000] {logging_mixin.py:151} INFO - [2026-01-08T13:13:14.802+0000] {dag.py:2915} INFO - Sync 1 DAGs
[2026-01-08T13:13:14.821+0000] {logging_mixin.py:151} INFO - [2026-01-08T13:13:14.821+0000] {dag.py:3696} INFO - Setting next_dagrun for ingestionDAG to 2026-01-08T13:12:44.821099+00:00, run_after=2026-01-08T13:13:14.821099+00:00
[2026-01-08T13:13:14.836+0000] {processor.py:179} INFO - Processing /opt/airflow/dags/ingest_local_folder_dag.py took 0.227 seconds
[2026-01-08T13:13:45.017+0000] {processor.py:157} INFO - Started process (PID=7985) to work on /opt/airflow/dags/ingest_local_folder_dag.py
[2026-01-08T13:13:45.018+0000] {processor.py:829} INFO - Processing file /opt/airflow/dags/ingest_local_folder_dag.py for tasks to queue
[2026-01-08T13:13:45.019+0000] {logging_mixin.py:151} INFO - [2026-01-08T13:13:45.019+0000] {dagbag.py:539} INFO - Filling up the DagBag from /opt/airflow/dags/ingest_local_folder_dag.py
[2026-01-08T13:13:45.176+0000] {processor.py:839} INFO - DAG(s) dict_keys(['ingestionDAG']) retrieved from /opt/airflow/dags/ingest_local_folder_dag.py
[2026-01-08T13:13:45.204+0000] {logging_mixin.py:151} INFO - [2026-01-08T13:13:45.204+0000] {dag.py:2915} INFO - Sync 1 DAGs
[2026-01-08T13:13:45.223+0000] {logging_mixin.py:151} INFO - [2026-01-08T13:13:45.222+0000] {dag.py:3696} INFO - Setting next_dagrun for ingestionDAG to 2026-01-08T13:13:15.222691+00:00, run_after=2026-01-08T13:13:45.222691+00:00
[2026-01-08T13:13:45.236+0000] {processor.py:179} INFO - Processing /opt/airflow/dags/ingest_local_folder_dag.py took 0.222 seconds
[2026-01-08T13:14:15.442+0000] {processor.py:157} INFO - Started process (PID=7996) to work on /opt/airflow/dags/ingest_local_folder_dag.py
[2026-01-08T13:14:15.443+0000] {processor.py:829} INFO - Processing file /opt/airflow/dags/ingest_local_folder_dag.py for tasks to queue
[2026-01-08T13:14:15.444+0000] {logging_mixin.py:151} INFO - [2026-01-08T13:14:15.443+0000] {dagbag.py:539} INFO - Filling up the DagBag from /opt/airflow/dags/ingest_local_folder_dag.py
[2026-01-08T13:14:15.612+0000] {processor.py:839} INFO - DAG(s) dict_keys(['ingestionDAG']) retrieved from /opt/airflow/dags/ingest_local_folder_dag.py
[2026-01-08T13:14:15.641+0000] {logging_mixin.py:151} INFO - [2026-01-08T13:14:15.641+0000] {dag.py:2915} INFO - Sync 1 DAGs
[2026-01-08T13:14:15.662+0000] {logging_mixin.py:151} INFO - [2026-01-08T13:14:15.662+0000] {dag.py:3696} INFO - Setting next_dagrun for ingestionDAG to 2026-01-08T13:13:45.662222+00:00, run_after=2026-01-08T13:14:15.662222+00:00
[2026-01-08T13:14:15.679+0000] {processor.py:179} INFO - Processing /opt/airflow/dags/ingest_local_folder_dag.py took 0.240 seconds
[2026-01-08T13:14:45.871+0000] {processor.py:157} INFO - Started process (PID=8010) to work on /opt/airflow/dags/ingest_local_folder_dag.py
[2026-01-08T13:14:45.872+0000] {processor.py:829} INFO - Processing file /opt/airflow/dags/ingest_local_folder_dag.py for tasks to queue
[2026-01-08T13:14:45.873+0000] {logging_mixin.py:151} INFO - [2026-01-08T13:14:45.873+0000] {dagbag.py:539} INFO - Filling up the DagBag from /opt/airflow/dags/ingest_local_folder_dag.py
[2026-01-08T13:14:46.033+0000] {processor.py:839} INFO - DAG(s) dict_keys(['ingestionDAG']) retrieved from /opt/airflow/dags/ingest_local_folder_dag.py
[2026-01-08T13:14:46.061+0000] {logging_mixin.py:151} INFO - [2026-01-08T13:14:46.061+0000] {dag.py:2915} INFO - Sync 1 DAGs
[2026-01-08T13:14:46.079+0000] {logging_mixin.py:151} INFO - [2026-01-08T13:14:46.079+0000] {dag.py:3696} INFO - Setting next_dagrun for ingestionDAG to 2026-01-08T13:14:16.079048+00:00, run_after=2026-01-08T13:14:46.079048+00:00
[2026-01-08T13:14:46.095+0000] {processor.py:179} INFO - Processing /opt/airflow/dags/ingest_local_folder_dag.py took 0.227 seconds
[2026-01-08T13:15:16.286+0000] {processor.py:157} INFO - Started process (PID=8024) to work on /opt/airflow/dags/ingest_local_folder_dag.py
[2026-01-08T13:15:16.286+0000] {processor.py:829} INFO - Processing file /opt/airflow/dags/ingest_local_folder_dag.py for tasks to queue
[2026-01-08T13:15:16.287+0000] {logging_mixin.py:151} INFO - [2026-01-08T13:15:16.287+0000] {dagbag.py:539} INFO - Filling up the DagBag from /opt/airflow/dags/ingest_local_folder_dag.py
[2026-01-08T13:15:16.442+0000] {processor.py:839} INFO - DAG(s) dict_keys(['ingestionDAG']) retrieved from /opt/airflow/dags/ingest_local_folder_dag.py
[2026-01-08T13:15:16.471+0000] {logging_mixin.py:151} INFO - [2026-01-08T13:15:16.471+0000] {dag.py:2915} INFO - Sync 1 DAGs
[2026-01-08T13:15:16.491+0000] {logging_mixin.py:151} INFO - [2026-01-08T13:15:16.490+0000] {dag.py:3696} INFO - Setting next_dagrun for ingestionDAG to 2026-01-08T13:14:46.490760+00:00, run_after=2026-01-08T13:15:16.490760+00:00
[2026-01-08T13:15:16.505+0000] {processor.py:179} INFO - Processing /opt/airflow/dags/ingest_local_folder_dag.py took 0.223 seconds
[2026-01-08T13:15:46.721+0000] {processor.py:157} INFO - Started process (PID=8038) to work on /opt/airflow/dags/ingest_local_folder_dag.py
[2026-01-08T13:15:46.723+0000] {processor.py:829} INFO - Processing file /opt/airflow/dags/ingest_local_folder_dag.py for tasks to queue
[2026-01-08T13:15:46.726+0000] {logging_mixin.py:151} INFO - [2026-01-08T13:15:46.725+0000] {dagbag.py:539} INFO - Filling up the DagBag from /opt/airflow/dags/ingest_local_folder_dag.py
[2026-01-08T13:15:46.905+0000] {processor.py:839} INFO - DAG(s) dict_keys(['ingestionDAG']) retrieved from /opt/airflow/dags/ingest_local_folder_dag.py
[2026-01-08T13:15:46.935+0000] {logging_mixin.py:151} INFO - [2026-01-08T13:15:46.935+0000] {dag.py:2915} INFO - Sync 1 DAGs
[2026-01-08T13:15:46.954+0000] {logging_mixin.py:151} INFO - [2026-01-08T13:15:46.954+0000] {dag.py:3696} INFO - Setting next_dagrun for ingestionDAG to 2026-01-08T13:15:16.954053+00:00, run_after=2026-01-08T13:15:46.954053+00:00
[2026-01-08T13:15:46.974+0000] {processor.py:179} INFO - Processing /opt/airflow/dags/ingest_local_folder_dag.py took 0.263 seconds
[2026-01-08T13:16:17.151+0000] {processor.py:157} INFO - Started process (PID=8047) to work on /opt/airflow/dags/ingest_local_folder_dag.py
[2026-01-08T13:16:17.151+0000] {processor.py:829} INFO - Processing file /opt/airflow/dags/ingest_local_folder_dag.py for tasks to queue
[2026-01-08T13:16:17.152+0000] {logging_mixin.py:151} INFO - [2026-01-08T13:16:17.152+0000] {dagbag.py:539} INFO - Filling up the DagBag from /opt/airflow/dags/ingest_local_folder_dag.py
[2026-01-08T13:16:17.315+0000] {processor.py:839} INFO - DAG(s) dict_keys(['ingestionDAG']) retrieved from /opt/airflow/dags/ingest_local_folder_dag.py
[2026-01-08T13:16:17.344+0000] {logging_mixin.py:151} INFO - [2026-01-08T13:16:17.344+0000] {dag.py:2915} INFO - Sync 1 DAGs
[2026-01-08T13:16:17.364+0000] {logging_mixin.py:151} INFO - [2026-01-08T13:16:17.364+0000] {dag.py:3696} INFO - Setting next_dagrun for ingestionDAG to 2026-01-08T13:15:47.363984+00:00, run_after=2026-01-08T13:16:17.363984+00:00
[2026-01-08T13:16:17.378+0000] {processor.py:179} INFO - Processing /opt/airflow/dags/ingest_local_folder_dag.py took 0.230 seconds
[2026-01-08T13:16:47.586+0000] {processor.py:157} INFO - Started process (PID=8060) to work on /opt/airflow/dags/ingest_local_folder_dag.py
[2026-01-08T13:16:47.587+0000] {processor.py:829} INFO - Processing file /opt/airflow/dags/ingest_local_folder_dag.py for tasks to queue
[2026-01-08T13:16:47.588+0000] {logging_mixin.py:151} INFO - [2026-01-08T13:16:47.588+0000] {dagbag.py:539} INFO - Filling up the DagBag from /opt/airflow/dags/ingest_local_folder_dag.py
[2026-01-08T13:16:47.752+0000] {processor.py:839} INFO - DAG(s) dict_keys(['ingestionDAG']) retrieved from /opt/airflow/dags/ingest_local_folder_dag.py
[2026-01-08T13:16:47.782+0000] {logging_mixin.py:151} INFO - [2026-01-08T13:16:47.782+0000] {dag.py:2915} INFO - Sync 1 DAGs
[2026-01-08T13:16:47.802+0000] {logging_mixin.py:151} INFO - [2026-01-08T13:16:47.801+0000] {dag.py:3696} INFO - Setting next_dagrun for ingestionDAG to 2026-01-08T13:16:17.801699+00:00, run_after=2026-01-08T13:16:47.801699+00:00
[2026-01-08T13:16:47.817+0000] {processor.py:179} INFO - Processing /opt/airflow/dags/ingest_local_folder_dag.py took 0.234 seconds
[2026-01-08T13:17:18.016+0000] {processor.py:157} INFO - Started process (PID=8071) to work on /opt/airflow/dags/ingest_local_folder_dag.py
[2026-01-08T13:17:18.017+0000] {processor.py:829} INFO - Processing file /opt/airflow/dags/ingest_local_folder_dag.py for tasks to queue
[2026-01-08T13:17:18.018+0000] {logging_mixin.py:151} INFO - [2026-01-08T13:17:18.017+0000] {dagbag.py:539} INFO - Filling up the DagBag from /opt/airflow/dags/ingest_local_folder_dag.py
[2026-01-08T13:17:18.172+0000] {processor.py:839} INFO - DAG(s) dict_keys(['ingestionDAG']) retrieved from /opt/airflow/dags/ingest_local_folder_dag.py
[2026-01-08T13:17:18.200+0000] {logging_mixin.py:151} INFO - [2026-01-08T13:17:18.200+0000] {dag.py:2915} INFO - Sync 1 DAGs
[2026-01-08T13:17:18.220+0000] {logging_mixin.py:151} INFO - [2026-01-08T13:17:18.220+0000] {dag.py:3696} INFO - Setting next_dagrun for ingestionDAG to 2026-01-08T13:16:48.220211+00:00, run_after=2026-01-08T13:17:18.220211+00:00
[2026-01-08T13:17:18.235+0000] {processor.py:179} INFO - Processing /opt/airflow/dags/ingest_local_folder_dag.py took 0.223 seconds
[2026-01-08T13:17:48.431+0000] {processor.py:157} INFO - Started process (PID=8082) to work on /opt/airflow/dags/ingest_local_folder_dag.py
[2026-01-08T13:17:48.432+0000] {processor.py:829} INFO - Processing file /opt/airflow/dags/ingest_local_folder_dag.py for tasks to queue
[2026-01-08T13:17:48.433+0000] {logging_mixin.py:151} INFO - [2026-01-08T13:17:48.433+0000] {dagbag.py:539} INFO - Filling up the DagBag from /opt/airflow/dags/ingest_local_folder_dag.py
[2026-01-08T13:17:48.590+0000] {processor.py:839} INFO - DAG(s) dict_keys(['ingestionDAG']) retrieved from /opt/airflow/dags/ingest_local_folder_dag.py
[2026-01-08T13:17:48.617+0000] {logging_mixin.py:151} INFO - [2026-01-08T13:17:48.617+0000] {dag.py:2915} INFO - Sync 1 DAGs
[2026-01-08T13:17:48.636+0000] {logging_mixin.py:151} INFO - [2026-01-08T13:17:48.636+0000] {dag.py:3696} INFO - Setting next_dagrun for ingestionDAG to 2026-01-08T13:17:18.635836+00:00, run_after=2026-01-08T13:17:48.635836+00:00
[2026-01-08T13:17:48.649+0000] {processor.py:179} INFO - Processing /opt/airflow/dags/ingest_local_folder_dag.py took 0.221 seconds
[2026-01-08T13:18:18.840+0000] {processor.py:157} INFO - Started process (PID=8096) to work on /opt/airflow/dags/ingest_local_folder_dag.py
[2026-01-08T13:18:18.841+0000] {processor.py:829} INFO - Processing file /opt/airflow/dags/ingest_local_folder_dag.py for tasks to queue
[2026-01-08T13:18:18.843+0000] {logging_mixin.py:151} INFO - [2026-01-08T13:18:18.842+0000] {dagbag.py:539} INFO - Filling up the DagBag from /opt/airflow/dags/ingest_local_folder_dag.py
[2026-01-08T13:18:19.010+0000] {processor.py:839} INFO - DAG(s) dict_keys(['ingestionDAG']) retrieved from /opt/airflow/dags/ingest_local_folder_dag.py
[2026-01-08T13:18:19.039+0000] {logging_mixin.py:151} INFO - [2026-01-08T13:18:19.038+0000] {dag.py:2915} INFO - Sync 1 DAGs
[2026-01-08T13:18:19.058+0000] {logging_mixin.py:151} INFO - [2026-01-08T13:18:19.058+0000] {dag.py:3696} INFO - Setting next_dagrun for ingestionDAG to 2026-01-08T13:17:49.058577+00:00, run_after=2026-01-08T13:18:19.058577+00:00
[2026-01-08T13:18:19.073+0000] {processor.py:179} INFO - Processing /opt/airflow/dags/ingest_local_folder_dag.py took 0.238 seconds
[2026-01-08T13:18:49.266+0000] {processor.py:157} INFO - Started process (PID=8110) to work on /opt/airflow/dags/ingest_local_folder_dag.py
[2026-01-08T13:18:49.267+0000] {processor.py:829} INFO - Processing file /opt/airflow/dags/ingest_local_folder_dag.py for tasks to queue
[2026-01-08T13:18:49.268+0000] {logging_mixin.py:151} INFO - [2026-01-08T13:18:49.268+0000] {dagbag.py:539} INFO - Filling up the DagBag from /opt/airflow/dags/ingest_local_folder_dag.py
[2026-01-08T13:18:49.435+0000] {processor.py:839} INFO - DAG(s) dict_keys(['ingestionDAG']) retrieved from /opt/airflow/dags/ingest_local_folder_dag.py
[2026-01-08T13:18:49.463+0000] {logging_mixin.py:151} INFO - [2026-01-08T13:18:49.463+0000] {dag.py:2915} INFO - Sync 1 DAGs
[2026-01-08T13:18:49.482+0000] {logging_mixin.py:151} INFO - [2026-01-08T13:18:49.482+0000] {dag.py:3696} INFO - Setting next_dagrun for ingestionDAG to 2026-01-08T13:18:19.481852+00:00, run_after=2026-01-08T13:18:49.481852+00:00
[2026-01-08T13:18:49.496+0000] {processor.py:179} INFO - Processing /opt/airflow/dags/ingest_local_folder_dag.py took 0.234 seconds
[2026-01-08T13:19:19.715+0000] {processor.py:157} INFO - Started process (PID=8121) to work on /opt/airflow/dags/ingest_local_folder_dag.py
[2026-01-08T13:19:19.715+0000] {processor.py:829} INFO - Processing file /opt/airflow/dags/ingest_local_folder_dag.py for tasks to queue
[2026-01-08T13:19:19.716+0000] {logging_mixin.py:151} INFO - [2026-01-08T13:19:19.716+0000] {dagbag.py:539} INFO - Filling up the DagBag from /opt/airflow/dags/ingest_local_folder_dag.py
[2026-01-08T13:19:19.873+0000] {processor.py:839} INFO - DAG(s) dict_keys(['ingestionDAG']) retrieved from /opt/airflow/dags/ingest_local_folder_dag.py
[2026-01-08T13:19:19.902+0000] {logging_mixin.py:151} INFO - [2026-01-08T13:19:19.901+0000] {dag.py:2915} INFO - Sync 1 DAGs
[2026-01-08T13:19:19.920+0000] {logging_mixin.py:151} INFO - [2026-01-08T13:19:19.920+0000] {dag.py:3696} INFO - Setting next_dagrun for ingestionDAG to 2026-01-08T13:18:49.920173+00:00, run_after=2026-01-08T13:19:19.920173+00:00
[2026-01-08T13:19:19.934+0000] {processor.py:179} INFO - Processing /opt/airflow/dags/ingest_local_folder_dag.py took 0.223 seconds
[2026-01-08T13:19:50.126+0000] {processor.py:157} INFO - Started process (PID=8135) to work on /opt/airflow/dags/ingest_local_folder_dag.py
[2026-01-08T13:19:50.127+0000] {processor.py:829} INFO - Processing file /opt/airflow/dags/ingest_local_folder_dag.py for tasks to queue
[2026-01-08T13:19:50.128+0000] {logging_mixin.py:151} INFO - [2026-01-08T13:19:50.127+0000] {dagbag.py:539} INFO - Filling up the DagBag from /opt/airflow/dags/ingest_local_folder_dag.py
[2026-01-08T13:19:50.290+0000] {processor.py:839} INFO - DAG(s) dict_keys(['ingestionDAG']) retrieved from /opt/airflow/dags/ingest_local_folder_dag.py
[2026-01-08T13:19:50.317+0000] {logging_mixin.py:151} INFO - [2026-01-08T13:19:50.317+0000] {dag.py:2915} INFO - Sync 1 DAGs
[2026-01-08T13:19:50.335+0000] {logging_mixin.py:151} INFO - [2026-01-08T13:19:50.335+0000] {dag.py:3696} INFO - Setting next_dagrun for ingestionDAG to 2026-01-08T13:19:20.335546+00:00, run_after=2026-01-08T13:19:50.335546+00:00
[2026-01-08T13:19:50.349+0000] {processor.py:179} INFO - Processing /opt/airflow/dags/ingest_local_folder_dag.py took 0.227 seconds
[2026-01-08T13:20:20.565+0000] {processor.py:157} INFO - Started process (PID=8149) to work on /opt/airflow/dags/ingest_local_folder_dag.py
[2026-01-08T13:20:20.567+0000] {processor.py:829} INFO - Processing file /opt/airflow/dags/ingest_local_folder_dag.py for tasks to queue
[2026-01-08T13:20:20.570+0000] {logging_mixin.py:151} INFO - [2026-01-08T13:20:20.569+0000] {dagbag.py:539} INFO - Filling up the DagBag from /opt/airflow/dags/ingest_local_folder_dag.py
[2026-01-08T13:20:20.734+0000] {processor.py:839} INFO - DAG(s) dict_keys(['ingestionDAG']) retrieved from /opt/airflow/dags/ingest_local_folder_dag.py
[2026-01-08T13:20:20.762+0000] {logging_mixin.py:151} INFO - [2026-01-08T13:20:20.762+0000] {dag.py:2915} INFO - Sync 1 DAGs
[2026-01-08T13:20:20.782+0000] {logging_mixin.py:151} INFO - [2026-01-08T13:20:20.782+0000] {dag.py:3696} INFO - Setting next_dagrun for ingestionDAG to 2026-01-08T13:19:50.782116+00:00, run_after=2026-01-08T13:20:20.782116+00:00
[2026-01-08T13:20:20.798+0000] {processor.py:179} INFO - Processing /opt/airflow/dags/ingest_local_folder_dag.py took 0.243 seconds
[2026-01-08T13:20:51.023+0000] {processor.py:157} INFO - Started process (PID=8160) to work on /opt/airflow/dags/ingest_local_folder_dag.py
[2026-01-08T13:20:51.024+0000] {processor.py:829} INFO - Processing file /opt/airflow/dags/ingest_local_folder_dag.py for tasks to queue
[2026-01-08T13:20:51.024+0000] {logging_mixin.py:151} INFO - [2026-01-08T13:20:51.024+0000] {dagbag.py:539} INFO - Filling up the DagBag from /opt/airflow/dags/ingest_local_folder_dag.py
[2026-01-08T13:20:51.181+0000] {processor.py:839} INFO - DAG(s) dict_keys(['ingestionDAG']) retrieved from /opt/airflow/dags/ingest_local_folder_dag.py
[2026-01-08T13:20:51.210+0000] {logging_mixin.py:151} INFO - [2026-01-08T13:20:51.210+0000] {dag.py:2915} INFO - Sync 1 DAGs
[2026-01-08T13:20:51.229+0000] {logging_mixin.py:151} INFO - [2026-01-08T13:20:51.229+0000] {dag.py:3696} INFO - Setting next_dagrun for ingestionDAG to 2026-01-08T13:20:21.229449+00:00, run_after=2026-01-08T13:20:51.229449+00:00
[2026-01-08T13:20:51.243+0000] {processor.py:179} INFO - Processing /opt/airflow/dags/ingest_local_folder_dag.py took 0.224 seconds
[2026-01-08T13:21:21.444+0000] {processor.py:157} INFO - Started process (PID=8174) to work on /opt/airflow/dags/ingest_local_folder_dag.py
[2026-01-08T13:21:21.445+0000] {processor.py:829} INFO - Processing file /opt/airflow/dags/ingest_local_folder_dag.py for tasks to queue
[2026-01-08T13:21:21.445+0000] {logging_mixin.py:151} INFO - [2026-01-08T13:21:21.445+0000] {dagbag.py:539} INFO - Filling up the DagBag from /opt/airflow/dags/ingest_local_folder_dag.py
[2026-01-08T13:21:21.611+0000] {processor.py:839} INFO - DAG(s) dict_keys(['ingestionDAG']) retrieved from /opt/airflow/dags/ingest_local_folder_dag.py
[2026-01-08T13:21:21.641+0000] {logging_mixin.py:151} INFO - [2026-01-08T13:21:21.641+0000] {dag.py:2915} INFO - Sync 1 DAGs
[2026-01-08T13:21:21.659+0000] {logging_mixin.py:151} INFO - [2026-01-08T13:21:21.659+0000] {dag.py:3696} INFO - Setting next_dagrun for ingestionDAG to 2026-01-08T13:20:51.659578+00:00, run_after=2026-01-08T13:21:21.659578+00:00
[2026-01-08T13:21:21.673+0000] {processor.py:179} INFO - Processing /opt/airflow/dags/ingest_local_folder_dag.py took 0.233 seconds
[2026-01-08T13:21:52.633+0000] {processor.py:157} INFO - Started process (PID=8188) to work on /opt/airflow/dags/ingest_local_folder_dag.py
[2026-01-08T13:21:52.634+0000] {processor.py:829} INFO - Processing file /opt/airflow/dags/ingest_local_folder_dag.py for tasks to queue
[2026-01-08T13:21:52.635+0000] {logging_mixin.py:151} INFO - [2026-01-08T13:21:52.635+0000] {dagbag.py:539} INFO - Filling up the DagBag from /opt/airflow/dags/ingest_local_folder_dag.py
[2026-01-08T13:21:52.797+0000] {processor.py:839} INFO - DAG(s) dict_keys(['ingestionDAG']) retrieved from /opt/airflow/dags/ingest_local_folder_dag.py
[2026-01-08T13:21:52.825+0000] {logging_mixin.py:151} INFO - [2026-01-08T13:21:52.825+0000] {dag.py:2915} INFO - Sync 1 DAGs
[2026-01-08T13:21:52.844+0000] {logging_mixin.py:151} INFO - [2026-01-08T13:21:52.844+0000] {dag.py:3696} INFO - Setting next_dagrun for ingestionDAG to 2026-01-08T13:21:22.844102+00:00, run_after=2026-01-08T13:21:52.844102+00:00
[2026-01-08T13:21:52.858+0000] {processor.py:179} INFO - Processing /opt/airflow/dags/ingest_local_folder_dag.py took 0.231 seconds
[2026-01-08T13:22:23.097+0000] {processor.py:157} INFO - Started process (PID=8199) to work on /opt/airflow/dags/ingest_local_folder_dag.py
[2026-01-08T13:22:23.100+0000] {processor.py:829} INFO - Processing file /opt/airflow/dags/ingest_local_folder_dag.py for tasks to queue
[2026-01-08T13:22:23.102+0000] {logging_mixin.py:151} INFO - [2026-01-08T13:22:23.101+0000] {dagbag.py:539} INFO - Filling up the DagBag from /opt/airflow/dags/ingest_local_folder_dag.py
[2026-01-08T13:22:23.280+0000] {processor.py:839} INFO - DAG(s) dict_keys(['ingestionDAG']) retrieved from /opt/airflow/dags/ingest_local_folder_dag.py
[2026-01-08T13:22:23.309+0000] {logging_mixin.py:151} INFO - [2026-01-08T13:22:23.309+0000] {dag.py:2915} INFO - Sync 1 DAGs
[2026-01-08T13:22:23.329+0000] {logging_mixin.py:151} INFO - [2026-01-08T13:22:23.329+0000] {dag.py:3696} INFO - Setting next_dagrun for ingestionDAG to 2026-01-08T13:21:53.328772+00:00, run_after=2026-01-08T13:22:23.328772+00:00
[2026-01-08T13:22:23.343+0000] {processor.py:179} INFO - Processing /opt/airflow/dags/ingest_local_folder_dag.py took 0.256 seconds
[2026-01-08T13:22:53.554+0000] {processor.py:157} INFO - Started process (PID=8213) to work on /opt/airflow/dags/ingest_local_folder_dag.py
[2026-01-08T13:22:53.556+0000] {processor.py:829} INFO - Processing file /opt/airflow/dags/ingest_local_folder_dag.py for tasks to queue
[2026-01-08T13:22:53.559+0000] {logging_mixin.py:151} INFO - [2026-01-08T13:22:53.558+0000] {dagbag.py:539} INFO - Filling up the DagBag from /opt/airflow/dags/ingest_local_folder_dag.py
[2026-01-08T13:22:53.736+0000] {processor.py:839} INFO - DAG(s) dict_keys(['ingestionDAG']) retrieved from /opt/airflow/dags/ingest_local_folder_dag.py
[2026-01-08T13:22:53.765+0000] {logging_mixin.py:151} INFO - [2026-01-08T13:22:53.765+0000] {dag.py:2915} INFO - Sync 1 DAGs
[2026-01-08T13:22:53.784+0000] {logging_mixin.py:151} INFO - [2026-01-08T13:22:53.783+0000] {dag.py:3696} INFO - Setting next_dagrun for ingestionDAG to 2026-01-08T13:22:23.783713+00:00, run_after=2026-01-08T13:22:53.783713+00:00
[2026-01-08T13:22:53.799+0000] {processor.py:179} INFO - Processing /opt/airflow/dags/ingest_local_folder_dag.py took 0.255 seconds
[2026-01-08T13:23:23.995+0000] {processor.py:157} INFO - Started process (PID=8227) to work on /opt/airflow/dags/ingest_local_folder_dag.py
[2026-01-08T13:23:23.997+0000] {processor.py:829} INFO - Processing file /opt/airflow/dags/ingest_local_folder_dag.py for tasks to queue
[2026-01-08T13:23:24.000+0000] {logging_mixin.py:151} INFO - [2026-01-08T13:23:23.998+0000] {dagbag.py:539} INFO - Filling up the DagBag from /opt/airflow/dags/ingest_local_folder_dag.py
[2026-01-08T13:23:24.166+0000] {processor.py:839} INFO - DAG(s) dict_keys(['ingestionDAG']) retrieved from /opt/airflow/dags/ingest_local_folder_dag.py
[2026-01-08T13:23:24.194+0000] {logging_mixin.py:151} INFO - [2026-01-08T13:23:24.194+0000] {dag.py:2915} INFO - Sync 1 DAGs
[2026-01-08T13:23:24.213+0000] {logging_mixin.py:151} INFO - [2026-01-08T13:23:24.213+0000] {dag.py:3696} INFO - Setting next_dagrun for ingestionDAG to 2026-01-08T13:22:54.213558+00:00, run_after=2026-01-08T13:23:24.213558+00:00
[2026-01-08T13:23:24.227+0000] {processor.py:179} INFO - Processing /opt/airflow/dags/ingest_local_folder_dag.py took 0.242 seconds
[2026-01-08T13:23:54.442+0000] {processor.py:157} INFO - Started process (PID=8238) to work on /opt/airflow/dags/ingest_local_folder_dag.py
[2026-01-08T13:23:54.445+0000] {processor.py:829} INFO - Processing file /opt/airflow/dags/ingest_local_folder_dag.py for tasks to queue
[2026-01-08T13:23:54.447+0000] {logging_mixin.py:151} INFO - [2026-01-08T13:23:54.446+0000] {dagbag.py:539} INFO - Filling up the DagBag from /opt/airflow/dags/ingest_local_folder_dag.py
[2026-01-08T13:23:54.620+0000] {processor.py:839} INFO - DAG(s) dict_keys(['ingestionDAG']) retrieved from /opt/airflow/dags/ingest_local_folder_dag.py
[2026-01-08T13:23:54.649+0000] {logging_mixin.py:151} INFO - [2026-01-08T13:23:54.649+0000] {dag.py:2915} INFO - Sync 1 DAGs
[2026-01-08T13:23:54.668+0000] {logging_mixin.py:151} INFO - [2026-01-08T13:23:54.668+0000] {dag.py:3696} INFO - Setting next_dagrun for ingestionDAG to 2026-01-08T13:23:24.668357+00:00, run_after=2026-01-08T13:23:54.668357+00:00
[2026-01-08T13:23:54.683+0000] {processor.py:179} INFO - Processing /opt/airflow/dags/ingest_local_folder_dag.py took 0.251 seconds
[2026-01-08T13:24:24.877+0000] {processor.py:157} INFO - Started process (PID=8252) to work on /opt/airflow/dags/ingest_local_folder_dag.py
[2026-01-08T13:24:24.878+0000] {processor.py:829} INFO - Processing file /opt/airflow/dags/ingest_local_folder_dag.py for tasks to queue
[2026-01-08T13:24:24.879+0000] {logging_mixin.py:151} INFO - [2026-01-08T13:24:24.879+0000] {dagbag.py:539} INFO - Filling up the DagBag from /opt/airflow/dags/ingest_local_folder_dag.py
[2026-01-08T13:24:25.095+0000] {processor.py:839} INFO - DAG(s) dict_keys(['ingestionDAG']) retrieved from /opt/airflow/dags/ingest_local_folder_dag.py
[2026-01-08T13:24:25.130+0000] {logging_mixin.py:151} INFO - [2026-01-08T13:24:25.130+0000] {dag.py:2915} INFO - Sync 1 DAGs
[2026-01-08T13:24:25.152+0000] {logging_mixin.py:151} INFO - [2026-01-08T13:24:25.152+0000] {dag.py:3696} INFO - Setting next_dagrun for ingestionDAG to 2026-01-08T13:23:55.152395+00:00, run_after=2026-01-08T13:24:25.152395+00:00
[2026-01-08T13:24:25.169+0000] {processor.py:179} INFO - Processing /opt/airflow/dags/ingest_local_folder_dag.py took 0.299 seconds
[2026-01-08T13:24:55.358+0000] {processor.py:157} INFO - Started process (PID=8266) to work on /opt/airflow/dags/ingest_local_folder_dag.py
[2026-01-08T13:24:55.359+0000] {processor.py:829} INFO - Processing file /opt/airflow/dags/ingest_local_folder_dag.py for tasks to queue
[2026-01-08T13:24:55.361+0000] {logging_mixin.py:151} INFO - [2026-01-08T13:24:55.360+0000] {dagbag.py:539} INFO - Filling up the DagBag from /opt/airflow/dags/ingest_local_folder_dag.py
[2026-01-08T13:24:55.540+0000] {processor.py:839} INFO - DAG(s) dict_keys(['ingestionDAG']) retrieved from /opt/airflow/dags/ingest_local_folder_dag.py
[2026-01-08T13:24:55.570+0000] {logging_mixin.py:151} INFO - [2026-01-08T13:24:55.570+0000] {dag.py:2915} INFO - Sync 1 DAGs
[2026-01-08T13:24:55.591+0000] {logging_mixin.py:151} INFO - [2026-01-08T13:24:55.591+0000] {dag.py:3696} INFO - Setting next_dagrun for ingestionDAG to 2026-01-08T13:24:25.591297+00:00, run_after=2026-01-08T13:24:55.591297+00:00
[2026-01-08T13:24:55.613+0000] {processor.py:179} INFO - Processing /opt/airflow/dags/ingest_local_folder_dag.py took 0.266 seconds
[2026-01-08T13:25:25.806+0000] {processor.py:157} INFO - Started process (PID=8277) to work on /opt/airflow/dags/ingest_local_folder_dag.py
[2026-01-08T13:25:25.806+0000] {processor.py:829} INFO - Processing file /opt/airflow/dags/ingest_local_folder_dag.py for tasks to queue
[2026-01-08T13:25:25.807+0000] {logging_mixin.py:151} INFO - [2026-01-08T13:25:25.807+0000] {dagbag.py:539} INFO - Filling up the DagBag from /opt/airflow/dags/ingest_local_folder_dag.py
[2026-01-08T13:25:25.972+0000] {processor.py:839} INFO - DAG(s) dict_keys(['ingestionDAG']) retrieved from /opt/airflow/dags/ingest_local_folder_dag.py
[2026-01-08T13:25:26.005+0000] {logging_mixin.py:151} INFO - [2026-01-08T13:25:26.005+0000] {dag.py:2915} INFO - Sync 1 DAGs
[2026-01-08T13:25:26.026+0000] {logging_mixin.py:151} INFO - [2026-01-08T13:25:26.026+0000] {dag.py:3696} INFO - Setting next_dagrun for ingestionDAG to 2026-01-08T13:24:56.026606+00:00, run_after=2026-01-08T13:25:26.026606+00:00
[2026-01-08T13:25:26.042+0000] {processor.py:179} INFO - Processing /opt/airflow/dags/ingest_local_folder_dag.py took 0.240 seconds
[2026-01-08T13:25:56.249+0000] {processor.py:157} INFO - Started process (PID=8291) to work on /opt/airflow/dags/ingest_local_folder_dag.py
[2026-01-08T13:25:56.251+0000] {processor.py:829} INFO - Processing file /opt/airflow/dags/ingest_local_folder_dag.py for tasks to queue
[2026-01-08T13:25:56.252+0000] {logging_mixin.py:151} INFO - [2026-01-08T13:25:56.252+0000] {dagbag.py:539} INFO - Filling up the DagBag from /opt/airflow/dags/ingest_local_folder_dag.py
[2026-01-08T13:25:56.420+0000] {processor.py:839} INFO - DAG(s) dict_keys(['ingestionDAG']) retrieved from /opt/airflow/dags/ingest_local_folder_dag.py
[2026-01-08T13:25:56.447+0000] {logging_mixin.py:151} INFO - [2026-01-08T13:25:56.447+0000] {dag.py:2915} INFO - Sync 1 DAGs
[2026-01-08T13:25:56.465+0000] {logging_mixin.py:151} INFO - [2026-01-08T13:25:56.465+0000] {dag.py:3696} INFO - Setting next_dagrun for ingestionDAG to 2026-01-08T13:25:26.465521+00:00, run_after=2026-01-08T13:25:56.465521+00:00
[2026-01-08T13:25:56.481+0000] {processor.py:179} INFO - Processing /opt/airflow/dags/ingest_local_folder_dag.py took 0.242 seconds
[2026-01-08T13:26:26.684+0000] {processor.py:157} INFO - Started process (PID=8305) to work on /opt/airflow/dags/ingest_local_folder_dag.py
[2026-01-08T13:26:26.685+0000] {processor.py:829} INFO - Processing file /opt/airflow/dags/ingest_local_folder_dag.py for tasks to queue
[2026-01-08T13:26:26.686+0000] {logging_mixin.py:151} INFO - [2026-01-08T13:26:26.685+0000] {dagbag.py:539} INFO - Filling up the DagBag from /opt/airflow/dags/ingest_local_folder_dag.py
[2026-01-08T13:26:26.848+0000] {processor.py:839} INFO - DAG(s) dict_keys(['ingestionDAG']) retrieved from /opt/airflow/dags/ingest_local_folder_dag.py
[2026-01-08T13:26:26.877+0000] {logging_mixin.py:151} INFO - [2026-01-08T13:26:26.877+0000] {dag.py:2915} INFO - Sync 1 DAGs
[2026-01-08T13:26:26.898+0000] {logging_mixin.py:151} INFO - [2026-01-08T13:26:26.898+0000] {dag.py:3696} INFO - Setting next_dagrun for ingestionDAG to 2026-01-08T13:25:56.898358+00:00, run_after=2026-01-08T13:26:26.898358+00:00
[2026-01-08T13:26:26.912+0000] {processor.py:179} INFO - Processing /opt/airflow/dags/ingest_local_folder_dag.py took 0.232 seconds
[2026-01-08T13:26:57.115+0000] {processor.py:157} INFO - Started process (PID=8316) to work on /opt/airflow/dags/ingest_local_folder_dag.py
[2026-01-08T13:26:57.116+0000] {processor.py:829} INFO - Processing file /opt/airflow/dags/ingest_local_folder_dag.py for tasks to queue
[2026-01-08T13:26:57.117+0000] {logging_mixin.py:151} INFO - [2026-01-08T13:26:57.116+0000] {dagbag.py:539} INFO - Filling up the DagBag from /opt/airflow/dags/ingest_local_folder_dag.py
[2026-01-08T13:26:57.279+0000] {processor.py:839} INFO - DAG(s) dict_keys(['ingestionDAG']) retrieved from /opt/airflow/dags/ingest_local_folder_dag.py
[2026-01-08T13:26:57.307+0000] {logging_mixin.py:151} INFO - [2026-01-08T13:26:57.307+0000] {dag.py:2915} INFO - Sync 1 DAGs
[2026-01-08T13:26:57.326+0000] {logging_mixin.py:151} INFO - [2026-01-08T13:26:57.326+0000] {dag.py:3696} INFO - Setting next_dagrun for ingestionDAG to 2026-01-08T13:26:27.325916+00:00, run_after=2026-01-08T13:26:57.325916+00:00
[2026-01-08T13:26:57.339+0000] {processor.py:179} INFO - Processing /opt/airflow/dags/ingest_local_folder_dag.py took 0.228 seconds
[2026-01-08T13:27:27.588+0000] {processor.py:157} INFO - Started process (PID=8330) to work on /opt/airflow/dags/ingest_local_folder_dag.py
[2026-01-08T13:27:27.589+0000] {processor.py:829} INFO - Processing file /opt/airflow/dags/ingest_local_folder_dag.py for tasks to queue
[2026-01-08T13:27:27.590+0000] {logging_mixin.py:151} INFO - [2026-01-08T13:27:27.589+0000] {dagbag.py:539} INFO - Filling up the DagBag from /opt/airflow/dags/ingest_local_folder_dag.py
[2026-01-08T13:27:27.748+0000] {processor.py:839} INFO - DAG(s) dict_keys(['ingestionDAG']) retrieved from /opt/airflow/dags/ingest_local_folder_dag.py
[2026-01-08T13:27:27.776+0000] {logging_mixin.py:151} INFO - [2026-01-08T13:27:27.776+0000] {dag.py:2915} INFO - Sync 1 DAGs
[2026-01-08T13:27:27.794+0000] {logging_mixin.py:151} INFO - [2026-01-08T13:27:27.794+0000] {dag.py:3696} INFO - Setting next_dagrun for ingestionDAG to 2026-01-08T13:26:57.794125+00:00, run_after=2026-01-08T13:27:27.794125+00:00
[2026-01-08T13:27:27.808+0000] {processor.py:179} INFO - Processing /opt/airflow/dags/ingest_local_folder_dag.py took 0.223 seconds
[2026-01-08T13:27:58.021+0000] {processor.py:157} INFO - Started process (PID=8344) to work on /opt/airflow/dags/ingest_local_folder_dag.py
[2026-01-08T13:27:58.023+0000] {processor.py:829} INFO - Processing file /opt/airflow/dags/ingest_local_folder_dag.py for tasks to queue
[2026-01-08T13:27:58.025+0000] {logging_mixin.py:151} INFO - [2026-01-08T13:27:58.024+0000] {dagbag.py:539} INFO - Filling up the DagBag from /opt/airflow/dags/ingest_local_folder_dag.py
[2026-01-08T13:27:58.199+0000] {processor.py:839} INFO - DAG(s) dict_keys(['ingestionDAG']) retrieved from /opt/airflow/dags/ingest_local_folder_dag.py
[2026-01-08T13:27:58.228+0000] {logging_mixin.py:151} INFO - [2026-01-08T13:27:58.228+0000] {dag.py:2915} INFO - Sync 1 DAGs
[2026-01-08T13:27:58.247+0000] {logging_mixin.py:151} INFO - [2026-01-08T13:27:58.247+0000] {dag.py:3696} INFO - Setting next_dagrun for ingestionDAG to 2026-01-08T13:27:28.247056+00:00, run_after=2026-01-08T13:27:58.247056+00:00
[2026-01-08T13:27:58.261+0000] {processor.py:179} INFO - Processing /opt/airflow/dags/ingest_local_folder_dag.py took 0.251 seconds
[2026-01-08T13:28:28.463+0000] {processor.py:157} INFO - Started process (PID=8355) to work on /opt/airflow/dags/ingest_local_folder_dag.py
[2026-01-08T13:28:28.464+0000] {processor.py:829} INFO - Processing file /opt/airflow/dags/ingest_local_folder_dag.py for tasks to queue
[2026-01-08T13:28:28.465+0000] {logging_mixin.py:151} INFO - [2026-01-08T13:28:28.464+0000] {dagbag.py:539} INFO - Filling up the DagBag from /opt/airflow/dags/ingest_local_folder_dag.py
[2026-01-08T13:28:28.625+0000] {processor.py:839} INFO - DAG(s) dict_keys(['ingestionDAG']) retrieved from /opt/airflow/dags/ingest_local_folder_dag.py
[2026-01-08T13:28:28.653+0000] {logging_mixin.py:151} INFO - [2026-01-08T13:28:28.653+0000] {dag.py:2915} INFO - Sync 1 DAGs
[2026-01-08T13:28:28.672+0000] {logging_mixin.py:151} INFO - [2026-01-08T13:28:28.671+0000] {dag.py:3696} INFO - Setting next_dagrun for ingestionDAG to 2026-01-08T13:27:58.671628+00:00, run_after=2026-01-08T13:28:28.671628+00:00
[2026-01-08T13:28:28.685+0000] {processor.py:179} INFO - Processing /opt/airflow/dags/ingest_local_folder_dag.py took 0.226 seconds
[2026-01-08T13:28:58.898+0000] {processor.py:157} INFO - Started process (PID=8369) to work on /opt/airflow/dags/ingest_local_folder_dag.py
[2026-01-08T13:28:58.900+0000] {processor.py:829} INFO - Processing file /opt/airflow/dags/ingest_local_folder_dag.py for tasks to queue
[2026-01-08T13:28:58.903+0000] {logging_mixin.py:151} INFO - [2026-01-08T13:28:58.902+0000] {dagbag.py:539} INFO - Filling up the DagBag from /opt/airflow/dags/ingest_local_folder_dag.py
[2026-01-08T13:28:59.073+0000] {processor.py:839} INFO - DAG(s) dict_keys(['ingestionDAG']) retrieved from /opt/airflow/dags/ingest_local_folder_dag.py
[2026-01-08T13:28:59.101+0000] {logging_mixin.py:151} INFO - [2026-01-08T13:28:59.101+0000] {dag.py:2915} INFO - Sync 1 DAGs
[2026-01-08T13:28:59.121+0000] {logging_mixin.py:151} INFO - [2026-01-08T13:28:59.121+0000] {dag.py:3696} INFO - Setting next_dagrun for ingestionDAG to 2026-01-08T13:28:29.121128+00:00, run_after=2026-01-08T13:28:59.121128+00:00
[2026-01-08T13:28:59.136+0000] {processor.py:179} INFO - Processing /opt/airflow/dags/ingest_local_folder_dag.py took 0.248 seconds
[2026-01-08T13:29:29.357+0000] {processor.py:157} INFO - Started process (PID=8383) to work on /opt/airflow/dags/ingest_local_folder_dag.py
[2026-01-08T13:29:29.359+0000] {processor.py:829} INFO - Processing file /opt/airflow/dags/ingest_local_folder_dag.py for tasks to queue
[2026-01-08T13:29:29.361+0000] {logging_mixin.py:151} INFO - [2026-01-08T13:29:29.360+0000] {dagbag.py:539} INFO - Filling up the DagBag from /opt/airflow/dags/ingest_local_folder_dag.py
[2026-01-08T13:29:29.528+0000] {processor.py:839} INFO - DAG(s) dict_keys(['ingestionDAG']) retrieved from /opt/airflow/dags/ingest_local_folder_dag.py
[2026-01-08T13:29:29.556+0000] {logging_mixin.py:151} INFO - [2026-01-08T13:29:29.556+0000] {dag.py:2915} INFO - Sync 1 DAGs
[2026-01-08T13:29:29.575+0000] {logging_mixin.py:151} INFO - [2026-01-08T13:29:29.575+0000] {dag.py:3696} INFO - Setting next_dagrun for ingestionDAG to 2026-01-08T13:28:59.575497+00:00, run_after=2026-01-08T13:29:29.575497+00:00
[2026-01-08T13:29:29.589+0000] {processor.py:179} INFO - Processing /opt/airflow/dags/ingest_local_folder_dag.py took 0.243 seconds
[2026-01-08T13:29:59.789+0000] {processor.py:157} INFO - Started process (PID=8394) to work on /opt/airflow/dags/ingest_local_folder_dag.py
[2026-01-08T13:29:59.790+0000] {processor.py:829} INFO - Processing file /opt/airflow/dags/ingest_local_folder_dag.py for tasks to queue
[2026-01-08T13:29:59.790+0000] {logging_mixin.py:151} INFO - [2026-01-08T13:29:59.790+0000] {dagbag.py:539} INFO - Filling up the DagBag from /opt/airflow/dags/ingest_local_folder_dag.py
[2026-01-08T13:29:59.952+0000] {processor.py:839} INFO - DAG(s) dict_keys(['ingestionDAG']) retrieved from /opt/airflow/dags/ingest_local_folder_dag.py
[2026-01-08T13:29:59.981+0000] {logging_mixin.py:151} INFO - [2026-01-08T13:29:59.981+0000] {dag.py:2915} INFO - Sync 1 DAGs
[2026-01-08T13:30:00.000+0000] {logging_mixin.py:151} INFO - [2026-01-08T13:30:00.000+0000] {dag.py:3696} INFO - Setting next_dagrun for ingestionDAG to 2026-01-08T13:29:29.999854+00:00, run_after=2026-01-08T13:29:59.999854+00:00
[2026-01-08T13:30:00.015+0000] {processor.py:179} INFO - Processing /opt/airflow/dags/ingest_local_folder_dag.py took 0.230 seconds
[2026-01-08T13:30:30.219+0000] {processor.py:157} INFO - Started process (PID=8408) to work on /opt/airflow/dags/ingest_local_folder_dag.py
[2026-01-08T13:30:30.220+0000] {processor.py:829} INFO - Processing file /opt/airflow/dags/ingest_local_folder_dag.py for tasks to queue
[2026-01-08T13:30:30.222+0000] {logging_mixin.py:151} INFO - [2026-01-08T13:30:30.221+0000] {dagbag.py:539} INFO - Filling up the DagBag from /opt/airflow/dags/ingest_local_folder_dag.py
[2026-01-08T13:30:30.392+0000] {processor.py:839} INFO - DAG(s) dict_keys(['ingestionDAG']) retrieved from /opt/airflow/dags/ingest_local_folder_dag.py
[2026-01-08T13:30:30.421+0000] {logging_mixin.py:151} INFO - [2026-01-08T13:30:30.420+0000] {dag.py:2915} INFO - Sync 1 DAGs
[2026-01-08T13:30:30.439+0000] {logging_mixin.py:151} INFO - [2026-01-08T13:30:30.439+0000] {dag.py:3696} INFO - Setting next_dagrun for ingestionDAG to 2026-01-08T13:30:00.439482+00:00, run_after=2026-01-08T13:30:30.439482+00:00
[2026-01-08T13:30:30.454+0000] {processor.py:179} INFO - Processing /opt/airflow/dags/ingest_local_folder_dag.py took 0.243 seconds
[2026-01-08T13:31:00.657+0000] {processor.py:157} INFO - Started process (PID=8422) to work on /opt/airflow/dags/ingest_local_folder_dag.py
[2026-01-08T13:31:00.658+0000] {processor.py:829} INFO - Processing file /opt/airflow/dags/ingest_local_folder_dag.py for tasks to queue
[2026-01-08T13:31:00.659+0000] {logging_mixin.py:151} INFO - [2026-01-08T13:31:00.659+0000] {dagbag.py:539} INFO - Filling up the DagBag from /opt/airflow/dags/ingest_local_folder_dag.py
[2026-01-08T13:31:00.822+0000] {processor.py:839} INFO - DAG(s) dict_keys(['ingestionDAG']) retrieved from /opt/airflow/dags/ingest_local_folder_dag.py
[2026-01-08T13:31:00.850+0000] {logging_mixin.py:151} INFO - [2026-01-08T13:31:00.850+0000] {dag.py:2915} INFO - Sync 1 DAGs
[2026-01-08T13:31:00.869+0000] {logging_mixin.py:151} INFO - [2026-01-08T13:31:00.869+0000] {dag.py:3696} INFO - Setting next_dagrun for ingestionDAG to 2026-01-08T13:30:30.868927+00:00, run_after=2026-01-08T13:31:00.868927+00:00
[2026-01-08T13:31:00.884+0000] {processor.py:179} INFO - Processing /opt/airflow/dags/ingest_local_folder_dag.py took 0.230 seconds
[2026-01-08T13:31:31.072+0000] {processor.py:157} INFO - Started process (PID=8435) to work on /opt/airflow/dags/ingest_local_folder_dag.py
[2026-01-08T13:31:31.073+0000] {processor.py:829} INFO - Processing file /opt/airflow/dags/ingest_local_folder_dag.py for tasks to queue
[2026-01-08T13:31:31.074+0000] {logging_mixin.py:151} INFO - [2026-01-08T13:31:31.073+0000] {dagbag.py:539} INFO - Filling up the DagBag from /opt/airflow/dags/ingest_local_folder_dag.py
[2026-01-08T13:31:31.254+0000] {processor.py:839} INFO - DAG(s) dict_keys(['ingestionDAG']) retrieved from /opt/airflow/dags/ingest_local_folder_dag.py
[2026-01-08T13:31:31.285+0000] {logging_mixin.py:151} INFO - [2026-01-08T13:31:31.285+0000] {dag.py:2915} INFO - Sync 1 DAGs
[2026-01-08T13:31:31.306+0000] {logging_mixin.py:151} INFO - [2026-01-08T13:31:31.305+0000] {dag.py:3696} INFO - Setting next_dagrun for ingestionDAG to 2026-01-08T13:31:01.305714+00:00, run_after=2026-01-08T13:31:31.305714+00:00
[2026-01-08T13:31:31.322+0000] {processor.py:179} INFO - Processing /opt/airflow/dags/ingest_local_folder_dag.py took 0.254 seconds
[2026-01-08T13:32:01.544+0000] {processor.py:157} INFO - Started process (PID=8447) to work on /opt/airflow/dags/ingest_local_folder_dag.py
[2026-01-08T13:32:01.546+0000] {processor.py:829} INFO - Processing file /opt/airflow/dags/ingest_local_folder_dag.py for tasks to queue
[2026-01-08T13:32:01.548+0000] {logging_mixin.py:151} INFO - [2026-01-08T13:32:01.547+0000] {dagbag.py:539} INFO - Filling up the DagBag from /opt/airflow/dags/ingest_local_folder_dag.py
[2026-01-08T13:32:01.719+0000] {processor.py:839} INFO - DAG(s) dict_keys(['ingestionDAG']) retrieved from /opt/airflow/dags/ingest_local_folder_dag.py
[2026-01-08T13:32:01.747+0000] {logging_mixin.py:151} INFO - [2026-01-08T13:32:01.747+0000] {dag.py:2915} INFO - Sync 1 DAGs
[2026-01-08T13:32:01.767+0000] {logging_mixin.py:151} INFO - [2026-01-08T13:32:01.767+0000] {dag.py:3696} INFO - Setting next_dagrun for ingestionDAG to 2026-01-08T13:31:31.767513+00:00, run_after=2026-01-08T13:32:01.767513+00:00
[2026-01-08T13:32:01.781+0000] {processor.py:179} INFO - Processing /opt/airflow/dags/ingest_local_folder_dag.py took 0.248 seconds
[2026-01-08T13:32:31.963+0000] {processor.py:157} INFO - Started process (PID=8461) to work on /opt/airflow/dags/ingest_local_folder_dag.py
[2026-01-08T13:32:31.963+0000] {processor.py:829} INFO - Processing file /opt/airflow/dags/ingest_local_folder_dag.py for tasks to queue
[2026-01-08T13:32:31.964+0000] {logging_mixin.py:151} INFO - [2026-01-08T13:32:31.964+0000] {dagbag.py:539} INFO - Filling up the DagBag from /opt/airflow/dags/ingest_local_folder_dag.py
[2026-01-08T13:32:32.124+0000] {processor.py:839} INFO - DAG(s) dict_keys(['ingestionDAG']) retrieved from /opt/airflow/dags/ingest_local_folder_dag.py
[2026-01-08T13:32:32.152+0000] {logging_mixin.py:151} INFO - [2026-01-08T13:32:32.152+0000] {dag.py:2915} INFO - Sync 1 DAGs
[2026-01-08T13:32:32.172+0000] {logging_mixin.py:151} INFO - [2026-01-08T13:32:32.172+0000] {dag.py:3696} INFO - Setting next_dagrun for ingestionDAG to 2026-01-08T13:32:02.171821+00:00, run_after=2026-01-08T13:32:32.171821+00:00
[2026-01-08T13:32:32.186+0000] {processor.py:179} INFO - Processing /opt/airflow/dags/ingest_local_folder_dag.py took 0.227 seconds
[2026-01-08T13:33:02.385+0000] {processor.py:157} INFO - Started process (PID=8475) to work on /opt/airflow/dags/ingest_local_folder_dag.py
[2026-01-08T13:33:02.386+0000] {processor.py:829} INFO - Processing file /opt/airflow/dags/ingest_local_folder_dag.py for tasks to queue
[2026-01-08T13:33:02.386+0000] {logging_mixin.py:151} INFO - [2026-01-08T13:33:02.386+0000] {dagbag.py:539} INFO - Filling up the DagBag from /opt/airflow/dags/ingest_local_folder_dag.py
[2026-01-08T13:33:02.543+0000] {processor.py:839} INFO - DAG(s) dict_keys(['ingestionDAG']) retrieved from /opt/airflow/dags/ingest_local_folder_dag.py
[2026-01-08T13:33:02.571+0000] {logging_mixin.py:151} INFO - [2026-01-08T13:33:02.570+0000] {dag.py:2915} INFO - Sync 1 DAGs
[2026-01-08T13:33:02.588+0000] {logging_mixin.py:151} INFO - [2026-01-08T13:33:02.588+0000] {dag.py:3696} INFO - Setting next_dagrun for ingestionDAG to 2026-01-08T13:32:32.588447+00:00, run_after=2026-01-08T13:33:02.588447+00:00
[2026-01-08T13:33:02.602+0000] {processor.py:179} INFO - Processing /opt/airflow/dags/ingest_local_folder_dag.py took 0.221 seconds
[2026-01-08T13:33:32.792+0000] {processor.py:157} INFO - Started process (PID=8486) to work on /opt/airflow/dags/ingest_local_folder_dag.py
[2026-01-08T13:33:32.793+0000] {processor.py:829} INFO - Processing file /opt/airflow/dags/ingest_local_folder_dag.py for tasks to queue
[2026-01-08T13:33:32.794+0000] {logging_mixin.py:151} INFO - [2026-01-08T13:33:32.793+0000] {dagbag.py:539} INFO - Filling up the DagBag from /opt/airflow/dags/ingest_local_folder_dag.py
[2026-01-08T13:33:32.952+0000] {processor.py:839} INFO - DAG(s) dict_keys(['ingestionDAG']) retrieved from /opt/airflow/dags/ingest_local_folder_dag.py
[2026-01-08T13:33:32.981+0000] {logging_mixin.py:151} INFO - [2026-01-08T13:33:32.981+0000] {dag.py:2915} INFO - Sync 1 DAGs
[2026-01-08T13:33:33.000+0000] {logging_mixin.py:151} INFO - [2026-01-08T13:33:33.000+0000] {dag.py:3696} INFO - Setting next_dagrun for ingestionDAG to 2026-01-08T13:33:03.000520+00:00, run_after=2026-01-08T13:33:33.000520+00:00
[2026-01-08T13:33:33.015+0000] {processor.py:179} INFO - Processing /opt/airflow/dags/ingest_local_folder_dag.py took 0.227 seconds
[2026-01-08T13:34:03.202+0000] {processor.py:157} INFO - Started process (PID=8500) to work on /opt/airflow/dags/ingest_local_folder_dag.py
[2026-01-08T13:34:03.203+0000] {processor.py:829} INFO - Processing file /opt/airflow/dags/ingest_local_folder_dag.py for tasks to queue
[2026-01-08T13:34:03.204+0000] {logging_mixin.py:151} INFO - [2026-01-08T13:34:03.204+0000] {dagbag.py:539} INFO - Filling up the DagBag from /opt/airflow/dags/ingest_local_folder_dag.py
[2026-01-08T13:34:03.371+0000] {processor.py:839} INFO - DAG(s) dict_keys(['ingestionDAG']) retrieved from /opt/airflow/dags/ingest_local_folder_dag.py
[2026-01-08T13:34:03.400+0000] {logging_mixin.py:151} INFO - [2026-01-08T13:34:03.400+0000] {dag.py:2915} INFO - Sync 1 DAGs
[2026-01-08T13:34:03.418+0000] {logging_mixin.py:151} INFO - [2026-01-08T13:34:03.418+0000] {dag.py:3696} INFO - Setting next_dagrun for ingestionDAG to 2026-01-08T13:33:33.418582+00:00, run_after=2026-01-08T13:34:03.418582+00:00
[2026-01-08T13:34:03.433+0000] {processor.py:179} INFO - Processing /opt/airflow/dags/ingest_local_folder_dag.py took 0.235 seconds
[2026-01-08T13:34:33.619+0000] {processor.py:157} INFO - Started process (PID=8514) to work on /opt/airflow/dags/ingest_local_folder_dag.py
[2026-01-08T13:34:33.621+0000] {processor.py:829} INFO - Processing file /opt/airflow/dags/ingest_local_folder_dag.py for tasks to queue
[2026-01-08T13:34:33.624+0000] {logging_mixin.py:151} INFO - [2026-01-08T13:34:33.622+0000] {dagbag.py:539} INFO - Filling up the DagBag from /opt/airflow/dags/ingest_local_folder_dag.py
[2026-01-08T13:34:33.791+0000] {processor.py:839} INFO - DAG(s) dict_keys(['ingestionDAG']) retrieved from /opt/airflow/dags/ingest_local_folder_dag.py
[2026-01-08T13:34:33.820+0000] {logging_mixin.py:151} INFO - [2026-01-08T13:34:33.820+0000] {dag.py:2915} INFO - Sync 1 DAGs
[2026-01-08T13:34:33.839+0000] {logging_mixin.py:151} INFO - [2026-01-08T13:34:33.839+0000] {dag.py:3696} INFO - Setting next_dagrun for ingestionDAG to 2026-01-08T13:34:03.839409+00:00, run_after=2026-01-08T13:34:33.839409+00:00
[2026-01-08T13:34:33.853+0000] {processor.py:179} INFO - Processing /opt/airflow/dags/ingest_local_folder_dag.py took 0.244 seconds
[2026-01-08T13:35:04.058+0000] {processor.py:157} INFO - Started process (PID=8525) to work on /opt/airflow/dags/ingest_local_folder_dag.py
[2026-01-08T13:35:04.060+0000] {processor.py:829} INFO - Processing file /opt/airflow/dags/ingest_local_folder_dag.py for tasks to queue
[2026-01-08T13:35:04.063+0000] {logging_mixin.py:151} INFO - [2026-01-08T13:35:04.062+0000] {dagbag.py:539} INFO - Filling up the DagBag from /opt/airflow/dags/ingest_local_folder_dag.py
[2026-01-08T13:35:04.232+0000] {processor.py:839} INFO - DAG(s) dict_keys(['ingestionDAG']) retrieved from /opt/airflow/dags/ingest_local_folder_dag.py
[2026-01-08T13:35:04.260+0000] {logging_mixin.py:151} INFO - [2026-01-08T13:35:04.260+0000] {dag.py:2915} INFO - Sync 1 DAGs
[2026-01-08T13:35:04.280+0000] {logging_mixin.py:151} INFO - [2026-01-08T13:35:04.280+0000] {dag.py:3696} INFO - Setting next_dagrun for ingestionDAG to 2026-01-08T13:34:34.280519+00:00, run_after=2026-01-08T13:35:04.280519+00:00
[2026-01-08T13:35:04.294+0000] {processor.py:179} INFO - Processing /opt/airflow/dags/ingest_local_folder_dag.py took 0.247 seconds
[2026-01-08T13:35:34.501+0000] {processor.py:157} INFO - Started process (PID=8539) to work on /opt/airflow/dags/ingest_local_folder_dag.py
[2026-01-08T13:35:34.503+0000] {processor.py:829} INFO - Processing file /opt/airflow/dags/ingest_local_folder_dag.py for tasks to queue
[2026-01-08T13:35:34.506+0000] {logging_mixin.py:151} INFO - [2026-01-08T13:35:34.505+0000] {dagbag.py:539} INFO - Filling up the DagBag from /opt/airflow/dags/ingest_local_folder_dag.py
[2026-01-08T13:35:34.678+0000] {processor.py:839} INFO - DAG(s) dict_keys(['ingestionDAG']) retrieved from /opt/airflow/dags/ingest_local_folder_dag.py
[2026-01-08T13:35:34.706+0000] {logging_mixin.py:151} INFO - [2026-01-08T13:35:34.706+0000] {dag.py:2915} INFO - Sync 1 DAGs
[2026-01-08T13:35:34.725+0000] {logging_mixin.py:151} INFO - [2026-01-08T13:35:34.725+0000] {dag.py:3696} INFO - Setting next_dagrun for ingestionDAG to 2026-01-08T13:35:04.725451+00:00, run_after=2026-01-08T13:35:34.725451+00:00
[2026-01-08T13:35:34.740+0000] {processor.py:179} INFO - Processing /opt/airflow/dags/ingest_local_folder_dag.py took 0.249 seconds
[2026-01-08T13:36:04.945+0000] {processor.py:157} INFO - Started process (PID=8553) to work on /opt/airflow/dags/ingest_local_folder_dag.py
[2026-01-08T13:36:04.947+0000] {processor.py:829} INFO - Processing file /opt/airflow/dags/ingest_local_folder_dag.py for tasks to queue
[2026-01-08T13:36:04.948+0000] {logging_mixin.py:151} INFO - [2026-01-08T13:36:04.947+0000] {dagbag.py:539} INFO - Filling up the DagBag from /opt/airflow/dags/ingest_local_folder_dag.py
[2026-01-08T13:36:05.135+0000] {processor.py:839} INFO - DAG(s) dict_keys(['ingestionDAG']) retrieved from /opt/airflow/dags/ingest_local_folder_dag.py
[2026-01-08T13:36:05.169+0000] {logging_mixin.py:151} INFO - [2026-01-08T13:36:05.169+0000] {dag.py:2915} INFO - Sync 1 DAGs
[2026-01-08T13:36:05.192+0000] {logging_mixin.py:151} INFO - [2026-01-08T13:36:05.192+0000] {dag.py:3696} INFO - Setting next_dagrun for ingestionDAG to 2026-01-08T13:35:35.191960+00:00, run_after=2026-01-08T13:36:05.191960+00:00
[2026-01-08T13:36:05.209+0000] {processor.py:179} INFO - Processing /opt/airflow/dags/ingest_local_folder_dag.py took 0.270 seconds
[2026-01-08T13:36:35.404+0000] {processor.py:157} INFO - Started process (PID=8564) to work on /opt/airflow/dags/ingest_local_folder_dag.py
[2026-01-08T13:36:35.406+0000] {processor.py:829} INFO - Processing file /opt/airflow/dags/ingest_local_folder_dag.py for tasks to queue
[2026-01-08T13:36:35.408+0000] {logging_mixin.py:151} INFO - [2026-01-08T13:36:35.407+0000] {dagbag.py:539} INFO - Filling up the DagBag from /opt/airflow/dags/ingest_local_folder_dag.py
[2026-01-08T13:36:35.580+0000] {processor.py:839} INFO - DAG(s) dict_keys(['ingestionDAG']) retrieved from /opt/airflow/dags/ingest_local_folder_dag.py
[2026-01-08T13:36:35.608+0000] {logging_mixin.py:151} INFO - [2026-01-08T13:36:35.608+0000] {dag.py:2915} INFO - Sync 1 DAGs
[2026-01-08T13:36:35.628+0000] {logging_mixin.py:151} INFO - [2026-01-08T13:36:35.628+0000] {dag.py:3696} INFO - Setting next_dagrun for ingestionDAG to 2026-01-08T13:36:05.628592+00:00, run_after=2026-01-08T13:36:35.628592+00:00
[2026-01-08T13:36:35.645+0000] {processor.py:179} INFO - Processing /opt/airflow/dags/ingest_local_folder_dag.py took 0.252 seconds
[2026-01-08T13:37:03.556+0000] {processor.py:157} INFO - Started process (PID=8572) to work on /opt/airflow/dags/ingest_local_folder_dag.py
[2026-01-08T13:37:03.557+0000] {processor.py:829} INFO - Processing file /opt/airflow/dags/ingest_local_folder_dag.py for tasks to queue
[2026-01-08T13:37:03.559+0000] {logging_mixin.py:151} INFO - [2026-01-08T13:37:03.559+0000] {dagbag.py:539} INFO - Filling up the DagBag from /opt/airflow/dags/ingest_local_folder_dag.py
[2026-01-08T13:37:03.745+0000] {logging_mixin.py:151} INFO - [2026-01-08T13:37:03.744+0000] {dagbag.py:347} ERROR - Failed to import: /opt/airflow/dags/ingest_local_folder_dag.py
Traceback (most recent call last):
  File "/home/airflow/.local/lib/python3.11/site-packages/airflow/models/dagbag.py", line 343, in parse
    loader.exec_module(new_module)
  File "<frozen importlib._bootstrap_external>", line 940, in exec_module
  File "<frozen importlib._bootstrap>", line 241, in _call_with_frames_removed
  File "/opt/airflow/dags/ingest_local_folder_dag.py", line 12, in <module>
    import magic
ModuleNotFoundError: No module named 'magic'
[2026-01-08T13:37:03.745+0000] {processor.py:841} WARNING - No viable dags retrieved from /opt/airflow/dags/ingest_local_folder_dag.py
[2026-01-08T13:37:03.770+0000] {processor.py:179} INFO - Processing /opt/airflow/dags/ingest_local_folder_dag.py took 0.221 seconds
[2026-01-08T13:37:11.865+0000] {processor.py:157} INFO - Started process (PID=8583) to work on /opt/airflow/dags/ingest_local_folder_dag.py
[2026-01-08T13:37:11.866+0000] {processor.py:829} INFO - Processing file /opt/airflow/dags/ingest_local_folder_dag.py for tasks to queue
[2026-01-08T13:37:11.868+0000] {logging_mixin.py:151} INFO - [2026-01-08T13:37:11.867+0000] {dagbag.py:539} INFO - Filling up the DagBag from /opt/airflow/dags/ingest_local_folder_dag.py
[2026-01-08T13:37:12.028+0000] {logging_mixin.py:151} INFO - [2026-01-08T13:37:12.027+0000] {dagbag.py:347} ERROR - Failed to import: /opt/airflow/dags/ingest_local_folder_dag.py
Traceback (most recent call last):
  File "/home/airflow/.local/lib/python3.11/site-packages/airflow/models/dagbag.py", line 343, in parse
    loader.exec_module(new_module)
  File "<frozen importlib._bootstrap_external>", line 940, in exec_module
  File "<frozen importlib._bootstrap>", line 241, in _call_with_frames_removed
  File "/opt/airflow/dags/ingest_local_folder_dag.py", line 12, in <module>
    import magic
ModuleNotFoundError: No module named 'magic'
[2026-01-08T13:37:12.028+0000] {processor.py:841} WARNING - No viable dags retrieved from /opt/airflow/dags/ingest_local_folder_dag.py
[2026-01-08T13:37:12.050+0000] {processor.py:179} INFO - Processing /opt/airflow/dags/ingest_local_folder_dag.py took 0.196 seconds
[2026-01-08T13:37:42.251+0000] {processor.py:157} INFO - Started process (PID=8597) to work on /opt/airflow/dags/ingest_local_folder_dag.py
[2026-01-08T13:37:42.253+0000] {processor.py:829} INFO - Processing file /opt/airflow/dags/ingest_local_folder_dag.py for tasks to queue
[2026-01-08T13:37:42.254+0000] {logging_mixin.py:151} INFO - [2026-01-08T13:37:42.254+0000] {dagbag.py:539} INFO - Filling up the DagBag from /opt/airflow/dags/ingest_local_folder_dag.py
[2026-01-08T13:37:42.415+0000] {logging_mixin.py:151} INFO - [2026-01-08T13:37:42.415+0000] {dagbag.py:347} ERROR - Failed to import: /opt/airflow/dags/ingest_local_folder_dag.py
Traceback (most recent call last):
  File "/home/airflow/.local/lib/python3.11/site-packages/airflow/models/dagbag.py", line 343, in parse
    loader.exec_module(new_module)
  File "<frozen importlib._bootstrap_external>", line 940, in exec_module
  File "<frozen importlib._bootstrap>", line 241, in _call_with_frames_removed
  File "/opt/airflow/dags/ingest_local_folder_dag.py", line 12, in <module>
    import magic
ModuleNotFoundError: No module named 'magic'
[2026-01-08T13:37:42.416+0000] {processor.py:841} WARNING - No viable dags retrieved from /opt/airflow/dags/ingest_local_folder_dag.py
[2026-01-08T13:37:42.439+0000] {processor.py:179} INFO - Processing /opt/airflow/dags/ingest_local_folder_dag.py took 0.197 seconds
[2026-01-08T13:38:12.638+0000] {processor.py:157} INFO - Started process (PID=8608) to work on /opt/airflow/dags/ingest_local_folder_dag.py
[2026-01-08T13:38:12.639+0000] {processor.py:829} INFO - Processing file /opt/airflow/dags/ingest_local_folder_dag.py for tasks to queue
[2026-01-08T13:38:12.640+0000] {logging_mixin.py:151} INFO - [2026-01-08T13:38:12.639+0000] {dagbag.py:539} INFO - Filling up the DagBag from /opt/airflow/dags/ingest_local_folder_dag.py
[2026-01-08T13:38:12.823+0000] {logging_mixin.py:151} INFO - [2026-01-08T13:38:12.822+0000] {dagbag.py:347} ERROR - Failed to import: /opt/airflow/dags/ingest_local_folder_dag.py
Traceback (most recent call last):
  File "/home/airflow/.local/lib/python3.11/site-packages/airflow/models/dagbag.py", line 343, in parse
    loader.exec_module(new_module)
  File "<frozen importlib._bootstrap_external>", line 940, in exec_module
  File "<frozen importlib._bootstrap>", line 241, in _call_with_frames_removed
  File "/opt/airflow/dags/ingest_local_folder_dag.py", line 12, in <module>
    import magic
ModuleNotFoundError: No module named 'magic'
[2026-01-08T13:38:12.824+0000] {processor.py:841} WARNING - No viable dags retrieved from /opt/airflow/dags/ingest_local_folder_dag.py
[2026-01-08T13:38:12.847+0000] {processor.py:179} INFO - Processing /opt/airflow/dags/ingest_local_folder_dag.py took 0.215 seconds
[2026-01-08T13:38:43.036+0000] {processor.py:157} INFO - Started process (PID=8622) to work on /opt/airflow/dags/ingest_local_folder_dag.py
[2026-01-08T13:38:43.037+0000] {processor.py:829} INFO - Processing file /opt/airflow/dags/ingest_local_folder_dag.py for tasks to queue
[2026-01-08T13:38:43.039+0000] {logging_mixin.py:151} INFO - [2026-01-08T13:38:43.038+0000] {dagbag.py:539} INFO - Filling up the DagBag from /opt/airflow/dags/ingest_local_folder_dag.py
[2026-01-08T13:38:43.205+0000] {logging_mixin.py:151} INFO - [2026-01-08T13:38:43.204+0000] {dagbag.py:347} ERROR - Failed to import: /opt/airflow/dags/ingest_local_folder_dag.py
Traceback (most recent call last):
  File "/home/airflow/.local/lib/python3.11/site-packages/airflow/models/dagbag.py", line 343, in parse
    loader.exec_module(new_module)
  File "<frozen importlib._bootstrap_external>", line 940, in exec_module
  File "<frozen importlib._bootstrap>", line 241, in _call_with_frames_removed
  File "/opt/airflow/dags/ingest_local_folder_dag.py", line 12, in <module>
    import magic
ModuleNotFoundError: No module named 'magic'
[2026-01-08T13:38:43.205+0000] {processor.py:841} WARNING - No viable dags retrieved from /opt/airflow/dags/ingest_local_folder_dag.py
[2026-01-08T13:38:43.228+0000] {processor.py:179} INFO - Processing /opt/airflow/dags/ingest_local_folder_dag.py took 0.198 seconds
[2026-01-08T13:39:13.415+0000] {processor.py:157} INFO - Started process (PID=8636) to work on /opt/airflow/dags/ingest_local_folder_dag.py
[2026-01-08T13:39:13.417+0000] {processor.py:829} INFO - Processing file /opt/airflow/dags/ingest_local_folder_dag.py for tasks to queue
[2026-01-08T13:39:13.419+0000] {logging_mixin.py:151} INFO - [2026-01-08T13:39:13.418+0000] {dagbag.py:539} INFO - Filling up the DagBag from /opt/airflow/dags/ingest_local_folder_dag.py
[2026-01-08T13:39:13.581+0000] {logging_mixin.py:151} INFO - [2026-01-08T13:39:13.580+0000] {dagbag.py:347} ERROR - Failed to import: /opt/airflow/dags/ingest_local_folder_dag.py
Traceback (most recent call last):
  File "/home/airflow/.local/lib/python3.11/site-packages/airflow/models/dagbag.py", line 343, in parse
    loader.exec_module(new_module)
  File "<frozen importlib._bootstrap_external>", line 940, in exec_module
  File "<frozen importlib._bootstrap>", line 241, in _call_with_frames_removed
  File "/opt/airflow/dags/ingest_local_folder_dag.py", line 12, in <module>
    import magic
ModuleNotFoundError: No module named 'magic'
[2026-01-08T13:39:13.581+0000] {processor.py:841} WARNING - No viable dags retrieved from /opt/airflow/dags/ingest_local_folder_dag.py
[2026-01-08T13:39:13.602+0000] {processor.py:179} INFO - Processing /opt/airflow/dags/ingest_local_folder_dag.py took 0.198 seconds
[2026-01-08T13:39:43.785+0000] {processor.py:157} INFO - Started process (PID=8647) to work on /opt/airflow/dags/ingest_local_folder_dag.py
[2026-01-08T13:39:43.786+0000] {processor.py:829} INFO - Processing file /opt/airflow/dags/ingest_local_folder_dag.py for tasks to queue
[2026-01-08T13:39:43.787+0000] {logging_mixin.py:151} INFO - [2026-01-08T13:39:43.787+0000] {dagbag.py:539} INFO - Filling up the DagBag from /opt/airflow/dags/ingest_local_folder_dag.py
[2026-01-08T13:39:43.944+0000] {logging_mixin.py:151} INFO - [2026-01-08T13:39:43.943+0000] {dagbag.py:347} ERROR - Failed to import: /opt/airflow/dags/ingest_local_folder_dag.py
Traceback (most recent call last):
  File "/home/airflow/.local/lib/python3.11/site-packages/airflow/models/dagbag.py", line 343, in parse
    loader.exec_module(new_module)
  File "<frozen importlib._bootstrap_external>", line 940, in exec_module
  File "<frozen importlib._bootstrap>", line 241, in _call_with_frames_removed
  File "/opt/airflow/dags/ingest_local_folder_dag.py", line 12, in <module>
    import magic
ModuleNotFoundError: No module named 'magic'
[2026-01-08T13:39:43.944+0000] {processor.py:841} WARNING - No viable dags retrieved from /opt/airflow/dags/ingest_local_folder_dag.py
[2026-01-08T13:39:43.965+0000] {processor.py:179} INFO - Processing /opt/airflow/dags/ingest_local_folder_dag.py took 0.184 seconds
[2026-01-08T13:40:14.153+0000] {processor.py:157} INFO - Started process (PID=8661) to work on /opt/airflow/dags/ingest_local_folder_dag.py
[2026-01-08T13:40:14.154+0000] {processor.py:829} INFO - Processing file /opt/airflow/dags/ingest_local_folder_dag.py for tasks to queue
[2026-01-08T13:40:14.155+0000] {logging_mixin.py:151} INFO - [2026-01-08T13:40:14.155+0000] {dagbag.py:539} INFO - Filling up the DagBag from /opt/airflow/dags/ingest_local_folder_dag.py
[2026-01-08T13:40:14.316+0000] {logging_mixin.py:151} INFO - [2026-01-08T13:40:14.315+0000] {dagbag.py:347} ERROR - Failed to import: /opt/airflow/dags/ingest_local_folder_dag.py
Traceback (most recent call last):
  File "/home/airflow/.local/lib/python3.11/site-packages/airflow/models/dagbag.py", line 343, in parse
    loader.exec_module(new_module)
  File "<frozen importlib._bootstrap_external>", line 940, in exec_module
  File "<frozen importlib._bootstrap>", line 241, in _call_with_frames_removed
  File "/opt/airflow/dags/ingest_local_folder_dag.py", line 12, in <module>
    import magic
ModuleNotFoundError: No module named 'magic'
[2026-01-08T13:40:14.316+0000] {processor.py:841} WARNING - No viable dags retrieved from /opt/airflow/dags/ingest_local_folder_dag.py
[2026-01-08T13:40:14.338+0000] {processor.py:179} INFO - Processing /opt/airflow/dags/ingest_local_folder_dag.py took 0.189 seconds
[2026-01-08T13:40:44.530+0000] {processor.py:157} INFO - Started process (PID=8675) to work on /opt/airflow/dags/ingest_local_folder_dag.py
[2026-01-08T13:40:44.531+0000] {processor.py:829} INFO - Processing file /opt/airflow/dags/ingest_local_folder_dag.py for tasks to queue
[2026-01-08T13:40:44.531+0000] {logging_mixin.py:151} INFO - [2026-01-08T13:40:44.531+0000] {dagbag.py:539} INFO - Filling up the DagBag from /opt/airflow/dags/ingest_local_folder_dag.py
[2026-01-08T13:40:44.686+0000] {logging_mixin.py:151} INFO - [2026-01-08T13:40:44.685+0000] {dagbag.py:347} ERROR - Failed to import: /opt/airflow/dags/ingest_local_folder_dag.py
Traceback (most recent call last):
  File "/home/airflow/.local/lib/python3.11/site-packages/airflow/models/dagbag.py", line 343, in parse
    loader.exec_module(new_module)
  File "<frozen importlib._bootstrap_external>", line 940, in exec_module
  File "<frozen importlib._bootstrap>", line 241, in _call_with_frames_removed
  File "/opt/airflow/dags/ingest_local_folder_dag.py", line 12, in <module>
    import magic
ModuleNotFoundError: No module named 'magic'
[2026-01-08T13:40:44.687+0000] {processor.py:841} WARNING - No viable dags retrieved from /opt/airflow/dags/ingest_local_folder_dag.py
[2026-01-08T13:40:44.708+0000] {processor.py:179} INFO - Processing /opt/airflow/dags/ingest_local_folder_dag.py took 0.182 seconds
[2026-01-08T13:41:14.881+0000] {processor.py:157} INFO - Started process (PID=8683) to work on /opt/airflow/dags/ingest_local_folder_dag.py
[2026-01-08T13:41:14.882+0000] {processor.py:829} INFO - Processing file /opt/airflow/dags/ingest_local_folder_dag.py for tasks to queue
[2026-01-08T13:41:14.883+0000] {logging_mixin.py:151} INFO - [2026-01-08T13:41:14.883+0000] {dagbag.py:539} INFO - Filling up the DagBag from /opt/airflow/dags/ingest_local_folder_dag.py
[2026-01-08T13:41:15.039+0000] {logging_mixin.py:151} INFO - [2026-01-08T13:41:15.038+0000] {dagbag.py:347} ERROR - Failed to import: /opt/airflow/dags/ingest_local_folder_dag.py
Traceback (most recent call last):
  File "/home/airflow/.local/lib/python3.11/site-packages/airflow/models/dagbag.py", line 343, in parse
    loader.exec_module(new_module)
  File "<frozen importlib._bootstrap_external>", line 940, in exec_module
  File "<frozen importlib._bootstrap>", line 241, in _call_with_frames_removed
  File "/opt/airflow/dags/ingest_local_folder_dag.py", line 12, in <module>
    import magic
ModuleNotFoundError: No module named 'magic'
[2026-01-08T13:41:15.039+0000] {processor.py:841} WARNING - No viable dags retrieved from /opt/airflow/dags/ingest_local_folder_dag.py
[2026-01-08T13:41:15.060+0000] {processor.py:179} INFO - Processing /opt/airflow/dags/ingest_local_folder_dag.py took 0.182 seconds
[2026-01-08T13:41:45.271+0000] {processor.py:157} INFO - Started process (PID=8694) to work on /opt/airflow/dags/ingest_local_folder_dag.py
[2026-01-08T13:41:45.271+0000] {processor.py:829} INFO - Processing file /opt/airflow/dags/ingest_local_folder_dag.py for tasks to queue
[2026-01-08T13:41:45.272+0000] {logging_mixin.py:151} INFO - [2026-01-08T13:41:45.272+0000] {dagbag.py:539} INFO - Filling up the DagBag from /opt/airflow/dags/ingest_local_folder_dag.py
[2026-01-08T13:41:45.426+0000] {logging_mixin.py:151} INFO - [2026-01-08T13:41:45.425+0000] {dagbag.py:347} ERROR - Failed to import: /opt/airflow/dags/ingest_local_folder_dag.py
Traceback (most recent call last):
  File "/home/airflow/.local/lib/python3.11/site-packages/airflow/models/dagbag.py", line 343, in parse
    loader.exec_module(new_module)
  File "<frozen importlib._bootstrap_external>", line 940, in exec_module
  File "<frozen importlib._bootstrap>", line 241, in _call_with_frames_removed
  File "/opt/airflow/dags/ingest_local_folder_dag.py", line 12, in <module>
    import magic
ModuleNotFoundError: No module named 'magic'
[2026-01-08T13:41:45.426+0000] {processor.py:841} WARNING - No viable dags retrieved from /opt/airflow/dags/ingest_local_folder_dag.py
[2026-01-08T13:41:45.447+0000] {processor.py:179} INFO - Processing /opt/airflow/dags/ingest_local_folder_dag.py took 0.180 seconds
[2026-01-08T13:42:15.643+0000] {processor.py:157} INFO - Started process (PID=8708) to work on /opt/airflow/dags/ingest_local_folder_dag.py
[2026-01-08T13:42:15.644+0000] {processor.py:829} INFO - Processing file /opt/airflow/dags/ingest_local_folder_dag.py for tasks to queue
[2026-01-08T13:42:15.645+0000] {logging_mixin.py:151} INFO - [2026-01-08T13:42:15.644+0000] {dagbag.py:539} INFO - Filling up the DagBag from /opt/airflow/dags/ingest_local_folder_dag.py
[2026-01-08T13:42:15.799+0000] {logging_mixin.py:151} INFO - [2026-01-08T13:42:15.798+0000] {dagbag.py:347} ERROR - Failed to import: /opt/airflow/dags/ingest_local_folder_dag.py
Traceback (most recent call last):
  File "/home/airflow/.local/lib/python3.11/site-packages/airflow/models/dagbag.py", line 343, in parse
    loader.exec_module(new_module)
  File "<frozen importlib._bootstrap_external>", line 940, in exec_module
  File "<frozen importlib._bootstrap>", line 241, in _call_with_frames_removed
  File "/opt/airflow/dags/ingest_local_folder_dag.py", line 12, in <module>
    import magic
ModuleNotFoundError: No module named 'magic'
[2026-01-08T13:42:15.799+0000] {processor.py:841} WARNING - No viable dags retrieved from /opt/airflow/dags/ingest_local_folder_dag.py
[2026-01-08T13:42:15.820+0000] {processor.py:179} INFO - Processing /opt/airflow/dags/ingest_local_folder_dag.py took 0.181 seconds
[2026-01-08T13:42:46.007+0000] {processor.py:157} INFO - Started process (PID=8719) to work on /opt/airflow/dags/ingest_local_folder_dag.py
[2026-01-08T13:42:46.007+0000] {processor.py:829} INFO - Processing file /opt/airflow/dags/ingest_local_folder_dag.py for tasks to queue
[2026-01-08T13:42:46.008+0000] {logging_mixin.py:151} INFO - [2026-01-08T13:42:46.008+0000] {dagbag.py:539} INFO - Filling up the DagBag from /opt/airflow/dags/ingest_local_folder_dag.py
[2026-01-08T13:42:46.173+0000] {logging_mixin.py:151} INFO - [2026-01-08T13:42:46.172+0000] {dagbag.py:347} ERROR - Failed to import: /opt/airflow/dags/ingest_local_folder_dag.py
Traceback (most recent call last):
  File "/home/airflow/.local/lib/python3.11/site-packages/airflow/models/dagbag.py", line 343, in parse
    loader.exec_module(new_module)
  File "<frozen importlib._bootstrap_external>", line 940, in exec_module
  File "<frozen importlib._bootstrap>", line 241, in _call_with_frames_removed
  File "/opt/airflow/dags/ingest_local_folder_dag.py", line 12, in <module>
    import magic
ModuleNotFoundError: No module named 'magic'
[2026-01-08T13:42:46.173+0000] {processor.py:841} WARNING - No viable dags retrieved from /opt/airflow/dags/ingest_local_folder_dag.py
[2026-01-08T13:42:46.195+0000] {processor.py:179} INFO - Processing /opt/airflow/dags/ingest_local_folder_dag.py took 0.192 seconds
[2026-01-08T13:43:16.421+0000] {processor.py:157} INFO - Started process (PID=8733) to work on /opt/airflow/dags/ingest_local_folder_dag.py
[2026-01-08T13:43:16.424+0000] {processor.py:829} INFO - Processing file /opt/airflow/dags/ingest_local_folder_dag.py for tasks to queue
[2026-01-08T13:43:16.426+0000] {logging_mixin.py:151} INFO - [2026-01-08T13:43:16.425+0000] {dagbag.py:539} INFO - Filling up the DagBag from /opt/airflow/dags/ingest_local_folder_dag.py
[2026-01-08T13:43:16.586+0000] {logging_mixin.py:151} INFO - [2026-01-08T13:43:16.585+0000] {dagbag.py:347} ERROR - Failed to import: /opt/airflow/dags/ingest_local_folder_dag.py
Traceback (most recent call last):
  File "/home/airflow/.local/lib/python3.11/site-packages/airflow/models/dagbag.py", line 343, in parse
    loader.exec_module(new_module)
  File "<frozen importlib._bootstrap_external>", line 940, in exec_module
  File "<frozen importlib._bootstrap>", line 241, in _call_with_frames_removed
  File "/opt/airflow/dags/ingest_local_folder_dag.py", line 12, in <module>
    import magic
ModuleNotFoundError: No module named 'magic'
[2026-01-08T13:43:16.587+0000] {processor.py:841} WARNING - No viable dags retrieved from /opt/airflow/dags/ingest_local_folder_dag.py
[2026-01-08T13:43:16.607+0000] {processor.py:179} INFO - Processing /opt/airflow/dags/ingest_local_folder_dag.py took 0.197 seconds
[2026-01-08T13:43:46.787+0000] {processor.py:157} INFO - Started process (PID=8747) to work on /opt/airflow/dags/ingest_local_folder_dag.py
[2026-01-08T13:43:46.788+0000] {processor.py:829} INFO - Processing file /opt/airflow/dags/ingest_local_folder_dag.py for tasks to queue
[2026-01-08T13:43:46.789+0000] {logging_mixin.py:151} INFO - [2026-01-08T13:43:46.789+0000] {dagbag.py:539} INFO - Filling up the DagBag from /opt/airflow/dags/ingest_local_folder_dag.py
[2026-01-08T13:43:46.943+0000] {logging_mixin.py:151} INFO - [2026-01-08T13:43:46.942+0000] {dagbag.py:347} ERROR - Failed to import: /opt/airflow/dags/ingest_local_folder_dag.py
Traceback (most recent call last):
  File "/home/airflow/.local/lib/python3.11/site-packages/airflow/models/dagbag.py", line 343, in parse
    loader.exec_module(new_module)
  File "<frozen importlib._bootstrap_external>", line 940, in exec_module
  File "<frozen importlib._bootstrap>", line 241, in _call_with_frames_removed
  File "/opt/airflow/dags/ingest_local_folder_dag.py", line 12, in <module>
    import magic
ModuleNotFoundError: No module named 'magic'
[2026-01-08T13:43:46.943+0000] {processor.py:841} WARNING - No viable dags retrieved from /opt/airflow/dags/ingest_local_folder_dag.py
[2026-01-08T13:43:46.965+0000] {processor.py:179} INFO - Processing /opt/airflow/dags/ingest_local_folder_dag.py took 0.182 seconds
[2026-01-08T13:44:17.148+0000] {processor.py:157} INFO - Started process (PID=8761) to work on /opt/airflow/dags/ingest_local_folder_dag.py
[2026-01-08T13:44:17.149+0000] {processor.py:829} INFO - Processing file /opt/airflow/dags/ingest_local_folder_dag.py for tasks to queue
[2026-01-08T13:44:17.150+0000] {logging_mixin.py:151} INFO - [2026-01-08T13:44:17.149+0000] {dagbag.py:539} INFO - Filling up the DagBag from /opt/airflow/dags/ingest_local_folder_dag.py
[2026-01-08T13:44:17.301+0000] {logging_mixin.py:151} INFO - [2026-01-08T13:44:17.301+0000] {dagbag.py:347} ERROR - Failed to import: /opt/airflow/dags/ingest_local_folder_dag.py
Traceback (most recent call last):
  File "/home/airflow/.local/lib/python3.11/site-packages/airflow/models/dagbag.py", line 343, in parse
    loader.exec_module(new_module)
  File "<frozen importlib._bootstrap_external>", line 940, in exec_module
  File "<frozen importlib._bootstrap>", line 241, in _call_with_frames_removed
  File "/opt/airflow/dags/ingest_local_folder_dag.py", line 12, in <module>
    import magic
ModuleNotFoundError: No module named 'magic'
[2026-01-08T13:44:17.302+0000] {processor.py:841} WARNING - No viable dags retrieved from /opt/airflow/dags/ingest_local_folder_dag.py
[2026-01-08T13:44:17.323+0000] {processor.py:179} INFO - Processing /opt/airflow/dags/ingest_local_folder_dag.py took 0.179 seconds
[2026-01-08T13:44:47.541+0000] {processor.py:157} INFO - Started process (PID=8772) to work on /opt/airflow/dags/ingest_local_folder_dag.py
[2026-01-08T13:44:47.544+0000] {processor.py:829} INFO - Processing file /opt/airflow/dags/ingest_local_folder_dag.py for tasks to queue
[2026-01-08T13:44:47.546+0000] {logging_mixin.py:151} INFO - [2026-01-08T13:44:47.545+0000] {dagbag.py:539} INFO - Filling up the DagBag from /opt/airflow/dags/ingest_local_folder_dag.py
[2026-01-08T13:44:47.709+0000] {logging_mixin.py:151} INFO - [2026-01-08T13:44:47.708+0000] {dagbag.py:347} ERROR - Failed to import: /opt/airflow/dags/ingest_local_folder_dag.py
Traceback (most recent call last):
  File "/home/airflow/.local/lib/python3.11/site-packages/airflow/models/dagbag.py", line 343, in parse
    loader.exec_module(new_module)
  File "<frozen importlib._bootstrap_external>", line 940, in exec_module
  File "<frozen importlib._bootstrap>", line 241, in _call_with_frames_removed
  File "/opt/airflow/dags/ingest_local_folder_dag.py", line 12, in <module>
    import magic
ModuleNotFoundError: No module named 'magic'
[2026-01-08T13:44:47.709+0000] {processor.py:841} WARNING - No viable dags retrieved from /opt/airflow/dags/ingest_local_folder_dag.py
[2026-01-08T13:44:47.730+0000] {processor.py:179} INFO - Processing /opt/airflow/dags/ingest_local_folder_dag.py took 0.201 seconds
[2026-01-08T13:45:17.919+0000] {processor.py:157} INFO - Started process (PID=8786) to work on /opt/airflow/dags/ingest_local_folder_dag.py
[2026-01-08T13:45:17.919+0000] {processor.py:829} INFO - Processing file /opt/airflow/dags/ingest_local_folder_dag.py for tasks to queue
[2026-01-08T13:45:17.920+0000] {logging_mixin.py:151} INFO - [2026-01-08T13:45:17.920+0000] {dagbag.py:539} INFO - Filling up the DagBag from /opt/airflow/dags/ingest_local_folder_dag.py
[2026-01-08T13:45:18.072+0000] {logging_mixin.py:151} INFO - [2026-01-08T13:45:18.071+0000] {dagbag.py:347} ERROR - Failed to import: /opt/airflow/dags/ingest_local_folder_dag.py
Traceback (most recent call last):
  File "/home/airflow/.local/lib/python3.11/site-packages/airflow/models/dagbag.py", line 343, in parse
    loader.exec_module(new_module)
  File "<frozen importlib._bootstrap_external>", line 940, in exec_module
  File "<frozen importlib._bootstrap>", line 241, in _call_with_frames_removed
  File "/opt/airflow/dags/ingest_local_folder_dag.py", line 12, in <module>
    import magic
ModuleNotFoundError: No module named 'magic'
[2026-01-08T13:45:18.072+0000] {processor.py:841} WARNING - No viable dags retrieved from /opt/airflow/dags/ingest_local_folder_dag.py
[2026-01-08T13:45:18.094+0000] {processor.py:179} INFO - Processing /opt/airflow/dags/ingest_local_folder_dag.py took 0.179 seconds
[2026-01-08T13:45:48.277+0000] {processor.py:157} INFO - Started process (PID=8800) to work on /opt/airflow/dags/ingest_local_folder_dag.py
[2026-01-08T13:45:48.278+0000] {processor.py:829} INFO - Processing file /opt/airflow/dags/ingest_local_folder_dag.py for tasks to queue
[2026-01-08T13:45:48.279+0000] {logging_mixin.py:151} INFO - [2026-01-08T13:45:48.279+0000] {dagbag.py:539} INFO - Filling up the DagBag from /opt/airflow/dags/ingest_local_folder_dag.py
[2026-01-08T13:45:48.438+0000] {logging_mixin.py:151} INFO - [2026-01-08T13:45:48.437+0000] {dagbag.py:347} ERROR - Failed to import: /opt/airflow/dags/ingest_local_folder_dag.py
Traceback (most recent call last):
  File "/home/airflow/.local/lib/python3.11/site-packages/airflow/models/dagbag.py", line 343, in parse
    loader.exec_module(new_module)
  File "<frozen importlib._bootstrap_external>", line 940, in exec_module
  File "<frozen importlib._bootstrap>", line 241, in _call_with_frames_removed
  File "/opt/airflow/dags/ingest_local_folder_dag.py", line 12, in <module>
    import magic
ModuleNotFoundError: No module named 'magic'
[2026-01-08T13:45:48.439+0000] {processor.py:841} WARNING - No viable dags retrieved from /opt/airflow/dags/ingest_local_folder_dag.py
[2026-01-08T13:45:48.460+0000] {processor.py:179} INFO - Processing /opt/airflow/dags/ingest_local_folder_dag.py took 0.186 seconds
[2026-01-08T13:46:18.653+0000] {processor.py:157} INFO - Started process (PID=8811) to work on /opt/airflow/dags/ingest_local_folder_dag.py
[2026-01-08T13:46:18.654+0000] {processor.py:829} INFO - Processing file /opt/airflow/dags/ingest_local_folder_dag.py for tasks to queue
[2026-01-08T13:46:18.655+0000] {logging_mixin.py:151} INFO - [2026-01-08T13:46:18.654+0000] {dagbag.py:539} INFO - Filling up the DagBag from /opt/airflow/dags/ingest_local_folder_dag.py
[2026-01-08T13:46:18.812+0000] {logging_mixin.py:151} INFO - [2026-01-08T13:46:18.811+0000] {dagbag.py:347} ERROR - Failed to import: /opt/airflow/dags/ingest_local_folder_dag.py
Traceback (most recent call last):
  File "/home/airflow/.local/lib/python3.11/site-packages/airflow/models/dagbag.py", line 343, in parse
    loader.exec_module(new_module)
  File "<frozen importlib._bootstrap_external>", line 940, in exec_module
  File "<frozen importlib._bootstrap>", line 241, in _call_with_frames_removed
  File "/opt/airflow/dags/ingest_local_folder_dag.py", line 12, in <module>
    import magic
ModuleNotFoundError: No module named 'magic'
[2026-01-08T13:46:18.812+0000] {processor.py:841} WARNING - No viable dags retrieved from /opt/airflow/dags/ingest_local_folder_dag.py
[2026-01-08T13:46:18.833+0000] {processor.py:179} INFO - Processing /opt/airflow/dags/ingest_local_folder_dag.py took 0.184 seconds
[2026-01-08T13:46:49.018+0000] {processor.py:157} INFO - Started process (PID=8825) to work on /opt/airflow/dags/ingest_local_folder_dag.py
[2026-01-08T13:46:49.019+0000] {processor.py:829} INFO - Processing file /opt/airflow/dags/ingest_local_folder_dag.py for tasks to queue
[2026-01-08T13:46:49.019+0000] {logging_mixin.py:151} INFO - [2026-01-08T13:46:49.019+0000] {dagbag.py:539} INFO - Filling up the DagBag from /opt/airflow/dags/ingest_local_folder_dag.py
[2026-01-08T13:46:49.173+0000] {logging_mixin.py:151} INFO - [2026-01-08T13:46:49.172+0000] {dagbag.py:347} ERROR - Failed to import: /opt/airflow/dags/ingest_local_folder_dag.py
Traceback (most recent call last):
  File "/home/airflow/.local/lib/python3.11/site-packages/airflow/models/dagbag.py", line 343, in parse
    loader.exec_module(new_module)
  File "<frozen importlib._bootstrap_external>", line 940, in exec_module
  File "<frozen importlib._bootstrap>", line 241, in _call_with_frames_removed
  File "/opt/airflow/dags/ingest_local_folder_dag.py", line 12, in <module>
    import magic
ModuleNotFoundError: No module named 'magic'
[2026-01-08T13:46:49.174+0000] {processor.py:841} WARNING - No viable dags retrieved from /opt/airflow/dags/ingest_local_folder_dag.py
[2026-01-08T13:46:49.194+0000] {processor.py:179} INFO - Processing /opt/airflow/dags/ingest_local_folder_dag.py took 0.180 seconds
[2026-01-08T13:47:19.420+0000] {processor.py:157} INFO - Started process (PID=8839) to work on /opt/airflow/dags/ingest_local_folder_dag.py
[2026-01-08T13:47:19.421+0000] {processor.py:829} INFO - Processing file /opt/airflow/dags/ingest_local_folder_dag.py for tasks to queue
[2026-01-08T13:47:19.422+0000] {logging_mixin.py:151} INFO - [2026-01-08T13:47:19.421+0000] {dagbag.py:539} INFO - Filling up the DagBag from /opt/airflow/dags/ingest_local_folder_dag.py
[2026-01-08T13:47:19.576+0000] {logging_mixin.py:151} INFO - [2026-01-08T13:47:19.575+0000] {dagbag.py:347} ERROR - Failed to import: /opt/airflow/dags/ingest_local_folder_dag.py
Traceback (most recent call last):
  File "/home/airflow/.local/lib/python3.11/site-packages/airflow/models/dagbag.py", line 343, in parse
    loader.exec_module(new_module)
  File "<frozen importlib._bootstrap_external>", line 940, in exec_module
  File "<frozen importlib._bootstrap>", line 241, in _call_with_frames_removed
  File "/opt/airflow/dags/ingest_local_folder_dag.py", line 12, in <module>
    import magic
ModuleNotFoundError: No module named 'magic'
[2026-01-08T13:47:19.576+0000] {processor.py:841} WARNING - No viable dags retrieved from /opt/airflow/dags/ingest_local_folder_dag.py
[2026-01-08T13:47:19.596+0000] {processor.py:179} INFO - Processing /opt/airflow/dags/ingest_local_folder_dag.py took 0.180 seconds
[2026-01-08T13:47:49.785+0000] {processor.py:157} INFO - Started process (PID=8850) to work on /opt/airflow/dags/ingest_local_folder_dag.py
[2026-01-08T13:47:49.786+0000] {processor.py:829} INFO - Processing file /opt/airflow/dags/ingest_local_folder_dag.py for tasks to queue
[2026-01-08T13:47:49.787+0000] {logging_mixin.py:151} INFO - [2026-01-08T13:47:49.786+0000] {dagbag.py:539} INFO - Filling up the DagBag from /opt/airflow/dags/ingest_local_folder_dag.py
[2026-01-08T13:47:49.941+0000] {logging_mixin.py:151} INFO - [2026-01-08T13:47:49.940+0000] {dagbag.py:347} ERROR - Failed to import: /opt/airflow/dags/ingest_local_folder_dag.py
Traceback (most recent call last):
  File "/home/airflow/.local/lib/python3.11/site-packages/airflow/models/dagbag.py", line 343, in parse
    loader.exec_module(new_module)
  File "<frozen importlib._bootstrap_external>", line 940, in exec_module
  File "<frozen importlib._bootstrap>", line 241, in _call_with_frames_removed
  File "/opt/airflow/dags/ingest_local_folder_dag.py", line 12, in <module>
    import magic
ModuleNotFoundError: No module named 'magic'
[2026-01-08T13:47:49.941+0000] {processor.py:841} WARNING - No viable dags retrieved from /opt/airflow/dags/ingest_local_folder_dag.py
[2026-01-08T13:47:49.985+0000] {processor.py:179} INFO - Processing /opt/airflow/dags/ingest_local_folder_dag.py took 0.204 seconds
[2026-01-08T13:48:20.183+0000] {processor.py:157} INFO - Started process (PID=8864) to work on /opt/airflow/dags/ingest_local_folder_dag.py
[2026-01-08T13:48:20.184+0000] {processor.py:829} INFO - Processing file /opt/airflow/dags/ingest_local_folder_dag.py for tasks to queue
[2026-01-08T13:48:20.185+0000] {logging_mixin.py:151} INFO - [2026-01-08T13:48:20.184+0000] {dagbag.py:539} INFO - Filling up the DagBag from /opt/airflow/dags/ingest_local_folder_dag.py
[2026-01-08T13:48:20.338+0000] {logging_mixin.py:151} INFO - [2026-01-08T13:48:20.337+0000] {dagbag.py:347} ERROR - Failed to import: /opt/airflow/dags/ingest_local_folder_dag.py
Traceback (most recent call last):
  File "/home/airflow/.local/lib/python3.11/site-packages/airflow/models/dagbag.py", line 343, in parse
    loader.exec_module(new_module)
  File "<frozen importlib._bootstrap_external>", line 940, in exec_module
  File "<frozen importlib._bootstrap>", line 241, in _call_with_frames_removed
  File "/opt/airflow/dags/ingest_local_folder_dag.py", line 12, in <module>
    import magic
ModuleNotFoundError: No module named 'magic'
[2026-01-08T13:48:20.339+0000] {processor.py:841} WARNING - No viable dags retrieved from /opt/airflow/dags/ingest_local_folder_dag.py
[2026-01-08T13:48:20.360+0000] {processor.py:179} INFO - Processing /opt/airflow/dags/ingest_local_folder_dag.py took 0.180 seconds
[2026-01-08T13:48:50.544+0000] {processor.py:157} INFO - Started process (PID=8878) to work on /opt/airflow/dags/ingest_local_folder_dag.py
[2026-01-08T13:48:50.545+0000] {processor.py:829} INFO - Processing file /opt/airflow/dags/ingest_local_folder_dag.py for tasks to queue
[2026-01-08T13:48:50.546+0000] {logging_mixin.py:151} INFO - [2026-01-08T13:48:50.546+0000] {dagbag.py:539} INFO - Filling up the DagBag from /opt/airflow/dags/ingest_local_folder_dag.py
[2026-01-08T13:48:50.699+0000] {logging_mixin.py:151} INFO - [2026-01-08T13:48:50.698+0000] {dagbag.py:347} ERROR - Failed to import: /opt/airflow/dags/ingest_local_folder_dag.py
Traceback (most recent call last):
  File "/home/airflow/.local/lib/python3.11/site-packages/airflow/models/dagbag.py", line 343, in parse
    loader.exec_module(new_module)
  File "<frozen importlib._bootstrap_external>", line 940, in exec_module
  File "<frozen importlib._bootstrap>", line 241, in _call_with_frames_removed
  File "/opt/airflow/dags/ingest_local_folder_dag.py", line 12, in <module>
    import magic
ModuleNotFoundError: No module named 'magic'
[2026-01-08T13:48:50.700+0000] {processor.py:841} WARNING - No viable dags retrieved from /opt/airflow/dags/ingest_local_folder_dag.py
[2026-01-08T13:48:50.721+0000] {processor.py:179} INFO - Processing /opt/airflow/dags/ingest_local_folder_dag.py took 0.180 seconds
[2026-01-08T13:49:20.918+0000] {processor.py:157} INFO - Started process (PID=8889) to work on /opt/airflow/dags/ingest_local_folder_dag.py
[2026-01-08T13:49:20.918+0000] {processor.py:829} INFO - Processing file /opt/airflow/dags/ingest_local_folder_dag.py for tasks to queue
[2026-01-08T13:49:20.919+0000] {logging_mixin.py:151} INFO - [2026-01-08T13:49:20.919+0000] {dagbag.py:539} INFO - Filling up the DagBag from /opt/airflow/dags/ingest_local_folder_dag.py
[2026-01-08T13:49:21.072+0000] {logging_mixin.py:151} INFO - [2026-01-08T13:49:21.071+0000] {dagbag.py:347} ERROR - Failed to import: /opt/airflow/dags/ingest_local_folder_dag.py
Traceback (most recent call last):
  File "/home/airflow/.local/lib/python3.11/site-packages/airflow/models/dagbag.py", line 343, in parse
    loader.exec_module(new_module)
  File "<frozen importlib._bootstrap_external>", line 940, in exec_module
  File "<frozen importlib._bootstrap>", line 241, in _call_with_frames_removed
  File "/opt/airflow/dags/ingest_local_folder_dag.py", line 12, in <module>
    import magic
ModuleNotFoundError: No module named 'magic'
[2026-01-08T13:49:21.073+0000] {processor.py:841} WARNING - No viable dags retrieved from /opt/airflow/dags/ingest_local_folder_dag.py
[2026-01-08T13:49:21.094+0000] {processor.py:179} INFO - Processing /opt/airflow/dags/ingest_local_folder_dag.py took 0.180 seconds
[2026-01-08T13:49:51.309+0000] {processor.py:157} INFO - Started process (PID=8903) to work on /opt/airflow/dags/ingest_local_folder_dag.py
[2026-01-08T13:49:51.311+0000] {processor.py:829} INFO - Processing file /opt/airflow/dags/ingest_local_folder_dag.py for tasks to queue
[2026-01-08T13:49:51.314+0000] {logging_mixin.py:151} INFO - [2026-01-08T13:49:51.313+0000] {dagbag.py:539} INFO - Filling up the DagBag from /opt/airflow/dags/ingest_local_folder_dag.py
[2026-01-08T13:49:51.473+0000] {logging_mixin.py:151} INFO - [2026-01-08T13:49:51.472+0000] {dagbag.py:347} ERROR - Failed to import: /opt/airflow/dags/ingest_local_folder_dag.py
Traceback (most recent call last):
  File "/home/airflow/.local/lib/python3.11/site-packages/airflow/models/dagbag.py", line 343, in parse
    loader.exec_module(new_module)
  File "<frozen importlib._bootstrap_external>", line 940, in exec_module
  File "<frozen importlib._bootstrap>", line 241, in _call_with_frames_removed
  File "/opt/airflow/dags/ingest_local_folder_dag.py", line 12, in <module>
    import magic
ModuleNotFoundError: No module named 'magic'
[2026-01-08T13:49:51.473+0000] {processor.py:841} WARNING - No viable dags retrieved from /opt/airflow/dags/ingest_local_folder_dag.py
[2026-01-08T13:49:51.494+0000] {processor.py:179} INFO - Processing /opt/airflow/dags/ingest_local_folder_dag.py took 0.196 seconds
[2026-01-08T13:50:21.684+0000] {processor.py:157} INFO - Started process (PID=8917) to work on /opt/airflow/dags/ingest_local_folder_dag.py
[2026-01-08T13:50:21.684+0000] {processor.py:829} INFO - Processing file /opt/airflow/dags/ingest_local_folder_dag.py for tasks to queue
[2026-01-08T13:50:21.685+0000] {logging_mixin.py:151} INFO - [2026-01-08T13:50:21.685+0000] {dagbag.py:539} INFO - Filling up the DagBag from /opt/airflow/dags/ingest_local_folder_dag.py
[2026-01-08T13:50:21.843+0000] {logging_mixin.py:151} INFO - [2026-01-08T13:50:21.842+0000] {dagbag.py:347} ERROR - Failed to import: /opt/airflow/dags/ingest_local_folder_dag.py
Traceback (most recent call last):
  File "/home/airflow/.local/lib/python3.11/site-packages/airflow/models/dagbag.py", line 343, in parse
    loader.exec_module(new_module)
  File "<frozen importlib._bootstrap_external>", line 940, in exec_module
  File "<frozen importlib._bootstrap>", line 241, in _call_with_frames_removed
  File "/opt/airflow/dags/ingest_local_folder_dag.py", line 12, in <module>
    import magic
ModuleNotFoundError: No module named 'magic'
[2026-01-08T13:50:21.844+0000] {processor.py:841} WARNING - No viable dags retrieved from /opt/airflow/dags/ingest_local_folder_dag.py
[2026-01-08T13:50:21.865+0000] {processor.py:179} INFO - Processing /opt/airflow/dags/ingest_local_folder_dag.py took 0.185 seconds
[2026-01-08T13:50:52.073+0000] {processor.py:157} INFO - Started process (PID=8928) to work on /opt/airflow/dags/ingest_local_folder_dag.py
[2026-01-08T13:50:52.076+0000] {processor.py:829} INFO - Processing file /opt/airflow/dags/ingest_local_folder_dag.py for tasks to queue
[2026-01-08T13:50:52.078+0000] {logging_mixin.py:151} INFO - [2026-01-08T13:50:52.077+0000] {dagbag.py:539} INFO - Filling up the DagBag from /opt/airflow/dags/ingest_local_folder_dag.py
[2026-01-08T13:50:52.237+0000] {logging_mixin.py:151} INFO - [2026-01-08T13:50:52.236+0000] {dagbag.py:347} ERROR - Failed to import: /opt/airflow/dags/ingest_local_folder_dag.py
Traceback (most recent call last):
  File "/home/airflow/.local/lib/python3.11/site-packages/airflow/models/dagbag.py", line 343, in parse
    loader.exec_module(new_module)
  File "<frozen importlib._bootstrap_external>", line 940, in exec_module
  File "<frozen importlib._bootstrap>", line 241, in _call_with_frames_removed
  File "/opt/airflow/dags/ingest_local_folder_dag.py", line 12, in <module>
    import magic
ModuleNotFoundError: No module named 'magic'
[2026-01-08T13:50:52.238+0000] {processor.py:841} WARNING - No viable dags retrieved from /opt/airflow/dags/ingest_local_folder_dag.py
[2026-01-08T13:50:52.259+0000] {processor.py:179} INFO - Processing /opt/airflow/dags/ingest_local_folder_dag.py took 0.196 seconds
[2026-01-08T13:51:22.445+0000] {processor.py:157} INFO - Started process (PID=8942) to work on /opt/airflow/dags/ingest_local_folder_dag.py
[2026-01-08T13:51:22.446+0000] {processor.py:829} INFO - Processing file /opt/airflow/dags/ingest_local_folder_dag.py for tasks to queue
[2026-01-08T13:51:22.447+0000] {logging_mixin.py:151} INFO - [2026-01-08T13:51:22.446+0000] {dagbag.py:539} INFO - Filling up the DagBag from /opt/airflow/dags/ingest_local_folder_dag.py
[2026-01-08T13:51:22.612+0000] {logging_mixin.py:151} INFO - [2026-01-08T13:51:22.611+0000] {dagbag.py:347} ERROR - Failed to import: /opt/airflow/dags/ingest_local_folder_dag.py
Traceback (most recent call last):
  File "/home/airflow/.local/lib/python3.11/site-packages/airflow/models/dagbag.py", line 343, in parse
    loader.exec_module(new_module)
  File "<frozen importlib._bootstrap_external>", line 940, in exec_module
  File "<frozen importlib._bootstrap>", line 241, in _call_with_frames_removed
  File "/opt/airflow/dags/ingest_local_folder_dag.py", line 12, in <module>
    import magic
ModuleNotFoundError: No module named 'magic'
[2026-01-08T13:51:22.613+0000] {processor.py:841} WARNING - No viable dags retrieved from /opt/airflow/dags/ingest_local_folder_dag.py
[2026-01-08T13:51:22.637+0000] {processor.py:179} INFO - Processing /opt/airflow/dags/ingest_local_folder_dag.py took 0.198 seconds
[2026-01-08T13:51:52.840+0000] {processor.py:157} INFO - Started process (PID=8956) to work on /opt/airflow/dags/ingest_local_folder_dag.py
[2026-01-08T13:51:52.842+0000] {processor.py:829} INFO - Processing file /opt/airflow/dags/ingest_local_folder_dag.py for tasks to queue
[2026-01-08T13:51:52.844+0000] {logging_mixin.py:151} INFO - [2026-01-08T13:51:52.843+0000] {dagbag.py:539} INFO - Filling up the DagBag from /opt/airflow/dags/ingest_local_folder_dag.py
[2026-01-08T13:51:53.049+0000] {logging_mixin.py:151} INFO - [2026-01-08T13:51:53.048+0000] {dagbag.py:347} ERROR - Failed to import: /opt/airflow/dags/ingest_local_folder_dag.py
Traceback (most recent call last):
  File "/home/airflow/.local/lib/python3.11/site-packages/airflow/models/dagbag.py", line 343, in parse
    loader.exec_module(new_module)
  File "<frozen importlib._bootstrap_external>", line 940, in exec_module
  File "<frozen importlib._bootstrap>", line 241, in _call_with_frames_removed
  File "/opt/airflow/dags/ingest_local_folder_dag.py", line 12, in <module>
    import magic
ModuleNotFoundError: No module named 'magic'
[2026-01-08T13:51:53.049+0000] {processor.py:841} WARNING - No viable dags retrieved from /opt/airflow/dags/ingest_local_folder_dag.py
[2026-01-08T13:51:53.071+0000] {processor.py:179} INFO - Processing /opt/airflow/dags/ingest_local_folder_dag.py took 0.242 seconds
[2026-01-08T13:52:23.277+0000] {processor.py:157} INFO - Started process (PID=8967) to work on /opt/airflow/dags/ingest_local_folder_dag.py
[2026-01-08T13:52:23.278+0000] {processor.py:829} INFO - Processing file /opt/airflow/dags/ingest_local_folder_dag.py for tasks to queue
[2026-01-08T13:52:23.280+0000] {logging_mixin.py:151} INFO - [2026-01-08T13:52:23.279+0000] {dagbag.py:539} INFO - Filling up the DagBag from /opt/airflow/dags/ingest_local_folder_dag.py
[2026-01-08T13:52:23.438+0000] {logging_mixin.py:151} INFO - [2026-01-08T13:52:23.438+0000] {dagbag.py:347} ERROR - Failed to import: /opt/airflow/dags/ingest_local_folder_dag.py
Traceback (most recent call last):
  File "/home/airflow/.local/lib/python3.11/site-packages/airflow/models/dagbag.py", line 343, in parse
    loader.exec_module(new_module)
  File "<frozen importlib._bootstrap_external>", line 940, in exec_module
  File "<frozen importlib._bootstrap>", line 241, in _call_with_frames_removed
  File "/opt/airflow/dags/ingest_local_folder_dag.py", line 12, in <module>
    import magic
ModuleNotFoundError: No module named 'magic'
[2026-01-08T13:52:23.439+0000] {processor.py:841} WARNING - No viable dags retrieved from /opt/airflow/dags/ingest_local_folder_dag.py
[2026-01-08T13:52:23.460+0000] {processor.py:179} INFO - Processing /opt/airflow/dags/ingest_local_folder_dag.py took 0.192 seconds
[2026-01-08T13:52:53.647+0000] {processor.py:157} INFO - Started process (PID=8981) to work on /opt/airflow/dags/ingest_local_folder_dag.py
[2026-01-08T13:52:53.650+0000] {processor.py:829} INFO - Processing file /opt/airflow/dags/ingest_local_folder_dag.py for tasks to queue
[2026-01-08T13:52:53.652+0000] {logging_mixin.py:151} INFO - [2026-01-08T13:52:53.651+0000] {dagbag.py:539} INFO - Filling up the DagBag from /opt/airflow/dags/ingest_local_folder_dag.py
[2026-01-08T13:52:53.817+0000] {logging_mixin.py:151} INFO - [2026-01-08T13:52:53.816+0000] {dagbag.py:347} ERROR - Failed to import: /opt/airflow/dags/ingest_local_folder_dag.py
Traceback (most recent call last):
  File "/home/airflow/.local/lib/python3.11/site-packages/airflow/models/dagbag.py", line 343, in parse
    loader.exec_module(new_module)
  File "<frozen importlib._bootstrap_external>", line 940, in exec_module
  File "<frozen importlib._bootstrap>", line 241, in _call_with_frames_removed
  File "/opt/airflow/dags/ingest_local_folder_dag.py", line 12, in <module>
    import magic
ModuleNotFoundError: No module named 'magic'
[2026-01-08T13:52:53.818+0000] {processor.py:841} WARNING - No viable dags retrieved from /opt/airflow/dags/ingest_local_folder_dag.py
[2026-01-08T13:52:53.839+0000] {processor.py:179} INFO - Processing /opt/airflow/dags/ingest_local_folder_dag.py took 0.202 seconds
[2026-01-08T13:53:24.025+0000] {processor.py:157} INFO - Started process (PID=8995) to work on /opt/airflow/dags/ingest_local_folder_dag.py
[2026-01-08T13:53:24.026+0000] {processor.py:829} INFO - Processing file /opt/airflow/dags/ingest_local_folder_dag.py for tasks to queue
[2026-01-08T13:53:24.027+0000] {logging_mixin.py:151} INFO - [2026-01-08T13:53:24.026+0000] {dagbag.py:539} INFO - Filling up the DagBag from /opt/airflow/dags/ingest_local_folder_dag.py
[2026-01-08T13:53:24.176+0000] {logging_mixin.py:151} INFO - [2026-01-08T13:53:24.175+0000] {dagbag.py:347} ERROR - Failed to import: /opt/airflow/dags/ingest_local_folder_dag.py
Traceback (most recent call last):
  File "/home/airflow/.local/lib/python3.11/site-packages/airflow/models/dagbag.py", line 343, in parse
    loader.exec_module(new_module)
  File "<frozen importlib._bootstrap_external>", line 940, in exec_module
  File "<frozen importlib._bootstrap>", line 241, in _call_with_frames_removed
  File "/opt/airflow/dags/ingest_local_folder_dag.py", line 12, in <module>
    import magic
ModuleNotFoundError: No module named 'magic'
[2026-01-08T13:53:24.177+0000] {processor.py:841} WARNING - No viable dags retrieved from /opt/airflow/dags/ingest_local_folder_dag.py
[2026-01-08T13:53:24.197+0000] {processor.py:179} INFO - Processing /opt/airflow/dags/ingest_local_folder_dag.py took 0.176 seconds
[2026-01-08T13:53:54.418+0000] {processor.py:157} INFO - Started process (PID=9006) to work on /opt/airflow/dags/ingest_local_folder_dag.py
[2026-01-08T13:53:54.421+0000] {processor.py:829} INFO - Processing file /opt/airflow/dags/ingest_local_folder_dag.py for tasks to queue
[2026-01-08T13:53:54.423+0000] {logging_mixin.py:151} INFO - [2026-01-08T13:53:54.422+0000] {dagbag.py:539} INFO - Filling up the DagBag from /opt/airflow/dags/ingest_local_folder_dag.py
[2026-01-08T13:53:54.585+0000] {logging_mixin.py:151} INFO - [2026-01-08T13:53:54.584+0000] {dagbag.py:347} ERROR - Failed to import: /opt/airflow/dags/ingest_local_folder_dag.py
Traceback (most recent call last):
  File "/home/airflow/.local/lib/python3.11/site-packages/airflow/models/dagbag.py", line 343, in parse
    loader.exec_module(new_module)
  File "<frozen importlib._bootstrap_external>", line 940, in exec_module
  File "<frozen importlib._bootstrap>", line 241, in _call_with_frames_removed
  File "/opt/airflow/dags/ingest_local_folder_dag.py", line 12, in <module>
    import magic
ModuleNotFoundError: No module named 'magic'
[2026-01-08T13:53:54.585+0000] {processor.py:841} WARNING - No viable dags retrieved from /opt/airflow/dags/ingest_local_folder_dag.py
[2026-01-08T13:53:54.606+0000] {processor.py:179} INFO - Processing /opt/airflow/dags/ingest_local_folder_dag.py took 0.199 seconds
[2026-01-08T14:20:00.080+0000] {processor.py:157} INFO - Started process (PID=167) to work on /opt/airflow/dags/ingest_local_folder_dag.py
[2026-01-08T14:20:00.084+0000] {processor.py:829} INFO - Processing file /opt/airflow/dags/ingest_local_folder_dag.py for tasks to queue
[2026-01-08T14:20:00.086+0000] {logging_mixin.py:151} INFO - [2026-01-08T14:20:00.084+0000] {dagbag.py:539} INFO - Filling up the DagBag from /opt/airflow/dags/ingest_local_folder_dag.py
[2026-01-08T14:20:00.293+0000] {logging_mixin.py:151} INFO - [2026-01-08T14:20:00.292+0000] {dagbag.py:347} ERROR - Failed to import: /opt/airflow/dags/ingest_local_folder_dag.py
Traceback (most recent call last):
  File "/home/airflow/.local/lib/python3.11/site-packages/airflow/models/dagbag.py", line 343, in parse
    loader.exec_module(new_module)
  File "<frozen importlib._bootstrap_external>", line 940, in exec_module
  File "<frozen importlib._bootstrap>", line 241, in _call_with_frames_removed
  File "/opt/airflow/dags/ingest_local_folder_dag.py", line 12, in <module>
    import magic
  File "/home/airflow/.local/lib/python3.11/site-packages/magic/__init__.py", line 209, in <module>
    libmagic = loader.load_lib()
               ^^^^^^^^^^^^^^^^^
  File "/home/airflow/.local/lib/python3.11/site-packages/magic/loader.py", line 49, in load_lib
    raise ImportError('failed to find libmagic.  Check your installation')
ImportError: failed to find libmagic.  Check your installation
[2026-01-08T14:20:00.294+0000] {processor.py:841} WARNING - No viable dags retrieved from /opt/airflow/dags/ingest_local_folder_dag.py
[2026-01-08T14:20:00.317+0000] {processor.py:179} INFO - Processing /opt/airflow/dags/ingest_local_folder_dag.py took 0.241 seconds
[2026-01-08T14:20:30.475+0000] {processor.py:157} INFO - Started process (PID=205) to work on /opt/airflow/dags/ingest_local_folder_dag.py
[2026-01-08T14:20:30.477+0000] {processor.py:829} INFO - Processing file /opt/airflow/dags/ingest_local_folder_dag.py for tasks to queue
[2026-01-08T14:20:30.479+0000] {logging_mixin.py:151} INFO - [2026-01-08T14:20:30.478+0000] {dagbag.py:539} INFO - Filling up the DagBag from /opt/airflow/dags/ingest_local_folder_dag.py
[2026-01-08T14:20:30.652+0000] {logging_mixin.py:151} INFO - [2026-01-08T14:20:30.651+0000] {dagbag.py:347} ERROR - Failed to import: /opt/airflow/dags/ingest_local_folder_dag.py
Traceback (most recent call last):
  File "/home/airflow/.local/lib/python3.11/site-packages/airflow/models/dagbag.py", line 343, in parse
    loader.exec_module(new_module)
  File "<frozen importlib._bootstrap_external>", line 940, in exec_module
  File "<frozen importlib._bootstrap>", line 241, in _call_with_frames_removed
  File "/opt/airflow/dags/ingest_local_folder_dag.py", line 12, in <module>
    import magic
  File "/home/airflow/.local/lib/python3.11/site-packages/magic/__init__.py", line 209, in <module>
    libmagic = loader.load_lib()
               ^^^^^^^^^^^^^^^^^
  File "/home/airflow/.local/lib/python3.11/site-packages/magic/loader.py", line 49, in load_lib
    raise ImportError('failed to find libmagic.  Check your installation')
ImportError: failed to find libmagic.  Check your installation
[2026-01-08T14:20:30.652+0000] {processor.py:841} WARNING - No viable dags retrieved from /opt/airflow/dags/ingest_local_folder_dag.py
[2026-01-08T14:20:30.673+0000] {processor.py:179} INFO - Processing /opt/airflow/dags/ingest_local_folder_dag.py took 0.208 seconds
[2026-01-08T14:21:00.853+0000] {processor.py:157} INFO - Started process (PID=221) to work on /opt/airflow/dags/ingest_local_folder_dag.py
[2026-01-08T14:21:00.854+0000] {processor.py:829} INFO - Processing file /opt/airflow/dags/ingest_local_folder_dag.py for tasks to queue
[2026-01-08T14:21:00.854+0000] {logging_mixin.py:151} INFO - [2026-01-08T14:21:00.854+0000] {dagbag.py:539} INFO - Filling up the DagBag from /opt/airflow/dags/ingest_local_folder_dag.py
[2026-01-08T14:21:01.020+0000] {logging_mixin.py:151} INFO - [2026-01-08T14:21:01.019+0000] {dagbag.py:347} ERROR - Failed to import: /opt/airflow/dags/ingest_local_folder_dag.py
Traceback (most recent call last):
  File "/home/airflow/.local/lib/python3.11/site-packages/airflow/models/dagbag.py", line 343, in parse
    loader.exec_module(new_module)
  File "<frozen importlib._bootstrap_external>", line 940, in exec_module
  File "<frozen importlib._bootstrap>", line 241, in _call_with_frames_removed
  File "/opt/airflow/dags/ingest_local_folder_dag.py", line 12, in <module>
    import magic
  File "/home/airflow/.local/lib/python3.11/site-packages/magic/__init__.py", line 209, in <module>
    libmagic = loader.load_lib()
               ^^^^^^^^^^^^^^^^^
  File "/home/airflow/.local/lib/python3.11/site-packages/magic/loader.py", line 49, in load_lib
    raise ImportError('failed to find libmagic.  Check your installation')
ImportError: failed to find libmagic.  Check your installation
[2026-01-08T14:21:01.021+0000] {processor.py:841} WARNING - No viable dags retrieved from /opt/airflow/dags/ingest_local_folder_dag.py
[2026-01-08T14:21:01.043+0000] {processor.py:179} INFO - Processing /opt/airflow/dags/ingest_local_folder_dag.py took 0.194 seconds
[2026-01-08T14:21:31.248+0000] {processor.py:157} INFO - Started process (PID=234) to work on /opt/airflow/dags/ingest_local_folder_dag.py
[2026-01-08T14:21:31.249+0000] {processor.py:829} INFO - Processing file /opt/airflow/dags/ingest_local_folder_dag.py for tasks to queue
[2026-01-08T14:21:31.250+0000] {logging_mixin.py:151} INFO - [2026-01-08T14:21:31.250+0000] {dagbag.py:539} INFO - Filling up the DagBag from /opt/airflow/dags/ingest_local_folder_dag.py
[2026-01-08T14:21:31.424+0000] {logging_mixin.py:151} INFO - [2026-01-08T14:21:31.423+0000] {dagbag.py:347} ERROR - Failed to import: /opt/airflow/dags/ingest_local_folder_dag.py
Traceback (most recent call last):
  File "/home/airflow/.local/lib/python3.11/site-packages/airflow/models/dagbag.py", line 343, in parse
    loader.exec_module(new_module)
  File "<frozen importlib._bootstrap_external>", line 940, in exec_module
  File "<frozen importlib._bootstrap>", line 241, in _call_with_frames_removed
  File "/opt/airflow/dags/ingest_local_folder_dag.py", line 12, in <module>
    import magic
  File "/home/airflow/.local/lib/python3.11/site-packages/magic/__init__.py", line 209, in <module>
    libmagic = loader.load_lib()
               ^^^^^^^^^^^^^^^^^
  File "/home/airflow/.local/lib/python3.11/site-packages/magic/loader.py", line 49, in load_lib
    raise ImportError('failed to find libmagic.  Check your installation')
ImportError: failed to find libmagic.  Check your installation
[2026-01-08T14:21:31.425+0000] {processor.py:841} WARNING - No viable dags retrieved from /opt/airflow/dags/ingest_local_folder_dag.py
[2026-01-08T14:21:31.447+0000] {processor.py:179} INFO - Processing /opt/airflow/dags/ingest_local_folder_dag.py took 0.205 seconds
[2026-01-08T14:22:01.665+0000] {processor.py:157} INFO - Started process (PID=250) to work on /opt/airflow/dags/ingest_local_folder_dag.py
[2026-01-08T14:22:01.668+0000] {processor.py:829} INFO - Processing file /opt/airflow/dags/ingest_local_folder_dag.py for tasks to queue
[2026-01-08T14:22:01.670+0000] {logging_mixin.py:151} INFO - [2026-01-08T14:22:01.669+0000] {dagbag.py:539} INFO - Filling up the DagBag from /opt/airflow/dags/ingest_local_folder_dag.py
[2026-01-08T14:22:01.841+0000] {logging_mixin.py:151} INFO - [2026-01-08T14:22:01.839+0000] {dagbag.py:347} ERROR - Failed to import: /opt/airflow/dags/ingest_local_folder_dag.py
Traceback (most recent call last):
  File "/home/airflow/.local/lib/python3.11/site-packages/airflow/models/dagbag.py", line 343, in parse
    loader.exec_module(new_module)
  File "<frozen importlib._bootstrap_external>", line 940, in exec_module
  File "<frozen importlib._bootstrap>", line 241, in _call_with_frames_removed
  File "/opt/airflow/dags/ingest_local_folder_dag.py", line 12, in <module>
    import magic
  File "/home/airflow/.local/lib/python3.11/site-packages/magic/__init__.py", line 209, in <module>
    libmagic = loader.load_lib()
               ^^^^^^^^^^^^^^^^^
  File "/home/airflow/.local/lib/python3.11/site-packages/magic/loader.py", line 49, in load_lib
    raise ImportError('failed to find libmagic.  Check your installation')
ImportError: failed to find libmagic.  Check your installation
[2026-01-08T14:22:01.841+0000] {processor.py:841} WARNING - No viable dags retrieved from /opt/airflow/dags/ingest_local_folder_dag.py
[2026-01-08T14:22:01.863+0000] {processor.py:179} INFO - Processing /opt/airflow/dags/ingest_local_folder_dag.py took 0.208 seconds
[2026-01-08T14:22:32.037+0000] {processor.py:157} INFO - Started process (PID=266) to work on /opt/airflow/dags/ingest_local_folder_dag.py
[2026-01-08T14:22:32.038+0000] {processor.py:829} INFO - Processing file /opt/airflow/dags/ingest_local_folder_dag.py for tasks to queue
[2026-01-08T14:22:32.039+0000] {logging_mixin.py:151} INFO - [2026-01-08T14:22:32.038+0000] {dagbag.py:539} INFO - Filling up the DagBag from /opt/airflow/dags/ingest_local_folder_dag.py
[2026-01-08T14:22:32.201+0000] {logging_mixin.py:151} INFO - [2026-01-08T14:22:32.200+0000] {dagbag.py:347} ERROR - Failed to import: /opt/airflow/dags/ingest_local_folder_dag.py
Traceback (most recent call last):
  File "/home/airflow/.local/lib/python3.11/site-packages/airflow/models/dagbag.py", line 343, in parse
    loader.exec_module(new_module)
  File "<frozen importlib._bootstrap_external>", line 940, in exec_module
  File "<frozen importlib._bootstrap>", line 241, in _call_with_frames_removed
  File "/opt/airflow/dags/ingest_local_folder_dag.py", line 12, in <module>
    import magic
  File "/home/airflow/.local/lib/python3.11/site-packages/magic/__init__.py", line 209, in <module>
    libmagic = loader.load_lib()
               ^^^^^^^^^^^^^^^^^
  File "/home/airflow/.local/lib/python3.11/site-packages/magic/loader.py", line 49, in load_lib
    raise ImportError('failed to find libmagic.  Check your installation')
ImportError: failed to find libmagic.  Check your installation
[2026-01-08T14:22:32.201+0000] {processor.py:841} WARNING - No viable dags retrieved from /opt/airflow/dags/ingest_local_folder_dag.py
[2026-01-08T14:22:32.222+0000] {processor.py:179} INFO - Processing /opt/airflow/dags/ingest_local_folder_dag.py took 0.188 seconds
[2026-01-08T14:23:02.411+0000] {processor.py:157} INFO - Started process (PID=279) to work on /opt/airflow/dags/ingest_local_folder_dag.py
[2026-01-08T14:23:02.412+0000] {processor.py:829} INFO - Processing file /opt/airflow/dags/ingest_local_folder_dag.py for tasks to queue
[2026-01-08T14:23:02.413+0000] {logging_mixin.py:151} INFO - [2026-01-08T14:23:02.412+0000] {dagbag.py:539} INFO - Filling up the DagBag from /opt/airflow/dags/ingest_local_folder_dag.py
[2026-01-08T14:23:02.596+0000] {logging_mixin.py:151} INFO - [2026-01-08T14:23:02.595+0000] {dagbag.py:347} ERROR - Failed to import: /opt/airflow/dags/ingest_local_folder_dag.py
Traceback (most recent call last):
  File "/home/airflow/.local/lib/python3.11/site-packages/airflow/models/dagbag.py", line 343, in parse
    loader.exec_module(new_module)
  File "<frozen importlib._bootstrap_external>", line 940, in exec_module
  File "<frozen importlib._bootstrap>", line 241, in _call_with_frames_removed
  File "/opt/airflow/dags/ingest_local_folder_dag.py", line 12, in <module>
    import magic
  File "/home/airflow/.local/lib/python3.11/site-packages/magic/__init__.py", line 209, in <module>
    libmagic = loader.load_lib()
               ^^^^^^^^^^^^^^^^^
  File "/home/airflow/.local/lib/python3.11/site-packages/magic/loader.py", line 49, in load_lib
    raise ImportError('failed to find libmagic.  Check your installation')
ImportError: failed to find libmagic.  Check your installation
[2026-01-08T14:23:02.597+0000] {processor.py:841} WARNING - No viable dags retrieved from /opt/airflow/dags/ingest_local_folder_dag.py
[2026-01-08T14:23:02.761+0000] {processor.py:179} INFO - Processing /opt/airflow/dags/ingest_local_folder_dag.py took 0.354 seconds
[2026-01-08T14:23:33.591+0000] {processor.py:157} INFO - Started process (PID=295) to work on /opt/airflow/dags/ingest_local_folder_dag.py
[2026-01-08T14:23:33.592+0000] {processor.py:829} INFO - Processing file /opt/airflow/dags/ingest_local_folder_dag.py for tasks to queue
[2026-01-08T14:23:33.592+0000] {logging_mixin.py:151} INFO - [2026-01-08T14:23:33.592+0000] {dagbag.py:539} INFO - Filling up the DagBag from /opt/airflow/dags/ingest_local_folder_dag.py
[2026-01-08T14:23:33.893+0000] {logging_mixin.py:151} INFO - [2026-01-08T14:23:33.892+0000] {dagbag.py:347} ERROR - Failed to import: /opt/airflow/dags/ingest_local_folder_dag.py
Traceback (most recent call last):
  File "/home/airflow/.local/lib/python3.11/site-packages/airflow/models/dagbag.py", line 343, in parse
    loader.exec_module(new_module)
  File "<frozen importlib._bootstrap_external>", line 940, in exec_module
  File "<frozen importlib._bootstrap>", line 241, in _call_with_frames_removed
  File "/opt/airflow/dags/ingest_local_folder_dag.py", line 12, in <module>
    import magic
  File "/home/airflow/.local/lib/python3.11/site-packages/magic/__init__.py", line 209, in <module>
    libmagic = loader.load_lib()
               ^^^^^^^^^^^^^^^^^
  File "/home/airflow/.local/lib/python3.11/site-packages/magic/loader.py", line 49, in load_lib
    raise ImportError('failed to find libmagic.  Check your installation')
ImportError: failed to find libmagic.  Check your installation
[2026-01-08T14:23:33.893+0000] {processor.py:841} WARNING - No viable dags retrieved from /opt/airflow/dags/ingest_local_folder_dag.py
[2026-01-08T14:23:33.913+0000] {processor.py:179} INFO - Processing /opt/airflow/dags/ingest_local_folder_dag.py took 0.326 seconds
[2026-01-08T14:24:04.095+0000] {processor.py:157} INFO - Started process (PID=311) to work on /opt/airflow/dags/ingest_local_folder_dag.py
[2026-01-08T14:24:04.096+0000] {processor.py:829} INFO - Processing file /opt/airflow/dags/ingest_local_folder_dag.py for tasks to queue
[2026-01-08T14:24:04.097+0000] {logging_mixin.py:151} INFO - [2026-01-08T14:24:04.096+0000] {dagbag.py:539} INFO - Filling up the DagBag from /opt/airflow/dags/ingest_local_folder_dag.py
[2026-01-08T14:24:04.401+0000] {logging_mixin.py:151} INFO - [2026-01-08T14:24:04.400+0000] {dagbag.py:347} ERROR - Failed to import: /opt/airflow/dags/ingest_local_folder_dag.py
Traceback (most recent call last):
  File "/home/airflow/.local/lib/python3.11/site-packages/airflow/models/dagbag.py", line 343, in parse
    loader.exec_module(new_module)
  File "<frozen importlib._bootstrap_external>", line 940, in exec_module
  File "<frozen importlib._bootstrap>", line 241, in _call_with_frames_removed
  File "/opt/airflow/dags/ingest_local_folder_dag.py", line 12, in <module>
    import magic
  File "/home/airflow/.local/lib/python3.11/site-packages/magic/__init__.py", line 209, in <module>
    libmagic = loader.load_lib()
               ^^^^^^^^^^^^^^^^^
  File "/home/airflow/.local/lib/python3.11/site-packages/magic/loader.py", line 49, in load_lib
    raise ImportError('failed to find libmagic.  Check your installation')
ImportError: failed to find libmagic.  Check your installation
[2026-01-08T14:24:04.402+0000] {processor.py:841} WARNING - No viable dags retrieved from /opt/airflow/dags/ingest_local_folder_dag.py
[2026-01-08T14:24:04.421+0000] {processor.py:179} INFO - Processing /opt/airflow/dags/ingest_local_folder_dag.py took 0.330 seconds
[2026-01-08T14:24:35.296+0000] {processor.py:157} INFO - Started process (PID=327) to work on /opt/airflow/dags/ingest_local_folder_dag.py
[2026-01-08T14:24:35.297+0000] {processor.py:829} INFO - Processing file /opt/airflow/dags/ingest_local_folder_dag.py for tasks to queue
[2026-01-08T14:24:35.298+0000] {logging_mixin.py:151} INFO - [2026-01-08T14:24:35.297+0000] {dagbag.py:539} INFO - Filling up the DagBag from /opt/airflow/dags/ingest_local_folder_dag.py
[2026-01-08T14:24:35.595+0000] {logging_mixin.py:151} INFO - [2026-01-08T14:24:35.594+0000] {dagbag.py:347} ERROR - Failed to import: /opt/airflow/dags/ingest_local_folder_dag.py
Traceback (most recent call last):
  File "/home/airflow/.local/lib/python3.11/site-packages/airflow/models/dagbag.py", line 343, in parse
    loader.exec_module(new_module)
  File "<frozen importlib._bootstrap_external>", line 940, in exec_module
  File "<frozen importlib._bootstrap>", line 241, in _call_with_frames_removed
  File "/opt/airflow/dags/ingest_local_folder_dag.py", line 12, in <module>
    import magic
  File "/home/airflow/.local/lib/python3.11/site-packages/magic/__init__.py", line 209, in <module>
    libmagic = loader.load_lib()
               ^^^^^^^^^^^^^^^^^
  File "/home/airflow/.local/lib/python3.11/site-packages/magic/loader.py", line 49, in load_lib
    raise ImportError('failed to find libmagic.  Check your installation')
ImportError: failed to find libmagic.  Check your installation
[2026-01-08T14:24:35.595+0000] {processor.py:841} WARNING - No viable dags retrieved from /opt/airflow/dags/ingest_local_folder_dag.py
[2026-01-08T14:24:35.615+0000] {processor.py:179} INFO - Processing /opt/airflow/dags/ingest_local_folder_dag.py took 0.324 seconds
[2026-01-08T14:25:05.799+0000] {processor.py:157} INFO - Started process (PID=340) to work on /opt/airflow/dags/ingest_local_folder_dag.py
[2026-01-08T14:25:05.799+0000] {processor.py:829} INFO - Processing file /opt/airflow/dags/ingest_local_folder_dag.py for tasks to queue
[2026-01-08T14:25:05.800+0000] {logging_mixin.py:151} INFO - [2026-01-08T14:25:05.800+0000] {dagbag.py:539} INFO - Filling up the DagBag from /opt/airflow/dags/ingest_local_folder_dag.py
[2026-01-08T14:25:05.965+0000] {logging_mixin.py:151} INFO - [2026-01-08T14:25:05.964+0000] {dagbag.py:347} ERROR - Failed to import: /opt/airflow/dags/ingest_local_folder_dag.py
Traceback (most recent call last):
  File "/home/airflow/.local/lib/python3.11/site-packages/airflow/models/dagbag.py", line 343, in parse
    loader.exec_module(new_module)
  File "<frozen importlib._bootstrap_external>", line 940, in exec_module
  File "<frozen importlib._bootstrap>", line 241, in _call_with_frames_removed
  File "/opt/airflow/dags/ingest_local_folder_dag.py", line 12, in <module>
    import magic
  File "/home/airflow/.local/lib/python3.11/site-packages/magic/__init__.py", line 209, in <module>
    libmagic = loader.load_lib()
               ^^^^^^^^^^^^^^^^^
  File "/home/airflow/.local/lib/python3.11/site-packages/magic/loader.py", line 49, in load_lib
    raise ImportError('failed to find libmagic.  Check your installation')
ImportError: failed to find libmagic.  Check your installation
[2026-01-08T14:25:05.966+0000] {processor.py:841} WARNING - No viable dags retrieved from /opt/airflow/dags/ingest_local_folder_dag.py
[2026-01-08T14:25:05.987+0000] {processor.py:179} INFO - Processing /opt/airflow/dags/ingest_local_folder_dag.py took 0.192 seconds
[2026-01-08T14:25:36.192+0000] {processor.py:157} INFO - Started process (PID=356) to work on /opt/airflow/dags/ingest_local_folder_dag.py
[2026-01-08T14:25:36.193+0000] {processor.py:829} INFO - Processing file /opt/airflow/dags/ingest_local_folder_dag.py for tasks to queue
[2026-01-08T14:25:36.193+0000] {logging_mixin.py:151} INFO - [2026-01-08T14:25:36.193+0000] {dagbag.py:539} INFO - Filling up the DagBag from /opt/airflow/dags/ingest_local_folder_dag.py
[2026-01-08T14:25:36.352+0000] {logging_mixin.py:151} INFO - [2026-01-08T14:25:36.351+0000] {dagbag.py:347} ERROR - Failed to import: /opt/airflow/dags/ingest_local_folder_dag.py
Traceback (most recent call last):
  File "/home/airflow/.local/lib/python3.11/site-packages/airflow/models/dagbag.py", line 343, in parse
    loader.exec_module(new_module)
  File "<frozen importlib._bootstrap_external>", line 940, in exec_module
  File "<frozen importlib._bootstrap>", line 241, in _call_with_frames_removed
  File "/opt/airflow/dags/ingest_local_folder_dag.py", line 12, in <module>
    import magic
  File "/home/airflow/.local/lib/python3.11/site-packages/magic/__init__.py", line 209, in <module>
    libmagic = loader.load_lib()
               ^^^^^^^^^^^^^^^^^
  File "/home/airflow/.local/lib/python3.11/site-packages/magic/loader.py", line 49, in load_lib
    raise ImportError('failed to find libmagic.  Check your installation')
ImportError: failed to find libmagic.  Check your installation
[2026-01-08T14:25:36.352+0000] {processor.py:841} WARNING - No viable dags retrieved from /opt/airflow/dags/ingest_local_folder_dag.py
[2026-01-08T14:25:36.374+0000] {processor.py:179} INFO - Processing /opt/airflow/dags/ingest_local_folder_dag.py took 0.186 seconds
[2026-01-08T14:26:06.582+0000] {processor.py:157} INFO - Started process (PID=372) to work on /opt/airflow/dags/ingest_local_folder_dag.py
[2026-01-08T14:26:06.583+0000] {processor.py:829} INFO - Processing file /opt/airflow/dags/ingest_local_folder_dag.py for tasks to queue
[2026-01-08T14:26:06.584+0000] {logging_mixin.py:151} INFO - [2026-01-08T14:26:06.584+0000] {dagbag.py:539} INFO - Filling up the DagBag from /opt/airflow/dags/ingest_local_folder_dag.py
[2026-01-08T14:26:06.744+0000] {logging_mixin.py:151} INFO - [2026-01-08T14:26:06.743+0000] {dagbag.py:347} ERROR - Failed to import: /opt/airflow/dags/ingest_local_folder_dag.py
Traceback (most recent call last):
  File "/home/airflow/.local/lib/python3.11/site-packages/airflow/models/dagbag.py", line 343, in parse
    loader.exec_module(new_module)
  File "<frozen importlib._bootstrap_external>", line 940, in exec_module
  File "<frozen importlib._bootstrap>", line 241, in _call_with_frames_removed
  File "/opt/airflow/dags/ingest_local_folder_dag.py", line 12, in <module>
    import magic
  File "/home/airflow/.local/lib/python3.11/site-packages/magic/__init__.py", line 209, in <module>
    libmagic = loader.load_lib()
               ^^^^^^^^^^^^^^^^^
  File "/home/airflow/.local/lib/python3.11/site-packages/magic/loader.py", line 49, in load_lib
    raise ImportError('failed to find libmagic.  Check your installation')
ImportError: failed to find libmagic.  Check your installation
[2026-01-08T14:26:06.745+0000] {processor.py:841} WARNING - No viable dags retrieved from /opt/airflow/dags/ingest_local_folder_dag.py
[2026-01-08T14:26:06.900+0000] {processor.py:179} INFO - Processing /opt/airflow/dags/ingest_local_folder_dag.py took 0.322 seconds
[2026-01-08T14:26:37.760+0000] {processor.py:157} INFO - Started process (PID=385) to work on /opt/airflow/dags/ingest_local_folder_dag.py
[2026-01-08T14:26:37.761+0000] {processor.py:829} INFO - Processing file /opt/airflow/dags/ingest_local_folder_dag.py for tasks to queue
[2026-01-08T14:26:37.762+0000] {logging_mixin.py:151} INFO - [2026-01-08T14:26:37.762+0000] {dagbag.py:539} INFO - Filling up the DagBag from /opt/airflow/dags/ingest_local_folder_dag.py
[2026-01-08T14:26:38.057+0000] {logging_mixin.py:151} INFO - [2026-01-08T14:26:38.056+0000] {dagbag.py:347} ERROR - Failed to import: /opt/airflow/dags/ingest_local_folder_dag.py
Traceback (most recent call last):
  File "/home/airflow/.local/lib/python3.11/site-packages/airflow/models/dagbag.py", line 343, in parse
    loader.exec_module(new_module)
  File "<frozen importlib._bootstrap_external>", line 940, in exec_module
  File "<frozen importlib._bootstrap>", line 241, in _call_with_frames_removed
  File "/opt/airflow/dags/ingest_local_folder_dag.py", line 12, in <module>
    import magic
  File "/home/airflow/.local/lib/python3.11/site-packages/magic/__init__.py", line 209, in <module>
    libmagic = loader.load_lib()
               ^^^^^^^^^^^^^^^^^
  File "/home/airflow/.local/lib/python3.11/site-packages/magic/loader.py", line 49, in load_lib
    raise ImportError('failed to find libmagic.  Check your installation')
ImportError: failed to find libmagic.  Check your installation
[2026-01-08T14:26:38.058+0000] {processor.py:841} WARNING - No viable dags retrieved from /opt/airflow/dags/ingest_local_folder_dag.py
[2026-01-08T14:26:38.078+0000] {processor.py:179} INFO - Processing /opt/airflow/dags/ingest_local_folder_dag.py took 0.320 seconds
[2026-01-08T14:27:08.281+0000] {processor.py:157} INFO - Started process (PID=401) to work on /opt/airflow/dags/ingest_local_folder_dag.py
[2026-01-08T14:27:08.282+0000] {processor.py:829} INFO - Processing file /opt/airflow/dags/ingest_local_folder_dag.py for tasks to queue
[2026-01-08T14:27:08.283+0000] {logging_mixin.py:151} INFO - [2026-01-08T14:27:08.283+0000] {dagbag.py:539} INFO - Filling up the DagBag from /opt/airflow/dags/ingest_local_folder_dag.py
[2026-01-08T14:27:08.585+0000] {logging_mixin.py:151} INFO - [2026-01-08T14:27:08.584+0000] {dagbag.py:347} ERROR - Failed to import: /opt/airflow/dags/ingest_local_folder_dag.py
Traceback (most recent call last):
  File "/home/airflow/.local/lib/python3.11/site-packages/airflow/models/dagbag.py", line 343, in parse
    loader.exec_module(new_module)
  File "<frozen importlib._bootstrap_external>", line 940, in exec_module
  File "<frozen importlib._bootstrap>", line 241, in _call_with_frames_removed
  File "/opt/airflow/dags/ingest_local_folder_dag.py", line 12, in <module>
    import magic
  File "/home/airflow/.local/lib/python3.11/site-packages/magic/__init__.py", line 209, in <module>
    libmagic = loader.load_lib()
               ^^^^^^^^^^^^^^^^^
  File "/home/airflow/.local/lib/python3.11/site-packages/magic/loader.py", line 49, in load_lib
    raise ImportError('failed to find libmagic.  Check your installation')
ImportError: failed to find libmagic.  Check your installation
[2026-01-08T14:27:08.585+0000] {processor.py:841} WARNING - No viable dags retrieved from /opt/airflow/dags/ingest_local_folder_dag.py
[2026-01-08T14:27:08.605+0000] {processor.py:179} INFO - Processing /opt/airflow/dags/ingest_local_folder_dag.py took 0.327 seconds
[2026-01-08T14:27:38.784+0000] {processor.py:157} INFO - Started process (PID=417) to work on /opt/airflow/dags/ingest_local_folder_dag.py
[2026-01-08T14:27:38.785+0000] {processor.py:829} INFO - Processing file /opt/airflow/dags/ingest_local_folder_dag.py for tasks to queue
[2026-01-08T14:27:38.786+0000] {logging_mixin.py:151} INFO - [2026-01-08T14:27:38.785+0000] {dagbag.py:539} INFO - Filling up the DagBag from /opt/airflow/dags/ingest_local_folder_dag.py
[2026-01-08T14:27:39.090+0000] {logging_mixin.py:151} INFO - [2026-01-08T14:27:39.089+0000] {dagbag.py:347} ERROR - Failed to import: /opt/airflow/dags/ingest_local_folder_dag.py
Traceback (most recent call last):
  File "/home/airflow/.local/lib/python3.11/site-packages/airflow/models/dagbag.py", line 343, in parse
    loader.exec_module(new_module)
  File "<frozen importlib._bootstrap_external>", line 940, in exec_module
  File "<frozen importlib._bootstrap>", line 241, in _call_with_frames_removed
  File "/opt/airflow/dags/ingest_local_folder_dag.py", line 12, in <module>
    import magic
  File "/home/airflow/.local/lib/python3.11/site-packages/magic/__init__.py", line 209, in <module>
    libmagic = loader.load_lib()
               ^^^^^^^^^^^^^^^^^
  File "/home/airflow/.local/lib/python3.11/site-packages/magic/loader.py", line 49, in load_lib
    raise ImportError('failed to find libmagic.  Check your installation')
ImportError: failed to find libmagic.  Check your installation
[2026-01-08T14:27:39.091+0000] {processor.py:841} WARNING - No viable dags retrieved from /opt/airflow/dags/ingest_local_folder_dag.py
[2026-01-08T14:27:39.111+0000] {processor.py:179} INFO - Processing /opt/airflow/dags/ingest_local_folder_dag.py took 0.330 seconds
[2026-01-08T14:28:09.308+0000] {processor.py:157} INFO - Started process (PID=430) to work on /opt/airflow/dags/ingest_local_folder_dag.py
[2026-01-08T14:28:09.309+0000] {processor.py:829} INFO - Processing file /opt/airflow/dags/ingest_local_folder_dag.py for tasks to queue
[2026-01-08T14:28:09.310+0000] {logging_mixin.py:151} INFO - [2026-01-08T14:28:09.309+0000] {dagbag.py:539} INFO - Filling up the DagBag from /opt/airflow/dags/ingest_local_folder_dag.py
[2026-01-08T14:28:09.469+0000] {logging_mixin.py:151} INFO - [2026-01-08T14:28:09.468+0000] {dagbag.py:347} ERROR - Failed to import: /opt/airflow/dags/ingest_local_folder_dag.py
Traceback (most recent call last):
  File "/home/airflow/.local/lib/python3.11/site-packages/airflow/models/dagbag.py", line 343, in parse
    loader.exec_module(new_module)
  File "<frozen importlib._bootstrap_external>", line 940, in exec_module
  File "<frozen importlib._bootstrap>", line 241, in _call_with_frames_removed
  File "/opt/airflow/dags/ingest_local_folder_dag.py", line 12, in <module>
    import magic
  File "/home/airflow/.local/lib/python3.11/site-packages/magic/__init__.py", line 209, in <module>
    libmagic = loader.load_lib()
               ^^^^^^^^^^^^^^^^^
  File "/home/airflow/.local/lib/python3.11/site-packages/magic/loader.py", line 49, in load_lib
    raise ImportError('failed to find libmagic.  Check your installation')
ImportError: failed to find libmagic.  Check your installation
[2026-01-08T14:28:09.469+0000] {processor.py:841} WARNING - No viable dags retrieved from /opt/airflow/dags/ingest_local_folder_dag.py
[2026-01-08T14:28:09.492+0000] {processor.py:179} INFO - Processing /opt/airflow/dags/ingest_local_folder_dag.py took 0.187 seconds
[2026-01-08T14:28:39.671+0000] {processor.py:157} INFO - Started process (PID=446) to work on /opt/airflow/dags/ingest_local_folder_dag.py
[2026-01-08T14:28:39.672+0000] {processor.py:829} INFO - Processing file /opt/airflow/dags/ingest_local_folder_dag.py for tasks to queue
[2026-01-08T14:28:39.672+0000] {logging_mixin.py:151} INFO - [2026-01-08T14:28:39.672+0000] {dagbag.py:539} INFO - Filling up the DagBag from /opt/airflow/dags/ingest_local_folder_dag.py
[2026-01-08T14:28:39.969+0000] {logging_mixin.py:151} INFO - [2026-01-08T14:28:39.968+0000] {dagbag.py:347} ERROR - Failed to import: /opt/airflow/dags/ingest_local_folder_dag.py
Traceback (most recent call last):
  File "/home/airflow/.local/lib/python3.11/site-packages/airflow/models/dagbag.py", line 343, in parse
    loader.exec_module(new_module)
  File "<frozen importlib._bootstrap_external>", line 940, in exec_module
  File "<frozen importlib._bootstrap>", line 241, in _call_with_frames_removed
  File "/opt/airflow/dags/ingest_local_folder_dag.py", line 12, in <module>
    import magic
  File "/home/airflow/.local/lib/python3.11/site-packages/magic/__init__.py", line 209, in <module>
    libmagic = loader.load_lib()
               ^^^^^^^^^^^^^^^^^
  File "/home/airflow/.local/lib/python3.11/site-packages/magic/loader.py", line 49, in load_lib
    raise ImportError('failed to find libmagic.  Check your installation')
ImportError: failed to find libmagic.  Check your installation
[2026-01-08T14:28:39.970+0000] {processor.py:841} WARNING - No viable dags retrieved from /opt/airflow/dags/ingest_local_folder_dag.py
[2026-01-08T14:28:39.991+0000] {processor.py:179} INFO - Processing /opt/airflow/dags/ingest_local_folder_dag.py took 0.324 seconds
[2026-01-08T14:29:10.193+0000] {processor.py:157} INFO - Started process (PID=462) to work on /opt/airflow/dags/ingest_local_folder_dag.py
[2026-01-08T14:29:10.196+0000] {processor.py:829} INFO - Processing file /opt/airflow/dags/ingest_local_folder_dag.py for tasks to queue
[2026-01-08T14:29:10.198+0000] {logging_mixin.py:151} INFO - [2026-01-08T14:29:10.197+0000] {dagbag.py:539} INFO - Filling up the DagBag from /opt/airflow/dags/ingest_local_folder_dag.py
[2026-01-08T14:29:10.507+0000] {logging_mixin.py:151} INFO - [2026-01-08T14:29:10.505+0000] {dagbag.py:347} ERROR - Failed to import: /opt/airflow/dags/ingest_local_folder_dag.py
Traceback (most recent call last):
  File "/home/airflow/.local/lib/python3.11/site-packages/airflow/models/dagbag.py", line 343, in parse
    loader.exec_module(new_module)
  File "<frozen importlib._bootstrap_external>", line 940, in exec_module
  File "<frozen importlib._bootstrap>", line 241, in _call_with_frames_removed
  File "/opt/airflow/dags/ingest_local_folder_dag.py", line 12, in <module>
    import magic
  File "/home/airflow/.local/lib/python3.11/site-packages/magic/__init__.py", line 209, in <module>
    libmagic = loader.load_lib()
               ^^^^^^^^^^^^^^^^^
  File "/home/airflow/.local/lib/python3.11/site-packages/magic/loader.py", line 49, in load_lib
    raise ImportError('failed to find libmagic.  Check your installation')
ImportError: failed to find libmagic.  Check your installation
[2026-01-08T14:29:10.507+0000] {processor.py:841} WARNING - No viable dags retrieved from /opt/airflow/dags/ingest_local_folder_dag.py
[2026-01-08T14:29:10.526+0000] {processor.py:179} INFO - Processing /opt/airflow/dags/ingest_local_folder_dag.py took 0.343 seconds
[2026-01-08T14:29:40.719+0000] {processor.py:157} INFO - Started process (PID=475) to work on /opt/airflow/dags/ingest_local_folder_dag.py
[2026-01-08T14:29:40.720+0000] {processor.py:829} INFO - Processing file /opt/airflow/dags/ingest_local_folder_dag.py for tasks to queue
[2026-01-08T14:29:40.720+0000] {logging_mixin.py:151} INFO - [2026-01-08T14:29:40.720+0000] {dagbag.py:539} INFO - Filling up the DagBag from /opt/airflow/dags/ingest_local_folder_dag.py
[2026-01-08T14:29:41.038+0000] {logging_mixin.py:151} INFO - [2026-01-08T14:29:41.037+0000] {dagbag.py:347} ERROR - Failed to import: /opt/airflow/dags/ingest_local_folder_dag.py
Traceback (most recent call last):
  File "/home/airflow/.local/lib/python3.11/site-packages/airflow/models/dagbag.py", line 343, in parse
    loader.exec_module(new_module)
  File "<frozen importlib._bootstrap_external>", line 940, in exec_module
  File "<frozen importlib._bootstrap>", line 241, in _call_with_frames_removed
  File "/opt/airflow/dags/ingest_local_folder_dag.py", line 12, in <module>
    import magic
  File "/home/airflow/.local/lib/python3.11/site-packages/magic/__init__.py", line 209, in <module>
    libmagic = loader.load_lib()
               ^^^^^^^^^^^^^^^^^
  File "/home/airflow/.local/lib/python3.11/site-packages/magic/loader.py", line 49, in load_lib
    raise ImportError('failed to find libmagic.  Check your installation')
ImportError: failed to find libmagic.  Check your installation
[2026-01-08T14:29:41.038+0000] {processor.py:841} WARNING - No viable dags retrieved from /opt/airflow/dags/ingest_local_folder_dag.py
[2026-01-08T14:29:41.058+0000] {processor.py:179} INFO - Processing /opt/airflow/dags/ingest_local_folder_dag.py took 0.342 seconds
[2026-01-08T14:30:11.276+0000] {processor.py:157} INFO - Started process (PID=491) to work on /opt/airflow/dags/ingest_local_folder_dag.py
[2026-01-08T14:30:11.277+0000] {processor.py:829} INFO - Processing file /opt/airflow/dags/ingest_local_folder_dag.py for tasks to queue
[2026-01-08T14:30:11.278+0000] {logging_mixin.py:151} INFO - [2026-01-08T14:30:11.278+0000] {dagbag.py:539} INFO - Filling up the DagBag from /opt/airflow/dags/ingest_local_folder_dag.py
[2026-01-08T14:30:11.437+0000] {logging_mixin.py:151} INFO - [2026-01-08T14:30:11.436+0000] {dagbag.py:347} ERROR - Failed to import: /opt/airflow/dags/ingest_local_folder_dag.py
Traceback (most recent call last):
  File "/home/airflow/.local/lib/python3.11/site-packages/airflow/models/dagbag.py", line 343, in parse
    loader.exec_module(new_module)
  File "<frozen importlib._bootstrap_external>", line 940, in exec_module
  File "<frozen importlib._bootstrap>", line 241, in _call_with_frames_removed
  File "/opt/airflow/dags/ingest_local_folder_dag.py", line 12, in <module>
    import magic
  File "/home/airflow/.local/lib/python3.11/site-packages/magic/__init__.py", line 209, in <module>
    libmagic = loader.load_lib()
               ^^^^^^^^^^^^^^^^^
  File "/home/airflow/.local/lib/python3.11/site-packages/magic/loader.py", line 49, in load_lib
    raise ImportError('failed to find libmagic.  Check your installation')
ImportError: failed to find libmagic.  Check your installation
[2026-01-08T14:30:11.437+0000] {processor.py:841} WARNING - No viable dags retrieved from /opt/airflow/dags/ingest_local_folder_dag.py
[2026-01-08T14:30:11.459+0000] {processor.py:179} INFO - Processing /opt/airflow/dags/ingest_local_folder_dag.py took 0.187 seconds
[2026-01-08T14:30:41.657+0000] {processor.py:157} INFO - Started process (PID=507) to work on /opt/airflow/dags/ingest_local_folder_dag.py
[2026-01-08T14:30:41.657+0000] {processor.py:829} INFO - Processing file /opt/airflow/dags/ingest_local_folder_dag.py for tasks to queue
[2026-01-08T14:30:41.658+0000] {logging_mixin.py:151} INFO - [2026-01-08T14:30:41.658+0000] {dagbag.py:539} INFO - Filling up the DagBag from /opt/airflow/dags/ingest_local_folder_dag.py
[2026-01-08T14:30:41.949+0000] {logging_mixin.py:151} INFO - [2026-01-08T14:30:41.947+0000] {dagbag.py:347} ERROR - Failed to import: /opt/airflow/dags/ingest_local_folder_dag.py
Traceback (most recent call last):
  File "/home/airflow/.local/lib/python3.11/site-packages/airflow/models/dagbag.py", line 343, in parse
    loader.exec_module(new_module)
  File "<frozen importlib._bootstrap_external>", line 940, in exec_module
  File "<frozen importlib._bootstrap>", line 241, in _call_with_frames_removed
  File "/opt/airflow/dags/ingest_local_folder_dag.py", line 12, in <module>
    import magic
  File "/home/airflow/.local/lib/python3.11/site-packages/magic/__init__.py", line 209, in <module>
    libmagic = loader.load_lib()
               ^^^^^^^^^^^^^^^^^
  File "/home/airflow/.local/lib/python3.11/site-packages/magic/loader.py", line 49, in load_lib
    raise ImportError('failed to find libmagic.  Check your installation')
ImportError: failed to find libmagic.  Check your installation
[2026-01-08T14:30:41.950+0000] {processor.py:841} WARNING - No viable dags retrieved from /opt/airflow/dags/ingest_local_folder_dag.py
[2026-01-08T14:30:41.972+0000] {processor.py:179} INFO - Processing /opt/airflow/dags/ingest_local_folder_dag.py took 0.319 seconds
[2026-01-08T14:31:12.182+0000] {processor.py:157} INFO - Started process (PID=520) to work on /opt/airflow/dags/ingest_local_folder_dag.py
[2026-01-08T14:31:12.184+0000] {processor.py:829} INFO - Processing file /opt/airflow/dags/ingest_local_folder_dag.py for tasks to queue
[2026-01-08T14:31:12.185+0000] {logging_mixin.py:151} INFO - [2026-01-08T14:31:12.185+0000] {dagbag.py:539} INFO - Filling up the DagBag from /opt/airflow/dags/ingest_local_folder_dag.py
[2026-01-08T14:31:12.487+0000] {logging_mixin.py:151} INFO - [2026-01-08T14:31:12.486+0000] {dagbag.py:347} ERROR - Failed to import: /opt/airflow/dags/ingest_local_folder_dag.py
Traceback (most recent call last):
  File "/home/airflow/.local/lib/python3.11/site-packages/airflow/models/dagbag.py", line 343, in parse
    loader.exec_module(new_module)
  File "<frozen importlib._bootstrap_external>", line 940, in exec_module
  File "<frozen importlib._bootstrap>", line 241, in _call_with_frames_removed
  File "/opt/airflow/dags/ingest_local_folder_dag.py", line 12, in <module>
    import magic
  File "/home/airflow/.local/lib/python3.11/site-packages/magic/__init__.py", line 209, in <module>
    libmagic = loader.load_lib()
               ^^^^^^^^^^^^^^^^^
  File "/home/airflow/.local/lib/python3.11/site-packages/magic/loader.py", line 49, in load_lib
    raise ImportError('failed to find libmagic.  Check your installation')
ImportError: failed to find libmagic.  Check your installation
[2026-01-08T14:31:12.487+0000] {processor.py:841} WARNING - No viable dags retrieved from /opt/airflow/dags/ingest_local_folder_dag.py
[2026-01-08T14:31:12.537+0000] {processor.py:179} INFO - Processing /opt/airflow/dags/ingest_local_folder_dag.py took 0.363 seconds
[2026-01-08T14:31:43.356+0000] {processor.py:157} INFO - Started process (PID=536) to work on /opt/airflow/dags/ingest_local_folder_dag.py
[2026-01-08T14:31:43.366+0000] {processor.py:829} INFO - Processing file /opt/airflow/dags/ingest_local_folder_dag.py for tasks to queue
[2026-01-08T14:31:43.369+0000] {logging_mixin.py:151} INFO - [2026-01-08T14:31:43.367+0000] {dagbag.py:539} INFO - Filling up the DagBag from /opt/airflow/dags/ingest_local_folder_dag.py
[2026-01-08T14:31:43.689+0000] {logging_mixin.py:151} INFO - [2026-01-08T14:31:43.688+0000] {dagbag.py:347} ERROR - Failed to import: /opt/airflow/dags/ingest_local_folder_dag.py
Traceback (most recent call last):
  File "/home/airflow/.local/lib/python3.11/site-packages/airflow/models/dagbag.py", line 343, in parse
    loader.exec_module(new_module)
  File "<frozen importlib._bootstrap_external>", line 940, in exec_module
  File "<frozen importlib._bootstrap>", line 241, in _call_with_frames_removed
  File "/opt/airflow/dags/ingest_local_folder_dag.py", line 12, in <module>
    import magic
  File "/home/airflow/.local/lib/python3.11/site-packages/magic/__init__.py", line 209, in <module>
    libmagic = loader.load_lib()
               ^^^^^^^^^^^^^^^^^
  File "/home/airflow/.local/lib/python3.11/site-packages/magic/loader.py", line 49, in load_lib
    raise ImportError('failed to find libmagic.  Check your installation')
ImportError: failed to find libmagic.  Check your installation
[2026-01-08T14:31:43.689+0000] {processor.py:841} WARNING - No viable dags retrieved from /opt/airflow/dags/ingest_local_folder_dag.py
[2026-01-08T14:31:43.776+0000] {processor.py:179} INFO - Processing /opt/airflow/dags/ingest_local_folder_dag.py took 0.428 seconds
[2026-01-08T14:32:13.991+0000] {processor.py:157} INFO - Started process (PID=552) to work on /opt/airflow/dags/ingest_local_folder_dag.py
[2026-01-08T14:32:13.992+0000] {processor.py:829} INFO - Processing file /opt/airflow/dags/ingest_local_folder_dag.py for tasks to queue
[2026-01-08T14:32:13.992+0000] {logging_mixin.py:151} INFO - [2026-01-08T14:32:13.992+0000] {dagbag.py:539} INFO - Filling up the DagBag from /opt/airflow/dags/ingest_local_folder_dag.py
[2026-01-08T14:32:14.308+0000] {logging_mixin.py:151} INFO - [2026-01-08T14:32:14.307+0000] {dagbag.py:347} ERROR - Failed to import: /opt/airflow/dags/ingest_local_folder_dag.py
Traceback (most recent call last):
  File "/home/airflow/.local/lib/python3.11/site-packages/airflow/models/dagbag.py", line 343, in parse
    loader.exec_module(new_module)
  File "<frozen importlib._bootstrap_external>", line 940, in exec_module
  File "<frozen importlib._bootstrap>", line 241, in _call_with_frames_removed
  File "/opt/airflow/dags/ingest_local_folder_dag.py", line 12, in <module>
    import magic
  File "/home/airflow/.local/lib/python3.11/site-packages/magic/__init__.py", line 209, in <module>
    libmagic = loader.load_lib()
               ^^^^^^^^^^^^^^^^^
  File "/home/airflow/.local/lib/python3.11/site-packages/magic/loader.py", line 49, in load_lib
    raise ImportError('failed to find libmagic.  Check your installation')
ImportError: failed to find libmagic.  Check your installation
[2026-01-08T14:32:14.308+0000] {processor.py:841} WARNING - No viable dags retrieved from /opt/airflow/dags/ingest_local_folder_dag.py
[2026-01-08T14:32:14.814+0000] {processor.py:179} INFO - Processing /opt/airflow/dags/ingest_local_folder_dag.py took 0.826 seconds
[2026-01-08T14:32:45.040+0000] {processor.py:157} INFO - Started process (PID=566) to work on /opt/airflow/dags/ingest_local_folder_dag.py
[2026-01-08T14:32:45.066+0000] {processor.py:829} INFO - Processing file /opt/airflow/dags/ingest_local_folder_dag.py for tasks to queue
[2026-01-08T14:32:45.069+0000] {logging_mixin.py:151} INFO - [2026-01-08T14:32:45.068+0000] {dagbag.py:539} INFO - Filling up the DagBag from /opt/airflow/dags/ingest_local_folder_dag.py
[2026-01-08T14:32:45.383+0000] {logging_mixin.py:151} INFO - [2026-01-08T14:32:45.382+0000] {dagbag.py:347} ERROR - Failed to import: /opt/airflow/dags/ingest_local_folder_dag.py
Traceback (most recent call last):
  File "/home/airflow/.local/lib/python3.11/site-packages/airflow/models/dagbag.py", line 343, in parse
    loader.exec_module(new_module)
  File "<frozen importlib._bootstrap_external>", line 940, in exec_module
  File "<frozen importlib._bootstrap>", line 241, in _call_with_frames_removed
  File "/opt/airflow/dags/ingest_local_folder_dag.py", line 12, in <module>
    import magic
  File "/home/airflow/.local/lib/python3.11/site-packages/magic/__init__.py", line 209, in <module>
    libmagic = loader.load_lib()
               ^^^^^^^^^^^^^^^^^
  File "/home/airflow/.local/lib/python3.11/site-packages/magic/loader.py", line 49, in load_lib
    raise ImportError('failed to find libmagic.  Check your installation')
ImportError: failed to find libmagic.  Check your installation
[2026-01-08T14:32:45.384+0000] {processor.py:841} WARNING - No viable dags retrieved from /opt/airflow/dags/ingest_local_folder_dag.py
[2026-01-08T14:32:45.776+0000] {processor.py:179} INFO - Processing /opt/airflow/dags/ingest_local_folder_dag.py took 0.740 seconds
[2026-01-08T14:33:16.014+0000] {processor.py:157} INFO - Started process (PID=579) to work on /opt/airflow/dags/ingest_local_folder_dag.py
[2026-01-08T14:33:16.016+0000] {processor.py:829} INFO - Processing file /opt/airflow/dags/ingest_local_folder_dag.py for tasks to queue
[2026-01-08T14:33:16.018+0000] {logging_mixin.py:151} INFO - [2026-01-08T14:33:16.017+0000] {dagbag.py:539} INFO - Filling up the DagBag from /opt/airflow/dags/ingest_local_folder_dag.py
[2026-01-08T14:33:16.318+0000] {logging_mixin.py:151} INFO - [2026-01-08T14:33:16.316+0000] {dagbag.py:347} ERROR - Failed to import: /opt/airflow/dags/ingest_local_folder_dag.py
Traceback (most recent call last):
  File "/home/airflow/.local/lib/python3.11/site-packages/airflow/models/dagbag.py", line 343, in parse
    loader.exec_module(new_module)
  File "<frozen importlib._bootstrap_external>", line 940, in exec_module
  File "<frozen importlib._bootstrap>", line 241, in _call_with_frames_removed
  File "/opt/airflow/dags/ingest_local_folder_dag.py", line 12, in <module>
    import magic
  File "/home/airflow/.local/lib/python3.11/site-packages/magic/__init__.py", line 209, in <module>
    libmagic = loader.load_lib()
               ^^^^^^^^^^^^^^^^^
  File "/home/airflow/.local/lib/python3.11/site-packages/magic/loader.py", line 49, in load_lib
    raise ImportError('failed to find libmagic.  Check your installation')
ImportError: failed to find libmagic.  Check your installation
[2026-01-08T14:33:16.318+0000] {processor.py:841} WARNING - No viable dags retrieved from /opt/airflow/dags/ingest_local_folder_dag.py
[2026-01-08T14:33:16.387+0000] {processor.py:179} INFO - Processing /opt/airflow/dags/ingest_local_folder_dag.py took 0.383 seconds
[2026-01-08T14:33:46.598+0000] {processor.py:157} INFO - Started process (PID=592) to work on /opt/airflow/dags/ingest_local_folder_dag.py
[2026-01-08T14:33:47.031+0000] {processor.py:829} INFO - Processing file /opt/airflow/dags/ingest_local_folder_dag.py for tasks to queue
[2026-01-08T14:33:47.034+0000] {logging_mixin.py:151} INFO - [2026-01-08T14:33:47.033+0000] {dagbag.py:539} INFO - Filling up the DagBag from /opt/airflow/dags/ingest_local_folder_dag.py
[2026-01-08T14:33:47.364+0000] {logging_mixin.py:151} INFO - [2026-01-08T14:33:47.363+0000] {dagbag.py:347} ERROR - Failed to import: /opt/airflow/dags/ingest_local_folder_dag.py
Traceback (most recent call last):
  File "/home/airflow/.local/lib/python3.11/site-packages/airflow/models/dagbag.py", line 343, in parse
    loader.exec_module(new_module)
  File "<frozen importlib._bootstrap_external>", line 940, in exec_module
  File "<frozen importlib._bootstrap>", line 241, in _call_with_frames_removed
  File "/opt/airflow/dags/ingest_local_folder_dag.py", line 12, in <module>
    import magic
  File "/home/airflow/.local/lib/python3.11/site-packages/magic/__init__.py", line 209, in <module>
    libmagic = loader.load_lib()
               ^^^^^^^^^^^^^^^^^
  File "/home/airflow/.local/lib/python3.11/site-packages/magic/loader.py", line 49, in load_lib
    raise ImportError('failed to find libmagic.  Check your installation')
ImportError: failed to find libmagic.  Check your installation
[2026-01-08T14:33:47.364+0000] {processor.py:841} WARNING - No viable dags retrieved from /opt/airflow/dags/ingest_local_folder_dag.py
[2026-01-08T14:33:47.576+0000] {processor.py:179} INFO - Processing /opt/airflow/dags/ingest_local_folder_dag.py took 0.983 seconds
[2026-01-08T14:34:17.766+0000] {processor.py:157} INFO - Started process (PID=605) to work on /opt/airflow/dags/ingest_local_folder_dag.py
[2026-01-08T14:34:17.767+0000] {processor.py:829} INFO - Processing file /opt/airflow/dags/ingest_local_folder_dag.py for tasks to queue
[2026-01-08T14:34:17.768+0000] {logging_mixin.py:151} INFO - [2026-01-08T14:34:17.768+0000] {dagbag.py:539} INFO - Filling up the DagBag from /opt/airflow/dags/ingest_local_folder_dag.py
[2026-01-08T14:34:18.216+0000] {logging_mixin.py:151} INFO - [2026-01-08T14:34:18.214+0000] {dagbag.py:347} ERROR - Failed to import: /opt/airflow/dags/ingest_local_folder_dag.py
Traceback (most recent call last):
  File "/home/airflow/.local/lib/python3.11/site-packages/airflow/models/dagbag.py", line 343, in parse
    loader.exec_module(new_module)
  File "<frozen importlib._bootstrap_external>", line 940, in exec_module
  File "<frozen importlib._bootstrap>", line 241, in _call_with_frames_removed
  File "/opt/airflow/dags/ingest_local_folder_dag.py", line 12, in <module>
    import magic
  File "/home/airflow/.local/lib/python3.11/site-packages/magic/__init__.py", line 209, in <module>
    libmagic = loader.load_lib()
               ^^^^^^^^^^^^^^^^^
  File "/home/airflow/.local/lib/python3.11/site-packages/magic/loader.py", line 49, in load_lib
    raise ImportError('failed to find libmagic.  Check your installation')
ImportError: failed to find libmagic.  Check your installation
[2026-01-08T14:34:18.216+0000] {processor.py:841} WARNING - No viable dags retrieved from /opt/airflow/dags/ingest_local_folder_dag.py
[2026-01-08T14:34:18.329+0000] {processor.py:179} INFO - Processing /opt/airflow/dags/ingest_local_folder_dag.py took 0.569 seconds
[2026-01-08T14:34:48.935+0000] {processor.py:157} INFO - Started process (PID=618) to work on /opt/airflow/dags/ingest_local_folder_dag.py
[2026-01-08T14:34:48.960+0000] {processor.py:829} INFO - Processing file /opt/airflow/dags/ingest_local_folder_dag.py for tasks to queue
[2026-01-08T14:34:48.963+0000] {logging_mixin.py:151} INFO - [2026-01-08T14:34:48.962+0000] {dagbag.py:539} INFO - Filling up the DagBag from /opt/airflow/dags/ingest_local_folder_dag.py
[2026-01-08T14:34:49.287+0000] {logging_mixin.py:151} INFO - [2026-01-08T14:34:49.286+0000] {dagbag.py:347} ERROR - Failed to import: /opt/airflow/dags/ingest_local_folder_dag.py
Traceback (most recent call last):
  File "/home/airflow/.local/lib/python3.11/site-packages/airflow/models/dagbag.py", line 343, in parse
    loader.exec_module(new_module)
  File "<frozen importlib._bootstrap_external>", line 940, in exec_module
  File "<frozen importlib._bootstrap>", line 241, in _call_with_frames_removed
  File "/opt/airflow/dags/ingest_local_folder_dag.py", line 12, in <module>
    import magic
  File "/home/airflow/.local/lib/python3.11/site-packages/magic/__init__.py", line 209, in <module>
    libmagic = loader.load_lib()
               ^^^^^^^^^^^^^^^^^
  File "/home/airflow/.local/lib/python3.11/site-packages/magic/loader.py", line 49, in load_lib
    raise ImportError('failed to find libmagic.  Check your installation')
ImportError: failed to find libmagic.  Check your installation
[2026-01-08T14:34:49.288+0000] {processor.py:841} WARNING - No viable dags retrieved from /opt/airflow/dags/ingest_local_folder_dag.py
[2026-01-08T14:34:49.846+0000] {processor.py:179} INFO - Processing /opt/airflow/dags/ingest_local_folder_dag.py took 0.921 seconds
[2026-01-08T14:45:44.836+0000] {processor.py:157} INFO - Started process (PID=167) to work on /opt/airflow/dags/ingest_local_folder_dag.py
[2026-01-08T14:45:44.839+0000] {processor.py:829} INFO - Processing file /opt/airflow/dags/ingest_local_folder_dag.py for tasks to queue
[2026-01-08T14:45:44.840+0000] {logging_mixin.py:151} INFO - [2026-01-08T14:45:44.839+0000] {dagbag.py:539} INFO - Filling up the DagBag from /opt/airflow/dags/ingest_local_folder_dag.py
[2026-01-08T14:45:45.166+0000] {processor.py:839} INFO - DAG(s) dict_keys(['ingestionDAG']) retrieved from /opt/airflow/dags/ingest_local_folder_dag.py
[2026-01-08T14:45:47.259+0000] {logging_mixin.py:151} INFO - [2026-01-08T14:45:47.259+0000] {security.py:708} INFO - Not syncing DAG-level permissions for DAG 'DAG:ingestionDAG' as access control is unset.
[2026-01-08T14:45:47.259+0000] {logging_mixin.py:151} INFO - [2026-01-08T14:45:47.259+0000] {dag.py:2915} INFO - Sync 1 DAGs
[2026-01-08T14:45:47.437+0000] {logging_mixin.py:151} INFO - [2026-01-08T14:45:47.437+0000] {dag.py:3696} INFO - Setting next_dagrun for ingestionDAG to 2026-01-08T14:45:17.436768+00:00, run_after=2026-01-08T14:45:47.436768+00:00
[2026-01-08T14:45:47.475+0000] {processor.py:179} INFO - Processing /opt/airflow/dags/ingest_local_folder_dag.py took 2.648 seconds
[2026-01-08T14:46:18.077+0000] {processor.py:157} INFO - Started process (PID=192) to work on /opt/airflow/dags/ingest_local_folder_dag.py
[2026-01-08T14:46:18.519+0000] {processor.py:829} INFO - Processing file /opt/airflow/dags/ingest_local_folder_dag.py for tasks to queue
[2026-01-08T14:46:18.522+0000] {logging_mixin.py:151} INFO - [2026-01-08T14:46:18.520+0000] {dagbag.py:539} INFO - Filling up the DagBag from /opt/airflow/dags/ingest_local_folder_dag.py
[2026-01-08T14:46:18.704+0000] {processor.py:839} INFO - DAG(s) dict_keys(['ingestionDAG']) retrieved from /opt/airflow/dags/ingest_local_folder_dag.py
[2026-01-08T14:46:19.175+0000] {logging_mixin.py:151} INFO - [2026-01-08T14:46:19.175+0000] {dag.py:2915} INFO - Sync 1 DAGs
[2026-01-08T14:46:19.196+0000] {logging_mixin.py:151} INFO - [2026-01-08T14:46:19.196+0000] {dag.py:3696} INFO - Setting next_dagrun for ingestionDAG to 2026-01-08T14:45:49.196195+00:00, run_after=2026-01-08T14:46:19.196195+00:00
[2026-01-08T14:46:19.300+0000] {processor.py:179} INFO - Processing /opt/airflow/dags/ingest_local_folder_dag.py took 1.233 seconds
[2026-01-08T14:46:49.504+0000] {processor.py:157} INFO - Started process (PID=212) to work on /opt/airflow/dags/ingest_local_folder_dag.py
[2026-01-08T14:46:49.505+0000] {processor.py:829} INFO - Processing file /opt/airflow/dags/ingest_local_folder_dag.py for tasks to queue
[2026-01-08T14:46:49.506+0000] {logging_mixin.py:151} INFO - [2026-01-08T14:46:49.505+0000] {dagbag.py:539} INFO - Filling up the DagBag from /opt/airflow/dags/ingest_local_folder_dag.py
[2026-01-08T14:46:49.674+0000] {processor.py:839} INFO - DAG(s) dict_keys(['ingestionDAG']) retrieved from /opt/airflow/dags/ingest_local_folder_dag.py
[2026-01-08T14:46:49.701+0000] {logging_mixin.py:151} INFO - [2026-01-08T14:46:49.701+0000] {dag.py:2915} INFO - Sync 1 DAGs
[2026-01-08T14:46:49.720+0000] {logging_mixin.py:151} INFO - [2026-01-08T14:46:49.720+0000] {dag.py:3696} INFO - Setting next_dagrun for ingestionDAG to 2026-01-08T14:46:19.720080+00:00, run_after=2026-01-08T14:46:49.720080+00:00
[2026-01-08T14:46:49.950+0000] {processor.py:179} INFO - Processing /opt/airflow/dags/ingest_local_folder_dag.py took 0.449 seconds
[2026-01-08T14:47:20.150+0000] {processor.py:157} INFO - Started process (PID=226) to work on /opt/airflow/dags/ingest_local_folder_dag.py
[2026-01-08T14:47:20.155+0000] {processor.py:829} INFO - Processing file /opt/airflow/dags/ingest_local_folder_dag.py for tasks to queue
[2026-01-08T14:47:20.156+0000] {logging_mixin.py:151} INFO - [2026-01-08T14:47:20.156+0000] {dagbag.py:539} INFO - Filling up the DagBag from /opt/airflow/dags/ingest_local_folder_dag.py
[2026-01-08T14:47:20.335+0000] {processor.py:839} INFO - DAG(s) dict_keys(['ingestionDAG']) retrieved from /opt/airflow/dags/ingest_local_folder_dag.py
[2026-01-08T14:47:20.365+0000] {logging_mixin.py:151} INFO - [2026-01-08T14:47:20.365+0000] {dag.py:2915} INFO - Sync 1 DAGs
[2026-01-08T14:47:20.515+0000] {logging_mixin.py:151} INFO - [2026-01-08T14:47:20.515+0000] {dag.py:3696} INFO - Setting next_dagrun for ingestionDAG to 2026-01-08T14:46:50.515148+00:00, run_after=2026-01-08T14:47:20.515148+00:00
[2026-01-08T14:47:20.577+0000] {processor.py:179} INFO - Processing /opt/airflow/dags/ingest_local_folder_dag.py took 0.433 seconds
[2026-01-08T14:47:51.028+0000] {processor.py:157} INFO - Started process (PID=239) to work on /opt/airflow/dags/ingest_local_folder_dag.py
[2026-01-08T14:47:51.030+0000] {processor.py:829} INFO - Processing file /opt/airflow/dags/ingest_local_folder_dag.py for tasks to queue
[2026-01-08T14:47:51.032+0000] {logging_mixin.py:151} INFO - [2026-01-08T14:47:51.031+0000] {dagbag.py:539} INFO - Filling up the DagBag from /opt/airflow/dags/ingest_local_folder_dag.py
[2026-01-08T14:47:51.211+0000] {processor.py:839} INFO - DAG(s) dict_keys(['ingestionDAG']) retrieved from /opt/airflow/dags/ingest_local_folder_dag.py
[2026-01-08T14:47:51.240+0000] {logging_mixin.py:151} INFO - [2026-01-08T14:47:51.240+0000] {dag.py:2915} INFO - Sync 1 DAGs
[2026-01-08T14:47:51.393+0000] {logging_mixin.py:151} INFO - [2026-01-08T14:47:51.393+0000] {dag.py:3696} INFO - Setting next_dagrun for ingestionDAG to 2026-01-08T14:47:21.393204+00:00, run_after=2026-01-08T14:47:51.393204+00:00
[2026-01-08T14:47:51.461+0000] {processor.py:179} INFO - Processing /opt/airflow/dags/ingest_local_folder_dag.py took 0.443 seconds
[2026-01-08T14:48:22.301+0000] {processor.py:157} INFO - Started process (PID=252) to work on /opt/airflow/dags/ingest_local_folder_dag.py
[2026-01-08T14:48:22.601+0000] {processor.py:829} INFO - Processing file /opt/airflow/dags/ingest_local_folder_dag.py for tasks to queue
[2026-01-08T14:48:22.605+0000] {logging_mixin.py:151} INFO - [2026-01-08T14:48:22.605+0000] {dagbag.py:539} INFO - Filling up the DagBag from /opt/airflow/dags/ingest_local_folder_dag.py
[2026-01-08T14:48:22.800+0000] {processor.py:839} INFO - DAG(s) dict_keys(['ingestionDAG']) retrieved from /opt/airflow/dags/ingest_local_folder_dag.py
[2026-01-08T14:48:22.970+0000] {logging_mixin.py:151} INFO - [2026-01-08T14:48:22.970+0000] {dag.py:2915} INFO - Sync 1 DAGs
[2026-01-08T14:48:22.992+0000] {logging_mixin.py:151} INFO - [2026-01-08T14:48:22.992+0000] {dag.py:3696} INFO - Setting next_dagrun for ingestionDAG to 2026-01-08T14:47:52.991926+00:00, run_after=2026-01-08T14:48:22.991926+00:00
[2026-01-08T14:48:23.054+0000] {processor.py:179} INFO - Processing /opt/airflow/dags/ingest_local_folder_dag.py took 0.762 seconds
[2026-01-08T14:48:53.565+0000] {processor.py:157} INFO - Started process (PID=265) to work on /opt/airflow/dags/ingest_local_folder_dag.py
[2026-01-08T14:48:53.566+0000] {processor.py:829} INFO - Processing file /opt/airflow/dags/ingest_local_folder_dag.py for tasks to queue
[2026-01-08T14:48:53.567+0000] {logging_mixin.py:151} INFO - [2026-01-08T14:48:53.566+0000] {dagbag.py:539} INFO - Filling up the DagBag from /opt/airflow/dags/ingest_local_folder_dag.py
[2026-01-08T14:48:53.749+0000] {processor.py:839} INFO - DAG(s) dict_keys(['ingestionDAG']) retrieved from /opt/airflow/dags/ingest_local_folder_dag.py
[2026-01-08T14:48:53.780+0000] {logging_mixin.py:151} INFO - [2026-01-08T14:48:53.779+0000] {dag.py:2915} INFO - Sync 1 DAGs
[2026-01-08T14:48:53.800+0000] {logging_mixin.py:151} INFO - [2026-01-08T14:48:53.799+0000] {dag.py:3696} INFO - Setting next_dagrun for ingestionDAG to 2026-01-08T14:48:23.799700+00:00, run_after=2026-01-08T14:48:53.799700+00:00
[2026-01-08T14:48:53.847+0000] {processor.py:179} INFO - Processing /opt/airflow/dags/ingest_local_folder_dag.py took 0.288 seconds
[2026-01-08T14:49:24.069+0000] {processor.py:157} INFO - Started process (PID=278) to work on /opt/airflow/dags/ingest_local_folder_dag.py
[2026-01-08T14:49:24.109+0000] {processor.py:829} INFO - Processing file /opt/airflow/dags/ingest_local_folder_dag.py for tasks to queue
[2026-01-08T14:49:24.111+0000] {logging_mixin.py:151} INFO - [2026-01-08T14:49:24.110+0000] {dagbag.py:539} INFO - Filling up the DagBag from /opt/airflow/dags/ingest_local_folder_dag.py
[2026-01-08T14:49:24.324+0000] {processor.py:839} INFO - DAG(s) dict_keys(['ingestionDAG']) retrieved from /opt/airflow/dags/ingest_local_folder_dag.py
[2026-01-08T14:49:24.358+0000] {logging_mixin.py:151} INFO - [2026-01-08T14:49:24.357+0000] {dag.py:2915} INFO - Sync 1 DAGs
[2026-01-08T14:49:24.381+0000] {logging_mixin.py:151} INFO - [2026-01-08T14:49:24.381+0000] {dag.py:3696} INFO - Setting next_dagrun for ingestionDAG to 2026-01-08T14:48:54.381194+00:00, run_after=2026-01-08T14:49:24.381194+00:00
[2026-01-08T14:49:24.714+0000] {processor.py:179} INFO - Processing /opt/airflow/dags/ingest_local_folder_dag.py took 0.656 seconds
[2026-01-08T14:49:54.913+0000] {processor.py:157} INFO - Started process (PID=291) to work on /opt/airflow/dags/ingest_local_folder_dag.py
[2026-01-08T14:49:54.915+0000] {processor.py:829} INFO - Processing file /opt/airflow/dags/ingest_local_folder_dag.py for tasks to queue
[2026-01-08T14:49:54.918+0000] {logging_mixin.py:151} INFO - [2026-01-08T14:49:54.917+0000] {dagbag.py:539} INFO - Filling up the DagBag from /opt/airflow/dags/ingest_local_folder_dag.py
[2026-01-08T14:49:55.106+0000] {processor.py:839} INFO - DAG(s) dict_keys(['ingestionDAG']) retrieved from /opt/airflow/dags/ingest_local_folder_dag.py
[2026-01-08T14:49:55.135+0000] {logging_mixin.py:151} INFO - [2026-01-08T14:49:55.135+0000] {dag.py:2915} INFO - Sync 1 DAGs
[2026-01-08T14:49:55.155+0000] {logging_mixin.py:151} INFO - [2026-01-08T14:49:55.155+0000] {dag.py:3696} INFO - Setting next_dagrun for ingestionDAG to 2026-01-08T14:49:25.155441+00:00, run_after=2026-01-08T14:49:55.155441+00:00
[2026-01-08T14:49:55.353+0000] {processor.py:179} INFO - Processing /opt/airflow/dags/ingest_local_folder_dag.py took 0.450 seconds
[2026-01-08T14:50:25.550+0000] {processor.py:157} INFO - Started process (PID=304) to work on /opt/airflow/dags/ingest_local_folder_dag.py
[2026-01-08T14:50:25.617+0000] {processor.py:829} INFO - Processing file /opt/airflow/dags/ingest_local_folder_dag.py for tasks to queue
[2026-01-08T14:50:25.619+0000] {logging_mixin.py:151} INFO - [2026-01-08T14:50:25.618+0000] {dagbag.py:539} INFO - Filling up the DagBag from /opt/airflow/dags/ingest_local_folder_dag.py
[2026-01-08T14:50:25.799+0000] {processor.py:839} INFO - DAG(s) dict_keys(['ingestionDAG']) retrieved from /opt/airflow/dags/ingest_local_folder_dag.py
[2026-01-08T14:50:25.828+0000] {logging_mixin.py:151} INFO - [2026-01-08T14:50:25.827+0000] {dag.py:2915} INFO - Sync 1 DAGs
[2026-01-08T14:50:25.981+0000] {logging_mixin.py:151} INFO - [2026-01-08T14:50:25.981+0000] {dag.py:3696} INFO - Setting next_dagrun for ingestionDAG to 2026-01-08T14:49:55.981308+00:00, run_after=2026-01-08T14:50:25.981308+00:00
[2026-01-08T14:50:26.030+0000] {processor.py:179} INFO - Processing /opt/airflow/dags/ingest_local_folder_dag.py took 0.485 seconds
[2026-01-08T14:50:56.708+0000] {processor.py:157} INFO - Started process (PID=317) to work on /opt/airflow/dags/ingest_local_folder_dag.py
[2026-01-08T14:50:56.718+0000] {processor.py:829} INFO - Processing file /opt/airflow/dags/ingest_local_folder_dag.py for tasks to queue
[2026-01-08T14:50:56.721+0000] {logging_mixin.py:151} INFO - [2026-01-08T14:50:56.719+0000] {dagbag.py:539} INFO - Filling up the DagBag from /opt/airflow/dags/ingest_local_folder_dag.py
[2026-01-08T14:50:56.920+0000] {processor.py:839} INFO - DAG(s) dict_keys(['ingestionDAG']) retrieved from /opt/airflow/dags/ingest_local_folder_dag.py
[2026-01-08T14:50:57.084+0000] {logging_mixin.py:151} INFO - [2026-01-08T14:50:57.084+0000] {dag.py:2915} INFO - Sync 1 DAGs
[2026-01-08T14:50:57.108+0000] {logging_mixin.py:151} INFO - [2026-01-08T14:50:57.108+0000] {dag.py:3696} INFO - Setting next_dagrun for ingestionDAG to 2026-01-08T14:50:27.108134+00:00, run_after=2026-01-08T14:50:57.108134+00:00
[2026-01-08T14:50:57.621+0000] {processor.py:179} INFO - Processing /opt/airflow/dags/ingest_local_folder_dag.py took 0.916 seconds
[2026-01-08T14:51:29.085+0000] {processor.py:157} INFO - Started process (PID=330) to work on /opt/airflow/dags/ingest_local_folder_dag.py
[2026-01-08T14:51:29.091+0000] {processor.py:829} INFO - Processing file /opt/airflow/dags/ingest_local_folder_dag.py for tasks to queue
[2026-01-08T14:51:29.092+0000] {logging_mixin.py:151} INFO - [2026-01-08T14:51:29.092+0000] {dagbag.py:539} INFO - Filling up the DagBag from /opt/airflow/dags/ingest_local_folder_dag.py
[2026-01-08T14:51:29.284+0000] {processor.py:839} INFO - DAG(s) dict_keys(['ingestionDAG']) retrieved from /opt/airflow/dags/ingest_local_folder_dag.py
[2026-01-08T14:51:29.452+0000] {logging_mixin.py:151} INFO - [2026-01-08T14:51:29.451+0000] {dag.py:2915} INFO - Sync 1 DAGs
[2026-01-08T14:51:29.472+0000] {logging_mixin.py:151} INFO - [2026-01-08T14:51:29.472+0000] {dag.py:3696} INFO - Setting next_dagrun for ingestionDAG to 2026-01-08T14:50:59.472094+00:00, run_after=2026-01-08T14:51:29.472094+00:00
[2026-01-08T14:51:29.524+0000] {processor.py:179} INFO - Processing /opt/airflow/dags/ingest_local_folder_dag.py took 0.445 seconds
[2026-01-08T14:51:59.730+0000] {processor.py:157} INFO - Started process (PID=343) to work on /opt/airflow/dags/ingest_local_folder_dag.py
[2026-01-08T14:51:59.743+0000] {processor.py:829} INFO - Processing file /opt/airflow/dags/ingest_local_folder_dag.py for tasks to queue
[2026-01-08T14:51:59.744+0000] {logging_mixin.py:151} INFO - [2026-01-08T14:51:59.743+0000] {dagbag.py:539} INFO - Filling up the DagBag from /opt/airflow/dags/ingest_local_folder_dag.py
[2026-01-08T14:51:59.927+0000] {processor.py:839} INFO - DAG(s) dict_keys(['ingestionDAG']) retrieved from /opt/airflow/dags/ingest_local_folder_dag.py
[2026-01-08T14:51:59.957+0000] {logging_mixin.py:151} INFO - [2026-01-08T14:51:59.957+0000] {dag.py:2915} INFO - Sync 1 DAGs
[2026-01-08T14:51:59.978+0000] {logging_mixin.py:151} INFO - [2026-01-08T14:51:59.978+0000] {dag.py:3696} INFO - Setting next_dagrun for ingestionDAG to 2026-01-08T14:51:29.978175+00:00, run_after=2026-01-08T14:51:59.978175+00:00
[2026-01-08T14:52:00.033+0000] {processor.py:179} INFO - Processing /opt/airflow/dags/ingest_local_folder_dag.py took 0.306 seconds
[2026-01-08T14:52:30.197+0000] {processor.py:157} INFO - Started process (PID=356) to work on /opt/airflow/dags/ingest_local_folder_dag.py
[2026-01-08T14:52:30.696+0000] {processor.py:829} INFO - Processing file /opt/airflow/dags/ingest_local_folder_dag.py for tasks to queue
[2026-01-08T14:52:30.699+0000] {logging_mixin.py:151} INFO - [2026-01-08T14:52:30.698+0000] {dagbag.py:539} INFO - Filling up the DagBag from /opt/airflow/dags/ingest_local_folder_dag.py
[2026-01-08T14:52:30.894+0000] {processor.py:839} INFO - DAG(s) dict_keys(['ingestionDAG']) retrieved from /opt/airflow/dags/ingest_local_folder_dag.py
[2026-01-08T14:52:30.924+0000] {logging_mixin.py:151} INFO - [2026-01-08T14:52:30.924+0000] {dag.py:2915} INFO - Sync 1 DAGs
[2026-01-08T14:52:30.944+0000] {logging_mixin.py:151} INFO - [2026-01-08T14:52:30.944+0000] {dag.py:3696} INFO - Setting next_dagrun for ingestionDAG to 2026-01-08T14:52:00.943809+00:00, run_after=2026-01-08T14:52:30.943809+00:00
[2026-01-08T14:52:31.465+0000] {processor.py:179} INFO - Processing /opt/airflow/dags/ingest_local_folder_dag.py took 1.272 seconds
[2026-01-08T14:53:01.633+0000] {processor.py:157} INFO - Started process (PID=369) to work on /opt/airflow/dags/ingest_local_folder_dag.py
[2026-01-08T14:53:01.638+0000] {processor.py:829} INFO - Processing file /opt/airflow/dags/ingest_local_folder_dag.py for tasks to queue
[2026-01-08T14:53:01.641+0000] {logging_mixin.py:151} INFO - [2026-01-08T14:53:01.640+0000] {dagbag.py:539} INFO - Filling up the DagBag from /opt/airflow/dags/ingest_local_folder_dag.py
[2026-01-08T14:53:01.863+0000] {processor.py:839} INFO - DAG(s) dict_keys(['ingestionDAG']) retrieved from /opt/airflow/dags/ingest_local_folder_dag.py
[2026-01-08T14:53:01.893+0000] {logging_mixin.py:151} INFO - [2026-01-08T14:53:01.893+0000] {dag.py:2915} INFO - Sync 1 DAGs
[2026-01-08T14:53:02.044+0000] {logging_mixin.py:151} INFO - [2026-01-08T14:53:02.043+0000] {dag.py:3696} INFO - Setting next_dagrun for ingestionDAG to 2026-01-08T14:52:32.043709+00:00, run_after=2026-01-08T14:53:02.043709+00:00
[2026-01-08T14:53:02.096+0000] {processor.py:179} INFO - Processing /opt/airflow/dags/ingest_local_folder_dag.py took 0.473 seconds
[2026-01-08T14:53:32.268+0000] {processor.py:157} INFO - Started process (PID=382) to work on /opt/airflow/dags/ingest_local_folder_dag.py
[2026-01-08T14:53:32.269+0000] {processor.py:829} INFO - Processing file /opt/airflow/dags/ingest_local_folder_dag.py for tasks to queue
[2026-01-08T14:53:32.413+0000] {logging_mixin.py:151} INFO - [2026-01-08T14:53:32.413+0000] {dagbag.py:539} INFO - Filling up the DagBag from /opt/airflow/dags/ingest_local_folder_dag.py
[2026-01-08T14:53:32.605+0000] {processor.py:839} INFO - DAG(s) dict_keys(['ingestionDAG']) retrieved from /opt/airflow/dags/ingest_local_folder_dag.py
[2026-01-08T14:53:32.641+0000] {logging_mixin.py:151} INFO - [2026-01-08T14:53:32.641+0000] {dag.py:2915} INFO - Sync 1 DAGs
[2026-01-08T14:53:32.799+0000] {logging_mixin.py:151} INFO - [2026-01-08T14:53:32.799+0000] {dag.py:3696} INFO - Setting next_dagrun for ingestionDAG to 2026-01-08T14:53:02.799579+00:00, run_after=2026-01-08T14:53:32.799579+00:00
[2026-01-08T14:53:32.860+0000] {processor.py:179} INFO - Processing /opt/airflow/dags/ingest_local_folder_dag.py took 0.599 seconds
[2026-01-08T14:54:03.465+0000] {processor.py:157} INFO - Started process (PID=395) to work on /opt/airflow/dags/ingest_local_folder_dag.py
[2026-01-08T14:54:03.476+0000] {processor.py:829} INFO - Processing file /opt/airflow/dags/ingest_local_folder_dag.py for tasks to queue
[2026-01-08T14:54:03.478+0000] {logging_mixin.py:151} INFO - [2026-01-08T14:54:03.477+0000] {dagbag.py:539} INFO - Filling up the DagBag from /opt/airflow/dags/ingest_local_folder_dag.py
[2026-01-08T14:54:03.677+0000] {processor.py:839} INFO - DAG(s) dict_keys(['ingestionDAG']) retrieved from /opt/airflow/dags/ingest_local_folder_dag.py
[2026-01-08T14:54:03.836+0000] {logging_mixin.py:151} INFO - [2026-01-08T14:54:03.836+0000] {dag.py:2915} INFO - Sync 1 DAGs
[2026-01-08T14:54:03.856+0000] {logging_mixin.py:151} INFO - [2026-01-08T14:54:03.855+0000] {dag.py:3696} INFO - Setting next_dagrun for ingestionDAG to 2026-01-08T14:53:33.855790+00:00, run_after=2026-01-08T14:54:03.855790+00:00
[2026-01-08T14:54:03.921+0000] {processor.py:179} INFO - Processing /opt/airflow/dags/ingest_local_folder_dag.py took 0.459 seconds
[2026-01-08T14:54:34.147+0000] {processor.py:157} INFO - Started process (PID=408) to work on /opt/airflow/dags/ingest_local_folder_dag.py
[2026-01-08T14:54:34.149+0000] {processor.py:829} INFO - Processing file /opt/airflow/dags/ingest_local_folder_dag.py for tasks to queue
[2026-01-08T14:54:34.152+0000] {logging_mixin.py:151} INFO - [2026-01-08T14:54:34.151+0000] {dagbag.py:539} INFO - Filling up the DagBag from /opt/airflow/dags/ingest_local_folder_dag.py
[2026-01-08T14:54:34.462+0000] {processor.py:839} INFO - DAG(s) dict_keys(['ingestionDAG']) retrieved from /opt/airflow/dags/ingest_local_folder_dag.py
[2026-01-08T14:54:34.492+0000] {logging_mixin.py:151} INFO - [2026-01-08T14:54:34.492+0000] {dag.py:2915} INFO - Sync 1 DAGs
[2026-01-08T14:54:34.512+0000] {logging_mixin.py:151} INFO - [2026-01-08T14:54:34.511+0000] {dag.py:3696} INFO - Setting next_dagrun for ingestionDAG to 2026-01-08T14:54:04.511734+00:00, run_after=2026-01-08T14:54:34.511734+00:00
[2026-01-08T14:54:34.567+0000] {processor.py:179} INFO - Processing /opt/airflow/dags/ingest_local_folder_dag.py took 0.430 seconds
[2026-01-08T14:55:04.808+0000] {processor.py:157} INFO - Started process (PID=421) to work on /opt/airflow/dags/ingest_local_folder_dag.py
[2026-01-08T14:55:04.814+0000] {processor.py:829} INFO - Processing file /opt/airflow/dags/ingest_local_folder_dag.py for tasks to queue
[2026-01-08T14:55:04.816+0000] {logging_mixin.py:151} INFO - [2026-01-08T14:55:04.815+0000] {dagbag.py:539} INFO - Filling up the DagBag from /opt/airflow/dags/ingest_local_folder_dag.py
[2026-01-08T14:55:05.017+0000] {processor.py:839} INFO - DAG(s) dict_keys(['ingestionDAG']) retrieved from /opt/airflow/dags/ingest_local_folder_dag.py
[2026-01-08T14:55:05.051+0000] {logging_mixin.py:151} INFO - [2026-01-08T14:55:05.051+0000] {dag.py:2915} INFO - Sync 1 DAGs
[2026-01-08T14:55:05.072+0000] {logging_mixin.py:151} INFO - [2026-01-08T14:55:05.072+0000] {dag.py:3696} INFO - Setting next_dagrun for ingestionDAG to 2026-01-08T14:54:35.072104+00:00, run_after=2026-01-08T14:55:05.072104+00:00
[2026-01-08T14:55:05.178+0000] {processor.py:179} INFO - Processing /opt/airflow/dags/ingest_local_folder_dag.py took 0.379 seconds
[2026-01-08T14:55:35.988+0000] {processor.py:157} INFO - Started process (PID=434) to work on /opt/airflow/dags/ingest_local_folder_dag.py
[2026-01-08T14:55:35.990+0000] {processor.py:829} INFO - Processing file /opt/airflow/dags/ingest_local_folder_dag.py for tasks to queue
[2026-01-08T14:55:35.991+0000] {logging_mixin.py:151} INFO - [2026-01-08T14:55:35.990+0000] {dagbag.py:539} INFO - Filling up the DagBag from /opt/airflow/dags/ingest_local_folder_dag.py
[2026-01-08T14:55:36.171+0000] {processor.py:839} INFO - DAG(s) dict_keys(['ingestionDAG']) retrieved from /opt/airflow/dags/ingest_local_folder_dag.py
[2026-01-08T14:55:36.200+0000] {logging_mixin.py:151} INFO - [2026-01-08T14:55:36.200+0000] {dag.py:2915} INFO - Sync 1 DAGs
[2026-01-08T14:55:36.353+0000] {logging_mixin.py:151} INFO - [2026-01-08T14:55:36.352+0000] {dag.py:3696} INFO - Setting next_dagrun for ingestionDAG to 2026-01-08T14:55:06.352727+00:00, run_after=2026-01-08T14:55:36.352727+00:00
[2026-01-08T14:55:36.403+0000] {processor.py:179} INFO - Processing /opt/airflow/dags/ingest_local_folder_dag.py took 0.423 seconds
[2026-01-08T15:04:14.577+0000] {processor.py:157} INFO - Started process (PID=167) to work on /opt/airflow/dags/ingest_local_folder_dag.py
[2026-01-08T15:04:14.610+0000] {processor.py:829} INFO - Processing file /opt/airflow/dags/ingest_local_folder_dag.py for tasks to queue
[2026-01-08T15:04:14.616+0000] {logging_mixin.py:151} INFO - [2026-01-08T15:04:14.611+0000] {dagbag.py:539} INFO - Filling up the DagBag from /opt/airflow/dags/ingest_local_folder_dag.py
[2026-01-08T15:04:14.810+0000] {processor.py:839} INFO - DAG(s) dict_keys(['ingestionDAG']) retrieved from /opt/airflow/dags/ingest_local_folder_dag.py
[2026-01-08T15:04:15.034+0000] {logging_mixin.py:151} INFO - [2026-01-08T15:04:15.034+0000] {dag.py:2915} INFO - Sync 1 DAGs
[2026-01-08T15:04:15.140+0000] {logging_mixin.py:151} INFO - [2026-01-08T15:04:15.140+0000] {dag.py:3696} INFO - Setting next_dagrun for ingestionDAG to 2026-01-08T15:03:45.139590+00:00, run_after=2026-01-08T15:04:15.139590+00:00
[2026-01-08T15:04:15.225+0000] {processor.py:179} INFO - Processing /opt/airflow/dags/ingest_local_folder_dag.py took 0.660 seconds
[2026-01-08T15:04:45.388+0000] {processor.py:157} INFO - Started process (PID=192) to work on /opt/airflow/dags/ingest_local_folder_dag.py
[2026-01-08T15:04:46.093+0000] {processor.py:829} INFO - Processing file /opt/airflow/dags/ingest_local_folder_dag.py for tasks to queue
[2026-01-08T15:04:46.095+0000] {logging_mixin.py:151} INFO - [2026-01-08T15:04:46.094+0000] {dagbag.py:539} INFO - Filling up the DagBag from /opt/airflow/dags/ingest_local_folder_dag.py
[2026-01-08T15:04:46.266+0000] {processor.py:839} INFO - DAG(s) dict_keys(['ingestionDAG']) retrieved from /opt/airflow/dags/ingest_local_folder_dag.py
[2026-01-08T15:04:46.282+0000] {logging_mixin.py:151} INFO - [2026-01-08T15:04:46.282+0000] {dag.py:2915} INFO - Sync 1 DAGs
[2026-01-08T15:04:46.303+0000] {logging_mixin.py:151} INFO - [2026-01-08T15:04:46.303+0000] {dag.py:3696} INFO - Setting next_dagrun for ingestionDAG to 2026-01-08T15:04:16.303106+00:00, run_after=2026-01-08T15:04:46.303106+00:00
[2026-01-08T15:04:46.319+0000] {processor.py:179} INFO - Processing /opt/airflow/dags/ingest_local_folder_dag.py took 0.938 seconds
[2026-01-08T15:05:16.879+0000] {processor.py:157} INFO - Started process (PID=212) to work on /opt/airflow/dags/ingest_local_folder_dag.py
[2026-01-08T15:05:16.890+0000] {processor.py:829} INFO - Processing file /opt/airflow/dags/ingest_local_folder_dag.py for tasks to queue
[2026-01-08T15:05:16.892+0000] {logging_mixin.py:151} INFO - [2026-01-08T15:05:16.891+0000] {dagbag.py:539} INFO - Filling up the DagBag from /opt/airflow/dags/ingest_local_folder_dag.py
[2026-01-08T15:05:17.073+0000] {processor.py:839} INFO - DAG(s) dict_keys(['ingestionDAG']) retrieved from /opt/airflow/dags/ingest_local_folder_dag.py
[2026-01-08T15:05:17.102+0000] {logging_mixin.py:151} INFO - [2026-01-08T15:05:17.102+0000] {dag.py:2915} INFO - Sync 1 DAGs
[2026-01-08T15:05:17.122+0000] {logging_mixin.py:151} INFO - [2026-01-08T15:05:17.121+0000] {dag.py:3696} INFO - Setting next_dagrun for ingestionDAG to 2026-01-08T15:04:47.121667+00:00, run_after=2026-01-08T15:05:17.121667+00:00
[2026-01-08T15:05:17.327+0000] {processor.py:179} INFO - Processing /opt/airflow/dags/ingest_local_folder_dag.py took 0.459 seconds
[2026-01-08T15:05:47.548+0000] {processor.py:157} INFO - Started process (PID=225) to work on /opt/airflow/dags/ingest_local_folder_dag.py
[2026-01-08T15:05:47.565+0000] {processor.py:829} INFO - Processing file /opt/airflow/dags/ingest_local_folder_dag.py for tasks to queue
[2026-01-08T15:05:47.566+0000] {logging_mixin.py:151} INFO - [2026-01-08T15:05:47.565+0000] {dagbag.py:539} INFO - Filling up the DagBag from /opt/airflow/dags/ingest_local_folder_dag.py
[2026-01-08T15:05:47.738+0000] {processor.py:839} INFO - DAG(s) dict_keys(['ingestionDAG']) retrieved from /opt/airflow/dags/ingest_local_folder_dag.py
[2026-01-08T15:05:47.766+0000] {logging_mixin.py:151} INFO - [2026-01-08T15:05:47.766+0000] {dag.py:2915} INFO - Sync 1 DAGs
[2026-01-08T15:05:47.926+0000] {logging_mixin.py:151} INFO - [2026-01-08T15:05:47.926+0000] {dag.py:3696} INFO - Setting next_dagrun for ingestionDAG to 2026-01-08T15:05:17.925997+00:00, run_after=2026-01-08T15:05:47.925997+00:00
[2026-01-08T15:05:47.987+0000] {processor.py:179} INFO - Processing /opt/airflow/dags/ingest_local_folder_dag.py took 0.445 seconds
[2026-01-08T15:06:18.211+0000] {processor.py:157} INFO - Started process (PID=238) to work on /opt/airflow/dags/ingest_local_folder_dag.py
[2026-01-08T15:06:18.215+0000] {processor.py:829} INFO - Processing file /opt/airflow/dags/ingest_local_folder_dag.py for tasks to queue
[2026-01-08T15:06:18.216+0000] {logging_mixin.py:151} INFO - [2026-01-08T15:06:18.216+0000] {dagbag.py:539} INFO - Filling up the DagBag from /opt/airflow/dags/ingest_local_folder_dag.py
[2026-01-08T15:06:18.396+0000] {processor.py:839} INFO - DAG(s) dict_keys(['ingestionDAG']) retrieved from /opt/airflow/dags/ingest_local_folder_dag.py
[2026-01-08T15:06:18.552+0000] {logging_mixin.py:151} INFO - [2026-01-08T15:06:18.552+0000] {dag.py:2915} INFO - Sync 1 DAGs
[2026-01-08T15:06:18.575+0000] {logging_mixin.py:151} INFO - [2026-01-08T15:06:18.575+0000] {dag.py:3696} INFO - Setting next_dagrun for ingestionDAG to 2026-01-08T15:05:48.575356+00:00, run_after=2026-01-08T15:06:18.575356+00:00
[2026-01-08T15:06:18.684+0000] {processor.py:179} INFO - Processing /opt/airflow/dags/ingest_local_folder_dag.py took 0.481 seconds
[2026-01-08T15:06:48.892+0000] {processor.py:157} INFO - Started process (PID=251) to work on /opt/airflow/dags/ingest_local_folder_dag.py
[2026-01-08T15:06:48.898+0000] {processor.py:829} INFO - Processing file /opt/airflow/dags/ingest_local_folder_dag.py for tasks to queue
[2026-01-08T15:06:48.899+0000] {logging_mixin.py:151} INFO - [2026-01-08T15:06:48.899+0000] {dagbag.py:539} INFO - Filling up the DagBag from /opt/airflow/dags/ingest_local_folder_dag.py
[2026-01-08T15:06:49.211+0000] {processor.py:839} INFO - DAG(s) dict_keys(['ingestionDAG']) retrieved from /opt/airflow/dags/ingest_local_folder_dag.py
[2026-01-08T15:06:49.241+0000] {logging_mixin.py:151} INFO - [2026-01-08T15:06:49.241+0000] {dag.py:2915} INFO - Sync 1 DAGs
[2026-01-08T15:06:49.260+0000] {logging_mixin.py:151} INFO - [2026-01-08T15:06:49.260+0000] {dag.py:3696} INFO - Setting next_dagrun for ingestionDAG to 2026-01-08T15:06:19.260176+00:00, run_after=2026-01-08T15:06:49.260176+00:00
[2026-01-08T15:06:50.239+0000] {processor.py:179} INFO - Processing /opt/airflow/dags/ingest_local_folder_dag.py took 1.353 seconds
[2026-01-08T15:07:20.337+0000] {processor.py:157} INFO - Started process (PID=264) to work on /opt/airflow/dags/ingest_local_folder_dag.py
[2026-01-08T15:07:20.674+0000] {processor.py:829} INFO - Processing file /opt/airflow/dags/ingest_local_folder_dag.py for tasks to queue
[2026-01-08T15:07:20.676+0000] {logging_mixin.py:151} INFO - [2026-01-08T15:07:20.675+0000] {dagbag.py:539} INFO - Filling up the DagBag from /opt/airflow/dags/ingest_local_folder_dag.py
[2026-01-08T15:07:21.009+0000] {processor.py:839} INFO - DAG(s) dict_keys(['ingestionDAG']) retrieved from /opt/airflow/dags/ingest_local_folder_dag.py
[2026-01-08T15:07:21.036+0000] {logging_mixin.py:151} INFO - [2026-01-08T15:07:21.036+0000] {dag.py:2915} INFO - Sync 1 DAGs
[2026-01-08T15:07:21.055+0000] {logging_mixin.py:151} INFO - [2026-01-08T15:07:21.054+0000] {dag.py:3696} INFO - Setting next_dagrun for ingestionDAG to 2026-01-08T15:06:51.054725+00:00, run_after=2026-01-08T15:07:21.054725+00:00
[2026-01-08T15:07:21.133+0000] {processor.py:179} INFO - Processing /opt/airflow/dags/ingest_local_folder_dag.py took 0.807 seconds
[2026-01-08T15:07:51.359+0000] {processor.py:157} INFO - Started process (PID=277) to work on /opt/airflow/dags/ingest_local_folder_dag.py
[2026-01-08T15:07:51.360+0000] {processor.py:829} INFO - Processing file /opt/airflow/dags/ingest_local_folder_dag.py for tasks to queue
[2026-01-08T15:07:51.361+0000] {logging_mixin.py:151} INFO - [2026-01-08T15:07:51.361+0000] {dagbag.py:539} INFO - Filling up the DagBag from /opt/airflow/dags/ingest_local_folder_dag.py
[2026-01-08T15:07:51.675+0000] {processor.py:839} INFO - DAG(s) dict_keys(['ingestionDAG']) retrieved from /opt/airflow/dags/ingest_local_folder_dag.py
[2026-01-08T15:07:51.701+0000] {logging_mixin.py:151} INFO - [2026-01-08T15:07:51.701+0000] {dag.py:2915} INFO - Sync 1 DAGs
[2026-01-08T15:07:51.721+0000] {logging_mixin.py:151} INFO - [2026-01-08T15:07:51.720+0000] {dag.py:3696} INFO - Setting next_dagrun for ingestionDAG to 2026-01-08T15:07:21.720796+00:00, run_after=2026-01-08T15:07:51.720796+00:00
[2026-01-08T15:07:51.785+0000] {processor.py:179} INFO - Processing /opt/airflow/dags/ingest_local_folder_dag.py took 0.435 seconds
[2026-01-08T15:08:22.563+0000] {processor.py:157} INFO - Started process (PID=290) to work on /opt/airflow/dags/ingest_local_folder_dag.py
[2026-01-08T15:08:22.580+0000] {processor.py:829} INFO - Processing file /opt/airflow/dags/ingest_local_folder_dag.py for tasks to queue
[2026-01-08T15:08:22.583+0000] {logging_mixin.py:151} INFO - [2026-01-08T15:08:22.582+0000] {dagbag.py:539} INFO - Filling up the DagBag from /opt/airflow/dags/ingest_local_folder_dag.py
[2026-01-08T15:08:22.906+0000] {processor.py:839} INFO - DAG(s) dict_keys(['ingestionDAG']) retrieved from /opt/airflow/dags/ingest_local_folder_dag.py
[2026-01-08T15:08:22.933+0000] {logging_mixin.py:151} INFO - [2026-01-08T15:08:22.932+0000] {dag.py:2915} INFO - Sync 1 DAGs
[2026-01-08T15:08:22.952+0000] {logging_mixin.py:151} INFO - [2026-01-08T15:08:22.952+0000] {dag.py:3696} INFO - Setting next_dagrun for ingestionDAG to 2026-01-08T15:07:52.952169+00:00, run_after=2026-01-08T15:08:22.952169+00:00
[2026-01-08T15:08:23.641+0000] {processor.py:179} INFO - Processing /opt/airflow/dags/ingest_local_folder_dag.py took 1.088 seconds
[2026-01-08T15:08:53.857+0000] {processor.py:157} INFO - Started process (PID=303) to work on /opt/airflow/dags/ingest_local_folder_dag.py
[2026-01-08T15:08:53.899+0000] {processor.py:829} INFO - Processing file /opt/airflow/dags/ingest_local_folder_dag.py for tasks to queue
[2026-01-08T15:08:53.903+0000] {logging_mixin.py:151} INFO - [2026-01-08T15:08:53.901+0000] {dagbag.py:539} INFO - Filling up the DagBag from /opt/airflow/dags/ingest_local_folder_dag.py
[2026-01-08T15:08:54.101+0000] {processor.py:839} INFO - DAG(s) dict_keys(['ingestionDAG']) retrieved from /opt/airflow/dags/ingest_local_folder_dag.py
[2026-01-08T15:08:54.263+0000] {logging_mixin.py:151} INFO - [2026-01-08T15:08:54.263+0000] {dag.py:2915} INFO - Sync 1 DAGs
[2026-01-08T15:08:54.284+0000] {logging_mixin.py:151} INFO - [2026-01-08T15:08:54.284+0000] {dag.py:3696} INFO - Setting next_dagrun for ingestionDAG to 2026-01-08T15:08:24.283889+00:00, run_after=2026-01-08T15:08:54.283889+00:00
[2026-01-08T15:08:54.346+0000] {processor.py:179} INFO - Processing /opt/airflow/dags/ingest_local_folder_dag.py took 0.494 seconds
[2026-01-08T15:09:25.095+0000] {processor.py:157} INFO - Started process (PID=316) to work on /opt/airflow/dags/ingest_local_folder_dag.py
[2026-01-08T15:09:25.101+0000] {processor.py:829} INFO - Processing file /opt/airflow/dags/ingest_local_folder_dag.py for tasks to queue
[2026-01-08T15:09:25.102+0000] {logging_mixin.py:151} INFO - [2026-01-08T15:09:25.101+0000] {dagbag.py:539} INFO - Filling up the DagBag from /opt/airflow/dags/ingest_local_folder_dag.py
[2026-01-08T15:09:25.423+0000] {processor.py:839} INFO - DAG(s) dict_keys(['ingestionDAG']) retrieved from /opt/airflow/dags/ingest_local_folder_dag.py
[2026-01-08T15:09:25.455+0000] {logging_mixin.py:151} INFO - [2026-01-08T15:09:25.455+0000] {dag.py:2915} INFO - Sync 1 DAGs
[2026-01-08T15:09:25.481+0000] {logging_mixin.py:151} INFO - [2026-01-08T15:09:25.481+0000] {dag.py:3696} INFO - Setting next_dagrun for ingestionDAG to 2026-01-08T15:08:55.481196+00:00, run_after=2026-01-08T15:09:25.481196+00:00
[2026-01-08T15:09:25.503+0000] {processor.py:179} INFO - Processing /opt/airflow/dags/ingest_local_folder_dag.py took 0.415 seconds
[2026-01-08T15:09:55.681+0000] {processor.py:157} INFO - Started process (PID=335) to work on /opt/airflow/dags/ingest_local_folder_dag.py
[2026-01-08T15:09:55.683+0000] {processor.py:829} INFO - Processing file /opt/airflow/dags/ingest_local_folder_dag.py for tasks to queue
[2026-01-08T15:09:55.685+0000] {logging_mixin.py:151} INFO - [2026-01-08T15:09:55.684+0000] {dagbag.py:539} INFO - Filling up the DagBag from /opt/airflow/dags/ingest_local_folder_dag.py
[2026-01-08T15:09:56.006+0000] {processor.py:839} INFO - DAG(s) dict_keys(['ingestionDAG']) retrieved from /opt/airflow/dags/ingest_local_folder_dag.py
[2026-01-08T15:09:56.036+0000] {logging_mixin.py:151} INFO - [2026-01-08T15:09:56.035+0000] {dag.py:2915} INFO - Sync 1 DAGs
[2026-01-08T15:09:56.054+0000] {logging_mixin.py:151} INFO - [2026-01-08T15:09:56.054+0000] {dag.py:3696} INFO - Setting next_dagrun for ingestionDAG to 2026-01-08T15:09:26.054586+00:00, run_after=2026-01-08T15:09:56.054586+00:00
[2026-01-08T15:09:56.119+0000] {processor.py:179} INFO - Processing /opt/airflow/dags/ingest_local_folder_dag.py took 0.444 seconds
[2026-01-08T15:10:26.868+0000] {processor.py:157} INFO - Started process (PID=356) to work on /opt/airflow/dags/ingest_local_folder_dag.py
[2026-01-08T15:10:26.934+0000] {processor.py:829} INFO - Processing file /opt/airflow/dags/ingest_local_folder_dag.py for tasks to queue
[2026-01-08T15:10:26.937+0000] {logging_mixin.py:151} INFO - [2026-01-08T15:10:26.936+0000] {dagbag.py:539} INFO - Filling up the DagBag from /opt/airflow/dags/ingest_local_folder_dag.py
[2026-01-08T15:10:27.560+0000] {processor.py:839} INFO - DAG(s) dict_keys(['ingestionDAG']) retrieved from /opt/airflow/dags/ingest_local_folder_dag.py
[2026-01-08T15:10:27.609+0000] {logging_mixin.py:151} INFO - [2026-01-08T15:10:27.608+0000] {dag.py:2915} INFO - Sync 1 DAGs
[2026-01-08T15:10:27.635+0000] {logging_mixin.py:151} INFO - [2026-01-08T15:10:27.634+0000] {dag.py:3696} INFO - Setting next_dagrun for ingestionDAG to 2026-01-08T15:09:57.634785+00:00, run_after=2026-01-08T15:10:27.634785+00:00
[2026-01-08T15:10:27.738+0000] {processor.py:179} INFO - Processing /opt/airflow/dags/ingest_local_folder_dag.py took 0.880 seconds
[2026-01-08T15:10:57.910+0000] {processor.py:157} INFO - Started process (PID=381) to work on /opt/airflow/dags/ingest_local_folder_dag.py
[2026-01-08T15:10:57.911+0000] {processor.py:829} INFO - Processing file /opt/airflow/dags/ingest_local_folder_dag.py for tasks to queue
[2026-01-08T15:10:57.913+0000] {logging_mixin.py:151} INFO - [2026-01-08T15:10:57.912+0000] {dagbag.py:539} INFO - Filling up the DagBag from /opt/airflow/dags/ingest_local_folder_dag.py
[2026-01-08T15:10:58.231+0000] {processor.py:839} INFO - DAG(s) dict_keys(['ingestionDAG']) retrieved from /opt/airflow/dags/ingest_local_folder_dag.py
[2026-01-08T15:10:58.258+0000] {logging_mixin.py:151} INFO - [2026-01-08T15:10:58.258+0000] {dag.py:2915} INFO - Sync 1 DAGs
[2026-01-08T15:10:58.278+0000] {logging_mixin.py:151} INFO - [2026-01-08T15:10:58.278+0000] {dag.py:3696} INFO - Setting next_dagrun for ingestionDAG to 2026-01-08T15:10:28.277886+00:00, run_after=2026-01-08T15:10:58.277886+00:00
[2026-01-08T15:10:58.340+0000] {processor.py:179} INFO - Processing /opt/airflow/dags/ingest_local_folder_dag.py took 0.441 seconds
[2026-01-08T15:11:28.577+0000] {processor.py:157} INFO - Started process (PID=399) to work on /opt/airflow/dags/ingest_local_folder_dag.py
[2026-01-08T15:11:28.586+0000] {processor.py:829} INFO - Processing file /opt/airflow/dags/ingest_local_folder_dag.py for tasks to queue
[2026-01-08T15:11:28.588+0000] {logging_mixin.py:151} INFO - [2026-01-08T15:11:28.587+0000] {dagbag.py:539} INFO - Filling up the DagBag from /opt/airflow/dags/ingest_local_folder_dag.py
[2026-01-08T15:11:28.770+0000] {processor.py:839} INFO - DAG(s) dict_keys(['ingestionDAG']) retrieved from /opt/airflow/dags/ingest_local_folder_dag.py
[2026-01-08T15:11:28.941+0000] {logging_mixin.py:151} INFO - [2026-01-08T15:11:28.941+0000] {dag.py:2915} INFO - Sync 1 DAGs
[2026-01-08T15:11:28.961+0000] {logging_mixin.py:151} INFO - [2026-01-08T15:11:28.961+0000] {dag.py:3696} INFO - Setting next_dagrun for ingestionDAG to 2026-01-08T15:10:58.961505+00:00, run_after=2026-01-08T15:11:28.961505+00:00
[2026-01-08T15:11:29.316+0000] {processor.py:179} INFO - Processing /opt/airflow/dags/ingest_local_folder_dag.py took 0.749 seconds
[2026-01-08T15:11:59.532+0000] {processor.py:157} INFO - Started process (PID=412) to work on /opt/airflow/dags/ingest_local_folder_dag.py
[2026-01-08T15:11:59.533+0000] {processor.py:829} INFO - Processing file /opt/airflow/dags/ingest_local_folder_dag.py for tasks to queue
[2026-01-08T15:11:59.534+0000] {logging_mixin.py:151} INFO - [2026-01-08T15:11:59.534+0000] {dagbag.py:539} INFO - Filling up the DagBag from /opt/airflow/dags/ingest_local_folder_dag.py
[2026-01-08T15:11:59.844+0000] {processor.py:839} INFO - DAG(s) dict_keys(['ingestionDAG']) retrieved from /opt/airflow/dags/ingest_local_folder_dag.py
[2026-01-08T15:11:59.871+0000] {logging_mixin.py:151} INFO - [2026-01-08T15:11:59.871+0000] {dag.py:2915} INFO - Sync 1 DAGs
[2026-01-08T15:11:59.890+0000] {logging_mixin.py:151} INFO - [2026-01-08T15:11:59.890+0000] {dag.py:3696} INFO - Setting next_dagrun for ingestionDAG to 2026-01-08T15:11:29.889886+00:00, run_after=2026-01-08T15:11:59.889886+00:00
[2026-01-08T15:11:59.944+0000] {processor.py:179} INFO - Processing /opt/airflow/dags/ingest_local_folder_dag.py took 0.417 seconds
[2026-01-08T15:12:30.127+0000] {processor.py:157} INFO - Started process (PID=425) to work on /opt/airflow/dags/ingest_local_folder_dag.py
[2026-01-08T15:12:30.188+0000] {processor.py:829} INFO - Processing file /opt/airflow/dags/ingest_local_folder_dag.py for tasks to queue
[2026-01-08T15:12:30.191+0000] {logging_mixin.py:151} INFO - [2026-01-08T15:12:30.190+0000] {dagbag.py:539} INFO - Filling up the DagBag from /opt/airflow/dags/ingest_local_folder_dag.py
[2026-01-08T15:12:30.525+0000] {processor.py:839} INFO - DAG(s) dict_keys(['ingestionDAG']) retrieved from /opt/airflow/dags/ingest_local_folder_dag.py
[2026-01-08T15:12:30.552+0000] {logging_mixin.py:151} INFO - [2026-01-08T15:12:30.552+0000] {dag.py:2915} INFO - Sync 1 DAGs
[2026-01-08T15:12:30.573+0000] {logging_mixin.py:151} INFO - [2026-01-08T15:12:30.572+0000] {dag.py:3696} INFO - Setting next_dagrun for ingestionDAG to 2026-01-08T15:12:00.572781+00:00, run_after=2026-01-08T15:12:30.572781+00:00
[2026-01-08T15:12:30.630+0000] {processor.py:179} INFO - Processing /opt/airflow/dags/ingest_local_folder_dag.py took 0.508 seconds
[2026-01-08T15:13:01.311+0000] {processor.py:157} INFO - Started process (PID=438) to work on /opt/airflow/dags/ingest_local_folder_dag.py
[2026-01-08T15:13:01.312+0000] {processor.py:829} INFO - Processing file /opt/airflow/dags/ingest_local_folder_dag.py for tasks to queue
[2026-01-08T15:13:01.313+0000] {logging_mixin.py:151} INFO - [2026-01-08T15:13:01.313+0000] {dagbag.py:539} INFO - Filling up the DagBag from /opt/airflow/dags/ingest_local_folder_dag.py
[2026-01-08T15:13:01.640+0000] {processor.py:839} INFO - DAG(s) dict_keys(['ingestionDAG']) retrieved from /opt/airflow/dags/ingest_local_folder_dag.py
[2026-01-08T15:13:01.667+0000] {logging_mixin.py:151} INFO - [2026-01-08T15:13:01.667+0000] {dag.py:2915} INFO - Sync 1 DAGs
[2026-01-08T15:13:01.687+0000] {logging_mixin.py:151} INFO - [2026-01-08T15:13:01.687+0000] {dag.py:3696} INFO - Setting next_dagrun for ingestionDAG to 2026-01-08T15:12:31.687506+00:00, run_after=2026-01-08T15:13:01.687506+00:00
[2026-01-08T15:13:01.788+0000] {processor.py:179} INFO - Processing /opt/airflow/dags/ingest_local_folder_dag.py took 0.484 seconds
[2026-01-08T15:13:31.988+0000] {processor.py:157} INFO - Started process (PID=451) to work on /opt/airflow/dags/ingest_local_folder_dag.py
[2026-01-08T15:13:31.997+0000] {processor.py:829} INFO - Processing file /opt/airflow/dags/ingest_local_folder_dag.py for tasks to queue
[2026-01-08T15:13:31.998+0000] {logging_mixin.py:151} INFO - [2026-01-08T15:13:31.998+0000] {dagbag.py:539} INFO - Filling up the DagBag from /opt/airflow/dags/ingest_local_folder_dag.py
[2026-01-08T15:13:32.170+0000] {processor.py:839} INFO - DAG(s) dict_keys(['ingestionDAG']) retrieved from /opt/airflow/dags/ingest_local_folder_dag.py
[2026-01-08T15:13:32.328+0000] {logging_mixin.py:151} INFO - [2026-01-08T15:13:32.328+0000] {dag.py:2915} INFO - Sync 1 DAGs
[2026-01-08T15:13:32.347+0000] {logging_mixin.py:151} INFO - [2026-01-08T15:13:32.347+0000] {dag.py:3696} INFO - Setting next_dagrun for ingestionDAG to 2026-01-08T15:13:02.347174+00:00, run_after=2026-01-08T15:13:32.347174+00:00
[2026-01-08T15:13:32.555+0000] {processor.py:179} INFO - Processing /opt/airflow/dags/ingest_local_folder_dag.py took 0.571 seconds
[2026-01-08T15:16:40.513+0000] {processor.py:157} INFO - Started process (PID=167) to work on /opt/airflow/dags/ingest_local_folder_dag.py
[2026-01-08T15:16:40.525+0000] {processor.py:829} INFO - Processing file /opt/airflow/dags/ingest_local_folder_dag.py for tasks to queue
[2026-01-08T15:16:40.526+0000] {logging_mixin.py:151} INFO - [2026-01-08T15:16:40.526+0000] {dagbag.py:539} INFO - Filling up the DagBag from /opt/airflow/dags/ingest_local_folder_dag.py
[2026-01-08T15:16:40.738+0000] {processor.py:839} INFO - DAG(s) dict_keys(['ingestionDAG']) retrieved from /opt/airflow/dags/ingest_local_folder_dag.py
[2026-01-08T15:16:41.971+0000] {logging_mixin.py:151} INFO - [2026-01-08T15:16:41.971+0000] {dag.py:2915} INFO - Sync 1 DAGs
[2026-01-08T15:16:41.994+0000] {logging_mixin.py:151} INFO - [2026-01-08T15:16:41.994+0000] {dag.py:3696} INFO - Setting next_dagrun for ingestionDAG to 2026-01-08T15:16:11.994449+00:00, run_after=2026-01-08T15:16:41.994449+00:00
[2026-01-08T15:16:42.012+0000] {processor.py:179} INFO - Processing /opt/airflow/dags/ingest_local_folder_dag.py took 1.504 seconds
[2026-01-08T15:17:12.719+0000] {processor.py:157} INFO - Started process (PID=192) to work on /opt/airflow/dags/ingest_local_folder_dag.py
[2026-01-08T15:17:13.346+0000] {processor.py:829} INFO - Processing file /opt/airflow/dags/ingest_local_folder_dag.py for tasks to queue
[2026-01-08T15:17:13.349+0000] {logging_mixin.py:151} INFO - [2026-01-08T15:17:13.348+0000] {dagbag.py:539} INFO - Filling up the DagBag from /opt/airflow/dags/ingest_local_folder_dag.py
[2026-01-08T15:17:13.549+0000] {processor.py:839} INFO - DAG(s) dict_keys(['ingestionDAG']) retrieved from /opt/airflow/dags/ingest_local_folder_dag.py
[2026-01-08T15:17:13.564+0000] {logging_mixin.py:151} INFO - [2026-01-08T15:17:13.563+0000] {dag.py:2915} INFO - Sync 1 DAGs
[2026-01-08T15:17:13.583+0000] {logging_mixin.py:151} INFO - [2026-01-08T15:17:13.583+0000] {dag.py:3696} INFO - Setting next_dagrun for ingestionDAG to 2026-01-08T15:16:43.582912+00:00, run_after=2026-01-08T15:17:13.582912+00:00
[2026-01-08T15:17:13.663+0000] {processor.py:179} INFO - Processing /opt/airflow/dags/ingest_local_folder_dag.py took 0.950 seconds
[2026-01-08T15:17:43.912+0000] {processor.py:157} INFO - Started process (PID=207) to work on /opt/airflow/dags/ingest_local_folder_dag.py
[2026-01-08T15:17:43.913+0000] {processor.py:829} INFO - Processing file /opt/airflow/dags/ingest_local_folder_dag.py for tasks to queue
[2026-01-08T15:17:43.914+0000] {logging_mixin.py:151} INFO - [2026-01-08T15:17:43.914+0000] {dagbag.py:539} INFO - Filling up the DagBag from /opt/airflow/dags/ingest_local_folder_dag.py
[2026-01-08T15:17:44.088+0000] {processor.py:839} INFO - DAG(s) dict_keys(['ingestionDAG']) retrieved from /opt/airflow/dags/ingest_local_folder_dag.py
[2026-01-08T15:17:44.116+0000] {logging_mixin.py:151} INFO - [2026-01-08T15:17:44.116+0000] {dag.py:2915} INFO - Sync 1 DAGs
[2026-01-08T15:17:44.135+0000] {logging_mixin.py:151} INFO - [2026-01-08T15:17:44.135+0000] {dag.py:3696} INFO - Setting next_dagrun for ingestionDAG to 2026-01-08T15:17:14.135608+00:00, run_after=2026-01-08T15:17:44.135608+00:00
[2026-01-08T15:17:44.754+0000] {processor.py:179} INFO - Processing /opt/airflow/dags/ingest_local_folder_dag.py took 0.848 seconds
[2026-01-08T15:18:14.928+0000] {processor.py:157} INFO - Started process (PID=225) to work on /opt/airflow/dags/ingest_local_folder_dag.py
[2026-01-08T15:18:14.935+0000] {processor.py:829} INFO - Processing file /opt/airflow/dags/ingest_local_folder_dag.py for tasks to queue
[2026-01-08T15:18:14.936+0000] {logging_mixin.py:151} INFO - [2026-01-08T15:18:14.935+0000] {dagbag.py:539} INFO - Filling up the DagBag from /opt/airflow/dags/ingest_local_folder_dag.py
[2026-01-08T15:18:15.116+0000] {processor.py:839} INFO - DAG(s) dict_keys(['ingestionDAG']) retrieved from /opt/airflow/dags/ingest_local_folder_dag.py
[2026-01-08T15:18:15.145+0000] {logging_mixin.py:151} INFO - [2026-01-08T15:18:15.145+0000] {dag.py:2915} INFO - Sync 1 DAGs
[2026-01-08T15:18:15.297+0000] {logging_mixin.py:151} INFO - [2026-01-08T15:18:15.297+0000] {dag.py:3696} INFO - Setting next_dagrun for ingestionDAG to 2026-01-08T15:17:45.296979+00:00, run_after=2026-01-08T15:18:15.296979+00:00
[2026-01-08T15:18:15.862+0000] {processor.py:179} INFO - Processing /opt/airflow/dags/ingest_local_folder_dag.py took 0.939 seconds
[2026-01-08T15:18:45.908+0000] {processor.py:157} INFO - Started process (PID=238) to work on /opt/airflow/dags/ingest_local_folder_dag.py
[2026-01-08T15:18:45.909+0000] {processor.py:829} INFO - Processing file /opt/airflow/dags/ingest_local_folder_dag.py for tasks to queue
[2026-01-08T15:18:45.910+0000] {logging_mixin.py:151} INFO - [2026-01-08T15:18:45.909+0000] {dagbag.py:539} INFO - Filling up the DagBag from /opt/airflow/dags/ingest_local_folder_dag.py
[2026-01-08T15:18:46.091+0000] {processor.py:839} INFO - DAG(s) dict_keys(['ingestionDAG']) retrieved from /opt/airflow/dags/ingest_local_folder_dag.py
[2026-01-08T15:18:46.255+0000] {logging_mixin.py:151} INFO - [2026-01-08T15:18:46.255+0000] {dag.py:2915} INFO - Sync 1 DAGs
[2026-01-08T15:18:46.277+0000] {logging_mixin.py:151} INFO - [2026-01-08T15:18:46.277+0000] {dag.py:3696} INFO - Setting next_dagrun for ingestionDAG to 2026-01-08T15:18:16.277348+00:00, run_after=2026-01-08T15:18:46.277348+00:00
[2026-01-08T15:18:46.346+0000] {processor.py:179} INFO - Processing /opt/airflow/dags/ingest_local_folder_dag.py took 0.442 seconds
[2026-01-08T15:19:16.580+0000] {processor.py:157} INFO - Started process (PID=252) to work on /opt/airflow/dags/ingest_local_folder_dag.py
[2026-01-08T15:19:16.582+0000] {processor.py:829} INFO - Processing file /opt/airflow/dags/ingest_local_folder_dag.py for tasks to queue
[2026-01-08T15:19:16.584+0000] {logging_mixin.py:151} INFO - [2026-01-08T15:19:16.583+0000] {dagbag.py:539} INFO - Filling up the DagBag from /opt/airflow/dags/ingest_local_folder_dag.py
[2026-01-08T15:19:16.791+0000] {processor.py:839} INFO - DAG(s) dict_keys(['ingestionDAG']) retrieved from /opt/airflow/dags/ingest_local_folder_dag.py
[2026-01-08T15:19:16.952+0000] {logging_mixin.py:151} INFO - [2026-01-08T15:19:16.952+0000] {dag.py:2915} INFO - Sync 1 DAGs
[2026-01-08T15:19:16.971+0000] {logging_mixin.py:151} INFO - [2026-01-08T15:19:16.971+0000] {dag.py:3696} INFO - Setting next_dagrun for ingestionDAG to 2026-01-08T15:18:46.971374+00:00, run_after=2026-01-08T15:19:16.971374+00:00
[2026-01-08T15:19:17.093+0000] {processor.py:179} INFO - Processing /opt/airflow/dags/ingest_local_folder_dag.py took 0.524 seconds
[2026-01-08T15:19:47.287+0000] {processor.py:157} INFO - Started process (PID=265) to work on /opt/airflow/dags/ingest_local_folder_dag.py
[2026-01-08T15:19:47.295+0000] {processor.py:829} INFO - Processing file /opt/airflow/dags/ingest_local_folder_dag.py for tasks to queue
[2026-01-08T15:19:47.296+0000] {logging_mixin.py:151} INFO - [2026-01-08T15:19:47.296+0000] {dagbag.py:539} INFO - Filling up the DagBag from /opt/airflow/dags/ingest_local_folder_dag.py
[2026-01-08T15:19:47.614+0000] {processor.py:839} INFO - DAG(s) dict_keys(['ingestionDAG']) retrieved from /opt/airflow/dags/ingest_local_folder_dag.py
[2026-01-08T15:19:47.644+0000] {logging_mixin.py:151} INFO - [2026-01-08T15:19:47.644+0000] {dag.py:2915} INFO - Sync 1 DAGs
[2026-01-08T15:19:47.662+0000] {logging_mixin.py:151} INFO - [2026-01-08T15:19:47.662+0000] {dag.py:3696} INFO - Setting next_dagrun for ingestionDAG to 2026-01-08T15:19:17.662531+00:00, run_after=2026-01-08T15:19:47.662531+00:00
[2026-01-08T15:19:47.766+0000] {processor.py:179} INFO - Processing /opt/airflow/dags/ingest_local_folder_dag.py took 0.490 seconds
[2026-01-08T15:20:17.973+0000] {processor.py:157} INFO - Started process (PID=278) to work on /opt/airflow/dags/ingest_local_folder_dag.py
[2026-01-08T15:20:17.974+0000] {processor.py:829} INFO - Processing file /opt/airflow/dags/ingest_local_folder_dag.py for tasks to queue
[2026-01-08T15:20:17.975+0000] {logging_mixin.py:151} INFO - [2026-01-08T15:20:17.974+0000] {dagbag.py:539} INFO - Filling up the DagBag from /opt/airflow/dags/ingest_local_folder_dag.py
[2026-01-08T15:20:18.313+0000] {processor.py:839} INFO - DAG(s) dict_keys(['ingestionDAG']) retrieved from /opt/airflow/dags/ingest_local_folder_dag.py
[2026-01-08T15:20:18.727+0000] {logging_mixin.py:151} INFO - [2026-01-08T15:20:18.726+0000] {dag.py:2915} INFO - Sync 1 DAGs
[2026-01-08T15:20:18.748+0000] {logging_mixin.py:151} INFO - [2026-01-08T15:20:18.748+0000] {dag.py:3696} INFO - Setting next_dagrun for ingestionDAG to 2026-01-08T15:19:48.747966+00:00, run_after=2026-01-08T15:20:18.747966+00:00
[2026-01-08T15:20:18.824+0000] {processor.py:179} INFO - Processing /opt/airflow/dags/ingest_local_folder_dag.py took 0.858 seconds
[2026-01-08T15:20:49.010+0000] {processor.py:157} INFO - Started process (PID=291) to work on /opt/airflow/dags/ingest_local_folder_dag.py
[2026-01-08T15:20:49.012+0000] {processor.py:829} INFO - Processing file /opt/airflow/dags/ingest_local_folder_dag.py for tasks to queue
[2026-01-08T15:20:49.013+0000] {logging_mixin.py:151} INFO - [2026-01-08T15:20:49.012+0000] {dagbag.py:539} INFO - Filling up the DagBag from /opt/airflow/dags/ingest_local_folder_dag.py
[2026-01-08T15:20:49.354+0000] {processor.py:839} INFO - DAG(s) dict_keys(['ingestionDAG']) retrieved from /opt/airflow/dags/ingest_local_folder_dag.py
[2026-01-08T15:20:49.381+0000] {logging_mixin.py:151} INFO - [2026-01-08T15:20:49.381+0000] {dag.py:2915} INFO - Sync 1 DAGs
[2026-01-08T15:20:49.403+0000] {logging_mixin.py:151} INFO - [2026-01-08T15:20:49.403+0000] {dag.py:3696} INFO - Setting next_dagrun for ingestionDAG to 2026-01-08T15:20:19.403027+00:00, run_after=2026-01-08T15:20:49.403027+00:00
[2026-01-08T15:20:49.470+0000] {processor.py:179} INFO - Processing /opt/airflow/dags/ingest_local_folder_dag.py took 0.463 seconds
[2026-01-08T15:21:19.694+0000] {processor.py:157} INFO - Started process (PID=314) to work on /opt/airflow/dags/ingest_local_folder_dag.py
[2026-01-08T15:21:19.737+0000] {processor.py:829} INFO - Processing file /opt/airflow/dags/ingest_local_folder_dag.py for tasks to queue
[2026-01-08T15:21:19.739+0000] {logging_mixin.py:151} INFO - [2026-01-08T15:21:19.738+0000] {dagbag.py:539} INFO - Filling up the DagBag from /opt/airflow/dags/ingest_local_folder_dag.py
[2026-01-08T15:21:20.107+0000] {processor.py:839} INFO - DAG(s) dict_keys(['ingestionDAG']) retrieved from /opt/airflow/dags/ingest_local_folder_dag.py
[2026-01-08T15:21:20.134+0000] {logging_mixin.py:151} INFO - [2026-01-08T15:21:20.134+0000] {dag.py:2915} INFO - Sync 1 DAGs
[2026-01-08T15:21:20.156+0000] {logging_mixin.py:151} INFO - [2026-01-08T15:21:20.156+0000] {dag.py:3696} INFO - Setting next_dagrun for ingestionDAG to 2026-01-08T15:20:50.156158+00:00, run_after=2026-01-08T15:21:20.156158+00:00
[2026-01-08T15:21:20.229+0000] {processor.py:179} INFO - Processing /opt/airflow/dags/ingest_local_folder_dag.py took 0.545 seconds
[2026-01-08T15:21:50.917+0000] {processor.py:157} INFO - Started process (PID=332) to work on /opt/airflow/dags/ingest_local_folder_dag.py
[2026-01-08T15:21:50.927+0000] {processor.py:829} INFO - Processing file /opt/airflow/dags/ingest_local_folder_dag.py for tasks to queue
[2026-01-08T15:21:50.928+0000] {logging_mixin.py:151} INFO - [2026-01-08T15:21:50.928+0000] {dagbag.py:539} INFO - Filling up the DagBag from /opt/airflow/dags/ingest_local_folder_dag.py
[2026-01-08T15:21:51.114+0000] {processor.py:839} INFO - DAG(s) dict_keys(['ingestionDAG']) retrieved from /opt/airflow/dags/ingest_local_folder_dag.py
[2026-01-08T15:21:51.277+0000] {logging_mixin.py:151} INFO - [2026-01-08T15:21:51.277+0000] {dag.py:2915} INFO - Sync 1 DAGs
[2026-01-08T15:21:51.301+0000] {logging_mixin.py:151} INFO - [2026-01-08T15:21:51.301+0000] {dag.py:3696} INFO - Setting next_dagrun for ingestionDAG to 2026-01-08T15:21:21.301273+00:00, run_after=2026-01-08T15:21:51.301273+00:00
[2026-01-08T15:21:51.420+0000] {processor.py:179} INFO - Processing /opt/airflow/dags/ingest_local_folder_dag.py took 0.507 seconds
[2026-01-08T15:22:21.557+0000] {processor.py:157} INFO - Started process (PID=345) to work on /opt/airflow/dags/ingest_local_folder_dag.py
[2026-01-08T15:22:21.564+0000] {processor.py:829} INFO - Processing file /opt/airflow/dags/ingest_local_folder_dag.py for tasks to queue
[2026-01-08T15:22:21.566+0000] {logging_mixin.py:151} INFO - [2026-01-08T15:22:21.565+0000] {dagbag.py:539} INFO - Filling up the DagBag from /opt/airflow/dags/ingest_local_folder_dag.py
[2026-01-08T15:22:21.797+0000] {processor.py:839} INFO - DAG(s) dict_keys(['ingestionDAG']) retrieved from /opt/airflow/dags/ingest_local_folder_dag.py
[2026-01-08T15:22:21.954+0000] {logging_mixin.py:151} INFO - [2026-01-08T15:22:21.954+0000] {dag.py:2915} INFO - Sync 1 DAGs
[2026-01-08T15:22:21.974+0000] {logging_mixin.py:151} INFO - [2026-01-08T15:22:21.974+0000] {dag.py:3696} INFO - Setting next_dagrun for ingestionDAG to 2026-01-08T15:21:51.973838+00:00, run_after=2026-01-08T15:22:21.973838+00:00
[2026-01-08T15:22:22.084+0000] {processor.py:179} INFO - Processing /opt/airflow/dags/ingest_local_folder_dag.py took 0.539 seconds
[2026-01-08T15:22:52.283+0000] {processor.py:157} INFO - Started process (PID=358) to work on /opt/airflow/dags/ingest_local_folder_dag.py
[2026-01-08T15:22:52.307+0000] {processor.py:829} INFO - Processing file /opt/airflow/dags/ingest_local_folder_dag.py for tasks to queue
[2026-01-08T15:22:52.310+0000] {logging_mixin.py:151} INFO - [2026-01-08T15:22:52.309+0000] {dagbag.py:539} INFO - Filling up the DagBag from /opt/airflow/dags/ingest_local_folder_dag.py
[2026-01-08T15:22:53.570+0000] {processor.py:839} INFO - DAG(s) dict_keys(['ingestionDAG']) retrieved from /opt/airflow/dags/ingest_local_folder_dag.py
[2026-01-08T15:22:53.600+0000] {logging_mixin.py:151} INFO - [2026-01-08T15:22:53.600+0000] {dag.py:2915} INFO - Sync 1 DAGs
[2026-01-08T15:22:53.618+0000] {logging_mixin.py:151} INFO - [2026-01-08T15:22:53.618+0000] {dag.py:3696} INFO - Setting next_dagrun for ingestionDAG to 2026-01-08T15:22:23.618625+00:00, run_after=2026-01-08T15:22:53.618625+00:00
[2026-01-08T15:22:53.678+0000] {processor.py:179} INFO - Processing /opt/airflow/dags/ingest_local_folder_dag.py took 1.399 seconds
[2026-01-08T15:23:23.858+0000] {processor.py:157} INFO - Started process (PID=371) to work on /opt/airflow/dags/ingest_local_folder_dag.py
[2026-01-08T15:23:23.866+0000] {processor.py:829} INFO - Processing file /opt/airflow/dags/ingest_local_folder_dag.py for tasks to queue
[2026-01-08T15:23:23.867+0000] {logging_mixin.py:151} INFO - [2026-01-08T15:23:23.867+0000] {dagbag.py:539} INFO - Filling up the DagBag from /opt/airflow/dags/ingest_local_folder_dag.py
[2026-01-08T15:23:24.185+0000] {processor.py:839} INFO - DAG(s) dict_keys(['ingestionDAG']) retrieved from /opt/airflow/dags/ingest_local_folder_dag.py
[2026-01-08T15:23:24.212+0000] {logging_mixin.py:151} INFO - [2026-01-08T15:23:24.212+0000] {dag.py:2915} INFO - Sync 1 DAGs
[2026-01-08T15:23:24.230+0000] {logging_mixin.py:151} INFO - [2026-01-08T15:23:24.230+0000] {dag.py:3696} INFO - Setting next_dagrun for ingestionDAG to 2026-01-08T15:22:54.230346+00:00, run_after=2026-01-08T15:23:24.230346+00:00
[2026-01-08T15:23:24.297+0000] {processor.py:179} INFO - Processing /opt/airflow/dags/ingest_local_folder_dag.py took 0.442 seconds
[2026-01-08T15:23:54.499+0000] {processor.py:157} INFO - Started process (PID=384) to work on /opt/airflow/dags/ingest_local_folder_dag.py
[2026-01-08T15:23:54.500+0000] {processor.py:829} INFO - Processing file /opt/airflow/dags/ingest_local_folder_dag.py for tasks to queue
[2026-01-08T15:23:54.501+0000] {logging_mixin.py:151} INFO - [2026-01-08T15:23:54.500+0000] {dagbag.py:539} INFO - Filling up the DagBag from /opt/airflow/dags/ingest_local_folder_dag.py
[2026-01-08T15:23:54.851+0000] {processor.py:839} INFO - DAG(s) dict_keys(['ingestionDAG']) retrieved from /opt/airflow/dags/ingest_local_folder_dag.py
[2026-01-08T15:23:54.880+0000] {logging_mixin.py:151} INFO - [2026-01-08T15:23:54.880+0000] {dag.py:2915} INFO - Sync 1 DAGs
[2026-01-08T15:23:54.903+0000] {logging_mixin.py:151} INFO - [2026-01-08T15:23:54.902+0000] {dag.py:3696} INFO - Setting next_dagrun for ingestionDAG to 2026-01-08T15:23:24.902714+00:00, run_after=2026-01-08T15:23:54.902714+00:00
[2026-01-08T15:23:55.587+0000] {processor.py:179} INFO - Processing /opt/airflow/dags/ingest_local_folder_dag.py took 1.092 seconds
[2026-01-08T15:24:25.767+0000] {processor.py:157} INFO - Started process (PID=397) to work on /opt/airflow/dags/ingest_local_folder_dag.py
[2026-01-08T15:24:26.150+0000] {processor.py:829} INFO - Processing file /opt/airflow/dags/ingest_local_folder_dag.py for tasks to queue
[2026-01-08T15:24:26.152+0000] {logging_mixin.py:151} INFO - [2026-01-08T15:24:26.151+0000] {dagbag.py:539} INFO - Filling up the DagBag from /opt/airflow/dags/ingest_local_folder_dag.py
[2026-01-08T15:24:26.552+0000] {processor.py:839} INFO - DAG(s) dict_keys(['ingestionDAG']) retrieved from /opt/airflow/dags/ingest_local_folder_dag.py
[2026-01-08T15:24:26.580+0000] {logging_mixin.py:151} INFO - [2026-01-08T15:24:26.580+0000] {dag.py:2915} INFO - Sync 1 DAGs
[2026-01-08T15:24:26.608+0000] {logging_mixin.py:151} INFO - [2026-01-08T15:24:26.608+0000] {dag.py:3696} INFO - Setting next_dagrun for ingestionDAG to 2026-01-08T15:23:56.608004+00:00, run_after=2026-01-08T15:24:26.608004+00:00
[2026-01-08T15:24:26.669+0000] {processor.py:179} INFO - Processing /opt/airflow/dags/ingest_local_folder_dag.py took 0.906 seconds
[2026-01-08T15:25:31.466+0000] {processor.py:157} INFO - Started process (PID=166) to work on /opt/airflow/dags/ingest_local_folder_dag.py
[2026-01-08T15:25:31.467+0000] {processor.py:829} INFO - Processing file /opt/airflow/dags/ingest_local_folder_dag.py for tasks to queue
[2026-01-08T15:25:31.468+0000] {logging_mixin.py:151} INFO - [2026-01-08T15:25:31.468+0000] {dagbag.py:539} INFO - Filling up the DagBag from /opt/airflow/dags/ingest_local_folder_dag.py
[2026-01-08T15:25:31.663+0000] {processor.py:839} INFO - DAG(s) dict_keys(['ingestionDAG']) retrieved from /opt/airflow/dags/ingest_local_folder_dag.py
[2026-01-08T15:25:31.967+0000] {logging_mixin.py:151} INFO - [2026-01-08T15:25:31.966+0000] {dag.py:2915} INFO - Sync 1 DAGs
[2026-01-08T15:25:31.993+0000] {logging_mixin.py:151} INFO - [2026-01-08T15:25:31.993+0000] {dag.py:3696} INFO - Setting next_dagrun for ingestionDAG to 2026-01-08T15:25:01.992705+00:00, run_after=2026-01-08T15:25:31.992705+00:00
[2026-01-08T15:25:32.146+0000] {processor.py:179} INFO - Processing /opt/airflow/dags/ingest_local_folder_dag.py took 0.684 seconds
[2026-01-08T15:26:02.297+0000] {processor.py:157} INFO - Started process (PID=191) to work on /opt/airflow/dags/ingest_local_folder_dag.py
[2026-01-08T15:26:02.298+0000] {processor.py:829} INFO - Processing file /opt/airflow/dags/ingest_local_folder_dag.py for tasks to queue
[2026-01-08T15:26:02.299+0000] {logging_mixin.py:151} INFO - [2026-01-08T15:26:02.298+0000] {dagbag.py:539} INFO - Filling up the DagBag from /opt/airflow/dags/ingest_local_folder_dag.py
[2026-01-08T15:26:02.482+0000] {processor.py:839} INFO - DAG(s) dict_keys(['ingestionDAG']) retrieved from /opt/airflow/dags/ingest_local_folder_dag.py
[2026-01-08T15:26:02.499+0000] {logging_mixin.py:151} INFO - [2026-01-08T15:26:02.499+0000] {dag.py:2915} INFO - Sync 1 DAGs
[2026-01-08T15:26:02.522+0000] {logging_mixin.py:151} INFO - [2026-01-08T15:26:02.522+0000] {dag.py:3696} INFO - Setting next_dagrun for ingestionDAG to 2026-01-08T15:25:32.521940+00:00, run_after=2026-01-08T15:26:02.521940+00:00
[2026-01-08T15:26:02.566+0000] {processor.py:179} INFO - Processing /opt/airflow/dags/ingest_local_folder_dag.py took 0.272 seconds
[2026-01-08T15:26:32.710+0000] {processor.py:157} INFO - Started process (PID=211) to work on /opt/airflow/dags/ingest_local_folder_dag.py
[2026-01-08T15:26:32.721+0000] {processor.py:829} INFO - Processing file /opt/airflow/dags/ingest_local_folder_dag.py for tasks to queue
[2026-01-08T15:26:32.722+0000] {logging_mixin.py:151} INFO - [2026-01-08T15:26:32.722+0000] {dagbag.py:539} INFO - Filling up the DagBag from /opt/airflow/dags/ingest_local_folder_dag.py
[2026-01-08T15:26:32.923+0000] {processor.py:839} INFO - DAG(s) dict_keys(['ingestionDAG']) retrieved from /opt/airflow/dags/ingest_local_folder_dag.py
[2026-01-08T15:26:32.956+0000] {logging_mixin.py:151} INFO - [2026-01-08T15:26:32.956+0000] {dag.py:2915} INFO - Sync 1 DAGs
[2026-01-08T15:26:32.979+0000] {logging_mixin.py:151} INFO - [2026-01-08T15:26:32.979+0000] {dag.py:3696} INFO - Setting next_dagrun for ingestionDAG to 2026-01-08T15:26:02.978782+00:00, run_after=2026-01-08T15:26:32.978782+00:00
[2026-01-08T15:26:33.168+0000] {processor.py:179} INFO - Processing /opt/airflow/dags/ingest_local_folder_dag.py took 0.462 seconds
[2026-01-08T15:27:03.290+0000] {processor.py:157} INFO - Started process (PID=225) to work on /opt/airflow/dags/ingest_local_folder_dag.py
[2026-01-08T15:27:03.291+0000] {processor.py:829} INFO - Processing file /opt/airflow/dags/ingest_local_folder_dag.py for tasks to queue
[2026-01-08T15:27:03.292+0000] {logging_mixin.py:151} INFO - [2026-01-08T15:27:03.292+0000] {dagbag.py:539} INFO - Filling up the DagBag from /opt/airflow/dags/ingest_local_folder_dag.py
[2026-01-08T15:27:03.501+0000] {processor.py:839} INFO - DAG(s) dict_keys(['ingestionDAG']) retrieved from /opt/airflow/dags/ingest_local_folder_dag.py
[2026-01-08T15:27:03.540+0000] {logging_mixin.py:151} INFO - [2026-01-08T15:27:03.540+0000] {dag.py:2915} INFO - Sync 1 DAGs
[2026-01-08T15:27:03.713+0000] {logging_mixin.py:151} INFO - [2026-01-08T15:27:03.712+0000] {dag.py:3696} INFO - Setting next_dagrun for ingestionDAG to 2026-01-08T15:26:33.712689+00:00, run_after=2026-01-08T15:27:03.712689+00:00
[2026-01-08T15:27:03.932+0000] {processor.py:179} INFO - Processing /opt/airflow/dags/ingest_local_folder_dag.py took 0.647 seconds
[2026-01-08T15:27:34.139+0000] {processor.py:157} INFO - Started process (PID=238) to work on /opt/airflow/dags/ingest_local_folder_dag.py
[2026-01-08T15:27:34.147+0000] {processor.py:829} INFO - Processing file /opt/airflow/dags/ingest_local_folder_dag.py for tasks to queue
[2026-01-08T15:27:34.149+0000] {logging_mixin.py:151} INFO - [2026-01-08T15:27:34.148+0000] {dagbag.py:539} INFO - Filling up the DagBag from /opt/airflow/dags/ingest_local_folder_dag.py
[2026-01-08T15:27:34.343+0000] {processor.py:839} INFO - DAG(s) dict_keys(['ingestionDAG']) retrieved from /opt/airflow/dags/ingest_local_folder_dag.py
[2026-01-08T15:27:34.501+0000] {logging_mixin.py:151} INFO - [2026-01-08T15:27:34.500+0000] {dag.py:2915} INFO - Sync 1 DAGs
[2026-01-08T15:27:34.520+0000] {logging_mixin.py:151} INFO - [2026-01-08T15:27:34.519+0000] {dag.py:3696} INFO - Setting next_dagrun for ingestionDAG to 2026-01-08T15:27:04.519725+00:00, run_after=2026-01-08T15:27:34.519725+00:00
[2026-01-08T15:27:34.721+0000] {processor.py:179} INFO - Processing /opt/airflow/dags/ingest_local_folder_dag.py took 0.586 seconds
[2026-01-08T15:28:05.347+0000] {processor.py:157} INFO - Started process (PID=255) to work on /opt/airflow/dags/ingest_local_folder_dag.py
[2026-01-08T15:28:05.349+0000] {processor.py:829} INFO - Processing file /opt/airflow/dags/ingest_local_folder_dag.py for tasks to queue
[2026-01-08T15:28:05.352+0000] {logging_mixin.py:151} INFO - [2026-01-08T15:28:05.351+0000] {dagbag.py:539} INFO - Filling up the DagBag from /opt/airflow/dags/ingest_local_folder_dag.py
[2026-01-08T15:28:05.571+0000] {processor.py:839} INFO - DAG(s) dict_keys(['ingestionDAG']) retrieved from /opt/airflow/dags/ingest_local_folder_dag.py
[2026-01-08T15:28:05.742+0000] {logging_mixin.py:151} INFO - [2026-01-08T15:28:05.742+0000] {dag.py:2915} INFO - Sync 1 DAGs
[2026-01-08T15:28:05.762+0000] {logging_mixin.py:151} INFO - [2026-01-08T15:28:05.762+0000] {dag.py:3696} INFO - Setting next_dagrun for ingestionDAG to 2026-01-08T15:27:35.761881+00:00, run_after=2026-01-08T15:28:05.761881+00:00
[2026-01-08T15:28:06.662+0000] {processor.py:179} INFO - Processing /opt/airflow/dags/ingest_local_folder_dag.py took 1.327 seconds
[2026-01-08T15:28:36.871+0000] {processor.py:157} INFO - Started process (PID=271) to work on /opt/airflow/dags/ingest_local_folder_dag.py
[2026-01-08T15:28:37.048+0000] {processor.py:829} INFO - Processing file /opt/airflow/dags/ingest_local_folder_dag.py for tasks to queue
[2026-01-08T15:28:37.051+0000] {logging_mixin.py:151} INFO - [2026-01-08T15:28:37.049+0000] {dagbag.py:539} INFO - Filling up the DagBag from /opt/airflow/dags/ingest_local_folder_dag.py
[2026-01-08T15:28:37.382+0000] {processor.py:839} INFO - DAG(s) dict_keys(['ingestionDAG']) retrieved from /opt/airflow/dags/ingest_local_folder_dag.py
[2026-01-08T15:28:37.410+0000] {logging_mixin.py:151} INFO - [2026-01-08T15:28:37.409+0000] {dag.py:2915} INFO - Sync 1 DAGs
[2026-01-08T15:28:37.428+0000] {logging_mixin.py:151} INFO - [2026-01-08T15:28:37.427+0000] {dag.py:3696} INFO - Setting next_dagrun for ingestionDAG to 2026-01-08T15:28:07.427780+00:00, run_after=2026-01-08T15:28:37.427780+00:00
[2026-01-08T15:28:37.494+0000] {processor.py:179} INFO - Processing /opt/airflow/dags/ingest_local_folder_dag.py took 0.630 seconds
[2026-01-08T15:29:08.161+0000] {processor.py:157} INFO - Started process (PID=284) to work on /opt/airflow/dags/ingest_local_folder_dag.py
[2026-01-08T15:29:08.163+0000] {processor.py:829} INFO - Processing file /opt/airflow/dags/ingest_local_folder_dag.py for tasks to queue
[2026-01-08T15:29:08.165+0000] {logging_mixin.py:151} INFO - [2026-01-08T15:29:08.164+0000] {dagbag.py:539} INFO - Filling up the DagBag from /opt/airflow/dags/ingest_local_folder_dag.py
[2026-01-08T15:29:08.494+0000] {processor.py:839} INFO - DAG(s) dict_keys(['ingestionDAG']) retrieved from /opt/airflow/dags/ingest_local_folder_dag.py
[2026-01-08T15:29:08.522+0000] {logging_mixin.py:151} INFO - [2026-01-08T15:29:08.522+0000] {dag.py:2915} INFO - Sync 1 DAGs
[2026-01-08T15:29:08.540+0000] {logging_mixin.py:151} INFO - [2026-01-08T15:29:08.540+0000] {dag.py:3696} INFO - Setting next_dagrun for ingestionDAG to 2026-01-08T15:28:38.539903+00:00, run_after=2026-01-08T15:29:08.539903+00:00
[2026-01-08T15:29:08.605+0000] {processor.py:179} INFO - Processing /opt/airflow/dags/ingest_local_folder_dag.py took 0.454 seconds
[2026-01-08T15:29:38.797+0000] {processor.py:157} INFO - Started process (PID=297) to work on /opt/airflow/dags/ingest_local_folder_dag.py
[2026-01-08T15:29:38.825+0000] {processor.py:829} INFO - Processing file /opt/airflow/dags/ingest_local_folder_dag.py for tasks to queue
[2026-01-08T15:29:38.827+0000] {logging_mixin.py:151} INFO - [2026-01-08T15:29:38.826+0000] {dagbag.py:539} INFO - Filling up the DagBag from /opt/airflow/dags/ingest_local_folder_dag.py
[2026-01-08T15:29:39.144+0000] {processor.py:839} INFO - DAG(s) dict_keys(['ingestionDAG']) retrieved from /opt/airflow/dags/ingest_local_folder_dag.py
[2026-01-08T15:29:39.171+0000] {logging_mixin.py:151} INFO - [2026-01-08T15:29:39.171+0000] {dag.py:2915} INFO - Sync 1 DAGs
[2026-01-08T15:29:39.191+0000] {logging_mixin.py:151} INFO - [2026-01-08T15:29:39.190+0000] {dag.py:3696} INFO - Setting next_dagrun for ingestionDAG to 2026-01-08T15:29:09.190691+00:00, run_after=2026-01-08T15:29:39.190691+00:00
[2026-01-08T15:29:39.256+0000] {processor.py:179} INFO - Processing /opt/airflow/dags/ingest_local_folder_dag.py took 0.470 seconds
[2026-01-08T15:30:09.506+0000] {processor.py:157} INFO - Started process (PID=310) to work on /opt/airflow/dags/ingest_local_folder_dag.py
[2026-01-08T15:30:09.507+0000] {processor.py:829} INFO - Processing file /opt/airflow/dags/ingest_local_folder_dag.py for tasks to queue
[2026-01-08T15:30:09.509+0000] {logging_mixin.py:151} INFO - [2026-01-08T15:30:09.508+0000] {dagbag.py:539} INFO - Filling up the DagBag from /opt/airflow/dags/ingest_local_folder_dag.py
[2026-01-08T15:30:09.826+0000] {processor.py:839} INFO - DAG(s) dict_keys(['ingestionDAG']) retrieved from /opt/airflow/dags/ingest_local_folder_dag.py
[2026-01-08T15:30:09.852+0000] {logging_mixin.py:151} INFO - [2026-01-08T15:30:09.852+0000] {dag.py:2915} INFO - Sync 1 DAGs
[2026-01-08T15:30:09.871+0000] {logging_mixin.py:151} INFO - [2026-01-08T15:30:09.871+0000] {dag.py:3696} INFO - Setting next_dagrun for ingestionDAG to 2026-01-08T15:29:39.871348+00:00, run_after=2026-01-08T15:30:09.871348+00:00
[2026-01-08T15:30:09.925+0000] {processor.py:179} INFO - Processing /opt/airflow/dags/ingest_local_folder_dag.py took 0.425 seconds
[2026-01-08T15:30:40.122+0000] {processor.py:157} INFO - Started process (PID=323) to work on /opt/airflow/dags/ingest_local_folder_dag.py
[2026-01-08T15:30:40.158+0000] {processor.py:829} INFO - Processing file /opt/airflow/dags/ingest_local_folder_dag.py for tasks to queue
[2026-01-08T15:30:40.161+0000] {logging_mixin.py:151} INFO - [2026-01-08T15:30:40.159+0000] {dagbag.py:539} INFO - Filling up the DagBag from /opt/airflow/dags/ingest_local_folder_dag.py
[2026-01-08T15:30:40.364+0000] {processor.py:839} INFO - DAG(s) dict_keys(['ingestionDAG']) retrieved from /opt/airflow/dags/ingest_local_folder_dag.py
[2026-01-08T15:30:40.533+0000] {logging_mixin.py:151} INFO - [2026-01-08T15:30:40.533+0000] {dag.py:2915} INFO - Sync 1 DAGs
[2026-01-08T15:30:40.553+0000] {logging_mixin.py:151} INFO - [2026-01-08T15:30:40.553+0000] {dag.py:3696} INFO - Setting next_dagrun for ingestionDAG to 2026-01-08T15:30:10.553082+00:00, run_after=2026-01-08T15:30:40.553082+00:00
[2026-01-08T15:30:40.668+0000] {processor.py:179} INFO - Processing /opt/airflow/dags/ingest_local_folder_dag.py took 0.551 seconds
[2026-01-08T15:31:10.839+0000] {processor.py:157} INFO - Started process (PID=336) to work on /opt/airflow/dags/ingest_local_folder_dag.py
[2026-01-08T15:31:10.844+0000] {processor.py:829} INFO - Processing file /opt/airflow/dags/ingest_local_folder_dag.py for tasks to queue
[2026-01-08T15:31:10.847+0000] {logging_mixin.py:151} INFO - [2026-01-08T15:31:10.846+0000] {dagbag.py:539} INFO - Filling up the DagBag from /opt/airflow/dags/ingest_local_folder_dag.py
[2026-01-08T15:31:11.181+0000] {processor.py:839} INFO - DAG(s) dict_keys(['ingestionDAG']) retrieved from /opt/airflow/dags/ingest_local_folder_dag.py
[2026-01-08T15:31:11.211+0000] {logging_mixin.py:151} INFO - [2026-01-08T15:31:11.211+0000] {dag.py:2915} INFO - Sync 1 DAGs
[2026-01-08T15:31:11.230+0000] {logging_mixin.py:151} INFO - [2026-01-08T15:31:11.230+0000] {dag.py:3696} INFO - Setting next_dagrun for ingestionDAG to 2026-01-08T15:30:41.230390+00:00, run_after=2026-01-08T15:31:11.230390+00:00
[2026-01-08T15:31:11.294+0000] {processor.py:179} INFO - Processing /opt/airflow/dags/ingest_local_folder_dag.py took 0.459 seconds
[2026-01-08T15:31:42.024+0000] {processor.py:157} INFO - Started process (PID=349) to work on /opt/airflow/dags/ingest_local_folder_dag.py
[2026-01-08T15:31:42.066+0000] {processor.py:829} INFO - Processing file /opt/airflow/dags/ingest_local_folder_dag.py for tasks to queue
[2026-01-08T15:31:42.068+0000] {logging_mixin.py:151} INFO - [2026-01-08T15:31:42.067+0000] {dagbag.py:539} INFO - Filling up the DagBag from /opt/airflow/dags/ingest_local_folder_dag.py
[2026-01-08T15:31:42.446+0000] {processor.py:839} INFO - DAG(s) dict_keys(['ingestionDAG']) retrieved from /opt/airflow/dags/ingest_local_folder_dag.py
[2026-01-08T15:31:42.473+0000] {logging_mixin.py:151} INFO - [2026-01-08T15:31:42.473+0000] {dag.py:2915} INFO - Sync 1 DAGs
[2026-01-08T15:31:42.492+0000] {logging_mixin.py:151} INFO - [2026-01-08T15:31:42.492+0000] {dag.py:3696} INFO - Setting next_dagrun for ingestionDAG to 2026-01-08T15:31:12.491932+00:00, run_after=2026-01-08T15:31:42.491932+00:00
[2026-01-08T15:31:42.543+0000] {processor.py:179} INFO - Processing /opt/airflow/dags/ingest_local_folder_dag.py took 0.524 seconds
[2026-01-08T15:32:12.721+0000] {processor.py:157} INFO - Started process (PID=362) to work on /opt/airflow/dags/ingest_local_folder_dag.py
[2026-01-08T15:32:12.879+0000] {processor.py:829} INFO - Processing file /opt/airflow/dags/ingest_local_folder_dag.py for tasks to queue
[2026-01-08T15:32:12.881+0000] {logging_mixin.py:151} INFO - [2026-01-08T15:32:12.880+0000] {dagbag.py:539} INFO - Filling up the DagBag from /opt/airflow/dags/ingest_local_folder_dag.py
[2026-01-08T15:32:13.212+0000] {processor.py:839} INFO - DAG(s) dict_keys(['ingestionDAG']) retrieved from /opt/airflow/dags/ingest_local_folder_dag.py
[2026-01-08T15:32:13.238+0000] {logging_mixin.py:151} INFO - [2026-01-08T15:32:13.238+0000] {dag.py:2915} INFO - Sync 1 DAGs
[2026-01-08T15:32:13.257+0000] {logging_mixin.py:151} INFO - [2026-01-08T15:32:13.257+0000] {dag.py:3696} INFO - Setting next_dagrun for ingestionDAG to 2026-01-08T15:31:43.256985+00:00, run_after=2026-01-08T15:32:13.256985+00:00
[2026-01-08T15:32:13.270+0000] {processor.py:179} INFO - Processing /opt/airflow/dags/ingest_local_folder_dag.py took 0.555 seconds
[2026-01-08T15:32:43.430+0000] {processor.py:157} INFO - Started process (PID=375) to work on /opt/airflow/dags/ingest_local_folder_dag.py
[2026-01-08T15:32:43.458+0000] {processor.py:829} INFO - Processing file /opt/airflow/dags/ingest_local_folder_dag.py for tasks to queue
[2026-01-08T15:32:43.461+0000] {logging_mixin.py:151} INFO - [2026-01-08T15:32:43.459+0000] {dagbag.py:539} INFO - Filling up the DagBag from /opt/airflow/dags/ingest_local_folder_dag.py
[2026-01-08T15:32:43.793+0000] {processor.py:839} INFO - DAG(s) dict_keys(['ingestionDAG']) retrieved from /opt/airflow/dags/ingest_local_folder_dag.py
[2026-01-08T15:32:43.821+0000] {logging_mixin.py:151} INFO - [2026-01-08T15:32:43.820+0000] {dag.py:2915} INFO - Sync 1 DAGs
[2026-01-08T15:32:43.839+0000] {logging_mixin.py:151} INFO - [2026-01-08T15:32:43.839+0000] {dag.py:3696} INFO - Setting next_dagrun for ingestionDAG to 2026-01-08T15:32:13.838964+00:00, run_after=2026-01-08T15:32:43.838964+00:00
[2026-01-08T15:32:43.902+0000] {processor.py:179} INFO - Processing /opt/airflow/dags/ingest_local_folder_dag.py took 0.475 seconds
[2026-01-08T15:33:14.100+0000] {processor.py:157} INFO - Started process (PID=388) to work on /opt/airflow/dags/ingest_local_folder_dag.py
[2026-01-08T15:33:14.101+0000] {processor.py:829} INFO - Processing file /opt/airflow/dags/ingest_local_folder_dag.py for tasks to queue
[2026-01-08T15:33:14.103+0000] {logging_mixin.py:151} INFO - [2026-01-08T15:33:14.102+0000] {dagbag.py:539} INFO - Filling up the DagBag from /opt/airflow/dags/ingest_local_folder_dag.py
[2026-01-08T15:33:14.416+0000] {processor.py:839} INFO - DAG(s) dict_keys(['ingestionDAG']) retrieved from /opt/airflow/dags/ingest_local_folder_dag.py
[2026-01-08T15:33:14.444+0000] {logging_mixin.py:151} INFO - [2026-01-08T15:33:14.444+0000] {dag.py:2915} INFO - Sync 1 DAGs
[2026-01-08T15:33:14.462+0000] {logging_mixin.py:151} INFO - [2026-01-08T15:33:14.462+0000] {dag.py:3696} INFO - Setting next_dagrun for ingestionDAG to 2026-01-08T15:32:44.462090+00:00, run_after=2026-01-08T15:33:14.462090+00:00
[2026-01-08T15:33:14.519+0000] {processor.py:179} INFO - Processing /opt/airflow/dags/ingest_local_folder_dag.py took 0.427 seconds
[2026-01-08T15:33:45.268+0000] {processor.py:157} INFO - Started process (PID=401) to work on /opt/airflow/dags/ingest_local_folder_dag.py
[2026-01-08T15:33:45.276+0000] {processor.py:829} INFO - Processing file /opt/airflow/dags/ingest_local_folder_dag.py for tasks to queue
[2026-01-08T15:33:45.278+0000] {logging_mixin.py:151} INFO - [2026-01-08T15:33:45.277+0000] {dagbag.py:539} INFO - Filling up the DagBag from /opt/airflow/dags/ingest_local_folder_dag.py
[2026-01-08T15:33:45.601+0000] {processor.py:839} INFO - DAG(s) dict_keys(['ingestionDAG']) retrieved from /opt/airflow/dags/ingest_local_folder_dag.py
[2026-01-08T15:33:45.628+0000] {logging_mixin.py:151} INFO - [2026-01-08T15:33:45.628+0000] {dag.py:2915} INFO - Sync 1 DAGs
[2026-01-08T15:33:45.647+0000] {logging_mixin.py:151} INFO - [2026-01-08T15:33:45.647+0000] {dag.py:3696} INFO - Setting next_dagrun for ingestionDAG to 2026-01-08T15:33:15.647366+00:00, run_after=2026-01-08T15:33:45.647366+00:00
[2026-01-08T15:33:45.708+0000] {processor.py:179} INFO - Processing /opt/airflow/dags/ingest_local_folder_dag.py took 0.448 seconds
[2026-01-08T15:34:16.445+0000] {processor.py:157} INFO - Started process (PID=414) to work on /opt/airflow/dags/ingest_local_folder_dag.py
[2026-01-08T15:34:16.452+0000] {processor.py:829} INFO - Processing file /opt/airflow/dags/ingest_local_folder_dag.py for tasks to queue
[2026-01-08T15:34:16.454+0000] {logging_mixin.py:151} INFO - [2026-01-08T15:34:16.453+0000] {dagbag.py:539} INFO - Filling up the DagBag from /opt/airflow/dags/ingest_local_folder_dag.py
[2026-01-08T15:34:16.791+0000] {processor.py:839} INFO - DAG(s) dict_keys(['ingestionDAG']) retrieved from /opt/airflow/dags/ingest_local_folder_dag.py
[2026-01-08T15:34:16.819+0000] {logging_mixin.py:151} INFO - [2026-01-08T15:34:16.818+0000] {dag.py:2915} INFO - Sync 1 DAGs
[2026-01-08T15:34:16.839+0000] {logging_mixin.py:151} INFO - [2026-01-08T15:34:16.839+0000] {dag.py:3696} INFO - Setting next_dagrun for ingestionDAG to 2026-01-08T15:33:46.839076+00:00, run_after=2026-01-08T15:34:16.839076+00:00
[2026-01-08T15:34:17.084+0000] {processor.py:179} INFO - Processing /opt/airflow/dags/ingest_local_folder_dag.py took 0.642 seconds
[2026-01-08T15:34:47.660+0000] {processor.py:157} INFO - Started process (PID=427) to work on /opt/airflow/dags/ingest_local_folder_dag.py
[2026-01-08T15:34:47.670+0000] {processor.py:829} INFO - Processing file /opt/airflow/dags/ingest_local_folder_dag.py for tasks to queue
[2026-01-08T15:34:47.673+0000] {logging_mixin.py:151} INFO - [2026-01-08T15:34:47.672+0000] {dagbag.py:539} INFO - Filling up the DagBag from /opt/airflow/dags/ingest_local_folder_dag.py
[2026-01-08T15:34:48.017+0000] {processor.py:839} INFO - DAG(s) dict_keys(['ingestionDAG']) retrieved from /opt/airflow/dags/ingest_local_folder_dag.py
[2026-01-08T15:34:48.046+0000] {logging_mixin.py:151} INFO - [2026-01-08T15:34:48.046+0000] {dag.py:2915} INFO - Sync 1 DAGs
[2026-01-08T15:34:48.064+0000] {logging_mixin.py:151} INFO - [2026-01-08T15:34:48.064+0000] {dag.py:3696} INFO - Setting next_dagrun for ingestionDAG to 2026-01-08T15:34:18.064197+00:00, run_after=2026-01-08T15:34:48.064197+00:00
[2026-01-08T15:34:48.170+0000] {processor.py:179} INFO - Processing /opt/airflow/dags/ingest_local_folder_dag.py took 0.515 seconds
[2026-01-08T15:35:18.315+0000] {processor.py:157} INFO - Started process (PID=440) to work on /opt/airflow/dags/ingest_local_folder_dag.py
[2026-01-08T15:35:18.345+0000] {processor.py:829} INFO - Processing file /opt/airflow/dags/ingest_local_folder_dag.py for tasks to queue
[2026-01-08T15:35:18.347+0000] {logging_mixin.py:151} INFO - [2026-01-08T15:35:18.346+0000] {dagbag.py:539} INFO - Filling up the DagBag from /opt/airflow/dags/ingest_local_folder_dag.py
[2026-01-08T15:35:18.692+0000] {processor.py:839} INFO - DAG(s) dict_keys(['ingestionDAG']) retrieved from /opt/airflow/dags/ingest_local_folder_dag.py
[2026-01-08T15:35:18.724+0000] {logging_mixin.py:151} INFO - [2026-01-08T15:35:18.724+0000] {dag.py:2915} INFO - Sync 1 DAGs
[2026-01-08T15:35:18.744+0000] {logging_mixin.py:151} INFO - [2026-01-08T15:35:18.744+0000] {dag.py:3696} INFO - Setting next_dagrun for ingestionDAG to 2026-01-08T15:34:48.744453+00:00, run_after=2026-01-08T15:35:18.744453+00:00
[2026-01-08T15:35:19.191+0000] {processor.py:179} INFO - Processing /opt/airflow/dags/ingest_local_folder_dag.py took 0.882 seconds
[2026-01-08T15:35:49.373+0000] {processor.py:157} INFO - Started process (PID=453) to work on /opt/airflow/dags/ingest_local_folder_dag.py
[2026-01-08T15:35:49.376+0000] {processor.py:829} INFO - Processing file /opt/airflow/dags/ingest_local_folder_dag.py for tasks to queue
[2026-01-08T15:35:49.377+0000] {logging_mixin.py:151} INFO - [2026-01-08T15:35:49.376+0000] {dagbag.py:539} INFO - Filling up the DagBag from /opt/airflow/dags/ingest_local_folder_dag.py
[2026-01-08T15:35:49.684+0000] {processor.py:839} INFO - DAG(s) dict_keys(['ingestionDAG']) retrieved from /opt/airflow/dags/ingest_local_folder_dag.py
[2026-01-08T15:35:49.710+0000] {logging_mixin.py:151} INFO - [2026-01-08T15:35:49.710+0000] {dag.py:2915} INFO - Sync 1 DAGs
[2026-01-08T15:35:49.728+0000] {logging_mixin.py:151} INFO - [2026-01-08T15:35:49.728+0000] {dag.py:3696} INFO - Setting next_dagrun for ingestionDAG to 2026-01-08T15:35:19.728435+00:00, run_after=2026-01-08T15:35:49.728435+00:00
[2026-01-08T15:35:49.780+0000] {processor.py:179} INFO - Processing /opt/airflow/dags/ingest_local_folder_dag.py took 0.410 seconds
[2026-01-08T15:36:19.955+0000] {processor.py:157} INFO - Started process (PID=466) to work on /opt/airflow/dags/ingest_local_folder_dag.py
[2026-01-08T15:36:19.961+0000] {processor.py:829} INFO - Processing file /opt/airflow/dags/ingest_local_folder_dag.py for tasks to queue
[2026-01-08T15:36:19.964+0000] {logging_mixin.py:151} INFO - [2026-01-08T15:36:19.963+0000] {dagbag.py:539} INFO - Filling up the DagBag from /opt/airflow/dags/ingest_local_folder_dag.py
[2026-01-08T15:36:20.294+0000] {processor.py:839} INFO - DAG(s) dict_keys(['ingestionDAG']) retrieved from /opt/airflow/dags/ingest_local_folder_dag.py
[2026-01-08T15:36:20.320+0000] {logging_mixin.py:151} INFO - [2026-01-08T15:36:20.320+0000] {dag.py:2915} INFO - Sync 1 DAGs
[2026-01-08T15:36:20.339+0000] {logging_mixin.py:151} INFO - [2026-01-08T15:36:20.339+0000] {dag.py:3696} INFO - Setting next_dagrun for ingestionDAG to 2026-01-08T15:35:50.338940+00:00, run_after=2026-01-08T15:36:20.338940+00:00
[2026-01-08T15:36:20.488+0000] {processor.py:179} INFO - Processing /opt/airflow/dags/ingest_local_folder_dag.py took 0.539 seconds
[2026-01-08T15:36:50.695+0000] {processor.py:157} INFO - Started process (PID=479) to work on /opt/airflow/dags/ingest_local_folder_dag.py
[2026-01-08T15:36:50.703+0000] {processor.py:829} INFO - Processing file /opt/airflow/dags/ingest_local_folder_dag.py for tasks to queue
[2026-01-08T15:36:50.706+0000] {logging_mixin.py:151} INFO - [2026-01-08T15:36:50.704+0000] {dagbag.py:539} INFO - Filling up the DagBag from /opt/airflow/dags/ingest_local_folder_dag.py
[2026-01-08T15:36:51.025+0000] {processor.py:839} INFO - DAG(s) dict_keys(['ingestionDAG']) retrieved from /opt/airflow/dags/ingest_local_folder_dag.py
[2026-01-08T15:36:51.051+0000] {logging_mixin.py:151} INFO - [2026-01-08T15:36:51.051+0000] {dag.py:2915} INFO - Sync 1 DAGs
[2026-01-08T15:36:51.070+0000] {logging_mixin.py:151} INFO - [2026-01-08T15:36:51.070+0000] {dag.py:3696} INFO - Setting next_dagrun for ingestionDAG to 2026-01-08T15:36:21.069939+00:00, run_after=2026-01-08T15:36:51.069939+00:00
[2026-01-08T15:36:51.135+0000] {processor.py:179} INFO - Processing /opt/airflow/dags/ingest_local_folder_dag.py took 0.451 seconds
[2026-01-08T15:37:21.923+0000] {processor.py:157} INFO - Started process (PID=492) to work on /opt/airflow/dags/ingest_local_folder_dag.py
[2026-01-08T15:37:21.952+0000] {processor.py:829} INFO - Processing file /opt/airflow/dags/ingest_local_folder_dag.py for tasks to queue
[2026-01-08T15:37:21.953+0000] {logging_mixin.py:151} INFO - [2026-01-08T15:37:21.952+0000] {dagbag.py:539} INFO - Filling up the DagBag from /opt/airflow/dags/ingest_local_folder_dag.py
[2026-01-08T15:37:22.253+0000] {processor.py:839} INFO - DAG(s) dict_keys(['ingestionDAG']) retrieved from /opt/airflow/dags/ingest_local_folder_dag.py
[2026-01-08T15:37:22.285+0000] {logging_mixin.py:151} INFO - [2026-01-08T15:37:22.285+0000] {dag.py:2915} INFO - Sync 1 DAGs
[2026-01-08T15:37:22.304+0000] {logging_mixin.py:151} INFO - [2026-01-08T15:37:22.304+0000] {dag.py:3696} INFO - Setting next_dagrun for ingestionDAG to 2026-01-08T15:36:52.303910+00:00, run_after=2026-01-08T15:37:22.303910+00:00
[2026-01-08T15:37:22.371+0000] {processor.py:179} INFO - Processing /opt/airflow/dags/ingest_local_folder_dag.py took 0.454 seconds
[2026-01-08T15:37:52.541+0000] {processor.py:157} INFO - Started process (PID=505) to work on /opt/airflow/dags/ingest_local_folder_dag.py
[2026-01-08T15:37:52.542+0000] {processor.py:829} INFO - Processing file /opt/airflow/dags/ingest_local_folder_dag.py for tasks to queue
[2026-01-08T15:37:52.543+0000] {logging_mixin.py:151} INFO - [2026-01-08T15:37:52.543+0000] {dagbag.py:539} INFO - Filling up the DagBag from /opt/airflow/dags/ingest_local_folder_dag.py
[2026-01-08T15:37:52.850+0000] {processor.py:839} INFO - DAG(s) dict_keys(['ingestionDAG']) retrieved from /opt/airflow/dags/ingest_local_folder_dag.py
[2026-01-08T15:37:52.877+0000] {logging_mixin.py:151} INFO - [2026-01-08T15:37:52.877+0000] {dag.py:2915} INFO - Sync 1 DAGs
[2026-01-08T15:37:52.895+0000] {logging_mixin.py:151} INFO - [2026-01-08T15:37:52.895+0000] {dag.py:3696} INFO - Setting next_dagrun for ingestionDAG to 2026-01-08T15:37:22.895609+00:00, run_after=2026-01-08T15:37:52.895609+00:00
[2026-01-08T15:37:52.911+0000] {processor.py:179} INFO - Processing /opt/airflow/dags/ingest_local_folder_dag.py took 0.373 seconds
[2026-01-08T15:38:23.076+0000] {processor.py:157} INFO - Started process (PID=518) to work on /opt/airflow/dags/ingest_local_folder_dag.py
[2026-01-08T15:38:23.077+0000] {processor.py:829} INFO - Processing file /opt/airflow/dags/ingest_local_folder_dag.py for tasks to queue
[2026-01-08T15:38:23.078+0000] {logging_mixin.py:151} INFO - [2026-01-08T15:38:23.077+0000] {dagbag.py:539} INFO - Filling up the DagBag from /opt/airflow/dags/ingest_local_folder_dag.py
[2026-01-08T15:38:23.394+0000] {processor.py:839} INFO - DAG(s) dict_keys(['ingestionDAG']) retrieved from /opt/airflow/dags/ingest_local_folder_dag.py
[2026-01-08T15:38:23.420+0000] {logging_mixin.py:151} INFO - [2026-01-08T15:38:23.420+0000] {dag.py:2915} INFO - Sync 1 DAGs
[2026-01-08T15:38:23.439+0000] {logging_mixin.py:151} INFO - [2026-01-08T15:38:23.439+0000] {dag.py:3696} INFO - Setting next_dagrun for ingestionDAG to 2026-01-08T15:37:53.439398+00:00, run_after=2026-01-08T15:38:23.439398+00:00
[2026-01-08T15:38:23.454+0000] {processor.py:179} INFO - Processing /opt/airflow/dags/ingest_local_folder_dag.py took 0.384 seconds
[2026-01-08T16:55:04.123+0000] {processor.py:157} INFO - Started process (PID=531) to work on /opt/airflow/dags/ingest_local_folder_dag.py
[2026-01-08T16:55:04.172+0000] {processor.py:829} INFO - Processing file /opt/airflow/dags/ingest_local_folder_dag.py for tasks to queue
[2026-01-08T16:55:04.186+0000] {logging_mixin.py:151} INFO - [2026-01-08T16:55:04.185+0000] {dagbag.py:539} INFO - Filling up the DagBag from /opt/airflow/dags/ingest_local_folder_dag.py
[2026-01-08T16:55:06.114+0000] {processor.py:839} INFO - DAG(s) dict_keys(['ingestionDAG']) retrieved from /opt/airflow/dags/ingest_local_folder_dag.py
[2026-01-08T16:55:06.155+0000] {logging_mixin.py:151} INFO - [2026-01-08T16:55:06.155+0000] {dag.py:2915} INFO - Sync 1 DAGs
[2026-01-08T16:55:06.184+0000] {logging_mixin.py:151} INFO - [2026-01-08T16:55:06.184+0000] {dag.py:3696} INFO - Setting next_dagrun for ingestionDAG to 2026-01-08T16:54:36.183922+00:00, run_after=2026-01-08T16:55:06.183922+00:00
[2026-01-08T16:55:06.204+0000] {processor.py:179} INFO - Processing /opt/airflow/dags/ingest_local_folder_dag.py took 2.694 seconds
[2026-01-08T16:55:36.433+0000] {processor.py:157} INFO - Started process (PID=548) to work on /opt/airflow/dags/ingest_local_folder_dag.py
[2026-01-08T16:55:36.436+0000] {processor.py:829} INFO - Processing file /opt/airflow/dags/ingest_local_folder_dag.py for tasks to queue
[2026-01-08T16:55:36.439+0000] {logging_mixin.py:151} INFO - [2026-01-08T16:55:36.437+0000] {dagbag.py:539} INFO - Filling up the DagBag from /opt/airflow/dags/ingest_local_folder_dag.py
[2026-01-08T16:55:36.922+0000] {processor.py:839} INFO - DAG(s) dict_keys(['ingestionDAG']) retrieved from /opt/airflow/dags/ingest_local_folder_dag.py
[2026-01-08T16:55:36.958+0000] {logging_mixin.py:151} INFO - [2026-01-08T16:55:36.957+0000] {dag.py:2915} INFO - Sync 1 DAGs
[2026-01-08T16:55:36.982+0000] {logging_mixin.py:151} INFO - [2026-01-08T16:55:36.982+0000] {dag.py:3696} INFO - Setting next_dagrun for ingestionDAG to 2026-01-08T16:55:06.982571+00:00, run_after=2026-01-08T16:55:36.982571+00:00
[2026-01-08T16:55:37.002+0000] {processor.py:179} INFO - Processing /opt/airflow/dags/ingest_local_folder_dag.py took 0.579 seconds
[2026-01-08T16:56:07.220+0000] {processor.py:157} INFO - Started process (PID=561) to work on /opt/airflow/dags/ingest_local_folder_dag.py
[2026-01-08T16:56:07.222+0000] {processor.py:829} INFO - Processing file /opt/airflow/dags/ingest_local_folder_dag.py for tasks to queue
[2026-01-08T16:56:07.225+0000] {logging_mixin.py:151} INFO - [2026-01-08T16:56:07.224+0000] {dagbag.py:539} INFO - Filling up the DagBag from /opt/airflow/dags/ingest_local_folder_dag.py
[2026-01-08T16:56:07.708+0000] {processor.py:839} INFO - DAG(s) dict_keys(['ingestionDAG']) retrieved from /opt/airflow/dags/ingest_local_folder_dag.py
[2026-01-08T16:56:07.756+0000] {logging_mixin.py:151} INFO - [2026-01-08T16:56:07.755+0000] {dag.py:2915} INFO - Sync 1 DAGs
[2026-01-08T16:56:07.782+0000] {logging_mixin.py:151} INFO - [2026-01-08T16:56:07.782+0000] {dag.py:3696} INFO - Setting next_dagrun for ingestionDAG to 2026-01-08T16:55:37.782396+00:00, run_after=2026-01-08T16:56:07.782396+00:00
[2026-01-08T16:56:07.802+0000] {processor.py:179} INFO - Processing /opt/airflow/dags/ingest_local_folder_dag.py took 0.593 seconds
[2026-01-08T16:56:38.047+0000] {processor.py:157} INFO - Started process (PID=574) to work on /opt/airflow/dags/ingest_local_folder_dag.py
[2026-01-08T16:56:38.050+0000] {processor.py:829} INFO - Processing file /opt/airflow/dags/ingest_local_folder_dag.py for tasks to queue
[2026-01-08T16:56:38.052+0000] {logging_mixin.py:151} INFO - [2026-01-08T16:56:38.051+0000] {dagbag.py:539} INFO - Filling up the DagBag from /opt/airflow/dags/ingest_local_folder_dag.py
[2026-01-08T16:56:38.523+0000] {processor.py:839} INFO - DAG(s) dict_keys(['ingestionDAG']) retrieved from /opt/airflow/dags/ingest_local_folder_dag.py
[2026-01-08T16:56:38.565+0000] {logging_mixin.py:151} INFO - [2026-01-08T16:56:38.564+0000] {dag.py:2915} INFO - Sync 1 DAGs
[2026-01-08T16:56:38.590+0000] {logging_mixin.py:151} INFO - [2026-01-08T16:56:38.590+0000] {dag.py:3696} INFO - Setting next_dagrun for ingestionDAG to 2026-01-08T16:56:08.589823+00:00, run_after=2026-01-08T16:56:38.589823+00:00
[2026-01-08T16:56:38.609+0000] {processor.py:179} INFO - Processing /opt/airflow/dags/ingest_local_folder_dag.py took 0.571 seconds
[2026-01-08T16:57:09.391+0000] {processor.py:157} INFO - Started process (PID=587) to work on /opt/airflow/dags/ingest_local_folder_dag.py
[2026-01-08T16:57:09.395+0000] {processor.py:829} INFO - Processing file /opt/airflow/dags/ingest_local_folder_dag.py for tasks to queue
[2026-01-08T16:57:09.396+0000] {logging_mixin.py:151} INFO - [2026-01-08T16:57:09.396+0000] {dagbag.py:539} INFO - Filling up the DagBag from /opt/airflow/dags/ingest_local_folder_dag.py
[2026-01-08T16:57:09.881+0000] {processor.py:839} INFO - DAG(s) dict_keys(['ingestionDAG']) retrieved from /opt/airflow/dags/ingest_local_folder_dag.py
[2026-01-08T16:57:09.919+0000] {logging_mixin.py:151} INFO - [2026-01-08T16:57:09.919+0000] {dag.py:2915} INFO - Sync 1 DAGs
[2026-01-08T16:57:09.943+0000] {logging_mixin.py:151} INFO - [2026-01-08T16:57:09.943+0000] {dag.py:3696} INFO - Setting next_dagrun for ingestionDAG to 2026-01-08T16:56:39.943446+00:00, run_after=2026-01-08T16:57:09.943446+00:00
[2026-01-08T16:57:09.967+0000] {processor.py:179} INFO - Processing /opt/airflow/dags/ingest_local_folder_dag.py took 0.586 seconds
[2026-01-08T16:57:40.193+0000] {processor.py:157} INFO - Started process (PID=600) to work on /opt/airflow/dags/ingest_local_folder_dag.py
[2026-01-08T16:57:40.195+0000] {processor.py:829} INFO - Processing file /opt/airflow/dags/ingest_local_folder_dag.py for tasks to queue
[2026-01-08T16:57:40.198+0000] {logging_mixin.py:151} INFO - [2026-01-08T16:57:40.196+0000] {dagbag.py:539} INFO - Filling up the DagBag from /opt/airflow/dags/ingest_local_folder_dag.py
[2026-01-08T16:57:40.671+0000] {processor.py:839} INFO - DAG(s) dict_keys(['ingestionDAG']) retrieved from /opt/airflow/dags/ingest_local_folder_dag.py
[2026-01-08T16:57:40.707+0000] {logging_mixin.py:151} INFO - [2026-01-08T16:57:40.707+0000] {dag.py:2915} INFO - Sync 1 DAGs
[2026-01-08T16:57:40.734+0000] {logging_mixin.py:151} INFO - [2026-01-08T16:57:40.734+0000] {dag.py:3696} INFO - Setting next_dagrun for ingestionDAG to 2026-01-08T16:57:10.733915+00:00, run_after=2026-01-08T16:57:40.733915+00:00
[2026-01-08T16:57:40.753+0000] {processor.py:179} INFO - Processing /opt/airflow/dags/ingest_local_folder_dag.py took 0.570 seconds
[2026-01-08T16:58:10.890+0000] {processor.py:157} INFO - Started process (PID=613) to work on /opt/airflow/dags/ingest_local_folder_dag.py
[2026-01-08T16:58:10.893+0000] {processor.py:829} INFO - Processing file /opt/airflow/dags/ingest_local_folder_dag.py for tasks to queue
[2026-01-08T16:58:10.895+0000] {logging_mixin.py:151} INFO - [2026-01-08T16:58:10.894+0000] {dagbag.py:539} INFO - Filling up the DagBag from /opt/airflow/dags/ingest_local_folder_dag.py
[2026-01-08T16:58:11.369+0000] {processor.py:839} INFO - DAG(s) dict_keys(['ingestionDAG']) retrieved from /opt/airflow/dags/ingest_local_folder_dag.py
[2026-01-08T16:58:11.408+0000] {logging_mixin.py:151} INFO - [2026-01-08T16:58:11.407+0000] {dag.py:2915} INFO - Sync 1 DAGs
[2026-01-08T16:58:11.434+0000] {logging_mixin.py:151} INFO - [2026-01-08T16:58:11.433+0000] {dag.py:3696} INFO - Setting next_dagrun for ingestionDAG to 2026-01-08T16:57:41.433583+00:00, run_after=2026-01-08T16:58:11.433583+00:00
[2026-01-08T16:58:11.454+0000] {processor.py:179} INFO - Processing /opt/airflow/dags/ingest_local_folder_dag.py took 0.575 seconds
[2026-01-08T16:58:42.106+0000] {processor.py:157} INFO - Started process (PID=626) to work on /opt/airflow/dags/ingest_local_folder_dag.py
[2026-01-08T16:58:42.108+0000] {processor.py:829} INFO - Processing file /opt/airflow/dags/ingest_local_folder_dag.py for tasks to queue
[2026-01-08T16:58:42.111+0000] {logging_mixin.py:151} INFO - [2026-01-08T16:58:42.110+0000] {dagbag.py:539} INFO - Filling up the DagBag from /opt/airflow/dags/ingest_local_folder_dag.py
[2026-01-08T16:58:42.585+0000] {processor.py:839} INFO - DAG(s) dict_keys(['ingestionDAG']) retrieved from /opt/airflow/dags/ingest_local_folder_dag.py
[2026-01-08T16:58:42.622+0000] {logging_mixin.py:151} INFO - [2026-01-08T16:58:42.621+0000] {dag.py:2915} INFO - Sync 1 DAGs
[2026-01-08T16:58:42.647+0000] {logging_mixin.py:151} INFO - [2026-01-08T16:58:42.647+0000] {dag.py:3696} INFO - Setting next_dagrun for ingestionDAG to 2026-01-08T16:58:12.647482+00:00, run_after=2026-01-08T16:58:42.647482+00:00
[2026-01-08T16:58:42.667+0000] {processor.py:179} INFO - Processing /opt/airflow/dags/ingest_local_folder_dag.py took 0.573 seconds
[2026-01-08T16:59:13.411+0000] {processor.py:157} INFO - Started process (PID=639) to work on /opt/airflow/dags/ingest_local_folder_dag.py
[2026-01-08T16:59:13.412+0000] {processor.py:829} INFO - Processing file /opt/airflow/dags/ingest_local_folder_dag.py for tasks to queue
[2026-01-08T16:59:13.414+0000] {logging_mixin.py:151} INFO - [2026-01-08T16:59:13.413+0000] {dagbag.py:539} INFO - Filling up the DagBag from /opt/airflow/dags/ingest_local_folder_dag.py
[2026-01-08T16:59:13.858+0000] {processor.py:839} INFO - DAG(s) dict_keys(['ingestionDAG']) retrieved from /opt/airflow/dags/ingest_local_folder_dag.py
[2026-01-08T16:59:13.902+0000] {logging_mixin.py:151} INFO - [2026-01-08T16:59:13.902+0000] {dag.py:2915} INFO - Sync 1 DAGs
[2026-01-08T16:59:13.931+0000] {logging_mixin.py:151} INFO - [2026-01-08T16:59:13.931+0000] {dag.py:3696} INFO - Setting next_dagrun for ingestionDAG to 2026-01-08T16:58:43.931391+00:00, run_after=2026-01-08T16:59:13.931391+00:00
[2026-01-08T16:59:13.954+0000] {processor.py:179} INFO - Processing /opt/airflow/dags/ingest_local_folder_dag.py took 0.550 seconds
[2026-01-08T16:59:44.168+0000] {processor.py:157} INFO - Started process (PID=652) to work on /opt/airflow/dags/ingest_local_folder_dag.py
[2026-01-08T16:59:44.170+0000] {processor.py:829} INFO - Processing file /opt/airflow/dags/ingest_local_folder_dag.py for tasks to queue
[2026-01-08T16:59:44.173+0000] {logging_mixin.py:151} INFO - [2026-01-08T16:59:44.172+0000] {dagbag.py:539} INFO - Filling up the DagBag from /opt/airflow/dags/ingest_local_folder_dag.py
[2026-01-08T16:59:44.664+0000] {processor.py:839} INFO - DAG(s) dict_keys(['ingestionDAG']) retrieved from /opt/airflow/dags/ingest_local_folder_dag.py
[2026-01-08T16:59:44.702+0000] {logging_mixin.py:151} INFO - [2026-01-08T16:59:44.702+0000] {dag.py:2915} INFO - Sync 1 DAGs
[2026-01-08T16:59:44.728+0000] {logging_mixin.py:151} INFO - [2026-01-08T16:59:44.727+0000] {dag.py:3696} INFO - Setting next_dagrun for ingestionDAG to 2026-01-08T16:59:14.727604+00:00, run_after=2026-01-08T16:59:44.727604+00:00
[2026-01-08T16:59:44.749+0000] {processor.py:179} INFO - Processing /opt/airflow/dags/ingest_local_folder_dag.py took 0.591 seconds
[2026-01-08T17:00:14.827+0000] {processor.py:157} INFO - Started process (PID=665) to work on /opt/airflow/dags/ingest_local_folder_dag.py
[2026-01-08T17:00:14.828+0000] {processor.py:829} INFO - Processing file /opt/airflow/dags/ingest_local_folder_dag.py for tasks to queue
[2026-01-08T17:00:14.830+0000] {logging_mixin.py:151} INFO - [2026-01-08T17:00:14.829+0000] {dagbag.py:539} INFO - Filling up the DagBag from /opt/airflow/dags/ingest_local_folder_dag.py
[2026-01-08T17:00:15.276+0000] {processor.py:839} INFO - DAG(s) dict_keys(['ingestionDAG']) retrieved from /opt/airflow/dags/ingest_local_folder_dag.py
[2026-01-08T17:00:15.313+0000] {logging_mixin.py:151} INFO - [2026-01-08T17:00:15.313+0000] {dag.py:2915} INFO - Sync 1 DAGs
[2026-01-08T17:00:15.340+0000] {logging_mixin.py:151} INFO - [2026-01-08T17:00:15.339+0000] {dag.py:3696} INFO - Setting next_dagrun for ingestionDAG to 2026-01-08T16:59:45.339585+00:00, run_after=2026-01-08T17:00:15.339585+00:00
[2026-01-08T17:00:15.358+0000] {processor.py:179} INFO - Processing /opt/airflow/dags/ingest_local_folder_dag.py took 0.537 seconds
[2026-01-08T17:00:46.042+0000] {processor.py:157} INFO - Started process (PID=678) to work on /opt/airflow/dags/ingest_local_folder_dag.py
[2026-01-08T17:00:46.044+0000] {processor.py:829} INFO - Processing file /opt/airflow/dags/ingest_local_folder_dag.py for tasks to queue
[2026-01-08T17:00:46.045+0000] {logging_mixin.py:151} INFO - [2026-01-08T17:00:46.044+0000] {dagbag.py:539} INFO - Filling up the DagBag from /opt/airflow/dags/ingest_local_folder_dag.py
[2026-01-08T17:00:46.529+0000] {processor.py:839} INFO - DAG(s) dict_keys(['ingestionDAG']) retrieved from /opt/airflow/dags/ingest_local_folder_dag.py
[2026-01-08T17:00:46.574+0000] {logging_mixin.py:151} INFO - [2026-01-08T17:00:46.573+0000] {dag.py:2915} INFO - Sync 1 DAGs
[2026-01-08T17:00:46.609+0000] {logging_mixin.py:151} INFO - [2026-01-08T17:00:46.608+0000] {dag.py:3696} INFO - Setting next_dagrun for ingestionDAG to 2026-01-08T17:00:16.608716+00:00, run_after=2026-01-08T17:00:46.608716+00:00
[2026-01-08T17:00:46.636+0000] {processor.py:179} INFO - Processing /opt/airflow/dags/ingest_local_folder_dag.py took 0.602 seconds
[2026-01-08T17:01:17.287+0000] {processor.py:157} INFO - Started process (PID=691) to work on /opt/airflow/dags/ingest_local_folder_dag.py
[2026-01-08T17:01:17.288+0000] {processor.py:829} INFO - Processing file /opt/airflow/dags/ingest_local_folder_dag.py for tasks to queue
[2026-01-08T17:01:17.289+0000] {logging_mixin.py:151} INFO - [2026-01-08T17:01:17.289+0000] {dagbag.py:539} INFO - Filling up the DagBag from /opt/airflow/dags/ingest_local_folder_dag.py
[2026-01-08T17:01:17.756+0000] {processor.py:839} INFO - DAG(s) dict_keys(['ingestionDAG']) retrieved from /opt/airflow/dags/ingest_local_folder_dag.py
[2026-01-08T17:01:17.792+0000] {logging_mixin.py:151} INFO - [2026-01-08T17:01:17.792+0000] {dag.py:2915} INFO - Sync 1 DAGs
[2026-01-08T17:01:17.817+0000] {logging_mixin.py:151} INFO - [2026-01-08T17:01:17.817+0000] {dag.py:3696} INFO - Setting next_dagrun for ingestionDAG to 2026-01-08T17:00:47.816836+00:00, run_after=2026-01-08T17:01:17.816836+00:00
[2026-01-08T17:01:17.835+0000] {processor.py:179} INFO - Processing /opt/airflow/dags/ingest_local_folder_dag.py took 0.553 seconds
[2026-01-08T17:01:48.543+0000] {processor.py:157} INFO - Started process (PID=704) to work on /opt/airflow/dags/ingest_local_folder_dag.py
[2026-01-08T17:01:48.546+0000] {processor.py:829} INFO - Processing file /opt/airflow/dags/ingest_local_folder_dag.py for tasks to queue
[2026-01-08T17:01:48.548+0000] {logging_mixin.py:151} INFO - [2026-01-08T17:01:48.547+0000] {dagbag.py:539} INFO - Filling up the DagBag from /opt/airflow/dags/ingest_local_folder_dag.py
[2026-01-08T17:01:49.042+0000] {processor.py:839} INFO - DAG(s) dict_keys(['ingestionDAG']) retrieved from /opt/airflow/dags/ingest_local_folder_dag.py
[2026-01-08T17:01:49.085+0000] {logging_mixin.py:151} INFO - [2026-01-08T17:01:49.084+0000] {dag.py:2915} INFO - Sync 1 DAGs
[2026-01-08T17:01:49.113+0000] {logging_mixin.py:151} INFO - [2026-01-08T17:01:49.113+0000] {dag.py:3696} INFO - Setting next_dagrun for ingestionDAG to 2026-01-08T17:01:19.113128+00:00, run_after=2026-01-08T17:01:49.113128+00:00
[2026-01-08T17:01:49.134+0000] {processor.py:179} INFO - Processing /opt/airflow/dags/ingest_local_folder_dag.py took 0.602 seconds
[2026-01-08T17:02:19.951+0000] {processor.py:157} INFO - Started process (PID=717) to work on /opt/airflow/dags/ingest_local_folder_dag.py
[2026-01-08T17:02:19.954+0000] {processor.py:829} INFO - Processing file /opt/airflow/dags/ingest_local_folder_dag.py for tasks to queue
[2026-01-08T17:02:19.957+0000] {logging_mixin.py:151} INFO - [2026-01-08T17:02:19.955+0000] {dagbag.py:539} INFO - Filling up the DagBag from /opt/airflow/dags/ingest_local_folder_dag.py
[2026-01-08T17:02:20.511+0000] {processor.py:839} INFO - DAG(s) dict_keys(['ingestionDAG']) retrieved from /opt/airflow/dags/ingest_local_folder_dag.py
[2026-01-08T17:02:20.556+0000] {logging_mixin.py:151} INFO - [2026-01-08T17:02:20.555+0000] {dag.py:2915} INFO - Sync 1 DAGs
[2026-01-08T17:02:20.611+0000] {logging_mixin.py:151} INFO - [2026-01-08T17:02:20.610+0000] {dag.py:3696} INFO - Setting next_dagrun for ingestionDAG to 2026-01-08T17:01:50.610244+00:00, run_after=2026-01-08T17:02:20.610244+00:00
[2026-01-08T17:02:20.664+0000] {processor.py:179} INFO - Processing /opt/airflow/dags/ingest_local_folder_dag.py took 0.724 seconds
[2026-01-08T17:02:51.296+0000] {processor.py:157} INFO - Started process (PID=730) to work on /opt/airflow/dags/ingest_local_folder_dag.py
[2026-01-08T17:02:51.299+0000] {processor.py:829} INFO - Processing file /opt/airflow/dags/ingest_local_folder_dag.py for tasks to queue
[2026-01-08T17:02:51.301+0000] {logging_mixin.py:151} INFO - [2026-01-08T17:02:51.300+0000] {dagbag.py:539} INFO - Filling up the DagBag from /opt/airflow/dags/ingest_local_folder_dag.py
[2026-01-08T17:02:51.875+0000] {processor.py:839} INFO - DAG(s) dict_keys(['ingestionDAG']) retrieved from /opt/airflow/dags/ingest_local_folder_dag.py
[2026-01-08T17:02:51.931+0000] {logging_mixin.py:151} INFO - [2026-01-08T17:02:51.930+0000] {dag.py:2915} INFO - Sync 1 DAGs
[2026-01-08T17:02:51.976+0000] {logging_mixin.py:151} INFO - [2026-01-08T17:02:51.976+0000] {dag.py:3696} INFO - Setting next_dagrun for ingestionDAG to 2026-01-08T17:02:21.975838+00:00, run_after=2026-01-08T17:02:51.975838+00:00
[2026-01-08T17:02:52.019+0000] {processor.py:179} INFO - Processing /opt/airflow/dags/ingest_local_folder_dag.py took 0.733 seconds
[2026-01-08T17:03:22.679+0000] {processor.py:157} INFO - Started process (PID=743) to work on /opt/airflow/dags/ingest_local_folder_dag.py
[2026-01-08T17:03:22.682+0000] {processor.py:829} INFO - Processing file /opt/airflow/dags/ingest_local_folder_dag.py for tasks to queue
[2026-01-08T17:03:22.684+0000] {logging_mixin.py:151} INFO - [2026-01-08T17:03:22.683+0000] {dagbag.py:539} INFO - Filling up the DagBag from /opt/airflow/dags/ingest_local_folder_dag.py
[2026-01-08T17:03:23.278+0000] {processor.py:839} INFO - DAG(s) dict_keys(['ingestionDAG']) retrieved from /opt/airflow/dags/ingest_local_folder_dag.py
[2026-01-08T17:03:23.325+0000] {logging_mixin.py:151} INFO - [2026-01-08T17:03:23.325+0000] {dag.py:2915} INFO - Sync 1 DAGs
[2026-01-08T17:03:23.361+0000] {logging_mixin.py:151} INFO - [2026-01-08T17:03:23.360+0000] {dag.py:3696} INFO - Setting next_dagrun for ingestionDAG to 2026-01-08T17:02:53.360490+00:00, run_after=2026-01-08T17:03:23.360490+00:00
[2026-01-08T17:03:23.385+0000] {processor.py:179} INFO - Processing /opt/airflow/dags/ingest_local_folder_dag.py took 0.717 seconds
[2026-01-08T17:03:53.998+0000] {processor.py:157} INFO - Started process (PID=756) to work on /opt/airflow/dags/ingest_local_folder_dag.py
[2026-01-08T17:03:54.000+0000] {processor.py:829} INFO - Processing file /opt/airflow/dags/ingest_local_folder_dag.py for tasks to queue
[2026-01-08T17:03:54.001+0000] {logging_mixin.py:151} INFO - [2026-01-08T17:03:54.000+0000] {dagbag.py:539} INFO - Filling up the DagBag from /opt/airflow/dags/ingest_local_folder_dag.py
[2026-01-08T17:03:54.483+0000] {processor.py:839} INFO - DAG(s) dict_keys(['ingestionDAG']) retrieved from /opt/airflow/dags/ingest_local_folder_dag.py
[2026-01-08T17:03:54.524+0000] {logging_mixin.py:151} INFO - [2026-01-08T17:03:54.524+0000] {dag.py:2915} INFO - Sync 1 DAGs
[2026-01-08T17:03:54.552+0000] {logging_mixin.py:151} INFO - [2026-01-08T17:03:54.552+0000] {dag.py:3696} INFO - Setting next_dagrun for ingestionDAG to 2026-01-08T17:03:24.552121+00:00, run_after=2026-01-08T17:03:54.552121+00:00
[2026-01-08T17:03:54.573+0000] {processor.py:179} INFO - Processing /opt/airflow/dags/ingest_local_folder_dag.py took 0.580 seconds
[2026-01-08T17:04:25.334+0000] {processor.py:157} INFO - Started process (PID=769) to work on /opt/airflow/dags/ingest_local_folder_dag.py
[2026-01-08T17:04:25.335+0000] {processor.py:829} INFO - Processing file /opt/airflow/dags/ingest_local_folder_dag.py for tasks to queue
[2026-01-08T17:04:25.338+0000] {logging_mixin.py:151} INFO - [2026-01-08T17:04:25.337+0000] {dagbag.py:539} INFO - Filling up the DagBag from /opt/airflow/dags/ingest_local_folder_dag.py
[2026-01-08T17:04:25.941+0000] {processor.py:839} INFO - DAG(s) dict_keys(['ingestionDAG']) retrieved from /opt/airflow/dags/ingest_local_folder_dag.py
[2026-01-08T17:04:25.978+0000] {logging_mixin.py:151} INFO - [2026-01-08T17:04:25.978+0000] {dag.py:2915} INFO - Sync 1 DAGs
[2026-01-08T17:04:26.006+0000] {logging_mixin.py:151} INFO - [2026-01-08T17:04:26.005+0000] {dag.py:3696} INFO - Setting next_dagrun for ingestionDAG to 2026-01-08T17:03:56.005581+00:00, run_after=2026-01-08T17:04:26.005581+00:00
[2026-01-08T17:04:26.026+0000] {processor.py:179} INFO - Processing /opt/airflow/dags/ingest_local_folder_dag.py took 0.699 seconds
[2026-01-08T17:04:56.777+0000] {processor.py:157} INFO - Started process (PID=782) to work on /opt/airflow/dags/ingest_local_folder_dag.py
[2026-01-08T17:04:56.779+0000] {processor.py:829} INFO - Processing file /opt/airflow/dags/ingest_local_folder_dag.py for tasks to queue
[2026-01-08T17:04:56.782+0000] {logging_mixin.py:151} INFO - [2026-01-08T17:04:56.780+0000] {dagbag.py:539} INFO - Filling up the DagBag from /opt/airflow/dags/ingest_local_folder_dag.py
[2026-01-08T17:04:57.403+0000] {processor.py:839} INFO - DAG(s) dict_keys(['ingestionDAG']) retrieved from /opt/airflow/dags/ingest_local_folder_dag.py
[2026-01-08T17:04:57.452+0000] {logging_mixin.py:151} INFO - [2026-01-08T17:04:57.452+0000] {dag.py:2915} INFO - Sync 1 DAGs
[2026-01-08T17:04:57.496+0000] {logging_mixin.py:151} INFO - [2026-01-08T17:04:57.495+0000] {dag.py:3696} INFO - Setting next_dagrun for ingestionDAG to 2026-01-08T17:04:27.495611+00:00, run_after=2026-01-08T17:04:57.495611+00:00
[2026-01-08T17:04:57.529+0000] {processor.py:179} INFO - Processing /opt/airflow/dags/ingest_local_folder_dag.py took 0.762 seconds
[2026-01-08T17:05:27.773+0000] {processor.py:157} INFO - Started process (PID=795) to work on /opt/airflow/dags/ingest_local_folder_dag.py
[2026-01-08T17:05:27.777+0000] {processor.py:829} INFO - Processing file /opt/airflow/dags/ingest_local_folder_dag.py for tasks to queue
[2026-01-08T17:05:27.781+0000] {logging_mixin.py:151} INFO - [2026-01-08T17:05:27.779+0000] {dagbag.py:539} INFO - Filling up the DagBag from /opt/airflow/dags/ingest_local_folder_dag.py
[2026-01-08T17:05:28.401+0000] {processor.py:839} INFO - DAG(s) dict_keys(['ingestionDAG']) retrieved from /opt/airflow/dags/ingest_local_folder_dag.py
[2026-01-08T17:05:28.445+0000] {logging_mixin.py:151} INFO - [2026-01-08T17:05:28.445+0000] {dag.py:2915} INFO - Sync 1 DAGs
[2026-01-08T17:05:28.480+0000] {logging_mixin.py:151} INFO - [2026-01-08T17:05:28.479+0000] {dag.py:3696} INFO - Setting next_dagrun for ingestionDAG to 2026-01-08T17:04:58.479628+00:00, run_after=2026-01-08T17:05:28.479628+00:00
[2026-01-08T17:05:28.503+0000] {processor.py:179} INFO - Processing /opt/airflow/dags/ingest_local_folder_dag.py took 0.741 seconds
[2026-01-08T17:05:59.308+0000] {processor.py:157} INFO - Started process (PID=808) to work on /opt/airflow/dags/ingest_local_folder_dag.py
[2026-01-08T17:05:59.310+0000] {processor.py:829} INFO - Processing file /opt/airflow/dags/ingest_local_folder_dag.py for tasks to queue
[2026-01-08T17:05:59.314+0000] {logging_mixin.py:151} INFO - [2026-01-08T17:05:59.313+0000] {dagbag.py:539} INFO - Filling up the DagBag from /opt/airflow/dags/ingest_local_folder_dag.py
[2026-01-08T17:05:59.921+0000] {processor.py:839} INFO - DAG(s) dict_keys(['ingestionDAG']) retrieved from /opt/airflow/dags/ingest_local_folder_dag.py
[2026-01-08T17:05:59.961+0000] {logging_mixin.py:151} INFO - [2026-01-08T17:05:59.960+0000] {dag.py:2915} INFO - Sync 1 DAGs
[2026-01-08T17:05:59.993+0000] {logging_mixin.py:151} INFO - [2026-01-08T17:05:59.993+0000] {dag.py:3696} INFO - Setting next_dagrun for ingestionDAG to 2026-01-08T17:05:29.993009+00:00, run_after=2026-01-08T17:05:59.993009+00:00
[2026-01-08T17:06:00.022+0000] {processor.py:179} INFO - Processing /opt/airflow/dags/ingest_local_folder_dag.py took 0.726 seconds
[2026-01-08T17:06:30.561+0000] {processor.py:157} INFO - Started process (PID=821) to work on /opt/airflow/dags/ingest_local_folder_dag.py
[2026-01-08T17:06:30.564+0000] {processor.py:829} INFO - Processing file /opt/airflow/dags/ingest_local_folder_dag.py for tasks to queue
[2026-01-08T17:06:30.568+0000] {logging_mixin.py:151} INFO - [2026-01-08T17:06:30.566+0000] {dagbag.py:539} INFO - Filling up the DagBag from /opt/airflow/dags/ingest_local_folder_dag.py
[2026-01-08T17:06:31.171+0000] {processor.py:839} INFO - DAG(s) dict_keys(['ingestionDAG']) retrieved from /opt/airflow/dags/ingest_local_folder_dag.py
[2026-01-08T17:06:31.213+0000] {logging_mixin.py:151} INFO - [2026-01-08T17:06:31.212+0000] {dag.py:2915} INFO - Sync 1 DAGs
[2026-01-08T17:06:31.240+0000] {logging_mixin.py:151} INFO - [2026-01-08T17:06:31.239+0000] {dag.py:3696} INFO - Setting next_dagrun for ingestionDAG to 2026-01-08T17:06:01.239527+00:00, run_after=2026-01-08T17:06:31.239527+00:00
[2026-01-08T17:06:31.261+0000] {processor.py:179} INFO - Processing /opt/airflow/dags/ingest_local_folder_dag.py took 0.712 seconds
[2026-01-08T17:07:01.921+0000] {processor.py:157} INFO - Started process (PID=834) to work on /opt/airflow/dags/ingest_local_folder_dag.py
[2026-01-08T17:07:01.925+0000] {processor.py:829} INFO - Processing file /opt/airflow/dags/ingest_local_folder_dag.py for tasks to queue
[2026-01-08T17:07:01.930+0000] {logging_mixin.py:151} INFO - [2026-01-08T17:07:01.927+0000] {dagbag.py:539} INFO - Filling up the DagBag from /opt/airflow/dags/ingest_local_folder_dag.py
[2026-01-08T17:07:02.489+0000] {processor.py:839} INFO - DAG(s) dict_keys(['ingestionDAG']) retrieved from /opt/airflow/dags/ingest_local_folder_dag.py
[2026-01-08T17:07:02.531+0000] {logging_mixin.py:151} INFO - [2026-01-08T17:07:02.530+0000] {dag.py:2915} INFO - Sync 1 DAGs
[2026-01-08T17:07:02.558+0000] {logging_mixin.py:151} INFO - [2026-01-08T17:07:02.558+0000] {dag.py:3696} INFO - Setting next_dagrun for ingestionDAG to 2026-01-08T17:06:32.558500+00:00, run_after=2026-01-08T17:07:02.558500+00:00
[2026-01-08T17:07:02.580+0000] {processor.py:179} INFO - Processing /opt/airflow/dags/ingest_local_folder_dag.py took 0.675 seconds
[2026-01-08T17:07:33.282+0000] {processor.py:157} INFO - Started process (PID=847) to work on /opt/airflow/dags/ingest_local_folder_dag.py
[2026-01-08T17:07:33.283+0000] {processor.py:829} INFO - Processing file /opt/airflow/dags/ingest_local_folder_dag.py for tasks to queue
[2026-01-08T17:07:33.285+0000] {logging_mixin.py:151} INFO - [2026-01-08T17:07:33.284+0000] {dagbag.py:539} INFO - Filling up the DagBag from /opt/airflow/dags/ingest_local_folder_dag.py
[2026-01-08T17:07:33.746+0000] {processor.py:839} INFO - DAG(s) dict_keys(['ingestionDAG']) retrieved from /opt/airflow/dags/ingest_local_folder_dag.py
[2026-01-08T17:07:33.791+0000] {logging_mixin.py:151} INFO - [2026-01-08T17:07:33.791+0000] {dag.py:2915} INFO - Sync 1 DAGs
[2026-01-08T17:07:33.821+0000] {logging_mixin.py:151} INFO - [2026-01-08T17:07:33.821+0000] {dag.py:3696} INFO - Setting next_dagrun for ingestionDAG to 2026-01-08T17:07:03.821360+00:00, run_after=2026-01-08T17:07:33.821360+00:00
[2026-01-08T17:07:33.846+0000] {processor.py:179} INFO - Processing /opt/airflow/dags/ingest_local_folder_dag.py took 0.570 seconds
[2026-01-08T17:08:04.073+0000] {processor.py:157} INFO - Started process (PID=860) to work on /opt/airflow/dags/ingest_local_folder_dag.py
[2026-01-08T17:08:04.076+0000] {processor.py:829} INFO - Processing file /opt/airflow/dags/ingest_local_folder_dag.py for tasks to queue
[2026-01-08T17:08:04.079+0000] {logging_mixin.py:151} INFO - [2026-01-08T17:08:04.077+0000] {dagbag.py:539} INFO - Filling up the DagBag from /opt/airflow/dags/ingest_local_folder_dag.py
[2026-01-08T17:08:04.644+0000] {processor.py:839} INFO - DAG(s) dict_keys(['ingestionDAG']) retrieved from /opt/airflow/dags/ingest_local_folder_dag.py
[2026-01-08T17:08:04.683+0000] {logging_mixin.py:151} INFO - [2026-01-08T17:08:04.683+0000] {dag.py:2915} INFO - Sync 1 DAGs
[2026-01-08T17:08:04.712+0000] {logging_mixin.py:151} INFO - [2026-01-08T17:08:04.712+0000] {dag.py:3696} INFO - Setting next_dagrun for ingestionDAG to 2026-01-08T17:07:34.712076+00:00, run_after=2026-01-08T17:08:04.712076+00:00
[2026-01-08T17:08:04.740+0000] {processor.py:179} INFO - Processing /opt/airflow/dags/ingest_local_folder_dag.py took 0.677 seconds
[2026-01-08T17:08:35.708+0000] {processor.py:157} INFO - Started process (PID=873) to work on /opt/airflow/dags/ingest_local_folder_dag.py
[2026-01-08T17:08:35.710+0000] {processor.py:829} INFO - Processing file /opt/airflow/dags/ingest_local_folder_dag.py for tasks to queue
[2026-01-08T17:08:35.712+0000] {logging_mixin.py:151} INFO - [2026-01-08T17:08:35.711+0000] {dagbag.py:539} INFO - Filling up the DagBag from /opt/airflow/dags/ingest_local_folder_dag.py
[2026-01-08T17:08:36.219+0000] {processor.py:839} INFO - DAG(s) dict_keys(['ingestionDAG']) retrieved from /opt/airflow/dags/ingest_local_folder_dag.py
[2026-01-08T17:08:36.258+0000] {logging_mixin.py:151} INFO - [2026-01-08T17:08:36.258+0000] {dag.py:2915} INFO - Sync 1 DAGs
[2026-01-08T17:08:36.288+0000] {logging_mixin.py:151} INFO - [2026-01-08T17:08:36.287+0000] {dag.py:3696} INFO - Setting next_dagrun for ingestionDAG to 2026-01-08T17:08:06.287685+00:00, run_after=2026-01-08T17:08:36.287685+00:00
[2026-01-08T17:08:36.311+0000] {processor.py:179} INFO - Processing /opt/airflow/dags/ingest_local_folder_dag.py took 0.613 seconds
[2026-01-08T17:09:06.897+0000] {processor.py:157} INFO - Started process (PID=886) to work on /opt/airflow/dags/ingest_local_folder_dag.py
[2026-01-08T17:09:06.900+0000] {processor.py:829} INFO - Processing file /opt/airflow/dags/ingest_local_folder_dag.py for tasks to queue
[2026-01-08T17:09:06.902+0000] {logging_mixin.py:151} INFO - [2026-01-08T17:09:06.901+0000] {dagbag.py:539} INFO - Filling up the DagBag from /opt/airflow/dags/ingest_local_folder_dag.py
[2026-01-08T17:09:07.461+0000] {processor.py:839} INFO - DAG(s) dict_keys(['ingestionDAG']) retrieved from /opt/airflow/dags/ingest_local_folder_dag.py
[2026-01-08T17:09:07.502+0000] {logging_mixin.py:151} INFO - [2026-01-08T17:09:07.502+0000] {dag.py:2915} INFO - Sync 1 DAGs
[2026-01-08T17:09:07.531+0000] {logging_mixin.py:151} INFO - [2026-01-08T17:09:07.531+0000] {dag.py:3696} INFO - Setting next_dagrun for ingestionDAG to 2026-01-08T17:08:37.530848+00:00, run_after=2026-01-08T17:09:07.530848+00:00
[2026-01-08T17:09:07.553+0000] {processor.py:179} INFO - Processing /opt/airflow/dags/ingest_local_folder_dag.py took 0.665 seconds
[2026-01-08T17:09:38.163+0000] {processor.py:157} INFO - Started process (PID=899) to work on /opt/airflow/dags/ingest_local_folder_dag.py
[2026-01-08T17:09:38.165+0000] {processor.py:829} INFO - Processing file /opt/airflow/dags/ingest_local_folder_dag.py for tasks to queue
[2026-01-08T17:09:38.167+0000] {logging_mixin.py:151} INFO - [2026-01-08T17:09:38.166+0000] {dagbag.py:539} INFO - Filling up the DagBag from /opt/airflow/dags/ingest_local_folder_dag.py
[2026-01-08T17:09:38.729+0000] {processor.py:839} INFO - DAG(s) dict_keys(['ingestionDAG']) retrieved from /opt/airflow/dags/ingest_local_folder_dag.py
[2026-01-08T17:09:38.773+0000] {logging_mixin.py:151} INFO - [2026-01-08T17:09:38.773+0000] {dag.py:2915} INFO - Sync 1 DAGs
[2026-01-08T17:09:38.807+0000] {logging_mixin.py:151} INFO - [2026-01-08T17:09:38.807+0000] {dag.py:3696} INFO - Setting next_dagrun for ingestionDAG to 2026-01-08T17:09:08.807091+00:00, run_after=2026-01-08T17:09:38.807091+00:00
[2026-01-08T17:09:38.832+0000] {processor.py:179} INFO - Processing /opt/airflow/dags/ingest_local_folder_dag.py took 0.680 seconds
[2026-01-08T17:10:09.483+0000] {processor.py:157} INFO - Started process (PID=912) to work on /opt/airflow/dags/ingest_local_folder_dag.py
[2026-01-08T17:10:09.485+0000] {processor.py:829} INFO - Processing file /opt/airflow/dags/ingest_local_folder_dag.py for tasks to queue
[2026-01-08T17:10:09.488+0000] {logging_mixin.py:151} INFO - [2026-01-08T17:10:09.487+0000] {dagbag.py:539} INFO - Filling up the DagBag from /opt/airflow/dags/ingest_local_folder_dag.py
[2026-01-08T17:10:10.075+0000] {processor.py:839} INFO - DAG(s) dict_keys(['ingestionDAG']) retrieved from /opt/airflow/dags/ingest_local_folder_dag.py
[2026-01-08T17:10:10.119+0000] {logging_mixin.py:151} INFO - [2026-01-08T17:10:10.119+0000] {dag.py:2915} INFO - Sync 1 DAGs
[2026-01-08T17:10:10.148+0000] {logging_mixin.py:151} INFO - [2026-01-08T17:10:10.148+0000] {dag.py:3696} INFO - Setting next_dagrun for ingestionDAG to 2026-01-08T17:09:40.148195+00:00, run_after=2026-01-08T17:10:10.148195+00:00
[2026-01-08T17:10:10.170+0000] {processor.py:179} INFO - Processing /opt/airflow/dags/ingest_local_folder_dag.py took 0.698 seconds
[2026-01-08T17:10:40.796+0000] {processor.py:157} INFO - Started process (PID=925) to work on /opt/airflow/dags/ingest_local_folder_dag.py
[2026-01-08T17:10:40.798+0000] {processor.py:829} INFO - Processing file /opt/airflow/dags/ingest_local_folder_dag.py for tasks to queue
[2026-01-08T17:10:40.801+0000] {logging_mixin.py:151} INFO - [2026-01-08T17:10:40.799+0000] {dagbag.py:539} INFO - Filling up the DagBag from /opt/airflow/dags/ingest_local_folder_dag.py
[2026-01-08T17:10:41.370+0000] {processor.py:839} INFO - DAG(s) dict_keys(['ingestionDAG']) retrieved from /opt/airflow/dags/ingest_local_folder_dag.py
[2026-01-08T17:10:41.410+0000] {logging_mixin.py:151} INFO - [2026-01-08T17:10:41.410+0000] {dag.py:2915} INFO - Sync 1 DAGs
[2026-01-08T17:10:41.437+0000] {logging_mixin.py:151} INFO - [2026-01-08T17:10:41.437+0000] {dag.py:3696} INFO - Setting next_dagrun for ingestionDAG to 2026-01-08T17:10:11.436792+00:00, run_after=2026-01-08T17:10:41.436792+00:00
[2026-01-08T17:10:41.460+0000] {processor.py:179} INFO - Processing /opt/airflow/dags/ingest_local_folder_dag.py took 0.674 seconds
[2026-01-08T17:11:12.033+0000] {processor.py:157} INFO - Started process (PID=938) to work on /opt/airflow/dags/ingest_local_folder_dag.py
[2026-01-08T17:11:12.035+0000] {processor.py:829} INFO - Processing file /opt/airflow/dags/ingest_local_folder_dag.py for tasks to queue
[2026-01-08T17:11:12.036+0000] {logging_mixin.py:151} INFO - [2026-01-08T17:11:12.036+0000] {dagbag.py:539} INFO - Filling up the DagBag from /opt/airflow/dags/ingest_local_folder_dag.py
[2026-01-08T17:11:12.568+0000] {processor.py:839} INFO - DAG(s) dict_keys(['ingestionDAG']) retrieved from /opt/airflow/dags/ingest_local_folder_dag.py
[2026-01-08T17:11:12.606+0000] {logging_mixin.py:151} INFO - [2026-01-08T17:11:12.606+0000] {dag.py:2915} INFO - Sync 1 DAGs
[2026-01-08T17:11:12.636+0000] {logging_mixin.py:151} INFO - [2026-01-08T17:11:12.635+0000] {dag.py:3696} INFO - Setting next_dagrun for ingestionDAG to 2026-01-08T17:10:42.635609+00:00, run_after=2026-01-08T17:11:12.635609+00:00
[2026-01-08T17:11:12.657+0000] {processor.py:179} INFO - Processing /opt/airflow/dags/ingest_local_folder_dag.py took 0.629 seconds
[2026-01-08T17:11:43.338+0000] {processor.py:157} INFO - Started process (PID=951) to work on /opt/airflow/dags/ingest_local_folder_dag.py
[2026-01-08T17:11:43.340+0000] {processor.py:829} INFO - Processing file /opt/airflow/dags/ingest_local_folder_dag.py for tasks to queue
[2026-01-08T17:11:43.341+0000] {logging_mixin.py:151} INFO - [2026-01-08T17:11:43.340+0000] {dagbag.py:539} INFO - Filling up the DagBag from /opt/airflow/dags/ingest_local_folder_dag.py
[2026-01-08T17:11:43.823+0000] {processor.py:839} INFO - DAG(s) dict_keys(['ingestionDAG']) retrieved from /opt/airflow/dags/ingest_local_folder_dag.py
[2026-01-08T17:11:43.863+0000] {logging_mixin.py:151} INFO - [2026-01-08T17:11:43.863+0000] {dag.py:2915} INFO - Sync 1 DAGs
[2026-01-08T17:11:43.890+0000] {logging_mixin.py:151} INFO - [2026-01-08T17:11:43.890+0000] {dag.py:3696} INFO - Setting next_dagrun for ingestionDAG to 2026-01-08T17:11:13.890513+00:00, run_after=2026-01-08T17:11:43.890513+00:00
[2026-01-08T17:11:43.911+0000] {processor.py:179} INFO - Processing /opt/airflow/dags/ingest_local_folder_dag.py took 0.580 seconds
[2026-01-08T17:12:13.978+0000] {processor.py:157} INFO - Started process (PID=964) to work on /opt/airflow/dags/ingest_local_folder_dag.py
[2026-01-08T17:12:13.979+0000] {processor.py:829} INFO - Processing file /opt/airflow/dags/ingest_local_folder_dag.py for tasks to queue
[2026-01-08T17:12:13.980+0000] {logging_mixin.py:151} INFO - [2026-01-08T17:12:13.979+0000] {dagbag.py:539} INFO - Filling up the DagBag from /opt/airflow/dags/ingest_local_folder_dag.py
[2026-01-08T17:12:14.481+0000] {processor.py:839} INFO - DAG(s) dict_keys(['ingestionDAG']) retrieved from /opt/airflow/dags/ingest_local_folder_dag.py
[2026-01-08T17:12:14.535+0000] {logging_mixin.py:151} INFO - [2026-01-08T17:12:14.534+0000] {dag.py:2915} INFO - Sync 1 DAGs
[2026-01-08T17:12:14.569+0000] {logging_mixin.py:151} INFO - [2026-01-08T17:12:14.569+0000] {dag.py:3696} INFO - Setting next_dagrun for ingestionDAG to 2026-01-08T17:11:44.569303+00:00, run_after=2026-01-08T17:12:14.569303+00:00
[2026-01-08T17:12:14.600+0000] {processor.py:179} INFO - Processing /opt/airflow/dags/ingest_local_folder_dag.py took 0.627 seconds
[2026-01-08T17:12:45.156+0000] {processor.py:157} INFO - Started process (PID=977) to work on /opt/airflow/dags/ingest_local_folder_dag.py
[2026-01-08T17:12:45.158+0000] {processor.py:829} INFO - Processing file /opt/airflow/dags/ingest_local_folder_dag.py for tasks to queue
[2026-01-08T17:12:45.160+0000] {logging_mixin.py:151} INFO - [2026-01-08T17:12:45.159+0000] {dagbag.py:539} INFO - Filling up the DagBag from /opt/airflow/dags/ingest_local_folder_dag.py
[2026-01-08T17:12:45.744+0000] {processor.py:839} INFO - DAG(s) dict_keys(['ingestionDAG']) retrieved from /opt/airflow/dags/ingest_local_folder_dag.py
[2026-01-08T17:12:45.780+0000] {logging_mixin.py:151} INFO - [2026-01-08T17:12:45.780+0000] {dag.py:2915} INFO - Sync 1 DAGs
[2026-01-08T17:12:45.806+0000] {logging_mixin.py:151} INFO - [2026-01-08T17:12:45.806+0000] {dag.py:3696} INFO - Setting next_dagrun for ingestionDAG to 2026-01-08T17:12:15.806478+00:00, run_after=2026-01-08T17:12:45.806478+00:00
[2026-01-08T17:12:45.827+0000] {processor.py:179} INFO - Processing /opt/airflow/dags/ingest_local_folder_dag.py took 0.682 seconds
[2026-01-08T17:13:16.474+0000] {processor.py:157} INFO - Started process (PID=990) to work on /opt/airflow/dags/ingest_local_folder_dag.py
[2026-01-08T17:13:16.477+0000] {processor.py:829} INFO - Processing file /opt/airflow/dags/ingest_local_folder_dag.py for tasks to queue
[2026-01-08T17:13:16.479+0000] {logging_mixin.py:151} INFO - [2026-01-08T17:13:16.478+0000] {dagbag.py:539} INFO - Filling up the DagBag from /opt/airflow/dags/ingest_local_folder_dag.py
[2026-01-08T17:13:17.129+0000] {processor.py:839} INFO - DAG(s) dict_keys(['ingestionDAG']) retrieved from /opt/airflow/dags/ingest_local_folder_dag.py
[2026-01-08T17:13:17.228+0000] {logging_mixin.py:151} INFO - [2026-01-08T17:13:17.228+0000] {dag.py:2915} INFO - Sync 1 DAGs
[2026-01-08T17:13:17.286+0000] {logging_mixin.py:151} INFO - [2026-01-08T17:13:17.286+0000] {dag.py:3696} INFO - Setting next_dagrun for ingestionDAG to 2026-01-08T17:12:47.286101+00:00, run_after=2026-01-08T17:13:17.286101+00:00
[2026-01-08T17:13:17.313+0000] {processor.py:179} INFO - Processing /opt/airflow/dags/ingest_local_folder_dag.py took 0.851 seconds
[2026-01-08T17:13:47.765+0000] {processor.py:157} INFO - Started process (PID=1003) to work on /opt/airflow/dags/ingest_local_folder_dag.py
[2026-01-08T17:13:47.767+0000] {processor.py:829} INFO - Processing file /opt/airflow/dags/ingest_local_folder_dag.py for tasks to queue
[2026-01-08T17:13:47.769+0000] {logging_mixin.py:151} INFO - [2026-01-08T17:13:47.768+0000] {dagbag.py:539} INFO - Filling up the DagBag from /opt/airflow/dags/ingest_local_folder_dag.py
[2026-01-08T17:13:48.256+0000] {processor.py:839} INFO - DAG(s) dict_keys(['ingestionDAG']) retrieved from /opt/airflow/dags/ingest_local_folder_dag.py
[2026-01-08T17:13:48.295+0000] {logging_mixin.py:151} INFO - [2026-01-08T17:13:48.295+0000] {dag.py:2915} INFO - Sync 1 DAGs
[2026-01-08T17:13:48.325+0000] {logging_mixin.py:151} INFO - [2026-01-08T17:13:48.325+0000] {dag.py:3696} INFO - Setting next_dagrun for ingestionDAG to 2026-01-08T17:13:18.324808+00:00, run_after=2026-01-08T17:13:48.324808+00:00
[2026-01-08T17:13:48.348+0000] {processor.py:179} INFO - Processing /opt/airflow/dags/ingest_local_folder_dag.py took 0.593 seconds
[2026-01-08T17:14:18.958+0000] {processor.py:157} INFO - Started process (PID=1016) to work on /opt/airflow/dags/ingest_local_folder_dag.py
[2026-01-08T17:14:18.960+0000] {processor.py:829} INFO - Processing file /opt/airflow/dags/ingest_local_folder_dag.py for tasks to queue
[2026-01-08T17:14:18.961+0000] {logging_mixin.py:151} INFO - [2026-01-08T17:14:18.960+0000] {dagbag.py:539} INFO - Filling up the DagBag from /opt/airflow/dags/ingest_local_folder_dag.py
[2026-01-08T17:14:19.469+0000] {processor.py:839} INFO - DAG(s) dict_keys(['ingestionDAG']) retrieved from /opt/airflow/dags/ingest_local_folder_dag.py
[2026-01-08T17:14:19.508+0000] {logging_mixin.py:151} INFO - [2026-01-08T17:14:19.508+0000] {dag.py:2915} INFO - Sync 1 DAGs
[2026-01-08T17:14:19.536+0000] {logging_mixin.py:151} INFO - [2026-01-08T17:14:19.536+0000] {dag.py:3696} INFO - Setting next_dagrun for ingestionDAG to 2026-01-08T17:13:49.536054+00:00, run_after=2026-01-08T17:14:19.536054+00:00
[2026-01-08T17:14:19.565+0000] {processor.py:179} INFO - Processing /opt/airflow/dags/ingest_local_folder_dag.py took 0.615 seconds
[2026-01-08T17:14:50.121+0000] {processor.py:157} INFO - Started process (PID=1029) to work on /opt/airflow/dags/ingest_local_folder_dag.py
[2026-01-08T17:14:50.123+0000] {processor.py:829} INFO - Processing file /opt/airflow/dags/ingest_local_folder_dag.py for tasks to queue
[2026-01-08T17:14:50.125+0000] {logging_mixin.py:151} INFO - [2026-01-08T17:14:50.124+0000] {dagbag.py:539} INFO - Filling up the DagBag from /opt/airflow/dags/ingest_local_folder_dag.py
[2026-01-08T17:14:50.608+0000] {processor.py:839} INFO - DAG(s) dict_keys(['ingestionDAG']) retrieved from /opt/airflow/dags/ingest_local_folder_dag.py
[2026-01-08T17:14:50.650+0000] {logging_mixin.py:151} INFO - [2026-01-08T17:14:50.650+0000] {dag.py:2915} INFO - Sync 1 DAGs
[2026-01-08T17:14:50.683+0000] {logging_mixin.py:151} INFO - [2026-01-08T17:14:50.682+0000] {dag.py:3696} INFO - Setting next_dagrun for ingestionDAG to 2026-01-08T17:14:20.682529+00:00, run_after=2026-01-08T17:14:50.682529+00:00
[2026-01-08T17:14:50.715+0000] {processor.py:179} INFO - Processing /opt/airflow/dags/ingest_local_folder_dag.py took 0.599 seconds
[2026-01-08T17:15:20.939+0000] {processor.py:157} INFO - Started process (PID=1042) to work on /opt/airflow/dags/ingest_local_folder_dag.py
[2026-01-08T17:15:20.940+0000] {processor.py:829} INFO - Processing file /opt/airflow/dags/ingest_local_folder_dag.py for tasks to queue
[2026-01-08T17:15:20.941+0000] {logging_mixin.py:151} INFO - [2026-01-08T17:15:20.940+0000] {dagbag.py:539} INFO - Filling up the DagBag from /opt/airflow/dags/ingest_local_folder_dag.py
[2026-01-08T17:15:21.391+0000] {processor.py:839} INFO - DAG(s) dict_keys(['ingestionDAG']) retrieved from /opt/airflow/dags/ingest_local_folder_dag.py
[2026-01-08T17:15:21.429+0000] {logging_mixin.py:151} INFO - [2026-01-08T17:15:21.429+0000] {dag.py:2915} INFO - Sync 1 DAGs
[2026-01-08T17:15:21.456+0000] {logging_mixin.py:151} INFO - [2026-01-08T17:15:21.456+0000] {dag.py:3696} INFO - Setting next_dagrun for ingestionDAG to 2026-01-08T17:14:51.456307+00:00, run_after=2026-01-08T17:15:21.456307+00:00
[2026-01-08T17:15:21.478+0000] {processor.py:179} INFO - Processing /opt/airflow/dags/ingest_local_folder_dag.py took 0.545 seconds
[2026-01-08T17:15:51.526+0000] {processor.py:157} INFO - Started process (PID=1055) to work on /opt/airflow/dags/ingest_local_folder_dag.py
[2026-01-08T17:15:51.527+0000] {processor.py:829} INFO - Processing file /opt/airflow/dags/ingest_local_folder_dag.py for tasks to queue
[2026-01-08T17:15:51.528+0000] {logging_mixin.py:151} INFO - [2026-01-08T17:15:51.528+0000] {dagbag.py:539} INFO - Filling up the DagBag from /opt/airflow/dags/ingest_local_folder_dag.py
[2026-01-08T17:15:52.039+0000] {processor.py:839} INFO - DAG(s) dict_keys(['ingestionDAG']) retrieved from /opt/airflow/dags/ingest_local_folder_dag.py
[2026-01-08T17:15:52.086+0000] {logging_mixin.py:151} INFO - [2026-01-08T17:15:52.085+0000] {dag.py:2915} INFO - Sync 1 DAGs
[2026-01-08T17:15:52.118+0000] {logging_mixin.py:151} INFO - [2026-01-08T17:15:52.117+0000] {dag.py:3696} INFO - Setting next_dagrun for ingestionDAG to 2026-01-08T17:15:22.117564+00:00, run_after=2026-01-08T17:15:52.117564+00:00
[2026-01-08T17:15:52.149+0000] {processor.py:179} INFO - Processing /opt/airflow/dags/ingest_local_folder_dag.py took 0.629 seconds
[2026-01-08T17:16:22.704+0000] {processor.py:157} INFO - Started process (PID=1068) to work on /opt/airflow/dags/ingest_local_folder_dag.py
[2026-01-08T17:16:22.705+0000] {processor.py:829} INFO - Processing file /opt/airflow/dags/ingest_local_folder_dag.py for tasks to queue
[2026-01-08T17:16:22.706+0000] {logging_mixin.py:151} INFO - [2026-01-08T17:16:22.706+0000] {dagbag.py:539} INFO - Filling up the DagBag from /opt/airflow/dags/ingest_local_folder_dag.py
[2026-01-08T17:16:23.190+0000] {processor.py:839} INFO - DAG(s) dict_keys(['ingestionDAG']) retrieved from /opt/airflow/dags/ingest_local_folder_dag.py
[2026-01-08T17:16:23.228+0000] {logging_mixin.py:151} INFO - [2026-01-08T17:16:23.228+0000] {dag.py:2915} INFO - Sync 1 DAGs
[2026-01-08T17:16:23.257+0000] {logging_mixin.py:151} INFO - [2026-01-08T17:16:23.256+0000] {dag.py:3696} INFO - Setting next_dagrun for ingestionDAG to 2026-01-08T17:15:53.256702+00:00, run_after=2026-01-08T17:16:23.256702+00:00
[2026-01-08T17:16:23.277+0000] {processor.py:179} INFO - Processing /opt/airflow/dags/ingest_local_folder_dag.py took 0.578 seconds
[2026-01-08T17:16:54.154+0000] {processor.py:157} INFO - Started process (PID=1081) to work on /opt/airflow/dags/ingest_local_folder_dag.py
[2026-01-08T17:16:54.156+0000] {processor.py:829} INFO - Processing file /opt/airflow/dags/ingest_local_folder_dag.py for tasks to queue
[2026-01-08T17:16:54.158+0000] {logging_mixin.py:151} INFO - [2026-01-08T17:16:54.157+0000] {dagbag.py:539} INFO - Filling up the DagBag from /opt/airflow/dags/ingest_local_folder_dag.py
[2026-01-08T17:16:54.730+0000] {processor.py:839} INFO - DAG(s) dict_keys(['ingestionDAG']) retrieved from /opt/airflow/dags/ingest_local_folder_dag.py
[2026-01-08T17:16:54.770+0000] {logging_mixin.py:151} INFO - [2026-01-08T17:16:54.770+0000] {dag.py:2915} INFO - Sync 1 DAGs
[2026-01-08T17:16:54.799+0000] {logging_mixin.py:151} INFO - [2026-01-08T17:16:54.799+0000] {dag.py:3696} INFO - Setting next_dagrun for ingestionDAG to 2026-01-08T17:16:24.799089+00:00, run_after=2026-01-08T17:16:54.799089+00:00
[2026-01-08T17:16:54.819+0000] {processor.py:179} INFO - Processing /opt/airflow/dags/ingest_local_folder_dag.py took 0.675 seconds
[2026-01-08T17:17:25.433+0000] {processor.py:157} INFO - Started process (PID=1094) to work on /opt/airflow/dags/ingest_local_folder_dag.py
[2026-01-08T17:17:25.434+0000] {processor.py:829} INFO - Processing file /opt/airflow/dags/ingest_local_folder_dag.py for tasks to queue
[2026-01-08T17:17:25.436+0000] {logging_mixin.py:151} INFO - [2026-01-08T17:17:25.435+0000] {dagbag.py:539} INFO - Filling up the DagBag from /opt/airflow/dags/ingest_local_folder_dag.py
[2026-01-08T17:17:25.979+0000] {processor.py:839} INFO - DAG(s) dict_keys(['ingestionDAG']) retrieved from /opt/airflow/dags/ingest_local_folder_dag.py
[2026-01-08T17:17:26.030+0000] {logging_mixin.py:151} INFO - [2026-01-08T17:17:26.030+0000] {dag.py:2915} INFO - Sync 1 DAGs
[2026-01-08T17:17:26.067+0000] {logging_mixin.py:151} INFO - [2026-01-08T17:17:26.067+0000] {dag.py:3696} INFO - Setting next_dagrun for ingestionDAG to 2026-01-08T17:16:56.067068+00:00, run_after=2026-01-08T17:17:26.067068+00:00
[2026-01-08T17:17:26.093+0000] {processor.py:179} INFO - Processing /opt/airflow/dags/ingest_local_folder_dag.py took 0.667 seconds
[2026-01-08T17:17:56.801+0000] {processor.py:157} INFO - Started process (PID=1107) to work on /opt/airflow/dags/ingest_local_folder_dag.py
[2026-01-08T17:17:56.802+0000] {processor.py:829} INFO - Processing file /opt/airflow/dags/ingest_local_folder_dag.py for tasks to queue
[2026-01-08T17:17:56.803+0000] {logging_mixin.py:151} INFO - [2026-01-08T17:17:56.803+0000] {dagbag.py:539} INFO - Filling up the DagBag from /opt/airflow/dags/ingest_local_folder_dag.py
[2026-01-08T17:17:57.290+0000] {processor.py:839} INFO - DAG(s) dict_keys(['ingestionDAG']) retrieved from /opt/airflow/dags/ingest_local_folder_dag.py
[2026-01-08T17:17:57.336+0000] {logging_mixin.py:151} INFO - [2026-01-08T17:17:57.335+0000] {dag.py:2915} INFO - Sync 1 DAGs
[2026-01-08T17:17:57.368+0000] {logging_mixin.py:151} INFO - [2026-01-08T17:17:57.368+0000] {dag.py:3696} INFO - Setting next_dagrun for ingestionDAG to 2026-01-08T17:17:27.368142+00:00, run_after=2026-01-08T17:17:57.368142+00:00
[2026-01-08T17:17:57.391+0000] {processor.py:179} INFO - Processing /opt/airflow/dags/ingest_local_folder_dag.py took 0.595 seconds
[2026-01-08T17:18:28.023+0000] {processor.py:157} INFO - Started process (PID=1120) to work on /opt/airflow/dags/ingest_local_folder_dag.py
[2026-01-08T17:18:28.024+0000] {processor.py:829} INFO - Processing file /opt/airflow/dags/ingest_local_folder_dag.py for tasks to queue
[2026-01-08T17:18:28.025+0000] {logging_mixin.py:151} INFO - [2026-01-08T17:18:28.025+0000] {dagbag.py:539} INFO - Filling up the DagBag from /opt/airflow/dags/ingest_local_folder_dag.py
[2026-01-08T17:18:28.494+0000] {processor.py:839} INFO - DAG(s) dict_keys(['ingestionDAG']) retrieved from /opt/airflow/dags/ingest_local_folder_dag.py
[2026-01-08T17:18:28.536+0000] {logging_mixin.py:151} INFO - [2026-01-08T17:18:28.536+0000] {dag.py:2915} INFO - Sync 1 DAGs
[2026-01-08T17:18:28.563+0000] {logging_mixin.py:151} INFO - [2026-01-08T17:18:28.562+0000] {dag.py:3696} INFO - Setting next_dagrun for ingestionDAG to 2026-01-08T17:17:58.562658+00:00, run_after=2026-01-08T17:18:28.562658+00:00
[2026-01-08T17:18:28.587+0000] {processor.py:179} INFO - Processing /opt/airflow/dags/ingest_local_folder_dag.py took 0.570 seconds
[2026-01-08T17:18:58.711+0000] {processor.py:157} INFO - Started process (PID=1133) to work on /opt/airflow/dags/ingest_local_folder_dag.py
[2026-01-08T17:18:58.713+0000] {processor.py:829} INFO - Processing file /opt/airflow/dags/ingest_local_folder_dag.py for tasks to queue
[2026-01-08T17:18:58.716+0000] {logging_mixin.py:151} INFO - [2026-01-08T17:18:58.714+0000] {dagbag.py:539} INFO - Filling up the DagBag from /opt/airflow/dags/ingest_local_folder_dag.py
[2026-01-08T17:18:59.213+0000] {processor.py:839} INFO - DAG(s) dict_keys(['ingestionDAG']) retrieved from /opt/airflow/dags/ingest_local_folder_dag.py
[2026-01-08T17:18:59.255+0000] {logging_mixin.py:151} INFO - [2026-01-08T17:18:59.255+0000] {dag.py:2915} INFO - Sync 1 DAGs
[2026-01-08T17:18:59.286+0000] {logging_mixin.py:151} INFO - [2026-01-08T17:18:59.286+0000] {dag.py:3696} INFO - Setting next_dagrun for ingestionDAG to 2026-01-08T17:18:29.286159+00:00, run_after=2026-01-08T17:18:59.286159+00:00
[2026-01-08T17:18:59.312+0000] {processor.py:179} INFO - Processing /opt/airflow/dags/ingest_local_folder_dag.py took 0.612 seconds
[2026-01-08T17:19:29.929+0000] {processor.py:157} INFO - Started process (PID=1146) to work on /opt/airflow/dags/ingest_local_folder_dag.py
[2026-01-08T17:19:29.930+0000] {processor.py:829} INFO - Processing file /opt/airflow/dags/ingest_local_folder_dag.py for tasks to queue
[2026-01-08T17:19:29.932+0000] {logging_mixin.py:151} INFO - [2026-01-08T17:19:29.931+0000] {dagbag.py:539} INFO - Filling up the DagBag from /opt/airflow/dags/ingest_local_folder_dag.py
[2026-01-08T17:19:30.419+0000] {processor.py:839} INFO - DAG(s) dict_keys(['ingestionDAG']) retrieved from /opt/airflow/dags/ingest_local_folder_dag.py
[2026-01-08T17:19:30.463+0000] {logging_mixin.py:151} INFO - [2026-01-08T17:19:30.463+0000] {dag.py:2915} INFO - Sync 1 DAGs
[2026-01-08T17:19:30.501+0000] {logging_mixin.py:151} INFO - [2026-01-08T17:19:30.500+0000] {dag.py:3696} INFO - Setting next_dagrun for ingestionDAG to 2026-01-08T17:19:00.500655+00:00, run_after=2026-01-08T17:19:30.500655+00:00
[2026-01-08T17:19:30.524+0000] {processor.py:179} INFO - Processing /opt/airflow/dags/ingest_local_folder_dag.py took 0.602 seconds
[2026-01-08T17:20:01.376+0000] {processor.py:157} INFO - Started process (PID=1159) to work on /opt/airflow/dags/ingest_local_folder_dag.py
[2026-01-08T17:20:01.379+0000] {processor.py:829} INFO - Processing file /opt/airflow/dags/ingest_local_folder_dag.py for tasks to queue
[2026-01-08T17:20:01.382+0000] {logging_mixin.py:151} INFO - [2026-01-08T17:20:01.380+0000] {dagbag.py:539} INFO - Filling up the DagBag from /opt/airflow/dags/ingest_local_folder_dag.py
[2026-01-08T17:20:01.906+0000] {processor.py:839} INFO - DAG(s) dict_keys(['ingestionDAG']) retrieved from /opt/airflow/dags/ingest_local_folder_dag.py
[2026-01-08T17:20:01.949+0000] {logging_mixin.py:151} INFO - [2026-01-08T17:20:01.948+0000] {dag.py:2915} INFO - Sync 1 DAGs
[2026-01-08T17:20:01.976+0000] {logging_mixin.py:151} INFO - [2026-01-08T17:20:01.976+0000] {dag.py:3696} INFO - Setting next_dagrun for ingestionDAG to 2026-01-08T17:19:31.976165+00:00, run_after=2026-01-08T17:20:01.976165+00:00
[2026-01-08T17:20:02.001+0000] {processor.py:179} INFO - Processing /opt/airflow/dags/ingest_local_folder_dag.py took 0.636 seconds
[2026-01-08T17:20:32.649+0000] {processor.py:157} INFO - Started process (PID=1172) to work on /opt/airflow/dags/ingest_local_folder_dag.py
[2026-01-08T17:20:32.651+0000] {processor.py:829} INFO - Processing file /opt/airflow/dags/ingest_local_folder_dag.py for tasks to queue
[2026-01-08T17:20:32.652+0000] {logging_mixin.py:151} INFO - [2026-01-08T17:20:32.651+0000] {dagbag.py:539} INFO - Filling up the DagBag from /opt/airflow/dags/ingest_local_folder_dag.py
[2026-01-08T17:20:33.149+0000] {processor.py:839} INFO - DAG(s) dict_keys(['ingestionDAG']) retrieved from /opt/airflow/dags/ingest_local_folder_dag.py
[2026-01-08T17:20:33.194+0000] {logging_mixin.py:151} INFO - [2026-01-08T17:20:33.193+0000] {dag.py:2915} INFO - Sync 1 DAGs
[2026-01-08T17:20:33.223+0000] {logging_mixin.py:151} INFO - [2026-01-08T17:20:33.223+0000] {dag.py:3696} INFO - Setting next_dagrun for ingestionDAG to 2026-01-08T17:20:03.222827+00:00, run_after=2026-01-08T17:20:33.222827+00:00
[2026-01-08T17:20:33.246+0000] {processor.py:179} INFO - Processing /opt/airflow/dags/ingest_local_folder_dag.py took 0.602 seconds
[2026-01-08T17:21:03.324+0000] {processor.py:157} INFO - Started process (PID=1185) to work on /opt/airflow/dags/ingest_local_folder_dag.py
[2026-01-08T17:21:03.326+0000] {processor.py:829} INFO - Processing file /opt/airflow/dags/ingest_local_folder_dag.py for tasks to queue
[2026-01-08T17:21:03.330+0000] {logging_mixin.py:151} INFO - [2026-01-08T17:21:03.327+0000] {dagbag.py:539} INFO - Filling up the DagBag from /opt/airflow/dags/ingest_local_folder_dag.py
[2026-01-08T17:21:03.883+0000] {processor.py:839} INFO - DAG(s) dict_keys(['ingestionDAG']) retrieved from /opt/airflow/dags/ingest_local_folder_dag.py
[2026-01-08T17:21:03.945+0000] {logging_mixin.py:151} INFO - [2026-01-08T17:21:03.945+0000] {dag.py:2915} INFO - Sync 1 DAGs
[2026-01-08T17:21:03.980+0000] {logging_mixin.py:151} INFO - [2026-01-08T17:21:03.979+0000] {dag.py:3696} INFO - Setting next_dagrun for ingestionDAG to 2026-01-08T17:20:33.979610+00:00, run_after=2026-01-08T17:21:03.979610+00:00
[2026-01-08T17:21:04.014+0000] {processor.py:179} INFO - Processing /opt/airflow/dags/ingest_local_folder_dag.py took 0.700 seconds
[2026-01-08T17:21:34.499+0000] {processor.py:157} INFO - Started process (PID=1198) to work on /opt/airflow/dags/ingest_local_folder_dag.py
[2026-01-08T17:21:34.502+0000] {processor.py:829} INFO - Processing file /opt/airflow/dags/ingest_local_folder_dag.py for tasks to queue
[2026-01-08T17:21:34.503+0000] {logging_mixin.py:151} INFO - [2026-01-08T17:21:34.503+0000] {dagbag.py:539} INFO - Filling up the DagBag from /opt/airflow/dags/ingest_local_folder_dag.py
[2026-01-08T17:21:35.030+0000] {processor.py:839} INFO - DAG(s) dict_keys(['ingestionDAG']) retrieved from /opt/airflow/dags/ingest_local_folder_dag.py
[2026-01-08T17:21:35.073+0000] {logging_mixin.py:151} INFO - [2026-01-08T17:21:35.072+0000] {dag.py:2915} INFO - Sync 1 DAGs
[2026-01-08T17:21:35.104+0000] {logging_mixin.py:151} INFO - [2026-01-08T17:21:35.103+0000] {dag.py:3696} INFO - Setting next_dagrun for ingestionDAG to 2026-01-08T17:21:05.103601+00:00, run_after=2026-01-08T17:21:35.103601+00:00
[2026-01-08T17:21:35.127+0000] {processor.py:179} INFO - Processing /opt/airflow/dags/ingest_local_folder_dag.py took 0.637 seconds
[2026-01-08T17:22:05.828+0000] {processor.py:157} INFO - Started process (PID=1211) to work on /opt/airflow/dags/ingest_local_folder_dag.py
[2026-01-08T17:22:05.829+0000] {processor.py:829} INFO - Processing file /opt/airflow/dags/ingest_local_folder_dag.py for tasks to queue
[2026-01-08T17:22:05.831+0000] {logging_mixin.py:151} INFO - [2026-01-08T17:22:05.830+0000] {dagbag.py:539} INFO - Filling up the DagBag from /opt/airflow/dags/ingest_local_folder_dag.py
[2026-01-08T17:22:06.350+0000] {processor.py:839} INFO - DAG(s) dict_keys(['ingestionDAG']) retrieved from /opt/airflow/dags/ingest_local_folder_dag.py
[2026-01-08T17:22:06.393+0000] {logging_mixin.py:151} INFO - [2026-01-08T17:22:06.392+0000] {dag.py:2915} INFO - Sync 1 DAGs
[2026-01-08T17:22:06.419+0000] {logging_mixin.py:151} INFO - [2026-01-08T17:22:06.419+0000] {dag.py:3696} INFO - Setting next_dagrun for ingestionDAG to 2026-01-08T17:21:36.419197+00:00, run_after=2026-01-08T17:22:06.419197+00:00
[2026-01-08T17:22:06.440+0000] {processor.py:179} INFO - Processing /opt/airflow/dags/ingest_local_folder_dag.py took 0.618 seconds
[2026-01-08T17:22:37.329+0000] {processor.py:157} INFO - Started process (PID=1227) to work on /opt/airflow/dags/ingest_local_folder_dag.py
[2026-01-08T17:22:37.331+0000] {processor.py:829} INFO - Processing file /opt/airflow/dags/ingest_local_folder_dag.py for tasks to queue
[2026-01-08T17:22:37.332+0000] {logging_mixin.py:151} INFO - [2026-01-08T17:22:37.331+0000] {dagbag.py:539} INFO - Filling up the DagBag from /opt/airflow/dags/ingest_local_folder_dag.py
[2026-01-08T17:22:37.892+0000] {processor.py:839} INFO - DAG(s) dict_keys(['ingestionDAG']) retrieved from /opt/airflow/dags/ingest_local_folder_dag.py
[2026-01-08T17:22:37.957+0000] {logging_mixin.py:151} INFO - [2026-01-08T17:22:37.957+0000] {dag.py:2915} INFO - Sync 1 DAGs
[2026-01-08T17:22:37.998+0000] {logging_mixin.py:151} INFO - [2026-01-08T17:22:37.998+0000] {dag.py:3696} INFO - Setting next_dagrun for ingestionDAG to 2026-01-08T17:22:07.997908+00:00, run_after=2026-01-08T17:22:37.997908+00:00
[2026-01-08T17:22:38.025+0000] {processor.py:179} INFO - Processing /opt/airflow/dags/ingest_local_folder_dag.py took 0.702 seconds
[2026-01-08T17:23:08.643+0000] {processor.py:157} INFO - Started process (PID=1243) to work on /opt/airflow/dags/ingest_local_folder_dag.py
[2026-01-08T17:23:08.645+0000] {processor.py:829} INFO - Processing file /opt/airflow/dags/ingest_local_folder_dag.py for tasks to queue
[2026-01-08T17:23:08.647+0000] {logging_mixin.py:151} INFO - [2026-01-08T17:23:08.646+0000] {dagbag.py:539} INFO - Filling up the DagBag from /opt/airflow/dags/ingest_local_folder_dag.py
[2026-01-08T17:23:09.165+0000] {processor.py:839} INFO - DAG(s) dict_keys(['ingestionDAG']) retrieved from /opt/airflow/dags/ingest_local_folder_dag.py
[2026-01-08T17:23:09.229+0000] {logging_mixin.py:151} INFO - [2026-01-08T17:23:09.228+0000] {dag.py:2915} INFO - Sync 1 DAGs
[2026-01-08T17:23:09.261+0000] {logging_mixin.py:151} INFO - [2026-01-08T17:23:09.261+0000] {dag.py:3696} INFO - Setting next_dagrun for ingestionDAG to 2026-01-08T17:22:39.260950+00:00, run_after=2026-01-08T17:23:09.260950+00:00
[2026-01-08T17:23:09.293+0000] {processor.py:179} INFO - Processing /opt/airflow/dags/ingest_local_folder_dag.py took 0.659 seconds
[2026-01-08T17:23:40.054+0000] {processor.py:157} INFO - Started process (PID=1256) to work on /opt/airflow/dags/ingest_local_folder_dag.py
[2026-01-08T17:23:40.058+0000] {processor.py:829} INFO - Processing file /opt/airflow/dags/ingest_local_folder_dag.py for tasks to queue
[2026-01-08T17:23:40.059+0000] {logging_mixin.py:151} INFO - [2026-01-08T17:23:40.059+0000] {dagbag.py:539} INFO - Filling up the DagBag from /opt/airflow/dags/ingest_local_folder_dag.py
[2026-01-08T17:23:40.551+0000] {processor.py:839} INFO - DAG(s) dict_keys(['ingestionDAG']) retrieved from /opt/airflow/dags/ingest_local_folder_dag.py
[2026-01-08T17:23:40.594+0000] {logging_mixin.py:151} INFO - [2026-01-08T17:23:40.594+0000] {dag.py:2915} INFO - Sync 1 DAGs
[2026-01-08T17:23:40.623+0000] {logging_mixin.py:151} INFO - [2026-01-08T17:23:40.623+0000] {dag.py:3696} INFO - Setting next_dagrun for ingestionDAG to 2026-01-08T17:23:10.622883+00:00, run_after=2026-01-08T17:23:40.622883+00:00
[2026-01-08T17:23:40.646+0000] {processor.py:179} INFO - Processing /opt/airflow/dags/ingest_local_folder_dag.py took 0.598 seconds
[2026-01-08T17:24:11.419+0000] {processor.py:157} INFO - Started process (PID=1269) to work on /opt/airflow/dags/ingest_local_folder_dag.py
[2026-01-08T17:24:11.421+0000] {processor.py:829} INFO - Processing file /opt/airflow/dags/ingest_local_folder_dag.py for tasks to queue
[2026-01-08T17:24:11.422+0000] {logging_mixin.py:151} INFO - [2026-01-08T17:24:11.421+0000] {dagbag.py:539} INFO - Filling up the DagBag from /opt/airflow/dags/ingest_local_folder_dag.py
[2026-01-08T17:24:11.951+0000] {processor.py:839} INFO - DAG(s) dict_keys(['ingestionDAG']) retrieved from /opt/airflow/dags/ingest_local_folder_dag.py
[2026-01-08T17:24:12.024+0000] {logging_mixin.py:151} INFO - [2026-01-08T17:24:12.024+0000] {dag.py:2915} INFO - Sync 1 DAGs
[2026-01-08T17:24:12.060+0000] {logging_mixin.py:151} INFO - [2026-01-08T17:24:12.059+0000] {dag.py:3696} INFO - Setting next_dagrun for ingestionDAG to 2026-01-08T17:23:42.059651+00:00, run_after=2026-01-08T17:24:12.059651+00:00
[2026-01-08T17:24:12.087+0000] {processor.py:179} INFO - Processing /opt/airflow/dags/ingest_local_folder_dag.py took 0.674 seconds
[2026-01-08T17:24:42.731+0000] {processor.py:157} INFO - Started process (PID=1282) to work on /opt/airflow/dags/ingest_local_folder_dag.py
[2026-01-08T17:24:42.732+0000] {processor.py:829} INFO - Processing file /opt/airflow/dags/ingest_local_folder_dag.py for tasks to queue
[2026-01-08T17:24:42.734+0000] {logging_mixin.py:151} INFO - [2026-01-08T17:24:42.733+0000] {dagbag.py:539} INFO - Filling up the DagBag from /opt/airflow/dags/ingest_local_folder_dag.py
[2026-01-08T17:24:43.221+0000] {processor.py:839} INFO - DAG(s) dict_keys(['ingestionDAG']) retrieved from /opt/airflow/dags/ingest_local_folder_dag.py
[2026-01-08T17:24:43.260+0000] {logging_mixin.py:151} INFO - [2026-01-08T17:24:43.260+0000] {dag.py:2915} INFO - Sync 1 DAGs
[2026-01-08T17:24:43.286+0000] {logging_mixin.py:151} INFO - [2026-01-08T17:24:43.285+0000] {dag.py:3696} INFO - Setting next_dagrun for ingestionDAG to 2026-01-08T17:24:13.285774+00:00, run_after=2026-01-08T17:24:43.285774+00:00
[2026-01-08T17:24:43.306+0000] {processor.py:179} INFO - Processing /opt/airflow/dags/ingest_local_folder_dag.py took 0.583 seconds
[2026-01-08T17:25:14.134+0000] {processor.py:157} INFO - Started process (PID=1295) to work on /opt/airflow/dags/ingest_local_folder_dag.py
[2026-01-08T17:25:14.136+0000] {processor.py:829} INFO - Processing file /opt/airflow/dags/ingest_local_folder_dag.py for tasks to queue
[2026-01-08T17:25:14.140+0000] {logging_mixin.py:151} INFO - [2026-01-08T17:25:14.138+0000] {dagbag.py:539} INFO - Filling up the DagBag from /opt/airflow/dags/ingest_local_folder_dag.py
[2026-01-08T17:25:14.643+0000] {processor.py:839} INFO - DAG(s) dict_keys(['ingestionDAG']) retrieved from /opt/airflow/dags/ingest_local_folder_dag.py
[2026-01-08T17:25:14.683+0000] {logging_mixin.py:151} INFO - [2026-01-08T17:25:14.683+0000] {dag.py:2915} INFO - Sync 1 DAGs
[2026-01-08T17:25:14.713+0000] {logging_mixin.py:151} INFO - [2026-01-08T17:25:14.712+0000] {dag.py:3696} INFO - Setting next_dagrun for ingestionDAG to 2026-01-08T17:24:44.712634+00:00, run_after=2026-01-08T17:25:14.712634+00:00
[2026-01-08T17:25:14.733+0000] {processor.py:179} INFO - Processing /opt/airflow/dags/ingest_local_folder_dag.py took 0.611 seconds
[2026-01-08T17:25:45.374+0000] {processor.py:157} INFO - Started process (PID=1308) to work on /opt/airflow/dags/ingest_local_folder_dag.py
[2026-01-08T17:25:45.375+0000] {processor.py:829} INFO - Processing file /opt/airflow/dags/ingest_local_folder_dag.py for tasks to queue
[2026-01-08T17:25:45.376+0000] {logging_mixin.py:151} INFO - [2026-01-08T17:25:45.376+0000] {dagbag.py:539} INFO - Filling up the DagBag from /opt/airflow/dags/ingest_local_folder_dag.py
[2026-01-08T17:25:45.826+0000] {processor.py:839} INFO - DAG(s) dict_keys(['ingestionDAG']) retrieved from /opt/airflow/dags/ingest_local_folder_dag.py
[2026-01-08T17:25:45.866+0000] {logging_mixin.py:151} INFO - [2026-01-08T17:25:45.866+0000] {dag.py:2915} INFO - Sync 1 DAGs
[2026-01-08T17:25:45.894+0000] {logging_mixin.py:151} INFO - [2026-01-08T17:25:45.894+0000] {dag.py:3696} INFO - Setting next_dagrun for ingestionDAG to 2026-01-08T17:25:15.893876+00:00, run_after=2026-01-08T17:25:45.893876+00:00
[2026-01-08T17:25:45.922+0000] {processor.py:179} INFO - Processing /opt/airflow/dags/ingest_local_folder_dag.py took 0.554 seconds
[2026-01-08T17:26:16.687+0000] {processor.py:157} INFO - Started process (PID=1321) to work on /opt/airflow/dags/ingest_local_folder_dag.py
[2026-01-08T17:26:16.691+0000] {processor.py:829} INFO - Processing file /opt/airflow/dags/ingest_local_folder_dag.py for tasks to queue
[2026-01-08T17:26:16.693+0000] {logging_mixin.py:151} INFO - [2026-01-08T17:26:16.692+0000] {dagbag.py:539} INFO - Filling up the DagBag from /opt/airflow/dags/ingest_local_folder_dag.py
[2026-01-08T17:26:17.203+0000] {processor.py:839} INFO - DAG(s) dict_keys(['ingestionDAG']) retrieved from /opt/airflow/dags/ingest_local_folder_dag.py
[2026-01-08T17:26:17.245+0000] {logging_mixin.py:151} INFO - [2026-01-08T17:26:17.245+0000] {dag.py:2915} INFO - Sync 1 DAGs
[2026-01-08T17:26:17.282+0000] {logging_mixin.py:151} INFO - [2026-01-08T17:26:17.282+0000] {dag.py:3696} INFO - Setting next_dagrun for ingestionDAG to 2026-01-08T17:25:47.281773+00:00, run_after=2026-01-08T17:26:17.281773+00:00
[2026-01-08T17:26:17.310+0000] {processor.py:179} INFO - Processing /opt/airflow/dags/ingest_local_folder_dag.py took 0.628 seconds
[2026-01-08T17:26:48.008+0000] {processor.py:157} INFO - Started process (PID=1334) to work on /opt/airflow/dags/ingest_local_folder_dag.py
[2026-01-08T17:26:48.010+0000] {processor.py:829} INFO - Processing file /opt/airflow/dags/ingest_local_folder_dag.py for tasks to queue
[2026-01-08T17:26:48.011+0000] {logging_mixin.py:151} INFO - [2026-01-08T17:26:48.010+0000] {dagbag.py:539} INFO - Filling up the DagBag from /opt/airflow/dags/ingest_local_folder_dag.py
[2026-01-08T17:26:48.549+0000] {processor.py:839} INFO - DAG(s) dict_keys(['ingestionDAG']) retrieved from /opt/airflow/dags/ingest_local_folder_dag.py
[2026-01-08T17:26:48.599+0000] {logging_mixin.py:151} INFO - [2026-01-08T17:26:48.598+0000] {dag.py:2915} INFO - Sync 1 DAGs
[2026-01-08T17:26:48.630+0000] {logging_mixin.py:151} INFO - [2026-01-08T17:26:48.629+0000] {dag.py:3696} INFO - Setting next_dagrun for ingestionDAG to 2026-01-08T17:26:18.629707+00:00, run_after=2026-01-08T17:26:48.629707+00:00
[2026-01-08T17:26:48.657+0000] {processor.py:179} INFO - Processing /opt/airflow/dags/ingest_local_folder_dag.py took 0.655 seconds
[2026-01-08T17:27:19.348+0000] {processor.py:157} INFO - Started process (PID=1347) to work on /opt/airflow/dags/ingest_local_folder_dag.py
[2026-01-08T17:27:19.352+0000] {processor.py:829} INFO - Processing file /opt/airflow/dags/ingest_local_folder_dag.py for tasks to queue
[2026-01-08T17:27:19.353+0000] {logging_mixin.py:151} INFO - [2026-01-08T17:27:19.353+0000] {dagbag.py:539} INFO - Filling up the DagBag from /opt/airflow/dags/ingest_local_folder_dag.py
[2026-01-08T17:27:19.829+0000] {processor.py:839} INFO - DAG(s) dict_keys(['ingestionDAG']) retrieved from /opt/airflow/dags/ingest_local_folder_dag.py
[2026-01-08T17:27:19.877+0000] {logging_mixin.py:151} INFO - [2026-01-08T17:27:19.877+0000] {dag.py:2915} INFO - Sync 1 DAGs
[2026-01-08T17:27:19.907+0000] {logging_mixin.py:151} INFO - [2026-01-08T17:27:19.907+0000] {dag.py:3696} INFO - Setting next_dagrun for ingestionDAG to 2026-01-08T17:26:49.906633+00:00, run_after=2026-01-08T17:27:19.906633+00:00
[2026-01-08T17:27:19.935+0000] {processor.py:179} INFO - Processing /opt/airflow/dags/ingest_local_folder_dag.py took 0.592 seconds
[2026-01-08T17:27:50.729+0000] {processor.py:157} INFO - Started process (PID=1360) to work on /opt/airflow/dags/ingest_local_folder_dag.py
[2026-01-08T17:27:50.732+0000] {processor.py:829} INFO - Processing file /opt/airflow/dags/ingest_local_folder_dag.py for tasks to queue
[2026-01-08T17:27:50.734+0000] {logging_mixin.py:151} INFO - [2026-01-08T17:27:50.733+0000] {dagbag.py:539} INFO - Filling up the DagBag from /opt/airflow/dags/ingest_local_folder_dag.py
[2026-01-08T17:27:51.388+0000] {processor.py:839} INFO - DAG(s) dict_keys(['ingestionDAG']) retrieved from /opt/airflow/dags/ingest_local_folder_dag.py
[2026-01-08T17:27:51.434+0000] {logging_mixin.py:151} INFO - [2026-01-08T17:27:51.434+0000] {dag.py:2915} INFO - Sync 1 DAGs
[2026-01-08T17:27:51.467+0000] {logging_mixin.py:151} INFO - [2026-01-08T17:27:51.467+0000] {dag.py:3696} INFO - Setting next_dagrun for ingestionDAG to 2026-01-08T17:27:21.467190+00:00, run_after=2026-01-08T17:27:51.467190+00:00
[2026-01-08T17:27:51.498+0000] {processor.py:179} INFO - Processing /opt/airflow/dags/ingest_local_folder_dag.py took 0.785 seconds
[2026-01-08T17:28:22.114+0000] {processor.py:157} INFO - Started process (PID=1373) to work on /opt/airflow/dags/ingest_local_folder_dag.py
[2026-01-08T17:28:22.115+0000] {processor.py:829} INFO - Processing file /opt/airflow/dags/ingest_local_folder_dag.py for tasks to queue
[2026-01-08T17:28:22.117+0000] {logging_mixin.py:151} INFO - [2026-01-08T17:28:22.116+0000] {dagbag.py:539} INFO - Filling up the DagBag from /opt/airflow/dags/ingest_local_folder_dag.py
[2026-01-08T17:28:22.604+0000] {processor.py:839} INFO - DAG(s) dict_keys(['ingestionDAG']) retrieved from /opt/airflow/dags/ingest_local_folder_dag.py
[2026-01-08T17:28:22.646+0000] {logging_mixin.py:151} INFO - [2026-01-08T17:28:22.645+0000] {dag.py:2915} INFO - Sync 1 DAGs
[2026-01-08T17:28:22.673+0000] {logging_mixin.py:151} INFO - [2026-01-08T17:28:22.672+0000] {dag.py:3696} INFO - Setting next_dagrun for ingestionDAG to 2026-01-08T17:27:52.672751+00:00, run_after=2026-01-08T17:28:22.672751+00:00
[2026-01-08T17:28:22.696+0000] {processor.py:179} INFO - Processing /opt/airflow/dags/ingest_local_folder_dag.py took 0.588 seconds
[2026-01-08T17:28:53.452+0000] {processor.py:157} INFO - Started process (PID=1386) to work on /opt/airflow/dags/ingest_local_folder_dag.py
[2026-01-08T17:28:53.453+0000] {processor.py:829} INFO - Processing file /opt/airflow/dags/ingest_local_folder_dag.py for tasks to queue
[2026-01-08T17:28:53.457+0000] {logging_mixin.py:151} INFO - [2026-01-08T17:28:53.456+0000] {dagbag.py:539} INFO - Filling up the DagBag from /opt/airflow/dags/ingest_local_folder_dag.py
[2026-01-08T17:28:54.002+0000] {processor.py:839} INFO - DAG(s) dict_keys(['ingestionDAG']) retrieved from /opt/airflow/dags/ingest_local_folder_dag.py
[2026-01-08T17:28:54.055+0000] {logging_mixin.py:151} INFO - [2026-01-08T17:28:54.054+0000] {dag.py:2915} INFO - Sync 1 DAGs
[2026-01-08T17:28:54.089+0000] {logging_mixin.py:151} INFO - [2026-01-08T17:28:54.088+0000] {dag.py:3696} INFO - Setting next_dagrun for ingestionDAG to 2026-01-08T17:28:24.088659+00:00, run_after=2026-01-08T17:28:54.088659+00:00
[2026-01-08T17:28:54.117+0000] {processor.py:179} INFO - Processing /opt/airflow/dags/ingest_local_folder_dag.py took 0.676 seconds
[2026-01-08T17:29:24.326+0000] {processor.py:157} INFO - Started process (PID=1402) to work on /opt/airflow/dags/ingest_local_folder_dag.py
[2026-01-08T17:29:24.328+0000] {processor.py:829} INFO - Processing file /opt/airflow/dags/ingest_local_folder_dag.py for tasks to queue
[2026-01-08T17:29:24.329+0000] {logging_mixin.py:151} INFO - [2026-01-08T17:29:24.328+0000] {dagbag.py:539} INFO - Filling up the DagBag from /opt/airflow/dags/ingest_local_folder_dag.py
[2026-01-08T17:29:24.800+0000] {processor.py:839} INFO - DAG(s) dict_keys(['ingestionDAG']) retrieved from /opt/airflow/dags/ingest_local_folder_dag.py
[2026-01-08T17:29:24.841+0000] {logging_mixin.py:151} INFO - [2026-01-08T17:29:24.841+0000] {dag.py:2915} INFO - Sync 1 DAGs
[2026-01-08T17:29:24.871+0000] {logging_mixin.py:151} INFO - [2026-01-08T17:29:24.871+0000] {dag.py:3696} INFO - Setting next_dagrun for ingestionDAG to 2026-01-08T17:28:54.871405+00:00, run_after=2026-01-08T17:29:24.871405+00:00
[2026-01-08T17:29:24.894+0000] {processor.py:179} INFO - Processing /opt/airflow/dags/ingest_local_folder_dag.py took 0.573 seconds
[2026-01-08T17:29:55.086+0000] {processor.py:157} INFO - Started process (PID=1415) to work on /opt/airflow/dags/ingest_local_folder_dag.py
[2026-01-08T17:29:55.088+0000] {processor.py:829} INFO - Processing file /opt/airflow/dags/ingest_local_folder_dag.py for tasks to queue
[2026-01-08T17:29:55.090+0000] {logging_mixin.py:151} INFO - [2026-01-08T17:29:55.089+0000] {dagbag.py:539} INFO - Filling up the DagBag from /opt/airflow/dags/ingest_local_folder_dag.py
[2026-01-08T17:29:55.604+0000] {processor.py:839} INFO - DAG(s) dict_keys(['ingestionDAG']) retrieved from /opt/airflow/dags/ingest_local_folder_dag.py
[2026-01-08T17:29:55.647+0000] {logging_mixin.py:151} INFO - [2026-01-08T17:29:55.647+0000] {dag.py:2915} INFO - Sync 1 DAGs
[2026-01-08T17:29:55.675+0000] {logging_mixin.py:151} INFO - [2026-01-08T17:29:55.675+0000] {dag.py:3696} INFO - Setting next_dagrun for ingestionDAG to 2026-01-08T17:29:25.674933+00:00, run_after=2026-01-08T17:29:55.674933+00:00
[2026-01-08T17:29:55.699+0000] {processor.py:179} INFO - Processing /opt/airflow/dags/ingest_local_folder_dag.py took 0.621 seconds
[2026-01-08T17:30:25.890+0000] {processor.py:157} INFO - Started process (PID=1428) to work on /opt/airflow/dags/ingest_local_folder_dag.py
[2026-01-08T17:30:25.891+0000] {processor.py:829} INFO - Processing file /opt/airflow/dags/ingest_local_folder_dag.py for tasks to queue
[2026-01-08T17:30:25.893+0000] {logging_mixin.py:151} INFO - [2026-01-08T17:30:25.892+0000] {dagbag.py:539} INFO - Filling up the DagBag from /opt/airflow/dags/ingest_local_folder_dag.py
[2026-01-08T17:30:26.378+0000] {processor.py:839} INFO - DAG(s) dict_keys(['ingestionDAG']) retrieved from /opt/airflow/dags/ingest_local_folder_dag.py
[2026-01-08T17:30:26.429+0000] {logging_mixin.py:151} INFO - [2026-01-08T17:30:26.429+0000] {dag.py:2915} INFO - Sync 1 DAGs
[2026-01-08T17:30:26.458+0000] {logging_mixin.py:151} INFO - [2026-01-08T17:30:26.458+0000] {dag.py:3696} INFO - Setting next_dagrun for ingestionDAG to 2026-01-08T17:29:56.458489+00:00, run_after=2026-01-08T17:30:26.458489+00:00
[2026-01-08T17:30:26.487+0000] {processor.py:179} INFO - Processing /opt/airflow/dags/ingest_local_folder_dag.py took 0.604 seconds
[2026-01-08T17:30:56.625+0000] {processor.py:157} INFO - Started process (PID=1441) to work on /opt/airflow/dags/ingest_local_folder_dag.py
[2026-01-08T17:30:56.626+0000] {processor.py:829} INFO - Processing file /opt/airflow/dags/ingest_local_folder_dag.py for tasks to queue
[2026-01-08T17:30:56.628+0000] {logging_mixin.py:151} INFO - [2026-01-08T17:30:56.627+0000] {dagbag.py:539} INFO - Filling up the DagBag from /opt/airflow/dags/ingest_local_folder_dag.py
[2026-01-08T17:30:57.131+0000] {processor.py:839} INFO - DAG(s) dict_keys(['ingestionDAG']) retrieved from /opt/airflow/dags/ingest_local_folder_dag.py
[2026-01-08T17:30:57.186+0000] {logging_mixin.py:151} INFO - [2026-01-08T17:30:57.186+0000] {dag.py:2915} INFO - Sync 1 DAGs
[2026-01-08T17:30:57.220+0000] {logging_mixin.py:151} INFO - [2026-01-08T17:30:57.220+0000] {dag.py:3696} INFO - Setting next_dagrun for ingestionDAG to 2026-01-08T17:30:27.220177+00:00, run_after=2026-01-08T17:30:57.220177+00:00
[2026-01-08T17:30:57.245+0000] {processor.py:179} INFO - Processing /opt/airflow/dags/ingest_local_folder_dag.py took 0.626 seconds
[2026-01-08T17:31:27.809+0000] {processor.py:157} INFO - Started process (PID=1454) to work on /opt/airflow/dags/ingest_local_folder_dag.py
[2026-01-08T17:31:27.810+0000] {processor.py:829} INFO - Processing file /opt/airflow/dags/ingest_local_folder_dag.py for tasks to queue
[2026-01-08T17:31:27.812+0000] {logging_mixin.py:151} INFO - [2026-01-08T17:31:27.811+0000] {dagbag.py:539} INFO - Filling up the DagBag from /opt/airflow/dags/ingest_local_folder_dag.py
[2026-01-08T17:31:28.315+0000] {processor.py:839} INFO - DAG(s) dict_keys(['ingestionDAG']) retrieved from /opt/airflow/dags/ingest_local_folder_dag.py
[2026-01-08T17:31:28.363+0000] {logging_mixin.py:151} INFO - [2026-01-08T17:31:28.363+0000] {dag.py:2915} INFO - Sync 1 DAGs
[2026-01-08T17:31:28.394+0000] {logging_mixin.py:151} INFO - [2026-01-08T17:31:28.394+0000] {dag.py:3696} INFO - Setting next_dagrun for ingestionDAG to 2026-01-08T17:30:58.394369+00:00, run_after=2026-01-08T17:31:28.394369+00:00
[2026-01-08T17:31:28.420+0000] {processor.py:179} INFO - Processing /opt/airflow/dags/ingest_local_folder_dag.py took 0.618 seconds
[2026-01-08T17:31:58.999+0000] {processor.py:157} INFO - Started process (PID=1467) to work on /opt/airflow/dags/ingest_local_folder_dag.py
[2026-01-08T17:31:59.000+0000] {processor.py:829} INFO - Processing file /opt/airflow/dags/ingest_local_folder_dag.py for tasks to queue
[2026-01-08T17:31:59.001+0000] {logging_mixin.py:151} INFO - [2026-01-08T17:31:59.000+0000] {dagbag.py:539} INFO - Filling up the DagBag from /opt/airflow/dags/ingest_local_folder_dag.py
[2026-01-08T17:31:59.471+0000] {processor.py:839} INFO - DAG(s) dict_keys(['ingestionDAG']) retrieved from /opt/airflow/dags/ingest_local_folder_dag.py
[2026-01-08T17:31:59.518+0000] {logging_mixin.py:151} INFO - [2026-01-08T17:31:59.518+0000] {dag.py:2915} INFO - Sync 1 DAGs
[2026-01-08T17:31:59.547+0000] {logging_mixin.py:151} INFO - [2026-01-08T17:31:59.547+0000] {dag.py:3696} INFO - Setting next_dagrun for ingestionDAG to 2026-01-08T17:31:29.547386+00:00, run_after=2026-01-08T17:31:59.547386+00:00
[2026-01-08T17:31:59.573+0000] {processor.py:179} INFO - Processing /opt/airflow/dags/ingest_local_folder_dag.py took 0.579 seconds
[2026-01-08T17:32:30.261+0000] {processor.py:157} INFO - Started process (PID=1480) to work on /opt/airflow/dags/ingest_local_folder_dag.py
[2026-01-08T17:32:30.262+0000] {processor.py:829} INFO - Processing file /opt/airflow/dags/ingest_local_folder_dag.py for tasks to queue
[2026-01-08T17:32:30.263+0000] {logging_mixin.py:151} INFO - [2026-01-08T17:32:30.263+0000] {dagbag.py:539} INFO - Filling up the DagBag from /opt/airflow/dags/ingest_local_folder_dag.py
[2026-01-08T17:32:30.795+0000] {processor.py:839} INFO - DAG(s) dict_keys(['ingestionDAG']) retrieved from /opt/airflow/dags/ingest_local_folder_dag.py
[2026-01-08T17:32:30.851+0000] {logging_mixin.py:151} INFO - [2026-01-08T17:32:30.850+0000] {dag.py:2915} INFO - Sync 1 DAGs
[2026-01-08T17:32:30.887+0000] {logging_mixin.py:151} INFO - [2026-01-08T17:32:30.887+0000] {dag.py:3696} INFO - Setting next_dagrun for ingestionDAG to 2026-01-08T17:32:00.887260+00:00, run_after=2026-01-08T17:32:30.887260+00:00
[2026-01-08T17:32:30.917+0000] {processor.py:179} INFO - Processing /opt/airflow/dags/ingest_local_folder_dag.py took 0.662 seconds
[2026-01-08T17:33:01.541+0000] {processor.py:157} INFO - Started process (PID=1493) to work on /opt/airflow/dags/ingest_local_folder_dag.py
[2026-01-08T17:33:01.543+0000] {processor.py:829} INFO - Processing file /opt/airflow/dags/ingest_local_folder_dag.py for tasks to queue
[2026-01-08T17:33:01.544+0000] {logging_mixin.py:151} INFO - [2026-01-08T17:33:01.544+0000] {dagbag.py:539} INFO - Filling up the DagBag from /opt/airflow/dags/ingest_local_folder_dag.py
[2026-01-08T17:33:01.999+0000] {processor.py:839} INFO - DAG(s) dict_keys(['ingestionDAG']) retrieved from /opt/airflow/dags/ingest_local_folder_dag.py
[2026-01-08T17:33:02.040+0000] {logging_mixin.py:151} INFO - [2026-01-08T17:33:02.040+0000] {dag.py:2915} INFO - Sync 1 DAGs
[2026-01-08T17:33:02.070+0000] {logging_mixin.py:151} INFO - [2026-01-08T17:33:02.069+0000] {dag.py:3696} INFO - Setting next_dagrun for ingestionDAG to 2026-01-08T17:32:32.069718+00:00, run_after=2026-01-08T17:33:02.069718+00:00
[2026-01-08T17:33:02.094+0000] {processor.py:179} INFO - Processing /opt/airflow/dags/ingest_local_folder_dag.py took 0.557 seconds
[2026-01-08T17:33:32.845+0000] {processor.py:157} INFO - Started process (PID=1506) to work on /opt/airflow/dags/ingest_local_folder_dag.py
[2026-01-08T17:33:32.846+0000] {processor.py:829} INFO - Processing file /opt/airflow/dags/ingest_local_folder_dag.py for tasks to queue
[2026-01-08T17:33:32.848+0000] {logging_mixin.py:151} INFO - [2026-01-08T17:33:32.847+0000] {dagbag.py:539} INFO - Filling up the DagBag from /opt/airflow/dags/ingest_local_folder_dag.py
[2026-01-08T17:33:33.344+0000] {processor.py:839} INFO - DAG(s) dict_keys(['ingestionDAG']) retrieved from /opt/airflow/dags/ingest_local_folder_dag.py
[2026-01-08T17:33:33.384+0000] {logging_mixin.py:151} INFO - [2026-01-08T17:33:33.384+0000] {dag.py:2915} INFO - Sync 1 DAGs
[2026-01-08T17:33:33.415+0000] {logging_mixin.py:151} INFO - [2026-01-08T17:33:33.415+0000] {dag.py:3696} INFO - Setting next_dagrun for ingestionDAG to 2026-01-08T17:33:03.415484+00:00, run_after=2026-01-08T17:33:33.415484+00:00
[2026-01-08T17:33:33.437+0000] {processor.py:179} INFO - Processing /opt/airflow/dags/ingest_local_folder_dag.py took 0.600 seconds
[2026-01-08T17:34:03.985+0000] {processor.py:157} INFO - Started process (PID=1519) to work on /opt/airflow/dags/ingest_local_folder_dag.py
[2026-01-08T17:34:03.986+0000] {processor.py:829} INFO - Processing file /opt/airflow/dags/ingest_local_folder_dag.py for tasks to queue
[2026-01-08T17:34:03.987+0000] {logging_mixin.py:151} INFO - [2026-01-08T17:34:03.987+0000] {dagbag.py:539} INFO - Filling up the DagBag from /opt/airflow/dags/ingest_local_folder_dag.py
[2026-01-08T17:34:04.467+0000] {processor.py:839} INFO - DAG(s) dict_keys(['ingestionDAG']) retrieved from /opt/airflow/dags/ingest_local_folder_dag.py
[2026-01-08T17:34:04.507+0000] {logging_mixin.py:151} INFO - [2026-01-08T17:34:04.507+0000] {dag.py:2915} INFO - Sync 1 DAGs
[2026-01-08T17:34:04.539+0000] {logging_mixin.py:151} INFO - [2026-01-08T17:34:04.539+0000] {dag.py:3696} INFO - Setting next_dagrun for ingestionDAG to 2026-01-08T17:33:34.539090+00:00, run_after=2026-01-08T17:34:04.539090+00:00
[2026-01-08T17:34:04.564+0000] {processor.py:179} INFO - Processing /opt/airflow/dags/ingest_local_folder_dag.py took 0.584 seconds
[2026-01-08T17:34:35.196+0000] {processor.py:157} INFO - Started process (PID=1532) to work on /opt/airflow/dags/ingest_local_folder_dag.py
[2026-01-08T17:34:35.197+0000] {processor.py:829} INFO - Processing file /opt/airflow/dags/ingest_local_folder_dag.py for tasks to queue
[2026-01-08T17:34:35.200+0000] {logging_mixin.py:151} INFO - [2026-01-08T17:34:35.200+0000] {dagbag.py:539} INFO - Filling up the DagBag from /opt/airflow/dags/ingest_local_folder_dag.py
[2026-01-08T17:34:35.718+0000] {processor.py:839} INFO - DAG(s) dict_keys(['ingestionDAG']) retrieved from /opt/airflow/dags/ingest_local_folder_dag.py
[2026-01-08T17:34:35.759+0000] {logging_mixin.py:151} INFO - [2026-01-08T17:34:35.759+0000] {dag.py:2915} INFO - Sync 1 DAGs
[2026-01-08T17:34:35.799+0000] {logging_mixin.py:151} INFO - [2026-01-08T17:34:35.799+0000] {dag.py:3696} INFO - Setting next_dagrun for ingestionDAG to 2026-01-08T17:34:05.799249+00:00, run_after=2026-01-08T17:34:35.799249+00:00
[2026-01-08T17:34:35.833+0000] {processor.py:179} INFO - Processing /opt/airflow/dags/ingest_local_folder_dag.py took 0.646 seconds
[2026-01-08T17:35:06.408+0000] {processor.py:157} INFO - Started process (PID=1545) to work on /opt/airflow/dags/ingest_local_folder_dag.py
[2026-01-08T17:35:06.414+0000] {processor.py:829} INFO - Processing file /opt/airflow/dags/ingest_local_folder_dag.py for tasks to queue
[2026-01-08T17:35:06.417+0000] {logging_mixin.py:151} INFO - [2026-01-08T17:35:06.415+0000] {dagbag.py:539} INFO - Filling up the DagBag from /opt/airflow/dags/ingest_local_folder_dag.py
[2026-01-08T17:35:06.906+0000] {processor.py:839} INFO - DAG(s) dict_keys(['ingestionDAG']) retrieved from /opt/airflow/dags/ingest_local_folder_dag.py
[2026-01-08T17:35:06.942+0000] {logging_mixin.py:151} INFO - [2026-01-08T17:35:06.942+0000] {dag.py:2915} INFO - Sync 1 DAGs
[2026-01-08T17:35:06.970+0000] {logging_mixin.py:151} INFO - [2026-01-08T17:35:06.969+0000] {dag.py:3696} INFO - Setting next_dagrun for ingestionDAG to 2026-01-08T17:34:36.969628+00:00, run_after=2026-01-08T17:35:06.969628+00:00
[2026-01-08T17:35:06.990+0000] {processor.py:179} INFO - Processing /opt/airflow/dags/ingest_local_folder_dag.py took 0.593 seconds
[2026-01-08T17:35:37.155+0000] {processor.py:157} INFO - Started process (PID=1558) to work on /opt/airflow/dags/ingest_local_folder_dag.py
[2026-01-08T17:35:37.157+0000] {processor.py:829} INFO - Processing file /opt/airflow/dags/ingest_local_folder_dag.py for tasks to queue
[2026-01-08T17:35:37.159+0000] {logging_mixin.py:151} INFO - [2026-01-08T17:35:37.158+0000] {dagbag.py:539} INFO - Filling up the DagBag from /opt/airflow/dags/ingest_local_folder_dag.py
[2026-01-08T17:35:37.659+0000] {processor.py:839} INFO - DAG(s) dict_keys(['ingestionDAG']) retrieved from /opt/airflow/dags/ingest_local_folder_dag.py
[2026-01-08T17:35:37.696+0000] {logging_mixin.py:151} INFO - [2026-01-08T17:35:37.696+0000] {dag.py:2915} INFO - Sync 1 DAGs
[2026-01-08T17:35:37.722+0000] {logging_mixin.py:151} INFO - [2026-01-08T17:35:37.722+0000] {dag.py:3696} INFO - Setting next_dagrun for ingestionDAG to 2026-01-08T17:35:07.722265+00:00, run_after=2026-01-08T17:35:37.722265+00:00
[2026-01-08T17:35:37.742+0000] {processor.py:179} INFO - Processing /opt/airflow/dags/ingest_local_folder_dag.py took 0.594 seconds
[2026-01-08T17:36:08.725+0000] {processor.py:157} INFO - Started process (PID=1571) to work on /opt/airflow/dags/ingest_local_folder_dag.py
[2026-01-08T17:36:08.727+0000] {processor.py:829} INFO - Processing file /opt/airflow/dags/ingest_local_folder_dag.py for tasks to queue
[2026-01-08T17:36:08.728+0000] {logging_mixin.py:151} INFO - [2026-01-08T17:36:08.727+0000] {dagbag.py:539} INFO - Filling up the DagBag from /opt/airflow/dags/ingest_local_folder_dag.py
[2026-01-08T17:36:09.187+0000] {processor.py:839} INFO - DAG(s) dict_keys(['ingestionDAG']) retrieved from /opt/airflow/dags/ingest_local_folder_dag.py
[2026-01-08T17:36:09.229+0000] {logging_mixin.py:151} INFO - [2026-01-08T17:36:09.228+0000] {dag.py:2915} INFO - Sync 1 DAGs
[2026-01-08T17:36:09.258+0000] {logging_mixin.py:151} INFO - [2026-01-08T17:36:09.258+0000] {dag.py:3696} INFO - Setting next_dagrun for ingestionDAG to 2026-01-08T17:35:39.258161+00:00, run_after=2026-01-08T17:36:09.258161+00:00
[2026-01-08T17:36:09.280+0000] {processor.py:179} INFO - Processing /opt/airflow/dags/ingest_local_folder_dag.py took 0.560 seconds
[2026-01-08T17:36:39.875+0000] {processor.py:157} INFO - Started process (PID=1584) to work on /opt/airflow/dags/ingest_local_folder_dag.py
[2026-01-08T17:36:39.876+0000] {processor.py:829} INFO - Processing file /opt/airflow/dags/ingest_local_folder_dag.py for tasks to queue
[2026-01-08T17:36:39.877+0000] {logging_mixin.py:151} INFO - [2026-01-08T17:36:39.876+0000] {dagbag.py:539} INFO - Filling up the DagBag from /opt/airflow/dags/ingest_local_folder_dag.py
[2026-01-08T17:36:40.334+0000] {processor.py:839} INFO - DAG(s) dict_keys(['ingestionDAG']) retrieved from /opt/airflow/dags/ingest_local_folder_dag.py
[2026-01-08T17:36:40.369+0000] {logging_mixin.py:151} INFO - [2026-01-08T17:36:40.369+0000] {dag.py:2915} INFO - Sync 1 DAGs
[2026-01-08T17:36:40.394+0000] {logging_mixin.py:151} INFO - [2026-01-08T17:36:40.394+0000] {dag.py:3696} INFO - Setting next_dagrun for ingestionDAG to 2026-01-08T17:36:10.393995+00:00, run_after=2026-01-08T17:36:40.393995+00:00
[2026-01-08T17:36:40.416+0000] {processor.py:179} INFO - Processing /opt/airflow/dags/ingest_local_folder_dag.py took 0.546 seconds
[2026-01-08T17:37:11.010+0000] {processor.py:157} INFO - Started process (PID=1597) to work on /opt/airflow/dags/ingest_local_folder_dag.py
[2026-01-08T17:37:11.012+0000] {processor.py:829} INFO - Processing file /opt/airflow/dags/ingest_local_folder_dag.py for tasks to queue
[2026-01-08T17:37:11.013+0000] {logging_mixin.py:151} INFO - [2026-01-08T17:37:11.012+0000] {dagbag.py:539} INFO - Filling up the DagBag from /opt/airflow/dags/ingest_local_folder_dag.py
[2026-01-08T17:37:11.459+0000] {processor.py:839} INFO - DAG(s) dict_keys(['ingestionDAG']) retrieved from /opt/airflow/dags/ingest_local_folder_dag.py
[2026-01-08T17:37:11.497+0000] {logging_mixin.py:151} INFO - [2026-01-08T17:37:11.497+0000] {dag.py:2915} INFO - Sync 1 DAGs
[2026-01-08T17:37:11.524+0000] {logging_mixin.py:151} INFO - [2026-01-08T17:37:11.523+0000] {dag.py:3696} INFO - Setting next_dagrun for ingestionDAG to 2026-01-08T17:36:41.523696+00:00, run_after=2026-01-08T17:37:11.523696+00:00
[2026-01-08T17:37:11.544+0000] {processor.py:179} INFO - Processing /opt/airflow/dags/ingest_local_folder_dag.py took 0.538 seconds
[2026-01-08T17:37:41.704+0000] {processor.py:157} INFO - Started process (PID=1610) to work on /opt/airflow/dags/ingest_local_folder_dag.py
[2026-01-08T17:37:41.705+0000] {processor.py:829} INFO - Processing file /opt/airflow/dags/ingest_local_folder_dag.py for tasks to queue
[2026-01-08T17:37:41.706+0000] {logging_mixin.py:151} INFO - [2026-01-08T17:37:41.705+0000] {dagbag.py:539} INFO - Filling up the DagBag from /opt/airflow/dags/ingest_local_folder_dag.py
[2026-01-08T17:37:42.193+0000] {processor.py:839} INFO - DAG(s) dict_keys(['ingestionDAG']) retrieved from /opt/airflow/dags/ingest_local_folder_dag.py
[2026-01-08T17:37:42.245+0000] {logging_mixin.py:151} INFO - [2026-01-08T17:37:42.244+0000] {dag.py:2915} INFO - Sync 1 DAGs
[2026-01-08T17:37:42.282+0000] {logging_mixin.py:151} INFO - [2026-01-08T17:37:42.282+0000] {dag.py:3696} INFO - Setting next_dagrun for ingestionDAG to 2026-01-08T17:37:12.281970+00:00, run_after=2026-01-08T17:37:42.281970+00:00
[2026-01-08T17:37:42.308+0000] {processor.py:179} INFO - Processing /opt/airflow/dags/ingest_local_folder_dag.py took 0.609 seconds
[2026-01-08T17:38:13.309+0000] {processor.py:157} INFO - Started process (PID=1623) to work on /opt/airflow/dags/ingest_local_folder_dag.py
[2026-01-08T17:38:13.310+0000] {processor.py:829} INFO - Processing file /opt/airflow/dags/ingest_local_folder_dag.py for tasks to queue
[2026-01-08T17:38:13.312+0000] {logging_mixin.py:151} INFO - [2026-01-08T17:38:13.311+0000] {dagbag.py:539} INFO - Filling up the DagBag from /opt/airflow/dags/ingest_local_folder_dag.py
[2026-01-08T17:38:13.778+0000] {processor.py:839} INFO - DAG(s) dict_keys(['ingestionDAG']) retrieved from /opt/airflow/dags/ingest_local_folder_dag.py
[2026-01-08T17:38:13.816+0000] {logging_mixin.py:151} INFO - [2026-01-08T17:38:13.815+0000] {dag.py:2915} INFO - Sync 1 DAGs
[2026-01-08T17:38:13.842+0000] {logging_mixin.py:151} INFO - [2026-01-08T17:38:13.841+0000] {dag.py:3696} INFO - Setting next_dagrun for ingestionDAG to 2026-01-08T17:37:43.841593+00:00, run_after=2026-01-08T17:38:13.841593+00:00
[2026-01-08T17:38:13.863+0000] {processor.py:179} INFO - Processing /opt/airflow/dags/ingest_local_folder_dag.py took 0.560 seconds
[2026-01-08T17:38:44.484+0000] {processor.py:157} INFO - Started process (PID=1636) to work on /opt/airflow/dags/ingest_local_folder_dag.py
[2026-01-08T17:38:44.486+0000] {processor.py:829} INFO - Processing file /opt/airflow/dags/ingest_local_folder_dag.py for tasks to queue
[2026-01-08T17:38:44.487+0000] {logging_mixin.py:151} INFO - [2026-01-08T17:38:44.486+0000] {dagbag.py:539} INFO - Filling up the DagBag from /opt/airflow/dags/ingest_local_folder_dag.py
[2026-01-08T17:38:44.952+0000] {processor.py:839} INFO - DAG(s) dict_keys(['ingestionDAG']) retrieved from /opt/airflow/dags/ingest_local_folder_dag.py
[2026-01-08T17:38:44.992+0000] {logging_mixin.py:151} INFO - [2026-01-08T17:38:44.992+0000] {dag.py:2915} INFO - Sync 1 DAGs
[2026-01-08T17:38:45.018+0000] {logging_mixin.py:151} INFO - [2026-01-08T17:38:45.018+0000] {dag.py:3696} INFO - Setting next_dagrun for ingestionDAG to 2026-01-08T17:38:15.018179+00:00, run_after=2026-01-08T17:38:45.018179+00:00
[2026-01-08T17:38:45.040+0000] {processor.py:179} INFO - Processing /opt/airflow/dags/ingest_local_folder_dag.py took 0.561 seconds
[2026-01-08T17:39:15.659+0000] {processor.py:157} INFO - Started process (PID=1649) to work on /opt/airflow/dags/ingest_local_folder_dag.py
[2026-01-08T17:39:15.660+0000] {processor.py:829} INFO - Processing file /opt/airflow/dags/ingest_local_folder_dag.py for tasks to queue
[2026-01-08T17:39:15.662+0000] {logging_mixin.py:151} INFO - [2026-01-08T17:39:15.661+0000] {dagbag.py:539} INFO - Filling up the DagBag from /opt/airflow/dags/ingest_local_folder_dag.py
[2026-01-08T17:39:16.110+0000] {processor.py:839} INFO - DAG(s) dict_keys(['ingestionDAG']) retrieved from /opt/airflow/dags/ingest_local_folder_dag.py
[2026-01-08T17:39:16.147+0000] {logging_mixin.py:151} INFO - [2026-01-08T17:39:16.146+0000] {dag.py:2915} INFO - Sync 1 DAGs
[2026-01-08T17:39:16.173+0000] {logging_mixin.py:151} INFO - [2026-01-08T17:39:16.173+0000] {dag.py:3696} INFO - Setting next_dagrun for ingestionDAG to 2026-01-08T17:38:46.172936+00:00, run_after=2026-01-08T17:39:16.172936+00:00
[2026-01-08T17:39:16.192+0000] {processor.py:179} INFO - Processing /opt/airflow/dags/ingest_local_folder_dag.py took 0.541 seconds
[2026-01-08T17:39:46.340+0000] {processor.py:157} INFO - Started process (PID=1662) to work on /opt/airflow/dags/ingest_local_folder_dag.py
[2026-01-08T17:39:46.341+0000] {processor.py:829} INFO - Processing file /opt/airflow/dags/ingest_local_folder_dag.py for tasks to queue
[2026-01-08T17:39:46.342+0000] {logging_mixin.py:151} INFO - [2026-01-08T17:39:46.341+0000] {dagbag.py:539} INFO - Filling up the DagBag from /opt/airflow/dags/ingest_local_folder_dag.py
[2026-01-08T17:39:46.796+0000] {processor.py:839} INFO - DAG(s) dict_keys(['ingestionDAG']) retrieved from /opt/airflow/dags/ingest_local_folder_dag.py
[2026-01-08T17:39:46.834+0000] {logging_mixin.py:151} INFO - [2026-01-08T17:39:46.834+0000] {dag.py:2915} INFO - Sync 1 DAGs
[2026-01-08T17:39:46.861+0000] {logging_mixin.py:151} INFO - [2026-01-08T17:39:46.861+0000] {dag.py:3696} INFO - Setting next_dagrun for ingestionDAG to 2026-01-08T17:39:16.861455+00:00, run_after=2026-01-08T17:39:46.861455+00:00
[2026-01-08T17:39:46.882+0000] {processor.py:179} INFO - Processing /opt/airflow/dags/ingest_local_folder_dag.py took 0.547 seconds
[2026-01-08T17:40:16.943+0000] {processor.py:157} INFO - Started process (PID=1675) to work on /opt/airflow/dags/ingest_local_folder_dag.py
[2026-01-08T17:40:16.944+0000] {processor.py:829} INFO - Processing file /opt/airflow/dags/ingest_local_folder_dag.py for tasks to queue
[2026-01-08T17:40:16.945+0000] {logging_mixin.py:151} INFO - [2026-01-08T17:40:16.945+0000] {dagbag.py:539} INFO - Filling up the DagBag from /opt/airflow/dags/ingest_local_folder_dag.py
[2026-01-08T17:40:17.424+0000] {processor.py:839} INFO - DAG(s) dict_keys(['ingestionDAG']) retrieved from /opt/airflow/dags/ingest_local_folder_dag.py
[2026-01-08T17:40:17.463+0000] {logging_mixin.py:151} INFO - [2026-01-08T17:40:17.463+0000] {dag.py:2915} INFO - Sync 1 DAGs
[2026-01-08T17:40:17.491+0000] {logging_mixin.py:151} INFO - [2026-01-08T17:40:17.491+0000] {dag.py:3696} INFO - Setting next_dagrun for ingestionDAG to 2026-01-08T17:39:47.490744+00:00, run_after=2026-01-08T17:40:17.490744+00:00
[2026-01-08T17:40:17.513+0000] {processor.py:179} INFO - Processing /opt/airflow/dags/ingest_local_folder_dag.py took 0.575 seconds
[2026-01-08T17:40:48.078+0000] {processor.py:157} INFO - Started process (PID=1688) to work on /opt/airflow/dags/ingest_local_folder_dag.py
[2026-01-08T17:40:48.079+0000] {processor.py:829} INFO - Processing file /opt/airflow/dags/ingest_local_folder_dag.py for tasks to queue
[2026-01-08T17:40:48.080+0000] {logging_mixin.py:151} INFO - [2026-01-08T17:40:48.080+0000] {dagbag.py:539} INFO - Filling up the DagBag from /opt/airflow/dags/ingest_local_folder_dag.py
[2026-01-08T17:40:48.542+0000] {processor.py:839} INFO - DAG(s) dict_keys(['ingestionDAG']) retrieved from /opt/airflow/dags/ingest_local_folder_dag.py
[2026-01-08T17:40:48.582+0000] {logging_mixin.py:151} INFO - [2026-01-08T17:40:48.582+0000] {dag.py:2915} INFO - Sync 1 DAGs
[2026-01-08T17:40:48.609+0000] {logging_mixin.py:151} INFO - [2026-01-08T17:40:48.609+0000] {dag.py:3696} INFO - Setting next_dagrun for ingestionDAG to 2026-01-08T17:40:18.609312+00:00, run_after=2026-01-08T17:40:48.609312+00:00
[2026-01-08T17:40:48.637+0000] {processor.py:179} INFO - Processing /opt/airflow/dags/ingest_local_folder_dag.py took 0.564 seconds
[2026-01-08T17:41:18.809+0000] {processor.py:157} INFO - Started process (PID=1701) to work on /opt/airflow/dags/ingest_local_folder_dag.py
[2026-01-08T17:41:18.810+0000] {processor.py:829} INFO - Processing file /opt/airflow/dags/ingest_local_folder_dag.py for tasks to queue
[2026-01-08T17:41:18.811+0000] {logging_mixin.py:151} INFO - [2026-01-08T17:41:18.810+0000] {dagbag.py:539} INFO - Filling up the DagBag from /opt/airflow/dags/ingest_local_folder_dag.py
[2026-01-08T17:41:19.252+0000] {processor.py:839} INFO - DAG(s) dict_keys(['ingestionDAG']) retrieved from /opt/airflow/dags/ingest_local_folder_dag.py
[2026-01-08T17:41:19.288+0000] {logging_mixin.py:151} INFO - [2026-01-08T17:41:19.288+0000] {dag.py:2915} INFO - Sync 1 DAGs
[2026-01-08T17:41:19.314+0000] {logging_mixin.py:151} INFO - [2026-01-08T17:41:19.314+0000] {dag.py:3696} INFO - Setting next_dagrun for ingestionDAG to 2026-01-08T17:40:49.313789+00:00, run_after=2026-01-08T17:41:19.313789+00:00
[2026-01-08T17:41:19.336+0000] {processor.py:179} INFO - Processing /opt/airflow/dags/ingest_local_folder_dag.py took 0.532 seconds
[2026-01-08T17:41:49.379+0000] {processor.py:157} INFO - Started process (PID=1714) to work on /opt/airflow/dags/ingest_local_folder_dag.py
[2026-01-08T17:41:49.380+0000] {processor.py:829} INFO - Processing file /opt/airflow/dags/ingest_local_folder_dag.py for tasks to queue
[2026-01-08T17:41:49.381+0000] {logging_mixin.py:151} INFO - [2026-01-08T17:41:49.380+0000] {dagbag.py:539} INFO - Filling up the DagBag from /opt/airflow/dags/ingest_local_folder_dag.py
[2026-01-08T17:41:49.844+0000] {processor.py:839} INFO - DAG(s) dict_keys(['ingestionDAG']) retrieved from /opt/airflow/dags/ingest_local_folder_dag.py
[2026-01-08T17:41:49.882+0000] {logging_mixin.py:151} INFO - [2026-01-08T17:41:49.882+0000] {dag.py:2915} INFO - Sync 1 DAGs
[2026-01-08T17:41:49.909+0000] {logging_mixin.py:151} INFO - [2026-01-08T17:41:49.909+0000] {dag.py:3696} INFO - Setting next_dagrun for ingestionDAG to 2026-01-08T17:41:19.908858+00:00, run_after=2026-01-08T17:41:49.908858+00:00
[2026-01-08T17:41:49.930+0000] {processor.py:179} INFO - Processing /opt/airflow/dags/ingest_local_folder_dag.py took 0.556 seconds
[2026-01-08T17:42:20.515+0000] {processor.py:157} INFO - Started process (PID=1727) to work on /opt/airflow/dags/ingest_local_folder_dag.py
[2026-01-08T17:42:20.517+0000] {processor.py:829} INFO - Processing file /opt/airflow/dags/ingest_local_folder_dag.py for tasks to queue
[2026-01-08T17:42:20.518+0000] {logging_mixin.py:151} INFO - [2026-01-08T17:42:20.518+0000] {dagbag.py:539} INFO - Filling up the DagBag from /opt/airflow/dags/ingest_local_folder_dag.py
[2026-01-08T17:42:21.017+0000] {processor.py:839} INFO - DAG(s) dict_keys(['ingestionDAG']) retrieved from /opt/airflow/dags/ingest_local_folder_dag.py
[2026-01-08T17:42:21.060+0000] {logging_mixin.py:151} INFO - [2026-01-08T17:42:21.060+0000] {dag.py:2915} INFO - Sync 1 DAGs
[2026-01-08T17:42:21.090+0000] {logging_mixin.py:151} INFO - [2026-01-08T17:42:21.090+0000] {dag.py:3696} INFO - Setting next_dagrun for ingestionDAG to 2026-01-08T17:41:51.089867+00:00, run_after=2026-01-08T17:42:21.089867+00:00
[2026-01-08T17:42:21.113+0000] {processor.py:179} INFO - Processing /opt/airflow/dags/ingest_local_folder_dag.py took 0.604 seconds
[2026-01-08T17:42:51.754+0000] {processor.py:157} INFO - Started process (PID=1740) to work on /opt/airflow/dags/ingest_local_folder_dag.py
[2026-01-08T17:42:51.757+0000] {processor.py:829} INFO - Processing file /opt/airflow/dags/ingest_local_folder_dag.py for tasks to queue
[2026-01-08T17:42:51.758+0000] {logging_mixin.py:151} INFO - [2026-01-08T17:42:51.758+0000] {dagbag.py:539} INFO - Filling up the DagBag from /opt/airflow/dags/ingest_local_folder_dag.py
[2026-01-08T17:42:52.236+0000] {processor.py:839} INFO - DAG(s) dict_keys(['ingestionDAG']) retrieved from /opt/airflow/dags/ingest_local_folder_dag.py
[2026-01-08T17:42:52.275+0000] {logging_mixin.py:151} INFO - [2026-01-08T17:42:52.275+0000] {dag.py:2915} INFO - Sync 1 DAGs
[2026-01-08T17:42:52.303+0000] {logging_mixin.py:151} INFO - [2026-01-08T17:42:52.302+0000] {dag.py:3696} INFO - Setting next_dagrun for ingestionDAG to 2026-01-08T17:42:22.302578+00:00, run_after=2026-01-08T17:42:52.302578+00:00
[2026-01-08T17:42:52.327+0000] {processor.py:179} INFO - Processing /opt/airflow/dags/ingest_local_folder_dag.py took 0.582 seconds
[2026-01-08T17:43:22.896+0000] {processor.py:157} INFO - Started process (PID=1753) to work on /opt/airflow/dags/ingest_local_folder_dag.py
[2026-01-08T17:43:22.897+0000] {processor.py:829} INFO - Processing file /opt/airflow/dags/ingest_local_folder_dag.py for tasks to queue
[2026-01-08T17:43:22.898+0000] {logging_mixin.py:151} INFO - [2026-01-08T17:43:22.898+0000] {dagbag.py:539} INFO - Filling up the DagBag from /opt/airflow/dags/ingest_local_folder_dag.py
[2026-01-08T17:43:23.330+0000] {processor.py:839} INFO - DAG(s) dict_keys(['ingestionDAG']) retrieved from /opt/airflow/dags/ingest_local_folder_dag.py
[2026-01-08T17:43:23.367+0000] {logging_mixin.py:151} INFO - [2026-01-08T17:43:23.366+0000] {dag.py:2915} INFO - Sync 1 DAGs
[2026-01-08T17:43:23.393+0000] {logging_mixin.py:151} INFO - [2026-01-08T17:43:23.392+0000] {dag.py:3696} INFO - Setting next_dagrun for ingestionDAG to 2026-01-08T17:42:53.392714+00:00, run_after=2026-01-08T17:43:23.392714+00:00
[2026-01-08T17:43:23.417+0000] {processor.py:179} INFO - Processing /opt/airflow/dags/ingest_local_folder_dag.py took 0.525 seconds
[2026-01-08T17:43:53.575+0000] {processor.py:157} INFO - Started process (PID=1766) to work on /opt/airflow/dags/ingest_local_folder_dag.py
[2026-01-08T17:43:53.577+0000] {processor.py:829} INFO - Processing file /opt/airflow/dags/ingest_local_folder_dag.py for tasks to queue
[2026-01-08T17:43:53.578+0000] {logging_mixin.py:151} INFO - [2026-01-08T17:43:53.577+0000] {dagbag.py:539} INFO - Filling up the DagBag from /opt/airflow/dags/ingest_local_folder_dag.py
[2026-01-08T17:43:54.014+0000] {processor.py:839} INFO - DAG(s) dict_keys(['ingestionDAG']) retrieved from /opt/airflow/dags/ingest_local_folder_dag.py
[2026-01-08T17:43:54.051+0000] {logging_mixin.py:151} INFO - [2026-01-08T17:43:54.051+0000] {dag.py:2915} INFO - Sync 1 DAGs
[2026-01-08T17:43:54.076+0000] {logging_mixin.py:151} INFO - [2026-01-08T17:43:54.076+0000] {dag.py:3696} INFO - Setting next_dagrun for ingestionDAG to 2026-01-08T17:43:24.075857+00:00, run_after=2026-01-08T17:43:54.075857+00:00
[2026-01-08T17:43:54.095+0000] {processor.py:179} INFO - Processing /opt/airflow/dags/ingest_local_folder_dag.py took 0.525 seconds
[2026-01-08T17:44:24.265+0000] {processor.py:157} INFO - Started process (PID=1779) to work on /opt/airflow/dags/ingest_local_folder_dag.py
[2026-01-08T17:44:24.266+0000] {processor.py:829} INFO - Processing file /opt/airflow/dags/ingest_local_folder_dag.py for tasks to queue
[2026-01-08T17:44:24.267+0000] {logging_mixin.py:151} INFO - [2026-01-08T17:44:24.267+0000] {dagbag.py:539} INFO - Filling up the DagBag from /opt/airflow/dags/ingest_local_folder_dag.py
[2026-01-08T17:44:24.689+0000] {processor.py:839} INFO - DAG(s) dict_keys(['ingestionDAG']) retrieved from /opt/airflow/dags/ingest_local_folder_dag.py
[2026-01-08T17:44:24.729+0000] {logging_mixin.py:151} INFO - [2026-01-08T17:44:24.728+0000] {dag.py:2915} INFO - Sync 1 DAGs
[2026-01-08T17:44:24.754+0000] {logging_mixin.py:151} INFO - [2026-01-08T17:44:24.754+0000] {dag.py:3696} INFO - Setting next_dagrun for ingestionDAG to 2026-01-08T17:43:54.753822+00:00, run_after=2026-01-08T17:44:24.753822+00:00
[2026-01-08T17:44:24.773+0000] {processor.py:179} INFO - Processing /opt/airflow/dags/ingest_local_folder_dag.py took 0.512 seconds
[2026-01-08T17:44:55.412+0000] {processor.py:157} INFO - Started process (PID=1792) to work on /opt/airflow/dags/ingest_local_folder_dag.py
[2026-01-08T17:44:55.413+0000] {processor.py:829} INFO - Processing file /opt/airflow/dags/ingest_local_folder_dag.py for tasks to queue
[2026-01-08T17:44:55.414+0000] {logging_mixin.py:151} INFO - [2026-01-08T17:44:55.413+0000] {dagbag.py:539} INFO - Filling up the DagBag from /opt/airflow/dags/ingest_local_folder_dag.py
[2026-01-08T17:44:55.862+0000] {processor.py:839} INFO - DAG(s) dict_keys(['ingestionDAG']) retrieved from /opt/airflow/dags/ingest_local_folder_dag.py
[2026-01-08T17:44:55.899+0000] {logging_mixin.py:151} INFO - [2026-01-08T17:44:55.899+0000] {dag.py:2915} INFO - Sync 1 DAGs
[2026-01-08T17:44:55.925+0000] {logging_mixin.py:151} INFO - [2026-01-08T17:44:55.924+0000] {dag.py:3696} INFO - Setting next_dagrun for ingestionDAG to 2026-01-08T17:44:25.924647+00:00, run_after=2026-01-08T17:44:55.924647+00:00
[2026-01-08T17:44:55.969+0000] {processor.py:179} INFO - Processing /opt/airflow/dags/ingest_local_folder_dag.py took 0.562 seconds
[2026-01-08T17:45:26.564+0000] {processor.py:157} INFO - Started process (PID=1805) to work on /opt/airflow/dags/ingest_local_folder_dag.py
[2026-01-08T17:45:26.566+0000] {processor.py:829} INFO - Processing file /opt/airflow/dags/ingest_local_folder_dag.py for tasks to queue
[2026-01-08T17:45:26.568+0000] {logging_mixin.py:151} INFO - [2026-01-08T17:45:26.567+0000] {dagbag.py:539} INFO - Filling up the DagBag from /opt/airflow/dags/ingest_local_folder_dag.py
[2026-01-08T17:45:27.017+0000] {processor.py:839} INFO - DAG(s) dict_keys(['ingestionDAG']) retrieved from /opt/airflow/dags/ingest_local_folder_dag.py
[2026-01-08T17:45:27.054+0000] {logging_mixin.py:151} INFO - [2026-01-08T17:45:27.054+0000] {dag.py:2915} INFO - Sync 1 DAGs
[2026-01-08T17:45:27.082+0000] {logging_mixin.py:151} INFO - [2026-01-08T17:45:27.082+0000] {dag.py:3696} INFO - Setting next_dagrun for ingestionDAG to 2026-01-08T17:44:57.082531+00:00, run_after=2026-01-08T17:45:27.082531+00:00
[2026-01-08T17:45:27.103+0000] {processor.py:179} INFO - Processing /opt/airflow/dags/ingest_local_folder_dag.py took 0.545 seconds
[2026-01-08T17:45:57.250+0000] {processor.py:157} INFO - Started process (PID=1818) to work on /opt/airflow/dags/ingest_local_folder_dag.py
[2026-01-08T17:45:57.251+0000] {processor.py:829} INFO - Processing file /opt/airflow/dags/ingest_local_folder_dag.py for tasks to queue
[2026-01-08T17:45:57.252+0000] {logging_mixin.py:151} INFO - [2026-01-08T17:45:57.252+0000] {dagbag.py:539} INFO - Filling up the DagBag from /opt/airflow/dags/ingest_local_folder_dag.py
[2026-01-08T17:45:57.710+0000] {processor.py:839} INFO - DAG(s) dict_keys(['ingestionDAG']) retrieved from /opt/airflow/dags/ingest_local_folder_dag.py
[2026-01-08T17:45:57.755+0000] {logging_mixin.py:151} INFO - [2026-01-08T17:45:57.754+0000] {dag.py:2915} INFO - Sync 1 DAGs
[2026-01-08T17:45:57.785+0000] {logging_mixin.py:151} INFO - [2026-01-08T17:45:57.784+0000] {dag.py:3696} INFO - Setting next_dagrun for ingestionDAG to 2026-01-08T17:45:27.784636+00:00, run_after=2026-01-08T17:45:57.784636+00:00
[2026-01-08T17:45:57.809+0000] {processor.py:179} INFO - Processing /opt/airflow/dags/ingest_local_folder_dag.py took 0.564 seconds
[2026-01-08T17:46:27.860+0000] {processor.py:157} INFO - Started process (PID=1831) to work on /opt/airflow/dags/ingest_local_folder_dag.py
[2026-01-08T17:46:27.861+0000] {processor.py:829} INFO - Processing file /opt/airflow/dags/ingest_local_folder_dag.py for tasks to queue
[2026-01-08T17:46:27.862+0000] {logging_mixin.py:151} INFO - [2026-01-08T17:46:27.862+0000] {dagbag.py:539} INFO - Filling up the DagBag from /opt/airflow/dags/ingest_local_folder_dag.py
[2026-01-08T17:46:28.322+0000] {processor.py:839} INFO - DAG(s) dict_keys(['ingestionDAG']) retrieved from /opt/airflow/dags/ingest_local_folder_dag.py
[2026-01-08T17:46:28.368+0000] {logging_mixin.py:151} INFO - [2026-01-08T17:46:28.367+0000] {dag.py:2915} INFO - Sync 1 DAGs
[2026-01-08T17:46:28.394+0000] {logging_mixin.py:151} INFO - [2026-01-08T17:46:28.394+0000] {dag.py:3696} INFO - Setting next_dagrun for ingestionDAG to 2026-01-08T17:45:58.394102+00:00, run_after=2026-01-08T17:46:28.394102+00:00
[2026-01-08T17:46:28.418+0000] {processor.py:179} INFO - Processing /opt/airflow/dags/ingest_local_folder_dag.py took 0.562 seconds
[2026-01-08T17:46:58.986+0000] {processor.py:157} INFO - Started process (PID=1844) to work on /opt/airflow/dags/ingest_local_folder_dag.py
[2026-01-08T17:46:58.987+0000] {processor.py:829} INFO - Processing file /opt/airflow/dags/ingest_local_folder_dag.py for tasks to queue
[2026-01-08T17:46:58.988+0000] {logging_mixin.py:151} INFO - [2026-01-08T17:46:58.988+0000] {dagbag.py:539} INFO - Filling up the DagBag from /opt/airflow/dags/ingest_local_folder_dag.py
[2026-01-08T17:46:59.470+0000] {processor.py:839} INFO - DAG(s) dict_keys(['ingestionDAG']) retrieved from /opt/airflow/dags/ingest_local_folder_dag.py
[2026-01-08T17:46:59.508+0000] {logging_mixin.py:151} INFO - [2026-01-08T17:46:59.508+0000] {dag.py:2915} INFO - Sync 1 DAGs
[2026-01-08T17:46:59.534+0000] {logging_mixin.py:151} INFO - [2026-01-08T17:46:59.534+0000] {dag.py:3696} INFO - Setting next_dagrun for ingestionDAG to 2026-01-08T17:46:29.534094+00:00, run_after=2026-01-08T17:46:59.534094+00:00
[2026-01-08T17:46:59.557+0000] {processor.py:179} INFO - Processing /opt/airflow/dags/ingest_local_folder_dag.py took 0.578 seconds
[2026-01-08T17:47:30.126+0000] {processor.py:157} INFO - Started process (PID=1857) to work on /opt/airflow/dags/ingest_local_folder_dag.py
[2026-01-08T17:47:30.128+0000] {processor.py:829} INFO - Processing file /opt/airflow/dags/ingest_local_folder_dag.py for tasks to queue
[2026-01-08T17:47:30.129+0000] {logging_mixin.py:151} INFO - [2026-01-08T17:47:30.129+0000] {dagbag.py:539} INFO - Filling up the DagBag from /opt/airflow/dags/ingest_local_folder_dag.py
[2026-01-08T17:47:30.617+0000] {processor.py:839} INFO - DAG(s) dict_keys(['ingestionDAG']) retrieved from /opt/airflow/dags/ingest_local_folder_dag.py
[2026-01-08T17:47:30.654+0000] {logging_mixin.py:151} INFO - [2026-01-08T17:47:30.654+0000] {dag.py:2915} INFO - Sync 1 DAGs
[2026-01-08T17:47:30.684+0000] {logging_mixin.py:151} INFO - [2026-01-08T17:47:30.684+0000] {dag.py:3696} INFO - Setting next_dagrun for ingestionDAG to 2026-01-08T17:47:00.683924+00:00, run_after=2026-01-08T17:47:30.683924+00:00
[2026-01-08T17:47:30.704+0000] {processor.py:179} INFO - Processing /opt/airflow/dags/ingest_local_folder_dag.py took 0.583 seconds
[2026-01-08T17:48:00.845+0000] {processor.py:157} INFO - Started process (PID=1870) to work on /opt/airflow/dags/ingest_local_folder_dag.py
[2026-01-08T17:48:00.846+0000] {processor.py:829} INFO - Processing file /opt/airflow/dags/ingest_local_folder_dag.py for tasks to queue
[2026-01-08T17:48:00.847+0000] {logging_mixin.py:151} INFO - [2026-01-08T17:48:00.847+0000] {dagbag.py:539} INFO - Filling up the DagBag from /opt/airflow/dags/ingest_local_folder_dag.py
[2026-01-08T17:48:01.268+0000] {processor.py:839} INFO - DAG(s) dict_keys(['ingestionDAG']) retrieved from /opt/airflow/dags/ingest_local_folder_dag.py
[2026-01-08T17:48:01.304+0000] {logging_mixin.py:151} INFO - [2026-01-08T17:48:01.304+0000] {dag.py:2915} INFO - Sync 1 DAGs
[2026-01-08T17:48:01.329+0000] {logging_mixin.py:151} INFO - [2026-01-08T17:48:01.328+0000] {dag.py:3696} INFO - Setting next_dagrun for ingestionDAG to 2026-01-08T17:47:31.328779+00:00, run_after=2026-01-08T17:48:01.328779+00:00
[2026-01-08T17:48:01.348+0000] {processor.py:179} INFO - Processing /opt/airflow/dags/ingest_local_folder_dag.py took 0.507 seconds
[2026-01-08T17:48:31.480+0000] {processor.py:157} INFO - Started process (PID=1883) to work on /opt/airflow/dags/ingest_local_folder_dag.py
[2026-01-08T17:48:31.481+0000] {processor.py:829} INFO - Processing file /opt/airflow/dags/ingest_local_folder_dag.py for tasks to queue
[2026-01-08T17:48:31.482+0000] {logging_mixin.py:151} INFO - [2026-01-08T17:48:31.481+0000] {dagbag.py:539} INFO - Filling up the DagBag from /opt/airflow/dags/ingest_local_folder_dag.py
[2026-01-08T17:48:31.911+0000] {processor.py:839} INFO - DAG(s) dict_keys(['ingestionDAG']) retrieved from /opt/airflow/dags/ingest_local_folder_dag.py
[2026-01-08T17:48:31.952+0000] {logging_mixin.py:151} INFO - [2026-01-08T17:48:31.952+0000] {dag.py:2915} INFO - Sync 1 DAGs
[2026-01-08T17:48:31.977+0000] {logging_mixin.py:151} INFO - [2026-01-08T17:48:31.977+0000] {dag.py:3696} INFO - Setting next_dagrun for ingestionDAG to 2026-01-08T17:48:01.977434+00:00, run_after=2026-01-08T17:48:31.977434+00:00
[2026-01-08T17:48:32.003+0000] {processor.py:179} INFO - Processing /opt/airflow/dags/ingest_local_folder_dag.py took 0.528 seconds
[2026-01-08T17:49:02.651+0000] {processor.py:157} INFO - Started process (PID=1896) to work on /opt/airflow/dags/ingest_local_folder_dag.py
[2026-01-08T17:49:02.652+0000] {processor.py:829} INFO - Processing file /opt/airflow/dags/ingest_local_folder_dag.py for tasks to queue
[2026-01-08T17:49:02.654+0000] {logging_mixin.py:151} INFO - [2026-01-08T17:49:02.653+0000] {dagbag.py:539} INFO - Filling up the DagBag from /opt/airflow/dags/ingest_local_folder_dag.py
[2026-01-08T17:49:03.194+0000] {processor.py:839} INFO - DAG(s) dict_keys(['ingestionDAG']) retrieved from /opt/airflow/dags/ingest_local_folder_dag.py
[2026-01-08T17:49:03.243+0000] {logging_mixin.py:151} INFO - [2026-01-08T17:49:03.243+0000] {dag.py:2915} INFO - Sync 1 DAGs
[2026-01-08T17:49:03.276+0000] {logging_mixin.py:151} INFO - [2026-01-08T17:49:03.276+0000] {dag.py:3696} INFO - Setting next_dagrun for ingestionDAG to 2026-01-08T17:48:33.276119+00:00, run_after=2026-01-08T17:49:03.276119+00:00
[2026-01-08T17:49:03.300+0000] {processor.py:179} INFO - Processing /opt/airflow/dags/ingest_local_folder_dag.py took 0.656 seconds
[2026-01-08T17:49:34.049+0000] {processor.py:157} INFO - Started process (PID=1909) to work on /opt/airflow/dags/ingest_local_folder_dag.py
[2026-01-08T17:49:34.053+0000] {processor.py:829} INFO - Processing file /opt/airflow/dags/ingest_local_folder_dag.py for tasks to queue
[2026-01-08T17:49:34.054+0000] {logging_mixin.py:151} INFO - [2026-01-08T17:49:34.053+0000] {dagbag.py:539} INFO - Filling up the DagBag from /opt/airflow/dags/ingest_local_folder_dag.py
[2026-01-08T17:49:34.627+0000] {processor.py:839} INFO - DAG(s) dict_keys(['ingestionDAG']) retrieved from /opt/airflow/dags/ingest_local_folder_dag.py
[2026-01-08T17:49:34.688+0000] {logging_mixin.py:151} INFO - [2026-01-08T17:49:34.688+0000] {dag.py:2915} INFO - Sync 1 DAGs
[2026-01-08T17:49:34.719+0000] {logging_mixin.py:151} INFO - [2026-01-08T17:49:34.719+0000] {dag.py:3696} INFO - Setting next_dagrun for ingestionDAG to 2026-01-08T17:49:04.719308+00:00, run_after=2026-01-08T17:49:34.719308+00:00
[2026-01-08T17:49:34.751+0000] {processor.py:179} INFO - Processing /opt/airflow/dags/ingest_local_folder_dag.py took 0.707 seconds
[2026-01-08T17:50:05.465+0000] {processor.py:157} INFO - Started process (PID=1922) to work on /opt/airflow/dags/ingest_local_folder_dag.py
[2026-01-08T17:50:05.469+0000] {processor.py:829} INFO - Processing file /opt/airflow/dags/ingest_local_folder_dag.py for tasks to queue
[2026-01-08T17:50:05.470+0000] {logging_mixin.py:151} INFO - [2026-01-08T17:50:05.469+0000] {dagbag.py:539} INFO - Filling up the DagBag from /opt/airflow/dags/ingest_local_folder_dag.py
[2026-01-08T17:50:05.973+0000] {processor.py:839} INFO - DAG(s) dict_keys(['ingestionDAG']) retrieved from /opt/airflow/dags/ingest_local_folder_dag.py
[2026-01-08T17:50:06.021+0000] {logging_mixin.py:151} INFO - [2026-01-08T17:50:06.021+0000] {dag.py:2915} INFO - Sync 1 DAGs
[2026-01-08T17:50:06.059+0000] {logging_mixin.py:151} INFO - [2026-01-08T17:50:06.059+0000] {dag.py:3696} INFO - Setting next_dagrun for ingestionDAG to 2026-01-08T17:49:36.058957+00:00, run_after=2026-01-08T17:50:06.058957+00:00
[2026-01-08T17:50:06.083+0000] {processor.py:179} INFO - Processing /opt/airflow/dags/ingest_local_folder_dag.py took 0.624 seconds
[2026-01-08T17:50:36.777+0000] {processor.py:157} INFO - Started process (PID=1935) to work on /opt/airflow/dags/ingest_local_folder_dag.py
[2026-01-08T17:50:36.778+0000] {processor.py:829} INFO - Processing file /opt/airflow/dags/ingest_local_folder_dag.py for tasks to queue
[2026-01-08T17:50:36.781+0000] {logging_mixin.py:151} INFO - [2026-01-08T17:50:36.780+0000] {dagbag.py:539} INFO - Filling up the DagBag from /opt/airflow/dags/ingest_local_folder_dag.py
[2026-01-08T17:50:37.358+0000] {processor.py:839} INFO - DAG(s) dict_keys(['ingestionDAG']) retrieved from /opt/airflow/dags/ingest_local_folder_dag.py
[2026-01-08T17:50:37.406+0000] {logging_mixin.py:151} INFO - [2026-01-08T17:50:37.406+0000] {dag.py:2915} INFO - Sync 1 DAGs
[2026-01-08T17:50:37.439+0000] {logging_mixin.py:151} INFO - [2026-01-08T17:50:37.438+0000] {dag.py:3696} INFO - Setting next_dagrun for ingestionDAG to 2026-01-08T17:50:07.438535+00:00, run_after=2026-01-08T17:50:37.438535+00:00
[2026-01-08T17:50:37.463+0000] {processor.py:179} INFO - Processing /opt/airflow/dags/ingest_local_folder_dag.py took 0.694 seconds
[2026-01-08T17:51:08.021+0000] {processor.py:157} INFO - Started process (PID=1948) to work on /opt/airflow/dags/ingest_local_folder_dag.py
[2026-01-08T17:51:08.023+0000] {processor.py:829} INFO - Processing file /opt/airflow/dags/ingest_local_folder_dag.py for tasks to queue
[2026-01-08T17:51:08.024+0000] {logging_mixin.py:151} INFO - [2026-01-08T17:51:08.024+0000] {dagbag.py:539} INFO - Filling up the DagBag from /opt/airflow/dags/ingest_local_folder_dag.py
[2026-01-08T17:51:08.585+0000] {processor.py:839} INFO - DAG(s) dict_keys(['ingestionDAG']) retrieved from /opt/airflow/dags/ingest_local_folder_dag.py
[2026-01-08T17:51:08.635+0000] {logging_mixin.py:151} INFO - [2026-01-08T17:51:08.635+0000] {dag.py:2915} INFO - Sync 1 DAGs
[2026-01-08T17:51:08.674+0000] {logging_mixin.py:151} INFO - [2026-01-08T17:51:08.674+0000] {dag.py:3696} INFO - Setting next_dagrun for ingestionDAG to 2026-01-08T17:50:38.673789+00:00, run_after=2026-01-08T17:51:08.673789+00:00
[2026-01-08T17:51:08.708+0000] {processor.py:179} INFO - Processing /opt/airflow/dags/ingest_local_folder_dag.py took 0.694 seconds
[2026-01-08T17:51:39.356+0000] {processor.py:157} INFO - Started process (PID=1961) to work on /opt/airflow/dags/ingest_local_folder_dag.py
[2026-01-08T17:51:39.357+0000] {processor.py:829} INFO - Processing file /opt/airflow/dags/ingest_local_folder_dag.py for tasks to queue
[2026-01-08T17:51:39.359+0000] {logging_mixin.py:151} INFO - [2026-01-08T17:51:39.358+0000] {dagbag.py:539} INFO - Filling up the DagBag from /opt/airflow/dags/ingest_local_folder_dag.py
[2026-01-08T17:51:39.848+0000] {processor.py:839} INFO - DAG(s) dict_keys(['ingestionDAG']) retrieved from /opt/airflow/dags/ingest_local_folder_dag.py
[2026-01-08T17:51:39.899+0000] {logging_mixin.py:151} INFO - [2026-01-08T17:51:39.898+0000] {dag.py:2915} INFO - Sync 1 DAGs
[2026-01-08T17:51:39.934+0000] {logging_mixin.py:151} INFO - [2026-01-08T17:51:39.934+0000] {dag.py:3696} INFO - Setting next_dagrun for ingestionDAG to 2026-01-08T17:51:09.934078+00:00, run_after=2026-01-08T17:51:39.934078+00:00
[2026-01-08T17:51:39.959+0000] {processor.py:179} INFO - Processing /opt/airflow/dags/ingest_local_folder_dag.py took 0.608 seconds
[2026-01-08T17:52:10.730+0000] {processor.py:157} INFO - Started process (PID=1974) to work on /opt/airflow/dags/ingest_local_folder_dag.py
[2026-01-08T17:52:10.732+0000] {processor.py:829} INFO - Processing file /opt/airflow/dags/ingest_local_folder_dag.py for tasks to queue
[2026-01-08T17:52:10.733+0000] {logging_mixin.py:151} INFO - [2026-01-08T17:52:10.733+0000] {dagbag.py:539} INFO - Filling up the DagBag from /opt/airflow/dags/ingest_local_folder_dag.py
[2026-01-08T17:52:11.179+0000] {processor.py:839} INFO - DAG(s) dict_keys(['ingestionDAG']) retrieved from /opt/airflow/dags/ingest_local_folder_dag.py
[2026-01-08T17:52:11.218+0000] {logging_mixin.py:151} INFO - [2026-01-08T17:52:11.218+0000] {dag.py:2915} INFO - Sync 1 DAGs
[2026-01-08T17:52:11.243+0000] {logging_mixin.py:151} INFO - [2026-01-08T17:52:11.243+0000] {dag.py:3696} INFO - Setting next_dagrun for ingestionDAG to 2026-01-08T17:51:41.243407+00:00, run_after=2026-01-08T17:52:11.243407+00:00
[2026-01-08T17:52:11.271+0000] {processor.py:179} INFO - Processing /opt/airflow/dags/ingest_local_folder_dag.py took 0.545 seconds
[2026-01-08T17:52:41.984+0000] {processor.py:157} INFO - Started process (PID=1987) to work on /opt/airflow/dags/ingest_local_folder_dag.py
[2026-01-08T17:52:41.985+0000] {processor.py:829} INFO - Processing file /opt/airflow/dags/ingest_local_folder_dag.py for tasks to queue
[2026-01-08T17:52:41.986+0000] {logging_mixin.py:151} INFO - [2026-01-08T17:52:41.986+0000] {dagbag.py:539} INFO - Filling up the DagBag from /opt/airflow/dags/ingest_local_folder_dag.py
[2026-01-08T17:52:42.418+0000] {processor.py:839} INFO - DAG(s) dict_keys(['ingestionDAG']) retrieved from /opt/airflow/dags/ingest_local_folder_dag.py
[2026-01-08T17:52:42.456+0000] {logging_mixin.py:151} INFO - [2026-01-08T17:52:42.456+0000] {dag.py:2915} INFO - Sync 1 DAGs
[2026-01-08T17:52:42.484+0000] {logging_mixin.py:151} INFO - [2026-01-08T17:52:42.483+0000] {dag.py:3696} INFO - Setting next_dagrun for ingestionDAG to 2026-01-08T17:52:12.483673+00:00, run_after=2026-01-08T17:52:42.483673+00:00
[2026-01-08T17:52:42.512+0000] {processor.py:179} INFO - Processing /opt/airflow/dags/ingest_local_folder_dag.py took 0.532 seconds
[2026-01-08T17:53:13.111+0000] {processor.py:157} INFO - Started process (PID=2000) to work on /opt/airflow/dags/ingest_local_folder_dag.py
[2026-01-08T17:53:13.112+0000] {processor.py:829} INFO - Processing file /opt/airflow/dags/ingest_local_folder_dag.py for tasks to queue
[2026-01-08T17:53:13.113+0000] {logging_mixin.py:151} INFO - [2026-01-08T17:53:13.112+0000] {dagbag.py:539} INFO - Filling up the DagBag from /opt/airflow/dags/ingest_local_folder_dag.py
[2026-01-08T17:53:13.556+0000] {processor.py:839} INFO - DAG(s) dict_keys(['ingestionDAG']) retrieved from /opt/airflow/dags/ingest_local_folder_dag.py
[2026-01-08T17:53:13.594+0000] {logging_mixin.py:151} INFO - [2026-01-08T17:53:13.594+0000] {dag.py:2915} INFO - Sync 1 DAGs
[2026-01-08T17:53:13.620+0000] {logging_mixin.py:151} INFO - [2026-01-08T17:53:13.620+0000] {dag.py:3696} INFO - Setting next_dagrun for ingestionDAG to 2026-01-08T17:52:43.619993+00:00, run_after=2026-01-08T17:53:13.619993+00:00
[2026-01-08T17:53:13.639+0000] {processor.py:179} INFO - Processing /opt/airflow/dags/ingest_local_folder_dag.py took 0.534 seconds
[2026-01-08T17:53:43.782+0000] {processor.py:157} INFO - Started process (PID=2013) to work on /opt/airflow/dags/ingest_local_folder_dag.py
[2026-01-08T17:53:43.784+0000] {processor.py:829} INFO - Processing file /opt/airflow/dags/ingest_local_folder_dag.py for tasks to queue
[2026-01-08T17:53:43.786+0000] {logging_mixin.py:151} INFO - [2026-01-08T17:53:43.785+0000] {dagbag.py:539} INFO - Filling up the DagBag from /opt/airflow/dags/ingest_local_folder_dag.py
[2026-01-08T17:53:44.244+0000] {processor.py:839} INFO - DAG(s) dict_keys(['ingestionDAG']) retrieved from /opt/airflow/dags/ingest_local_folder_dag.py
[2026-01-08T17:53:44.280+0000] {logging_mixin.py:151} INFO - [2026-01-08T17:53:44.280+0000] {dag.py:2915} INFO - Sync 1 DAGs
[2026-01-08T17:53:44.305+0000] {logging_mixin.py:151} INFO - [2026-01-08T17:53:44.305+0000] {dag.py:3696} INFO - Setting next_dagrun for ingestionDAG to 2026-01-08T17:53:14.305159+00:00, run_after=2026-01-08T17:53:44.305159+00:00
[2026-01-08T17:53:44.324+0000] {processor.py:179} INFO - Processing /opt/airflow/dags/ingest_local_folder_dag.py took 0.547 seconds
[2026-01-08T17:54:14.454+0000] {processor.py:157} INFO - Started process (PID=2026) to work on /opt/airflow/dags/ingest_local_folder_dag.py
[2026-01-08T17:54:14.456+0000] {processor.py:829} INFO - Processing file /opt/airflow/dags/ingest_local_folder_dag.py for tasks to queue
[2026-01-08T17:54:14.457+0000] {logging_mixin.py:151} INFO - [2026-01-08T17:54:14.456+0000] {dagbag.py:539} INFO - Filling up the DagBag from /opt/airflow/dags/ingest_local_folder_dag.py
[2026-01-08T17:54:14.893+0000] {processor.py:839} INFO - DAG(s) dict_keys(['ingestionDAG']) retrieved from /opt/airflow/dags/ingest_local_folder_dag.py
[2026-01-08T17:54:14.931+0000] {logging_mixin.py:151} INFO - [2026-01-08T17:54:14.931+0000] {dag.py:2915} INFO - Sync 1 DAGs
[2026-01-08T17:54:14.956+0000] {logging_mixin.py:151} INFO - [2026-01-08T17:54:14.955+0000] {dag.py:3696} INFO - Setting next_dagrun for ingestionDAG to 2026-01-08T17:53:44.955705+00:00, run_after=2026-01-08T17:54:14.955705+00:00
[2026-01-08T17:54:14.975+0000] {processor.py:179} INFO - Processing /opt/airflow/dags/ingest_local_folder_dag.py took 0.525 seconds
[2026-01-08T17:54:45.117+0000] {processor.py:157} INFO - Started process (PID=2039) to work on /opt/airflow/dags/ingest_local_folder_dag.py
[2026-01-08T17:54:45.118+0000] {processor.py:829} INFO - Processing file /opt/airflow/dags/ingest_local_folder_dag.py for tasks to queue
[2026-01-08T17:54:45.119+0000] {logging_mixin.py:151} INFO - [2026-01-08T17:54:45.119+0000] {dagbag.py:539} INFO - Filling up the DagBag from /opt/airflow/dags/ingest_local_folder_dag.py
[2026-01-08T17:54:45.563+0000] {processor.py:839} INFO - DAG(s) dict_keys(['ingestionDAG']) retrieved from /opt/airflow/dags/ingest_local_folder_dag.py
[2026-01-08T17:54:45.595+0000] {logging_mixin.py:151} INFO - [2026-01-08T17:54:45.595+0000] {dag.py:2915} INFO - Sync 1 DAGs
[2026-01-08T17:54:45.617+0000] {logging_mixin.py:151} INFO - [2026-01-08T17:54:45.617+0000] {dag.py:3696} INFO - Setting next_dagrun for ingestionDAG to 2026-01-08T17:54:15.617372+00:00, run_after=2026-01-08T17:54:45.617372+00:00
[2026-01-08T17:54:45.638+0000] {processor.py:179} INFO - Processing /opt/airflow/dags/ingest_local_folder_dag.py took 0.525 seconds
[2026-01-08T17:55:15.676+0000] {processor.py:157} INFO - Started process (PID=2052) to work on /opt/airflow/dags/ingest_local_folder_dag.py
[2026-01-08T17:55:15.677+0000] {processor.py:829} INFO - Processing file /opt/airflow/dags/ingest_local_folder_dag.py for tasks to queue
[2026-01-08T17:55:15.678+0000] {logging_mixin.py:151} INFO - [2026-01-08T17:55:15.678+0000] {dagbag.py:539} INFO - Filling up the DagBag from /opt/airflow/dags/ingest_local_folder_dag.py
[2026-01-08T17:55:16.109+0000] {processor.py:839} INFO - DAG(s) dict_keys(['ingestionDAG']) retrieved from /opt/airflow/dags/ingest_local_folder_dag.py
[2026-01-08T17:55:16.144+0000] {logging_mixin.py:151} INFO - [2026-01-08T17:55:16.144+0000] {dag.py:2915} INFO - Sync 1 DAGs
[2026-01-08T17:55:16.168+0000] {logging_mixin.py:151} INFO - [2026-01-08T17:55:16.168+0000] {dag.py:3696} INFO - Setting next_dagrun for ingestionDAG to 2026-01-08T17:54:46.168152+00:00, run_after=2026-01-08T17:55:16.168152+00:00
[2026-01-08T17:55:16.189+0000] {processor.py:179} INFO - Processing /opt/airflow/dags/ingest_local_folder_dag.py took 0.517 seconds
[2026-01-08T17:55:46.321+0000] {processor.py:157} INFO - Started process (PID=2065) to work on /opt/airflow/dags/ingest_local_folder_dag.py
[2026-01-08T17:55:46.322+0000] {processor.py:829} INFO - Processing file /opt/airflow/dags/ingest_local_folder_dag.py for tasks to queue
[2026-01-08T17:55:46.323+0000] {logging_mixin.py:151} INFO - [2026-01-08T17:55:46.323+0000] {dagbag.py:539} INFO - Filling up the DagBag from /opt/airflow/dags/ingest_local_folder_dag.py
[2026-01-08T17:55:46.762+0000] {processor.py:839} INFO - DAG(s) dict_keys(['ingestionDAG']) retrieved from /opt/airflow/dags/ingest_local_folder_dag.py
[2026-01-08T17:55:46.797+0000] {logging_mixin.py:151} INFO - [2026-01-08T17:55:46.797+0000] {dag.py:2915} INFO - Sync 1 DAGs
[2026-01-08T17:55:46.823+0000] {logging_mixin.py:151} INFO - [2026-01-08T17:55:46.823+0000] {dag.py:3696} INFO - Setting next_dagrun for ingestionDAG to 2026-01-08T17:55:16.823479+00:00, run_after=2026-01-08T17:55:46.823479+00:00
[2026-01-08T17:55:46.841+0000] {processor.py:179} INFO - Processing /opt/airflow/dags/ingest_local_folder_dag.py took 0.525 seconds
