[2026-04-30T00:00:00.892+0000] {processor.py:157} INFO - Started process (PID=4972) to work on /opt/airflow/dags/ingest_local_folder_dag.py
[2026-04-30T00:00:00.895+0000] {processor.py:829} INFO - Processing file /opt/airflow/dags/ingest_local_folder_dag.py for tasks to queue
[2026-04-30T00:00:00.899+0000] {logging_mixin.py:151} INFO - [2026-04-30T00:00:00.897+0000] {dagbag.py:539} INFO - Filling up the DagBag from /opt/airflow/dags/ingest_local_folder_dag.py
[2026-04-30T00:00:01.260+0000] {processor.py:839} INFO - DAG(s) dict_keys(['ingestionDAG']) retrieved from /opt/airflow/dags/ingest_local_folder_dag.py
[2026-04-30T00:00:01.302+0000] {logging_mixin.py:151} INFO - [2026-04-30T00:00:01.302+0000] {dag.py:2915} INFO - Sync 1 DAGs
[2026-04-30T00:00:01.333+0000] {logging_mixin.py:151} INFO - [2026-04-30T00:00:01.333+0000] {dag.py:3696} INFO - Setting next_dagrun for ingestionDAG to 2026-04-29T23:59:31.332972+00:00, run_after=2026-04-30T00:00:01.332972+00:00
[2026-04-30T00:00:01.359+0000] {processor.py:179} INFO - Processing /opt/airflow/dags/ingest_local_folder_dag.py took 0.480 seconds
[2026-04-30T00:00:31.700+0000] {processor.py:157} INFO - Started process (PID=4990) to work on /opt/airflow/dags/ingest_local_folder_dag.py
[2026-04-30T00:00:31.703+0000] {processor.py:829} INFO - Processing file /opt/airflow/dags/ingest_local_folder_dag.py for tasks to queue
[2026-04-30T00:00:31.706+0000] {logging_mixin.py:151} INFO - [2026-04-30T00:00:31.705+0000] {dagbag.py:539} INFO - Filling up the DagBag from /opt/airflow/dags/ingest_local_folder_dag.py
[2026-04-30T00:00:32.014+0000] {processor.py:839} INFO - DAG(s) dict_keys(['ingestionDAG']) retrieved from /opt/airflow/dags/ingest_local_folder_dag.py
[2026-04-30T00:00:32.061+0000] {logging_mixin.py:151} INFO - [2026-04-30T00:00:32.061+0000] {dag.py:2915} INFO - Sync 1 DAGs
[2026-04-30T00:00:32.096+0000] {logging_mixin.py:151} INFO - [2026-04-30T00:00:32.095+0000] {dag.py:3696} INFO - Setting next_dagrun for ingestionDAG to 2026-04-30T00:00:02.095550+00:00, run_after=2026-04-30T00:00:32.095550+00:00
[2026-04-30T00:00:32.122+0000] {processor.py:179} INFO - Processing /opt/airflow/dags/ingest_local_folder_dag.py took 0.433 seconds
[2026-04-30T00:01:02.307+0000] {processor.py:157} INFO - Started process (PID=5011) to work on /opt/airflow/dags/ingest_local_folder_dag.py
[2026-04-30T00:01:02.310+0000] {processor.py:829} INFO - Processing file /opt/airflow/dags/ingest_local_folder_dag.py for tasks to queue
[2026-04-30T00:01:02.313+0000] {logging_mixin.py:151} INFO - [2026-04-30T00:01:02.312+0000] {dagbag.py:539} INFO - Filling up the DagBag from /opt/airflow/dags/ingest_local_folder_dag.py
[2026-04-30T00:01:02.610+0000] {processor.py:839} INFO - DAG(s) dict_keys(['ingestionDAG']) retrieved from /opt/airflow/dags/ingest_local_folder_dag.py
[2026-04-30T00:01:02.656+0000] {logging_mixin.py:151} INFO - [2026-04-30T00:01:02.656+0000] {dag.py:2915} INFO - Sync 1 DAGs
[2026-04-30T00:01:02.687+0000] {logging_mixin.py:151} INFO - [2026-04-30T00:01:02.687+0000] {dag.py:3696} INFO - Setting next_dagrun for ingestionDAG to 2026-04-30T00:00:32.686696+00:00, run_after=2026-04-30T00:01:02.686696+00:00
[2026-04-30T00:01:02.712+0000] {processor.py:179} INFO - Processing /opt/airflow/dags/ingest_local_folder_dag.py took 0.417 seconds
[2026-04-30T00:01:32.804+0000] {processor.py:157} INFO - Started process (PID=5032) to work on /opt/airflow/dags/ingest_local_folder_dag.py
[2026-04-30T00:01:32.807+0000] {processor.py:829} INFO - Processing file /opt/airflow/dags/ingest_local_folder_dag.py for tasks to queue
[2026-04-30T00:01:32.810+0000] {logging_mixin.py:151} INFO - [2026-04-30T00:01:32.809+0000] {dagbag.py:539} INFO - Filling up the DagBag from /opt/airflow/dags/ingest_local_folder_dag.py
[2026-04-30T00:01:33.116+0000] {processor.py:839} INFO - DAG(s) dict_keys(['ingestionDAG']) retrieved from /opt/airflow/dags/ingest_local_folder_dag.py
[2026-04-30T00:01:33.161+0000] {logging_mixin.py:151} INFO - [2026-04-30T00:01:33.161+0000] {dag.py:2915} INFO - Sync 1 DAGs
[2026-04-30T00:01:33.193+0000] {logging_mixin.py:151} INFO - [2026-04-30T00:01:33.193+0000] {dag.py:3696} INFO - Setting next_dagrun for ingestionDAG to 2026-04-30T00:01:03.193031+00:00, run_after=2026-04-30T00:01:33.193031+00:00
[2026-04-30T00:01:33.216+0000] {processor.py:179} INFO - Processing /opt/airflow/dags/ingest_local_folder_dag.py took 0.423 seconds
[2026-04-30T00:02:03.403+0000] {processor.py:157} INFO - Started process (PID=5050) to work on /opt/airflow/dags/ingest_local_folder_dag.py
[2026-04-30T00:02:03.406+0000] {processor.py:829} INFO - Processing file /opt/airflow/dags/ingest_local_folder_dag.py for tasks to queue
[2026-04-30T00:02:03.408+0000] {logging_mixin.py:151} INFO - [2026-04-30T00:02:03.407+0000] {dagbag.py:539} INFO - Filling up the DagBag from /opt/airflow/dags/ingest_local_folder_dag.py
[2026-04-30T00:02:03.807+0000] {processor.py:839} INFO - DAG(s) dict_keys(['ingestionDAG']) retrieved from /opt/airflow/dags/ingest_local_folder_dag.py
[2026-04-30T00:02:03.854+0000] {logging_mixin.py:151} INFO - [2026-04-30T00:02:03.854+0000] {dag.py:2915} INFO - Sync 1 DAGs
[2026-04-30T00:02:03.885+0000] {logging_mixin.py:151} INFO - [2026-04-30T00:02:03.885+0000] {dag.py:3696} INFO - Setting next_dagrun for ingestionDAG to 2026-04-30T00:01:33.884833+00:00, run_after=2026-04-30T00:02:03.884833+00:00
[2026-04-30T00:02:03.908+0000] {processor.py:179} INFO - Processing /opt/airflow/dags/ingest_local_folder_dag.py took 0.519 seconds
[2026-04-30T00:02:34.259+0000] {processor.py:157} INFO - Started process (PID=5071) to work on /opt/airflow/dags/ingest_local_folder_dag.py
[2026-04-30T00:02:34.262+0000] {processor.py:829} INFO - Processing file /opt/airflow/dags/ingest_local_folder_dag.py for tasks to queue
[2026-04-30T00:02:34.265+0000] {logging_mixin.py:151} INFO - [2026-04-30T00:02:34.264+0000] {dagbag.py:539} INFO - Filling up the DagBag from /opt/airflow/dags/ingest_local_folder_dag.py
[2026-04-30T00:02:34.554+0000] {processor.py:839} INFO - DAG(s) dict_keys(['ingestionDAG']) retrieved from /opt/airflow/dags/ingest_local_folder_dag.py
[2026-04-30T00:02:34.596+0000] {logging_mixin.py:151} INFO - [2026-04-30T00:02:34.596+0000] {dag.py:2915} INFO - Sync 1 DAGs
[2026-04-30T00:02:34.633+0000] {logging_mixin.py:151} INFO - [2026-04-30T00:02:34.632+0000] {dag.py:3696} INFO - Setting next_dagrun for ingestionDAG to 2026-04-30T00:02:04.632309+00:00, run_after=2026-04-30T00:02:34.632309+00:00
[2026-04-30T00:02:34.663+0000] {processor.py:179} INFO - Processing /opt/airflow/dags/ingest_local_folder_dag.py took 0.415 seconds
[2026-04-30T00:03:04.863+0000] {processor.py:157} INFO - Started process (PID=5092) to work on /opt/airflow/dags/ingest_local_folder_dag.py
[2026-04-30T00:03:04.866+0000] {processor.py:829} INFO - Processing file /opt/airflow/dags/ingest_local_folder_dag.py for tasks to queue
[2026-04-30T00:03:04.868+0000] {logging_mixin.py:151} INFO - [2026-04-30T00:03:04.867+0000] {dagbag.py:539} INFO - Filling up the DagBag from /opt/airflow/dags/ingest_local_folder_dag.py
[2026-04-30T00:03:05.164+0000] {processor.py:839} INFO - DAG(s) dict_keys(['ingestionDAG']) retrieved from /opt/airflow/dags/ingest_local_folder_dag.py
[2026-04-30T00:03:05.206+0000] {logging_mixin.py:151} INFO - [2026-04-30T00:03:05.206+0000] {dag.py:2915} INFO - Sync 1 DAGs
[2026-04-30T00:03:05.237+0000] {logging_mixin.py:151} INFO - [2026-04-30T00:03:05.237+0000] {dag.py:3696} INFO - Setting next_dagrun for ingestionDAG to 2026-04-30T00:02:35.237192+00:00, run_after=2026-04-30T00:03:05.237192+00:00
[2026-04-30T00:03:05.277+0000] {processor.py:179} INFO - Processing /opt/airflow/dags/ingest_local_folder_dag.py took 0.424 seconds
[2026-04-30T00:03:35.507+0000] {processor.py:157} INFO - Started process (PID=5110) to work on /opt/airflow/dags/ingest_local_folder_dag.py
[2026-04-30T00:03:35.510+0000] {processor.py:829} INFO - Processing file /opt/airflow/dags/ingest_local_folder_dag.py for tasks to queue
[2026-04-30T00:03:35.512+0000] {logging_mixin.py:151} INFO - [2026-04-30T00:03:35.511+0000] {dagbag.py:539} INFO - Filling up the DagBag from /opt/airflow/dags/ingest_local_folder_dag.py
[2026-04-30T00:03:35.819+0000] {processor.py:839} INFO - DAG(s) dict_keys(['ingestionDAG']) retrieved from /opt/airflow/dags/ingest_local_folder_dag.py
[2026-04-30T00:03:35.866+0000] {logging_mixin.py:151} INFO - [2026-04-30T00:03:35.866+0000] {dag.py:2915} INFO - Sync 1 DAGs
[2026-04-30T00:03:35.899+0000] {logging_mixin.py:151} INFO - [2026-04-30T00:03:35.899+0000] {dag.py:3696} INFO - Setting next_dagrun for ingestionDAG to 2026-04-30T00:03:05.898777+00:00, run_after=2026-04-30T00:03:35.898777+00:00
[2026-04-30T00:03:35.924+0000] {processor.py:179} INFO - Processing /opt/airflow/dags/ingest_local_folder_dag.py took 0.428 seconds
[2026-04-30T00:04:06.917+0000] {processor.py:157} INFO - Started process (PID=5131) to work on /opt/airflow/dags/ingest_local_folder_dag.py
[2026-04-30T00:04:06.920+0000] {processor.py:829} INFO - Processing file /opt/airflow/dags/ingest_local_folder_dag.py for tasks to queue
[2026-04-30T00:04:06.923+0000] {logging_mixin.py:151} INFO - [2026-04-30T00:04:06.921+0000] {dagbag.py:539} INFO - Filling up the DagBag from /opt/airflow/dags/ingest_local_folder_dag.py
[2026-04-30T00:04:07.322+0000] {processor.py:839} INFO - DAG(s) dict_keys(['ingestionDAG']) retrieved from /opt/airflow/dags/ingest_local_folder_dag.py
[2026-04-30T00:04:07.375+0000] {logging_mixin.py:151} INFO - [2026-04-30T00:04:07.375+0000] {dag.py:2915} INFO - Sync 1 DAGs
[2026-04-30T00:04:07.410+0000] {logging_mixin.py:151} INFO - [2026-04-30T00:04:07.410+0000] {dag.py:3696} INFO - Setting next_dagrun for ingestionDAG to 2026-04-30T00:03:37.410081+00:00, run_after=2026-04-30T00:04:07.410081+00:00
[2026-04-30T00:04:07.441+0000] {processor.py:179} INFO - Processing /opt/airflow/dags/ingest_local_folder_dag.py took 0.537 seconds
[2026-04-30T00:04:37.539+0000] {processor.py:157} INFO - Started process (PID=5152) to work on /opt/airflow/dags/ingest_local_folder_dag.py
[2026-04-30T00:04:37.543+0000] {processor.py:829} INFO - Processing file /opt/airflow/dags/ingest_local_folder_dag.py for tasks to queue
[2026-04-30T00:04:37.545+0000] {logging_mixin.py:151} INFO - [2026-04-30T00:04:37.544+0000] {dagbag.py:539} INFO - Filling up the DagBag from /opt/airflow/dags/ingest_local_folder_dag.py
[2026-04-30T00:04:37.909+0000] {processor.py:839} INFO - DAG(s) dict_keys(['ingestionDAG']) retrieved from /opt/airflow/dags/ingest_local_folder_dag.py
[2026-04-30T00:04:37.962+0000] {logging_mixin.py:151} INFO - [2026-04-30T00:04:37.962+0000] {dag.py:2915} INFO - Sync 1 DAGs
[2026-04-30T00:04:37.997+0000] {logging_mixin.py:151} INFO - [2026-04-30T00:04:37.997+0000] {dag.py:3696} INFO - Setting next_dagrun for ingestionDAG to 2026-04-30T00:04:07.997208+00:00, run_after=2026-04-30T00:04:37.997208+00:00
[2026-04-30T00:04:38.026+0000] {processor.py:179} INFO - Processing /opt/airflow/dags/ingest_local_folder_dag.py took 0.499 seconds
[2026-04-30T00:05:08.793+0000] {processor.py:157} INFO - Started process (PID=5170) to work on /opt/airflow/dags/ingest_local_folder_dag.py
[2026-04-30T00:05:08.795+0000] {processor.py:829} INFO - Processing file /opt/airflow/dags/ingest_local_folder_dag.py for tasks to queue
[2026-04-30T00:05:08.797+0000] {logging_mixin.py:151} INFO - [2026-04-30T00:05:08.796+0000] {dagbag.py:539} INFO - Filling up the DagBag from /opt/airflow/dags/ingest_local_folder_dag.py
[2026-04-30T00:05:09.142+0000] {processor.py:839} INFO - DAG(s) dict_keys(['ingestionDAG']) retrieved from /opt/airflow/dags/ingest_local_folder_dag.py
[2026-04-30T00:05:09.190+0000] {logging_mixin.py:151} INFO - [2026-04-30T00:05:09.189+0000] {dag.py:2915} INFO - Sync 1 DAGs
[2026-04-30T00:05:09.222+0000] {logging_mixin.py:151} INFO - [2026-04-30T00:05:09.222+0000] {dag.py:3696} INFO - Setting next_dagrun for ingestionDAG to 2026-04-30T00:04:39.221739+00:00, run_after=2026-04-30T00:05:09.221739+00:00
[2026-04-30T00:05:09.248+0000] {processor.py:179} INFO - Processing /opt/airflow/dags/ingest_local_folder_dag.py took 0.461 seconds
[2026-04-30T00:05:39.416+0000] {processor.py:157} INFO - Started process (PID=5191) to work on /opt/airflow/dags/ingest_local_folder_dag.py
[2026-04-30T00:05:39.419+0000] {processor.py:829} INFO - Processing file /opt/airflow/dags/ingest_local_folder_dag.py for tasks to queue
[2026-04-30T00:05:39.422+0000] {logging_mixin.py:151} INFO - [2026-04-30T00:05:39.421+0000] {dagbag.py:539} INFO - Filling up the DagBag from /opt/airflow/dags/ingest_local_folder_dag.py
[2026-04-30T00:05:39.844+0000] {processor.py:839} INFO - DAG(s) dict_keys(['ingestionDAG']) retrieved from /opt/airflow/dags/ingest_local_folder_dag.py
[2026-04-30T00:05:39.889+0000] {logging_mixin.py:151} INFO - [2026-04-30T00:05:39.888+0000] {dag.py:2915} INFO - Sync 1 DAGs
[2026-04-30T00:05:39.920+0000] {logging_mixin.py:151} INFO - [2026-04-30T00:05:39.920+0000] {dag.py:3696} INFO - Setting next_dagrun for ingestionDAG to 2026-04-30T00:05:09.920152+00:00, run_after=2026-04-30T00:05:39.920152+00:00
[2026-04-30T00:05:39.947+0000] {processor.py:179} INFO - Processing /opt/airflow/dags/ingest_local_folder_dag.py took 0.544 seconds
[2026-04-30T00:06:10.666+0000] {processor.py:157} INFO - Started process (PID=5212) to work on /opt/airflow/dags/ingest_local_folder_dag.py
[2026-04-30T00:06:10.669+0000] {processor.py:829} INFO - Processing file /opt/airflow/dags/ingest_local_folder_dag.py for tasks to queue
[2026-04-30T00:06:10.672+0000] {logging_mixin.py:151} INFO - [2026-04-30T00:06:10.671+0000] {dagbag.py:539} INFO - Filling up the DagBag from /opt/airflow/dags/ingest_local_folder_dag.py
[2026-04-30T00:06:11.014+0000] {processor.py:839} INFO - DAG(s) dict_keys(['ingestionDAG']) retrieved from /opt/airflow/dags/ingest_local_folder_dag.py
[2026-04-30T00:06:11.067+0000] {logging_mixin.py:151} INFO - [2026-04-30T00:06:11.067+0000] {dag.py:2915} INFO - Sync 1 DAGs
[2026-04-30T00:06:11.101+0000] {logging_mixin.py:151} INFO - [2026-04-30T00:06:11.101+0000] {dag.py:3696} INFO - Setting next_dagrun for ingestionDAG to 2026-04-30T00:05:41.101206+00:00, run_after=2026-04-30T00:06:11.101206+00:00
[2026-04-30T00:06:11.129+0000] {processor.py:179} INFO - Processing /opt/airflow/dags/ingest_local_folder_dag.py took 0.475 seconds
[2026-04-30T00:06:41.748+0000] {processor.py:157} INFO - Started process (PID=5233) to work on /opt/airflow/dags/ingest_local_folder_dag.py
[2026-04-30T00:06:41.751+0000] {processor.py:829} INFO - Processing file /opt/airflow/dags/ingest_local_folder_dag.py for tasks to queue
[2026-04-30T00:06:41.754+0000] {logging_mixin.py:151} INFO - [2026-04-30T00:06:41.752+0000] {dagbag.py:539} INFO - Filling up the DagBag from /opt/airflow/dags/ingest_local_folder_dag.py
[2026-04-30T00:06:42.061+0000] {processor.py:839} INFO - DAG(s) dict_keys(['ingestionDAG']) retrieved from /opt/airflow/dags/ingest_local_folder_dag.py
[2026-04-30T00:06:42.105+0000] {logging_mixin.py:151} INFO - [2026-04-30T00:06:42.105+0000] {dag.py:2915} INFO - Sync 1 DAGs
[2026-04-30T00:06:42.134+0000] {logging_mixin.py:151} INFO - [2026-04-30T00:06:42.134+0000] {dag.py:3696} INFO - Setting next_dagrun for ingestionDAG to 2026-04-30T00:06:12.133920+00:00, run_after=2026-04-30T00:06:42.133920+00:00
[2026-04-30T00:06:42.157+0000] {processor.py:179} INFO - Processing /opt/airflow/dags/ingest_local_folder_dag.py took 0.419 seconds
[2026-04-30T00:07:13.033+0000] {processor.py:157} INFO - Started process (PID=5251) to work on /opt/airflow/dags/ingest_local_folder_dag.py
[2026-04-30T00:07:13.036+0000] {processor.py:829} INFO - Processing file /opt/airflow/dags/ingest_local_folder_dag.py for tasks to queue
[2026-04-30T00:07:13.038+0000] {logging_mixin.py:151} INFO - [2026-04-30T00:07:13.037+0000] {dagbag.py:539} INFO - Filling up the DagBag from /opt/airflow/dags/ingest_local_folder_dag.py
[2026-04-30T00:07:13.335+0000] {processor.py:839} INFO - DAG(s) dict_keys(['ingestionDAG']) retrieved from /opt/airflow/dags/ingest_local_folder_dag.py
[2026-04-30T00:07:13.376+0000] {logging_mixin.py:151} INFO - [2026-04-30T00:07:13.376+0000] {dag.py:2915} INFO - Sync 1 DAGs
[2026-04-30T00:07:13.405+0000] {logging_mixin.py:151} INFO - [2026-04-30T00:07:13.405+0000] {dag.py:3696} INFO - Setting next_dagrun for ingestionDAG to 2026-04-30T00:06:43.405096+00:00, run_after=2026-04-30T00:07:13.405096+00:00
[2026-04-30T00:07:13.427+0000] {processor.py:179} INFO - Processing /opt/airflow/dags/ingest_local_folder_dag.py took 0.405 seconds
[2026-04-30T00:07:43.703+0000] {processor.py:157} INFO - Started process (PID=5272) to work on /opt/airflow/dags/ingest_local_folder_dag.py
[2026-04-30T00:07:43.706+0000] {processor.py:829} INFO - Processing file /opt/airflow/dags/ingest_local_folder_dag.py for tasks to queue
[2026-04-30T00:07:43.708+0000] {logging_mixin.py:151} INFO - [2026-04-30T00:07:43.707+0000] {dagbag.py:539} INFO - Filling up the DagBag from /opt/airflow/dags/ingest_local_folder_dag.py
[2026-04-30T00:07:44.000+0000] {processor.py:839} INFO - DAG(s) dict_keys(['ingestionDAG']) retrieved from /opt/airflow/dags/ingest_local_folder_dag.py
[2026-04-30T00:07:44.043+0000] {logging_mixin.py:151} INFO - [2026-04-30T00:07:44.043+0000] {dag.py:2915} INFO - Sync 1 DAGs
[2026-04-30T00:07:44.071+0000] {logging_mixin.py:151} INFO - [2026-04-30T00:07:44.071+0000] {dag.py:3696} INFO - Setting next_dagrun for ingestionDAG to 2026-04-30T00:07:14.071424+00:00, run_after=2026-04-30T00:07:44.071424+00:00
[2026-04-30T00:07:44.094+0000] {processor.py:179} INFO - Processing /opt/airflow/dags/ingest_local_folder_dag.py took 0.400 seconds
[2026-04-30T00:08:14.355+0000] {processor.py:157} INFO - Started process (PID=5293) to work on /opt/airflow/dags/ingest_local_folder_dag.py
[2026-04-30T00:08:14.358+0000] {processor.py:829} INFO - Processing file /opt/airflow/dags/ingest_local_folder_dag.py for tasks to queue
[2026-04-30T00:08:14.360+0000] {logging_mixin.py:151} INFO - [2026-04-30T00:08:14.359+0000] {dagbag.py:539} INFO - Filling up the DagBag from /opt/airflow/dags/ingest_local_folder_dag.py
[2026-04-30T00:08:14.690+0000] {processor.py:839} INFO - DAG(s) dict_keys(['ingestionDAG']) retrieved from /opt/airflow/dags/ingest_local_folder_dag.py
[2026-04-30T00:08:14.733+0000] {logging_mixin.py:151} INFO - [2026-04-30T00:08:14.733+0000] {dag.py:2915} INFO - Sync 1 DAGs
[2026-04-30T00:08:14.762+0000] {logging_mixin.py:151} INFO - [2026-04-30T00:08:14.761+0000] {dag.py:3696} INFO - Setting next_dagrun for ingestionDAG to 2026-04-30T00:07:44.761537+00:00, run_after=2026-04-30T00:08:14.761537+00:00
[2026-04-30T00:08:14.784+0000] {processor.py:179} INFO - Processing /opt/airflow/dags/ingest_local_folder_dag.py took 0.441 seconds
[2026-04-30T00:08:45.053+0000] {processor.py:157} INFO - Started process (PID=5311) to work on /opt/airflow/dags/ingest_local_folder_dag.py
[2026-04-30T00:08:45.055+0000] {processor.py:829} INFO - Processing file /opt/airflow/dags/ingest_local_folder_dag.py for tasks to queue
[2026-04-30T00:08:45.058+0000] {logging_mixin.py:151} INFO - [2026-04-30T00:08:45.057+0000] {dagbag.py:539} INFO - Filling up the DagBag from /opt/airflow/dags/ingest_local_folder_dag.py
[2026-04-30T00:08:45.341+0000] {processor.py:839} INFO - DAG(s) dict_keys(['ingestionDAG']) retrieved from /opt/airflow/dags/ingest_local_folder_dag.py
[2026-04-30T00:08:45.381+0000] {logging_mixin.py:151} INFO - [2026-04-30T00:08:45.381+0000] {dag.py:2915} INFO - Sync 1 DAGs
[2026-04-30T00:08:45.412+0000] {logging_mixin.py:151} INFO - [2026-04-30T00:08:45.412+0000] {dag.py:3696} INFO - Setting next_dagrun for ingestionDAG to 2026-04-30T00:08:15.411713+00:00, run_after=2026-04-30T00:08:45.411713+00:00
[2026-04-30T00:08:45.433+0000] {processor.py:179} INFO - Processing /opt/airflow/dags/ingest_local_folder_dag.py took 0.390 seconds
[2026-04-30T00:09:15.519+0000] {processor.py:157} INFO - Started process (PID=5332) to work on /opt/airflow/dags/ingest_local_folder_dag.py
[2026-04-30T00:09:15.522+0000] {processor.py:829} INFO - Processing file /opt/airflow/dags/ingest_local_folder_dag.py for tasks to queue
[2026-04-30T00:09:15.524+0000] {logging_mixin.py:151} INFO - [2026-04-30T00:09:15.523+0000] {dagbag.py:539} INFO - Filling up the DagBag from /opt/airflow/dags/ingest_local_folder_dag.py
[2026-04-30T00:09:15.895+0000] {processor.py:839} INFO - DAG(s) dict_keys(['ingestionDAG']) retrieved from /opt/airflow/dags/ingest_local_folder_dag.py
[2026-04-30T00:09:15.940+0000] {logging_mixin.py:151} INFO - [2026-04-30T00:09:15.940+0000] {dag.py:2915} INFO - Sync 1 DAGs
[2026-04-30T00:09:15.966+0000] {logging_mixin.py:151} INFO - [2026-04-30T00:09:15.966+0000] {dag.py:3696} INFO - Setting next_dagrun for ingestionDAG to 2026-04-30T00:08:45.966415+00:00, run_after=2026-04-30T00:09:15.966415+00:00
[2026-04-30T00:09:15.988+0000] {processor.py:179} INFO - Processing /opt/airflow/dags/ingest_local_folder_dag.py took 0.479 seconds
[2026-04-30T00:09:46.807+0000] {processor.py:157} INFO - Started process (PID=5353) to work on /opt/airflow/dags/ingest_local_folder_dag.py
[2026-04-30T00:09:46.810+0000] {processor.py:829} INFO - Processing file /opt/airflow/dags/ingest_local_folder_dag.py for tasks to queue
[2026-04-30T00:09:46.812+0000] {logging_mixin.py:151} INFO - [2026-04-30T00:09:46.811+0000] {dagbag.py:539} INFO - Filling up the DagBag from /opt/airflow/dags/ingest_local_folder_dag.py
[2026-04-30T00:09:47.130+0000] {processor.py:839} INFO - DAG(s) dict_keys(['ingestionDAG']) retrieved from /opt/airflow/dags/ingest_local_folder_dag.py
[2026-04-30T00:09:47.176+0000] {logging_mixin.py:151} INFO - [2026-04-30T00:09:47.175+0000] {dag.py:2915} INFO - Sync 1 DAGs
[2026-04-30T00:09:47.211+0000] {logging_mixin.py:151} INFO - [2026-04-30T00:09:47.211+0000] {dag.py:3696} INFO - Setting next_dagrun for ingestionDAG to 2026-04-30T00:09:17.210677+00:00, run_after=2026-04-30T00:09:47.210677+00:00
[2026-04-30T00:09:47.238+0000] {processor.py:179} INFO - Processing /opt/airflow/dags/ingest_local_folder_dag.py took 0.442 seconds
[2026-04-30T00:10:17.503+0000] {processor.py:157} INFO - Started process (PID=5369) to work on /opt/airflow/dags/ingest_local_folder_dag.py
[2026-04-30T00:10:17.505+0000] {processor.py:829} INFO - Processing file /opt/airflow/dags/ingest_local_folder_dag.py for tasks to queue
[2026-04-30T00:10:17.506+0000] {logging_mixin.py:151} INFO - [2026-04-30T00:10:17.505+0000] {dagbag.py:539} INFO - Filling up the DagBag from /opt/airflow/dags/ingest_local_folder_dag.py
[2026-04-30T00:10:17.763+0000] {processor.py:839} INFO - DAG(s) dict_keys(['ingestionDAG']) retrieved from /opt/airflow/dags/ingest_local_folder_dag.py
[2026-04-30T00:10:17.806+0000] {logging_mixin.py:151} INFO - [2026-04-30T00:10:17.806+0000] {dag.py:2915} INFO - Sync 1 DAGs
[2026-04-30T00:10:17.836+0000] {logging_mixin.py:151} INFO - [2026-04-30T00:10:17.836+0000] {dag.py:3696} INFO - Setting next_dagrun for ingestionDAG to 2026-04-30T00:09:47.836255+00:00, run_after=2026-04-30T00:10:17.836255+00:00
[2026-04-30T00:10:17.859+0000] {processor.py:179} INFO - Processing /opt/airflow/dags/ingest_local_folder_dag.py took 0.360 seconds
[2026-04-30T00:10:48.140+0000] {processor.py:157} INFO - Started process (PID=5389) to work on /opt/airflow/dags/ingest_local_folder_dag.py
[2026-04-30T00:10:48.142+0000] {processor.py:829} INFO - Processing file /opt/airflow/dags/ingest_local_folder_dag.py for tasks to queue
[2026-04-30T00:10:48.145+0000] {logging_mixin.py:151} INFO - [2026-04-30T00:10:48.144+0000] {dagbag.py:539} INFO - Filling up the DagBag from /opt/airflow/dags/ingest_local_folder_dag.py
[2026-04-30T00:10:48.429+0000] {processor.py:839} INFO - DAG(s) dict_keys(['ingestionDAG']) retrieved from /opt/airflow/dags/ingest_local_folder_dag.py
[2026-04-30T00:10:48.473+0000] {logging_mixin.py:151} INFO - [2026-04-30T00:10:48.472+0000] {dag.py:2915} INFO - Sync 1 DAGs
[2026-04-30T00:10:48.502+0000] {logging_mixin.py:151} INFO - [2026-04-30T00:10:48.502+0000] {dag.py:3696} INFO - Setting next_dagrun for ingestionDAG to 2026-04-30T00:10:18.502185+00:00, run_after=2026-04-30T00:10:48.502185+00:00
[2026-04-30T00:10:48.524+0000] {processor.py:179} INFO - Processing /opt/airflow/dags/ingest_local_folder_dag.py took 0.395 seconds
[2026-04-30T00:11:18.620+0000] {processor.py:157} INFO - Started process (PID=5407) to work on /opt/airflow/dags/ingest_local_folder_dag.py
[2026-04-30T00:11:18.622+0000] {processor.py:829} INFO - Processing file /opt/airflow/dags/ingest_local_folder_dag.py for tasks to queue
[2026-04-30T00:11:18.625+0000] {logging_mixin.py:151} INFO - [2026-04-30T00:11:18.624+0000] {dagbag.py:539} INFO - Filling up the DagBag from /opt/airflow/dags/ingest_local_folder_dag.py
[2026-04-30T00:11:18.927+0000] {processor.py:839} INFO - DAG(s) dict_keys(['ingestionDAG']) retrieved from /opt/airflow/dags/ingest_local_folder_dag.py
[2026-04-30T00:11:18.977+0000] {logging_mixin.py:151} INFO - [2026-04-30T00:11:18.976+0000] {dag.py:2915} INFO - Sync 1 DAGs
[2026-04-30T00:11:19.011+0000] {logging_mixin.py:151} INFO - [2026-04-30T00:11:19.011+0000] {dag.py:3696} INFO - Setting next_dagrun for ingestionDAG to 2026-04-30T00:10:49.011329+00:00, run_after=2026-04-30T00:11:19.011329+00:00
[2026-04-30T00:11:19.036+0000] {processor.py:179} INFO - Processing /opt/airflow/dags/ingest_local_folder_dag.py took 0.427 seconds
[2026-04-30T00:11:49.868+0000] {processor.py:157} INFO - Started process (PID=5425) to work on /opt/airflow/dags/ingest_local_folder_dag.py
[2026-04-30T00:11:49.871+0000] {processor.py:829} INFO - Processing file /opt/airflow/dags/ingest_local_folder_dag.py for tasks to queue
[2026-04-30T00:11:49.874+0000] {logging_mixin.py:151} INFO - [2026-04-30T00:11:49.873+0000] {dagbag.py:539} INFO - Filling up the DagBag from /opt/airflow/dags/ingest_local_folder_dag.py
[2026-04-30T00:11:50.250+0000] {processor.py:839} INFO - DAG(s) dict_keys(['ingestionDAG']) retrieved from /opt/airflow/dags/ingest_local_folder_dag.py
[2026-04-30T00:11:50.296+0000] {logging_mixin.py:151} INFO - [2026-04-30T00:11:50.296+0000] {dag.py:2915} INFO - Sync 1 DAGs
[2026-04-30T00:11:50.330+0000] {logging_mixin.py:151} INFO - [2026-04-30T00:11:50.330+0000] {dag.py:3696} INFO - Setting next_dagrun for ingestionDAG to 2026-04-30T00:11:20.330084+00:00, run_after=2026-04-30T00:11:50.330084+00:00
[2026-04-30T00:11:50.356+0000] {processor.py:179} INFO - Processing /opt/airflow/dags/ingest_local_folder_dag.py took 0.499 seconds
[2026-04-30T00:12:20.443+0000] {processor.py:157} INFO - Started process (PID=5446) to work on /opt/airflow/dags/ingest_local_folder_dag.py
[2026-04-30T00:12:20.446+0000] {processor.py:829} INFO - Processing file /opt/airflow/dags/ingest_local_folder_dag.py for tasks to queue
[2026-04-30T00:12:20.448+0000] {logging_mixin.py:151} INFO - [2026-04-30T00:12:20.447+0000] {dagbag.py:539} INFO - Filling up the DagBag from /opt/airflow/dags/ingest_local_folder_dag.py
[2026-04-30T00:12:20.754+0000] {processor.py:839} INFO - DAG(s) dict_keys(['ingestionDAG']) retrieved from /opt/airflow/dags/ingest_local_folder_dag.py
[2026-04-30T00:12:20.797+0000] {logging_mixin.py:151} INFO - [2026-04-30T00:12:20.797+0000] {dag.py:2915} INFO - Sync 1 DAGs
[2026-04-30T00:12:20.829+0000] {logging_mixin.py:151} INFO - [2026-04-30T00:12:20.829+0000] {dag.py:3696} INFO - Setting next_dagrun for ingestionDAG to 2026-04-30T00:11:50.828879+00:00, run_after=2026-04-30T00:12:20.828879+00:00
[2026-04-30T00:12:20.855+0000] {processor.py:179} INFO - Processing /opt/airflow/dags/ingest_local_folder_dag.py took 0.423 seconds
[2026-04-30T00:12:50.922+0000] {processor.py:157} INFO - Started process (PID=5467) to work on /opt/airflow/dags/ingest_local_folder_dag.py
[2026-04-30T00:12:50.923+0000] {processor.py:829} INFO - Processing file /opt/airflow/dags/ingest_local_folder_dag.py for tasks to queue
[2026-04-30T00:12:50.924+0000] {logging_mixin.py:151} INFO - [2026-04-30T00:12:50.924+0000] {dagbag.py:539} INFO - Filling up the DagBag from /opt/airflow/dags/ingest_local_folder_dag.py
[2026-04-30T00:12:51.185+0000] {processor.py:839} INFO - DAG(s) dict_keys(['ingestionDAG']) retrieved from /opt/airflow/dags/ingest_local_folder_dag.py
[2026-04-30T00:12:51.227+0000] {logging_mixin.py:151} INFO - [2026-04-30T00:12:51.227+0000] {dag.py:2915} INFO - Sync 1 DAGs
[2026-04-30T00:12:51.263+0000] {logging_mixin.py:151} INFO - [2026-04-30T00:12:51.263+0000] {dag.py:3696} INFO - Setting next_dagrun for ingestionDAG to 2026-04-30T00:12:21.262748+00:00, run_after=2026-04-30T00:12:51.262748+00:00
[2026-04-30T00:12:51.293+0000] {processor.py:179} INFO - Processing /opt/airflow/dags/ingest_local_folder_dag.py took 0.377 seconds
[2026-04-30T00:13:21.435+0000] {processor.py:157} INFO - Started process (PID=5485) to work on /opt/airflow/dags/ingest_local_folder_dag.py
[2026-04-30T00:13:21.437+0000] {processor.py:829} INFO - Processing file /opt/airflow/dags/ingest_local_folder_dag.py for tasks to queue
[2026-04-30T00:13:21.439+0000] {logging_mixin.py:151} INFO - [2026-04-30T00:13:21.438+0000] {dagbag.py:539} INFO - Filling up the DagBag from /opt/airflow/dags/ingest_local_folder_dag.py
[2026-04-30T00:13:21.732+0000] {processor.py:839} INFO - DAG(s) dict_keys(['ingestionDAG']) retrieved from /opt/airflow/dags/ingest_local_folder_dag.py
[2026-04-30T00:13:21.775+0000] {logging_mixin.py:151} INFO - [2026-04-30T00:13:21.775+0000] {dag.py:2915} INFO - Sync 1 DAGs
[2026-04-30T00:13:21.813+0000] {logging_mixin.py:151} INFO - [2026-04-30T00:13:21.813+0000] {dag.py:3696} INFO - Setting next_dagrun for ingestionDAG to 2026-04-30T00:12:51.813078+00:00, run_after=2026-04-30T00:13:21.813078+00:00
[2026-04-30T00:13:21.844+0000] {processor.py:179} INFO - Processing /opt/airflow/dags/ingest_local_folder_dag.py took 0.420 seconds
[2026-04-30T00:13:52.000+0000] {processor.py:157} INFO - Started process (PID=5506) to work on /opt/airflow/dags/ingest_local_folder_dag.py
[2026-04-30T00:13:52.003+0000] {processor.py:829} INFO - Processing file /opt/airflow/dags/ingest_local_folder_dag.py for tasks to queue
[2026-04-30T00:13:52.006+0000] {logging_mixin.py:151} INFO - [2026-04-30T00:13:52.004+0000] {dagbag.py:539} INFO - Filling up the DagBag from /opt/airflow/dags/ingest_local_folder_dag.py
[2026-04-30T00:13:52.418+0000] {processor.py:839} INFO - DAG(s) dict_keys(['ingestionDAG']) retrieved from /opt/airflow/dags/ingest_local_folder_dag.py
[2026-04-30T00:13:52.471+0000] {logging_mixin.py:151} INFO - [2026-04-30T00:13:52.470+0000] {dag.py:2915} INFO - Sync 1 DAGs
[2026-04-30T00:13:52.509+0000] {logging_mixin.py:151} INFO - [2026-04-30T00:13:52.509+0000] {dag.py:3696} INFO - Setting next_dagrun for ingestionDAG to 2026-04-30T00:13:22.509334+00:00, run_after=2026-04-30T00:13:52.509334+00:00
[2026-04-30T00:13:52.537+0000] {processor.py:179} INFO - Processing /opt/airflow/dags/ingest_local_folder_dag.py took 0.550 seconds
[2026-04-30T00:14:22.819+0000] {processor.py:157} INFO - Started process (PID=5527) to work on /opt/airflow/dags/ingest_local_folder_dag.py
[2026-04-30T00:14:22.822+0000] {processor.py:829} INFO - Processing file /opt/airflow/dags/ingest_local_folder_dag.py for tasks to queue
[2026-04-30T00:14:22.824+0000] {logging_mixin.py:151} INFO - [2026-04-30T00:14:22.823+0000] {dagbag.py:539} INFO - Filling up the DagBag from /opt/airflow/dags/ingest_local_folder_dag.py
[2026-04-30T00:14:23.174+0000] {processor.py:839} INFO - DAG(s) dict_keys(['ingestionDAG']) retrieved from /opt/airflow/dags/ingest_local_folder_dag.py
[2026-04-30T00:14:23.227+0000] {logging_mixin.py:151} INFO - [2026-04-30T00:14:23.227+0000] {dag.py:2915} INFO - Sync 1 DAGs
[2026-04-30T00:14:23.261+0000] {logging_mixin.py:151} INFO - [2026-04-30T00:14:23.261+0000] {dag.py:3696} INFO - Setting next_dagrun for ingestionDAG to 2026-04-30T00:13:53.260829+00:00, run_after=2026-04-30T00:14:23.260829+00:00
[2026-04-30T00:14:23.286+0000] {processor.py:179} INFO - Processing /opt/airflow/dags/ingest_local_folder_dag.py took 0.479 seconds
[2026-04-30T00:14:53.522+0000] {processor.py:157} INFO - Started process (PID=5545) to work on /opt/airflow/dags/ingest_local_folder_dag.py
[2026-04-30T00:14:53.525+0000] {processor.py:829} INFO - Processing file /opt/airflow/dags/ingest_local_folder_dag.py for tasks to queue
[2026-04-30T00:14:53.527+0000] {logging_mixin.py:151} INFO - [2026-04-30T00:14:53.526+0000] {dagbag.py:539} INFO - Filling up the DagBag from /opt/airflow/dags/ingest_local_folder_dag.py
[2026-04-30T00:14:53.901+0000] {processor.py:839} INFO - DAG(s) dict_keys(['ingestionDAG']) retrieved from /opt/airflow/dags/ingest_local_folder_dag.py
[2026-04-30T00:14:53.953+0000] {logging_mixin.py:151} INFO - [2026-04-30T00:14:53.953+0000] {dag.py:2915} INFO - Sync 1 DAGs
[2026-04-30T00:14:53.991+0000] {logging_mixin.py:151} INFO - [2026-04-30T00:14:53.991+0000] {dag.py:3696} INFO - Setting next_dagrun for ingestionDAG to 2026-04-30T00:14:23.990924+00:00, run_after=2026-04-30T00:14:53.990924+00:00
[2026-04-30T00:14:54.017+0000] {processor.py:179} INFO - Processing /opt/airflow/dags/ingest_local_folder_dag.py took 0.507 seconds
[2026-04-30T00:15:24.619+0000] {processor.py:157} INFO - Started process (PID=5566) to work on /opt/airflow/dags/ingest_local_folder_dag.py
[2026-04-30T00:15:24.623+0000] {processor.py:829} INFO - Processing file /opt/airflow/dags/ingest_local_folder_dag.py for tasks to queue
[2026-04-30T00:15:24.625+0000] {logging_mixin.py:151} INFO - [2026-04-30T00:15:24.624+0000] {dagbag.py:539} INFO - Filling up the DagBag from /opt/airflow/dags/ingest_local_folder_dag.py
[2026-04-30T00:15:24.909+0000] {processor.py:839} INFO - DAG(s) dict_keys(['ingestionDAG']) retrieved from /opt/airflow/dags/ingest_local_folder_dag.py
[2026-04-30T00:15:24.950+0000] {logging_mixin.py:151} INFO - [2026-04-30T00:15:24.950+0000] {dag.py:2915} INFO - Sync 1 DAGs
[2026-04-30T00:15:24.979+0000] {logging_mixin.py:151} INFO - [2026-04-30T00:15:24.979+0000] {dag.py:3696} INFO - Setting next_dagrun for ingestionDAG to 2026-04-30T00:14:54.979117+00:00, run_after=2026-04-30T00:15:24.979117+00:00
[2026-04-30T00:15:25.002+0000] {processor.py:179} INFO - Processing /opt/airflow/dags/ingest_local_folder_dag.py took 0.394 seconds
[2026-04-30T00:15:55.096+0000] {processor.py:157} INFO - Started process (PID=5587) to work on /opt/airflow/dags/ingest_local_folder_dag.py
[2026-04-30T00:15:55.098+0000] {processor.py:829} INFO - Processing file /opt/airflow/dags/ingest_local_folder_dag.py for tasks to queue
[2026-04-30T00:15:55.100+0000] {logging_mixin.py:151} INFO - [2026-04-30T00:15:55.099+0000] {dagbag.py:539} INFO - Filling up the DagBag from /opt/airflow/dags/ingest_local_folder_dag.py
[2026-04-30T00:15:55.432+0000] {processor.py:839} INFO - DAG(s) dict_keys(['ingestionDAG']) retrieved from /opt/airflow/dags/ingest_local_folder_dag.py
[2026-04-30T00:15:55.475+0000] {logging_mixin.py:151} INFO - [2026-04-30T00:15:55.475+0000] {dag.py:2915} INFO - Sync 1 DAGs
[2026-04-30T00:15:55.506+0000] {logging_mixin.py:151} INFO - [2026-04-30T00:15:55.506+0000] {dag.py:3696} INFO - Setting next_dagrun for ingestionDAG to 2026-04-30T00:15:25.505741+00:00, run_after=2026-04-30T00:15:55.505741+00:00
[2026-04-30T00:15:55.529+0000] {processor.py:179} INFO - Processing /opt/airflow/dags/ingest_local_folder_dag.py took 0.444 seconds
[2026-04-30T00:16:26.458+0000] {processor.py:157} INFO - Started process (PID=5608) to work on /opt/airflow/dags/ingest_local_folder_dag.py
[2026-04-30T00:16:26.460+0000] {processor.py:829} INFO - Processing file /opt/airflow/dags/ingest_local_folder_dag.py for tasks to queue
[2026-04-30T00:16:26.461+0000] {logging_mixin.py:151} INFO - [2026-04-30T00:16:26.460+0000] {dagbag.py:539} INFO - Filling up the DagBag from /opt/airflow/dags/ingest_local_folder_dag.py
[2026-04-30T00:16:26.698+0000] {processor.py:839} INFO - DAG(s) dict_keys(['ingestionDAG']) retrieved from /opt/airflow/dags/ingest_local_folder_dag.py
[2026-04-30T00:16:26.740+0000] {logging_mixin.py:151} INFO - [2026-04-30T00:16:26.740+0000] {dag.py:2915} INFO - Sync 1 DAGs
[2026-04-30T00:16:26.773+0000] {logging_mixin.py:151} INFO - [2026-04-30T00:16:26.773+0000] {dag.py:3696} INFO - Setting next_dagrun for ingestionDAG to 2026-04-30T00:15:56.772958+00:00, run_after=2026-04-30T00:16:26.772958+00:00
[2026-04-30T00:16:26.796+0000] {processor.py:179} INFO - Processing /opt/airflow/dags/ingest_local_folder_dag.py took 0.343 seconds
[2026-04-30T00:16:56.903+0000] {processor.py:157} INFO - Started process (PID=5626) to work on /opt/airflow/dags/ingest_local_folder_dag.py
[2026-04-30T00:16:56.905+0000] {processor.py:829} INFO - Processing file /opt/airflow/dags/ingest_local_folder_dag.py for tasks to queue
[2026-04-30T00:16:56.908+0000] {logging_mixin.py:151} INFO - [2026-04-30T00:16:56.906+0000] {dagbag.py:539} INFO - Filling up the DagBag from /opt/airflow/dags/ingest_local_folder_dag.py
[2026-04-30T00:16:57.191+0000] {processor.py:839} INFO - DAG(s) dict_keys(['ingestionDAG']) retrieved from /opt/airflow/dags/ingest_local_folder_dag.py
[2026-04-30T00:16:57.233+0000] {logging_mixin.py:151} INFO - [2026-04-30T00:16:57.232+0000] {dag.py:2915} INFO - Sync 1 DAGs
[2026-04-30T00:16:57.262+0000] {logging_mixin.py:151} INFO - [2026-04-30T00:16:57.262+0000] {dag.py:3696} INFO - Setting next_dagrun for ingestionDAG to 2026-04-30T00:16:27.261814+00:00, run_after=2026-04-30T00:16:57.261814+00:00
[2026-04-30T00:16:57.283+0000] {processor.py:179} INFO - Processing /opt/airflow/dags/ingest_local_folder_dag.py took 0.392 seconds
[2026-04-30T00:17:27.564+0000] {processor.py:157} INFO - Started process (PID=5647) to work on /opt/airflow/dags/ingest_local_folder_dag.py
[2026-04-30T00:17:27.567+0000] {processor.py:829} INFO - Processing file /opt/airflow/dags/ingest_local_folder_dag.py for tasks to queue
[2026-04-30T00:17:27.569+0000] {logging_mixin.py:151} INFO - [2026-04-30T00:17:27.568+0000] {dagbag.py:539} INFO - Filling up the DagBag from /opt/airflow/dags/ingest_local_folder_dag.py
[2026-04-30T00:17:27.846+0000] {processor.py:839} INFO - DAG(s) dict_keys(['ingestionDAG']) retrieved from /opt/airflow/dags/ingest_local_folder_dag.py
[2026-04-30T00:17:27.886+0000] {logging_mixin.py:151} INFO - [2026-04-30T00:17:27.886+0000] {dag.py:2915} INFO - Sync 1 DAGs
[2026-04-30T00:17:27.919+0000] {logging_mixin.py:151} INFO - [2026-04-30T00:17:27.919+0000] {dag.py:3696} INFO - Setting next_dagrun for ingestionDAG to 2026-04-30T00:16:57.918774+00:00, run_after=2026-04-30T00:17:27.918774+00:00
[2026-04-30T00:17:27.946+0000] {processor.py:179} INFO - Processing /opt/airflow/dags/ingest_local_folder_dag.py took 0.394 seconds
[2026-04-30T00:17:58.023+0000] {processor.py:157} INFO - Started process (PID=5668) to work on /opt/airflow/dags/ingest_local_folder_dag.py
[2026-04-30T00:17:58.024+0000] {processor.py:829} INFO - Processing file /opt/airflow/dags/ingest_local_folder_dag.py for tasks to queue
[2026-04-30T00:17:58.025+0000] {logging_mixin.py:151} INFO - [2026-04-30T00:17:58.025+0000] {dagbag.py:539} INFO - Filling up the DagBag from /opt/airflow/dags/ingest_local_folder_dag.py
[2026-04-30T00:17:58.244+0000] {processor.py:839} INFO - DAG(s) dict_keys(['ingestionDAG']) retrieved from /opt/airflow/dags/ingest_local_folder_dag.py
[2026-04-30T00:17:58.282+0000] {logging_mixin.py:151} INFO - [2026-04-30T00:17:58.282+0000] {dag.py:2915} INFO - Sync 1 DAGs
[2026-04-30T00:17:58.309+0000] {logging_mixin.py:151} INFO - [2026-04-30T00:17:58.309+0000] {dag.py:3696} INFO - Setting next_dagrun for ingestionDAG to 2026-04-30T00:17:28.309357+00:00, run_after=2026-04-30T00:17:58.309357+00:00
[2026-04-30T00:17:58.329+0000] {processor.py:179} INFO - Processing /opt/airflow/dags/ingest_local_folder_dag.py took 0.310 seconds
[2026-04-30T00:18:28.515+0000] {processor.py:157} INFO - Started process (PID=5686) to work on /opt/airflow/dags/ingest_local_folder_dag.py
[2026-04-30T00:18:28.517+0000] {processor.py:829} INFO - Processing file /opt/airflow/dags/ingest_local_folder_dag.py for tasks to queue
[2026-04-30T00:18:28.520+0000] {logging_mixin.py:151} INFO - [2026-04-30T00:18:28.519+0000] {dagbag.py:539} INFO - Filling up the DagBag from /opt/airflow/dags/ingest_local_folder_dag.py
[2026-04-30T00:18:29.077+0000] {processor.py:839} INFO - DAG(s) dict_keys(['ingestionDAG']) retrieved from /opt/airflow/dags/ingest_local_folder_dag.py
[2026-04-30T00:18:29.175+0000] {logging_mixin.py:151} INFO - [2026-04-30T00:18:29.175+0000] {dag.py:2915} INFO - Sync 1 DAGs
[2026-04-30T00:18:29.235+0000] {logging_mixin.py:151} INFO - [2026-04-30T00:18:29.234+0000] {dag.py:3696} INFO - Setting next_dagrun for ingestionDAG to 2026-04-30T00:17:59.234361+00:00, run_after=2026-04-30T00:18:29.234361+00:00
[2026-04-30T00:18:29.275+0000] {processor.py:179} INFO - Processing /opt/airflow/dags/ingest_local_folder_dag.py took 0.771 seconds
[2026-04-30T00:18:59.509+0000] {processor.py:157} INFO - Started process (PID=5707) to work on /opt/airflow/dags/ingest_local_folder_dag.py
[2026-04-30T00:18:59.511+0000] {processor.py:829} INFO - Processing file /opt/airflow/dags/ingest_local_folder_dag.py for tasks to queue
[2026-04-30T00:18:59.514+0000] {logging_mixin.py:151} INFO - [2026-04-30T00:18:59.513+0000] {dagbag.py:539} INFO - Filling up the DagBag from /opt/airflow/dags/ingest_local_folder_dag.py
[2026-04-30T00:19:00.072+0000] {processor.py:839} INFO - DAG(s) dict_keys(['ingestionDAG']) retrieved from /opt/airflow/dags/ingest_local_folder_dag.py
[2026-04-30T00:19:00.162+0000] {logging_mixin.py:151} INFO - [2026-04-30T00:19:00.162+0000] {dag.py:2915} INFO - Sync 1 DAGs
[2026-04-30T00:19:00.222+0000] {logging_mixin.py:151} INFO - [2026-04-30T00:19:00.222+0000] {dag.py:3696} INFO - Setting next_dagrun for ingestionDAG to 2026-04-30T00:18:30.221513+00:00, run_after=2026-04-30T00:19:00.221513+00:00
[2026-04-30T00:19:00.265+0000] {processor.py:179} INFO - Processing /opt/airflow/dags/ingest_local_folder_dag.py took 0.766 seconds
[2026-04-30T00:19:31.005+0000] {processor.py:157} INFO - Started process (PID=5728) to work on /opt/airflow/dags/ingest_local_folder_dag.py
[2026-04-30T00:19:31.007+0000] {processor.py:829} INFO - Processing file /opt/airflow/dags/ingest_local_folder_dag.py for tasks to queue
[2026-04-30T00:19:31.009+0000] {logging_mixin.py:151} INFO - [2026-04-30T00:19:31.008+0000] {dagbag.py:539} INFO - Filling up the DagBag from /opt/airflow/dags/ingest_local_folder_dag.py
[2026-04-30T00:19:31.587+0000] {processor.py:839} INFO - DAG(s) dict_keys(['ingestionDAG']) retrieved from /opt/airflow/dags/ingest_local_folder_dag.py
[2026-04-30T00:19:31.679+0000] {logging_mixin.py:151} INFO - [2026-04-30T00:19:31.678+0000] {dag.py:2915} INFO - Sync 1 DAGs
[2026-04-30T00:19:31.752+0000] {logging_mixin.py:151} INFO - [2026-04-30T00:19:31.752+0000] {dag.py:3696} INFO - Setting next_dagrun for ingestionDAG to 2026-04-30T00:19:01.751672+00:00, run_after=2026-04-30T00:19:31.751672+00:00
[2026-04-30T00:19:31.804+0000] {processor.py:179} INFO - Processing /opt/airflow/dags/ingest_local_folder_dag.py took 0.810 seconds
[2026-04-30T00:20:02.102+0000] {processor.py:157} INFO - Started process (PID=5746) to work on /opt/airflow/dags/ingest_local_folder_dag.py
[2026-04-30T00:20:02.104+0000] {processor.py:829} INFO - Processing file /opt/airflow/dags/ingest_local_folder_dag.py for tasks to queue
[2026-04-30T00:20:02.106+0000] {logging_mixin.py:151} INFO - [2026-04-30T00:20:02.105+0000] {dagbag.py:539} INFO - Filling up the DagBag from /opt/airflow/dags/ingest_local_folder_dag.py
[2026-04-30T00:20:02.652+0000] {processor.py:839} INFO - DAG(s) dict_keys(['ingestionDAG']) retrieved from /opt/airflow/dags/ingest_local_folder_dag.py
[2026-04-30T00:20:02.742+0000] {logging_mixin.py:151} INFO - [2026-04-30T00:20:02.742+0000] {dag.py:2915} INFO - Sync 1 DAGs
[2026-04-30T00:20:02.801+0000] {logging_mixin.py:151} INFO - [2026-04-30T00:20:02.800+0000] {dag.py:3696} INFO - Setting next_dagrun for ingestionDAG to 2026-04-30T00:19:32.800330+00:00, run_after=2026-04-30T00:20:02.800330+00:00
[2026-04-30T00:20:02.842+0000] {processor.py:179} INFO - Processing /opt/airflow/dags/ingest_local_folder_dag.py took 0.751 seconds
[2026-04-30T00:20:33.374+0000] {processor.py:157} INFO - Started process (PID=5767) to work on /opt/airflow/dags/ingest_local_folder_dag.py
[2026-04-30T00:20:33.376+0000] {processor.py:829} INFO - Processing file /opt/airflow/dags/ingest_local_folder_dag.py for tasks to queue
[2026-04-30T00:20:33.378+0000] {logging_mixin.py:151} INFO - [2026-04-30T00:20:33.377+0000] {dagbag.py:539} INFO - Filling up the DagBag from /opt/airflow/dags/ingest_local_folder_dag.py
[2026-04-30T00:20:33.924+0000] {processor.py:839} INFO - DAG(s) dict_keys(['ingestionDAG']) retrieved from /opt/airflow/dags/ingest_local_folder_dag.py
[2026-04-30T00:20:34.012+0000] {logging_mixin.py:151} INFO - [2026-04-30T00:20:34.011+0000] {dag.py:2915} INFO - Sync 1 DAGs
[2026-04-30T00:20:34.070+0000] {logging_mixin.py:151} INFO - [2026-04-30T00:20:34.070+0000] {dag.py:3696} INFO - Setting next_dagrun for ingestionDAG to 2026-04-30T00:20:04.069804+00:00, run_after=2026-04-30T00:20:34.069804+00:00
[2026-04-30T00:20:34.112+0000] {processor.py:179} INFO - Processing /opt/airflow/dags/ingest_local_folder_dag.py took 0.747 seconds
[2026-04-30T00:21:04.610+0000] {processor.py:157} INFO - Started process (PID=5788) to work on /opt/airflow/dags/ingest_local_folder_dag.py
[2026-04-30T00:21:04.612+0000] {processor.py:829} INFO - Processing file /opt/airflow/dags/ingest_local_folder_dag.py for tasks to queue
[2026-04-30T00:21:04.614+0000] {logging_mixin.py:151} INFO - [2026-04-30T00:21:04.613+0000] {dagbag.py:539} INFO - Filling up the DagBag from /opt/airflow/dags/ingest_local_folder_dag.py
[2026-04-30T00:21:05.157+0000] {processor.py:839} INFO - DAG(s) dict_keys(['ingestionDAG']) retrieved from /opt/airflow/dags/ingest_local_folder_dag.py
[2026-04-30T00:21:05.250+0000] {logging_mixin.py:151} INFO - [2026-04-30T00:21:05.249+0000] {dag.py:2915} INFO - Sync 1 DAGs
[2026-04-30T00:21:05.314+0000] {logging_mixin.py:151} INFO - [2026-04-30T00:21:05.313+0000] {dag.py:3696} INFO - Setting next_dagrun for ingestionDAG to 2026-04-30T00:20:35.312978+00:00, run_after=2026-04-30T00:21:05.312978+00:00
[2026-04-30T00:21:05.358+0000] {processor.py:179} INFO - Processing /opt/airflow/dags/ingest_local_folder_dag.py took 0.759 seconds
[2026-04-30T00:21:36.110+0000] {processor.py:157} INFO - Started process (PID=5806) to work on /opt/airflow/dags/ingest_local_folder_dag.py
[2026-04-30T00:21:36.112+0000] {processor.py:829} INFO - Processing file /opt/airflow/dags/ingest_local_folder_dag.py for tasks to queue
[2026-04-30T00:21:36.114+0000] {logging_mixin.py:151} INFO - [2026-04-30T00:21:36.113+0000] {dagbag.py:539} INFO - Filling up the DagBag from /opt/airflow/dags/ingest_local_folder_dag.py
[2026-04-30T00:21:36.657+0000] {processor.py:839} INFO - DAG(s) dict_keys(['ingestionDAG']) retrieved from /opt/airflow/dags/ingest_local_folder_dag.py
[2026-04-30T00:21:36.746+0000] {logging_mixin.py:151} INFO - [2026-04-30T00:21:36.746+0000] {dag.py:2915} INFO - Sync 1 DAGs
[2026-04-30T00:21:36.805+0000] {logging_mixin.py:151} INFO - [2026-04-30T00:21:36.805+0000] {dag.py:3696} INFO - Setting next_dagrun for ingestionDAG to 2026-04-30T00:21:06.804520+00:00, run_after=2026-04-30T00:21:36.804520+00:00
[2026-04-30T00:21:36.846+0000] {processor.py:179} INFO - Processing /opt/airflow/dags/ingest_local_folder_dag.py took 0.747 seconds
[2026-04-30T00:22:06.927+0000] {processor.py:157} INFO - Started process (PID=5827) to work on /opt/airflow/dags/ingest_local_folder_dag.py
[2026-04-30T00:22:06.929+0000] {processor.py:829} INFO - Processing file /opt/airflow/dags/ingest_local_folder_dag.py for tasks to queue
[2026-04-30T00:22:06.932+0000] {logging_mixin.py:151} INFO - [2026-04-30T00:22:06.931+0000] {dagbag.py:539} INFO - Filling up the DagBag from /opt/airflow/dags/ingest_local_folder_dag.py
[2026-04-30T00:22:07.484+0000] {processor.py:839} INFO - DAG(s) dict_keys(['ingestionDAG']) retrieved from /opt/airflow/dags/ingest_local_folder_dag.py
[2026-04-30T00:22:07.577+0000] {logging_mixin.py:151} INFO - [2026-04-30T00:22:07.577+0000] {dag.py:2915} INFO - Sync 1 DAGs
[2026-04-30T00:22:07.636+0000] {logging_mixin.py:151} INFO - [2026-04-30T00:22:07.636+0000] {dag.py:3696} INFO - Setting next_dagrun for ingestionDAG to 2026-04-30T00:21:37.635759+00:00, run_after=2026-04-30T00:22:07.635759+00:00
[2026-04-30T00:22:07.678+0000] {processor.py:179} INFO - Processing /opt/airflow/dags/ingest_local_folder_dag.py took 0.761 seconds
[2026-04-30T00:22:37.956+0000] {processor.py:157} INFO - Started process (PID=5848) to work on /opt/airflow/dags/ingest_local_folder_dag.py
[2026-04-30T00:22:37.958+0000] {processor.py:829} INFO - Processing file /opt/airflow/dags/ingest_local_folder_dag.py for tasks to queue
[2026-04-30T00:22:37.960+0000] {logging_mixin.py:151} INFO - [2026-04-30T00:22:37.959+0000] {dagbag.py:539} INFO - Filling up the DagBag from /opt/airflow/dags/ingest_local_folder_dag.py
[2026-04-30T00:22:38.500+0000] {processor.py:839} INFO - DAG(s) dict_keys(['ingestionDAG']) retrieved from /opt/airflow/dags/ingest_local_folder_dag.py
[2026-04-30T00:22:38.587+0000] {logging_mixin.py:151} INFO - [2026-04-30T00:22:38.586+0000] {dag.py:2915} INFO - Sync 1 DAGs
[2026-04-30T00:22:38.648+0000] {logging_mixin.py:151} INFO - [2026-04-30T00:22:38.648+0000] {dag.py:3696} INFO - Setting next_dagrun for ingestionDAG to 2026-04-30T00:22:08.647835+00:00, run_after=2026-04-30T00:22:38.647835+00:00
[2026-04-30T00:22:38.690+0000] {processor.py:179} INFO - Processing /opt/airflow/dags/ingest_local_folder_dag.py took 0.744 seconds
[2026-04-30T00:23:09.176+0000] {processor.py:157} INFO - Started process (PID=5867) to work on /opt/airflow/dags/ingest_local_folder_dag.py
[2026-04-30T00:23:09.178+0000] {processor.py:829} INFO - Processing file /opt/airflow/dags/ingest_local_folder_dag.py for tasks to queue
[2026-04-30T00:23:09.181+0000] {logging_mixin.py:151} INFO - [2026-04-30T00:23:09.180+0000] {dagbag.py:539} INFO - Filling up the DagBag from /opt/airflow/dags/ingest_local_folder_dag.py
[2026-04-30T00:23:09.735+0000] {processor.py:839} INFO - DAG(s) dict_keys(['ingestionDAG']) retrieved from /opt/airflow/dags/ingest_local_folder_dag.py
[2026-04-30T00:23:09.831+0000] {logging_mixin.py:151} INFO - [2026-04-30T00:23:09.831+0000] {dag.py:2915} INFO - Sync 1 DAGs
[2026-04-30T00:23:09.910+0000] {logging_mixin.py:151} INFO - [2026-04-30T00:23:09.909+0000] {dag.py:3696} INFO - Setting next_dagrun for ingestionDAG to 2026-04-30T00:22:39.909175+00:00, run_after=2026-04-30T00:23:09.909175+00:00
[2026-04-30T00:23:09.959+0000] {processor.py:179} INFO - Processing /opt/airflow/dags/ingest_local_folder_dag.py took 0.793 seconds
[2026-04-30T00:23:40.735+0000] {processor.py:157} INFO - Started process (PID=5887) to work on /opt/airflow/dags/ingest_local_folder_dag.py
[2026-04-30T00:23:40.738+0000] {processor.py:829} INFO - Processing file /opt/airflow/dags/ingest_local_folder_dag.py for tasks to queue
[2026-04-30T00:23:40.741+0000] {logging_mixin.py:151} INFO - [2026-04-30T00:23:40.740+0000] {dagbag.py:539} INFO - Filling up the DagBag from /opt/airflow/dags/ingest_local_folder_dag.py
[2026-04-30T00:23:41.338+0000] {processor.py:839} INFO - DAG(s) dict_keys(['ingestionDAG']) retrieved from /opt/airflow/dags/ingest_local_folder_dag.py
[2026-04-30T00:23:41.441+0000] {logging_mixin.py:151} INFO - [2026-04-30T00:23:41.441+0000] {dag.py:2915} INFO - Sync 1 DAGs
[2026-04-30T00:23:41.507+0000] {logging_mixin.py:151} INFO - [2026-04-30T00:23:41.507+0000] {dag.py:3696} INFO - Setting next_dagrun for ingestionDAG to 2026-04-30T00:23:11.506401+00:00, run_after=2026-04-30T00:23:41.506401+00:00
[2026-04-30T00:23:41.559+0000] {processor.py:179} INFO - Processing /opt/airflow/dags/ingest_local_folder_dag.py took 0.835 seconds
[2026-04-30T00:24:12.118+0000] {processor.py:157} INFO - Started process (PID=5908) to work on /opt/airflow/dags/ingest_local_folder_dag.py
[2026-04-30T00:24:12.122+0000] {processor.py:829} INFO - Processing file /opt/airflow/dags/ingest_local_folder_dag.py for tasks to queue
[2026-04-30T00:24:12.125+0000] {logging_mixin.py:151} INFO - [2026-04-30T00:24:12.124+0000] {dagbag.py:539} INFO - Filling up the DagBag from /opt/airflow/dags/ingest_local_folder_dag.py
[2026-04-30T00:24:12.731+0000] {processor.py:839} INFO - DAG(s) dict_keys(['ingestionDAG']) retrieved from /opt/airflow/dags/ingest_local_folder_dag.py
[2026-04-30T00:24:12.832+0000] {logging_mixin.py:151} INFO - [2026-04-30T00:24:12.832+0000] {dag.py:2915} INFO - Sync 1 DAGs
[2026-04-30T00:24:12.893+0000] {logging_mixin.py:151} INFO - [2026-04-30T00:24:12.892+0000] {dag.py:3696} INFO - Setting next_dagrun for ingestionDAG to 2026-04-30T00:23:42.891988+00:00, run_after=2026-04-30T00:24:12.891988+00:00
[2026-04-30T00:24:12.935+0000] {processor.py:179} INFO - Processing /opt/airflow/dags/ingest_local_folder_dag.py took 0.829 seconds
[2026-04-30T00:24:43.429+0000] {processor.py:157} INFO - Started process (PID=5929) to work on /opt/airflow/dags/ingest_local_folder_dag.py
[2026-04-30T00:24:43.434+0000] {processor.py:829} INFO - Processing file /opt/airflow/dags/ingest_local_folder_dag.py for tasks to queue
[2026-04-30T00:24:43.438+0000] {logging_mixin.py:151} INFO - [2026-04-30T00:24:43.436+0000] {dagbag.py:539} INFO - Filling up the DagBag from /opt/airflow/dags/ingest_local_folder_dag.py
[2026-04-30T00:24:44.019+0000] {processor.py:839} INFO - DAG(s) dict_keys(['ingestionDAG']) retrieved from /opt/airflow/dags/ingest_local_folder_dag.py
[2026-04-30T00:24:44.135+0000] {logging_mixin.py:151} INFO - [2026-04-30T00:24:44.135+0000] {dag.py:2915} INFO - Sync 1 DAGs
[2026-04-30T00:24:44.204+0000] {logging_mixin.py:151} INFO - [2026-04-30T00:24:44.204+0000] {dag.py:3696} INFO - Setting next_dagrun for ingestionDAG to 2026-04-30T00:24:14.203733+00:00, run_after=2026-04-30T00:24:44.203733+00:00
[2026-04-30T00:24:44.253+0000] {processor.py:179} INFO - Processing /opt/airflow/dags/ingest_local_folder_dag.py took 0.837 seconds
[2026-04-30T00:25:14.659+0000] {processor.py:157} INFO - Started process (PID=5947) to work on /opt/airflow/dags/ingest_local_folder_dag.py
[2026-04-30T00:25:14.661+0000] {processor.py:829} INFO - Processing file /opt/airflow/dags/ingest_local_folder_dag.py for tasks to queue
[2026-04-30T00:25:14.663+0000] {logging_mixin.py:151} INFO - [2026-04-30T00:25:14.662+0000] {dagbag.py:539} INFO - Filling up the DagBag from /opt/airflow/dags/ingest_local_folder_dag.py
[2026-04-30T00:25:15.205+0000] {processor.py:839} INFO - DAG(s) dict_keys(['ingestionDAG']) retrieved from /opt/airflow/dags/ingest_local_folder_dag.py
[2026-04-30T00:25:15.291+0000] {logging_mixin.py:151} INFO - [2026-04-30T00:25:15.291+0000] {dag.py:2915} INFO - Sync 1 DAGs
[2026-04-30T00:25:15.354+0000] {logging_mixin.py:151} INFO - [2026-04-30T00:25:15.354+0000] {dag.py:3696} INFO - Setting next_dagrun for ingestionDAG to 2026-04-30T00:24:45.353894+00:00, run_after=2026-04-30T00:25:15.353894+00:00
[2026-04-30T00:25:15.691+0000] {processor.py:179} INFO - Processing /opt/airflow/dags/ingest_local_folder_dag.py took 1.042 seconds
[2026-04-30T00:25:45.983+0000] {processor.py:157} INFO - Started process (PID=5968) to work on /opt/airflow/dags/ingest_local_folder_dag.py
[2026-04-30T00:25:45.985+0000] {processor.py:829} INFO - Processing file /opt/airflow/dags/ingest_local_folder_dag.py for tasks to queue
[2026-04-30T00:25:45.987+0000] {logging_mixin.py:151} INFO - [2026-04-30T00:25:45.986+0000] {dagbag.py:539} INFO - Filling up the DagBag from /opt/airflow/dags/ingest_local_folder_dag.py
[2026-04-30T00:25:46.540+0000] {processor.py:839} INFO - DAG(s) dict_keys(['ingestionDAG']) retrieved from /opt/airflow/dags/ingest_local_folder_dag.py
[2026-04-30T00:25:46.632+0000] {logging_mixin.py:151} INFO - [2026-04-30T00:25:46.632+0000] {dag.py:2915} INFO - Sync 1 DAGs
[2026-04-30T00:25:46.691+0000] {logging_mixin.py:151} INFO - [2026-04-30T00:25:46.690+0000] {dag.py:3696} INFO - Setting next_dagrun for ingestionDAG to 2026-04-30T00:25:16.690040+00:00, run_after=2026-04-30T00:25:46.690040+00:00
[2026-04-30T00:25:46.737+0000] {processor.py:179} INFO - Processing /opt/airflow/dags/ingest_local_folder_dag.py took 0.765 seconds
[2026-04-30T00:26:17.283+0000] {processor.py:157} INFO - Started process (PID=5989) to work on /opt/airflow/dags/ingest_local_folder_dag.py
[2026-04-30T00:26:17.286+0000] {processor.py:829} INFO - Processing file /opt/airflow/dags/ingest_local_folder_dag.py for tasks to queue
[2026-04-30T00:26:17.288+0000] {logging_mixin.py:151} INFO - [2026-04-30T00:26:17.287+0000] {dagbag.py:539} INFO - Filling up the DagBag from /opt/airflow/dags/ingest_local_folder_dag.py
[2026-04-30T00:26:17.829+0000] {processor.py:839} INFO - DAG(s) dict_keys(['ingestionDAG']) retrieved from /opt/airflow/dags/ingest_local_folder_dag.py
[2026-04-30T00:26:17.918+0000] {logging_mixin.py:151} INFO - [2026-04-30T00:26:17.917+0000] {dag.py:2915} INFO - Sync 1 DAGs
[2026-04-30T00:26:17.977+0000] {logging_mixin.py:151} INFO - [2026-04-30T00:26:17.976+0000] {dag.py:3696} INFO - Setting next_dagrun for ingestionDAG to 2026-04-30T00:25:47.976252+00:00, run_after=2026-04-30T00:26:17.976252+00:00
[2026-04-30T00:26:18.019+0000] {processor.py:179} INFO - Processing /opt/airflow/dags/ingest_local_folder_dag.py took 0.746 seconds
[2026-04-30T00:26:48.644+0000] {processor.py:157} INFO - Started process (PID=6007) to work on /opt/airflow/dags/ingest_local_folder_dag.py
[2026-04-30T00:26:48.646+0000] {processor.py:829} INFO - Processing file /opt/airflow/dags/ingest_local_folder_dag.py for tasks to queue
[2026-04-30T00:26:48.648+0000] {logging_mixin.py:151} INFO - [2026-04-30T00:26:48.647+0000] {dagbag.py:539} INFO - Filling up the DagBag from /opt/airflow/dags/ingest_local_folder_dag.py
[2026-04-30T00:26:49.229+0000] {processor.py:839} INFO - DAG(s) dict_keys(['ingestionDAG']) retrieved from /opt/airflow/dags/ingest_local_folder_dag.py
[2026-04-30T00:26:49.359+0000] {logging_mixin.py:151} INFO - [2026-04-30T00:26:49.358+0000] {dag.py:2915} INFO - Sync 1 DAGs
[2026-04-30T00:26:49.435+0000] {logging_mixin.py:151} INFO - [2026-04-30T00:26:49.434+0000] {dag.py:3696} INFO - Setting next_dagrun for ingestionDAG to 2026-04-30T00:26:19.433851+00:00, run_after=2026-04-30T00:26:49.433851+00:00
[2026-04-30T00:26:49.828+0000] {processor.py:179} INFO - Processing /opt/airflow/dags/ingest_local_folder_dag.py took 1.195 seconds
[2026-04-30T00:27:20.218+0000] {processor.py:157} INFO - Started process (PID=6026) to work on /opt/airflow/dags/ingest_local_folder_dag.py
[2026-04-30T00:27:20.221+0000] {processor.py:829} INFO - Processing file /opt/airflow/dags/ingest_local_folder_dag.py for tasks to queue
[2026-04-30T00:27:20.225+0000] {logging_mixin.py:151} INFO - [2026-04-30T00:27:20.222+0000] {dagbag.py:539} INFO - Filling up the DagBag from /opt/airflow/dags/ingest_local_folder_dag.py
[2026-04-30T00:27:20.831+0000] {processor.py:839} INFO - DAG(s) dict_keys(['ingestionDAG']) retrieved from /opt/airflow/dags/ingest_local_folder_dag.py
[2026-04-30T00:27:20.950+0000] {logging_mixin.py:151} INFO - [2026-04-30T00:27:20.949+0000] {dag.py:2915} INFO - Sync 1 DAGs
[2026-04-30T00:27:21.010+0000] {logging_mixin.py:151} INFO - [2026-04-30T00:27:21.010+0000] {dag.py:3696} INFO - Setting next_dagrun for ingestionDAG to 2026-04-30T00:26:51.009835+00:00, run_after=2026-04-30T00:27:21.009835+00:00
[2026-04-30T00:27:21.058+0000] {processor.py:179} INFO - Processing /opt/airflow/dags/ingest_local_folder_dag.py took 0.851 seconds
[2026-04-30T00:27:51.652+0000] {processor.py:157} INFO - Started process (PID=6047) to work on /opt/airflow/dags/ingest_local_folder_dag.py
[2026-04-30T00:27:51.656+0000] {processor.py:829} INFO - Processing file /opt/airflow/dags/ingest_local_folder_dag.py for tasks to queue
[2026-04-30T00:27:51.659+0000] {logging_mixin.py:151} INFO - [2026-04-30T00:27:51.657+0000] {dagbag.py:539} INFO - Filling up the DagBag from /opt/airflow/dags/ingest_local_folder_dag.py
[2026-04-30T00:27:52.384+0000] {processor.py:839} INFO - DAG(s) dict_keys(['ingestionDAG']) retrieved from /opt/airflow/dags/ingest_local_folder_dag.py
[2026-04-30T00:27:52.485+0000] {logging_mixin.py:151} INFO - [2026-04-30T00:27:52.485+0000] {dag.py:2915} INFO - Sync 1 DAGs
[2026-04-30T00:27:52.551+0000] {logging_mixin.py:151} INFO - [2026-04-30T00:27:52.551+0000] {dag.py:3696} INFO - Setting next_dagrun for ingestionDAG to 2026-04-30T00:27:22.550458+00:00, run_after=2026-04-30T00:27:52.550458+00:00
[2026-04-30T00:27:52.618+0000] {processor.py:179} INFO - Processing /opt/airflow/dags/ingest_local_folder_dag.py took 0.981 seconds
[2026-04-30T00:28:23.142+0000] {processor.py:157} INFO - Started process (PID=6064) to work on /opt/airflow/dags/ingest_local_folder_dag.py
[2026-04-30T00:28:23.145+0000] {processor.py:829} INFO - Processing file /opt/airflow/dags/ingest_local_folder_dag.py for tasks to queue
[2026-04-30T00:28:23.148+0000] {logging_mixin.py:151} INFO - [2026-04-30T00:28:23.147+0000] {dagbag.py:539} INFO - Filling up the DagBag from /opt/airflow/dags/ingest_local_folder_dag.py
[2026-04-30T00:28:24.026+0000] {processor.py:839} INFO - DAG(s) dict_keys(['ingestionDAG']) retrieved from /opt/airflow/dags/ingest_local_folder_dag.py
[2026-04-30T00:28:24.210+0000] {logging_mixin.py:151} INFO - [2026-04-30T00:28:24.210+0000] {dag.py:2915} INFO - Sync 1 DAGs
[2026-04-30T00:28:24.347+0000] {logging_mixin.py:151} INFO - [2026-04-30T00:28:24.347+0000] {dag.py:3696} INFO - Setting next_dagrun for ingestionDAG to 2026-04-30T00:27:54.346791+00:00, run_after=2026-04-30T00:28:24.346791+00:00
[2026-04-30T00:28:25.167+0000] {processor.py:179} INFO - Processing /opt/airflow/dags/ingest_local_folder_dag.py took 2.037 seconds
[2026-04-30T00:28:55.470+0000] {processor.py:157} INFO - Started process (PID=6082) to work on /opt/airflow/dags/ingest_local_folder_dag.py
[2026-04-30T00:28:55.472+0000] {processor.py:829} INFO - Processing file /opt/airflow/dags/ingest_local_folder_dag.py for tasks to queue
[2026-04-30T00:28:55.474+0000] {logging_mixin.py:151} INFO - [2026-04-30T00:28:55.473+0000] {dagbag.py:539} INFO - Filling up the DagBag from /opt/airflow/dags/ingest_local_folder_dag.py
[2026-04-30T00:28:56.020+0000] {processor.py:839} INFO - DAG(s) dict_keys(['ingestionDAG']) retrieved from /opt/airflow/dags/ingest_local_folder_dag.py
[2026-04-30T00:28:56.112+0000] {logging_mixin.py:151} INFO - [2026-04-30T00:28:56.111+0000] {dag.py:2915} INFO - Sync 1 DAGs
[2026-04-30T00:28:56.170+0000] {logging_mixin.py:151} INFO - [2026-04-30T00:28:56.169+0000] {dag.py:3696} INFO - Setting next_dagrun for ingestionDAG to 2026-04-30T00:28:26.169365+00:00, run_after=2026-04-30T00:28:56.169365+00:00
[2026-04-30T00:28:56.212+0000] {processor.py:179} INFO - Processing /opt/airflow/dags/ingest_local_folder_dag.py took 0.753 seconds
[2026-04-30T00:29:26.282+0000] {processor.py:157} INFO - Started process (PID=6103) to work on /opt/airflow/dags/ingest_local_folder_dag.py
[2026-04-30T00:29:26.285+0000] {processor.py:829} INFO - Processing file /opt/airflow/dags/ingest_local_folder_dag.py for tasks to queue
[2026-04-30T00:29:26.287+0000] {logging_mixin.py:151} INFO - [2026-04-30T00:29:26.286+0000] {dagbag.py:539} INFO - Filling up the DagBag from /opt/airflow/dags/ingest_local_folder_dag.py
[2026-04-30T00:29:26.869+0000] {processor.py:839} INFO - DAG(s) dict_keys(['ingestionDAG']) retrieved from /opt/airflow/dags/ingest_local_folder_dag.py
[2026-04-30T00:29:26.963+0000] {logging_mixin.py:151} INFO - [2026-04-30T00:29:26.963+0000] {dag.py:2915} INFO - Sync 1 DAGs
[2026-04-30T00:29:27.023+0000] {logging_mixin.py:151} INFO - [2026-04-30T00:29:27.022+0000] {dag.py:3696} INFO - Setting next_dagrun for ingestionDAG to 2026-04-30T00:28:57.021979+00:00, run_after=2026-04-30T00:29:27.021979+00:00
[2026-04-30T00:29:27.071+0000] {processor.py:179} INFO - Processing /opt/airflow/dags/ingest_local_folder_dag.py took 0.799 seconds
[2026-04-30T00:29:57.744+0000] {processor.py:157} INFO - Started process (PID=6127) to work on /opt/airflow/dags/ingest_local_folder_dag.py
[2026-04-30T00:29:57.746+0000] {processor.py:829} INFO - Processing file /opt/airflow/dags/ingest_local_folder_dag.py for tasks to queue
[2026-04-30T00:29:57.748+0000] {logging_mixin.py:151} INFO - [2026-04-30T00:29:57.747+0000] {dagbag.py:539} INFO - Filling up the DagBag from /opt/airflow/dags/ingest_local_folder_dag.py
[2026-04-30T00:29:58.603+0000] {processor.py:839} INFO - DAG(s) dict_keys(['ingestionDAG']) retrieved from /opt/airflow/dags/ingest_local_folder_dag.py
[2026-04-30T00:29:58.695+0000] {logging_mixin.py:151} INFO - [2026-04-30T00:29:58.695+0000] {dag.py:2915} INFO - Sync 1 DAGs
[2026-04-30T00:29:58.762+0000] {logging_mixin.py:151} INFO - [2026-04-30T00:29:58.762+0000] {dag.py:3696} INFO - Setting next_dagrun for ingestionDAG to 2026-04-30T00:29:28.761399+00:00, run_after=2026-04-30T00:29:58.761399+00:00
[2026-04-30T00:29:59.157+0000] {processor.py:179} INFO - Processing /opt/airflow/dags/ingest_local_folder_dag.py took 1.423 seconds
[2026-04-30T00:30:29.324+0000] {processor.py:157} INFO - Started process (PID=6147) to work on /opt/airflow/dags/ingest_local_folder_dag.py
[2026-04-30T00:30:29.326+0000] {processor.py:829} INFO - Processing file /opt/airflow/dags/ingest_local_folder_dag.py for tasks to queue
[2026-04-30T00:30:29.328+0000] {logging_mixin.py:151} INFO - [2026-04-30T00:30:29.327+0000] {dagbag.py:539} INFO - Filling up the DagBag from /opt/airflow/dags/ingest_local_folder_dag.py
[2026-04-30T00:30:29.885+0000] {processor.py:839} INFO - DAG(s) dict_keys(['ingestionDAG']) retrieved from /opt/airflow/dags/ingest_local_folder_dag.py
[2026-04-30T00:30:29.974+0000] {logging_mixin.py:151} INFO - [2026-04-30T00:30:29.974+0000] {dag.py:2915} INFO - Sync 1 DAGs
[2026-04-30T00:30:30.035+0000] {logging_mixin.py:151} INFO - [2026-04-30T00:30:30.034+0000] {dag.py:3696} INFO - Setting next_dagrun for ingestionDAG to 2026-04-30T00:30:00.034245+00:00, run_after=2026-04-30T00:30:30.034245+00:00
[2026-04-30T00:30:30.082+0000] {processor.py:179} INFO - Processing /opt/airflow/dags/ingest_local_folder_dag.py took 0.768 seconds
[2026-04-30T00:31:00.497+0000] {processor.py:157} INFO - Started process (PID=6168) to work on /opt/airflow/dags/ingest_local_folder_dag.py
[2026-04-30T00:31:00.500+0000] {processor.py:829} INFO - Processing file /opt/airflow/dags/ingest_local_folder_dag.py for tasks to queue
[2026-04-30T00:31:00.502+0000] {logging_mixin.py:151} INFO - [2026-04-30T00:31:00.501+0000] {dagbag.py:539} INFO - Filling up the DagBag from /opt/airflow/dags/ingest_local_folder_dag.py
[2026-04-30T00:31:01.045+0000] {processor.py:839} INFO - DAG(s) dict_keys(['ingestionDAG']) retrieved from /opt/airflow/dags/ingest_local_folder_dag.py
[2026-04-30T00:31:01.133+0000] {logging_mixin.py:151} INFO - [2026-04-30T00:31:01.132+0000] {dag.py:2915} INFO - Sync 1 DAGs
[2026-04-30T00:31:01.191+0000] {logging_mixin.py:151} INFO - [2026-04-30T00:31:01.191+0000] {dag.py:3696} INFO - Setting next_dagrun for ingestionDAG to 2026-04-30T00:30:31.190902+00:00, run_after=2026-04-30T00:31:01.190902+00:00
[2026-04-30T00:31:01.233+0000] {processor.py:179} INFO - Processing /opt/airflow/dags/ingest_local_folder_dag.py took 0.746 seconds
[2026-04-30T00:31:31.587+0000] {processor.py:157} INFO - Started process (PID=6189) to work on /opt/airflow/dags/ingest_local_folder_dag.py
[2026-04-30T00:31:31.589+0000] {processor.py:829} INFO - Processing file /opt/airflow/dags/ingest_local_folder_dag.py for tasks to queue
[2026-04-30T00:31:31.591+0000] {logging_mixin.py:151} INFO - [2026-04-30T00:31:31.590+0000] {dagbag.py:539} INFO - Filling up the DagBag from /opt/airflow/dags/ingest_local_folder_dag.py
[2026-04-30T00:31:32.138+0000] {processor.py:839} INFO - DAG(s) dict_keys(['ingestionDAG']) retrieved from /opt/airflow/dags/ingest_local_folder_dag.py
[2026-04-30T00:31:32.226+0000] {logging_mixin.py:151} INFO - [2026-04-30T00:31:32.225+0000] {dag.py:2915} INFO - Sync 1 DAGs
[2026-04-30T00:31:32.288+0000] {logging_mixin.py:151} INFO - [2026-04-30T00:31:32.288+0000] {dag.py:3696} INFO - Setting next_dagrun for ingestionDAG to 2026-04-30T00:31:02.287529+00:00, run_after=2026-04-30T00:31:32.287529+00:00
[2026-04-30T00:31:32.641+0000] {processor.py:179} INFO - Processing /opt/airflow/dags/ingest_local_folder_dag.py took 1.065 seconds
[2026-04-30T00:32:02.886+0000] {processor.py:157} INFO - Started process (PID=6207) to work on /opt/airflow/dags/ingest_local_folder_dag.py
[2026-04-30T00:32:02.889+0000] {processor.py:829} INFO - Processing file /opt/airflow/dags/ingest_local_folder_dag.py for tasks to queue
[2026-04-30T00:32:02.892+0000] {logging_mixin.py:151} INFO - [2026-04-30T00:32:02.891+0000] {dagbag.py:539} INFO - Filling up the DagBag from /opt/airflow/dags/ingest_local_folder_dag.py
[2026-04-30T00:32:03.517+0000] {processor.py:839} INFO - DAG(s) dict_keys(['ingestionDAG']) retrieved from /opt/airflow/dags/ingest_local_folder_dag.py
[2026-04-30T00:32:03.625+0000] {logging_mixin.py:151} INFO - [2026-04-30T00:32:03.625+0000] {dag.py:2915} INFO - Sync 1 DAGs
[2026-04-30T00:32:03.696+0000] {logging_mixin.py:151} INFO - [2026-04-30T00:32:03.696+0000] {dag.py:3696} INFO - Setting next_dagrun for ingestionDAG to 2026-04-30T00:31:33.695363+00:00, run_after=2026-04-30T00:32:03.695363+00:00
[2026-04-30T00:32:03.748+0000] {processor.py:179} INFO - Processing /opt/airflow/dags/ingest_local_folder_dag.py took 0.874 seconds
[2026-04-30T00:32:34.270+0000] {processor.py:157} INFO - Started process (PID=6228) to work on /opt/airflow/dags/ingest_local_folder_dag.py
[2026-04-30T00:32:34.272+0000] {processor.py:829} INFO - Processing file /opt/airflow/dags/ingest_local_folder_dag.py for tasks to queue
[2026-04-30T00:32:34.274+0000] {logging_mixin.py:151} INFO - [2026-04-30T00:32:34.273+0000] {dagbag.py:539} INFO - Filling up the DagBag from /opt/airflow/dags/ingest_local_folder_dag.py
[2026-04-30T00:32:34.854+0000] {processor.py:839} INFO - DAG(s) dict_keys(['ingestionDAG']) retrieved from /opt/airflow/dags/ingest_local_folder_dag.py
[2026-04-30T00:32:34.959+0000] {logging_mixin.py:151} INFO - [2026-04-30T00:32:34.958+0000] {dag.py:2915} INFO - Sync 1 DAGs
[2026-04-30T00:32:35.028+0000] {logging_mixin.py:151} INFO - [2026-04-30T00:32:35.027+0000] {dag.py:3696} INFO - Setting next_dagrun for ingestionDAG to 2026-04-30T00:32:05.026811+00:00, run_after=2026-04-30T00:32:35.026811+00:00
[2026-04-30T00:32:35.077+0000] {processor.py:179} INFO - Processing /opt/airflow/dags/ingest_local_folder_dag.py took 0.819 seconds
[2026-04-30T00:33:05.431+0000] {processor.py:157} INFO - Started process (PID=6249) to work on /opt/airflow/dags/ingest_local_folder_dag.py
[2026-04-30T00:33:05.433+0000] {processor.py:829} INFO - Processing file /opt/airflow/dags/ingest_local_folder_dag.py for tasks to queue
[2026-04-30T00:33:05.436+0000] {logging_mixin.py:151} INFO - [2026-04-30T00:33:05.435+0000] {dagbag.py:539} INFO - Filling up the DagBag from /opt/airflow/dags/ingest_local_folder_dag.py
[2026-04-30T00:33:06.045+0000] {processor.py:839} INFO - DAG(s) dict_keys(['ingestionDAG']) retrieved from /opt/airflow/dags/ingest_local_folder_dag.py
[2026-04-30T00:33:06.146+0000] {logging_mixin.py:151} INFO - [2026-04-30T00:33:06.146+0000] {dag.py:2915} INFO - Sync 1 DAGs
[2026-04-30T00:33:06.213+0000] {logging_mixin.py:151} INFO - [2026-04-30T00:33:06.213+0000] {dag.py:3696} INFO - Setting next_dagrun for ingestionDAG to 2026-04-30T00:32:36.212686+00:00, run_after=2026-04-30T00:33:06.212686+00:00
[2026-04-30T00:33:06.596+0000] {processor.py:179} INFO - Processing /opt/airflow/dags/ingest_local_folder_dag.py took 1.177 seconds
[2026-04-30T00:33:36.942+0000] {processor.py:157} INFO - Started process (PID=6267) to work on /opt/airflow/dags/ingest_local_folder_dag.py
[2026-04-30T00:33:36.944+0000] {processor.py:829} INFO - Processing file /opt/airflow/dags/ingest_local_folder_dag.py for tasks to queue
[2026-04-30T00:33:36.947+0000] {logging_mixin.py:151} INFO - [2026-04-30T00:33:36.946+0000] {dagbag.py:539} INFO - Filling up the DagBag from /opt/airflow/dags/ingest_local_folder_dag.py
[2026-04-30T00:33:37.513+0000] {processor.py:839} INFO - DAG(s) dict_keys(['ingestionDAG']) retrieved from /opt/airflow/dags/ingest_local_folder_dag.py
[2026-04-30T00:33:37.617+0000] {logging_mixin.py:151} INFO - [2026-04-30T00:33:37.617+0000] {dag.py:2915} INFO - Sync 1 DAGs
[2026-04-30T00:33:37.679+0000] {logging_mixin.py:151} INFO - [2026-04-30T00:33:37.679+0000] {dag.py:3696} INFO - Setting next_dagrun for ingestionDAG to 2026-04-30T00:33:07.678480+00:00, run_after=2026-04-30T00:33:37.678480+00:00
[2026-04-30T00:33:37.723+0000] {processor.py:179} INFO - Processing /opt/airflow/dags/ingest_local_folder_dag.py took 0.791 seconds
[2026-04-30T00:34:08.492+0000] {processor.py:157} INFO - Started process (PID=6288) to work on /opt/airflow/dags/ingest_local_folder_dag.py
[2026-04-30T00:34:08.495+0000] {processor.py:829} INFO - Processing file /opt/airflow/dags/ingest_local_folder_dag.py for tasks to queue
[2026-04-30T00:34:08.497+0000] {logging_mixin.py:151} INFO - [2026-04-30T00:34:08.496+0000] {dagbag.py:539} INFO - Filling up the DagBag from /opt/airflow/dags/ingest_local_folder_dag.py
[2026-04-30T00:34:09.146+0000] {processor.py:839} INFO - DAG(s) dict_keys(['ingestionDAG']) retrieved from /opt/airflow/dags/ingest_local_folder_dag.py
[2026-04-30T00:34:09.309+0000] {logging_mixin.py:151} INFO - [2026-04-30T00:34:09.308+0000] {dag.py:2915} INFO - Sync 1 DAGs
[2026-04-30T00:34:09.424+0000] {logging_mixin.py:151} INFO - [2026-04-30T00:34:09.421+0000] {dag.py:3696} INFO - Setting next_dagrun for ingestionDAG to 2026-04-30T00:33:39.421017+00:00, run_after=2026-04-30T00:34:09.421017+00:00
[2026-04-30T00:34:09.474+0000] {processor.py:179} INFO - Processing /opt/airflow/dags/ingest_local_folder_dag.py took 0.996 seconds
[2026-04-30T00:34:39.829+0000] {processor.py:157} INFO - Started process (PID=6309) to work on /opt/airflow/dags/ingest_local_folder_dag.py
[2026-04-30T00:34:39.831+0000] {processor.py:829} INFO - Processing file /opt/airflow/dags/ingest_local_folder_dag.py for tasks to queue
[2026-04-30T00:34:39.833+0000] {logging_mixin.py:151} INFO - [2026-04-30T00:34:39.833+0000] {dagbag.py:539} INFO - Filling up the DagBag from /opt/airflow/dags/ingest_local_folder_dag.py
[2026-04-30T00:34:40.380+0000] {processor.py:839} INFO - DAG(s) dict_keys(['ingestionDAG']) retrieved from /opt/airflow/dags/ingest_local_folder_dag.py
[2026-04-30T00:34:40.470+0000] {logging_mixin.py:151} INFO - [2026-04-30T00:34:40.470+0000] {dag.py:2915} INFO - Sync 1 DAGs
[2026-04-30T00:34:40.830+0000] {logging_mixin.py:151} INFO - [2026-04-30T00:34:40.830+0000] {dag.py:3696} INFO - Setting next_dagrun for ingestionDAG to 2026-04-30T00:34:10.829699+00:00, run_after=2026-04-30T00:34:40.829699+00:00
[2026-04-30T00:34:40.871+0000] {processor.py:179} INFO - Processing /opt/airflow/dags/ingest_local_folder_dag.py took 1.052 seconds
[2026-04-30T00:35:11.081+0000] {processor.py:157} INFO - Started process (PID=6329) to work on /opt/airflow/dags/ingest_local_folder_dag.py
[2026-04-30T00:35:11.084+0000] {processor.py:829} INFO - Processing file /opt/airflow/dags/ingest_local_folder_dag.py for tasks to queue
[2026-04-30T00:35:11.087+0000] {logging_mixin.py:151} INFO - [2026-04-30T00:35:11.086+0000] {dagbag.py:539} INFO - Filling up the DagBag from /opt/airflow/dags/ingest_local_folder_dag.py
[2026-04-30T00:35:11.664+0000] {processor.py:839} INFO - DAG(s) dict_keys(['ingestionDAG']) retrieved from /opt/airflow/dags/ingest_local_folder_dag.py
[2026-04-30T00:35:11.800+0000] {logging_mixin.py:151} INFO - [2026-04-30T00:35:11.799+0000] {dag.py:2915} INFO - Sync 1 DAGs
[2026-04-30T00:35:11.882+0000] {logging_mixin.py:151} INFO - [2026-04-30T00:35:11.881+0000] {dag.py:3696} INFO - Setting next_dagrun for ingestionDAG to 2026-04-30T00:34:41.881200+00:00, run_after=2026-04-30T00:35:11.881200+00:00
[2026-04-30T00:35:11.943+0000] {processor.py:179} INFO - Processing /opt/airflow/dags/ingest_local_folder_dag.py took 0.872 seconds
[2026-04-30T00:35:42.247+0000] {processor.py:157} INFO - Started process (PID=6348) to work on /opt/airflow/dags/ingest_local_folder_dag.py
[2026-04-30T00:35:42.249+0000] {processor.py:829} INFO - Processing file /opt/airflow/dags/ingest_local_folder_dag.py for tasks to queue
[2026-04-30T00:35:42.251+0000] {logging_mixin.py:151} INFO - [2026-04-30T00:35:42.250+0000] {dagbag.py:539} INFO - Filling up the DagBag from /opt/airflow/dags/ingest_local_folder_dag.py
[2026-04-30T00:35:42.822+0000] {processor.py:839} INFO - DAG(s) dict_keys(['ingestionDAG']) retrieved from /opt/airflow/dags/ingest_local_folder_dag.py
[2026-04-30T00:35:42.915+0000] {logging_mixin.py:151} INFO - [2026-04-30T00:35:42.915+0000] {dag.py:2915} INFO - Sync 1 DAGs
[2026-04-30T00:35:43.287+0000] {logging_mixin.py:151} INFO - [2026-04-30T00:35:43.287+0000] {dag.py:3696} INFO - Setting next_dagrun for ingestionDAG to 2026-04-30T00:35:13.286981+00:00, run_after=2026-04-30T00:35:43.286981+00:00
[2026-04-30T00:35:43.332+0000] {processor.py:179} INFO - Processing /opt/airflow/dags/ingest_local_folder_dag.py took 1.095 seconds
[2026-04-30T00:36:13.547+0000] {processor.py:157} INFO - Started process (PID=6369) to work on /opt/airflow/dags/ingest_local_folder_dag.py
[2026-04-30T00:36:13.549+0000] {processor.py:829} INFO - Processing file /opt/airflow/dags/ingest_local_folder_dag.py for tasks to queue
[2026-04-30T00:36:13.551+0000] {logging_mixin.py:151} INFO - [2026-04-30T00:36:13.550+0000] {dagbag.py:539} INFO - Filling up the DagBag from /opt/airflow/dags/ingest_local_folder_dag.py
[2026-04-30T00:36:14.098+0000] {processor.py:839} INFO - DAG(s) dict_keys(['ingestionDAG']) retrieved from /opt/airflow/dags/ingest_local_folder_dag.py
[2026-04-30T00:36:14.185+0000] {logging_mixin.py:151} INFO - [2026-04-30T00:36:14.185+0000] {dag.py:2915} INFO - Sync 1 DAGs
[2026-04-30T00:36:14.243+0000] {logging_mixin.py:151} INFO - [2026-04-30T00:36:14.243+0000] {dag.py:3696} INFO - Setting next_dagrun for ingestionDAG to 2026-04-30T00:35:44.242766+00:00, run_after=2026-04-30T00:36:14.242766+00:00
[2026-04-30T00:36:14.286+0000] {processor.py:179} INFO - Processing /opt/airflow/dags/ingest_local_folder_dag.py took 0.749 seconds
[2026-04-30T00:36:44.431+0000] {processor.py:157} INFO - Started process (PID=6390) to work on /opt/airflow/dags/ingest_local_folder_dag.py
[2026-04-30T00:36:44.433+0000] {processor.py:829} INFO - Processing file /opt/airflow/dags/ingest_local_folder_dag.py for tasks to queue
[2026-04-30T00:36:44.435+0000] {logging_mixin.py:151} INFO - [2026-04-30T00:36:44.434+0000] {dagbag.py:539} INFO - Filling up the DagBag from /opt/airflow/dags/ingest_local_folder_dag.py
[2026-04-30T00:36:44.985+0000] {processor.py:839} INFO - DAG(s) dict_keys(['ingestionDAG']) retrieved from /opt/airflow/dags/ingest_local_folder_dag.py
[2026-04-30T00:36:45.094+0000] {logging_mixin.py:151} INFO - [2026-04-30T00:36:45.094+0000] {dag.py:2915} INFO - Sync 1 DAGs
[2026-04-30T00:36:45.156+0000] {logging_mixin.py:151} INFO - [2026-04-30T00:36:45.155+0000] {dag.py:3696} INFO - Setting next_dagrun for ingestionDAG to 2026-04-30T00:36:15.155202+00:00, run_after=2026-04-30T00:36:45.155202+00:00
[2026-04-30T00:36:45.204+0000] {processor.py:179} INFO - Processing /opt/airflow/dags/ingest_local_folder_dag.py took 0.784 seconds
[2026-04-30T00:37:15.466+0000] {processor.py:157} INFO - Started process (PID=6408) to work on /opt/airflow/dags/ingest_local_folder_dag.py
[2026-04-30T00:37:15.469+0000] {processor.py:829} INFO - Processing file /opt/airflow/dags/ingest_local_folder_dag.py for tasks to queue
[2026-04-30T00:37:15.471+0000] {logging_mixin.py:151} INFO - [2026-04-30T00:37:15.470+0000] {dagbag.py:539} INFO - Filling up the DagBag from /opt/airflow/dags/ingest_local_folder_dag.py
[2026-04-30T00:37:16.026+0000] {processor.py:839} INFO - DAG(s) dict_keys(['ingestionDAG']) retrieved from /opt/airflow/dags/ingest_local_folder_dag.py
[2026-04-30T00:37:16.115+0000] {logging_mixin.py:151} INFO - [2026-04-30T00:37:16.114+0000] {dag.py:2915} INFO - Sync 1 DAGs
[2026-04-30T00:37:16.466+0000] {logging_mixin.py:151} INFO - [2026-04-30T00:37:16.466+0000] {dag.py:3696} INFO - Setting next_dagrun for ingestionDAG to 2026-04-30T00:36:46.465753+00:00, run_after=2026-04-30T00:37:16.465753+00:00
[2026-04-30T00:37:16.505+0000] {processor.py:179} INFO - Processing /opt/airflow/dags/ingest_local_folder_dag.py took 1.049 seconds
[2026-04-30T00:37:46.811+0000] {processor.py:157} INFO - Started process (PID=6429) to work on /opt/airflow/dags/ingest_local_folder_dag.py
[2026-04-30T00:37:46.813+0000] {processor.py:829} INFO - Processing file /opt/airflow/dags/ingest_local_folder_dag.py for tasks to queue
[2026-04-30T00:37:46.816+0000] {logging_mixin.py:151} INFO - [2026-04-30T00:37:46.815+0000] {dagbag.py:539} INFO - Filling up the DagBag from /opt/airflow/dags/ingest_local_folder_dag.py
[2026-04-30T00:37:47.398+0000] {processor.py:839} INFO - DAG(s) dict_keys(['ingestionDAG']) retrieved from /opt/airflow/dags/ingest_local_folder_dag.py
[2026-04-30T00:37:47.494+0000] {logging_mixin.py:151} INFO - [2026-04-30T00:37:47.493+0000] {dag.py:2915} INFO - Sync 1 DAGs
[2026-04-30T00:37:47.556+0000] {logging_mixin.py:151} INFO - [2026-04-30T00:37:47.556+0000] {dag.py:3696} INFO - Setting next_dagrun for ingestionDAG to 2026-04-30T00:37:17.555394+00:00, run_after=2026-04-30T00:37:47.555394+00:00
[2026-04-30T00:37:47.602+0000] {processor.py:179} INFO - Processing /opt/airflow/dags/ingest_local_folder_dag.py took 0.801 seconds
[2026-04-30T00:38:18.070+0000] {processor.py:157} INFO - Started process (PID=6450) to work on /opt/airflow/dags/ingest_local_folder_dag.py
[2026-04-30T00:38:18.072+0000] {processor.py:829} INFO - Processing file /opt/airflow/dags/ingest_local_folder_dag.py for tasks to queue
[2026-04-30T00:38:18.074+0000] {logging_mixin.py:151} INFO - [2026-04-30T00:38:18.074+0000] {dagbag.py:539} INFO - Filling up the DagBag from /opt/airflow/dags/ingest_local_folder_dag.py
[2026-04-30T00:38:18.622+0000] {processor.py:839} INFO - DAG(s) dict_keys(['ingestionDAG']) retrieved from /opt/airflow/dags/ingest_local_folder_dag.py
[2026-04-30T00:38:18.713+0000] {logging_mixin.py:151} INFO - [2026-04-30T00:38:18.712+0000] {dag.py:2915} INFO - Sync 1 DAGs
[2026-04-30T00:38:18.774+0000] {logging_mixin.py:151} INFO - [2026-04-30T00:38:18.774+0000] {dag.py:3696} INFO - Setting next_dagrun for ingestionDAG to 2026-04-30T00:37:48.773820+00:00, run_after=2026-04-30T00:38:18.773820+00:00
[2026-04-30T00:38:18.818+0000] {processor.py:179} INFO - Processing /opt/airflow/dags/ingest_local_folder_dag.py took 0.759 seconds
[2026-04-30T00:38:49.196+0000] {processor.py:157} INFO - Started process (PID=6468) to work on /opt/airflow/dags/ingest_local_folder_dag.py
[2026-04-30T00:38:49.199+0000] {processor.py:829} INFO - Processing file /opt/airflow/dags/ingest_local_folder_dag.py for tasks to queue
[2026-04-30T00:38:49.204+0000] {logging_mixin.py:151} INFO - [2026-04-30T00:38:49.203+0000] {dagbag.py:539} INFO - Filling up the DagBag from /opt/airflow/dags/ingest_local_folder_dag.py
[2026-04-30T00:38:49.848+0000] {processor.py:839} INFO - DAG(s) dict_keys(['ingestionDAG']) retrieved from /opt/airflow/dags/ingest_local_folder_dag.py
[2026-04-30T00:38:49.949+0000] {logging_mixin.py:151} INFO - [2026-04-30T00:38:49.948+0000] {dag.py:2915} INFO - Sync 1 DAGs
[2026-04-30T00:38:50.389+0000] {logging_mixin.py:151} INFO - [2026-04-30T00:38:50.389+0000] {dag.py:3696} INFO - Setting next_dagrun for ingestionDAG to 2026-04-30T00:38:20.388647+00:00, run_after=2026-04-30T00:38:50.388647+00:00
[2026-04-30T00:38:50.444+0000] {processor.py:179} INFO - Processing /opt/airflow/dags/ingest_local_folder_dag.py took 1.261 seconds
[2026-04-30T00:39:20.757+0000] {processor.py:157} INFO - Started process (PID=6489) to work on /opt/airflow/dags/ingest_local_folder_dag.py
[2026-04-30T00:39:20.759+0000] {processor.py:829} INFO - Processing file /opt/airflow/dags/ingest_local_folder_dag.py for tasks to queue
[2026-04-30T00:39:20.761+0000] {logging_mixin.py:151} INFO - [2026-04-30T00:39:20.760+0000] {dagbag.py:539} INFO - Filling up the DagBag from /opt/airflow/dags/ingest_local_folder_dag.py
[2026-04-30T00:39:21.317+0000] {processor.py:839} INFO - DAG(s) dict_keys(['ingestionDAG']) retrieved from /opt/airflow/dags/ingest_local_folder_dag.py
[2026-04-30T00:39:21.415+0000] {logging_mixin.py:151} INFO - [2026-04-30T00:39:21.415+0000] {dag.py:2915} INFO - Sync 1 DAGs
[2026-04-30T00:39:21.475+0000] {logging_mixin.py:151} INFO - [2026-04-30T00:39:21.475+0000] {dag.py:3696} INFO - Setting next_dagrun for ingestionDAG to 2026-04-30T00:38:51.474466+00:00, run_after=2026-04-30T00:39:21.474466+00:00
[2026-04-30T00:39:21.522+0000] {processor.py:179} INFO - Processing /opt/airflow/dags/ingest_local_folder_dag.py took 0.776 seconds
[2026-04-30T00:39:51.666+0000] {processor.py:157} INFO - Started process (PID=6507) to work on /opt/airflow/dags/ingest_local_folder_dag.py
[2026-04-30T00:39:51.668+0000] {processor.py:829} INFO - Processing file /opt/airflow/dags/ingest_local_folder_dag.py for tasks to queue
[2026-04-30T00:39:51.671+0000] {logging_mixin.py:151} INFO - [2026-04-30T00:39:51.670+0000] {dagbag.py:539} INFO - Filling up the DagBag from /opt/airflow/dags/ingest_local_folder_dag.py
[2026-04-30T00:39:52.325+0000] {processor.py:839} INFO - DAG(s) dict_keys(['ingestionDAG']) retrieved from /opt/airflow/dags/ingest_local_folder_dag.py
[2026-04-30T00:39:52.481+0000] {logging_mixin.py:151} INFO - [2026-04-30T00:39:52.481+0000] {dag.py:2915} INFO - Sync 1 DAGs
[2026-04-30T00:39:52.573+0000] {logging_mixin.py:151} INFO - [2026-04-30T00:39:52.572+0000] {dag.py:3696} INFO - Setting next_dagrun for ingestionDAG to 2026-04-30T00:39:22.571268+00:00, run_after=2026-04-30T00:39:52.571268+00:00
[2026-04-30T00:39:53.051+0000] {processor.py:179} INFO - Processing /opt/airflow/dags/ingest_local_folder_dag.py took 1.397 seconds
[2026-04-30T00:40:23.380+0000] {processor.py:157} INFO - Started process (PID=6525) to work on /opt/airflow/dags/ingest_local_folder_dag.py
[2026-04-30T00:40:23.382+0000] {processor.py:829} INFO - Processing file /opt/airflow/dags/ingest_local_folder_dag.py for tasks to queue
[2026-04-30T00:40:23.385+0000] {logging_mixin.py:151} INFO - [2026-04-30T00:40:23.384+0000] {dagbag.py:539} INFO - Filling up the DagBag from /opt/airflow/dags/ingest_local_folder_dag.py
[2026-04-30T00:40:23.977+0000] {processor.py:839} INFO - DAG(s) dict_keys(['ingestionDAG']) retrieved from /opt/airflow/dags/ingest_local_folder_dag.py
[2026-04-30T00:40:24.407+0000] {logging_mixin.py:151} INFO - [2026-04-30T00:40:24.407+0000] {dag.py:2915} INFO - Sync 1 DAGs
[2026-04-30T00:40:24.468+0000] {logging_mixin.py:151} INFO - [2026-04-30T00:40:24.467+0000] {dag.py:3696} INFO - Setting next_dagrun for ingestionDAG to 2026-04-30T00:39:54.467477+00:00, run_after=2026-04-30T00:40:24.467477+00:00
[2026-04-30T00:40:24.512+0000] {processor.py:179} INFO - Processing /opt/airflow/dags/ingest_local_folder_dag.py took 1.142 seconds
[2026-04-30T00:40:55.176+0000] {processor.py:157} INFO - Started process (PID=6543) to work on /opt/airflow/dags/ingest_local_folder_dag.py
[2026-04-30T00:40:55.178+0000] {processor.py:829} INFO - Processing file /opt/airflow/dags/ingest_local_folder_dag.py for tasks to queue
[2026-04-30T00:40:55.181+0000] {logging_mixin.py:151} INFO - [2026-04-30T00:40:55.180+0000] {dagbag.py:539} INFO - Filling up the DagBag from /opt/airflow/dags/ingest_local_folder_dag.py
[2026-04-30T00:40:55.772+0000] {processor.py:839} INFO - DAG(s) dict_keys(['ingestionDAG']) retrieved from /opt/airflow/dags/ingest_local_folder_dag.py
[2026-04-30T00:40:55.871+0000] {logging_mixin.py:151} INFO - [2026-04-30T00:40:55.870+0000] {dag.py:2915} INFO - Sync 1 DAGs
[2026-04-30T00:40:55.940+0000] {logging_mixin.py:151} INFO - [2026-04-30T00:40:55.940+0000] {dag.py:3696} INFO - Setting next_dagrun for ingestionDAG to 2026-04-30T00:40:25.939485+00:00, run_after=2026-04-30T00:40:55.939485+00:00
[2026-04-30T00:40:56.008+0000] {processor.py:179} INFO - Processing /opt/airflow/dags/ingest_local_folder_dag.py took 0.844 seconds
[2026-04-30T00:41:26.693+0000] {processor.py:157} INFO - Started process (PID=6561) to work on /opt/airflow/dags/ingest_local_folder_dag.py
[2026-04-30T00:41:26.695+0000] {processor.py:829} INFO - Processing file /opt/airflow/dags/ingest_local_folder_dag.py for tasks to queue
[2026-04-30T00:41:26.697+0000] {logging_mixin.py:151} INFO - [2026-04-30T00:41:26.696+0000] {dagbag.py:539} INFO - Filling up the DagBag from /opt/airflow/dags/ingest_local_folder_dag.py
[2026-04-30T00:41:27.266+0000] {processor.py:839} INFO - DAG(s) dict_keys(['ingestionDAG']) retrieved from /opt/airflow/dags/ingest_local_folder_dag.py
[2026-04-30T00:41:27.380+0000] {logging_mixin.py:151} INFO - [2026-04-30T00:41:27.379+0000] {dag.py:2915} INFO - Sync 1 DAGs
[2026-04-30T00:41:27.444+0000] {logging_mixin.py:151} INFO - [2026-04-30T00:41:27.444+0000] {dag.py:3696} INFO - Setting next_dagrun for ingestionDAG to 2026-04-30T00:40:57.443526+00:00, run_after=2026-04-30T00:41:27.443526+00:00
[2026-04-30T00:41:27.791+0000] {processor.py:179} INFO - Processing /opt/airflow/dags/ingest_local_folder_dag.py took 1.109 seconds
[2026-04-30T00:41:58.070+0000] {processor.py:157} INFO - Started process (PID=6579) to work on /opt/airflow/dags/ingest_local_folder_dag.py
[2026-04-30T00:41:58.073+0000] {processor.py:829} INFO - Processing file /opt/airflow/dags/ingest_local_folder_dag.py for tasks to queue
[2026-04-30T00:41:58.075+0000] {logging_mixin.py:151} INFO - [2026-04-30T00:41:58.074+0000] {dagbag.py:539} INFO - Filling up the DagBag from /opt/airflow/dags/ingest_local_folder_dag.py
[2026-04-30T00:41:58.630+0000] {processor.py:839} INFO - DAG(s) dict_keys(['ingestionDAG']) retrieved from /opt/airflow/dags/ingest_local_folder_dag.py
[2026-04-30T00:41:59.036+0000] {logging_mixin.py:151} INFO - [2026-04-30T00:41:59.035+0000] {dag.py:2915} INFO - Sync 1 DAGs
[2026-04-30T00:41:59.093+0000] {logging_mixin.py:151} INFO - [2026-04-30T00:41:59.093+0000] {dag.py:3696} INFO - Setting next_dagrun for ingestionDAG to 2026-04-30T00:41:29.092579+00:00, run_after=2026-04-30T00:41:59.092579+00:00
[2026-04-30T00:41:59.142+0000] {processor.py:179} INFO - Processing /opt/airflow/dags/ingest_local_folder_dag.py took 1.082 seconds
[2026-04-30T00:42:29.442+0000] {processor.py:157} INFO - Started process (PID=6597) to work on /opt/airflow/dags/ingest_local_folder_dag.py
[2026-04-30T00:42:29.445+0000] {processor.py:829} INFO - Processing file /opt/airflow/dags/ingest_local_folder_dag.py for tasks to queue
[2026-04-30T00:42:29.447+0000] {logging_mixin.py:151} INFO - [2026-04-30T00:42:29.447+0000] {dagbag.py:539} INFO - Filling up the DagBag from /opt/airflow/dags/ingest_local_folder_dag.py
[2026-04-30T00:42:30.040+0000] {processor.py:839} INFO - DAG(s) dict_keys(['ingestionDAG']) retrieved from /opt/airflow/dags/ingest_local_folder_dag.py
[2026-04-30T00:42:30.131+0000] {logging_mixin.py:151} INFO - [2026-04-30T00:42:30.131+0000] {dag.py:2915} INFO - Sync 1 DAGs
[2026-04-30T00:42:30.196+0000] {logging_mixin.py:151} INFO - [2026-04-30T00:42:30.195+0000] {dag.py:3696} INFO - Setting next_dagrun for ingestionDAG to 2026-04-30T00:42:00.195248+00:00, run_after=2026-04-30T00:42:30.195248+00:00
[2026-04-30T00:42:30.255+0000] {processor.py:179} INFO - Processing /opt/airflow/dags/ingest_local_folder_dag.py took 0.823 seconds
[2026-04-30T00:43:00.807+0000] {processor.py:157} INFO - Started process (PID=6615) to work on /opt/airflow/dags/ingest_local_folder_dag.py
[2026-04-30T00:43:00.810+0000] {processor.py:829} INFO - Processing file /opt/airflow/dags/ingest_local_folder_dag.py for tasks to queue
[2026-04-30T00:43:00.812+0000] {logging_mixin.py:151} INFO - [2026-04-30T00:43:00.811+0000] {dagbag.py:539} INFO - Filling up the DagBag from /opt/airflow/dags/ingest_local_folder_dag.py
[2026-04-30T00:43:01.417+0000] {processor.py:839} INFO - DAG(s) dict_keys(['ingestionDAG']) retrieved from /opt/airflow/dags/ingest_local_folder_dag.py
[2026-04-30T00:43:01.508+0000] {logging_mixin.py:151} INFO - [2026-04-30T00:43:01.508+0000] {dag.py:2915} INFO - Sync 1 DAGs
[2026-04-30T00:43:01.874+0000] {logging_mixin.py:151} INFO - [2026-04-30T00:43:01.873+0000] {dag.py:3696} INFO - Setting next_dagrun for ingestionDAG to 2026-04-30T00:42:31.873552+00:00, run_after=2026-04-30T00:43:01.873552+00:00
[2026-04-30T00:43:01.916+0000] {processor.py:179} INFO - Processing /opt/airflow/dags/ingest_local_folder_dag.py took 1.120 seconds
[2026-04-30T00:43:32.239+0000] {processor.py:157} INFO - Started process (PID=6633) to work on /opt/airflow/dags/ingest_local_folder_dag.py
[2026-04-30T00:43:32.241+0000] {processor.py:829} INFO - Processing file /opt/airflow/dags/ingest_local_folder_dag.py for tasks to queue
[2026-04-30T00:43:32.244+0000] {logging_mixin.py:151} INFO - [2026-04-30T00:43:32.243+0000] {dagbag.py:539} INFO - Filling up the DagBag from /opt/airflow/dags/ingest_local_folder_dag.py
[2026-04-30T00:43:32.806+0000] {processor.py:839} INFO - DAG(s) dict_keys(['ingestionDAG']) retrieved from /opt/airflow/dags/ingest_local_folder_dag.py
[2026-04-30T00:43:33.227+0000] {logging_mixin.py:151} INFO - [2026-04-30T00:43:33.227+0000] {dag.py:2915} INFO - Sync 1 DAGs
[2026-04-30T00:43:33.285+0000] {logging_mixin.py:151} INFO - [2026-04-30T00:43:33.284+0000] {dag.py:3696} INFO - Setting next_dagrun for ingestionDAG to 2026-04-30T00:43:03.284554+00:00, run_after=2026-04-30T00:43:33.284554+00:00
[2026-04-30T00:43:33.329+0000] {processor.py:179} INFO - Processing /opt/airflow/dags/ingest_local_folder_dag.py took 1.101 seconds
[2026-04-30T00:44:03.646+0000] {processor.py:157} INFO - Started process (PID=6649) to work on /opt/airflow/dags/ingest_local_folder_dag.py
[2026-04-30T00:44:03.650+0000] {processor.py:829} INFO - Processing file /opt/airflow/dags/ingest_local_folder_dag.py for tasks to queue
[2026-04-30T00:44:03.653+0000] {logging_mixin.py:151} INFO - [2026-04-30T00:44:03.651+0000] {dagbag.py:539} INFO - Filling up the DagBag from /opt/airflow/dags/ingest_local_folder_dag.py
[2026-04-30T00:44:04.571+0000] {processor.py:839} INFO - DAG(s) dict_keys(['ingestionDAG']) retrieved from /opt/airflow/dags/ingest_local_folder_dag.py
[2026-04-30T00:44:04.653+0000] {logging_mixin.py:151} INFO - [2026-04-30T00:44:04.652+0000] {dag.py:2915} INFO - Sync 1 DAGs
[2026-04-30T00:44:04.706+0000] {logging_mixin.py:151} INFO - [2026-04-30T00:44:04.706+0000] {dag.py:3696} INFO - Setting next_dagrun for ingestionDAG to 2026-04-30T00:43:34.706110+00:00, run_after=2026-04-30T00:44:04.706110+00:00
[2026-04-30T00:44:04.751+0000] {processor.py:179} INFO - Processing /opt/airflow/dags/ingest_local_folder_dag.py took 1.115 seconds
[2026-04-30T00:44:35.046+0000] {processor.py:157} INFO - Started process (PID=6666) to work on /opt/airflow/dags/ingest_local_folder_dag.py
[2026-04-30T00:44:35.048+0000] {processor.py:829} INFO - Processing file /opt/airflow/dags/ingest_local_folder_dag.py for tasks to queue
[2026-04-30T00:44:35.051+0000] {logging_mixin.py:151} INFO - [2026-04-30T00:44:35.049+0000] {dagbag.py:539} INFO - Filling up the DagBag from /opt/airflow/dags/ingest_local_folder_dag.py
[2026-04-30T00:44:35.717+0000] {processor.py:839} INFO - DAG(s) dict_keys(['ingestionDAG']) retrieved from /opt/airflow/dags/ingest_local_folder_dag.py
[2026-04-30T00:44:35.834+0000] {logging_mixin.py:151} INFO - [2026-04-30T00:44:35.833+0000] {dag.py:2915} INFO - Sync 1 DAGs
[2026-04-30T00:44:36.242+0000] {logging_mixin.py:151} INFO - [2026-04-30T00:44:36.242+0000] {dag.py:3696} INFO - Setting next_dagrun for ingestionDAG to 2026-04-30T00:44:06.241968+00:00, run_after=2026-04-30T00:44:36.241968+00:00
[2026-04-30T00:44:36.312+0000] {processor.py:179} INFO - Processing /opt/airflow/dags/ingest_local_folder_dag.py took 1.277 seconds
[2026-04-30T00:45:06.614+0000] {processor.py:157} INFO - Started process (PID=6681) to work on /opt/airflow/dags/ingest_local_folder_dag.py
[2026-04-30T00:45:06.617+0000] {processor.py:829} INFO - Processing file /opt/airflow/dags/ingest_local_folder_dag.py for tasks to queue
[2026-04-30T00:45:06.620+0000] {logging_mixin.py:151} INFO - [2026-04-30T00:45:06.619+0000] {dagbag.py:539} INFO - Filling up the DagBag from /opt/airflow/dags/ingest_local_folder_dag.py
[2026-04-30T00:45:07.188+0000] {processor.py:839} INFO - DAG(s) dict_keys(['ingestionDAG']) retrieved from /opt/airflow/dags/ingest_local_folder_dag.py
[2026-04-30T00:45:07.617+0000] {logging_mixin.py:151} INFO - [2026-04-30T00:45:07.616+0000] {dag.py:2915} INFO - Sync 1 DAGs
[2026-04-30T00:45:07.672+0000] {logging_mixin.py:151} INFO - [2026-04-30T00:45:07.672+0000] {dag.py:3696} INFO - Setting next_dagrun for ingestionDAG to 2026-04-30T00:44:37.671699+00:00, run_after=2026-04-30T00:45:07.671699+00:00
[2026-04-30T00:45:07.720+0000] {processor.py:179} INFO - Processing /opt/airflow/dags/ingest_local_folder_dag.py took 1.117 seconds
[2026-04-30T00:45:38.050+0000] {processor.py:157} INFO - Started process (PID=6699) to work on /opt/airflow/dags/ingest_local_folder_dag.py
[2026-04-30T00:45:38.053+0000] {processor.py:829} INFO - Processing file /opt/airflow/dags/ingest_local_folder_dag.py for tasks to queue
[2026-04-30T00:45:38.055+0000] {logging_mixin.py:151} INFO - [2026-04-30T00:45:38.054+0000] {dagbag.py:539} INFO - Filling up the DagBag from /opt/airflow/dags/ingest_local_folder_dag.py
[2026-04-30T00:45:39.051+0000] {processor.py:839} INFO - DAG(s) dict_keys(['ingestionDAG']) retrieved from /opt/airflow/dags/ingest_local_folder_dag.py
[2026-04-30T00:45:39.154+0000] {logging_mixin.py:151} INFO - [2026-04-30T00:45:39.153+0000] {dag.py:2915} INFO - Sync 1 DAGs
[2026-04-30T00:45:39.212+0000] {logging_mixin.py:151} INFO - [2026-04-30T00:45:39.212+0000] {dag.py:3696} INFO - Setting next_dagrun for ingestionDAG to 2026-04-30T00:45:09.211815+00:00, run_after=2026-04-30T00:45:39.211815+00:00
[2026-04-30T00:45:39.266+0000] {processor.py:179} INFO - Processing /opt/airflow/dags/ingest_local_folder_dag.py took 1.227 seconds
[2026-04-30T00:46:09.452+0000] {processor.py:157} INFO - Started process (PID=6717) to work on /opt/airflow/dags/ingest_local_folder_dag.py
[2026-04-30T00:46:09.453+0000] {processor.py:829} INFO - Processing file /opt/airflow/dags/ingest_local_folder_dag.py for tasks to queue
[2026-04-30T00:46:09.454+0000] {logging_mixin.py:151} INFO - [2026-04-30T00:46:09.454+0000] {dagbag.py:539} INFO - Filling up the DagBag from /opt/airflow/dags/ingest_local_folder_dag.py
[2026-04-30T00:46:09.630+0000] {processor.py:839} INFO - DAG(s) dict_keys(['ingestionDAG']) retrieved from /opt/airflow/dags/ingest_local_folder_dag.py
[2026-04-30T00:46:09.664+0000] {logging_mixin.py:151} INFO - [2026-04-30T00:46:09.664+0000] {dag.py:2915} INFO - Sync 1 DAGs
[2026-04-30T00:46:09.815+0000] {logging_mixin.py:151} INFO - [2026-04-30T00:46:09.815+0000] {dag.py:3696} INFO - Setting next_dagrun for ingestionDAG to 2026-04-30T00:45:39.815553+00:00, run_after=2026-04-30T00:46:09.815553+00:00
[2026-04-30T00:46:09.836+0000] {processor.py:179} INFO - Processing /opt/airflow/dags/ingest_local_folder_dag.py took 0.387 seconds
[2026-04-30T00:46:39.973+0000] {processor.py:157} INFO - Started process (PID=6735) to work on /opt/airflow/dags/ingest_local_folder_dag.py
[2026-04-30T00:46:39.974+0000] {processor.py:829} INFO - Processing file /opt/airflow/dags/ingest_local_folder_dag.py for tasks to queue
[2026-04-30T00:46:39.975+0000] {logging_mixin.py:151} INFO - [2026-04-30T00:46:39.974+0000] {dagbag.py:539} INFO - Filling up the DagBag from /opt/airflow/dags/ingest_local_folder_dag.py
[2026-04-30T00:46:40.302+0000] {processor.py:839} INFO - DAG(s) dict_keys(['ingestionDAG']) retrieved from /opt/airflow/dags/ingest_local_folder_dag.py
[2026-04-30T00:46:40.331+0000] {logging_mixin.py:151} INFO - [2026-04-30T00:46:40.331+0000] {dag.py:2915} INFO - Sync 1 DAGs
[2026-04-30T00:46:40.350+0000] {logging_mixin.py:151} INFO - [2026-04-30T00:46:40.349+0000] {dag.py:3696} INFO - Setting next_dagrun for ingestionDAG to 2026-04-30T00:46:10.349816+00:00, run_after=2026-04-30T00:46:40.349816+00:00
[2026-04-30T00:46:40.374+0000] {processor.py:179} INFO - Processing /opt/airflow/dags/ingest_local_folder_dag.py took 0.405 seconds
[2026-04-30T00:47:10.514+0000] {processor.py:157} INFO - Started process (PID=6753) to work on /opt/airflow/dags/ingest_local_folder_dag.py
[2026-04-30T00:47:10.515+0000] {processor.py:829} INFO - Processing file /opt/airflow/dags/ingest_local_folder_dag.py for tasks to queue
[2026-04-30T00:47:10.516+0000] {logging_mixin.py:151} INFO - [2026-04-30T00:47:10.515+0000] {dagbag.py:539} INFO - Filling up the DagBag from /opt/airflow/dags/ingest_local_folder_dag.py
[2026-04-30T00:47:10.826+0000] {processor.py:839} INFO - DAG(s) dict_keys(['ingestionDAG']) retrieved from /opt/airflow/dags/ingest_local_folder_dag.py
[2026-04-30T00:47:10.856+0000] {logging_mixin.py:151} INFO - [2026-04-30T00:47:10.856+0000] {dag.py:2915} INFO - Sync 1 DAGs
[2026-04-30T00:47:10.876+0000] {logging_mixin.py:151} INFO - [2026-04-30T00:47:10.876+0000] {dag.py:3696} INFO - Setting next_dagrun for ingestionDAG to 2026-04-30T00:46:40.876528+00:00, run_after=2026-04-30T00:47:10.876528+00:00
[2026-04-30T00:47:10.895+0000] {processor.py:179} INFO - Processing /opt/airflow/dags/ingest_local_folder_dag.py took 0.386 seconds
[2026-04-30T00:47:41.801+0000] {processor.py:157} INFO - Started process (PID=6771) to work on /opt/airflow/dags/ingest_local_folder_dag.py
[2026-04-30T00:47:41.802+0000] {processor.py:829} INFO - Processing file /opt/airflow/dags/ingest_local_folder_dag.py for tasks to queue
[2026-04-30T00:47:41.803+0000] {logging_mixin.py:151} INFO - [2026-04-30T00:47:41.802+0000] {dagbag.py:539} INFO - Filling up the DagBag from /opt/airflow/dags/ingest_local_folder_dag.py
[2026-04-30T00:47:42.130+0000] {processor.py:839} INFO - DAG(s) dict_keys(['ingestionDAG']) retrieved from /opt/airflow/dags/ingest_local_folder_dag.py
[2026-04-30T00:47:42.159+0000] {logging_mixin.py:151} INFO - [2026-04-30T00:47:42.159+0000] {dag.py:2915} INFO - Sync 1 DAGs
[2026-04-30T00:47:42.180+0000] {logging_mixin.py:151} INFO - [2026-04-30T00:47:42.180+0000] {dag.py:3696} INFO - Setting next_dagrun for ingestionDAG to 2026-04-30T00:47:12.179872+00:00, run_after=2026-04-30T00:47:42.179872+00:00
[2026-04-30T00:47:42.198+0000] {processor.py:179} INFO - Processing /opt/airflow/dags/ingest_local_folder_dag.py took 0.401 seconds
[2026-04-30T00:48:12.331+0000] {processor.py:157} INFO - Started process (PID=6789) to work on /opt/airflow/dags/ingest_local_folder_dag.py
[2026-04-30T00:48:12.332+0000] {processor.py:829} INFO - Processing file /opt/airflow/dags/ingest_local_folder_dag.py for tasks to queue
[2026-04-30T00:48:12.333+0000] {logging_mixin.py:151} INFO - [2026-04-30T00:48:12.333+0000] {dagbag.py:539} INFO - Filling up the DagBag from /opt/airflow/dags/ingest_local_folder_dag.py
[2026-04-30T00:48:12.649+0000] {processor.py:839} INFO - DAG(s) dict_keys(['ingestionDAG']) retrieved from /opt/airflow/dags/ingest_local_folder_dag.py
[2026-04-30T00:48:12.677+0000] {logging_mixin.py:151} INFO - [2026-04-30T00:48:12.677+0000] {dag.py:2915} INFO - Sync 1 DAGs
[2026-04-30T00:48:12.696+0000] {logging_mixin.py:151} INFO - [2026-04-30T00:48:12.696+0000] {dag.py:3696} INFO - Setting next_dagrun for ingestionDAG to 2026-04-30T00:47:42.696062+00:00, run_after=2026-04-30T00:48:12.696062+00:00
[2026-04-30T00:48:12.711+0000] {processor.py:179} INFO - Processing /opt/airflow/dags/ingest_local_folder_dag.py took 0.383 seconds
[2026-04-30T00:48:43.556+0000] {processor.py:157} INFO - Started process (PID=6807) to work on /opt/airflow/dags/ingest_local_folder_dag.py
[2026-04-30T00:48:43.557+0000] {processor.py:829} INFO - Processing file /opt/airflow/dags/ingest_local_folder_dag.py for tasks to queue
[2026-04-30T00:48:43.561+0000] {logging_mixin.py:151} INFO - [2026-04-30T00:48:43.561+0000] {dagbag.py:539} INFO - Filling up the DagBag from /opt/airflow/dags/ingest_local_folder_dag.py
[2026-04-30T00:48:43.913+0000] {processor.py:839} INFO - DAG(s) dict_keys(['ingestionDAG']) retrieved from /opt/airflow/dags/ingest_local_folder_dag.py
[2026-04-30T00:48:43.943+0000] {logging_mixin.py:151} INFO - [2026-04-30T00:48:43.943+0000] {dag.py:2915} INFO - Sync 1 DAGs
[2026-04-30T00:48:43.964+0000] {logging_mixin.py:151} INFO - [2026-04-30T00:48:43.964+0000] {dag.py:3696} INFO - Setting next_dagrun for ingestionDAG to 2026-04-30T00:48:13.964590+00:00, run_after=2026-04-30T00:48:43.964590+00:00
[2026-04-30T00:48:43.984+0000] {processor.py:179} INFO - Processing /opt/airflow/dags/ingest_local_folder_dag.py took 0.432 seconds
[2026-04-30T00:49:14.124+0000] {processor.py:157} INFO - Started process (PID=6825) to work on /opt/airflow/dags/ingest_local_folder_dag.py
[2026-04-30T00:49:14.125+0000] {processor.py:829} INFO - Processing file /opt/airflow/dags/ingest_local_folder_dag.py for tasks to queue
[2026-04-30T00:49:14.125+0000] {logging_mixin.py:151} INFO - [2026-04-30T00:49:14.125+0000] {dagbag.py:539} INFO - Filling up the DagBag from /opt/airflow/dags/ingest_local_folder_dag.py
[2026-04-30T00:49:14.450+0000] {processor.py:839} INFO - DAG(s) dict_keys(['ingestionDAG']) retrieved from /opt/airflow/dags/ingest_local_folder_dag.py
[2026-04-30T00:49:14.478+0000] {logging_mixin.py:151} INFO - [2026-04-30T00:49:14.477+0000] {dag.py:2915} INFO - Sync 1 DAGs
[2026-04-30T00:49:14.497+0000] {logging_mixin.py:151} INFO - [2026-04-30T00:49:14.497+0000] {dag.py:3696} INFO - Setting next_dagrun for ingestionDAG to 2026-04-30T00:48:44.497649+00:00, run_after=2026-04-30T00:49:14.497649+00:00
[2026-04-30T00:49:14.514+0000] {processor.py:179} INFO - Processing /opt/airflow/dags/ingest_local_folder_dag.py took 0.394 seconds
[2026-04-30T00:49:45.353+0000] {processor.py:157} INFO - Started process (PID=6843) to work on /opt/airflow/dags/ingest_local_folder_dag.py
[2026-04-30T00:49:45.354+0000] {processor.py:829} INFO - Processing file /opt/airflow/dags/ingest_local_folder_dag.py for tasks to queue
[2026-04-30T00:49:45.354+0000] {logging_mixin.py:151} INFO - [2026-04-30T00:49:45.354+0000] {dagbag.py:539} INFO - Filling up the DagBag from /opt/airflow/dags/ingest_local_folder_dag.py
[2026-04-30T00:49:45.707+0000] {processor.py:839} INFO - DAG(s) dict_keys(['ingestionDAG']) retrieved from /opt/airflow/dags/ingest_local_folder_dag.py
[2026-04-30T00:49:45.738+0000] {logging_mixin.py:151} INFO - [2026-04-30T00:49:45.738+0000] {dag.py:2915} INFO - Sync 1 DAGs
[2026-04-30T00:49:45.759+0000] {logging_mixin.py:151} INFO - [2026-04-30T00:49:45.759+0000] {dag.py:3696} INFO - Setting next_dagrun for ingestionDAG to 2026-04-30T00:49:15.759286+00:00, run_after=2026-04-30T00:49:45.759286+00:00
[2026-04-30T00:49:45.776+0000] {processor.py:179} INFO - Processing /opt/airflow/dags/ingest_local_folder_dag.py took 0.429 seconds
[2026-04-30T00:50:33.111+0000] {processor.py:157} INFO - Started process (PID=176) to work on /opt/airflow/dags/ingest_local_folder_dag.py
[2026-04-30T00:50:33.112+0000] {processor.py:829} INFO - Processing file /opt/airflow/dags/ingest_local_folder_dag.py for tasks to queue
[2026-04-30T00:50:33.113+0000] {logging_mixin.py:151} INFO - [2026-04-30T00:50:33.113+0000] {dagbag.py:539} INFO - Filling up the DagBag from /opt/airflow/dags/ingest_local_folder_dag.py
[2026-04-30T00:50:33.331+0000] {processor.py:839} INFO - DAG(s) dict_keys(['ingestionDAG']) retrieved from /opt/airflow/dags/ingest_local_folder_dag.py
[2026-04-30T00:50:33.366+0000] {logging_mixin.py:151} INFO - [2026-04-30T00:50:33.366+0000] {dag.py:2915} INFO - Sync 1 DAGs
[2026-04-30T00:50:33.390+0000] {logging_mixin.py:151} INFO - [2026-04-30T00:50:33.389+0000] {dag.py:3696} INFO - Setting next_dagrun for ingestionDAG to 2026-04-30T00:50:03.389627+00:00, run_after=2026-04-30T00:50:33.389627+00:00
[2026-04-30T00:50:33.406+0000] {processor.py:179} INFO - Processing /opt/airflow/dags/ingest_local_folder_dag.py took 0.299 seconds
[2026-04-30T00:51:03.536+0000] {processor.py:157} INFO - Started process (PID=209) to work on /opt/airflow/dags/ingest_local_folder_dag.py
[2026-04-30T00:51:03.537+0000] {processor.py:829} INFO - Processing file /opt/airflow/dags/ingest_local_folder_dag.py for tasks to queue
[2026-04-30T00:51:03.537+0000] {logging_mixin.py:151} INFO - [2026-04-30T00:51:03.537+0000] {dagbag.py:539} INFO - Filling up the DagBag from /opt/airflow/dags/ingest_local_folder_dag.py
[2026-04-30T00:51:03.724+0000] {processor.py:839} INFO - DAG(s) dict_keys(['ingestionDAG']) retrieved from /opt/airflow/dags/ingest_local_folder_dag.py
[2026-04-30T00:51:03.754+0000] {logging_mixin.py:151} INFO - [2026-04-30T00:51:03.754+0000] {dag.py:2915} INFO - Sync 1 DAGs
[2026-04-30T00:51:03.774+0000] {logging_mixin.py:151} INFO - [2026-04-30T00:51:03.774+0000] {dag.py:3696} INFO - Setting next_dagrun for ingestionDAG to 2026-04-30T00:50:33.774363+00:00, run_after=2026-04-30T00:51:03.774363+00:00
[2026-04-30T00:51:03.790+0000] {processor.py:179} INFO - Processing /opt/airflow/dags/ingest_local_folder_dag.py took 0.257 seconds
[2026-04-30T00:51:33.915+0000] {processor.py:157} INFO - Started process (PID=227) to work on /opt/airflow/dags/ingest_local_folder_dag.py
[2026-04-30T00:51:33.916+0000] {processor.py:829} INFO - Processing file /opt/airflow/dags/ingest_local_folder_dag.py for tasks to queue
[2026-04-30T00:51:33.917+0000] {logging_mixin.py:151} INFO - [2026-04-30T00:51:33.916+0000] {dagbag.py:539} INFO - Filling up the DagBag from /opt/airflow/dags/ingest_local_folder_dag.py
[2026-04-30T00:51:34.098+0000] {processor.py:839} INFO - DAG(s) dict_keys(['ingestionDAG']) retrieved from /opt/airflow/dags/ingest_local_folder_dag.py
[2026-04-30T00:51:34.131+0000] {logging_mixin.py:151} INFO - [2026-04-30T00:51:34.130+0000] {dag.py:2915} INFO - Sync 1 DAGs
[2026-04-30T00:51:34.151+0000] {logging_mixin.py:151} INFO - [2026-04-30T00:51:34.151+0000] {dag.py:3696} INFO - Setting next_dagrun for ingestionDAG to 2026-04-30T00:51:04.151362+00:00, run_after=2026-04-30T00:51:34.151362+00:00
[2026-04-30T00:51:34.168+0000] {processor.py:179} INFO - Processing /opt/airflow/dags/ingest_local_folder_dag.py took 0.256 seconds
[2026-04-30T00:52:04.284+0000] {processor.py:157} INFO - Started process (PID=245) to work on /opt/airflow/dags/ingest_local_folder_dag.py
[2026-04-30T00:52:04.285+0000] {processor.py:829} INFO - Processing file /opt/airflow/dags/ingest_local_folder_dag.py for tasks to queue
[2026-04-30T00:52:04.286+0000] {logging_mixin.py:151} INFO - [2026-04-30T00:52:04.286+0000] {dagbag.py:539} INFO - Filling up the DagBag from /opt/airflow/dags/ingest_local_folder_dag.py
[2026-04-30T00:52:04.472+0000] {processor.py:839} INFO - DAG(s) dict_keys(['ingestionDAG']) retrieved from /opt/airflow/dags/ingest_local_folder_dag.py
[2026-04-30T00:52:04.503+0000] {logging_mixin.py:151} INFO - [2026-04-30T00:52:04.502+0000] {dag.py:2915} INFO - Sync 1 DAGs
[2026-04-30T00:52:04.650+0000] {logging_mixin.py:151} INFO - [2026-04-30T00:52:04.650+0000] {dag.py:3696} INFO - Setting next_dagrun for ingestionDAG to 2026-04-30T00:51:34.650274+00:00, run_after=2026-04-30T00:52:04.650274+00:00
[2026-04-30T00:52:04.666+0000] {processor.py:179} INFO - Processing /opt/airflow/dags/ingest_local_folder_dag.py took 0.384 seconds
[2026-04-30T00:52:34.786+0000] {processor.py:157} INFO - Started process (PID=263) to work on /opt/airflow/dags/ingest_local_folder_dag.py
[2026-04-30T00:52:34.787+0000] {processor.py:829} INFO - Processing file /opt/airflow/dags/ingest_local_folder_dag.py for tasks to queue
[2026-04-30T00:52:34.788+0000] {logging_mixin.py:151} INFO - [2026-04-30T00:52:34.787+0000] {dagbag.py:539} INFO - Filling up the DagBag from /opt/airflow/dags/ingest_local_folder_dag.py
[2026-04-30T00:52:35.092+0000] {processor.py:839} INFO - DAG(s) dict_keys(['ingestionDAG']) retrieved from /opt/airflow/dags/ingest_local_folder_dag.py
[2026-04-30T00:52:35.121+0000] {logging_mixin.py:151} INFO - [2026-04-30T00:52:35.121+0000] {dag.py:2915} INFO - Sync 1 DAGs
[2026-04-30T00:52:35.140+0000] {logging_mixin.py:151} INFO - [2026-04-30T00:52:35.140+0000] {dag.py:3696} INFO - Setting next_dagrun for ingestionDAG to 2026-04-30T00:52:05.139859+00:00, run_after=2026-04-30T00:52:35.139859+00:00
[2026-04-30T00:52:35.154+0000] {processor.py:179} INFO - Processing /opt/airflow/dags/ingest_local_folder_dag.py took 0.372 seconds
[2026-04-30T00:53:05.945+0000] {processor.py:157} INFO - Started process (PID=283) to work on /opt/airflow/dags/ingest_local_folder_dag.py
[2026-04-30T00:53:05.947+0000] {processor.py:829} INFO - Processing file /opt/airflow/dags/ingest_local_folder_dag.py for tasks to queue
[2026-04-30T00:53:05.947+0000] {logging_mixin.py:151} INFO - [2026-04-30T00:53:05.947+0000] {dagbag.py:539} INFO - Filling up the DagBag from /opt/airflow/dags/ingest_local_folder_dag.py
[2026-04-30T00:53:06.248+0000] {processor.py:839} INFO - DAG(s) dict_keys(['ingestionDAG']) retrieved from /opt/airflow/dags/ingest_local_folder_dag.py
[2026-04-30T00:53:06.274+0000] {logging_mixin.py:151} INFO - [2026-04-30T00:53:06.274+0000] {dag.py:2915} INFO - Sync 1 DAGs
[2026-04-30T00:53:06.292+0000] {logging_mixin.py:151} INFO - [2026-04-30T00:53:06.292+0000] {dag.py:3696} INFO - Setting next_dagrun for ingestionDAG to 2026-04-30T00:52:36.292344+00:00, run_after=2026-04-30T00:53:06.292344+00:00
[2026-04-30T00:53:06.308+0000] {processor.py:179} INFO - Processing /opt/airflow/dags/ingest_local_folder_dag.py took 0.366 seconds
[2026-04-30T00:53:36.432+0000] {processor.py:157} INFO - Started process (PID=301) to work on /opt/airflow/dags/ingest_local_folder_dag.py
[2026-04-30T00:53:36.432+0000] {processor.py:829} INFO - Processing file /opt/airflow/dags/ingest_local_folder_dag.py for tasks to queue
[2026-04-30T00:53:36.433+0000] {logging_mixin.py:151} INFO - [2026-04-30T00:53:36.433+0000] {dagbag.py:539} INFO - Filling up the DagBag from /opt/airflow/dags/ingest_local_folder_dag.py
[2026-04-30T00:53:36.739+0000] {processor.py:839} INFO - DAG(s) dict_keys(['ingestionDAG']) retrieved from /opt/airflow/dags/ingest_local_folder_dag.py
[2026-04-30T00:53:36.765+0000] {logging_mixin.py:151} INFO - [2026-04-30T00:53:36.765+0000] {dag.py:2915} INFO - Sync 1 DAGs
[2026-04-30T00:53:36.784+0000] {logging_mixin.py:151} INFO - [2026-04-30T00:53:36.784+0000] {dag.py:3696} INFO - Setting next_dagrun for ingestionDAG to 2026-04-30T00:53:06.784053+00:00, run_after=2026-04-30T00:53:36.784053+00:00
[2026-04-30T00:53:36.799+0000] {processor.py:179} INFO - Processing /opt/airflow/dags/ingest_local_folder_dag.py took 0.371 seconds
[2026-04-30T00:54:07.606+0000] {processor.py:157} INFO - Started process (PID=319) to work on /opt/airflow/dags/ingest_local_folder_dag.py
[2026-04-30T00:54:07.607+0000] {processor.py:829} INFO - Processing file /opt/airflow/dags/ingest_local_folder_dag.py for tasks to queue
[2026-04-30T00:54:07.608+0000] {logging_mixin.py:151} INFO - [2026-04-30T00:54:07.607+0000] {dagbag.py:539} INFO - Filling up the DagBag from /opt/airflow/dags/ingest_local_folder_dag.py
[2026-04-30T00:54:07.910+0000] {processor.py:839} INFO - DAG(s) dict_keys(['ingestionDAG']) retrieved from /opt/airflow/dags/ingest_local_folder_dag.py
[2026-04-30T00:54:07.936+0000] {logging_mixin.py:151} INFO - [2026-04-30T00:54:07.936+0000] {dag.py:2915} INFO - Sync 1 DAGs
[2026-04-30T00:54:07.953+0000] {logging_mixin.py:151} INFO - [2026-04-30T00:54:07.953+0000] {dag.py:3696} INFO - Setting next_dagrun for ingestionDAG to 2026-04-30T00:53:37.953199+00:00, run_after=2026-04-30T00:54:07.953199+00:00
[2026-04-30T00:54:07.967+0000] {processor.py:179} INFO - Processing /opt/airflow/dags/ingest_local_folder_dag.py took 0.364 seconds
[2026-04-30T00:54:38.086+0000] {processor.py:157} INFO - Started process (PID=337) to work on /opt/airflow/dags/ingest_local_folder_dag.py
[2026-04-30T00:54:38.087+0000] {processor.py:829} INFO - Processing file /opt/airflow/dags/ingest_local_folder_dag.py for tasks to queue
[2026-04-30T00:54:38.088+0000] {logging_mixin.py:151} INFO - [2026-04-30T00:54:38.087+0000] {dagbag.py:539} INFO - Filling up the DagBag from /opt/airflow/dags/ingest_local_folder_dag.py
[2026-04-30T00:54:38.389+0000] {processor.py:839} INFO - DAG(s) dict_keys(['ingestionDAG']) retrieved from /opt/airflow/dags/ingest_local_folder_dag.py
[2026-04-30T00:54:38.415+0000] {logging_mixin.py:151} INFO - [2026-04-30T00:54:38.414+0000] {dag.py:2915} INFO - Sync 1 DAGs
[2026-04-30T00:54:38.433+0000] {logging_mixin.py:151} INFO - [2026-04-30T00:54:38.432+0000] {dag.py:3696} INFO - Setting next_dagrun for ingestionDAG to 2026-04-30T00:54:08.432688+00:00, run_after=2026-04-30T00:54:38.432688+00:00
[2026-04-30T00:54:38.448+0000] {processor.py:179} INFO - Processing /opt/airflow/dags/ingest_local_folder_dag.py took 0.365 seconds
[2026-04-30T00:55:08.484+0000] {processor.py:157} INFO - Started process (PID=355) to work on /opt/airflow/dags/ingest_local_folder_dag.py
[2026-04-30T00:55:08.485+0000] {processor.py:829} INFO - Processing file /opt/airflow/dags/ingest_local_folder_dag.py for tasks to queue
[2026-04-30T00:55:08.486+0000] {logging_mixin.py:151} INFO - [2026-04-30T00:55:08.486+0000] {dagbag.py:539} INFO - Filling up the DagBag from /opt/airflow/dags/ingest_local_folder_dag.py
[2026-04-30T00:55:08.786+0000] {processor.py:839} INFO - DAG(s) dict_keys(['ingestionDAG']) retrieved from /opt/airflow/dags/ingest_local_folder_dag.py
[2026-04-30T00:55:08.813+0000] {logging_mixin.py:151} INFO - [2026-04-30T00:55:08.813+0000] {dag.py:2915} INFO - Sync 1 DAGs
[2026-04-30T00:55:08.831+0000] {logging_mixin.py:151} INFO - [2026-04-30T00:55:08.830+0000] {dag.py:3696} INFO - Setting next_dagrun for ingestionDAG to 2026-04-30T00:54:38.830722+00:00, run_after=2026-04-30T00:55:08.830722+00:00
[2026-04-30T00:55:08.845+0000] {processor.py:179} INFO - Processing /opt/airflow/dags/ingest_local_folder_dag.py took 0.364 seconds
[2026-04-30T00:55:38.976+0000] {processor.py:157} INFO - Started process (PID=373) to work on /opt/airflow/dags/ingest_local_folder_dag.py
[2026-04-30T00:55:38.977+0000] {processor.py:829} INFO - Processing file /opt/airflow/dags/ingest_local_folder_dag.py for tasks to queue
[2026-04-30T00:55:38.977+0000] {logging_mixin.py:151} INFO - [2026-04-30T00:55:38.977+0000] {dagbag.py:539} INFO - Filling up the DagBag from /opt/airflow/dags/ingest_local_folder_dag.py
[2026-04-30T00:55:39.276+0000] {processor.py:839} INFO - DAG(s) dict_keys(['ingestionDAG']) retrieved from /opt/airflow/dags/ingest_local_folder_dag.py
[2026-04-30T00:55:39.302+0000] {logging_mixin.py:151} INFO - [2026-04-30T00:55:39.302+0000] {dag.py:2915} INFO - Sync 1 DAGs
[2026-04-30T00:55:39.320+0000] {logging_mixin.py:151} INFO - [2026-04-30T00:55:39.320+0000] {dag.py:3696} INFO - Setting next_dagrun for ingestionDAG to 2026-04-30T00:55:09.320162+00:00, run_after=2026-04-30T00:55:39.320162+00:00
[2026-04-30T00:55:39.334+0000] {processor.py:179} INFO - Processing /opt/airflow/dags/ingest_local_folder_dag.py took 0.362 seconds
[2026-04-30T00:56:09.453+0000] {processor.py:157} INFO - Started process (PID=391) to work on /opt/airflow/dags/ingest_local_folder_dag.py
[2026-04-30T00:56:09.454+0000] {processor.py:829} INFO - Processing file /opt/airflow/dags/ingest_local_folder_dag.py for tasks to queue
[2026-04-30T00:56:09.455+0000] {logging_mixin.py:151} INFO - [2026-04-30T00:56:09.455+0000] {dagbag.py:539} INFO - Filling up the DagBag from /opt/airflow/dags/ingest_local_folder_dag.py
[2026-04-30T00:56:09.644+0000] {processor.py:839} INFO - DAG(s) dict_keys(['ingestionDAG']) retrieved from /opt/airflow/dags/ingest_local_folder_dag.py
[2026-04-30T00:56:09.687+0000] {logging_mixin.py:151} INFO - [2026-04-30T00:56:09.687+0000] {dag.py:2915} INFO - Sync 1 DAGs
[2026-04-30T00:56:09.716+0000] {logging_mixin.py:151} INFO - [2026-04-30T00:56:09.716+0000] {dag.py:3696} INFO - Setting next_dagrun for ingestionDAG to 2026-04-30T00:55:39.715762+00:00, run_after=2026-04-30T00:56:09.715762+00:00
[2026-04-30T00:56:09.740+0000] {processor.py:179} INFO - Processing /opt/airflow/dags/ingest_local_folder_dag.py took 0.290 seconds
[2026-04-30T00:56:39.864+0000] {processor.py:157} INFO - Started process (PID=409) to work on /opt/airflow/dags/ingest_local_folder_dag.py
[2026-04-30T00:56:39.865+0000] {processor.py:829} INFO - Processing file /opt/airflow/dags/ingest_local_folder_dag.py for tasks to queue
[2026-04-30T00:56:39.866+0000] {logging_mixin.py:151} INFO - [2026-04-30T00:56:39.865+0000] {dagbag.py:539} INFO - Filling up the DagBag from /opt/airflow/dags/ingest_local_folder_dag.py
[2026-04-30T00:56:40.043+0000] {processor.py:839} INFO - DAG(s) dict_keys(['ingestionDAG']) retrieved from /opt/airflow/dags/ingest_local_folder_dag.py
[2026-04-30T00:56:40.073+0000] {logging_mixin.py:151} INFO - [2026-04-30T00:56:40.073+0000] {dag.py:2915} INFO - Sync 1 DAGs
[2026-04-30T00:56:40.093+0000] {logging_mixin.py:151} INFO - [2026-04-30T00:56:40.093+0000] {dag.py:3696} INFO - Setting next_dagrun for ingestionDAG to 2026-04-30T00:56:10.093083+00:00, run_after=2026-04-30T00:56:40.093083+00:00
[2026-04-30T00:56:40.108+0000] {processor.py:179} INFO - Processing /opt/airflow/dags/ingest_local_folder_dag.py took 0.248 seconds
[2026-04-30T00:57:10.226+0000] {processor.py:157} INFO - Started process (PID=427) to work on /opt/airflow/dags/ingest_local_folder_dag.py
[2026-04-30T00:57:10.227+0000] {processor.py:829} INFO - Processing file /opt/airflow/dags/ingest_local_folder_dag.py for tasks to queue
[2026-04-30T00:57:10.228+0000] {logging_mixin.py:151} INFO - [2026-04-30T00:57:10.228+0000] {dagbag.py:539} INFO - Filling up the DagBag from /opt/airflow/dags/ingest_local_folder_dag.py
[2026-04-30T00:57:10.399+0000] {processor.py:839} INFO - DAG(s) dict_keys(['ingestionDAG']) retrieved from /opt/airflow/dags/ingest_local_folder_dag.py
[2026-04-30T00:57:10.428+0000] {logging_mixin.py:151} INFO - [2026-04-30T00:57:10.428+0000] {dag.py:2915} INFO - Sync 1 DAGs
[2026-04-30T00:57:10.448+0000] {logging_mixin.py:151} INFO - [2026-04-30T00:57:10.448+0000] {dag.py:3696} INFO - Setting next_dagrun for ingestionDAG to 2026-04-30T00:56:40.448004+00:00, run_after=2026-04-30T00:57:10.448004+00:00
[2026-04-30T00:57:10.463+0000] {processor.py:179} INFO - Processing /opt/airflow/dags/ingest_local_folder_dag.py took 0.241 seconds
[2026-04-30T00:57:40.586+0000] {processor.py:157} INFO - Started process (PID=445) to work on /opt/airflow/dags/ingest_local_folder_dag.py
[2026-04-30T00:57:40.587+0000] {processor.py:829} INFO - Processing file /opt/airflow/dags/ingest_local_folder_dag.py for tasks to queue
[2026-04-30T00:57:40.588+0000] {logging_mixin.py:151} INFO - [2026-04-30T00:57:40.588+0000] {dagbag.py:539} INFO - Filling up the DagBag from /opt/airflow/dags/ingest_local_folder_dag.py
[2026-04-30T00:57:40.758+0000] {processor.py:839} INFO - DAG(s) dict_keys(['ingestionDAG']) retrieved from /opt/airflow/dags/ingest_local_folder_dag.py
[2026-04-30T00:57:40.787+0000] {logging_mixin.py:151} INFO - [2026-04-30T00:57:40.787+0000] {dag.py:2915} INFO - Sync 1 DAGs
[2026-04-30T00:57:40.808+0000] {logging_mixin.py:151} INFO - [2026-04-30T00:57:40.808+0000] {dag.py:3696} INFO - Setting next_dagrun for ingestionDAG to 2026-04-30T00:57:10.807822+00:00, run_after=2026-04-30T00:57:40.807822+00:00
[2026-04-30T00:57:40.823+0000] {processor.py:179} INFO - Processing /opt/airflow/dags/ingest_local_folder_dag.py took 0.240 seconds
[2026-04-30T00:58:10.939+0000] {processor.py:157} INFO - Started process (PID=463) to work on /opt/airflow/dags/ingest_local_folder_dag.py
[2026-04-30T00:58:10.939+0000] {processor.py:829} INFO - Processing file /opt/airflow/dags/ingest_local_folder_dag.py for tasks to queue
[2026-04-30T00:58:10.940+0000] {logging_mixin.py:151} INFO - [2026-04-30T00:58:10.940+0000] {dagbag.py:539} INFO - Filling up the DagBag from /opt/airflow/dags/ingest_local_folder_dag.py
[2026-04-30T00:58:11.111+0000] {processor.py:839} INFO - DAG(s) dict_keys(['ingestionDAG']) retrieved from /opt/airflow/dags/ingest_local_folder_dag.py
[2026-04-30T00:58:11.141+0000] {logging_mixin.py:151} INFO - [2026-04-30T00:58:11.141+0000] {dag.py:2915} INFO - Sync 1 DAGs
[2026-04-30T00:58:11.161+0000] {logging_mixin.py:151} INFO - [2026-04-30T00:58:11.161+0000] {dag.py:3696} INFO - Setting next_dagrun for ingestionDAG to 2026-04-30T00:57:41.161001+00:00, run_after=2026-04-30T00:58:11.161001+00:00
[2026-04-30T00:58:11.176+0000] {processor.py:179} INFO - Processing /opt/airflow/dags/ingest_local_folder_dag.py took 0.241 seconds
[2026-04-30T00:58:41.299+0000] {processor.py:157} INFO - Started process (PID=481) to work on /opt/airflow/dags/ingest_local_folder_dag.py
[2026-04-30T00:58:41.300+0000] {processor.py:829} INFO - Processing file /opt/airflow/dags/ingest_local_folder_dag.py for tasks to queue
[2026-04-30T00:58:41.300+0000] {logging_mixin.py:151} INFO - [2026-04-30T00:58:41.300+0000] {dagbag.py:539} INFO - Filling up the DagBag from /opt/airflow/dags/ingest_local_folder_dag.py
[2026-04-30T00:58:41.485+0000] {processor.py:839} INFO - DAG(s) dict_keys(['ingestionDAG']) retrieved from /opt/airflow/dags/ingest_local_folder_dag.py
[2026-04-30T00:58:41.518+0000] {logging_mixin.py:151} INFO - [2026-04-30T00:58:41.518+0000] {dag.py:2915} INFO - Sync 1 DAGs
[2026-04-30T00:58:41.543+0000] {logging_mixin.py:151} INFO - [2026-04-30T00:58:41.543+0000] {dag.py:3696} INFO - Setting next_dagrun for ingestionDAG to 2026-04-30T00:58:11.542955+00:00, run_after=2026-04-30T00:58:41.542955+00:00
[2026-04-30T00:58:41.561+0000] {processor.py:179} INFO - Processing /opt/airflow/dags/ingest_local_folder_dag.py took 0.266 seconds
[2026-04-30T00:59:11.699+0000] {processor.py:157} INFO - Started process (PID=499) to work on /opt/airflow/dags/ingest_local_folder_dag.py
[2026-04-30T00:59:11.700+0000] {processor.py:829} INFO - Processing file /opt/airflow/dags/ingest_local_folder_dag.py for tasks to queue
[2026-04-30T00:59:11.700+0000] {logging_mixin.py:151} INFO - [2026-04-30T00:59:11.700+0000] {dagbag.py:539} INFO - Filling up the DagBag from /opt/airflow/dags/ingest_local_folder_dag.py
[2026-04-30T00:59:11.872+0000] {processor.py:839} INFO - DAG(s) dict_keys(['ingestionDAG']) retrieved from /opt/airflow/dags/ingest_local_folder_dag.py
[2026-04-30T00:59:11.904+0000] {logging_mixin.py:151} INFO - [2026-04-30T00:59:11.904+0000] {dag.py:2915} INFO - Sync 1 DAGs
[2026-04-30T00:59:11.925+0000] {logging_mixin.py:151} INFO - [2026-04-30T00:59:11.925+0000] {dag.py:3696} INFO - Setting next_dagrun for ingestionDAG to 2026-04-30T00:58:41.925286+00:00, run_after=2026-04-30T00:59:11.925286+00:00
[2026-04-30T00:59:11.941+0000] {processor.py:179} INFO - Processing /opt/airflow/dags/ingest_local_folder_dag.py took 0.245 seconds
[2026-04-30T00:59:42.065+0000] {processor.py:157} INFO - Started process (PID=517) to work on /opt/airflow/dags/ingest_local_folder_dag.py
[2026-04-30T00:59:42.066+0000] {processor.py:829} INFO - Processing file /opt/airflow/dags/ingest_local_folder_dag.py for tasks to queue
[2026-04-30T00:59:42.067+0000] {logging_mixin.py:151} INFO - [2026-04-30T00:59:42.066+0000] {dagbag.py:539} INFO - Filling up the DagBag from /opt/airflow/dags/ingest_local_folder_dag.py
[2026-04-30T00:59:42.268+0000] {processor.py:839} INFO - DAG(s) dict_keys(['ingestionDAG']) retrieved from /opt/airflow/dags/ingest_local_folder_dag.py
[2026-04-30T00:59:42.302+0000] {logging_mixin.py:151} INFO - [2026-04-30T00:59:42.302+0000] {dag.py:2915} INFO - Sync 1 DAGs
[2026-04-30T00:59:42.325+0000] {logging_mixin.py:151} INFO - [2026-04-30T00:59:42.325+0000] {dag.py:3696} INFO - Setting next_dagrun for ingestionDAG to 2026-04-30T00:59:12.325537+00:00, run_after=2026-04-30T00:59:42.325537+00:00
[2026-04-30T00:59:42.342+0000] {processor.py:179} INFO - Processing /opt/airflow/dags/ingest_local_folder_dag.py took 0.281 seconds
[2026-04-30T01:00:12.463+0000] {processor.py:157} INFO - Started process (PID=535) to work on /opt/airflow/dags/ingest_local_folder_dag.py
[2026-04-30T01:00:12.464+0000] {processor.py:829} INFO - Processing file /opt/airflow/dags/ingest_local_folder_dag.py for tasks to queue
[2026-04-30T01:00:12.465+0000] {logging_mixin.py:151} INFO - [2026-04-30T01:00:12.464+0000] {dagbag.py:539} INFO - Filling up the DagBag from /opt/airflow/dags/ingest_local_folder_dag.py
[2026-04-30T01:00:12.643+0000] {processor.py:839} INFO - DAG(s) dict_keys(['ingestionDAG']) retrieved from /opt/airflow/dags/ingest_local_folder_dag.py
[2026-04-30T01:00:12.672+0000] {logging_mixin.py:151} INFO - [2026-04-30T01:00:12.672+0000] {dag.py:2915} INFO - Sync 1 DAGs
[2026-04-30T01:00:12.692+0000] {logging_mixin.py:151} INFO - [2026-04-30T01:00:12.692+0000] {dag.py:3696} INFO - Setting next_dagrun for ingestionDAG to 2026-04-30T00:59:42.692520+00:00, run_after=2026-04-30T01:00:12.692520+00:00
[2026-04-30T01:00:12.708+0000] {processor.py:179} INFO - Processing /opt/airflow/dags/ingest_local_folder_dag.py took 0.248 seconds
[2026-04-30T01:00:42.832+0000] {processor.py:157} INFO - Started process (PID=553) to work on /opt/airflow/dags/ingest_local_folder_dag.py
[2026-04-30T01:00:42.833+0000] {processor.py:829} INFO - Processing file /opt/airflow/dags/ingest_local_folder_dag.py for tasks to queue
[2026-04-30T01:00:42.834+0000] {logging_mixin.py:151} INFO - [2026-04-30T01:00:42.833+0000] {dagbag.py:539} INFO - Filling up the DagBag from /opt/airflow/dags/ingest_local_folder_dag.py
[2026-04-30T01:00:43.014+0000] {processor.py:839} INFO - DAG(s) dict_keys(['ingestionDAG']) retrieved from /opt/airflow/dags/ingest_local_folder_dag.py
[2026-04-30T01:00:43.044+0000] {logging_mixin.py:151} INFO - [2026-04-30T01:00:43.044+0000] {dag.py:2915} INFO - Sync 1 DAGs
[2026-04-30T01:00:43.066+0000] {logging_mixin.py:151} INFO - [2026-04-30T01:00:43.065+0000] {dag.py:3696} INFO - Setting next_dagrun for ingestionDAG to 2026-04-30T01:00:13.065724+00:00, run_after=2026-04-30T01:00:43.065724+00:00
[2026-04-30T01:00:43.081+0000] {processor.py:179} INFO - Processing /opt/airflow/dags/ingest_local_folder_dag.py took 0.253 seconds
[2026-04-30T01:01:13.201+0000] {processor.py:157} INFO - Started process (PID=571) to work on /opt/airflow/dags/ingest_local_folder_dag.py
[2026-04-30T01:01:13.202+0000] {processor.py:829} INFO - Processing file /opt/airflow/dags/ingest_local_folder_dag.py for tasks to queue
[2026-04-30T01:01:13.203+0000] {logging_mixin.py:151} INFO - [2026-04-30T01:01:13.202+0000] {dagbag.py:539} INFO - Filling up the DagBag from /opt/airflow/dags/ingest_local_folder_dag.py
[2026-04-30T01:01:13.392+0000] {processor.py:839} INFO - DAG(s) dict_keys(['ingestionDAG']) retrieved from /opt/airflow/dags/ingest_local_folder_dag.py
[2026-04-30T01:01:13.426+0000] {logging_mixin.py:151} INFO - [2026-04-30T01:01:13.425+0000] {dag.py:2915} INFO - Sync 1 DAGs
[2026-04-30T01:01:13.447+0000] {logging_mixin.py:151} INFO - [2026-04-30T01:01:13.446+0000] {dag.py:3696} INFO - Setting next_dagrun for ingestionDAG to 2026-04-30T01:00:43.446749+00:00, run_after=2026-04-30T01:01:13.446749+00:00
[2026-04-30T01:01:13.463+0000] {processor.py:179} INFO - Processing /opt/airflow/dags/ingest_local_folder_dag.py took 0.266 seconds
[2026-04-30T01:01:43.585+0000] {processor.py:157} INFO - Started process (PID=589) to work on /opt/airflow/dags/ingest_local_folder_dag.py
[2026-04-30T01:01:43.586+0000] {processor.py:829} INFO - Processing file /opt/airflow/dags/ingest_local_folder_dag.py for tasks to queue
[2026-04-30T01:01:43.587+0000] {logging_mixin.py:151} INFO - [2026-04-30T01:01:43.586+0000] {dagbag.py:539} INFO - Filling up the DagBag from /opt/airflow/dags/ingest_local_folder_dag.py
[2026-04-30T01:01:43.789+0000] {processor.py:839} INFO - DAG(s) dict_keys(['ingestionDAG']) retrieved from /opt/airflow/dags/ingest_local_folder_dag.py
[2026-04-30T01:01:43.822+0000] {logging_mixin.py:151} INFO - [2026-04-30T01:01:43.822+0000] {dag.py:2915} INFO - Sync 1 DAGs
[2026-04-30T01:01:43.844+0000] {logging_mixin.py:151} INFO - [2026-04-30T01:01:43.844+0000] {dag.py:3696} INFO - Setting next_dagrun for ingestionDAG to 2026-04-30T01:01:13.844450+00:00, run_after=2026-04-30T01:01:43.844450+00:00
[2026-04-30T01:01:43.863+0000] {processor.py:179} INFO - Processing /opt/airflow/dags/ingest_local_folder_dag.py took 0.282 seconds
[2026-04-30T01:02:13.986+0000] {processor.py:157} INFO - Started process (PID=607) to work on /opt/airflow/dags/ingest_local_folder_dag.py
[2026-04-30T01:02:13.987+0000] {processor.py:829} INFO - Processing file /opt/airflow/dags/ingest_local_folder_dag.py for tasks to queue
[2026-04-30T01:02:13.988+0000] {logging_mixin.py:151} INFO - [2026-04-30T01:02:13.987+0000] {dagbag.py:539} INFO - Filling up the DagBag from /opt/airflow/dags/ingest_local_folder_dag.py
[2026-04-30T01:02:14.171+0000] {processor.py:839} INFO - DAG(s) dict_keys(['ingestionDAG']) retrieved from /opt/airflow/dags/ingest_local_folder_dag.py
[2026-04-30T01:02:14.201+0000] {logging_mixin.py:151} INFO - [2026-04-30T01:02:14.201+0000] {dag.py:2915} INFO - Sync 1 DAGs
[2026-04-30T01:02:14.222+0000] {logging_mixin.py:151} INFO - [2026-04-30T01:02:14.222+0000] {dag.py:3696} INFO - Setting next_dagrun for ingestionDAG to 2026-04-30T01:01:44.222072+00:00, run_after=2026-04-30T01:02:14.222072+00:00
[2026-04-30T01:02:14.239+0000] {processor.py:179} INFO - Processing /opt/airflow/dags/ingest_local_folder_dag.py took 0.257 seconds
[2026-04-30T01:02:44.356+0000] {processor.py:157} INFO - Started process (PID=625) to work on /opt/airflow/dags/ingest_local_folder_dag.py
[2026-04-30T01:02:44.357+0000] {processor.py:829} INFO - Processing file /opt/airflow/dags/ingest_local_folder_dag.py for tasks to queue
[2026-04-30T01:02:44.358+0000] {logging_mixin.py:151} INFO - [2026-04-30T01:02:44.358+0000] {dagbag.py:539} INFO - Filling up the DagBag from /opt/airflow/dags/ingest_local_folder_dag.py
[2026-04-30T01:02:44.540+0000] {processor.py:839} INFO - DAG(s) dict_keys(['ingestionDAG']) retrieved from /opt/airflow/dags/ingest_local_folder_dag.py
[2026-04-30T01:02:44.571+0000] {logging_mixin.py:151} INFO - [2026-04-30T01:02:44.571+0000] {dag.py:2915} INFO - Sync 1 DAGs
[2026-04-30T01:02:44.592+0000] {logging_mixin.py:151} INFO - [2026-04-30T01:02:44.592+0000] {dag.py:3696} INFO - Setting next_dagrun for ingestionDAG to 2026-04-30T01:02:14.591885+00:00, run_after=2026-04-30T01:02:44.591885+00:00
[2026-04-30T01:02:44.608+0000] {processor.py:179} INFO - Processing /opt/airflow/dags/ingest_local_folder_dag.py took 0.255 seconds
[2026-04-30T01:03:14.743+0000] {processor.py:157} INFO - Started process (PID=643) to work on /opt/airflow/dags/ingest_local_folder_dag.py
[2026-04-30T01:03:14.744+0000] {processor.py:829} INFO - Processing file /opt/airflow/dags/ingest_local_folder_dag.py for tasks to queue
[2026-04-30T01:03:14.745+0000] {logging_mixin.py:151} INFO - [2026-04-30T01:03:14.745+0000] {dagbag.py:539} INFO - Filling up the DagBag from /opt/airflow/dags/ingest_local_folder_dag.py
[2026-04-30T01:03:14.942+0000] {processor.py:839} INFO - DAG(s) dict_keys(['ingestionDAG']) retrieved from /opt/airflow/dags/ingest_local_folder_dag.py
[2026-04-30T01:03:14.975+0000] {logging_mixin.py:151} INFO - [2026-04-30T01:03:14.975+0000] {dag.py:2915} INFO - Sync 1 DAGs
[2026-04-30T01:03:14.998+0000] {logging_mixin.py:151} INFO - [2026-04-30T01:03:14.997+0000] {dag.py:3696} INFO - Setting next_dagrun for ingestionDAG to 2026-04-30T01:02:44.997607+00:00, run_after=2026-04-30T01:03:14.997607+00:00
[2026-04-30T01:03:15.022+0000] {processor.py:179} INFO - Processing /opt/airflow/dags/ingest_local_folder_dag.py took 0.283 seconds
[2026-04-30T01:03:45.149+0000] {processor.py:157} INFO - Started process (PID=661) to work on /opt/airflow/dags/ingest_local_folder_dag.py
[2026-04-30T01:03:45.151+0000] {processor.py:829} INFO - Processing file /opt/airflow/dags/ingest_local_folder_dag.py for tasks to queue
[2026-04-30T01:03:45.151+0000] {logging_mixin.py:151} INFO - [2026-04-30T01:03:45.151+0000] {dagbag.py:539} INFO - Filling up the DagBag from /opt/airflow/dags/ingest_local_folder_dag.py
[2026-04-30T01:03:45.338+0000] {processor.py:839} INFO - DAG(s) dict_keys(['ingestionDAG']) retrieved from /opt/airflow/dags/ingest_local_folder_dag.py
[2026-04-30T01:03:45.371+0000] {logging_mixin.py:151} INFO - [2026-04-30T01:03:45.371+0000] {dag.py:2915} INFO - Sync 1 DAGs
[2026-04-30T01:03:45.394+0000] {logging_mixin.py:151} INFO - [2026-04-30T01:03:45.394+0000] {dag.py:3696} INFO - Setting next_dagrun for ingestionDAG to 2026-04-30T01:03:15.394005+00:00, run_after=2026-04-30T01:03:45.394005+00:00
[2026-04-30T01:03:45.410+0000] {processor.py:179} INFO - Processing /opt/airflow/dags/ingest_local_folder_dag.py took 0.264 seconds
[2026-04-30T01:04:15.469+0000] {processor.py:157} INFO - Started process (PID=679) to work on /opt/airflow/dags/ingest_local_folder_dag.py
[2026-04-30T01:04:15.470+0000] {processor.py:829} INFO - Processing file /opt/airflow/dags/ingest_local_folder_dag.py for tasks to queue
[2026-04-30T01:04:15.471+0000] {logging_mixin.py:151} INFO - [2026-04-30T01:04:15.470+0000] {dagbag.py:539} INFO - Filling up the DagBag from /opt/airflow/dags/ingest_local_folder_dag.py
[2026-04-30T01:04:15.713+0000] {processor.py:839} INFO - DAG(s) dict_keys(['ingestionDAG']) retrieved from /opt/airflow/dags/ingest_local_folder_dag.py
[2026-04-30T01:04:15.752+0000] {logging_mixin.py:151} INFO - [2026-04-30T01:04:15.752+0000] {dag.py:2915} INFO - Sync 1 DAGs
[2026-04-30T01:04:15.781+0000] {logging_mixin.py:151} INFO - [2026-04-30T01:04:15.781+0000] {dag.py:3696} INFO - Setting next_dagrun for ingestionDAG to 2026-04-30T01:03:45.780807+00:00, run_after=2026-04-30T01:04:15.780807+00:00
[2026-04-30T01:04:15.801+0000] {processor.py:179} INFO - Processing /opt/airflow/dags/ingest_local_folder_dag.py took 0.341 seconds
[2026-04-30T01:04:45.948+0000] {processor.py:157} INFO - Started process (PID=697) to work on /opt/airflow/dags/ingest_local_folder_dag.py
[2026-04-30T01:04:45.950+0000] {processor.py:829} INFO - Processing file /opt/airflow/dags/ingest_local_folder_dag.py for tasks to queue
[2026-04-30T01:04:45.951+0000] {logging_mixin.py:151} INFO - [2026-04-30T01:04:45.950+0000] {dagbag.py:539} INFO - Filling up the DagBag from /opt/airflow/dags/ingest_local_folder_dag.py
[2026-04-30T01:04:46.180+0000] {processor.py:839} INFO - DAG(s) dict_keys(['ingestionDAG']) retrieved from /opt/airflow/dags/ingest_local_folder_dag.py
[2026-04-30T01:04:46.219+0000] {logging_mixin.py:151} INFO - [2026-04-30T01:04:46.219+0000] {dag.py:2915} INFO - Sync 1 DAGs
[2026-04-30T01:04:46.245+0000] {logging_mixin.py:151} INFO - [2026-04-30T01:04:46.245+0000] {dag.py:3696} INFO - Setting next_dagrun for ingestionDAG to 2026-04-30T01:04:16.244867+00:00, run_after=2026-04-30T01:04:46.244867+00:00
[2026-04-30T01:04:46.265+0000] {processor.py:179} INFO - Processing /opt/airflow/dags/ingest_local_folder_dag.py took 0.322 seconds
[2026-04-30T01:05:17.089+0000] {processor.py:157} INFO - Started process (PID=715) to work on /opt/airflow/dags/ingest_local_folder_dag.py
[2026-04-30T01:05:17.090+0000] {processor.py:829} INFO - Processing file /opt/airflow/dags/ingest_local_folder_dag.py for tasks to queue
[2026-04-30T01:05:17.091+0000] {logging_mixin.py:151} INFO - [2026-04-30T01:05:17.090+0000] {dagbag.py:539} INFO - Filling up the DagBag from /opt/airflow/dags/ingest_local_folder_dag.py
[2026-04-30T01:05:17.271+0000] {processor.py:839} INFO - DAG(s) dict_keys(['ingestionDAG']) retrieved from /opt/airflow/dags/ingest_local_folder_dag.py
[2026-04-30T01:05:17.301+0000] {logging_mixin.py:151} INFO - [2026-04-30T01:05:17.300+0000] {dag.py:2915} INFO - Sync 1 DAGs
[2026-04-30T01:05:17.323+0000] {logging_mixin.py:151} INFO - [2026-04-30T01:05:17.323+0000] {dag.py:3696} INFO - Setting next_dagrun for ingestionDAG to 2026-04-30T01:04:47.322945+00:00, run_after=2026-04-30T01:05:17.322945+00:00
[2026-04-30T01:05:17.340+0000] {processor.py:179} INFO - Processing /opt/airflow/dags/ingest_local_folder_dag.py took 0.256 seconds
[2026-04-30T01:05:47.458+0000] {processor.py:157} INFO - Started process (PID=733) to work on /opt/airflow/dags/ingest_local_folder_dag.py
[2026-04-30T01:05:47.459+0000] {processor.py:829} INFO - Processing file /opt/airflow/dags/ingest_local_folder_dag.py for tasks to queue
[2026-04-30T01:05:47.460+0000] {logging_mixin.py:151} INFO - [2026-04-30T01:05:47.459+0000] {dagbag.py:539} INFO - Filling up the DagBag from /opt/airflow/dags/ingest_local_folder_dag.py
[2026-04-30T01:05:47.639+0000] {processor.py:839} INFO - DAG(s) dict_keys(['ingestionDAG']) retrieved from /opt/airflow/dags/ingest_local_folder_dag.py
[2026-04-30T01:05:47.668+0000] {logging_mixin.py:151} INFO - [2026-04-30T01:05:47.668+0000] {dag.py:2915} INFO - Sync 1 DAGs
[2026-04-30T01:05:47.690+0000] {logging_mixin.py:151} INFO - [2026-04-30T01:05:47.690+0000] {dag.py:3696} INFO - Setting next_dagrun for ingestionDAG to 2026-04-30T01:05:17.690530+00:00, run_after=2026-04-30T01:05:47.690530+00:00
[2026-04-30T01:05:47.706+0000] {processor.py:179} INFO - Processing /opt/airflow/dags/ingest_local_folder_dag.py took 0.252 seconds
[2026-04-30T01:06:17.835+0000] {processor.py:157} INFO - Started process (PID=751) to work on /opt/airflow/dags/ingest_local_folder_dag.py
[2026-04-30T01:06:17.836+0000] {processor.py:829} INFO - Processing file /opt/airflow/dags/ingest_local_folder_dag.py for tasks to queue
[2026-04-30T01:06:17.837+0000] {logging_mixin.py:151} INFO - [2026-04-30T01:06:17.836+0000] {dagbag.py:539} INFO - Filling up the DagBag from /opt/airflow/dags/ingest_local_folder_dag.py
[2026-04-30T01:06:18.053+0000] {processor.py:839} INFO - DAG(s) dict_keys(['ingestionDAG']) retrieved from /opt/airflow/dags/ingest_local_folder_dag.py
[2026-04-30T01:06:18.091+0000] {logging_mixin.py:151} INFO - [2026-04-30T01:06:18.091+0000] {dag.py:2915} INFO - Sync 1 DAGs
[2026-04-30T01:06:18.116+0000] {logging_mixin.py:151} INFO - [2026-04-30T01:06:18.116+0000] {dag.py:3696} INFO - Setting next_dagrun for ingestionDAG to 2026-04-30T01:05:48.116067+00:00, run_after=2026-04-30T01:06:18.116067+00:00
[2026-04-30T01:06:18.136+0000] {processor.py:179} INFO - Processing /opt/airflow/dags/ingest_local_folder_dag.py took 0.305 seconds
[2026-04-30T01:06:48.271+0000] {processor.py:157} INFO - Started process (PID=769) to work on /opt/airflow/dags/ingest_local_folder_dag.py
[2026-04-30T01:06:48.272+0000] {processor.py:829} INFO - Processing file /opt/airflow/dags/ingest_local_folder_dag.py for tasks to queue
[2026-04-30T01:06:48.273+0000] {logging_mixin.py:151} INFO - [2026-04-30T01:06:48.273+0000] {dagbag.py:539} INFO - Filling up the DagBag from /opt/airflow/dags/ingest_local_folder_dag.py
[2026-04-30T01:06:48.490+0000] {processor.py:839} INFO - DAG(s) dict_keys(['ingestionDAG']) retrieved from /opt/airflow/dags/ingest_local_folder_dag.py
[2026-04-30T01:06:48.526+0000] {logging_mixin.py:151} INFO - [2026-04-30T01:06:48.526+0000] {dag.py:2915} INFO - Sync 1 DAGs
[2026-04-30T01:06:48.550+0000] {logging_mixin.py:151} INFO - [2026-04-30T01:06:48.550+0000] {dag.py:3696} INFO - Setting next_dagrun for ingestionDAG to 2026-04-30T01:06:18.550526+00:00, run_after=2026-04-30T01:06:48.550526+00:00
[2026-04-30T01:06:48.570+0000] {processor.py:179} INFO - Processing /opt/airflow/dags/ingest_local_folder_dag.py took 0.304 seconds
[2026-04-30T01:07:18.705+0000] {processor.py:157} INFO - Started process (PID=787) to work on /opt/airflow/dags/ingest_local_folder_dag.py
[2026-04-30T01:07:18.706+0000] {processor.py:829} INFO - Processing file /opt/airflow/dags/ingest_local_folder_dag.py for tasks to queue
[2026-04-30T01:07:18.707+0000] {logging_mixin.py:151} INFO - [2026-04-30T01:07:18.706+0000] {dagbag.py:539} INFO - Filling up the DagBag from /opt/airflow/dags/ingest_local_folder_dag.py
[2026-04-30T01:07:18.918+0000] {processor.py:839} INFO - DAG(s) dict_keys(['ingestionDAG']) retrieved from /opt/airflow/dags/ingest_local_folder_dag.py
[2026-04-30T01:07:18.956+0000] {logging_mixin.py:151} INFO - [2026-04-30T01:07:18.955+0000] {dag.py:2915} INFO - Sync 1 DAGs
[2026-04-30T01:07:18.981+0000] {logging_mixin.py:151} INFO - [2026-04-30T01:07:18.981+0000] {dag.py:3696} INFO - Setting next_dagrun for ingestionDAG to 2026-04-30T01:06:48.981530+00:00, run_after=2026-04-30T01:07:18.981530+00:00
[2026-04-30T01:07:19.001+0000] {processor.py:179} INFO - Processing /opt/airflow/dags/ingest_local_folder_dag.py took 0.301 seconds
[2026-04-30T01:07:49.135+0000] {processor.py:157} INFO - Started process (PID=805) to work on /opt/airflow/dags/ingest_local_folder_dag.py
[2026-04-30T01:07:49.136+0000] {processor.py:829} INFO - Processing file /opt/airflow/dags/ingest_local_folder_dag.py for tasks to queue
[2026-04-30T01:07:49.137+0000] {logging_mixin.py:151} INFO - [2026-04-30T01:07:49.136+0000] {dagbag.py:539} INFO - Filling up the DagBag from /opt/airflow/dags/ingest_local_folder_dag.py
[2026-04-30T01:07:49.355+0000] {processor.py:839} INFO - DAG(s) dict_keys(['ingestionDAG']) retrieved from /opt/airflow/dags/ingest_local_folder_dag.py
[2026-04-30T01:07:49.392+0000] {logging_mixin.py:151} INFO - [2026-04-30T01:07:49.392+0000] {dag.py:2915} INFO - Sync 1 DAGs
[2026-04-30T01:07:49.416+0000] {logging_mixin.py:151} INFO - [2026-04-30T01:07:49.416+0000] {dag.py:3696} INFO - Setting next_dagrun for ingestionDAG to 2026-04-30T01:07:19.416516+00:00, run_after=2026-04-30T01:07:49.416516+00:00
[2026-04-30T01:07:49.437+0000] {processor.py:179} INFO - Processing /opt/airflow/dags/ingest_local_folder_dag.py took 0.306 seconds
[2026-04-30T01:08:19.559+0000] {processor.py:157} INFO - Started process (PID=823) to work on /opt/airflow/dags/ingest_local_folder_dag.py
[2026-04-30T01:08:19.560+0000] {processor.py:829} INFO - Processing file /opt/airflow/dags/ingest_local_folder_dag.py for tasks to queue
[2026-04-30T01:08:19.561+0000] {logging_mixin.py:151} INFO - [2026-04-30T01:08:19.560+0000] {dagbag.py:539} INFO - Filling up the DagBag from /opt/airflow/dags/ingest_local_folder_dag.py
[2026-04-30T01:08:19.748+0000] {processor.py:839} INFO - DAG(s) dict_keys(['ingestionDAG']) retrieved from /opt/airflow/dags/ingest_local_folder_dag.py
[2026-04-30T01:08:19.779+0000] {logging_mixin.py:151} INFO - [2026-04-30T01:08:19.779+0000] {dag.py:2915} INFO - Sync 1 DAGs
[2026-04-30T01:08:19.799+0000] {logging_mixin.py:151} INFO - [2026-04-30T01:08:19.799+0000] {dag.py:3696} INFO - Setting next_dagrun for ingestionDAG to 2026-04-30T01:07:49.799303+00:00, run_after=2026-04-30T01:08:19.799303+00:00
[2026-04-30T01:08:19.815+0000] {processor.py:179} INFO - Processing /opt/airflow/dags/ingest_local_folder_dag.py took 0.259 seconds
[2026-04-30T01:08:49.930+0000] {processor.py:157} INFO - Started process (PID=841) to work on /opt/airflow/dags/ingest_local_folder_dag.py
[2026-04-30T01:08:49.931+0000] {processor.py:829} INFO - Processing file /opt/airflow/dags/ingest_local_folder_dag.py for tasks to queue
[2026-04-30T01:08:49.932+0000] {logging_mixin.py:151} INFO - [2026-04-30T01:08:49.931+0000] {dagbag.py:539} INFO - Filling up the DagBag from /opt/airflow/dags/ingest_local_folder_dag.py
[2026-04-30T01:08:50.117+0000] {processor.py:839} INFO - DAG(s) dict_keys(['ingestionDAG']) retrieved from /opt/airflow/dags/ingest_local_folder_dag.py
[2026-04-30T01:08:50.146+0000] {logging_mixin.py:151} INFO - [2026-04-30T01:08:50.146+0000] {dag.py:2915} INFO - Sync 1 DAGs
[2026-04-30T01:08:50.167+0000] {logging_mixin.py:151} INFO - [2026-04-30T01:08:50.167+0000] {dag.py:3696} INFO - Setting next_dagrun for ingestionDAG to 2026-04-30T01:08:20.167412+00:00, run_after=2026-04-30T01:08:50.167412+00:00
[2026-04-30T01:08:50.183+0000] {processor.py:179} INFO - Processing /opt/airflow/dags/ingest_local_folder_dag.py took 0.257 seconds
[2026-04-30T01:09:20.309+0000] {processor.py:157} INFO - Started process (PID=859) to work on /opt/airflow/dags/ingest_local_folder_dag.py
[2026-04-30T01:09:20.310+0000] {processor.py:829} INFO - Processing file /opt/airflow/dags/ingest_local_folder_dag.py for tasks to queue
[2026-04-30T01:09:20.311+0000] {logging_mixin.py:151} INFO - [2026-04-30T01:09:20.311+0000] {dagbag.py:539} INFO - Filling up the DagBag from /opt/airflow/dags/ingest_local_folder_dag.py
[2026-04-30T01:09:20.560+0000] {processor.py:839} INFO - DAG(s) dict_keys(['ingestionDAG']) retrieved from /opt/airflow/dags/ingest_local_folder_dag.py
[2026-04-30T01:09:20.597+0000] {logging_mixin.py:151} INFO - [2026-04-30T01:09:20.597+0000] {dag.py:2915} INFO - Sync 1 DAGs
[2026-04-30T01:09:20.624+0000] {logging_mixin.py:151} INFO - [2026-04-30T01:09:20.624+0000] {dag.py:3696} INFO - Setting next_dagrun for ingestionDAG to 2026-04-30T01:08:50.624087+00:00, run_after=2026-04-30T01:09:20.624087+00:00
[2026-04-30T01:09:20.648+0000] {processor.py:179} INFO - Processing /opt/airflow/dags/ingest_local_folder_dag.py took 0.342 seconds
[2026-04-30T01:09:50.710+0000] {processor.py:157} INFO - Started process (PID=877) to work on /opt/airflow/dags/ingest_local_folder_dag.py
[2026-04-30T01:09:50.711+0000] {processor.py:829} INFO - Processing file /opt/airflow/dags/ingest_local_folder_dag.py for tasks to queue
[2026-04-30T01:09:50.712+0000] {logging_mixin.py:151} INFO - [2026-04-30T01:09:50.712+0000] {dagbag.py:539} INFO - Filling up the DagBag from /opt/airflow/dags/ingest_local_folder_dag.py
[2026-04-30T01:09:50.904+0000] {processor.py:839} INFO - DAG(s) dict_keys(['ingestionDAG']) retrieved from /opt/airflow/dags/ingest_local_folder_dag.py
[2026-04-30T01:09:50.938+0000] {logging_mixin.py:151} INFO - [2026-04-30T01:09:50.938+0000] {dag.py:2915} INFO - Sync 1 DAGs
[2026-04-30T01:09:50.964+0000] {logging_mixin.py:151} INFO - [2026-04-30T01:09:50.964+0000] {dag.py:3696} INFO - Setting next_dagrun for ingestionDAG to 2026-04-30T01:09:20.963785+00:00, run_after=2026-04-30T01:09:50.963785+00:00
[2026-04-30T01:09:50.984+0000] {processor.py:179} INFO - Processing /opt/airflow/dags/ingest_local_folder_dag.py took 0.278 seconds
[2026-04-30T01:10:21.461+0000] {processor.py:157} INFO - Started process (PID=895) to work on /opt/airflow/dags/ingest_local_folder_dag.py
[2026-04-30T01:10:21.462+0000] {processor.py:829} INFO - Processing file /opt/airflow/dags/ingest_local_folder_dag.py for tasks to queue
[2026-04-30T01:10:21.463+0000] {logging_mixin.py:151} INFO - [2026-04-30T01:10:21.463+0000] {dagbag.py:539} INFO - Filling up the DagBag from /opt/airflow/dags/ingest_local_folder_dag.py
[2026-04-30T01:10:21.685+0000] {processor.py:839} INFO - DAG(s) dict_keys(['ingestionDAG']) retrieved from /opt/airflow/dags/ingest_local_folder_dag.py
[2026-04-30T01:10:21.721+0000] {logging_mixin.py:151} INFO - [2026-04-30T01:10:21.721+0000] {dag.py:2915} INFO - Sync 1 DAGs
[2026-04-30T01:10:21.746+0000] {logging_mixin.py:151} INFO - [2026-04-30T01:10:21.746+0000] {dag.py:3696} INFO - Setting next_dagrun for ingestionDAG to 2026-04-30T01:09:51.745974+00:00, run_after=2026-04-30T01:10:21.745974+00:00
[2026-04-30T01:10:21.767+0000] {processor.py:179} INFO - Processing /opt/airflow/dags/ingest_local_folder_dag.py took 0.311 seconds
[2026-04-30T01:10:52.183+0000] {processor.py:157} INFO - Started process (PID=913) to work on /opt/airflow/dags/ingest_local_folder_dag.py
[2026-04-30T01:10:52.185+0000] {processor.py:829} INFO - Processing file /opt/airflow/dags/ingest_local_folder_dag.py for tasks to queue
[2026-04-30T01:10:52.187+0000] {logging_mixin.py:151} INFO - [2026-04-30T01:10:52.186+0000] {dagbag.py:539} INFO - Filling up the DagBag from /opt/airflow/dags/ingest_local_folder_dag.py
[2026-04-30T01:10:52.418+0000] {processor.py:839} INFO - DAG(s) dict_keys(['ingestionDAG']) retrieved from /opt/airflow/dags/ingest_local_folder_dag.py
[2026-04-30T01:10:52.460+0000] {logging_mixin.py:151} INFO - [2026-04-30T01:10:52.460+0000] {dag.py:2915} INFO - Sync 1 DAGs
[2026-04-30T01:10:52.490+0000] {logging_mixin.py:151} INFO - [2026-04-30T01:10:52.490+0000] {dag.py:3696} INFO - Setting next_dagrun for ingestionDAG to 2026-04-30T01:10:22.490215+00:00, run_after=2026-04-30T01:10:52.490215+00:00
[2026-04-30T01:10:52.512+0000] {processor.py:179} INFO - Processing /opt/airflow/dags/ingest_local_folder_dag.py took 0.334 seconds
[2026-04-30T01:11:22.902+0000] {processor.py:157} INFO - Started process (PID=931) to work on /opt/airflow/dags/ingest_local_folder_dag.py
[2026-04-30T01:11:22.903+0000] {processor.py:829} INFO - Processing file /opt/airflow/dags/ingest_local_folder_dag.py for tasks to queue
[2026-04-30T01:11:22.904+0000] {logging_mixin.py:151} INFO - [2026-04-30T01:11:22.903+0000] {dagbag.py:539} INFO - Filling up the DagBag from /opt/airflow/dags/ingest_local_folder_dag.py
[2026-04-30T01:11:23.088+0000] {processor.py:839} INFO - DAG(s) dict_keys(['ingestionDAG']) retrieved from /opt/airflow/dags/ingest_local_folder_dag.py
[2026-04-30T01:11:23.119+0000] {logging_mixin.py:151} INFO - [2026-04-30T01:11:23.118+0000] {dag.py:2915} INFO - Sync 1 DAGs
[2026-04-30T01:11:23.139+0000] {logging_mixin.py:151} INFO - [2026-04-30T01:11:23.139+0000] {dag.py:3696} INFO - Setting next_dagrun for ingestionDAG to 2026-04-30T01:10:53.138819+00:00, run_after=2026-04-30T01:11:23.138819+00:00
[2026-04-30T01:11:23.156+0000] {processor.py:179} INFO - Processing /opt/airflow/dags/ingest_local_folder_dag.py took 0.259 seconds
[2026-04-30T01:11:53.625+0000] {processor.py:157} INFO - Started process (PID=949) to work on /opt/airflow/dags/ingest_local_folder_dag.py
[2026-04-30T01:11:53.626+0000] {processor.py:829} INFO - Processing file /opt/airflow/dags/ingest_local_folder_dag.py for tasks to queue
[2026-04-30T01:11:53.627+0000] {logging_mixin.py:151} INFO - [2026-04-30T01:11:53.626+0000] {dagbag.py:539} INFO - Filling up the DagBag from /opt/airflow/dags/ingest_local_folder_dag.py
[2026-04-30T01:11:53.802+0000] {processor.py:839} INFO - DAG(s) dict_keys(['ingestionDAG']) retrieved from /opt/airflow/dags/ingest_local_folder_dag.py
[2026-04-30T01:11:53.844+0000] {logging_mixin.py:151} INFO - [2026-04-30T01:11:53.844+0000] {dag.py:2915} INFO - Sync 1 DAGs
[2026-04-30T01:11:53.872+0000] {logging_mixin.py:151} INFO - [2026-04-30T01:11:53.872+0000] {dag.py:3696} INFO - Setting next_dagrun for ingestionDAG to 2026-04-30T01:11:23.872208+00:00, run_after=2026-04-30T01:11:53.872208+00:00
[2026-04-30T01:11:53.893+0000] {processor.py:179} INFO - Processing /opt/airflow/dags/ingest_local_folder_dag.py took 0.271 seconds
[2026-04-30T01:12:24.308+0000] {processor.py:157} INFO - Started process (PID=967) to work on /opt/airflow/dags/ingest_local_folder_dag.py
[2026-04-30T01:12:24.308+0000] {processor.py:829} INFO - Processing file /opt/airflow/dags/ingest_local_folder_dag.py for tasks to queue
[2026-04-30T01:12:24.309+0000] {logging_mixin.py:151} INFO - [2026-04-30T01:12:24.309+0000] {dagbag.py:539} INFO - Filling up the DagBag from /opt/airflow/dags/ingest_local_folder_dag.py
[2026-04-30T01:12:24.485+0000] {processor.py:839} INFO - DAG(s) dict_keys(['ingestionDAG']) retrieved from /opt/airflow/dags/ingest_local_folder_dag.py
[2026-04-30T01:12:24.516+0000] {logging_mixin.py:151} INFO - [2026-04-30T01:12:24.515+0000] {dag.py:2915} INFO - Sync 1 DAGs
[2026-04-30T01:12:24.536+0000] {logging_mixin.py:151} INFO - [2026-04-30T01:12:24.536+0000] {dag.py:3696} INFO - Setting next_dagrun for ingestionDAG to 2026-04-30T01:11:54.536147+00:00, run_after=2026-04-30T01:12:24.536147+00:00
[2026-04-30T01:12:24.551+0000] {processor.py:179} INFO - Processing /opt/airflow/dags/ingest_local_folder_dag.py took 0.247 seconds
[2026-04-30T01:12:54.993+0000] {processor.py:157} INFO - Started process (PID=985) to work on /opt/airflow/dags/ingest_local_folder_dag.py
[2026-04-30T01:12:54.995+0000] {processor.py:829} INFO - Processing file /opt/airflow/dags/ingest_local_folder_dag.py for tasks to queue
[2026-04-30T01:12:54.996+0000] {logging_mixin.py:151} INFO - [2026-04-30T01:12:54.995+0000] {dagbag.py:539} INFO - Filling up the DagBag from /opt/airflow/dags/ingest_local_folder_dag.py
[2026-04-30T01:12:55.172+0000] {processor.py:839} INFO - DAG(s) dict_keys(['ingestionDAG']) retrieved from /opt/airflow/dags/ingest_local_folder_dag.py
[2026-04-30T01:12:55.203+0000] {logging_mixin.py:151} INFO - [2026-04-30T01:12:55.203+0000] {dag.py:2915} INFO - Sync 1 DAGs
[2026-04-30T01:12:55.225+0000] {logging_mixin.py:151} INFO - [2026-04-30T01:12:55.225+0000] {dag.py:3696} INFO - Setting next_dagrun for ingestionDAG to 2026-04-30T01:12:25.225361+00:00, run_after=2026-04-30T01:12:55.225361+00:00
[2026-04-30T01:12:55.243+0000] {processor.py:179} INFO - Processing /opt/airflow/dags/ingest_local_folder_dag.py took 0.253 seconds
[2026-04-30T01:13:25.750+0000] {processor.py:157} INFO - Started process (PID=1003) to work on /opt/airflow/dags/ingest_local_folder_dag.py
[2026-04-30T01:13:25.751+0000] {processor.py:829} INFO - Processing file /opt/airflow/dags/ingest_local_folder_dag.py for tasks to queue
[2026-04-30T01:13:25.752+0000] {logging_mixin.py:151} INFO - [2026-04-30T01:13:25.752+0000] {dagbag.py:539} INFO - Filling up the DagBag from /opt/airflow/dags/ingest_local_folder_dag.py
[2026-04-30T01:13:25.946+0000] {processor.py:839} INFO - DAG(s) dict_keys(['ingestionDAG']) retrieved from /opt/airflow/dags/ingest_local_folder_dag.py
[2026-04-30T01:13:25.978+0000] {logging_mixin.py:151} INFO - [2026-04-30T01:13:25.978+0000] {dag.py:2915} INFO - Sync 1 DAGs
[2026-04-30T01:13:25.999+0000] {logging_mixin.py:151} INFO - [2026-04-30T01:13:25.999+0000] {dag.py:3696} INFO - Setting next_dagrun for ingestionDAG to 2026-04-30T01:12:55.999200+00:00, run_after=2026-04-30T01:13:25.999200+00:00
[2026-04-30T01:13:26.017+0000] {processor.py:179} INFO - Processing /opt/airflow/dags/ingest_local_folder_dag.py took 0.273 seconds
[2026-04-30T01:13:56.485+0000] {processor.py:157} INFO - Started process (PID=1021) to work on /opt/airflow/dags/ingest_local_folder_dag.py
[2026-04-30T01:13:56.486+0000] {processor.py:829} INFO - Processing file /opt/airflow/dags/ingest_local_folder_dag.py for tasks to queue
[2026-04-30T01:13:56.488+0000] {logging_mixin.py:151} INFO - [2026-04-30T01:13:56.487+0000] {dagbag.py:539} INFO - Filling up the DagBag from /opt/airflow/dags/ingest_local_folder_dag.py
[2026-04-30T01:13:56.672+0000] {processor.py:839} INFO - DAG(s) dict_keys(['ingestionDAG']) retrieved from /opt/airflow/dags/ingest_local_folder_dag.py
[2026-04-30T01:13:56.705+0000] {logging_mixin.py:151} INFO - [2026-04-30T01:13:56.705+0000] {dag.py:2915} INFO - Sync 1 DAGs
[2026-04-30T01:13:56.725+0000] {logging_mixin.py:151} INFO - [2026-04-30T01:13:56.725+0000] {dag.py:3696} INFO - Setting next_dagrun for ingestionDAG to 2026-04-30T01:13:26.725473+00:00, run_after=2026-04-30T01:13:56.725473+00:00
[2026-04-30T01:13:56.740+0000] {processor.py:179} INFO - Processing /opt/airflow/dags/ingest_local_folder_dag.py took 0.259 seconds
[2026-04-30T01:14:27.206+0000] {processor.py:157} INFO - Started process (PID=1039) to work on /opt/airflow/dags/ingest_local_folder_dag.py
[2026-04-30T01:14:27.207+0000] {processor.py:829} INFO - Processing file /opt/airflow/dags/ingest_local_folder_dag.py for tasks to queue
[2026-04-30T01:14:27.208+0000] {logging_mixin.py:151} INFO - [2026-04-30T01:14:27.208+0000] {dagbag.py:539} INFO - Filling up the DagBag from /opt/airflow/dags/ingest_local_folder_dag.py
[2026-04-30T01:14:27.403+0000] {processor.py:839} INFO - DAG(s) dict_keys(['ingestionDAG']) retrieved from /opt/airflow/dags/ingest_local_folder_dag.py
[2026-04-30T01:14:27.441+0000] {logging_mixin.py:151} INFO - [2026-04-30T01:14:27.441+0000] {dag.py:2915} INFO - Sync 1 DAGs
[2026-04-30T01:14:27.465+0000] {logging_mixin.py:151} INFO - [2026-04-30T01:14:27.465+0000] {dag.py:3696} INFO - Setting next_dagrun for ingestionDAG to 2026-04-30T01:13:57.465462+00:00, run_after=2026-04-30T01:14:27.465462+00:00
[2026-04-30T01:14:27.485+0000] {processor.py:179} INFO - Processing /opt/airflow/dags/ingest_local_folder_dag.py took 0.282 seconds
[2026-04-30T01:14:58.113+0000] {processor.py:157} INFO - Started process (PID=1057) to work on /opt/airflow/dags/ingest_local_folder_dag.py
[2026-04-30T01:14:58.114+0000] {processor.py:829} INFO - Processing file /opt/airflow/dags/ingest_local_folder_dag.py for tasks to queue
[2026-04-30T01:14:58.115+0000] {logging_mixin.py:151} INFO - [2026-04-30T01:14:58.115+0000] {dagbag.py:539} INFO - Filling up the DagBag from /opt/airflow/dags/ingest_local_folder_dag.py
[2026-04-30T01:14:58.327+0000] {processor.py:839} INFO - DAG(s) dict_keys(['ingestionDAG']) retrieved from /opt/airflow/dags/ingest_local_folder_dag.py
[2026-04-30T01:14:58.364+0000] {logging_mixin.py:151} INFO - [2026-04-30T01:14:58.364+0000] {dag.py:2915} INFO - Sync 1 DAGs
[2026-04-30T01:14:58.391+0000] {logging_mixin.py:151} INFO - [2026-04-30T01:14:58.390+0000] {dag.py:3696} INFO - Setting next_dagrun for ingestionDAG to 2026-04-30T01:14:28.390493+00:00, run_after=2026-04-30T01:14:58.390493+00:00
[2026-04-30T01:14:58.409+0000] {processor.py:179} INFO - Processing /opt/airflow/dags/ingest_local_folder_dag.py took 0.301 seconds
[2026-04-30T01:15:28.639+0000] {processor.py:157} INFO - Started process (PID=1075) to work on /opt/airflow/dags/ingest_local_folder_dag.py
[2026-04-30T01:15:28.640+0000] {processor.py:829} INFO - Processing file /opt/airflow/dags/ingest_local_folder_dag.py for tasks to queue
[2026-04-30T01:15:28.641+0000] {logging_mixin.py:151} INFO - [2026-04-30T01:15:28.641+0000] {dagbag.py:539} INFO - Filling up the DagBag from /opt/airflow/dags/ingest_local_folder_dag.py
[2026-04-30T01:15:28.830+0000] {processor.py:839} INFO - DAG(s) dict_keys(['ingestionDAG']) retrieved from /opt/airflow/dags/ingest_local_folder_dag.py
[2026-04-30T01:15:28.862+0000] {logging_mixin.py:151} INFO - [2026-04-30T01:15:28.862+0000] {dag.py:2915} INFO - Sync 1 DAGs
[2026-04-30T01:15:28.884+0000] {logging_mixin.py:151} INFO - [2026-04-30T01:15:28.884+0000] {dag.py:3696} INFO - Setting next_dagrun for ingestionDAG to 2026-04-30T01:14:58.883956+00:00, run_after=2026-04-30T01:15:28.883956+00:00
[2026-04-30T01:15:28.903+0000] {processor.py:179} INFO - Processing /opt/airflow/dags/ingest_local_folder_dag.py took 0.267 seconds
[2026-04-30T01:15:59.356+0000] {processor.py:157} INFO - Started process (PID=1093) to work on /opt/airflow/dags/ingest_local_folder_dag.py
[2026-04-30T01:15:59.357+0000] {processor.py:829} INFO - Processing file /opt/airflow/dags/ingest_local_folder_dag.py for tasks to queue
[2026-04-30T01:15:59.358+0000] {logging_mixin.py:151} INFO - [2026-04-30T01:15:59.358+0000] {dagbag.py:539} INFO - Filling up the DagBag from /opt/airflow/dags/ingest_local_folder_dag.py
[2026-04-30T01:15:59.542+0000] {processor.py:839} INFO - DAG(s) dict_keys(['ingestionDAG']) retrieved from /opt/airflow/dags/ingest_local_folder_dag.py
[2026-04-30T01:15:59.573+0000] {logging_mixin.py:151} INFO - [2026-04-30T01:15:59.573+0000] {dag.py:2915} INFO - Sync 1 DAGs
[2026-04-30T01:15:59.593+0000] {logging_mixin.py:151} INFO - [2026-04-30T01:15:59.593+0000] {dag.py:3696} INFO - Setting next_dagrun for ingestionDAG to 2026-04-30T01:15:29.593408+00:00, run_after=2026-04-30T01:15:59.593408+00:00
[2026-04-30T01:15:59.610+0000] {processor.py:179} INFO - Processing /opt/airflow/dags/ingest_local_folder_dag.py took 0.258 seconds
[2026-04-30T01:16:30.115+0000] {processor.py:157} INFO - Started process (PID=1111) to work on /opt/airflow/dags/ingest_local_folder_dag.py
[2026-04-30T01:16:30.116+0000] {processor.py:829} INFO - Processing file /opt/airflow/dags/ingest_local_folder_dag.py for tasks to queue
[2026-04-30T01:16:30.117+0000] {logging_mixin.py:151} INFO - [2026-04-30T01:16:30.116+0000] {dagbag.py:539} INFO - Filling up the DagBag from /opt/airflow/dags/ingest_local_folder_dag.py
[2026-04-30T01:16:30.325+0000] {processor.py:839} INFO - DAG(s) dict_keys(['ingestionDAG']) retrieved from /opt/airflow/dags/ingest_local_folder_dag.py
[2026-04-30T01:16:30.358+0000] {logging_mixin.py:151} INFO - [2026-04-30T01:16:30.358+0000] {dag.py:2915} INFO - Sync 1 DAGs
[2026-04-30T01:16:30.379+0000] {logging_mixin.py:151} INFO - [2026-04-30T01:16:30.378+0000] {dag.py:3696} INFO - Setting next_dagrun for ingestionDAG to 2026-04-30T01:16:00.378721+00:00, run_after=2026-04-30T01:16:30.378721+00:00
[2026-04-30T01:16:30.395+0000] {processor.py:179} INFO - Processing /opt/airflow/dags/ingest_local_folder_dag.py took 0.284 seconds
[2026-04-30T01:17:00.823+0000] {processor.py:157} INFO - Started process (PID=1129) to work on /opt/airflow/dags/ingest_local_folder_dag.py
[2026-04-30T01:17:00.824+0000] {processor.py:829} INFO - Processing file /opt/airflow/dags/ingest_local_folder_dag.py for tasks to queue
[2026-04-30T01:17:00.825+0000] {logging_mixin.py:151} INFO - [2026-04-30T01:17:00.824+0000] {dagbag.py:539} INFO - Filling up the DagBag from /opt/airflow/dags/ingest_local_folder_dag.py
[2026-04-30T01:17:01.017+0000] {processor.py:839} INFO - DAG(s) dict_keys(['ingestionDAG']) retrieved from /opt/airflow/dags/ingest_local_folder_dag.py
[2026-04-30T01:17:01.052+0000] {logging_mixin.py:151} INFO - [2026-04-30T01:17:01.051+0000] {dag.py:2915} INFO - Sync 1 DAGs
[2026-04-30T01:17:01.074+0000] {logging_mixin.py:151} INFO - [2026-04-30T01:17:01.073+0000] {dag.py:3696} INFO - Setting next_dagrun for ingestionDAG to 2026-04-30T01:16:31.073675+00:00, run_after=2026-04-30T01:17:01.073675+00:00
[2026-04-30T01:17:01.090+0000] {processor.py:179} INFO - Processing /opt/airflow/dags/ingest_local_folder_dag.py took 0.271 seconds
[2026-04-30T01:17:31.505+0000] {processor.py:157} INFO - Started process (PID=1147) to work on /opt/airflow/dags/ingest_local_folder_dag.py
[2026-04-30T01:17:31.505+0000] {processor.py:829} INFO - Processing file /opt/airflow/dags/ingest_local_folder_dag.py for tasks to queue
[2026-04-30T01:17:31.506+0000] {logging_mixin.py:151} INFO - [2026-04-30T01:17:31.506+0000] {dagbag.py:539} INFO - Filling up the DagBag from /opt/airflow/dags/ingest_local_folder_dag.py
[2026-04-30T01:17:31.682+0000] {processor.py:839} INFO - DAG(s) dict_keys(['ingestionDAG']) retrieved from /opt/airflow/dags/ingest_local_folder_dag.py
[2026-04-30T01:17:31.715+0000] {logging_mixin.py:151} INFO - [2026-04-30T01:17:31.715+0000] {dag.py:2915} INFO - Sync 1 DAGs
[2026-04-30T01:17:31.735+0000] {logging_mixin.py:151} INFO - [2026-04-30T01:17:31.735+0000] {dag.py:3696} INFO - Setting next_dagrun for ingestionDAG to 2026-04-30T01:17:01.735153+00:00, run_after=2026-04-30T01:17:31.735153+00:00
[2026-04-30T01:17:31.752+0000] {processor.py:179} INFO - Processing /opt/airflow/dags/ingest_local_folder_dag.py took 0.251 seconds
[2026-04-30T01:18:02.240+0000] {processor.py:157} INFO - Started process (PID=1165) to work on /opt/airflow/dags/ingest_local_folder_dag.py
[2026-04-30T01:18:02.241+0000] {processor.py:829} INFO - Processing file /opt/airflow/dags/ingest_local_folder_dag.py for tasks to queue
[2026-04-30T01:18:02.242+0000] {logging_mixin.py:151} INFO - [2026-04-30T01:18:02.242+0000] {dagbag.py:539} INFO - Filling up the DagBag from /opt/airflow/dags/ingest_local_folder_dag.py
[2026-04-30T01:18:02.422+0000] {processor.py:839} INFO - DAG(s) dict_keys(['ingestionDAG']) retrieved from /opt/airflow/dags/ingest_local_folder_dag.py
[2026-04-30T01:18:02.454+0000] {logging_mixin.py:151} INFO - [2026-04-30T01:18:02.453+0000] {dag.py:2915} INFO - Sync 1 DAGs
[2026-04-30T01:18:02.474+0000] {logging_mixin.py:151} INFO - [2026-04-30T01:18:02.474+0000] {dag.py:3696} INFO - Setting next_dagrun for ingestionDAG to 2026-04-30T01:17:32.474383+00:00, run_after=2026-04-30T01:18:02.474383+00:00
[2026-04-30T01:18:02.490+0000] {processor.py:179} INFO - Processing /opt/airflow/dags/ingest_local_folder_dag.py took 0.253 seconds
[2026-04-30T01:18:32.924+0000] {processor.py:157} INFO - Started process (PID=1183) to work on /opt/airflow/dags/ingest_local_folder_dag.py
[2026-04-30T01:18:32.925+0000] {processor.py:829} INFO - Processing file /opt/airflow/dags/ingest_local_folder_dag.py for tasks to queue
[2026-04-30T01:18:32.926+0000] {logging_mixin.py:151} INFO - [2026-04-30T01:18:32.926+0000] {dagbag.py:539} INFO - Filling up the DagBag from /opt/airflow/dags/ingest_local_folder_dag.py
[2026-04-30T01:18:33.113+0000] {processor.py:839} INFO - DAG(s) dict_keys(['ingestionDAG']) retrieved from /opt/airflow/dags/ingest_local_folder_dag.py
[2026-04-30T01:18:33.142+0000] {logging_mixin.py:151} INFO - [2026-04-30T01:18:33.142+0000] {dag.py:2915} INFO - Sync 1 DAGs
[2026-04-30T01:18:33.162+0000] {logging_mixin.py:151} INFO - [2026-04-30T01:18:33.162+0000] {dag.py:3696} INFO - Setting next_dagrun for ingestionDAG to 2026-04-30T01:18:03.162532+00:00, run_after=2026-04-30T01:18:33.162532+00:00
[2026-04-30T01:18:33.182+0000] {processor.py:179} INFO - Processing /opt/airflow/dags/ingest_local_folder_dag.py took 0.262 seconds
[2026-04-30T01:19:03.591+0000] {processor.py:157} INFO - Started process (PID=1201) to work on /opt/airflow/dags/ingest_local_folder_dag.py
[2026-04-30T01:19:03.593+0000] {processor.py:829} INFO - Processing file /opt/airflow/dags/ingest_local_folder_dag.py for tasks to queue
[2026-04-30T01:19:03.593+0000] {logging_mixin.py:151} INFO - [2026-04-30T01:19:03.593+0000] {dagbag.py:539} INFO - Filling up the DagBag from /opt/airflow/dags/ingest_local_folder_dag.py
[2026-04-30T01:19:03.776+0000] {processor.py:839} INFO - DAG(s) dict_keys(['ingestionDAG']) retrieved from /opt/airflow/dags/ingest_local_folder_dag.py
[2026-04-30T01:19:03.811+0000] {logging_mixin.py:151} INFO - [2026-04-30T01:19:03.811+0000] {dag.py:2915} INFO - Sync 1 DAGs
[2026-04-30T01:19:03.833+0000] {logging_mixin.py:151} INFO - [2026-04-30T01:19:03.833+0000] {dag.py:3696} INFO - Setting next_dagrun for ingestionDAG to 2026-04-30T01:18:33.833142+00:00, run_after=2026-04-30T01:19:03.833142+00:00
[2026-04-30T01:19:03.855+0000] {processor.py:179} INFO - Processing /opt/airflow/dags/ingest_local_folder_dag.py took 0.267 seconds
[2026-04-30T01:19:34.289+0000] {processor.py:157} INFO - Started process (PID=1219) to work on /opt/airflow/dags/ingest_local_folder_dag.py
[2026-04-30T01:19:34.289+0000] {processor.py:829} INFO - Processing file /opt/airflow/dags/ingest_local_folder_dag.py for tasks to queue
[2026-04-30T01:19:34.290+0000] {logging_mixin.py:151} INFO - [2026-04-30T01:19:34.290+0000] {dagbag.py:539} INFO - Filling up the DagBag from /opt/airflow/dags/ingest_local_folder_dag.py
[2026-04-30T01:19:34.471+0000] {processor.py:839} INFO - DAG(s) dict_keys(['ingestionDAG']) retrieved from /opt/airflow/dags/ingest_local_folder_dag.py
[2026-04-30T01:19:34.500+0000] {logging_mixin.py:151} INFO - [2026-04-30T01:19:34.500+0000] {dag.py:2915} INFO - Sync 1 DAGs
[2026-04-30T01:19:34.520+0000] {logging_mixin.py:151} INFO - [2026-04-30T01:19:34.519+0000] {dag.py:3696} INFO - Setting next_dagrun for ingestionDAG to 2026-04-30T01:19:04.519639+00:00, run_after=2026-04-30T01:19:34.519639+00:00
[2026-04-30T01:19:34.534+0000] {processor.py:179} INFO - Processing /opt/airflow/dags/ingest_local_folder_dag.py took 0.249 seconds
[2026-04-30T01:20:04.982+0000] {processor.py:157} INFO - Started process (PID=1237) to work on /opt/airflow/dags/ingest_local_folder_dag.py
[2026-04-30T01:20:04.983+0000] {processor.py:829} INFO - Processing file /opt/airflow/dags/ingest_local_folder_dag.py for tasks to queue
[2026-04-30T01:20:04.984+0000] {logging_mixin.py:151} INFO - [2026-04-30T01:20:04.984+0000] {dagbag.py:539} INFO - Filling up the DagBag from /opt/airflow/dags/ingest_local_folder_dag.py
[2026-04-30T01:20:05.170+0000] {processor.py:839} INFO - DAG(s) dict_keys(['ingestionDAG']) retrieved from /opt/airflow/dags/ingest_local_folder_dag.py
[2026-04-30T01:20:05.201+0000] {logging_mixin.py:151} INFO - [2026-04-30T01:20:05.201+0000] {dag.py:2915} INFO - Sync 1 DAGs
[2026-04-30T01:20:05.222+0000] {logging_mixin.py:151} INFO - [2026-04-30T01:20:05.222+0000] {dag.py:3696} INFO - Setting next_dagrun for ingestionDAG to 2026-04-30T01:19:35.222414+00:00, run_after=2026-04-30T01:20:05.222414+00:00
[2026-04-30T01:20:05.239+0000] {processor.py:179} INFO - Processing /opt/airflow/dags/ingest_local_folder_dag.py took 0.260 seconds
[2026-04-30T01:20:35.695+0000] {processor.py:157} INFO - Started process (PID=1255) to work on /opt/airflow/dags/ingest_local_folder_dag.py
[2026-04-30T01:20:35.696+0000] {processor.py:829} INFO - Processing file /opt/airflow/dags/ingest_local_folder_dag.py for tasks to queue
[2026-04-30T01:20:35.697+0000] {logging_mixin.py:151} INFO - [2026-04-30T01:20:35.696+0000] {dagbag.py:539} INFO - Filling up the DagBag from /opt/airflow/dags/ingest_local_folder_dag.py
[2026-04-30T01:20:35.880+0000] {processor.py:839} INFO - DAG(s) dict_keys(['ingestionDAG']) retrieved from /opt/airflow/dags/ingest_local_folder_dag.py
[2026-04-30T01:20:35.910+0000] {logging_mixin.py:151} INFO - [2026-04-30T01:20:35.910+0000] {dag.py:2915} INFO - Sync 1 DAGs
[2026-04-30T01:20:35.930+0000] {logging_mixin.py:151} INFO - [2026-04-30T01:20:35.930+0000] {dag.py:3696} INFO - Setting next_dagrun for ingestionDAG to 2026-04-30T01:20:05.930526+00:00, run_after=2026-04-30T01:20:35.930526+00:00
[2026-04-30T01:20:35.950+0000] {processor.py:179} INFO - Processing /opt/airflow/dags/ingest_local_folder_dag.py took 0.259 seconds
[2026-04-30T01:21:06.416+0000] {processor.py:157} INFO - Started process (PID=1273) to work on /opt/airflow/dags/ingest_local_folder_dag.py
[2026-04-30T01:21:06.417+0000] {processor.py:829} INFO - Processing file /opt/airflow/dags/ingest_local_folder_dag.py for tasks to queue
[2026-04-30T01:21:06.418+0000] {logging_mixin.py:151} INFO - [2026-04-30T01:21:06.417+0000] {dagbag.py:539} INFO - Filling up the DagBag from /opt/airflow/dags/ingest_local_folder_dag.py
[2026-04-30T01:21:06.608+0000] {processor.py:839} INFO - DAG(s) dict_keys(['ingestionDAG']) retrieved from /opt/airflow/dags/ingest_local_folder_dag.py
[2026-04-30T01:21:06.642+0000] {logging_mixin.py:151} INFO - [2026-04-30T01:21:06.642+0000] {dag.py:2915} INFO - Sync 1 DAGs
[2026-04-30T01:21:06.663+0000] {logging_mixin.py:151} INFO - [2026-04-30T01:21:06.663+0000] {dag.py:3696} INFO - Setting next_dagrun for ingestionDAG to 2026-04-30T01:20:36.662957+00:00, run_after=2026-04-30T01:21:06.662957+00:00
[2026-04-30T01:21:06.680+0000] {processor.py:179} INFO - Processing /opt/airflow/dags/ingest_local_folder_dag.py took 0.268 seconds
[2026-04-30T01:21:37.160+0000] {processor.py:157} INFO - Started process (PID=1291) to work on /opt/airflow/dags/ingest_local_folder_dag.py
[2026-04-30T01:21:37.161+0000] {processor.py:829} INFO - Processing file /opt/airflow/dags/ingest_local_folder_dag.py for tasks to queue
[2026-04-30T01:21:37.162+0000] {logging_mixin.py:151} INFO - [2026-04-30T01:21:37.161+0000] {dagbag.py:539} INFO - Filling up the DagBag from /opt/airflow/dags/ingest_local_folder_dag.py
[2026-04-30T01:21:37.353+0000] {processor.py:839} INFO - DAG(s) dict_keys(['ingestionDAG']) retrieved from /opt/airflow/dags/ingest_local_folder_dag.py
[2026-04-30T01:21:37.387+0000] {logging_mixin.py:151} INFO - [2026-04-30T01:21:37.387+0000] {dag.py:2915} INFO - Sync 1 DAGs
[2026-04-30T01:21:37.416+0000] {logging_mixin.py:151} INFO - [2026-04-30T01:21:37.416+0000] {dag.py:3696} INFO - Setting next_dagrun for ingestionDAG to 2026-04-30T01:21:07.416248+00:00, run_after=2026-04-30T01:21:37.416248+00:00
[2026-04-30T01:21:37.437+0000] {processor.py:179} INFO - Processing /opt/airflow/dags/ingest_local_folder_dag.py took 0.281 seconds
[2026-04-30T01:22:07.937+0000] {processor.py:157} INFO - Started process (PID=1309) to work on /opt/airflow/dags/ingest_local_folder_dag.py
[2026-04-30T01:22:07.939+0000] {processor.py:829} INFO - Processing file /opt/airflow/dags/ingest_local_folder_dag.py for tasks to queue
[2026-04-30T01:22:07.939+0000] {logging_mixin.py:151} INFO - [2026-04-30T01:22:07.939+0000] {dagbag.py:539} INFO - Filling up the DagBag from /opt/airflow/dags/ingest_local_folder_dag.py
[2026-04-30T01:22:08.143+0000] {processor.py:839} INFO - DAG(s) dict_keys(['ingestionDAG']) retrieved from /opt/airflow/dags/ingest_local_folder_dag.py
[2026-04-30T01:22:08.179+0000] {logging_mixin.py:151} INFO - [2026-04-30T01:22:08.179+0000] {dag.py:2915} INFO - Sync 1 DAGs
[2026-04-30T01:22:08.203+0000] {logging_mixin.py:151} INFO - [2026-04-30T01:22:08.203+0000] {dag.py:3696} INFO - Setting next_dagrun for ingestionDAG to 2026-04-30T01:21:38.203401+00:00, run_after=2026-04-30T01:22:08.203401+00:00
[2026-04-30T01:22:08.223+0000] {processor.py:179} INFO - Processing /opt/airflow/dags/ingest_local_folder_dag.py took 0.290 seconds
[2026-04-30T01:22:38.704+0000] {processor.py:157} INFO - Started process (PID=1327) to work on /opt/airflow/dags/ingest_local_folder_dag.py
[2026-04-30T01:22:38.704+0000] {processor.py:829} INFO - Processing file /opt/airflow/dags/ingest_local_folder_dag.py for tasks to queue
[2026-04-30T01:22:38.705+0000] {logging_mixin.py:151} INFO - [2026-04-30T01:22:38.705+0000] {dagbag.py:539} INFO - Filling up the DagBag from /opt/airflow/dags/ingest_local_folder_dag.py
[2026-04-30T01:22:38.891+0000] {processor.py:839} INFO - DAG(s) dict_keys(['ingestionDAG']) retrieved from /opt/airflow/dags/ingest_local_folder_dag.py
[2026-04-30T01:22:38.926+0000] {logging_mixin.py:151} INFO - [2026-04-30T01:22:38.926+0000] {dag.py:2915} INFO - Sync 1 DAGs
[2026-04-30T01:22:38.948+0000] {logging_mixin.py:151} INFO - [2026-04-30T01:22:38.948+0000] {dag.py:3696} INFO - Setting next_dagrun for ingestionDAG to 2026-04-30T01:22:08.947786+00:00, run_after=2026-04-30T01:22:38.947786+00:00
[2026-04-30T01:22:38.964+0000] {processor.py:179} INFO - Processing /opt/airflow/dags/ingest_local_folder_dag.py took 0.264 seconds
[2026-04-30T01:23:09.401+0000] {processor.py:157} INFO - Started process (PID=1345) to work on /opt/airflow/dags/ingest_local_folder_dag.py
[2026-04-30T01:23:09.402+0000] {processor.py:829} INFO - Processing file /opt/airflow/dags/ingest_local_folder_dag.py for tasks to queue
[2026-04-30T01:23:09.403+0000] {logging_mixin.py:151} INFO - [2026-04-30T01:23:09.402+0000] {dagbag.py:539} INFO - Filling up the DagBag from /opt/airflow/dags/ingest_local_folder_dag.py
[2026-04-30T01:23:09.579+0000] {processor.py:839} INFO - DAG(s) dict_keys(['ingestionDAG']) retrieved from /opt/airflow/dags/ingest_local_folder_dag.py
[2026-04-30T01:23:09.610+0000] {logging_mixin.py:151} INFO - [2026-04-30T01:23:09.609+0000] {dag.py:2915} INFO - Sync 1 DAGs
[2026-04-30T01:23:09.629+0000] {logging_mixin.py:151} INFO - [2026-04-30T01:23:09.629+0000] {dag.py:3696} INFO - Setting next_dagrun for ingestionDAG to 2026-04-30T01:22:39.629270+00:00, run_after=2026-04-30T01:23:09.629270+00:00
[2026-04-30T01:23:09.645+0000] {processor.py:179} INFO - Processing /opt/airflow/dags/ingest_local_folder_dag.py took 0.247 seconds
[2026-04-30T01:23:40.081+0000] {processor.py:157} INFO - Started process (PID=1363) to work on /opt/airflow/dags/ingest_local_folder_dag.py
[2026-04-30T01:23:40.081+0000] {processor.py:829} INFO - Processing file /opt/airflow/dags/ingest_local_folder_dag.py for tasks to queue
[2026-04-30T01:23:40.082+0000] {logging_mixin.py:151} INFO - [2026-04-30T01:23:40.082+0000] {dagbag.py:539} INFO - Filling up the DagBag from /opt/airflow/dags/ingest_local_folder_dag.py
[2026-04-30T01:23:40.263+0000] {processor.py:839} INFO - DAG(s) dict_keys(['ingestionDAG']) retrieved from /opt/airflow/dags/ingest_local_folder_dag.py
[2026-04-30T01:23:40.295+0000] {logging_mixin.py:151} INFO - [2026-04-30T01:23:40.294+0000] {dag.py:2915} INFO - Sync 1 DAGs
[2026-04-30T01:23:40.317+0000] {logging_mixin.py:151} INFO - [2026-04-30T01:23:40.316+0000] {dag.py:3696} INFO - Setting next_dagrun for ingestionDAG to 2026-04-30T01:23:10.316682+00:00, run_after=2026-04-30T01:23:40.316682+00:00
[2026-04-30T01:23:40.335+0000] {processor.py:179} INFO - Processing /opt/airflow/dags/ingest_local_folder_dag.py took 0.258 seconds
[2026-04-30T01:24:10.789+0000] {processor.py:157} INFO - Started process (PID=1381) to work on /opt/airflow/dags/ingest_local_folder_dag.py
[2026-04-30T01:24:10.790+0000] {processor.py:829} INFO - Processing file /opt/airflow/dags/ingest_local_folder_dag.py for tasks to queue
[2026-04-30T01:24:10.791+0000] {logging_mixin.py:151} INFO - [2026-04-30T01:24:10.790+0000] {dagbag.py:539} INFO - Filling up the DagBag from /opt/airflow/dags/ingest_local_folder_dag.py
[2026-04-30T01:24:10.967+0000] {processor.py:839} INFO - DAG(s) dict_keys(['ingestionDAG']) retrieved from /opt/airflow/dags/ingest_local_folder_dag.py
[2026-04-30T01:24:10.998+0000] {logging_mixin.py:151} INFO - [2026-04-30T01:24:10.998+0000] {dag.py:2915} INFO - Sync 1 DAGs
[2026-04-30T01:24:11.019+0000] {logging_mixin.py:151} INFO - [2026-04-30T01:24:11.018+0000] {dag.py:3696} INFO - Setting next_dagrun for ingestionDAG to 2026-04-30T01:23:41.018720+00:00, run_after=2026-04-30T01:24:11.018720+00:00
[2026-04-30T01:24:11.034+0000] {processor.py:179} INFO - Processing /opt/airflow/dags/ingest_local_folder_dag.py took 0.249 seconds
[2026-04-30T01:24:41.570+0000] {processor.py:157} INFO - Started process (PID=1399) to work on /opt/airflow/dags/ingest_local_folder_dag.py
[2026-04-30T01:24:41.571+0000] {processor.py:829} INFO - Processing file /opt/airflow/dags/ingest_local_folder_dag.py for tasks to queue
[2026-04-30T01:24:41.572+0000] {logging_mixin.py:151} INFO - [2026-04-30T01:24:41.572+0000] {dagbag.py:539} INFO - Filling up the DagBag from /opt/airflow/dags/ingest_local_folder_dag.py
[2026-04-30T01:24:41.778+0000] {processor.py:839} INFO - DAG(s) dict_keys(['ingestionDAG']) retrieved from /opt/airflow/dags/ingest_local_folder_dag.py
[2026-04-30T01:24:41.812+0000] {logging_mixin.py:151} INFO - [2026-04-30T01:24:41.812+0000] {dag.py:2915} INFO - Sync 1 DAGs
[2026-04-30T01:24:41.834+0000] {logging_mixin.py:151} INFO - [2026-04-30T01:24:41.834+0000] {dag.py:3696} INFO - Setting next_dagrun for ingestionDAG to 2026-04-30T01:24:11.834138+00:00, run_after=2026-04-30T01:24:41.834138+00:00
[2026-04-30T01:24:41.853+0000] {processor.py:179} INFO - Processing /opt/airflow/dags/ingest_local_folder_dag.py took 0.288 seconds
[2026-04-30T01:25:12.335+0000] {processor.py:157} INFO - Started process (PID=1417) to work on /opt/airflow/dags/ingest_local_folder_dag.py
[2026-04-30T01:25:12.336+0000] {processor.py:829} INFO - Processing file /opt/airflow/dags/ingest_local_folder_dag.py for tasks to queue
[2026-04-30T01:25:12.337+0000] {logging_mixin.py:151} INFO - [2026-04-30T01:25:12.337+0000] {dagbag.py:539} INFO - Filling up the DagBag from /opt/airflow/dags/ingest_local_folder_dag.py
[2026-04-30T01:25:12.519+0000] {processor.py:839} INFO - DAG(s) dict_keys(['ingestionDAG']) retrieved from /opt/airflow/dags/ingest_local_folder_dag.py
[2026-04-30T01:25:12.550+0000] {logging_mixin.py:151} INFO - [2026-04-30T01:25:12.550+0000] {dag.py:2915} INFO - Sync 1 DAGs
[2026-04-30T01:25:12.571+0000] {logging_mixin.py:151} INFO - [2026-04-30T01:25:12.571+0000] {dag.py:3696} INFO - Setting next_dagrun for ingestionDAG to 2026-04-30T01:24:42.571166+00:00, run_after=2026-04-30T01:25:12.571166+00:00
[2026-04-30T01:25:12.588+0000] {processor.py:179} INFO - Processing /opt/airflow/dags/ingest_local_folder_dag.py took 0.257 seconds
[2026-04-30T01:25:43.084+0000] {processor.py:157} INFO - Started process (PID=1435) to work on /opt/airflow/dags/ingest_local_folder_dag.py
[2026-04-30T01:25:43.085+0000] {processor.py:829} INFO - Processing file /opt/airflow/dags/ingest_local_folder_dag.py for tasks to queue
[2026-04-30T01:25:43.086+0000] {logging_mixin.py:151} INFO - [2026-04-30T01:25:43.086+0000] {dagbag.py:539} INFO - Filling up the DagBag from /opt/airflow/dags/ingest_local_folder_dag.py
[2026-04-30T01:25:43.289+0000] {processor.py:839} INFO - DAG(s) dict_keys(['ingestionDAG']) retrieved from /opt/airflow/dags/ingest_local_folder_dag.py
[2026-04-30T01:25:43.324+0000] {logging_mixin.py:151} INFO - [2026-04-30T01:25:43.324+0000] {dag.py:2915} INFO - Sync 1 DAGs
[2026-04-30T01:25:43.353+0000] {logging_mixin.py:151} INFO - [2026-04-30T01:25:43.353+0000] {dag.py:3696} INFO - Setting next_dagrun for ingestionDAG to 2026-04-30T01:25:13.353096+00:00, run_after=2026-04-30T01:25:43.353096+00:00
[2026-04-30T01:25:43.376+0000] {processor.py:179} INFO - Processing /opt/airflow/dags/ingest_local_folder_dag.py took 0.296 seconds
[2026-04-30T01:26:13.790+0000] {processor.py:157} INFO - Started process (PID=1453) to work on /opt/airflow/dags/ingest_local_folder_dag.py
[2026-04-30T01:26:13.791+0000] {processor.py:829} INFO - Processing file /opt/airflow/dags/ingest_local_folder_dag.py for tasks to queue
[2026-04-30T01:26:13.791+0000] {logging_mixin.py:151} INFO - [2026-04-30T01:26:13.791+0000] {dagbag.py:539} INFO - Filling up the DagBag from /opt/airflow/dags/ingest_local_folder_dag.py
[2026-04-30T01:26:13.965+0000] {processor.py:839} INFO - DAG(s) dict_keys(['ingestionDAG']) retrieved from /opt/airflow/dags/ingest_local_folder_dag.py
[2026-04-30T01:26:13.995+0000] {logging_mixin.py:151} INFO - [2026-04-30T01:26:13.994+0000] {dag.py:2915} INFO - Sync 1 DAGs
[2026-04-30T01:26:14.014+0000] {logging_mixin.py:151} INFO - [2026-04-30T01:26:14.014+0000] {dag.py:3696} INFO - Setting next_dagrun for ingestionDAG to 2026-04-30T01:25:44.014324+00:00, run_after=2026-04-30T01:26:14.014324+00:00
[2026-04-30T01:26:14.030+0000] {processor.py:179} INFO - Processing /opt/airflow/dags/ingest_local_folder_dag.py took 0.243 seconds
[2026-04-30T01:26:44.479+0000] {processor.py:157} INFO - Started process (PID=1471) to work on /opt/airflow/dags/ingest_local_folder_dag.py
[2026-04-30T01:26:44.480+0000] {processor.py:829} INFO - Processing file /opt/airflow/dags/ingest_local_folder_dag.py for tasks to queue
[2026-04-30T01:26:44.480+0000] {logging_mixin.py:151} INFO - [2026-04-30T01:26:44.480+0000] {dagbag.py:539} INFO - Filling up the DagBag from /opt/airflow/dags/ingest_local_folder_dag.py
[2026-04-30T01:26:44.653+0000] {processor.py:839} INFO - DAG(s) dict_keys(['ingestionDAG']) retrieved from /opt/airflow/dags/ingest_local_folder_dag.py
[2026-04-30T01:26:44.682+0000] {logging_mixin.py:151} INFO - [2026-04-30T01:26:44.682+0000] {dag.py:2915} INFO - Sync 1 DAGs
[2026-04-30T01:26:44.703+0000] {logging_mixin.py:151} INFO - [2026-04-30T01:26:44.703+0000] {dag.py:3696} INFO - Setting next_dagrun for ingestionDAG to 2026-04-30T01:26:14.703333+00:00, run_after=2026-04-30T01:26:44.703333+00:00
[2026-04-30T01:26:44.724+0000] {processor.py:179} INFO - Processing /opt/airflow/dags/ingest_local_folder_dag.py took 0.249 seconds
[2026-04-30T01:27:15.167+0000] {processor.py:157} INFO - Started process (PID=1489) to work on /opt/airflow/dags/ingest_local_folder_dag.py
[2026-04-30T01:27:15.168+0000] {processor.py:829} INFO - Processing file /opt/airflow/dags/ingest_local_folder_dag.py for tasks to queue
[2026-04-30T01:27:15.169+0000] {logging_mixin.py:151} INFO - [2026-04-30T01:27:15.169+0000] {dagbag.py:539} INFO - Filling up the DagBag from /opt/airflow/dags/ingest_local_folder_dag.py
[2026-04-30T01:27:15.369+0000] {processor.py:839} INFO - DAG(s) dict_keys(['ingestionDAG']) retrieved from /opt/airflow/dags/ingest_local_folder_dag.py
[2026-04-30T01:27:15.403+0000] {logging_mixin.py:151} INFO - [2026-04-30T01:27:15.403+0000] {dag.py:2915} INFO - Sync 1 DAGs
[2026-04-30T01:27:15.427+0000] {logging_mixin.py:151} INFO - [2026-04-30T01:27:15.427+0000] {dag.py:3696} INFO - Setting next_dagrun for ingestionDAG to 2026-04-30T01:26:45.427293+00:00, run_after=2026-04-30T01:27:15.427293+00:00
[2026-04-30T01:27:15.449+0000] {processor.py:179} INFO - Processing /opt/airflow/dags/ingest_local_folder_dag.py took 0.285 seconds
[2026-04-30T01:27:45.852+0000] {processor.py:157} INFO - Started process (PID=1507) to work on /opt/airflow/dags/ingest_local_folder_dag.py
[2026-04-30T01:27:45.852+0000] {processor.py:829} INFO - Processing file /opt/airflow/dags/ingest_local_folder_dag.py for tasks to queue
[2026-04-30T01:27:45.853+0000] {logging_mixin.py:151} INFO - [2026-04-30T01:27:45.853+0000] {dagbag.py:539} INFO - Filling up the DagBag from /opt/airflow/dags/ingest_local_folder_dag.py
[2026-04-30T01:27:46.026+0000] {processor.py:839} INFO - DAG(s) dict_keys(['ingestionDAG']) retrieved from /opt/airflow/dags/ingest_local_folder_dag.py
[2026-04-30T01:27:46.055+0000] {logging_mixin.py:151} INFO - [2026-04-30T01:27:46.055+0000] {dag.py:2915} INFO - Sync 1 DAGs
[2026-04-30T01:27:46.074+0000] {logging_mixin.py:151} INFO - [2026-04-30T01:27:46.074+0000] {dag.py:3696} INFO - Setting next_dagrun for ingestionDAG to 2026-04-30T01:27:16.074319+00:00, run_after=2026-04-30T01:27:46.074319+00:00
[2026-04-30T01:27:46.089+0000] {processor.py:179} INFO - Processing /opt/airflow/dags/ingest_local_folder_dag.py took 0.241 seconds
[2026-04-30T01:28:16.644+0000] {processor.py:157} INFO - Started process (PID=1525) to work on /opt/airflow/dags/ingest_local_folder_dag.py
[2026-04-30T01:28:16.646+0000] {processor.py:829} INFO - Processing file /opt/airflow/dags/ingest_local_folder_dag.py for tasks to queue
[2026-04-30T01:28:16.646+0000] {logging_mixin.py:151} INFO - [2026-04-30T01:28:16.646+0000] {dagbag.py:539} INFO - Filling up the DagBag from /opt/airflow/dags/ingest_local_folder_dag.py
[2026-04-30T01:28:16.819+0000] {processor.py:839} INFO - DAG(s) dict_keys(['ingestionDAG']) retrieved from /opt/airflow/dags/ingest_local_folder_dag.py
[2026-04-30T01:28:16.849+0000] {logging_mixin.py:151} INFO - [2026-04-30T01:28:16.849+0000] {dag.py:2915} INFO - Sync 1 DAGs
[2026-04-30T01:28:16.869+0000] {logging_mixin.py:151} INFO - [2026-04-30T01:28:16.869+0000] {dag.py:3696} INFO - Setting next_dagrun for ingestionDAG to 2026-04-30T01:27:46.869270+00:00, run_after=2026-04-30T01:28:16.869270+00:00
[2026-04-30T01:28:16.886+0000] {processor.py:179} INFO - Processing /opt/airflow/dags/ingest_local_folder_dag.py took 0.245 seconds
[2026-04-30T01:28:47.340+0000] {processor.py:157} INFO - Started process (PID=1543) to work on /opt/airflow/dags/ingest_local_folder_dag.py
[2026-04-30T01:28:47.341+0000] {processor.py:829} INFO - Processing file /opt/airflow/dags/ingest_local_folder_dag.py for tasks to queue
[2026-04-30T01:28:47.342+0000] {logging_mixin.py:151} INFO - [2026-04-30T01:28:47.342+0000] {dagbag.py:539} INFO - Filling up the DagBag from /opt/airflow/dags/ingest_local_folder_dag.py
[2026-04-30T01:28:47.518+0000] {processor.py:839} INFO - DAG(s) dict_keys(['ingestionDAG']) retrieved from /opt/airflow/dags/ingest_local_folder_dag.py
[2026-04-30T01:28:47.550+0000] {logging_mixin.py:151} INFO - [2026-04-30T01:28:47.550+0000] {dag.py:2915} INFO - Sync 1 DAGs
[2026-04-30T01:28:47.571+0000] {logging_mixin.py:151} INFO - [2026-04-30T01:28:47.570+0000] {dag.py:3696} INFO - Setting next_dagrun for ingestionDAG to 2026-04-30T01:28:17.570675+00:00, run_after=2026-04-30T01:28:47.570675+00:00
[2026-04-30T01:28:47.586+0000] {processor.py:179} INFO - Processing /opt/airflow/dags/ingest_local_folder_dag.py took 0.249 seconds
[2026-04-30T01:29:18.040+0000] {processor.py:157} INFO - Started process (PID=1561) to work on /opt/airflow/dags/ingest_local_folder_dag.py
[2026-04-30T01:29:18.041+0000] {processor.py:829} INFO - Processing file /opt/airflow/dags/ingest_local_folder_dag.py for tasks to queue
[2026-04-30T01:29:18.042+0000] {logging_mixin.py:151} INFO - [2026-04-30T01:29:18.042+0000] {dagbag.py:539} INFO - Filling up the DagBag from /opt/airflow/dags/ingest_local_folder_dag.py
[2026-04-30T01:29:18.214+0000] {processor.py:839} INFO - DAG(s) dict_keys(['ingestionDAG']) retrieved from /opt/airflow/dags/ingest_local_folder_dag.py
[2026-04-30T01:29:18.243+0000] {logging_mixin.py:151} INFO - [2026-04-30T01:29:18.243+0000] {dag.py:2915} INFO - Sync 1 DAGs
[2026-04-30T01:29:18.266+0000] {logging_mixin.py:151} INFO - [2026-04-30T01:29:18.265+0000] {dag.py:3696} INFO - Setting next_dagrun for ingestionDAG to 2026-04-30T01:28:48.265728+00:00, run_after=2026-04-30T01:29:18.265728+00:00
[2026-04-30T01:29:18.281+0000] {processor.py:179} INFO - Processing /opt/airflow/dags/ingest_local_folder_dag.py took 0.244 seconds
[2026-04-30T01:29:48.883+0000] {processor.py:157} INFO - Started process (PID=1579) to work on /opt/airflow/dags/ingest_local_folder_dag.py
[2026-04-30T01:29:48.884+0000] {processor.py:829} INFO - Processing file /opt/airflow/dags/ingest_local_folder_dag.py for tasks to queue
[2026-04-30T01:29:48.884+0000] {logging_mixin.py:151} INFO - [2026-04-30T01:29:48.884+0000] {dagbag.py:539} INFO - Filling up the DagBag from /opt/airflow/dags/ingest_local_folder_dag.py
[2026-04-30T01:29:49.072+0000] {processor.py:839} INFO - DAG(s) dict_keys(['ingestionDAG']) retrieved from /opt/airflow/dags/ingest_local_folder_dag.py
[2026-04-30T01:29:49.102+0000] {logging_mixin.py:151} INFO - [2026-04-30T01:29:49.102+0000] {dag.py:2915} INFO - Sync 1 DAGs
[2026-04-30T01:29:49.121+0000] {logging_mixin.py:151} INFO - [2026-04-30T01:29:49.121+0000] {dag.py:3696} INFO - Setting next_dagrun for ingestionDAG to 2026-04-30T01:29:19.121583+00:00, run_after=2026-04-30T01:29:49.121583+00:00
[2026-04-30T01:29:49.138+0000] {processor.py:179} INFO - Processing /opt/airflow/dags/ingest_local_folder_dag.py took 0.259 seconds
[2026-04-30T01:30:19.590+0000] {processor.py:157} INFO - Started process (PID=1597) to work on /opt/airflow/dags/ingest_local_folder_dag.py
[2026-04-30T01:30:19.591+0000] {processor.py:829} INFO - Processing file /opt/airflow/dags/ingest_local_folder_dag.py for tasks to queue
[2026-04-30T01:30:19.592+0000] {logging_mixin.py:151} INFO - [2026-04-30T01:30:19.592+0000] {dagbag.py:539} INFO - Filling up the DagBag from /opt/airflow/dags/ingest_local_folder_dag.py
[2026-04-30T01:30:19.774+0000] {processor.py:839} INFO - DAG(s) dict_keys(['ingestionDAG']) retrieved from /opt/airflow/dags/ingest_local_folder_dag.py
[2026-04-30T01:30:19.808+0000] {logging_mixin.py:151} INFO - [2026-04-30T01:30:19.808+0000] {dag.py:2915} INFO - Sync 1 DAGs
[2026-04-30T01:30:19.830+0000] {logging_mixin.py:151} INFO - [2026-04-30T01:30:19.830+0000] {dag.py:3696} INFO - Setting next_dagrun for ingestionDAG to 2026-04-30T01:29:49.830204+00:00, run_after=2026-04-30T01:30:19.830204+00:00
[2026-04-30T01:30:19.846+0000] {processor.py:179} INFO - Processing /opt/airflow/dags/ingest_local_folder_dag.py took 0.261 seconds
[2026-04-30T01:30:50.338+0000] {processor.py:157} INFO - Started process (PID=1615) to work on /opt/airflow/dags/ingest_local_folder_dag.py
[2026-04-30T01:30:50.339+0000] {processor.py:829} INFO - Processing file /opt/airflow/dags/ingest_local_folder_dag.py for tasks to queue
[2026-04-30T01:30:50.340+0000] {logging_mixin.py:151} INFO - [2026-04-30T01:30:50.340+0000] {dagbag.py:539} INFO - Filling up the DagBag from /opt/airflow/dags/ingest_local_folder_dag.py
[2026-04-30T01:30:50.525+0000] {processor.py:839} INFO - DAG(s) dict_keys(['ingestionDAG']) retrieved from /opt/airflow/dags/ingest_local_folder_dag.py
[2026-04-30T01:30:50.556+0000] {logging_mixin.py:151} INFO - [2026-04-30T01:30:50.556+0000] {dag.py:2915} INFO - Sync 1 DAGs
[2026-04-30T01:30:50.577+0000] {logging_mixin.py:151} INFO - [2026-04-30T01:30:50.577+0000] {dag.py:3696} INFO - Setting next_dagrun for ingestionDAG to 2026-04-30T01:30:20.577204+00:00, run_after=2026-04-30T01:30:50.577204+00:00
[2026-04-30T01:30:50.595+0000] {processor.py:179} INFO - Processing /opt/airflow/dags/ingest_local_folder_dag.py took 0.260 seconds
[2026-04-30T01:31:21.118+0000] {processor.py:157} INFO - Started process (PID=1633) to work on /opt/airflow/dags/ingest_local_folder_dag.py
[2026-04-30T01:31:21.119+0000] {processor.py:829} INFO - Processing file /opt/airflow/dags/ingest_local_folder_dag.py for tasks to queue
[2026-04-30T01:31:21.120+0000] {logging_mixin.py:151} INFO - [2026-04-30T01:31:21.120+0000] {dagbag.py:539} INFO - Filling up the DagBag from /opt/airflow/dags/ingest_local_folder_dag.py
[2026-04-30T01:31:21.289+0000] {processor.py:839} INFO - DAG(s) dict_keys(['ingestionDAG']) retrieved from /opt/airflow/dags/ingest_local_folder_dag.py
[2026-04-30T01:31:21.319+0000] {logging_mixin.py:151} INFO - [2026-04-30T01:31:21.319+0000] {dag.py:2915} INFO - Sync 1 DAGs
[2026-04-30T01:31:21.342+0000] {logging_mixin.py:151} INFO - [2026-04-30T01:31:21.342+0000] {dag.py:3696} INFO - Setting next_dagrun for ingestionDAG to 2026-04-30T01:30:51.341885+00:00, run_after=2026-04-30T01:31:21.341885+00:00
[2026-04-30T01:31:21.358+0000] {processor.py:179} INFO - Processing /opt/airflow/dags/ingest_local_folder_dag.py took 0.243 seconds
[2026-04-30T01:31:51.793+0000] {processor.py:157} INFO - Started process (PID=1651) to work on /opt/airflow/dags/ingest_local_folder_dag.py
[2026-04-30T01:31:51.794+0000] {processor.py:829} INFO - Processing file /opt/airflow/dags/ingest_local_folder_dag.py for tasks to queue
[2026-04-30T01:31:51.794+0000] {logging_mixin.py:151} INFO - [2026-04-30T01:31:51.794+0000] {dagbag.py:539} INFO - Filling up the DagBag from /opt/airflow/dags/ingest_local_folder_dag.py
[2026-04-30T01:31:51.977+0000] {processor.py:839} INFO - DAG(s) dict_keys(['ingestionDAG']) retrieved from /opt/airflow/dags/ingest_local_folder_dag.py
[2026-04-30T01:31:52.009+0000] {logging_mixin.py:151} INFO - [2026-04-30T01:31:52.009+0000] {dag.py:2915} INFO - Sync 1 DAGs
[2026-04-30T01:31:52.028+0000] {logging_mixin.py:151} INFO - [2026-04-30T01:31:52.028+0000] {dag.py:3696} INFO - Setting next_dagrun for ingestionDAG to 2026-04-30T01:31:22.028593+00:00, run_after=2026-04-30T01:31:52.028593+00:00
[2026-04-30T01:31:52.043+0000] {processor.py:179} INFO - Processing /opt/airflow/dags/ingest_local_folder_dag.py took 0.256 seconds
[2026-04-30T01:32:22.555+0000] {processor.py:157} INFO - Started process (PID=1669) to work on /opt/airflow/dags/ingest_local_folder_dag.py
[2026-04-30T01:32:22.557+0000] {processor.py:829} INFO - Processing file /opt/airflow/dags/ingest_local_folder_dag.py for tasks to queue
[2026-04-30T01:32:22.557+0000] {logging_mixin.py:151} INFO - [2026-04-30T01:32:22.557+0000] {dagbag.py:539} INFO - Filling up the DagBag from /opt/airflow/dags/ingest_local_folder_dag.py
[2026-04-30T01:32:22.748+0000] {processor.py:839} INFO - DAG(s) dict_keys(['ingestionDAG']) retrieved from /opt/airflow/dags/ingest_local_folder_dag.py
[2026-04-30T01:32:22.782+0000] {logging_mixin.py:151} INFO - [2026-04-30T01:32:22.782+0000] {dag.py:2915} INFO - Sync 1 DAGs
[2026-04-30T01:32:22.803+0000] {logging_mixin.py:151} INFO - [2026-04-30T01:32:22.803+0000] {dag.py:3696} INFO - Setting next_dagrun for ingestionDAG to 2026-04-30T01:31:52.802895+00:00, run_after=2026-04-30T01:32:22.802895+00:00
[2026-04-30T01:32:22.820+0000] {processor.py:179} INFO - Processing /opt/airflow/dags/ingest_local_folder_dag.py took 0.268 seconds
[2026-04-30T01:32:53.579+0000] {processor.py:157} INFO - Started process (PID=1687) to work on /opt/airflow/dags/ingest_local_folder_dag.py
[2026-04-30T01:32:53.579+0000] {processor.py:829} INFO - Processing file /opt/airflow/dags/ingest_local_folder_dag.py for tasks to queue
[2026-04-30T01:32:53.580+0000] {logging_mixin.py:151} INFO - [2026-04-30T01:32:53.580+0000] {dagbag.py:539} INFO - Filling up the DagBag from /opt/airflow/dags/ingest_local_folder_dag.py
[2026-04-30T01:32:53.756+0000] {processor.py:839} INFO - DAG(s) dict_keys(['ingestionDAG']) retrieved from /opt/airflow/dags/ingest_local_folder_dag.py
[2026-04-30T01:32:53.789+0000] {logging_mixin.py:151} INFO - [2026-04-30T01:32:53.788+0000] {dag.py:2915} INFO - Sync 1 DAGs
[2026-04-30T01:32:53.808+0000] {logging_mixin.py:151} INFO - [2026-04-30T01:32:53.808+0000] {dag.py:3696} INFO - Setting next_dagrun for ingestionDAG to 2026-04-30T01:32:23.808431+00:00, run_after=2026-04-30T01:32:53.808431+00:00
[2026-04-30T01:32:53.825+0000] {processor.py:179} INFO - Processing /opt/airflow/dags/ingest_local_folder_dag.py took 0.250 seconds
[2026-04-30T01:33:24.060+0000] {processor.py:157} INFO - Started process (PID=1705) to work on /opt/airflow/dags/ingest_local_folder_dag.py
[2026-04-30T01:33:24.061+0000] {processor.py:829} INFO - Processing file /opt/airflow/dags/ingest_local_folder_dag.py for tasks to queue
[2026-04-30T01:33:24.062+0000] {logging_mixin.py:151} INFO - [2026-04-30T01:33:24.062+0000] {dagbag.py:539} INFO - Filling up the DagBag from /opt/airflow/dags/ingest_local_folder_dag.py
[2026-04-30T01:33:24.264+0000] {processor.py:839} INFO - DAG(s) dict_keys(['ingestionDAG']) retrieved from /opt/airflow/dags/ingest_local_folder_dag.py
[2026-04-30T01:33:24.296+0000] {logging_mixin.py:151} INFO - [2026-04-30T01:33:24.295+0000] {dag.py:2915} INFO - Sync 1 DAGs
[2026-04-30T01:33:24.318+0000] {logging_mixin.py:151} INFO - [2026-04-30T01:33:24.318+0000] {dag.py:3696} INFO - Setting next_dagrun for ingestionDAG to 2026-04-30T01:32:54.318123+00:00, run_after=2026-04-30T01:33:24.318123+00:00
[2026-04-30T01:33:24.334+0000] {processor.py:179} INFO - Processing /opt/airflow/dags/ingest_local_folder_dag.py took 0.278 seconds
[2026-04-30T01:33:54.798+0000] {processor.py:157} INFO - Started process (PID=1723) to work on /opt/airflow/dags/ingest_local_folder_dag.py
[2026-04-30T01:33:54.799+0000] {processor.py:829} INFO - Processing file /opt/airflow/dags/ingest_local_folder_dag.py for tasks to queue
[2026-04-30T01:33:54.800+0000] {logging_mixin.py:151} INFO - [2026-04-30T01:33:54.799+0000] {dagbag.py:539} INFO - Filling up the DagBag from /opt/airflow/dags/ingest_local_folder_dag.py
[2026-04-30T01:33:54.996+0000] {processor.py:839} INFO - DAG(s) dict_keys(['ingestionDAG']) retrieved from /opt/airflow/dags/ingest_local_folder_dag.py
[2026-04-30T01:33:55.029+0000] {logging_mixin.py:151} INFO - [2026-04-30T01:33:55.029+0000] {dag.py:2915} INFO - Sync 1 DAGs
[2026-04-30T01:33:55.050+0000] {logging_mixin.py:151} INFO - [2026-04-30T01:33:55.050+0000] {dag.py:3696} INFO - Setting next_dagrun for ingestionDAG to 2026-04-30T01:33:25.049854+00:00, run_after=2026-04-30T01:33:55.049854+00:00
[2026-04-30T01:33:55.067+0000] {processor.py:179} INFO - Processing /opt/airflow/dags/ingest_local_folder_dag.py took 0.273 seconds
[2026-04-30T01:34:25.699+0000] {processor.py:157} INFO - Started process (PID=1741) to work on /opt/airflow/dags/ingest_local_folder_dag.py
[2026-04-30T01:34:25.701+0000] {processor.py:829} INFO - Processing file /opt/airflow/dags/ingest_local_folder_dag.py for tasks to queue
[2026-04-30T01:34:25.702+0000] {logging_mixin.py:151} INFO - [2026-04-30T01:34:25.702+0000] {dagbag.py:539} INFO - Filling up the DagBag from /opt/airflow/dags/ingest_local_folder_dag.py
[2026-04-30T01:34:25.901+0000] {processor.py:839} INFO - DAG(s) dict_keys(['ingestionDAG']) retrieved from /opt/airflow/dags/ingest_local_folder_dag.py
[2026-04-30T01:34:25.939+0000] {logging_mixin.py:151} INFO - [2026-04-30T01:34:25.939+0000] {dag.py:2915} INFO - Sync 1 DAGs
[2026-04-30T01:34:25.962+0000] {logging_mixin.py:151} INFO - [2026-04-30T01:34:25.962+0000] {dag.py:3696} INFO - Setting next_dagrun for ingestionDAG to 2026-04-30T01:33:55.962144+00:00, run_after=2026-04-30T01:34:25.962144+00:00
[2026-04-30T01:34:25.981+0000] {processor.py:179} INFO - Processing /opt/airflow/dags/ingest_local_folder_dag.py took 0.286 seconds
[2026-04-30T01:34:56.117+0000] {processor.py:157} INFO - Started process (PID=1756) to work on /opt/airflow/dags/ingest_local_folder_dag.py
[2026-04-30T01:34:56.118+0000] {processor.py:829} INFO - Processing file /opt/airflow/dags/ingest_local_folder_dag.py for tasks to queue
[2026-04-30T01:34:56.118+0000] {logging_mixin.py:151} INFO - [2026-04-30T01:34:56.118+0000] {dagbag.py:539} INFO - Filling up the DagBag from /opt/airflow/dags/ingest_local_folder_dag.py
[2026-04-30T01:34:56.301+0000] {processor.py:839} INFO - DAG(s) dict_keys(['ingestionDAG']) retrieved from /opt/airflow/dags/ingest_local_folder_dag.py
[2026-04-30T01:34:56.334+0000] {logging_mixin.py:151} INFO - [2026-04-30T01:34:56.333+0000] {dag.py:2915} INFO - Sync 1 DAGs
[2026-04-30T01:34:56.358+0000] {logging_mixin.py:151} INFO - [2026-04-30T01:34:56.358+0000] {dag.py:3696} INFO - Setting next_dagrun for ingestionDAG to 2026-04-30T01:34:26.357768+00:00, run_after=2026-04-30T01:34:56.357768+00:00
[2026-04-30T01:34:56.383+0000] {processor.py:179} INFO - Processing /opt/airflow/dags/ingest_local_folder_dag.py took 0.270 seconds
[2026-04-30T01:35:26.506+0000] {processor.py:157} INFO - Started process (PID=1771) to work on /opt/airflow/dags/ingest_local_folder_dag.py
[2026-04-30T01:35:26.507+0000] {processor.py:829} INFO - Processing file /opt/airflow/dags/ingest_local_folder_dag.py for tasks to queue
[2026-04-30T01:35:26.508+0000] {logging_mixin.py:151} INFO - [2026-04-30T01:35:26.508+0000] {dagbag.py:539} INFO - Filling up the DagBag from /opt/airflow/dags/ingest_local_folder_dag.py
[2026-04-30T01:35:26.688+0000] {processor.py:839} INFO - DAG(s) dict_keys(['ingestionDAG']) retrieved from /opt/airflow/dags/ingest_local_folder_dag.py
[2026-04-30T01:35:26.723+0000] {logging_mixin.py:151} INFO - [2026-04-30T01:35:26.723+0000] {dag.py:2915} INFO - Sync 1 DAGs
[2026-04-30T01:35:26.747+0000] {logging_mixin.py:151} INFO - [2026-04-30T01:35:26.747+0000] {dag.py:3696} INFO - Setting next_dagrun for ingestionDAG to 2026-04-30T01:34:56.747076+00:00, run_after=2026-04-30T01:35:26.747076+00:00
[2026-04-30T01:35:26.763+0000] {processor.py:179} INFO - Processing /opt/airflow/dags/ingest_local_folder_dag.py took 0.260 seconds
[2026-04-30T01:35:56.891+0000] {processor.py:157} INFO - Started process (PID=1789) to work on /opt/airflow/dags/ingest_local_folder_dag.py
[2026-04-30T01:35:56.892+0000] {processor.py:829} INFO - Processing file /opt/airflow/dags/ingest_local_folder_dag.py for tasks to queue
[2026-04-30T01:35:56.893+0000] {logging_mixin.py:151} INFO - [2026-04-30T01:35:56.893+0000] {dagbag.py:539} INFO - Filling up the DagBag from /opt/airflow/dags/ingest_local_folder_dag.py
[2026-04-30T01:35:57.064+0000] {processor.py:839} INFO - DAG(s) dict_keys(['ingestionDAG']) retrieved from /opt/airflow/dags/ingest_local_folder_dag.py
[2026-04-30T01:35:57.099+0000] {logging_mixin.py:151} INFO - [2026-04-30T01:35:57.099+0000] {dag.py:2915} INFO - Sync 1 DAGs
[2026-04-30T01:35:57.118+0000] {logging_mixin.py:151} INFO - [2026-04-30T01:35:57.118+0000] {dag.py:3696} INFO - Setting next_dagrun for ingestionDAG to 2026-04-30T01:35:27.118172+00:00, run_after=2026-04-30T01:35:57.118172+00:00
[2026-04-30T01:35:57.134+0000] {processor.py:179} INFO - Processing /opt/airflow/dags/ingest_local_folder_dag.py took 0.246 seconds
[2026-04-30T01:36:27.252+0000] {processor.py:157} INFO - Started process (PID=1807) to work on /opt/airflow/dags/ingest_local_folder_dag.py
[2026-04-30T01:36:27.255+0000] {processor.py:829} INFO - Processing file /opt/airflow/dags/ingest_local_folder_dag.py for tasks to queue
[2026-04-30T01:36:27.256+0000] {logging_mixin.py:151} INFO - [2026-04-30T01:36:27.255+0000] {dagbag.py:539} INFO - Filling up the DagBag from /opt/airflow/dags/ingest_local_folder_dag.py
[2026-04-30T01:36:27.523+0000] {processor.py:839} INFO - DAG(s) dict_keys(['ingestionDAG']) retrieved from /opt/airflow/dags/ingest_local_folder_dag.py
[2026-04-30T01:36:27.573+0000] {logging_mixin.py:151} INFO - [2026-04-30T01:36:27.573+0000] {dag.py:2915} INFO - Sync 1 DAGs
[2026-04-30T01:36:27.609+0000] {logging_mixin.py:151} INFO - [2026-04-30T01:36:27.609+0000] {dag.py:3696} INFO - Setting next_dagrun for ingestionDAG to 2026-04-30T01:35:57.609002+00:00, run_after=2026-04-30T01:36:27.609002+00:00
[2026-04-30T01:36:27.637+0000] {processor.py:179} INFO - Processing /opt/airflow/dags/ingest_local_folder_dag.py took 0.389 seconds
[2026-04-30T01:36:57.787+0000] {processor.py:157} INFO - Started process (PID=1825) to work on /opt/airflow/dags/ingest_local_folder_dag.py
[2026-04-30T01:36:57.788+0000] {processor.py:829} INFO - Processing file /opt/airflow/dags/ingest_local_folder_dag.py for tasks to queue
[2026-04-30T01:36:57.788+0000] {logging_mixin.py:151} INFO - [2026-04-30T01:36:57.788+0000] {dagbag.py:539} INFO - Filling up the DagBag from /opt/airflow/dags/ingest_local_folder_dag.py
[2026-04-30T01:36:57.969+0000] {processor.py:839} INFO - DAG(s) dict_keys(['ingestionDAG']) retrieved from /opt/airflow/dags/ingest_local_folder_dag.py
[2026-04-30T01:36:57.999+0000] {logging_mixin.py:151} INFO - [2026-04-30T01:36:57.999+0000] {dag.py:2915} INFO - Sync 1 DAGs
[2026-04-30T01:36:58.019+0000] {logging_mixin.py:151} INFO - [2026-04-30T01:36:58.019+0000] {dag.py:3696} INFO - Setting next_dagrun for ingestionDAG to 2026-04-30T01:36:28.019187+00:00, run_after=2026-04-30T01:36:58.019187+00:00
[2026-04-30T01:36:58.035+0000] {processor.py:179} INFO - Processing /opt/airflow/dags/ingest_local_folder_dag.py took 0.251 seconds
[2026-04-30T01:37:28.182+0000] {processor.py:157} INFO - Started process (PID=1843) to work on /opt/airflow/dags/ingest_local_folder_dag.py
[2026-04-30T01:37:28.183+0000] {processor.py:829} INFO - Processing file /opt/airflow/dags/ingest_local_folder_dag.py for tasks to queue
[2026-04-30T01:37:28.184+0000] {logging_mixin.py:151} INFO - [2026-04-30T01:37:28.183+0000] {dagbag.py:539} INFO - Filling up the DagBag from /opt/airflow/dags/ingest_local_folder_dag.py
[2026-04-30T01:37:28.417+0000] {processor.py:839} INFO - DAG(s) dict_keys(['ingestionDAG']) retrieved from /opt/airflow/dags/ingest_local_folder_dag.py
[2026-04-30T01:37:28.453+0000] {logging_mixin.py:151} INFO - [2026-04-30T01:37:28.453+0000] {dag.py:2915} INFO - Sync 1 DAGs
[2026-04-30T01:37:28.480+0000] {logging_mixin.py:151} INFO - [2026-04-30T01:37:28.480+0000] {dag.py:3696} INFO - Setting next_dagrun for ingestionDAG to 2026-04-30T01:36:58.479650+00:00, run_after=2026-04-30T01:37:28.479650+00:00
[2026-04-30T01:37:28.503+0000] {processor.py:179} INFO - Processing /opt/airflow/dags/ingest_local_folder_dag.py took 0.330 seconds
[2026-04-30T01:37:58.641+0000] {processor.py:157} INFO - Started process (PID=1861) to work on /opt/airflow/dags/ingest_local_folder_dag.py
[2026-04-30T01:37:58.642+0000] {processor.py:829} INFO - Processing file /opt/airflow/dags/ingest_local_folder_dag.py for tasks to queue
[2026-04-30T01:37:58.643+0000] {logging_mixin.py:151} INFO - [2026-04-30T01:37:58.643+0000] {dagbag.py:539} INFO - Filling up the DagBag from /opt/airflow/dags/ingest_local_folder_dag.py
[2026-04-30T01:37:58.860+0000] {processor.py:839} INFO - DAG(s) dict_keys(['ingestionDAG']) retrieved from /opt/airflow/dags/ingest_local_folder_dag.py
[2026-04-30T01:37:58.896+0000] {logging_mixin.py:151} INFO - [2026-04-30T01:37:58.896+0000] {dag.py:2915} INFO - Sync 1 DAGs
[2026-04-30T01:37:58.921+0000] {logging_mixin.py:151} INFO - [2026-04-30T01:37:58.920+0000] {dag.py:3696} INFO - Setting next_dagrun for ingestionDAG to 2026-04-30T01:37:28.920741+00:00, run_after=2026-04-30T01:37:58.920741+00:00
[2026-04-30T01:37:58.940+0000] {processor.py:179} INFO - Processing /opt/airflow/dags/ingest_local_folder_dag.py took 0.303 seconds
[2026-04-30T01:38:29.071+0000] {processor.py:157} INFO - Started process (PID=1879) to work on /opt/airflow/dags/ingest_local_folder_dag.py
[2026-04-30T01:38:29.072+0000] {processor.py:829} INFO - Processing file /opt/airflow/dags/ingest_local_folder_dag.py for tasks to queue
[2026-04-30T01:38:29.073+0000] {logging_mixin.py:151} INFO - [2026-04-30T01:38:29.073+0000] {dagbag.py:539} INFO - Filling up the DagBag from /opt/airflow/dags/ingest_local_folder_dag.py
[2026-04-30T01:38:29.250+0000] {processor.py:839} INFO - DAG(s) dict_keys(['ingestionDAG']) retrieved from /opt/airflow/dags/ingest_local_folder_dag.py
[2026-04-30T01:38:29.278+0000] {logging_mixin.py:151} INFO - [2026-04-30T01:38:29.278+0000] {dag.py:2915} INFO - Sync 1 DAGs
[2026-04-30T01:38:29.298+0000] {logging_mixin.py:151} INFO - [2026-04-30T01:38:29.297+0000] {dag.py:3696} INFO - Setting next_dagrun for ingestionDAG to 2026-04-30T01:37:59.297679+00:00, run_after=2026-04-30T01:38:29.297679+00:00
[2026-04-30T01:38:29.312+0000] {processor.py:179} INFO - Processing /opt/airflow/dags/ingest_local_folder_dag.py took 0.244 seconds
[2026-04-30T01:38:59.425+0000] {processor.py:157} INFO - Started process (PID=1897) to work on /opt/airflow/dags/ingest_local_folder_dag.py
[2026-04-30T01:38:59.426+0000] {processor.py:829} INFO - Processing file /opt/airflow/dags/ingest_local_folder_dag.py for tasks to queue
[2026-04-30T01:38:59.427+0000] {logging_mixin.py:151} INFO - [2026-04-30T01:38:59.426+0000] {dagbag.py:539} INFO - Filling up the DagBag from /opt/airflow/dags/ingest_local_folder_dag.py
[2026-04-30T01:38:59.602+0000] {processor.py:839} INFO - DAG(s) dict_keys(['ingestionDAG']) retrieved from /opt/airflow/dags/ingest_local_folder_dag.py
[2026-04-30T01:38:59.631+0000] {logging_mixin.py:151} INFO - [2026-04-30T01:38:59.631+0000] {dag.py:2915} INFO - Sync 1 DAGs
[2026-04-30T01:38:59.652+0000] {logging_mixin.py:151} INFO - [2026-04-30T01:38:59.651+0000] {dag.py:3696} INFO - Setting next_dagrun for ingestionDAG to 2026-04-30T01:38:29.651751+00:00, run_after=2026-04-30T01:38:59.651751+00:00
[2026-04-30T01:38:59.667+0000] {processor.py:179} INFO - Processing /opt/airflow/dags/ingest_local_folder_dag.py took 0.246 seconds
[2026-04-30T01:39:29.789+0000] {processor.py:157} INFO - Started process (PID=1915) to work on /opt/airflow/dags/ingest_local_folder_dag.py
[2026-04-30T01:39:29.790+0000] {processor.py:829} INFO - Processing file /opt/airflow/dags/ingest_local_folder_dag.py for tasks to queue
[2026-04-30T01:39:29.790+0000] {logging_mixin.py:151} INFO - [2026-04-30T01:39:29.790+0000] {dagbag.py:539} INFO - Filling up the DagBag from /opt/airflow/dags/ingest_local_folder_dag.py
[2026-04-30T01:39:29.970+0000] {processor.py:839} INFO - DAG(s) dict_keys(['ingestionDAG']) retrieved from /opt/airflow/dags/ingest_local_folder_dag.py
[2026-04-30T01:39:30.000+0000] {logging_mixin.py:151} INFO - [2026-04-30T01:39:30.000+0000] {dag.py:2915} INFO - Sync 1 DAGs
[2026-04-30T01:39:30.020+0000] {logging_mixin.py:151} INFO - [2026-04-30T01:39:30.019+0000] {dag.py:3696} INFO - Setting next_dagrun for ingestionDAG to 2026-04-30T01:39:00.019624+00:00, run_after=2026-04-30T01:39:30.019624+00:00
[2026-04-30T01:39:30.035+0000] {processor.py:179} INFO - Processing /opt/airflow/dags/ingest_local_folder_dag.py took 0.250 seconds
[2026-04-30T01:40:00.154+0000] {processor.py:157} INFO - Started process (PID=1933) to work on /opt/airflow/dags/ingest_local_folder_dag.py
[2026-04-30T01:40:00.155+0000] {processor.py:829} INFO - Processing file /opt/airflow/dags/ingest_local_folder_dag.py for tasks to queue
[2026-04-30T01:40:00.156+0000] {logging_mixin.py:151} INFO - [2026-04-30T01:40:00.155+0000] {dagbag.py:539} INFO - Filling up the DagBag from /opt/airflow/dags/ingest_local_folder_dag.py
[2026-04-30T01:40:00.331+0000] {processor.py:839} INFO - DAG(s) dict_keys(['ingestionDAG']) retrieved from /opt/airflow/dags/ingest_local_folder_dag.py
[2026-04-30T01:40:00.360+0000] {logging_mixin.py:151} INFO - [2026-04-30T01:40:00.360+0000] {dag.py:2915} INFO - Sync 1 DAGs
[2026-04-30T01:40:00.379+0000] {logging_mixin.py:151} INFO - [2026-04-30T01:40:00.379+0000] {dag.py:3696} INFO - Setting next_dagrun for ingestionDAG to 2026-04-30T01:39:30.378908+00:00, run_after=2026-04-30T01:40:00.378908+00:00
[2026-04-30T01:40:00.394+0000] {processor.py:179} INFO - Processing /opt/airflow/dags/ingest_local_folder_dag.py took 0.244 seconds
[2026-04-30T01:40:30.515+0000] {processor.py:157} INFO - Started process (PID=1951) to work on /opt/airflow/dags/ingest_local_folder_dag.py
[2026-04-30T01:40:30.516+0000] {processor.py:829} INFO - Processing file /opt/airflow/dags/ingest_local_folder_dag.py for tasks to queue
[2026-04-30T01:40:30.517+0000] {logging_mixin.py:151} INFO - [2026-04-30T01:40:30.516+0000] {dagbag.py:539} INFO - Filling up the DagBag from /opt/airflow/dags/ingest_local_folder_dag.py
[2026-04-30T01:40:30.691+0000] {processor.py:839} INFO - DAG(s) dict_keys(['ingestionDAG']) retrieved from /opt/airflow/dags/ingest_local_folder_dag.py
[2026-04-30T01:40:30.721+0000] {logging_mixin.py:151} INFO - [2026-04-30T01:40:30.721+0000] {dag.py:2915} INFO - Sync 1 DAGs
[2026-04-30T01:40:30.740+0000] {logging_mixin.py:151} INFO - [2026-04-30T01:40:30.740+0000] {dag.py:3696} INFO - Setting next_dagrun for ingestionDAG to 2026-04-30T01:40:00.740218+00:00, run_after=2026-04-30T01:40:30.740218+00:00
[2026-04-30T01:40:30.755+0000] {processor.py:179} INFO - Processing /opt/airflow/dags/ingest_local_folder_dag.py took 0.243 seconds
[2026-04-30T01:41:00.882+0000] {processor.py:157} INFO - Started process (PID=1969) to work on /opt/airflow/dags/ingest_local_folder_dag.py
[2026-04-30T01:41:00.883+0000] {processor.py:829} INFO - Processing file /opt/airflow/dags/ingest_local_folder_dag.py for tasks to queue
[2026-04-30T01:41:00.883+0000] {logging_mixin.py:151} INFO - [2026-04-30T01:41:00.883+0000] {dagbag.py:539} INFO - Filling up the DagBag from /opt/airflow/dags/ingest_local_folder_dag.py
[2026-04-30T01:41:01.089+0000] {processor.py:839} INFO - DAG(s) dict_keys(['ingestionDAG']) retrieved from /opt/airflow/dags/ingest_local_folder_dag.py
[2026-04-30T01:41:01.126+0000] {logging_mixin.py:151} INFO - [2026-04-30T01:41:01.125+0000] {dag.py:2915} INFO - Sync 1 DAGs
[2026-04-30T01:41:01.148+0000] {logging_mixin.py:151} INFO - [2026-04-30T01:41:01.148+0000] {dag.py:3696} INFO - Setting next_dagrun for ingestionDAG to 2026-04-30T01:40:31.147827+00:00, run_after=2026-04-30T01:41:01.147827+00:00
[2026-04-30T01:41:01.167+0000] {processor.py:179} INFO - Processing /opt/airflow/dags/ingest_local_folder_dag.py took 0.289 seconds
[2026-04-30T01:41:31.287+0000] {processor.py:157} INFO - Started process (PID=1987) to work on /opt/airflow/dags/ingest_local_folder_dag.py
[2026-04-30T01:41:31.288+0000] {processor.py:829} INFO - Processing file /opt/airflow/dags/ingest_local_folder_dag.py for tasks to queue
[2026-04-30T01:41:31.289+0000] {logging_mixin.py:151} INFO - [2026-04-30T01:41:31.289+0000] {dagbag.py:539} INFO - Filling up the DagBag from /opt/airflow/dags/ingest_local_folder_dag.py
[2026-04-30T01:41:31.471+0000] {processor.py:839} INFO - DAG(s) dict_keys(['ingestionDAG']) retrieved from /opt/airflow/dags/ingest_local_folder_dag.py
[2026-04-30T01:41:31.500+0000] {logging_mixin.py:151} INFO - [2026-04-30T01:41:31.500+0000] {dag.py:2915} INFO - Sync 1 DAGs
[2026-04-30T01:41:31.521+0000] {logging_mixin.py:151} INFO - [2026-04-30T01:41:31.521+0000] {dag.py:3696} INFO - Setting next_dagrun for ingestionDAG to 2026-04-30T01:41:01.521148+00:00, run_after=2026-04-30T01:41:31.521148+00:00
[2026-04-30T01:41:31.536+0000] {processor.py:179} INFO - Processing /opt/airflow/dags/ingest_local_folder_dag.py took 0.252 seconds
[2026-04-30T01:42:01.665+0000] {processor.py:157} INFO - Started process (PID=2005) to work on /opt/airflow/dags/ingest_local_folder_dag.py
[2026-04-30T01:42:01.666+0000] {processor.py:829} INFO - Processing file /opt/airflow/dags/ingest_local_folder_dag.py for tasks to queue
[2026-04-30T01:42:01.667+0000] {logging_mixin.py:151} INFO - [2026-04-30T01:42:01.666+0000] {dagbag.py:539} INFO - Filling up the DagBag from /opt/airflow/dags/ingest_local_folder_dag.py
[2026-04-30T01:42:01.845+0000] {processor.py:839} INFO - DAG(s) dict_keys(['ingestionDAG']) retrieved from /opt/airflow/dags/ingest_local_folder_dag.py
[2026-04-30T01:42:01.873+0000] {logging_mixin.py:151} INFO - [2026-04-30T01:42:01.873+0000] {dag.py:2915} INFO - Sync 1 DAGs
[2026-04-30T01:42:01.893+0000] {logging_mixin.py:151} INFO - [2026-04-30T01:42:01.893+0000] {dag.py:3696} INFO - Setting next_dagrun for ingestionDAG to 2026-04-30T01:41:31.892923+00:00, run_after=2026-04-30T01:42:01.892923+00:00
[2026-04-30T01:42:01.907+0000] {processor.py:179} INFO - Processing /opt/airflow/dags/ingest_local_folder_dag.py took 0.246 seconds
[2026-04-30T01:42:32.032+0000] {processor.py:157} INFO - Started process (PID=2023) to work on /opt/airflow/dags/ingest_local_folder_dag.py
[2026-04-30T01:42:32.034+0000] {processor.py:829} INFO - Processing file /opt/airflow/dags/ingest_local_folder_dag.py for tasks to queue
[2026-04-30T01:42:32.035+0000] {logging_mixin.py:151} INFO - [2026-04-30T01:42:32.034+0000] {dagbag.py:539} INFO - Filling up the DagBag from /opt/airflow/dags/ingest_local_folder_dag.py
[2026-04-30T01:42:32.236+0000] {processor.py:839} INFO - DAG(s) dict_keys(['ingestionDAG']) retrieved from /opt/airflow/dags/ingest_local_folder_dag.py
[2026-04-30T01:42:32.269+0000] {logging_mixin.py:151} INFO - [2026-04-30T01:42:32.269+0000] {dag.py:2915} INFO - Sync 1 DAGs
[2026-04-30T01:42:32.292+0000] {logging_mixin.py:151} INFO - [2026-04-30T01:42:32.292+0000] {dag.py:3696} INFO - Setting next_dagrun for ingestionDAG to 2026-04-30T01:42:02.292376+00:00, run_after=2026-04-30T01:42:32.292376+00:00
[2026-04-30T01:42:32.310+0000] {processor.py:179} INFO - Processing /opt/airflow/dags/ingest_local_folder_dag.py took 0.283 seconds
[2026-04-30T01:43:02.434+0000] {processor.py:157} INFO - Started process (PID=2041) to work on /opt/airflow/dags/ingest_local_folder_dag.py
[2026-04-30T01:43:02.435+0000] {processor.py:829} INFO - Processing file /opt/airflow/dags/ingest_local_folder_dag.py for tasks to queue
[2026-04-30T01:43:02.436+0000] {logging_mixin.py:151} INFO - [2026-04-30T01:43:02.436+0000] {dagbag.py:539} INFO - Filling up the DagBag from /opt/airflow/dags/ingest_local_folder_dag.py
[2026-04-30T01:43:02.611+0000] {processor.py:839} INFO - DAG(s) dict_keys(['ingestionDAG']) retrieved from /opt/airflow/dags/ingest_local_folder_dag.py
[2026-04-30T01:43:02.640+0000] {logging_mixin.py:151} INFO - [2026-04-30T01:43:02.640+0000] {dag.py:2915} INFO - Sync 1 DAGs
[2026-04-30T01:43:02.660+0000] {logging_mixin.py:151} INFO - [2026-04-30T01:43:02.660+0000] {dag.py:3696} INFO - Setting next_dagrun for ingestionDAG to 2026-04-30T01:42:32.660219+00:00, run_after=2026-04-30T01:43:02.660219+00:00
[2026-04-30T01:43:02.675+0000] {processor.py:179} INFO - Processing /opt/airflow/dags/ingest_local_folder_dag.py took 0.244 seconds
[2026-04-30T01:43:32.802+0000] {processor.py:157} INFO - Started process (PID=2059) to work on /opt/airflow/dags/ingest_local_folder_dag.py
[2026-04-30T01:43:32.803+0000] {processor.py:829} INFO - Processing file /opt/airflow/dags/ingest_local_folder_dag.py for tasks to queue
[2026-04-30T01:43:32.804+0000] {logging_mixin.py:151} INFO - [2026-04-30T01:43:32.803+0000] {dagbag.py:539} INFO - Filling up the DagBag from /opt/airflow/dags/ingest_local_folder_dag.py
[2026-04-30T01:43:32.979+0000] {processor.py:839} INFO - DAG(s) dict_keys(['ingestionDAG']) retrieved from /opt/airflow/dags/ingest_local_folder_dag.py
[2026-04-30T01:43:33.008+0000] {logging_mixin.py:151} INFO - [2026-04-30T01:43:33.008+0000] {dag.py:2915} INFO - Sync 1 DAGs
[2026-04-30T01:43:33.029+0000] {logging_mixin.py:151} INFO - [2026-04-30T01:43:33.028+0000] {dag.py:3696} INFO - Setting next_dagrun for ingestionDAG to 2026-04-30T01:43:03.028660+00:00, run_after=2026-04-30T01:43:33.028660+00:00
[2026-04-30T01:43:33.045+0000] {processor.py:179} INFO - Processing /opt/airflow/dags/ingest_local_folder_dag.py took 0.247 seconds
[2026-04-30T01:44:03.173+0000] {processor.py:157} INFO - Started process (PID=2077) to work on /opt/airflow/dags/ingest_local_folder_dag.py
[2026-04-30T01:44:03.174+0000] {processor.py:829} INFO - Processing file /opt/airflow/dags/ingest_local_folder_dag.py for tasks to queue
[2026-04-30T01:44:03.175+0000] {logging_mixin.py:151} INFO - [2026-04-30T01:44:03.174+0000] {dagbag.py:539} INFO - Filling up the DagBag from /opt/airflow/dags/ingest_local_folder_dag.py
[2026-04-30T01:44:03.394+0000] {processor.py:839} INFO - DAG(s) dict_keys(['ingestionDAG']) retrieved from /opt/airflow/dags/ingest_local_folder_dag.py
[2026-04-30T01:44:03.432+0000] {logging_mixin.py:151} INFO - [2026-04-30T01:44:03.431+0000] {dag.py:2915} INFO - Sync 1 DAGs
[2026-04-30T01:44:03.457+0000] {logging_mixin.py:151} INFO - [2026-04-30T01:44:03.457+0000] {dag.py:3696} INFO - Setting next_dagrun for ingestionDAG to 2026-04-30T01:43:33.457531+00:00, run_after=2026-04-30T01:44:03.457531+00:00
[2026-04-30T01:44:03.477+0000] {processor.py:179} INFO - Processing /opt/airflow/dags/ingest_local_folder_dag.py took 0.309 seconds
[2026-04-30T01:44:33.606+0000] {processor.py:157} INFO - Started process (PID=2095) to work on /opt/airflow/dags/ingest_local_folder_dag.py
[2026-04-30T01:44:33.607+0000] {processor.py:829} INFO - Processing file /opt/airflow/dags/ingest_local_folder_dag.py for tasks to queue
[2026-04-30T01:44:33.608+0000] {logging_mixin.py:151} INFO - [2026-04-30T01:44:33.607+0000] {dagbag.py:539} INFO - Filling up the DagBag from /opt/airflow/dags/ingest_local_folder_dag.py
[2026-04-30T01:44:33.848+0000] {processor.py:839} INFO - DAG(s) dict_keys(['ingestionDAG']) retrieved from /opt/airflow/dags/ingest_local_folder_dag.py
[2026-04-30T01:44:33.886+0000] {logging_mixin.py:151} INFO - [2026-04-30T01:44:33.886+0000] {dag.py:2915} INFO - Sync 1 DAGs
[2026-04-30T01:44:33.910+0000] {logging_mixin.py:151} INFO - [2026-04-30T01:44:33.910+0000] {dag.py:3696} INFO - Setting next_dagrun for ingestionDAG to 2026-04-30T01:44:03.910306+00:00, run_after=2026-04-30T01:44:33.910306+00:00
[2026-04-30T01:44:33.928+0000] {processor.py:179} INFO - Processing /opt/airflow/dags/ingest_local_folder_dag.py took 0.327 seconds
[2026-04-30T01:45:04.057+0000] {processor.py:157} INFO - Started process (PID=2113) to work on /opt/airflow/dags/ingest_local_folder_dag.py
[2026-04-30T01:45:04.058+0000] {processor.py:829} INFO - Processing file /opt/airflow/dags/ingest_local_folder_dag.py for tasks to queue
[2026-04-30T01:45:04.059+0000] {logging_mixin.py:151} INFO - [2026-04-30T01:45:04.058+0000] {dagbag.py:539} INFO - Filling up the DagBag from /opt/airflow/dags/ingest_local_folder_dag.py
[2026-04-30T01:45:04.242+0000] {processor.py:839} INFO - DAG(s) dict_keys(['ingestionDAG']) retrieved from /opt/airflow/dags/ingest_local_folder_dag.py
[2026-04-30T01:45:04.272+0000] {logging_mixin.py:151} INFO - [2026-04-30T01:45:04.272+0000] {dag.py:2915} INFO - Sync 1 DAGs
[2026-04-30T01:45:04.295+0000] {logging_mixin.py:151} INFO - [2026-04-30T01:45:04.295+0000] {dag.py:3696} INFO - Setting next_dagrun for ingestionDAG to 2026-04-30T01:44:34.294901+00:00, run_after=2026-04-30T01:45:04.294901+00:00
[2026-04-30T01:45:04.311+0000] {processor.py:179} INFO - Processing /opt/airflow/dags/ingest_local_folder_dag.py took 0.258 seconds
[2026-04-30T01:45:34.445+0000] {processor.py:157} INFO - Started process (PID=2131) to work on /opt/airflow/dags/ingest_local_folder_dag.py
[2026-04-30T01:45:34.446+0000] {processor.py:829} INFO - Processing file /opt/airflow/dags/ingest_local_folder_dag.py for tasks to queue
[2026-04-30T01:45:34.447+0000] {logging_mixin.py:151} INFO - [2026-04-30T01:45:34.447+0000] {dagbag.py:539} INFO - Filling up the DagBag from /opt/airflow/dags/ingest_local_folder_dag.py
[2026-04-30T01:45:34.665+0000] {processor.py:839} INFO - DAG(s) dict_keys(['ingestionDAG']) retrieved from /opt/airflow/dags/ingest_local_folder_dag.py
[2026-04-30T01:45:34.700+0000] {logging_mixin.py:151} INFO - [2026-04-30T01:45:34.700+0000] {dag.py:2915} INFO - Sync 1 DAGs
[2026-04-30T01:45:34.724+0000] {logging_mixin.py:151} INFO - [2026-04-30T01:45:34.724+0000] {dag.py:3696} INFO - Setting next_dagrun for ingestionDAG to 2026-04-30T01:45:04.723860+00:00, run_after=2026-04-30T01:45:34.723860+00:00
[2026-04-30T01:45:34.743+0000] {processor.py:179} INFO - Processing /opt/airflow/dags/ingest_local_folder_dag.py took 0.303 seconds
[2026-04-30T01:46:04.887+0000] {processor.py:157} INFO - Started process (PID=2149) to work on /opt/airflow/dags/ingest_local_folder_dag.py
[2026-04-30T01:46:04.888+0000] {processor.py:829} INFO - Processing file /opt/airflow/dags/ingest_local_folder_dag.py for tasks to queue
[2026-04-30T01:46:04.889+0000] {logging_mixin.py:151} INFO - [2026-04-30T01:46:04.888+0000] {dagbag.py:539} INFO - Filling up the DagBag from /opt/airflow/dags/ingest_local_folder_dag.py
[2026-04-30T01:46:05.089+0000] {processor.py:839} INFO - DAG(s) dict_keys(['ingestionDAG']) retrieved from /opt/airflow/dags/ingest_local_folder_dag.py
[2026-04-30T01:46:05.121+0000] {logging_mixin.py:151} INFO - [2026-04-30T01:46:05.120+0000] {dag.py:2915} INFO - Sync 1 DAGs
[2026-04-30T01:46:05.143+0000] {logging_mixin.py:151} INFO - [2026-04-30T01:46:05.143+0000] {dag.py:3696} INFO - Setting next_dagrun for ingestionDAG to 2026-04-30T01:45:35.142916+00:00, run_after=2026-04-30T01:46:05.142916+00:00
[2026-04-30T01:46:05.162+0000] {processor.py:179} INFO - Processing /opt/airflow/dags/ingest_local_folder_dag.py took 0.278 seconds
[2026-04-30T01:46:35.283+0000] {processor.py:157} INFO - Started process (PID=2167) to work on /opt/airflow/dags/ingest_local_folder_dag.py
[2026-04-30T01:46:35.284+0000] {processor.py:829} INFO - Processing file /opt/airflow/dags/ingest_local_folder_dag.py for tasks to queue
[2026-04-30T01:46:35.285+0000] {logging_mixin.py:151} INFO - [2026-04-30T01:46:35.284+0000] {dagbag.py:539} INFO - Filling up the DagBag from /opt/airflow/dags/ingest_local_folder_dag.py
[2026-04-30T01:46:35.465+0000] {processor.py:839} INFO - DAG(s) dict_keys(['ingestionDAG']) retrieved from /opt/airflow/dags/ingest_local_folder_dag.py
[2026-04-30T01:46:35.496+0000] {logging_mixin.py:151} INFO - [2026-04-30T01:46:35.496+0000] {dag.py:2915} INFO - Sync 1 DAGs
[2026-04-30T01:46:35.516+0000] {logging_mixin.py:151} INFO - [2026-04-30T01:46:35.515+0000] {dag.py:3696} INFO - Setting next_dagrun for ingestionDAG to 2026-04-30T01:46:05.515623+00:00, run_after=2026-04-30T01:46:35.515623+00:00
[2026-04-30T01:46:35.531+0000] {processor.py:179} INFO - Processing /opt/airflow/dags/ingest_local_folder_dag.py took 0.252 seconds
[2026-04-30T01:47:05.646+0000] {processor.py:157} INFO - Started process (PID=2185) to work on /opt/airflow/dags/ingest_local_folder_dag.py
[2026-04-30T01:47:05.647+0000] {processor.py:829} INFO - Processing file /opt/airflow/dags/ingest_local_folder_dag.py for tasks to queue
[2026-04-30T01:47:05.647+0000] {logging_mixin.py:151} INFO - [2026-04-30T01:47:05.647+0000] {dagbag.py:539} INFO - Filling up the DagBag from /opt/airflow/dags/ingest_local_folder_dag.py
[2026-04-30T01:47:05.829+0000] {processor.py:839} INFO - DAG(s) dict_keys(['ingestionDAG']) retrieved from /opt/airflow/dags/ingest_local_folder_dag.py
[2026-04-30T01:47:05.859+0000] {logging_mixin.py:151} INFO - [2026-04-30T01:47:05.859+0000] {dag.py:2915} INFO - Sync 1 DAGs
[2026-04-30T01:47:05.880+0000] {logging_mixin.py:151} INFO - [2026-04-30T01:47:05.880+0000] {dag.py:3696} INFO - Setting next_dagrun for ingestionDAG to 2026-04-30T01:46:35.880367+00:00, run_after=2026-04-30T01:47:05.880367+00:00
[2026-04-30T01:47:05.898+0000] {processor.py:179} INFO - Processing /opt/airflow/dags/ingest_local_folder_dag.py took 0.256 seconds
[2026-04-30T01:47:36.000+0000] {processor.py:157} INFO - Started process (PID=2203) to work on /opt/airflow/dags/ingest_local_folder_dag.py
[2026-04-30T01:47:36.001+0000] {processor.py:829} INFO - Processing file /opt/airflow/dags/ingest_local_folder_dag.py for tasks to queue
[2026-04-30T01:47:36.002+0000] {logging_mixin.py:151} INFO - [2026-04-30T01:47:36.002+0000] {dagbag.py:539} INFO - Filling up the DagBag from /opt/airflow/dags/ingest_local_folder_dag.py
[2026-04-30T01:47:36.207+0000] {processor.py:839} INFO - DAG(s) dict_keys(['ingestionDAG']) retrieved from /opt/airflow/dags/ingest_local_folder_dag.py
[2026-04-30T01:47:36.241+0000] {logging_mixin.py:151} INFO - [2026-04-30T01:47:36.241+0000] {dag.py:2915} INFO - Sync 1 DAGs
[2026-04-30T01:47:36.264+0000] {logging_mixin.py:151} INFO - [2026-04-30T01:47:36.264+0000] {dag.py:3696} INFO - Setting next_dagrun for ingestionDAG to 2026-04-30T01:47:06.264109+00:00, run_after=2026-04-30T01:47:36.264109+00:00
[2026-04-30T01:47:36.281+0000] {processor.py:179} INFO - Processing /opt/airflow/dags/ingest_local_folder_dag.py took 0.285 seconds
[2026-04-30T01:48:06.811+0000] {processor.py:157} INFO - Started process (PID=2221) to work on /opt/airflow/dags/ingest_local_folder_dag.py
[2026-04-30T01:48:06.812+0000] {processor.py:829} INFO - Processing file /opt/airflow/dags/ingest_local_folder_dag.py for tasks to queue
[2026-04-30T01:48:06.813+0000] {logging_mixin.py:151} INFO - [2026-04-30T01:48:06.812+0000] {dagbag.py:539} INFO - Filling up the DagBag from /opt/airflow/dags/ingest_local_folder_dag.py
[2026-04-30T01:48:07.008+0000] {processor.py:839} INFO - DAG(s) dict_keys(['ingestionDAG']) retrieved from /opt/airflow/dags/ingest_local_folder_dag.py
[2026-04-30T01:48:07.040+0000] {logging_mixin.py:151} INFO - [2026-04-30T01:48:07.040+0000] {dag.py:2915} INFO - Sync 1 DAGs
[2026-04-30T01:48:07.062+0000] {logging_mixin.py:151} INFO - [2026-04-30T01:48:07.061+0000] {dag.py:3696} INFO - Setting next_dagrun for ingestionDAG to 2026-04-30T01:47:37.061642+00:00, run_after=2026-04-30T01:48:07.061642+00:00
[2026-04-30T01:48:07.079+0000] {processor.py:179} INFO - Processing /opt/airflow/dags/ingest_local_folder_dag.py took 0.271 seconds
[2026-04-30T01:48:37.623+0000] {processor.py:157} INFO - Started process (PID=2239) to work on /opt/airflow/dags/ingest_local_folder_dag.py
[2026-04-30T01:48:37.624+0000] {processor.py:829} INFO - Processing file /opt/airflow/dags/ingest_local_folder_dag.py for tasks to queue
[2026-04-30T01:48:37.625+0000] {logging_mixin.py:151} INFO - [2026-04-30T01:48:37.624+0000] {dagbag.py:539} INFO - Filling up the DagBag from /opt/airflow/dags/ingest_local_folder_dag.py
[2026-04-30T01:48:37.823+0000] {processor.py:839} INFO - DAG(s) dict_keys(['ingestionDAG']) retrieved from /opt/airflow/dags/ingest_local_folder_dag.py
[2026-04-30T01:48:37.856+0000] {logging_mixin.py:151} INFO - [2026-04-30T01:48:37.856+0000] {dag.py:2915} INFO - Sync 1 DAGs
[2026-04-30T01:48:37.878+0000] {logging_mixin.py:151} INFO - [2026-04-30T01:48:37.878+0000] {dag.py:3696} INFO - Setting next_dagrun for ingestionDAG to 2026-04-30T01:48:07.877957+00:00, run_after=2026-04-30T01:48:37.877957+00:00
[2026-04-30T01:48:37.894+0000] {processor.py:179} INFO - Processing /opt/airflow/dags/ingest_local_folder_dag.py took 0.275 seconds
[2026-04-30T01:49:08.469+0000] {processor.py:157} INFO - Started process (PID=2257) to work on /opt/airflow/dags/ingest_local_folder_dag.py
[2026-04-30T01:49:08.470+0000] {processor.py:829} INFO - Processing file /opt/airflow/dags/ingest_local_folder_dag.py for tasks to queue
[2026-04-30T01:49:08.472+0000] {logging_mixin.py:151} INFO - [2026-04-30T01:49:08.471+0000] {dagbag.py:539} INFO - Filling up the DagBag from /opt/airflow/dags/ingest_local_folder_dag.py
[2026-04-30T01:49:08.689+0000] {processor.py:839} INFO - DAG(s) dict_keys(['ingestionDAG']) retrieved from /opt/airflow/dags/ingest_local_folder_dag.py
[2026-04-30T01:49:08.726+0000] {logging_mixin.py:151} INFO - [2026-04-30T01:49:08.725+0000] {dag.py:2915} INFO - Sync 1 DAGs
[2026-04-30T01:49:08.750+0000] {logging_mixin.py:151} INFO - [2026-04-30T01:49:08.750+0000] {dag.py:3696} INFO - Setting next_dagrun for ingestionDAG to 2026-04-30T01:48:38.749968+00:00, run_after=2026-04-30T01:49:08.749968+00:00
[2026-04-30T01:49:08.769+0000] {processor.py:179} INFO - Processing /opt/airflow/dags/ingest_local_folder_dag.py took 0.305 seconds
[2026-04-30T01:49:39.022+0000] {processor.py:157} INFO - Started process (PID=2275) to work on /opt/airflow/dags/ingest_local_folder_dag.py
[2026-04-30T01:49:39.023+0000] {processor.py:829} INFO - Processing file /opt/airflow/dags/ingest_local_folder_dag.py for tasks to queue
[2026-04-30T01:49:39.024+0000] {logging_mixin.py:151} INFO - [2026-04-30T01:49:39.023+0000] {dagbag.py:539} INFO - Filling up the DagBag from /opt/airflow/dags/ingest_local_folder_dag.py
[2026-04-30T01:49:39.209+0000] {processor.py:839} INFO - DAG(s) dict_keys(['ingestionDAG']) retrieved from /opt/airflow/dags/ingest_local_folder_dag.py
[2026-04-30T01:49:39.239+0000] {logging_mixin.py:151} INFO - [2026-04-30T01:49:39.238+0000] {dag.py:2915} INFO - Sync 1 DAGs
[2026-04-30T01:49:39.259+0000] {logging_mixin.py:151} INFO - [2026-04-30T01:49:39.259+0000] {dag.py:3696} INFO - Setting next_dagrun for ingestionDAG to 2026-04-30T01:49:09.259150+00:00, run_after=2026-04-30T01:49:39.259150+00:00
[2026-04-30T01:49:39.274+0000] {processor.py:179} INFO - Processing /opt/airflow/dags/ingest_local_folder_dag.py took 0.257 seconds
[2026-04-30T01:50:09.336+0000] {processor.py:157} INFO - Started process (PID=2293) to work on /opt/airflow/dags/ingest_local_folder_dag.py
[2026-04-30T01:50:09.337+0000] {processor.py:829} INFO - Processing file /opt/airflow/dags/ingest_local_folder_dag.py for tasks to queue
[2026-04-30T01:50:09.338+0000] {logging_mixin.py:151} INFO - [2026-04-30T01:50:09.338+0000] {dagbag.py:539} INFO - Filling up the DagBag from /opt/airflow/dags/ingest_local_folder_dag.py
[2026-04-30T01:50:09.559+0000] {processor.py:839} INFO - DAG(s) dict_keys(['ingestionDAG']) retrieved from /opt/airflow/dags/ingest_local_folder_dag.py
[2026-04-30T01:50:09.595+0000] {logging_mixin.py:151} INFO - [2026-04-30T01:50:09.595+0000] {dag.py:2915} INFO - Sync 1 DAGs
[2026-04-30T01:50:09.621+0000] {logging_mixin.py:151} INFO - [2026-04-30T01:50:09.621+0000] {dag.py:3696} INFO - Setting next_dagrun for ingestionDAG to 2026-04-30T01:49:39.620985+00:00, run_after=2026-04-30T01:50:09.620985+00:00
[2026-04-30T01:50:09.641+0000] {processor.py:179} INFO - Processing /opt/airflow/dags/ingest_local_folder_dag.py took 0.309 seconds
[2026-04-30T01:50:40.228+0000] {processor.py:157} INFO - Started process (PID=2311) to work on /opt/airflow/dags/ingest_local_folder_dag.py
[2026-04-30T01:50:40.230+0000] {processor.py:829} INFO - Processing file /opt/airflow/dags/ingest_local_folder_dag.py for tasks to queue
[2026-04-30T01:50:40.231+0000] {logging_mixin.py:151} INFO - [2026-04-30T01:50:40.230+0000] {dagbag.py:539} INFO - Filling up the DagBag from /opt/airflow/dags/ingest_local_folder_dag.py
[2026-04-30T01:50:40.422+0000] {processor.py:839} INFO - DAG(s) dict_keys(['ingestionDAG']) retrieved from /opt/airflow/dags/ingest_local_folder_dag.py
[2026-04-30T01:50:40.454+0000] {logging_mixin.py:151} INFO - [2026-04-30T01:50:40.454+0000] {dag.py:2915} INFO - Sync 1 DAGs
[2026-04-30T01:50:40.475+0000] {logging_mixin.py:151} INFO - [2026-04-30T01:50:40.475+0000] {dag.py:3696} INFO - Setting next_dagrun for ingestionDAG to 2026-04-30T01:50:10.475177+00:00, run_after=2026-04-30T01:50:40.475177+00:00
[2026-04-30T01:50:40.491+0000] {processor.py:179} INFO - Processing /opt/airflow/dags/ingest_local_folder_dag.py took 0.267 seconds
[2026-04-30T01:51:10.752+0000] {processor.py:157} INFO - Started process (PID=2329) to work on /opt/airflow/dags/ingest_local_folder_dag.py
[2026-04-30T01:51:10.753+0000] {processor.py:829} INFO - Processing file /opt/airflow/dags/ingest_local_folder_dag.py for tasks to queue
[2026-04-30T01:51:10.753+0000] {logging_mixin.py:151} INFO - [2026-04-30T01:51:10.753+0000] {dagbag.py:539} INFO - Filling up the DagBag from /opt/airflow/dags/ingest_local_folder_dag.py
[2026-04-30T01:51:10.967+0000] {processor.py:839} INFO - DAG(s) dict_keys(['ingestionDAG']) retrieved from /opt/airflow/dags/ingest_local_folder_dag.py
[2026-04-30T01:51:11.004+0000] {logging_mixin.py:151} INFO - [2026-04-30T01:51:11.004+0000] {dag.py:2915} INFO - Sync 1 DAGs
[2026-04-30T01:51:11.026+0000] {logging_mixin.py:151} INFO - [2026-04-30T01:51:11.025+0000] {dag.py:3696} INFO - Setting next_dagrun for ingestionDAG to 2026-04-30T01:50:41.025670+00:00, run_after=2026-04-30T01:51:11.025670+00:00
[2026-04-30T01:51:11.043+0000] {processor.py:179} INFO - Processing /opt/airflow/dags/ingest_local_folder_dag.py took 0.295 seconds
[2026-04-30T01:51:41.587+0000] {processor.py:157} INFO - Started process (PID=2347) to work on /opt/airflow/dags/ingest_local_folder_dag.py
[2026-04-30T01:51:41.588+0000] {processor.py:829} INFO - Processing file /opt/airflow/dags/ingest_local_folder_dag.py for tasks to queue
[2026-04-30T01:51:41.589+0000] {logging_mixin.py:151} INFO - [2026-04-30T01:51:41.589+0000] {dagbag.py:539} INFO - Filling up the DagBag from /opt/airflow/dags/ingest_local_folder_dag.py
[2026-04-30T01:51:41.773+0000] {processor.py:839} INFO - DAG(s) dict_keys(['ingestionDAG']) retrieved from /opt/airflow/dags/ingest_local_folder_dag.py
[2026-04-30T01:51:41.807+0000] {logging_mixin.py:151} INFO - [2026-04-30T01:51:41.806+0000] {dag.py:2915} INFO - Sync 1 DAGs
[2026-04-30T01:51:41.829+0000] {logging_mixin.py:151} INFO - [2026-04-30T01:51:41.829+0000] {dag.py:3696} INFO - Setting next_dagrun for ingestionDAG to 2026-04-30T01:51:11.829266+00:00, run_after=2026-04-30T01:51:41.829266+00:00
[2026-04-30T01:51:41.846+0000] {processor.py:179} INFO - Processing /opt/airflow/dags/ingest_local_folder_dag.py took 0.263 seconds
[2026-04-30T01:52:12.441+0000] {processor.py:157} INFO - Started process (PID=2365) to work on /opt/airflow/dags/ingest_local_folder_dag.py
[2026-04-30T01:52:12.442+0000] {processor.py:829} INFO - Processing file /opt/airflow/dags/ingest_local_folder_dag.py for tasks to queue
[2026-04-30T01:52:12.443+0000] {logging_mixin.py:151} INFO - [2026-04-30T01:52:12.443+0000] {dagbag.py:539} INFO - Filling up the DagBag from /opt/airflow/dags/ingest_local_folder_dag.py
[2026-04-30T01:52:12.648+0000] {processor.py:839} INFO - DAG(s) dict_keys(['ingestionDAG']) retrieved from /opt/airflow/dags/ingest_local_folder_dag.py
[2026-04-30T01:52:12.682+0000] {logging_mixin.py:151} INFO - [2026-04-30T01:52:12.682+0000] {dag.py:2915} INFO - Sync 1 DAGs
[2026-04-30T01:52:12.705+0000] {logging_mixin.py:151} INFO - [2026-04-30T01:52:12.705+0000] {dag.py:3696} INFO - Setting next_dagrun for ingestionDAG to 2026-04-30T01:51:42.705448+00:00, run_after=2026-04-30T01:52:12.705448+00:00
[2026-04-30T01:52:12.723+0000] {processor.py:179} INFO - Processing /opt/airflow/dags/ingest_local_folder_dag.py took 0.285 seconds
[2026-04-30T01:52:42.962+0000] {processor.py:157} INFO - Started process (PID=2383) to work on /opt/airflow/dags/ingest_local_folder_dag.py
[2026-04-30T01:52:42.963+0000] {processor.py:829} INFO - Processing file /opt/airflow/dags/ingest_local_folder_dag.py for tasks to queue
[2026-04-30T01:52:42.964+0000] {logging_mixin.py:151} INFO - [2026-04-30T01:52:42.964+0000] {dagbag.py:539} INFO - Filling up the DagBag from /opt/airflow/dags/ingest_local_folder_dag.py
[2026-04-30T01:52:43.153+0000] {processor.py:839} INFO - DAG(s) dict_keys(['ingestionDAG']) retrieved from /opt/airflow/dags/ingest_local_folder_dag.py
[2026-04-30T01:52:43.183+0000] {logging_mixin.py:151} INFO - [2026-04-30T01:52:43.183+0000] {dag.py:2915} INFO - Sync 1 DAGs
[2026-04-30T01:52:43.203+0000] {logging_mixin.py:151} INFO - [2026-04-30T01:52:43.203+0000] {dag.py:3696} INFO - Setting next_dagrun for ingestionDAG to 2026-04-30T01:52:13.203387+00:00, run_after=2026-04-30T01:52:43.203387+00:00
[2026-04-30T01:52:43.219+0000] {processor.py:179} INFO - Processing /opt/airflow/dags/ingest_local_folder_dag.py took 0.261 seconds
[2026-04-30T01:53:13.807+0000] {processor.py:157} INFO - Started process (PID=2401) to work on /opt/airflow/dags/ingest_local_folder_dag.py
[2026-04-30T01:53:13.808+0000] {processor.py:829} INFO - Processing file /opt/airflow/dags/ingest_local_folder_dag.py for tasks to queue
[2026-04-30T01:53:13.809+0000] {logging_mixin.py:151} INFO - [2026-04-30T01:53:13.808+0000] {dagbag.py:539} INFO - Filling up the DagBag from /opt/airflow/dags/ingest_local_folder_dag.py
[2026-04-30T01:53:13.997+0000] {processor.py:839} INFO - DAG(s) dict_keys(['ingestionDAG']) retrieved from /opt/airflow/dags/ingest_local_folder_dag.py
[2026-04-30T01:53:14.030+0000] {logging_mixin.py:151} INFO - [2026-04-30T01:53:14.030+0000] {dag.py:2915} INFO - Sync 1 DAGs
[2026-04-30T01:53:14.053+0000] {logging_mixin.py:151} INFO - [2026-04-30T01:53:14.052+0000] {dag.py:3696} INFO - Setting next_dagrun for ingestionDAG to 2026-04-30T01:52:44.052620+00:00, run_after=2026-04-30T01:53:14.052620+00:00
[2026-04-30T01:53:14.069+0000] {processor.py:179} INFO - Processing /opt/airflow/dags/ingest_local_folder_dag.py took 0.267 seconds
[2026-04-30T01:53:44.292+0000] {processor.py:157} INFO - Started process (PID=2419) to work on /opt/airflow/dags/ingest_local_folder_dag.py
[2026-04-30T01:53:44.293+0000] {processor.py:829} INFO - Processing file /opt/airflow/dags/ingest_local_folder_dag.py for tasks to queue
[2026-04-30T01:53:44.294+0000] {logging_mixin.py:151} INFO - [2026-04-30T01:53:44.294+0000] {dagbag.py:539} INFO - Filling up the DagBag from /opt/airflow/dags/ingest_local_folder_dag.py
[2026-04-30T01:53:44.485+0000] {processor.py:839} INFO - DAG(s) dict_keys(['ingestionDAG']) retrieved from /opt/airflow/dags/ingest_local_folder_dag.py
[2026-04-30T01:53:44.518+0000] {logging_mixin.py:151} INFO - [2026-04-30T01:53:44.518+0000] {dag.py:2915} INFO - Sync 1 DAGs
[2026-04-30T01:53:44.541+0000] {logging_mixin.py:151} INFO - [2026-04-30T01:53:44.541+0000] {dag.py:3696} INFO - Setting next_dagrun for ingestionDAG to 2026-04-30T01:53:14.541087+00:00, run_after=2026-04-30T01:53:44.541087+00:00
[2026-04-30T01:53:44.558+0000] {processor.py:179} INFO - Processing /opt/airflow/dags/ingest_local_folder_dag.py took 0.269 seconds
[2026-04-30T01:54:15.225+0000] {processor.py:157} INFO - Started process (PID=2437) to work on /opt/airflow/dags/ingest_local_folder_dag.py
[2026-04-30T01:54:15.227+0000] {processor.py:829} INFO - Processing file /opt/airflow/dags/ingest_local_folder_dag.py for tasks to queue
[2026-04-30T01:54:15.228+0000] {logging_mixin.py:151} INFO - [2026-04-30T01:54:15.227+0000] {dagbag.py:539} INFO - Filling up the DagBag from /opt/airflow/dags/ingest_local_folder_dag.py
[2026-04-30T01:54:15.433+0000] {processor.py:839} INFO - DAG(s) dict_keys(['ingestionDAG']) retrieved from /opt/airflow/dags/ingest_local_folder_dag.py
[2026-04-30T01:54:15.465+0000] {logging_mixin.py:151} INFO - [2026-04-30T01:54:15.465+0000] {dag.py:2915} INFO - Sync 1 DAGs
[2026-04-30T01:54:15.488+0000] {logging_mixin.py:151} INFO - [2026-04-30T01:54:15.487+0000] {dag.py:3696} INFO - Setting next_dagrun for ingestionDAG to 2026-04-30T01:53:45.487699+00:00, run_after=2026-04-30T01:54:15.487699+00:00
[2026-04-30T01:54:15.505+0000] {processor.py:179} INFO - Processing /opt/airflow/dags/ingest_local_folder_dag.py took 0.284 seconds
[2026-04-30T01:54:45.649+0000] {processor.py:157} INFO - Started process (PID=2452) to work on /opt/airflow/dags/ingest_local_folder_dag.py
[2026-04-30T01:54:45.649+0000] {processor.py:829} INFO - Processing file /opt/airflow/dags/ingest_local_folder_dag.py for tasks to queue
[2026-04-30T01:54:45.650+0000] {logging_mixin.py:151} INFO - [2026-04-30T01:54:45.650+0000] {dagbag.py:539} INFO - Filling up the DagBag from /opt/airflow/dags/ingest_local_folder_dag.py
[2026-04-30T01:54:45.871+0000] {processor.py:839} INFO - DAG(s) dict_keys(['ingestionDAG']) retrieved from /opt/airflow/dags/ingest_local_folder_dag.py
[2026-04-30T01:54:45.914+0000] {logging_mixin.py:151} INFO - [2026-04-30T01:54:45.914+0000] {dag.py:2915} INFO - Sync 1 DAGs
[2026-04-30T01:54:45.946+0000] {logging_mixin.py:151} INFO - [2026-04-30T01:54:45.946+0000] {dag.py:3696} INFO - Setting next_dagrun for ingestionDAG to 2026-04-30T01:54:15.945815+00:00, run_after=2026-04-30T01:54:45.945815+00:00
[2026-04-30T01:54:45.963+0000] {processor.py:179} INFO - Processing /opt/airflow/dags/ingest_local_folder_dag.py took 0.319 seconds
[2026-04-30T01:55:16.095+0000] {processor.py:157} INFO - Started process (PID=2467) to work on /opt/airflow/dags/ingest_local_folder_dag.py
[2026-04-30T01:55:16.096+0000] {processor.py:829} INFO - Processing file /opt/airflow/dags/ingest_local_folder_dag.py for tasks to queue
[2026-04-30T01:55:16.096+0000] {logging_mixin.py:151} INFO - [2026-04-30T01:55:16.096+0000] {dagbag.py:539} INFO - Filling up the DagBag from /opt/airflow/dags/ingest_local_folder_dag.py
[2026-04-30T01:55:16.304+0000] {processor.py:839} INFO - DAG(s) dict_keys(['ingestionDAG']) retrieved from /opt/airflow/dags/ingest_local_folder_dag.py
[2026-04-30T01:55:16.340+0000] {logging_mixin.py:151} INFO - [2026-04-30T01:55:16.340+0000] {dag.py:2915} INFO - Sync 1 DAGs
[2026-04-30T01:55:16.363+0000] {logging_mixin.py:151} INFO - [2026-04-30T01:55:16.363+0000] {dag.py:3696} INFO - Setting next_dagrun for ingestionDAG to 2026-04-30T01:54:46.363424+00:00, run_after=2026-04-30T01:55:16.363424+00:00
[2026-04-30T01:55:16.384+0000] {processor.py:179} INFO - Processing /opt/airflow/dags/ingest_local_folder_dag.py took 0.293 seconds
[2026-04-30T01:55:46.552+0000] {processor.py:157} INFO - Started process (PID=2485) to work on /opt/airflow/dags/ingest_local_folder_dag.py
[2026-04-30T01:55:46.554+0000] {processor.py:829} INFO - Processing file /opt/airflow/dags/ingest_local_folder_dag.py for tasks to queue
[2026-04-30T01:55:46.555+0000] {logging_mixin.py:151} INFO - [2026-04-30T01:55:46.554+0000] {dagbag.py:539} INFO - Filling up the DagBag from /opt/airflow/dags/ingest_local_folder_dag.py
[2026-04-30T01:55:46.812+0000] {processor.py:839} INFO - DAG(s) dict_keys(['ingestionDAG']) retrieved from /opt/airflow/dags/ingest_local_folder_dag.py
[2026-04-30T01:55:46.852+0000] {logging_mixin.py:151} INFO - [2026-04-30T01:55:46.851+0000] {dag.py:2915} INFO - Sync 1 DAGs
[2026-04-30T01:55:46.879+0000] {logging_mixin.py:151} INFO - [2026-04-30T01:55:46.878+0000] {dag.py:3696} INFO - Setting next_dagrun for ingestionDAG to 2026-04-30T01:55:16.878501+00:00, run_after=2026-04-30T01:55:46.878501+00:00
[2026-04-30T01:55:46.905+0000] {processor.py:179} INFO - Processing /opt/airflow/dags/ingest_local_folder_dag.py took 0.362 seconds
[2026-04-30T01:56:17.674+0000] {processor.py:157} INFO - Started process (PID=2503) to work on /opt/airflow/dags/ingest_local_folder_dag.py
[2026-04-30T01:56:17.675+0000] {processor.py:829} INFO - Processing file /opt/airflow/dags/ingest_local_folder_dag.py for tasks to queue
[2026-04-30T01:56:17.676+0000] {logging_mixin.py:151} INFO - [2026-04-30T01:56:17.676+0000] {dagbag.py:539} INFO - Filling up the DagBag from /opt/airflow/dags/ingest_local_folder_dag.py
[2026-04-30T01:56:17.864+0000] {processor.py:839} INFO - DAG(s) dict_keys(['ingestionDAG']) retrieved from /opt/airflow/dags/ingest_local_folder_dag.py
[2026-04-30T01:56:17.895+0000] {logging_mixin.py:151} INFO - [2026-04-30T01:56:17.895+0000] {dag.py:2915} INFO - Sync 1 DAGs
[2026-04-30T01:56:17.917+0000] {logging_mixin.py:151} INFO - [2026-04-30T01:56:17.917+0000] {dag.py:3696} INFO - Setting next_dagrun for ingestionDAG to 2026-04-30T01:55:47.917038+00:00, run_after=2026-04-30T01:56:17.917038+00:00
[2026-04-30T01:56:17.933+0000] {processor.py:179} INFO - Processing /opt/airflow/dags/ingest_local_folder_dag.py took 0.263 seconds
[2026-04-30T01:56:48.068+0000] {processor.py:157} INFO - Started process (PID=2521) to work on /opt/airflow/dags/ingest_local_folder_dag.py
[2026-04-30T01:56:48.069+0000] {processor.py:829} INFO - Processing file /opt/airflow/dags/ingest_local_folder_dag.py for tasks to queue
[2026-04-30T01:56:48.070+0000] {logging_mixin.py:151} INFO - [2026-04-30T01:56:48.069+0000] {dagbag.py:539} INFO - Filling up the DagBag from /opt/airflow/dags/ingest_local_folder_dag.py
[2026-04-30T01:56:48.288+0000] {processor.py:839} INFO - DAG(s) dict_keys(['ingestionDAG']) retrieved from /opt/airflow/dags/ingest_local_folder_dag.py
[2026-04-30T01:56:48.327+0000] {logging_mixin.py:151} INFO - [2026-04-30T01:56:48.326+0000] {dag.py:2915} INFO - Sync 1 DAGs
[2026-04-30T01:56:48.352+0000] {logging_mixin.py:151} INFO - [2026-04-30T01:56:48.352+0000] {dag.py:3696} INFO - Setting next_dagrun for ingestionDAG to 2026-04-30T01:56:18.351860+00:00, run_after=2026-04-30T01:56:48.351860+00:00
[2026-04-30T01:56:48.373+0000] {processor.py:179} INFO - Processing /opt/airflow/dags/ingest_local_folder_dag.py took 0.309 seconds
[2026-04-30T01:57:19.207+0000] {processor.py:157} INFO - Started process (PID=2539) to work on /opt/airflow/dags/ingest_local_folder_dag.py
[2026-04-30T01:57:19.208+0000] {processor.py:829} INFO - Processing file /opt/airflow/dags/ingest_local_folder_dag.py for tasks to queue
[2026-04-30T01:57:19.209+0000] {logging_mixin.py:151} INFO - [2026-04-30T01:57:19.208+0000] {dagbag.py:539} INFO - Filling up the DagBag from /opt/airflow/dags/ingest_local_folder_dag.py
[2026-04-30T01:57:19.418+0000] {processor.py:839} INFO - DAG(s) dict_keys(['ingestionDAG']) retrieved from /opt/airflow/dags/ingest_local_folder_dag.py
[2026-04-30T01:57:19.454+0000] {logging_mixin.py:151} INFO - [2026-04-30T01:57:19.453+0000] {dag.py:2915} INFO - Sync 1 DAGs
[2026-04-30T01:57:19.479+0000] {logging_mixin.py:151} INFO - [2026-04-30T01:57:19.479+0000] {dag.py:3696} INFO - Setting next_dagrun for ingestionDAG to 2026-04-30T01:56:49.479148+00:00, run_after=2026-04-30T01:57:19.479148+00:00
[2026-04-30T01:57:19.499+0000] {processor.py:179} INFO - Processing /opt/airflow/dags/ingest_local_folder_dag.py took 0.297 seconds
[2026-04-30T01:57:49.639+0000] {processor.py:157} INFO - Started process (PID=2557) to work on /opt/airflow/dags/ingest_local_folder_dag.py
[2026-04-30T01:57:49.640+0000] {processor.py:829} INFO - Processing file /opt/airflow/dags/ingest_local_folder_dag.py for tasks to queue
[2026-04-30T01:57:49.641+0000] {logging_mixin.py:151} INFO - [2026-04-30T01:57:49.640+0000] {dagbag.py:539} INFO - Filling up the DagBag from /opt/airflow/dags/ingest_local_folder_dag.py
[2026-04-30T01:57:49.830+0000] {processor.py:839} INFO - DAG(s) dict_keys(['ingestionDAG']) retrieved from /opt/airflow/dags/ingest_local_folder_dag.py
[2026-04-30T01:57:49.863+0000] {logging_mixin.py:151} INFO - [2026-04-30T01:57:49.863+0000] {dag.py:2915} INFO - Sync 1 DAGs
[2026-04-30T01:57:49.886+0000] {logging_mixin.py:151} INFO - [2026-04-30T01:57:49.886+0000] {dag.py:3696} INFO - Setting next_dagrun for ingestionDAG to 2026-04-30T01:57:19.886086+00:00, run_after=2026-04-30T01:57:49.886086+00:00
[2026-04-30T01:57:49.902+0000] {processor.py:179} INFO - Processing /opt/airflow/dags/ingest_local_folder_dag.py took 0.266 seconds
[2026-04-30T01:58:20.032+0000] {processor.py:157} INFO - Started process (PID=2575) to work on /opt/airflow/dags/ingest_local_folder_dag.py
[2026-04-30T01:58:20.033+0000] {processor.py:829} INFO - Processing file /opt/airflow/dags/ingest_local_folder_dag.py for tasks to queue
[2026-04-30T01:58:20.034+0000] {logging_mixin.py:151} INFO - [2026-04-30T01:58:20.033+0000] {dagbag.py:539} INFO - Filling up the DagBag from /opt/airflow/dags/ingest_local_folder_dag.py
[2026-04-30T01:58:20.230+0000] {processor.py:839} INFO - DAG(s) dict_keys(['ingestionDAG']) retrieved from /opt/airflow/dags/ingest_local_folder_dag.py
[2026-04-30T01:58:20.264+0000] {logging_mixin.py:151} INFO - [2026-04-30T01:58:20.264+0000] {dag.py:2915} INFO - Sync 1 DAGs
[2026-04-30T01:58:20.287+0000] {logging_mixin.py:151} INFO - [2026-04-30T01:58:20.287+0000] {dag.py:3696} INFO - Setting next_dagrun for ingestionDAG to 2026-04-30T01:57:50.286768+00:00, run_after=2026-04-30T01:58:20.286768+00:00
[2026-04-30T01:58:20.310+0000] {processor.py:179} INFO - Processing /opt/airflow/dags/ingest_local_folder_dag.py took 0.282 seconds
[2026-04-30T01:58:50.450+0000] {processor.py:157} INFO - Started process (PID=2593) to work on /opt/airflow/dags/ingest_local_folder_dag.py
[2026-04-30T01:58:50.451+0000] {processor.py:829} INFO - Processing file /opt/airflow/dags/ingest_local_folder_dag.py for tasks to queue
[2026-04-30T01:58:50.452+0000] {logging_mixin.py:151} INFO - [2026-04-30T01:58:50.451+0000] {dagbag.py:539} INFO - Filling up the DagBag from /opt/airflow/dags/ingest_local_folder_dag.py
[2026-04-30T01:58:50.654+0000] {processor.py:839} INFO - DAG(s) dict_keys(['ingestionDAG']) retrieved from /opt/airflow/dags/ingest_local_folder_dag.py
[2026-04-30T01:58:50.696+0000] {logging_mixin.py:151} INFO - [2026-04-30T01:58:50.696+0000] {dag.py:2915} INFO - Sync 1 DAGs
[2026-04-30T01:58:50.722+0000] {logging_mixin.py:151} INFO - [2026-04-30T01:58:50.722+0000] {dag.py:3696} INFO - Setting next_dagrun for ingestionDAG to 2026-04-30T01:58:20.722092+00:00, run_after=2026-04-30T01:58:50.722092+00:00
[2026-04-30T01:58:50.745+0000] {processor.py:179} INFO - Processing /opt/airflow/dags/ingest_local_folder_dag.py took 0.301 seconds
[2026-04-30T01:59:21.648+0000] {processor.py:157} INFO - Started process (PID=2611) to work on /opt/airflow/dags/ingest_local_folder_dag.py
[2026-04-30T01:59:21.649+0000] {processor.py:829} INFO - Processing file /opt/airflow/dags/ingest_local_folder_dag.py for tasks to queue
[2026-04-30T01:59:21.650+0000] {logging_mixin.py:151} INFO - [2026-04-30T01:59:21.650+0000] {dagbag.py:539} INFO - Filling up the DagBag from /opt/airflow/dags/ingest_local_folder_dag.py
[2026-04-30T01:59:21.880+0000] {processor.py:839} INFO - DAG(s) dict_keys(['ingestionDAG']) retrieved from /opt/airflow/dags/ingest_local_folder_dag.py
[2026-04-30T01:59:21.918+0000] {logging_mixin.py:151} INFO - [2026-04-30T01:59:21.918+0000] {dag.py:2915} INFO - Sync 1 DAGs
[2026-04-30T01:59:21.951+0000] {logging_mixin.py:151} INFO - [2026-04-30T01:59:21.951+0000] {dag.py:3696} INFO - Setting next_dagrun for ingestionDAG to 2026-04-30T01:58:51.950990+00:00, run_after=2026-04-30T01:59:21.950990+00:00
[2026-04-30T01:59:21.975+0000] {processor.py:179} INFO - Processing /opt/airflow/dags/ingest_local_folder_dag.py took 0.332 seconds
[2026-04-30T01:59:52.844+0000] {processor.py:157} INFO - Started process (PID=2629) to work on /opt/airflow/dags/ingest_local_folder_dag.py
[2026-04-30T01:59:52.845+0000] {processor.py:829} INFO - Processing file /opt/airflow/dags/ingest_local_folder_dag.py for tasks to queue
[2026-04-30T01:59:52.846+0000] {logging_mixin.py:151} INFO - [2026-04-30T01:59:52.845+0000] {dagbag.py:539} INFO - Filling up the DagBag from /opt/airflow/dags/ingest_local_folder_dag.py
[2026-04-30T01:59:53.077+0000] {processor.py:839} INFO - DAG(s) dict_keys(['ingestionDAG']) retrieved from /opt/airflow/dags/ingest_local_folder_dag.py
[2026-04-30T01:59:53.119+0000] {logging_mixin.py:151} INFO - [2026-04-30T01:59:53.119+0000] {dag.py:2915} INFO - Sync 1 DAGs
[2026-04-30T01:59:53.152+0000] {logging_mixin.py:151} INFO - [2026-04-30T01:59:53.152+0000] {dag.py:3696} INFO - Setting next_dagrun for ingestionDAG to 2026-04-30T01:59:23.152114+00:00, run_after=2026-04-30T01:59:53.152114+00:00
[2026-04-30T01:59:53.173+0000] {processor.py:179} INFO - Processing /opt/airflow/dags/ingest_local_folder_dag.py took 0.334 seconds
[2026-04-30T02:00:23.237+0000] {processor.py:157} INFO - Started process (PID=2647) to work on /opt/airflow/dags/ingest_local_folder_dag.py
[2026-04-30T02:00:23.238+0000] {processor.py:829} INFO - Processing file /opt/airflow/dags/ingest_local_folder_dag.py for tasks to queue
[2026-04-30T02:00:23.239+0000] {logging_mixin.py:151} INFO - [2026-04-30T02:00:23.238+0000] {dagbag.py:539} INFO - Filling up the DagBag from /opt/airflow/dags/ingest_local_folder_dag.py
[2026-04-30T02:00:23.448+0000] {processor.py:839} INFO - DAG(s) dict_keys(['ingestionDAG']) retrieved from /opt/airflow/dags/ingest_local_folder_dag.py
[2026-04-30T02:00:23.487+0000] {logging_mixin.py:151} INFO - [2026-04-30T02:00:23.487+0000] {dag.py:2915} INFO - Sync 1 DAGs
[2026-04-30T02:00:23.512+0000] {logging_mixin.py:151} INFO - [2026-04-30T02:00:23.512+0000] {dag.py:3696} INFO - Setting next_dagrun for ingestionDAG to 2026-04-30T01:59:53.511986+00:00, run_after=2026-04-30T02:00:23.511986+00:00
[2026-04-30T02:00:23.531+0000] {processor.py:179} INFO - Processing /opt/airflow/dags/ingest_local_folder_dag.py took 0.298 seconds
[2026-04-30T02:00:53.677+0000] {processor.py:157} INFO - Started process (PID=2669) to work on /opt/airflow/dags/ingest_local_folder_dag.py
[2026-04-30T02:00:53.680+0000] {processor.py:829} INFO - Processing file /opt/airflow/dags/ingest_local_folder_dag.py for tasks to queue
[2026-04-30T02:00:53.680+0000] {logging_mixin.py:151} INFO - [2026-04-30T02:00:53.680+0000] {dagbag.py:539} INFO - Filling up the DagBag from /opt/airflow/dags/ingest_local_folder_dag.py
[2026-04-30T02:00:53.900+0000] {processor.py:839} INFO - DAG(s) dict_keys(['ingestionDAG']) retrieved from /opt/airflow/dags/ingest_local_folder_dag.py
[2026-04-30T02:00:53.934+0000] {logging_mixin.py:151} INFO - [2026-04-30T02:00:53.934+0000] {dag.py:2915} INFO - Sync 1 DAGs
[2026-04-30T02:00:53.960+0000] {logging_mixin.py:151} INFO - [2026-04-30T02:00:53.960+0000] {dag.py:3696} INFO - Setting next_dagrun for ingestionDAG to 2026-04-30T02:00:23.959972+00:00, run_after=2026-04-30T02:00:53.959972+00:00
[2026-04-30T02:00:53.979+0000] {processor.py:179} INFO - Processing /opt/airflow/dags/ingest_local_folder_dag.py took 0.306 seconds
[2026-04-30T02:01:24.900+0000] {processor.py:157} INFO - Started process (PID=2690) to work on /opt/airflow/dags/ingest_local_folder_dag.py
[2026-04-30T02:01:24.900+0000] {processor.py:829} INFO - Processing file /opt/airflow/dags/ingest_local_folder_dag.py for tasks to queue
[2026-04-30T02:01:24.901+0000] {logging_mixin.py:151} INFO - [2026-04-30T02:01:24.901+0000] {dagbag.py:539} INFO - Filling up the DagBag from /opt/airflow/dags/ingest_local_folder_dag.py
[2026-04-30T02:01:25.076+0000] {processor.py:839} INFO - DAG(s) dict_keys(['ingestionDAG']) retrieved from /opt/airflow/dags/ingest_local_folder_dag.py
[2026-04-30T02:01:25.107+0000] {logging_mixin.py:151} INFO - [2026-04-30T02:01:25.107+0000] {dag.py:2915} INFO - Sync 1 DAGs
[2026-04-30T02:01:25.128+0000] {logging_mixin.py:151} INFO - [2026-04-30T02:01:25.128+0000] {dag.py:3696} INFO - Setting next_dagrun for ingestionDAG to 2026-04-30T02:00:55.128104+00:00, run_after=2026-04-30T02:01:25.128104+00:00
[2026-04-30T02:01:25.145+0000] {processor.py:179} INFO - Processing /opt/airflow/dags/ingest_local_folder_dag.py took 0.249 seconds
[2026-04-30T02:01:55.275+0000] {processor.py:157} INFO - Started process (PID=2708) to work on /opt/airflow/dags/ingest_local_folder_dag.py
[2026-04-30T02:01:55.276+0000] {processor.py:829} INFO - Processing file /opt/airflow/dags/ingest_local_folder_dag.py for tasks to queue
[2026-04-30T02:01:55.277+0000] {logging_mixin.py:151} INFO - [2026-04-30T02:01:55.277+0000] {dagbag.py:539} INFO - Filling up the DagBag from /opt/airflow/dags/ingest_local_folder_dag.py
[2026-04-30T02:01:55.454+0000] {processor.py:839} INFO - DAG(s) dict_keys(['ingestionDAG']) retrieved from /opt/airflow/dags/ingest_local_folder_dag.py
[2026-04-30T02:01:55.484+0000] {logging_mixin.py:151} INFO - [2026-04-30T02:01:55.484+0000] {dag.py:2915} INFO - Sync 1 DAGs
[2026-04-30T02:01:55.504+0000] {logging_mixin.py:151} INFO - [2026-04-30T02:01:55.504+0000] {dag.py:3696} INFO - Setting next_dagrun for ingestionDAG to 2026-04-30T02:01:25.504039+00:00, run_after=2026-04-30T02:01:55.504039+00:00
[2026-04-30T02:01:55.519+0000] {processor.py:179} INFO - Processing /opt/airflow/dags/ingest_local_folder_dag.py took 0.247 seconds
[2026-04-30T02:02:25.647+0000] {processor.py:157} INFO - Started process (PID=2729) to work on /opt/airflow/dags/ingest_local_folder_dag.py
[2026-04-30T02:02:25.648+0000] {processor.py:829} INFO - Processing file /opt/airflow/dags/ingest_local_folder_dag.py for tasks to queue
[2026-04-30T02:02:25.649+0000] {logging_mixin.py:151} INFO - [2026-04-30T02:02:25.648+0000] {dagbag.py:539} INFO - Filling up the DagBag from /opt/airflow/dags/ingest_local_folder_dag.py
[2026-04-30T02:02:25.825+0000] {processor.py:839} INFO - DAG(s) dict_keys(['ingestionDAG']) retrieved from /opt/airflow/dags/ingest_local_folder_dag.py
[2026-04-30T02:02:25.856+0000] {logging_mixin.py:151} INFO - [2026-04-30T02:02:25.856+0000] {dag.py:2915} INFO - Sync 1 DAGs
[2026-04-30T02:02:25.878+0000] {logging_mixin.py:151} INFO - [2026-04-30T02:02:25.878+0000] {dag.py:3696} INFO - Setting next_dagrun for ingestionDAG to 2026-04-30T02:01:55.877789+00:00, run_after=2026-04-30T02:02:25.877789+00:00
[2026-04-30T02:02:25.894+0000] {processor.py:179} INFO - Processing /opt/airflow/dags/ingest_local_folder_dag.py took 0.251 seconds
[2026-04-30T02:02:56.023+0000] {processor.py:157} INFO - Started process (PID=2750) to work on /opt/airflow/dags/ingest_local_folder_dag.py
[2026-04-30T02:02:56.025+0000] {processor.py:829} INFO - Processing file /opt/airflow/dags/ingest_local_folder_dag.py for tasks to queue
[2026-04-30T02:02:56.026+0000] {logging_mixin.py:151} INFO - [2026-04-30T02:02:56.025+0000] {dagbag.py:539} INFO - Filling up the DagBag from /opt/airflow/dags/ingest_local_folder_dag.py
[2026-04-30T02:02:56.262+0000] {processor.py:839} INFO - DAG(s) dict_keys(['ingestionDAG']) retrieved from /opt/airflow/dags/ingest_local_folder_dag.py
[2026-04-30T02:02:56.299+0000] {logging_mixin.py:151} INFO - [2026-04-30T02:02:56.299+0000] {dag.py:2915} INFO - Sync 1 DAGs
[2026-04-30T02:02:56.323+0000] {logging_mixin.py:151} INFO - [2026-04-30T02:02:56.323+0000] {dag.py:3696} INFO - Setting next_dagrun for ingestionDAG to 2026-04-30T02:02:26.323212+00:00, run_after=2026-04-30T02:02:56.323212+00:00
[2026-04-30T02:02:56.344+0000] {processor.py:179} INFO - Processing /opt/airflow/dags/ingest_local_folder_dag.py took 0.327 seconds
[2026-04-30T02:03:26.477+0000] {processor.py:157} INFO - Started process (PID=2768) to work on /opt/airflow/dags/ingest_local_folder_dag.py
[2026-04-30T02:03:26.479+0000] {processor.py:829} INFO - Processing file /opt/airflow/dags/ingest_local_folder_dag.py for tasks to queue
[2026-04-30T02:03:26.480+0000] {logging_mixin.py:151} INFO - [2026-04-30T02:03:26.480+0000] {dagbag.py:539} INFO - Filling up the DagBag from /opt/airflow/dags/ingest_local_folder_dag.py
[2026-04-30T02:03:26.672+0000] {processor.py:839} INFO - DAG(s) dict_keys(['ingestionDAG']) retrieved from /opt/airflow/dags/ingest_local_folder_dag.py
[2026-04-30T02:03:26.704+0000] {logging_mixin.py:151} INFO - [2026-04-30T02:03:26.704+0000] {dag.py:2915} INFO - Sync 1 DAGs
[2026-04-30T02:03:26.725+0000] {logging_mixin.py:151} INFO - [2026-04-30T02:03:26.725+0000] {dag.py:3696} INFO - Setting next_dagrun for ingestionDAG to 2026-04-30T02:02:56.725284+00:00, run_after=2026-04-30T02:03:26.725284+00:00
[2026-04-30T02:03:26.742+0000] {processor.py:179} INFO - Processing /opt/airflow/dags/ingest_local_folder_dag.py took 0.268 seconds
[2026-04-30T02:03:56.937+0000] {processor.py:157} INFO - Started process (PID=2789) to work on /opt/airflow/dags/ingest_local_folder_dag.py
[2026-04-30T02:03:56.940+0000] {processor.py:829} INFO - Processing file /opt/airflow/dags/ingest_local_folder_dag.py for tasks to queue
[2026-04-30T02:03:56.942+0000] {logging_mixin.py:151} INFO - [2026-04-30T02:03:56.941+0000] {dagbag.py:539} INFO - Filling up the DagBag from /opt/airflow/dags/ingest_local_folder_dag.py
[2026-04-30T02:03:57.322+0000] {processor.py:839} INFO - DAG(s) dict_keys(['ingestionDAG']) retrieved from /opt/airflow/dags/ingest_local_folder_dag.py
[2026-04-30T02:03:57.363+0000] {logging_mixin.py:151} INFO - [2026-04-30T02:03:57.363+0000] {dag.py:2915} INFO - Sync 1 DAGs
[2026-04-30T02:03:57.396+0000] {logging_mixin.py:151} INFO - [2026-04-30T02:03:57.396+0000] {dag.py:3696} INFO - Setting next_dagrun for ingestionDAG to 2026-04-30T02:03:27.396400+00:00, run_after=2026-04-30T02:03:57.396400+00:00
[2026-04-30T02:03:57.415+0000] {processor.py:179} INFO - Processing /opt/airflow/dags/ingest_local_folder_dag.py took 0.485 seconds
[2026-04-30T02:04:27.837+0000] {processor.py:157} INFO - Started process (PID=2807) to work on /opt/airflow/dags/ingest_local_folder_dag.py
[2026-04-30T02:04:27.841+0000] {processor.py:829} INFO - Processing file /opt/airflow/dags/ingest_local_folder_dag.py for tasks to queue
[2026-04-30T02:04:27.842+0000] {logging_mixin.py:151} INFO - [2026-04-30T02:04:27.842+0000] {dagbag.py:539} INFO - Filling up the DagBag from /opt/airflow/dags/ingest_local_folder_dag.py
[2026-04-30T02:04:28.171+0000] {processor.py:839} INFO - DAG(s) dict_keys(['ingestionDAG']) retrieved from /opt/airflow/dags/ingest_local_folder_dag.py
[2026-04-30T02:04:28.216+0000] {logging_mixin.py:151} INFO - [2026-04-30T02:04:28.216+0000] {dag.py:2915} INFO - Sync 1 DAGs
[2026-04-30T02:04:28.245+0000] {logging_mixin.py:151} INFO - [2026-04-30T02:04:28.245+0000] {dag.py:3696} INFO - Setting next_dagrun for ingestionDAG to 2026-04-30T02:03:58.245522+00:00, run_after=2026-04-30T02:04:28.245522+00:00
[2026-04-30T02:04:28.278+0000] {processor.py:179} INFO - Processing /opt/airflow/dags/ingest_local_folder_dag.py took 0.453 seconds
[2026-04-30T02:04:59.028+0000] {processor.py:157} INFO - Started process (PID=2825) to work on /opt/airflow/dags/ingest_local_folder_dag.py
[2026-04-30T02:04:59.031+0000] {processor.py:829} INFO - Processing file /opt/airflow/dags/ingest_local_folder_dag.py for tasks to queue
[2026-04-30T02:04:59.032+0000] {logging_mixin.py:151} INFO - [2026-04-30T02:04:59.031+0000] {dagbag.py:539} INFO - Filling up the DagBag from /opt/airflow/dags/ingest_local_folder_dag.py
[2026-04-30T02:04:59.432+0000] {processor.py:839} INFO - DAG(s) dict_keys(['ingestionDAG']) retrieved from /opt/airflow/dags/ingest_local_folder_dag.py
[2026-04-30T02:04:59.474+0000] {logging_mixin.py:151} INFO - [2026-04-30T02:04:59.474+0000] {dag.py:2915} INFO - Sync 1 DAGs
[2026-04-30T02:04:59.500+0000] {logging_mixin.py:151} INFO - [2026-04-30T02:04:59.500+0000] {dag.py:3696} INFO - Setting next_dagrun for ingestionDAG to 2026-04-30T02:04:29.500046+00:00, run_after=2026-04-30T02:04:59.500046+00:00
[2026-04-30T02:04:59.519+0000] {processor.py:179} INFO - Processing /opt/airflow/dags/ingest_local_folder_dag.py took 0.501 seconds
[2026-04-30T02:05:30.374+0000] {processor.py:157} INFO - Started process (PID=2843) to work on /opt/airflow/dags/ingest_local_folder_dag.py
[2026-04-30T02:05:30.376+0000] {processor.py:829} INFO - Processing file /opt/airflow/dags/ingest_local_folder_dag.py for tasks to queue
[2026-04-30T02:05:30.378+0000] {logging_mixin.py:151} INFO - [2026-04-30T02:05:30.378+0000] {dagbag.py:539} INFO - Filling up the DagBag from /opt/airflow/dags/ingest_local_folder_dag.py
[2026-04-30T02:05:30.611+0000] {processor.py:839} INFO - DAG(s) dict_keys(['ingestionDAG']) retrieved from /opt/airflow/dags/ingest_local_folder_dag.py
[2026-04-30T02:05:30.644+0000] {logging_mixin.py:151} INFO - [2026-04-30T02:05:30.644+0000] {dag.py:2915} INFO - Sync 1 DAGs
[2026-04-30T02:05:30.667+0000] {logging_mixin.py:151} INFO - [2026-04-30T02:05:30.667+0000] {dag.py:3696} INFO - Setting next_dagrun for ingestionDAG to 2026-04-30T02:05:00.667154+00:00, run_after=2026-04-30T02:05:30.667154+00:00
[2026-04-30T02:05:30.684+0000] {processor.py:179} INFO - Processing /opt/airflow/dags/ingest_local_folder_dag.py took 0.316 seconds
[2026-04-30T02:06:00.913+0000] {processor.py:157} INFO - Started process (PID=2861) to work on /opt/airflow/dags/ingest_local_folder_dag.py
[2026-04-30T02:06:00.914+0000] {processor.py:829} INFO - Processing file /opt/airflow/dags/ingest_local_folder_dag.py for tasks to queue
[2026-04-30T02:06:00.915+0000] {logging_mixin.py:151} INFO - [2026-04-30T02:06:00.914+0000] {dagbag.py:539} INFO - Filling up the DagBag from /opt/airflow/dags/ingest_local_folder_dag.py
[2026-04-30T02:06:01.176+0000] {processor.py:839} INFO - DAG(s) dict_keys(['ingestionDAG']) retrieved from /opt/airflow/dags/ingest_local_folder_dag.py
[2026-04-30T02:06:01.211+0000] {logging_mixin.py:151} INFO - [2026-04-30T02:06:01.211+0000] {dag.py:2915} INFO - Sync 1 DAGs
[2026-04-30T02:06:01.237+0000] {logging_mixin.py:151} INFO - [2026-04-30T02:06:01.237+0000] {dag.py:3696} INFO - Setting next_dagrun for ingestionDAG to 2026-04-30T02:05:31.236754+00:00, run_after=2026-04-30T02:06:01.236754+00:00
[2026-04-30T02:06:01.257+0000] {processor.py:179} INFO - Processing /opt/airflow/dags/ingest_local_folder_dag.py took 0.351 seconds
[2026-04-30T02:06:31.526+0000] {processor.py:157} INFO - Started process (PID=2879) to work on /opt/airflow/dags/ingest_local_folder_dag.py
[2026-04-30T02:06:31.527+0000] {processor.py:829} INFO - Processing file /opt/airflow/dags/ingest_local_folder_dag.py for tasks to queue
[2026-04-30T02:06:31.528+0000] {logging_mixin.py:151} INFO - [2026-04-30T02:06:31.528+0000] {dagbag.py:539} INFO - Filling up the DagBag from /opt/airflow/dags/ingest_local_folder_dag.py
[2026-04-30T02:06:31.751+0000] {processor.py:839} INFO - DAG(s) dict_keys(['ingestionDAG']) retrieved from /opt/airflow/dags/ingest_local_folder_dag.py
[2026-04-30T02:06:31.797+0000] {logging_mixin.py:151} INFO - [2026-04-30T02:06:31.797+0000] {dag.py:2915} INFO - Sync 1 DAGs
[2026-04-30T02:06:31.829+0000] {logging_mixin.py:151} INFO - [2026-04-30T02:06:31.829+0000] {dag.py:3696} INFO - Setting next_dagrun for ingestionDAG to 2026-04-30T02:06:01.829451+00:00, run_after=2026-04-30T02:06:31.829451+00:00
[2026-04-30T02:06:31.848+0000] {processor.py:179} INFO - Processing /opt/airflow/dags/ingest_local_folder_dag.py took 0.331 seconds
[2026-04-30T02:07:01.974+0000] {processor.py:157} INFO - Started process (PID=2901) to work on /opt/airflow/dags/ingest_local_folder_dag.py
[2026-04-30T02:07:01.975+0000] {processor.py:829} INFO - Processing file /opt/airflow/dags/ingest_local_folder_dag.py for tasks to queue
[2026-04-30T02:07:01.977+0000] {logging_mixin.py:151} INFO - [2026-04-30T02:07:01.977+0000] {dagbag.py:539} INFO - Filling up the DagBag from /opt/airflow/dags/ingest_local_folder_dag.py
[2026-04-30T02:07:02.445+0000] {processor.py:839} INFO - DAG(s) dict_keys(['ingestionDAG']) retrieved from /opt/airflow/dags/ingest_local_folder_dag.py
[2026-04-30T02:07:02.497+0000] {logging_mixin.py:151} INFO - [2026-04-30T02:07:02.496+0000] {dag.py:2915} INFO - Sync 1 DAGs
[2026-04-30T02:07:02.537+0000] {logging_mixin.py:151} INFO - [2026-04-30T02:07:02.537+0000] {dag.py:3696} INFO - Setting next_dagrun for ingestionDAG to 2026-04-30T02:06:32.537457+00:00, run_after=2026-04-30T02:07:02.537457+00:00
[2026-04-30T02:07:02.574+0000] {processor.py:179} INFO - Processing /opt/airflow/dags/ingest_local_folder_dag.py took 0.609 seconds
[2026-04-30T02:07:33.126+0000] {processor.py:157} INFO - Started process (PID=2919) to work on /opt/airflow/dags/ingest_local_folder_dag.py
[2026-04-30T02:07:33.131+0000] {processor.py:829} INFO - Processing file /opt/airflow/dags/ingest_local_folder_dag.py for tasks to queue
[2026-04-30T02:07:33.134+0000] {logging_mixin.py:151} INFO - [2026-04-30T02:07:33.134+0000] {dagbag.py:539} INFO - Filling up the DagBag from /opt/airflow/dags/ingest_local_folder_dag.py
[2026-04-30T02:07:33.567+0000] {processor.py:839} INFO - DAG(s) dict_keys(['ingestionDAG']) retrieved from /opt/airflow/dags/ingest_local_folder_dag.py
[2026-04-30T02:07:33.606+0000] {logging_mixin.py:151} INFO - [2026-04-30T02:07:33.605+0000] {dag.py:2915} INFO - Sync 1 DAGs
[2026-04-30T02:07:33.630+0000] {logging_mixin.py:151} INFO - [2026-04-30T02:07:33.630+0000] {dag.py:3696} INFO - Setting next_dagrun for ingestionDAG to 2026-04-30T02:07:03.630306+00:00, run_after=2026-04-30T02:07:33.630306+00:00
[2026-04-30T02:07:33.649+0000] {processor.py:179} INFO - Processing /opt/airflow/dags/ingest_local_folder_dag.py took 0.530 seconds
[2026-04-30T02:08:03.754+0000] {processor.py:157} INFO - Started process (PID=2937) to work on /opt/airflow/dags/ingest_local_folder_dag.py
[2026-04-30T02:08:03.756+0000] {processor.py:829} INFO - Processing file /opt/airflow/dags/ingest_local_folder_dag.py for tasks to queue
[2026-04-30T02:08:03.757+0000] {logging_mixin.py:151} INFO - [2026-04-30T02:08:03.757+0000] {dagbag.py:539} INFO - Filling up the DagBag from /opt/airflow/dags/ingest_local_folder_dag.py
[2026-04-30T02:08:03.982+0000] {processor.py:839} INFO - DAG(s) dict_keys(['ingestionDAG']) retrieved from /opt/airflow/dags/ingest_local_folder_dag.py
[2026-04-30T02:08:04.039+0000] {logging_mixin.py:151} INFO - [2026-04-30T02:08:04.039+0000] {dag.py:2915} INFO - Sync 1 DAGs
[2026-04-30T02:08:04.077+0000] {logging_mixin.py:151} INFO - [2026-04-30T02:08:04.076+0000] {dag.py:3696} INFO - Setting next_dagrun for ingestionDAG to 2026-04-30T02:07:34.076667+00:00, run_after=2026-04-30T02:08:04.076667+00:00
[2026-04-30T02:08:04.103+0000] {processor.py:179} INFO - Processing /opt/airflow/dags/ingest_local_folder_dag.py took 0.356 seconds
[2026-04-30T02:08:35.094+0000] {processor.py:157} INFO - Started process (PID=2955) to work on /opt/airflow/dags/ingest_local_folder_dag.py
[2026-04-30T02:08:35.097+0000] {processor.py:829} INFO - Processing file /opt/airflow/dags/ingest_local_folder_dag.py for tasks to queue
[2026-04-30T02:08:35.099+0000] {logging_mixin.py:151} INFO - [2026-04-30T02:08:35.099+0000] {dagbag.py:539} INFO - Filling up the DagBag from /opt/airflow/dags/ingest_local_folder_dag.py
[2026-04-30T02:08:35.456+0000] {processor.py:839} INFO - DAG(s) dict_keys(['ingestionDAG']) retrieved from /opt/airflow/dags/ingest_local_folder_dag.py
[2026-04-30T02:08:35.487+0000] {logging_mixin.py:151} INFO - [2026-04-30T02:08:35.486+0000] {dag.py:2915} INFO - Sync 1 DAGs
[2026-04-30T02:08:35.511+0000] {logging_mixin.py:151} INFO - [2026-04-30T02:08:35.511+0000] {dag.py:3696} INFO - Setting next_dagrun for ingestionDAG to 2026-04-30T02:08:05.510968+00:00, run_after=2026-04-30T02:08:35.510968+00:00
[2026-04-30T02:08:35.530+0000] {processor.py:179} INFO - Processing /opt/airflow/dags/ingest_local_folder_dag.py took 0.443 seconds
[2026-04-30T02:09:05.784+0000] {processor.py:157} INFO - Started process (PID=2977) to work on /opt/airflow/dags/ingest_local_folder_dag.py
[2026-04-30T02:09:05.785+0000] {processor.py:829} INFO - Processing file /opt/airflow/dags/ingest_local_folder_dag.py for tasks to queue
[2026-04-30T02:09:05.786+0000] {logging_mixin.py:151} INFO - [2026-04-30T02:09:05.786+0000] {dagbag.py:539} INFO - Filling up the DagBag from /opt/airflow/dags/ingest_local_folder_dag.py
[2026-04-30T02:09:05.975+0000] {processor.py:839} INFO - DAG(s) dict_keys(['ingestionDAG']) retrieved from /opt/airflow/dags/ingest_local_folder_dag.py
[2026-04-30T02:09:06.009+0000] {logging_mixin.py:151} INFO - [2026-04-30T02:09:06.009+0000] {dag.py:2915} INFO - Sync 1 DAGs
[2026-04-30T02:09:06.030+0000] {logging_mixin.py:151} INFO - [2026-04-30T02:09:06.030+0000] {dag.py:3696} INFO - Setting next_dagrun for ingestionDAG to 2026-04-30T02:08:36.030517+00:00, run_after=2026-04-30T02:09:06.030517+00:00
[2026-04-30T02:09:06.047+0000] {processor.py:179} INFO - Processing /opt/airflow/dags/ingest_local_folder_dag.py took 0.266 seconds
[2026-04-30T02:09:36.661+0000] {processor.py:157} INFO - Started process (PID=2995) to work on /opt/airflow/dags/ingest_local_folder_dag.py
[2026-04-30T02:09:36.662+0000] {processor.py:829} INFO - Processing file /opt/airflow/dags/ingest_local_folder_dag.py for tasks to queue
[2026-04-30T02:09:36.663+0000] {logging_mixin.py:151} INFO - [2026-04-30T02:09:36.663+0000] {dagbag.py:539} INFO - Filling up the DagBag from /opt/airflow/dags/ingest_local_folder_dag.py
[2026-04-30T02:09:36.852+0000] {processor.py:839} INFO - DAG(s) dict_keys(['ingestionDAG']) retrieved from /opt/airflow/dags/ingest_local_folder_dag.py
[2026-04-30T02:09:36.887+0000] {logging_mixin.py:151} INFO - [2026-04-30T02:09:36.887+0000] {dag.py:2915} INFO - Sync 1 DAGs
[2026-04-30T02:09:36.909+0000] {logging_mixin.py:151} INFO - [2026-04-30T02:09:36.909+0000] {dag.py:3696} INFO - Setting next_dagrun for ingestionDAG to 2026-04-30T02:09:06.908867+00:00, run_after=2026-04-30T02:09:36.908867+00:00
[2026-04-30T02:09:36.926+0000] {processor.py:179} INFO - Processing /opt/airflow/dags/ingest_local_folder_dag.py took 0.269 seconds
[2026-04-30T02:10:07.175+0000] {processor.py:157} INFO - Started process (PID=3016) to work on /opt/airflow/dags/ingest_local_folder_dag.py
[2026-04-30T02:10:07.176+0000] {processor.py:829} INFO - Processing file /opt/airflow/dags/ingest_local_folder_dag.py for tasks to queue
[2026-04-30T02:10:07.177+0000] {logging_mixin.py:151} INFO - [2026-04-30T02:10:07.177+0000] {dagbag.py:539} INFO - Filling up the DagBag from /opt/airflow/dags/ingest_local_folder_dag.py
[2026-04-30T02:10:07.390+0000] {processor.py:839} INFO - DAG(s) dict_keys(['ingestionDAG']) retrieved from /opt/airflow/dags/ingest_local_folder_dag.py
[2026-04-30T02:10:07.426+0000] {logging_mixin.py:151} INFO - [2026-04-30T02:10:07.426+0000] {dag.py:2915} INFO - Sync 1 DAGs
[2026-04-30T02:10:07.453+0000] {logging_mixin.py:151} INFO - [2026-04-30T02:10:07.452+0000] {dag.py:3696} INFO - Setting next_dagrun for ingestionDAG to 2026-04-30T02:09:37.452707+00:00, run_after=2026-04-30T02:10:07.452707+00:00
[2026-04-30T02:10:07.474+0000] {processor.py:179} INFO - Processing /opt/airflow/dags/ingest_local_folder_dag.py took 0.303 seconds
[2026-04-30T02:10:38.161+0000] {processor.py:157} INFO - Started process (PID=3037) to work on /opt/airflow/dags/ingest_local_folder_dag.py
[2026-04-30T02:10:38.162+0000] {processor.py:829} INFO - Processing file /opt/airflow/dags/ingest_local_folder_dag.py for tasks to queue
[2026-04-30T02:10:38.163+0000] {logging_mixin.py:151} INFO - [2026-04-30T02:10:38.162+0000] {dagbag.py:539} INFO - Filling up the DagBag from /opt/airflow/dags/ingest_local_folder_dag.py
[2026-04-30T02:10:38.381+0000] {processor.py:839} INFO - DAG(s) dict_keys(['ingestionDAG']) retrieved from /opt/airflow/dags/ingest_local_folder_dag.py
[2026-04-30T02:10:38.421+0000] {logging_mixin.py:151} INFO - [2026-04-30T02:10:38.421+0000] {dag.py:2915} INFO - Sync 1 DAGs
[2026-04-30T02:10:38.447+0000] {logging_mixin.py:151} INFO - [2026-04-30T02:10:38.447+0000] {dag.py:3696} INFO - Setting next_dagrun for ingestionDAG to 2026-04-30T02:10:08.446777+00:00, run_after=2026-04-30T02:10:38.446777+00:00
[2026-04-30T02:10:38.469+0000] {processor.py:179} INFO - Processing /opt/airflow/dags/ingest_local_folder_dag.py took 0.311 seconds
[2026-04-30T02:11:08.661+0000] {processor.py:157} INFO - Started process (PID=3055) to work on /opt/airflow/dags/ingest_local_folder_dag.py
[2026-04-30T02:11:08.663+0000] {processor.py:829} INFO - Processing file /opt/airflow/dags/ingest_local_folder_dag.py for tasks to queue
[2026-04-30T02:11:08.664+0000] {logging_mixin.py:151} INFO - [2026-04-30T02:11:08.663+0000] {dagbag.py:539} INFO - Filling up the DagBag from /opt/airflow/dags/ingest_local_folder_dag.py
[2026-04-30T02:11:08.880+0000] {processor.py:839} INFO - DAG(s) dict_keys(['ingestionDAG']) retrieved from /opt/airflow/dags/ingest_local_folder_dag.py
[2026-04-30T02:11:08.917+0000] {logging_mixin.py:151} INFO - [2026-04-30T02:11:08.917+0000] {dag.py:2915} INFO - Sync 1 DAGs
[2026-04-30T02:11:08.942+0000] {logging_mixin.py:151} INFO - [2026-04-30T02:11:08.942+0000] {dag.py:3696} INFO - Setting next_dagrun for ingestionDAG to 2026-04-30T02:10:38.941919+00:00, run_after=2026-04-30T02:11:08.941919+00:00
[2026-04-30T02:11:08.962+0000] {processor.py:179} INFO - Processing /opt/airflow/dags/ingest_local_folder_dag.py took 0.305 seconds
[2026-04-30T02:11:39.534+0000] {processor.py:157} INFO - Started process (PID=3076) to work on /opt/airflow/dags/ingest_local_folder_dag.py
[2026-04-30T02:11:39.535+0000] {processor.py:829} INFO - Processing file /opt/airflow/dags/ingest_local_folder_dag.py for tasks to queue
[2026-04-30T02:11:39.536+0000] {logging_mixin.py:151} INFO - [2026-04-30T02:11:39.535+0000] {dagbag.py:539} INFO - Filling up the DagBag from /opt/airflow/dags/ingest_local_folder_dag.py
[2026-04-30T02:11:39.722+0000] {processor.py:839} INFO - DAG(s) dict_keys(['ingestionDAG']) retrieved from /opt/airflow/dags/ingest_local_folder_dag.py
[2026-04-30T02:11:39.755+0000] {logging_mixin.py:151} INFO - [2026-04-30T02:11:39.755+0000] {dag.py:2915} INFO - Sync 1 DAGs
[2026-04-30T02:11:39.778+0000] {logging_mixin.py:151} INFO - [2026-04-30T02:11:39.778+0000] {dag.py:3696} INFO - Setting next_dagrun for ingestionDAG to 2026-04-30T02:11:09.778435+00:00, run_after=2026-04-30T02:11:39.778435+00:00
[2026-04-30T02:11:39.795+0000] {processor.py:179} INFO - Processing /opt/airflow/dags/ingest_local_folder_dag.py took 0.264 seconds
[2026-04-30T02:12:10.059+0000] {processor.py:157} INFO - Started process (PID=3097) to work on /opt/airflow/dags/ingest_local_folder_dag.py
[2026-04-30T02:12:10.063+0000] {processor.py:829} INFO - Processing file /opt/airflow/dags/ingest_local_folder_dag.py for tasks to queue
[2026-04-30T02:12:10.064+0000] {logging_mixin.py:151} INFO - [2026-04-30T02:12:10.063+0000] {dagbag.py:539} INFO - Filling up the DagBag from /opt/airflow/dags/ingest_local_folder_dag.py
[2026-04-30T02:12:10.272+0000] {processor.py:839} INFO - DAG(s) dict_keys(['ingestionDAG']) retrieved from /opt/airflow/dags/ingest_local_folder_dag.py
[2026-04-30T02:12:10.303+0000] {logging_mixin.py:151} INFO - [2026-04-30T02:12:10.303+0000] {dag.py:2915} INFO - Sync 1 DAGs
[2026-04-30T02:12:10.324+0000] {logging_mixin.py:151} INFO - [2026-04-30T02:12:10.324+0000] {dag.py:3696} INFO - Setting next_dagrun for ingestionDAG to 2026-04-30T02:11:40.324244+00:00, run_after=2026-04-30T02:12:10.324244+00:00
[2026-04-30T02:12:10.342+0000] {processor.py:179} INFO - Processing /opt/airflow/dags/ingest_local_folder_dag.py took 0.289 seconds
[2026-04-30T02:12:40.976+0000] {processor.py:157} INFO - Started process (PID=3115) to work on /opt/airflow/dags/ingest_local_folder_dag.py
[2026-04-30T02:12:40.977+0000] {processor.py:829} INFO - Processing file /opt/airflow/dags/ingest_local_folder_dag.py for tasks to queue
[2026-04-30T02:12:40.977+0000] {logging_mixin.py:151} INFO - [2026-04-30T02:12:40.977+0000] {dagbag.py:539} INFO - Filling up the DagBag from /opt/airflow/dags/ingest_local_folder_dag.py
[2026-04-30T02:12:41.157+0000] {processor.py:839} INFO - DAG(s) dict_keys(['ingestionDAG']) retrieved from /opt/airflow/dags/ingest_local_folder_dag.py
[2026-04-30T02:12:41.190+0000] {logging_mixin.py:151} INFO - [2026-04-30T02:12:41.190+0000] {dag.py:2915} INFO - Sync 1 DAGs
[2026-04-30T02:12:41.211+0000] {logging_mixin.py:151} INFO - [2026-04-30T02:12:41.210+0000] {dag.py:3696} INFO - Setting next_dagrun for ingestionDAG to 2026-04-30T02:12:11.210729+00:00, run_after=2026-04-30T02:12:41.210729+00:00
[2026-04-30T02:12:41.226+0000] {processor.py:179} INFO - Processing /opt/airflow/dags/ingest_local_folder_dag.py took 0.254 seconds
[2026-04-30T02:13:11.466+0000] {processor.py:157} INFO - Started process (PID=3133) to work on /opt/airflow/dags/ingest_local_folder_dag.py
[2026-04-30T02:13:11.468+0000] {processor.py:829} INFO - Processing file /opt/airflow/dags/ingest_local_folder_dag.py for tasks to queue
[2026-04-30T02:13:11.469+0000] {logging_mixin.py:151} INFO - [2026-04-30T02:13:11.468+0000] {dagbag.py:539} INFO - Filling up the DagBag from /opt/airflow/dags/ingest_local_folder_dag.py
[2026-04-30T02:13:11.678+0000] {processor.py:839} INFO - DAG(s) dict_keys(['ingestionDAG']) retrieved from /opt/airflow/dags/ingest_local_folder_dag.py
[2026-04-30T02:13:11.715+0000] {logging_mixin.py:151} INFO - [2026-04-30T02:13:11.715+0000] {dag.py:2915} INFO - Sync 1 DAGs
[2026-04-30T02:13:11.742+0000] {logging_mixin.py:151} INFO - [2026-04-30T02:13:11.741+0000] {dag.py:3696} INFO - Setting next_dagrun for ingestionDAG to 2026-04-30T02:12:41.741596+00:00, run_after=2026-04-30T02:13:11.741596+00:00
[2026-04-30T02:13:11.763+0000] {processor.py:179} INFO - Processing /opt/airflow/dags/ingest_local_folder_dag.py took 0.300 seconds
[2026-04-30T02:15:01.538+0000] {processor.py:157} INFO - Started process (PID=177) to work on /opt/airflow/dags/ingest_local_folder_dag.py
[2026-04-30T02:15:01.541+0000] {processor.py:829} INFO - Processing file /opt/airflow/dags/ingest_local_folder_dag.py for tasks to queue
[2026-04-30T02:15:01.542+0000] {logging_mixin.py:151} INFO - [2026-04-30T02:15:01.541+0000] {dagbag.py:539} INFO - Filling up the DagBag from /opt/airflow/dags/ingest_local_folder_dag.py
[2026-04-30T02:15:01.938+0000] {processor.py:839} INFO - DAG(s) dict_keys(['ingestionDAG']) retrieved from /opt/airflow/dags/ingest_local_folder_dag.py
[2026-04-30T02:15:02.011+0000] {logging_mixin.py:151} INFO - [2026-04-30T02:15:02.011+0000] {dag.py:2915} INFO - Sync 1 DAGs
[2026-04-30T02:15:02.062+0000] {logging_mixin.py:151} INFO - [2026-04-30T02:15:02.062+0000] {dag.py:3696} INFO - Setting next_dagrun for ingestionDAG to 2026-04-30T02:14:32.062210+00:00, run_after=2026-04-30T02:15:02.062210+00:00
[2026-04-30T02:15:02.096+0000] {processor.py:179} INFO - Processing /opt/airflow/dags/ingest_local_folder_dag.py took 0.568 seconds
[2026-04-30T02:15:32.253+0000] {processor.py:157} INFO - Started process (PID=209) to work on /opt/airflow/dags/ingest_local_folder_dag.py
[2026-04-30T02:15:32.253+0000] {processor.py:829} INFO - Processing file /opt/airflow/dags/ingest_local_folder_dag.py for tasks to queue
[2026-04-30T02:15:32.254+0000] {logging_mixin.py:151} INFO - [2026-04-30T02:15:32.254+0000] {dagbag.py:539} INFO - Filling up the DagBag from /opt/airflow/dags/ingest_local_folder_dag.py
[2026-04-30T02:15:32.454+0000] {processor.py:839} INFO - DAG(s) dict_keys(['ingestionDAG']) retrieved from /opt/airflow/dags/ingest_local_folder_dag.py
[2026-04-30T02:15:32.487+0000] {logging_mixin.py:151} INFO - [2026-04-30T02:15:32.487+0000] {dag.py:2915} INFO - Sync 1 DAGs
[2026-04-30T02:15:32.509+0000] {logging_mixin.py:151} INFO - [2026-04-30T02:15:32.509+0000] {dag.py:3696} INFO - Setting next_dagrun for ingestionDAG to 2026-04-30T02:15:02.509438+00:00, run_after=2026-04-30T02:15:32.509438+00:00
[2026-04-30T02:15:32.526+0000] {processor.py:179} INFO - Processing /opt/airflow/dags/ingest_local_folder_dag.py took 0.278 seconds
[2026-04-30T02:16:02.587+0000] {processor.py:157} INFO - Started process (PID=229) to work on /opt/airflow/dags/ingest_local_folder_dag.py
[2026-04-30T02:16:02.588+0000] {processor.py:829} INFO - Processing file /opt/airflow/dags/ingest_local_folder_dag.py for tasks to queue
[2026-04-30T02:16:02.589+0000] {logging_mixin.py:151} INFO - [2026-04-30T02:16:02.588+0000] {dagbag.py:539} INFO - Filling up the DagBag from /opt/airflow/dags/ingest_local_folder_dag.py
[2026-04-30T02:16:02.769+0000] {processor.py:839} INFO - DAG(s) dict_keys(['ingestionDAG']) retrieved from /opt/airflow/dags/ingest_local_folder_dag.py
[2026-04-30T02:16:02.800+0000] {logging_mixin.py:151} INFO - [2026-04-30T02:16:02.800+0000] {dag.py:2915} INFO - Sync 1 DAGs
[2026-04-30T02:16:02.820+0000] {logging_mixin.py:151} INFO - [2026-04-30T02:16:02.820+0000] {dag.py:3696} INFO - Setting next_dagrun for ingestionDAG to 2026-04-30T02:15:32.820249+00:00, run_after=2026-04-30T02:16:02.820249+00:00
[2026-04-30T02:16:02.837+0000] {processor.py:179} INFO - Processing /opt/airflow/dags/ingest_local_folder_dag.py took 0.254 seconds
