[2026-01-16T16:28:32.379+0000] {processor.py:157} INFO - Started process (PID=5635) to work on /opt/airflow/dags/dispatcher_pipeline_dag.py
[2026-01-16T16:28:32.392+0000] {processor.py:829} INFO - Processing file /opt/airflow/dags/dispatcher_pipeline_dag.py for tasks to queue
[2026-01-16T16:28:32.414+0000] {logging_mixin.py:151} INFO - [2026-01-16T16:28:32.404+0000] {dagbag.py:539} INFO - Filling up the DagBag from /opt/airflow/dags/dispatcher_pipeline_dag.py
[2026-01-16T16:28:35.333+0000] {processor.py:839} INFO - DAG(s) dict_keys(['distillationDAG']) retrieved from /opt/airflow/dags/dispatcher_pipeline_dag.py
[2026-01-16T16:28:35.428+0000] {logging_mixin.py:151} INFO - [2026-01-16T16:28:35.427+0000] {dag.py:2915} INFO - Sync 1 DAGs
[2026-01-16T16:28:35.909+0000] {processor.py:179} INFO - Processing /opt/airflow/dags/dispatcher_pipeline_dag.py took 3.549 seconds
[2026-01-16T16:29:06.062+0000] {processor.py:157} INFO - Started process (PID=5653) to work on /opt/airflow/dags/dispatcher_pipeline_dag.py
[2026-01-16T16:29:06.065+0000] {processor.py:829} INFO - Processing file /opt/airflow/dags/dispatcher_pipeline_dag.py for tasks to queue
[2026-01-16T16:29:06.067+0000] {logging_mixin.py:151} INFO - [2026-01-16T16:29:06.066+0000] {dagbag.py:539} INFO - Filling up the DagBag from /opt/airflow/dags/dispatcher_pipeline_dag.py
[2026-01-16T16:29:07.550+0000] {processor.py:839} INFO - DAG(s) dict_keys(['distillationDAG']) retrieved from /opt/airflow/dags/dispatcher_pipeline_dag.py
[2026-01-16T16:29:07.638+0000] {logging_mixin.py:151} INFO - [2026-01-16T16:29:07.637+0000] {dag.py:2915} INFO - Sync 1 DAGs
[2026-01-16T16:29:08.019+0000] {logging_mixin.py:151} INFO - [2026-01-16T16:29:08.018+0000] {dag.py:3696} INFO - Setting next_dagrun for distillationDAG to 2026-01-16T16:28:39.439039+00:00, run_after=2026-01-16T16:29:24.439039+00:00
[2026-01-16T16:29:08.059+0000] {processor.py:179} INFO - Processing /opt/airflow/dags/dispatcher_pipeline_dag.py took 2.007 seconds
[2026-01-16T16:39:48.694+0000] {processor.py:157} INFO - Started process (PID=169) to work on /opt/airflow/dags/dispatcher_pipeline_dag.py
[2026-01-16T16:39:48.699+0000] {processor.py:829} INFO - Processing file /opt/airflow/dags/dispatcher_pipeline_dag.py for tasks to queue
[2026-01-16T16:39:48.702+0000] {logging_mixin.py:151} INFO - [2026-01-16T16:39:48.701+0000] {dagbag.py:539} INFO - Filling up the DagBag from /opt/airflow/dags/dispatcher_pipeline_dag.py
[2026-01-16T16:39:53.442+0000] {processor.py:839} INFO - DAG(s) dict_keys(['distillationDAG']) retrieved from /opt/airflow/dags/dispatcher_pipeline_dag.py
[2026-01-16T16:39:53.573+0000] {logging_mixin.py:151} INFO - [2026-01-16T16:39:53.572+0000] {dag.py:2915} INFO - Sync 1 DAGs
[2026-01-16T16:39:53.674+0000] {processor.py:179} INFO - Processing /opt/airflow/dags/dispatcher_pipeline_dag.py took 5.005 seconds
[2026-01-16T16:40:24.062+0000] {processor.py:157} INFO - Started process (PID=202) to work on /opt/airflow/dags/dispatcher_pipeline_dag.py
[2026-01-16T16:40:24.066+0000] {processor.py:829} INFO - Processing file /opt/airflow/dags/dispatcher_pipeline_dag.py for tasks to queue
[2026-01-16T16:40:24.076+0000] {logging_mixin.py:151} INFO - [2026-01-16T16:40:24.071+0000] {dagbag.py:539} INFO - Filling up the DagBag from /opt/airflow/dags/dispatcher_pipeline_dag.py
[2026-01-16T16:40:26.022+0000] {processor.py:839} INFO - DAG(s) dict_keys(['distillationDAG']) retrieved from /opt/airflow/dags/dispatcher_pipeline_dag.py
[2026-01-16T16:40:26.103+0000] {logging_mixin.py:151} INFO - [2026-01-16T16:40:26.102+0000] {dag.py:2915} INFO - Sync 1 DAGs
[2026-01-16T16:40:26.158+0000] {logging_mixin.py:151} INFO - [2026-01-16T16:40:26.158+0000] {dag.py:3696} INFO - Setting next_dagrun for distillationDAG to 2026-01-16T16:40:02.052040+00:00, run_after=2026-01-16T16:40:47.052040+00:00
[2026-01-16T16:40:26.203+0000] {processor.py:179} INFO - Processing /opt/airflow/dags/dispatcher_pipeline_dag.py took 2.152 seconds
[2026-01-16T16:40:56.487+0000] {processor.py:157} INFO - Started process (PID=223) to work on /opt/airflow/dags/dispatcher_pipeline_dag.py
[2026-01-16T16:40:56.489+0000] {processor.py:829} INFO - Processing file /opt/airflow/dags/dispatcher_pipeline_dag.py for tasks to queue
[2026-01-16T16:40:56.491+0000] {logging_mixin.py:151} INFO - [2026-01-16T16:40:56.490+0000] {dagbag.py:539} INFO - Filling up the DagBag from /opt/airflow/dags/dispatcher_pipeline_dag.py
[2026-01-16T16:40:58.249+0000] {processor.py:839} INFO - DAG(s) dict_keys(['distillationDAG']) retrieved from /opt/airflow/dags/dispatcher_pipeline_dag.py
[2026-01-16T16:40:58.326+0000] {logging_mixin.py:151} INFO - [2026-01-16T16:40:58.325+0000] {dag.py:2915} INFO - Sync 1 DAGs
[2026-01-16T16:40:58.383+0000] {logging_mixin.py:151} INFO - [2026-01-16T16:40:58.383+0000] {dag.py:3696} INFO - Setting next_dagrun for distillationDAG to 2026-01-16T16:40:47.052040+00:00, run_after=2026-01-16T16:41:32.052040+00:00
[2026-01-16T16:40:58.421+0000] {processor.py:179} INFO - Processing /opt/airflow/dags/dispatcher_pipeline_dag.py took 1.944 seconds
[2026-01-16T16:41:28.833+0000] {processor.py:157} INFO - Started process (PID=241) to work on /opt/airflow/dags/dispatcher_pipeline_dag.py
[2026-01-16T16:41:28.835+0000] {processor.py:829} INFO - Processing file /opt/airflow/dags/dispatcher_pipeline_dag.py for tasks to queue
[2026-01-16T16:41:28.837+0000] {logging_mixin.py:151} INFO - [2026-01-16T16:41:28.836+0000] {dagbag.py:539} INFO - Filling up the DagBag from /opt/airflow/dags/dispatcher_pipeline_dag.py
[2026-01-16T16:41:30.607+0000] {processor.py:839} INFO - DAG(s) dict_keys(['distillationDAG']) retrieved from /opt/airflow/dags/dispatcher_pipeline_dag.py
[2026-01-16T16:41:30.684+0000] {logging_mixin.py:151} INFO - [2026-01-16T16:41:30.683+0000] {dag.py:2915} INFO - Sync 1 DAGs
[2026-01-16T16:41:30.739+0000] {logging_mixin.py:151} INFO - [2026-01-16T16:41:30.738+0000] {dag.py:3696} INFO - Setting next_dagrun for distillationDAG to 2026-01-16T16:40:47.052040+00:00, run_after=2026-01-16T16:41:32.052040+00:00
[2026-01-16T16:41:30.778+0000] {processor.py:179} INFO - Processing /opt/airflow/dags/dispatcher_pipeline_dag.py took 1.955 seconds
[2026-01-16T16:42:01.087+0000] {processor.py:157} INFO - Started process (PID=257) to work on /opt/airflow/dags/dispatcher_pipeline_dag.py
[2026-01-16T16:42:01.089+0000] {processor.py:829} INFO - Processing file /opt/airflow/dags/dispatcher_pipeline_dag.py for tasks to queue
[2026-01-16T16:42:01.092+0000] {logging_mixin.py:151} INFO - [2026-01-16T16:42:01.091+0000] {dagbag.py:539} INFO - Filling up the DagBag from /opt/airflow/dags/dispatcher_pipeline_dag.py
[2026-01-16T16:42:02.865+0000] {processor.py:839} INFO - DAG(s) dict_keys(['distillationDAG']) retrieved from /opt/airflow/dags/dispatcher_pipeline_dag.py
[2026-01-16T16:42:02.943+0000] {logging_mixin.py:151} INFO - [2026-01-16T16:42:02.942+0000] {dag.py:2915} INFO - Sync 1 DAGs
[2026-01-16T16:42:02.996+0000] {logging_mixin.py:151} INFO - [2026-01-16T16:42:02.995+0000] {dag.py:3696} INFO - Setting next_dagrun for distillationDAG to 2026-01-16T16:41:32.052040+00:00, run_after=2026-01-16T16:42:17.052040+00:00
[2026-01-16T16:42:03.035+0000] {processor.py:179} INFO - Processing /opt/airflow/dags/dispatcher_pipeline_dag.py took 1.959 seconds
[2026-01-16T16:42:33.394+0000] {processor.py:157} INFO - Started process (PID=273) to work on /opt/airflow/dags/dispatcher_pipeline_dag.py
[2026-01-16T16:42:33.397+0000] {processor.py:829} INFO - Processing file /opt/airflow/dags/dispatcher_pipeline_dag.py for tasks to queue
[2026-01-16T16:42:33.400+0000] {logging_mixin.py:151} INFO - [2026-01-16T16:42:33.399+0000] {dagbag.py:539} INFO - Filling up the DagBag from /opt/airflow/dags/dispatcher_pipeline_dag.py
[2026-01-16T16:42:35.154+0000] {processor.py:839} INFO - DAG(s) dict_keys(['distillationDAG']) retrieved from /opt/airflow/dags/dispatcher_pipeline_dag.py
[2026-01-16T16:42:35.230+0000] {logging_mixin.py:151} INFO - [2026-01-16T16:42:35.229+0000] {dag.py:2915} INFO - Sync 1 DAGs
[2026-01-16T16:42:35.282+0000] {logging_mixin.py:151} INFO - [2026-01-16T16:42:35.282+0000] {dag.py:3696} INFO - Setting next_dagrun for distillationDAG to 2026-01-16T16:42:17.052040+00:00, run_after=2026-01-16T16:43:02.052040+00:00
[2026-01-16T16:42:35.321+0000] {processor.py:179} INFO - Processing /opt/airflow/dags/dispatcher_pipeline_dag.py took 1.936 seconds
[2026-01-16T16:43:05.624+0000] {processor.py:157} INFO - Started process (PID=289) to work on /opt/airflow/dags/dispatcher_pipeline_dag.py
[2026-01-16T16:43:05.627+0000] {processor.py:829} INFO - Processing file /opt/airflow/dags/dispatcher_pipeline_dag.py for tasks to queue
[2026-01-16T16:43:05.629+0000] {logging_mixin.py:151} INFO - [2026-01-16T16:43:05.628+0000] {dagbag.py:539} INFO - Filling up the DagBag from /opt/airflow/dags/dispatcher_pipeline_dag.py
[2026-01-16T16:43:07.347+0000] {processor.py:839} INFO - DAG(s) dict_keys(['distillationDAG']) retrieved from /opt/airflow/dags/dispatcher_pipeline_dag.py
[2026-01-16T16:43:07.422+0000] {logging_mixin.py:151} INFO - [2026-01-16T16:43:07.421+0000] {dag.py:2915} INFO - Sync 1 DAGs
[2026-01-16T16:43:07.478+0000] {logging_mixin.py:151} INFO - [2026-01-16T16:43:07.478+0000] {dag.py:3696} INFO - Setting next_dagrun for distillationDAG to 2026-01-16T16:43:02.052040+00:00, run_after=2026-01-16T16:43:47.052040+00:00
[2026-01-16T16:43:07.517+0000] {processor.py:179} INFO - Processing /opt/airflow/dags/dispatcher_pipeline_dag.py took 1.903 seconds
[2026-01-16T16:43:37.968+0000] {processor.py:157} INFO - Started process (PID=302) to work on /opt/airflow/dags/dispatcher_pipeline_dag.py
[2026-01-16T16:43:37.972+0000] {processor.py:829} INFO - Processing file /opt/airflow/dags/dispatcher_pipeline_dag.py for tasks to queue
[2026-01-16T16:43:37.975+0000] {logging_mixin.py:151} INFO - [2026-01-16T16:43:37.974+0000] {dagbag.py:539} INFO - Filling up the DagBag from /opt/airflow/dags/dispatcher_pipeline_dag.py
[2026-01-16T16:43:39.880+0000] {processor.py:839} INFO - DAG(s) dict_keys(['distillationDAG']) retrieved from /opt/airflow/dags/dispatcher_pipeline_dag.py
[2026-01-16T16:43:39.960+0000] {logging_mixin.py:151} INFO - [2026-01-16T16:43:39.959+0000] {dag.py:2915} INFO - Sync 1 DAGs
[2026-01-16T16:43:40.020+0000] {logging_mixin.py:151} INFO - [2026-01-16T16:43:40.020+0000] {dag.py:3696} INFO - Setting next_dagrun for distillationDAG to 2026-01-16T16:43:02.052040+00:00, run_after=2026-01-16T16:43:47.052040+00:00
[2026-01-16T16:43:40.060+0000] {processor.py:179} INFO - Processing /opt/airflow/dags/dispatcher_pipeline_dag.py took 2.104 seconds
[2026-01-16T16:44:10.344+0000] {processor.py:157} INFO - Started process (PID=318) to work on /opt/airflow/dags/dispatcher_pipeline_dag.py
[2026-01-16T16:44:10.347+0000] {processor.py:829} INFO - Processing file /opt/airflow/dags/dispatcher_pipeline_dag.py for tasks to queue
[2026-01-16T16:44:10.349+0000] {logging_mixin.py:151} INFO - [2026-01-16T16:44:10.348+0000] {dagbag.py:539} INFO - Filling up the DagBag from /opt/airflow/dags/dispatcher_pipeline_dag.py
[2026-01-16T16:44:12.306+0000] {processor.py:839} INFO - DAG(s) dict_keys(['distillationDAG']) retrieved from /opt/airflow/dags/dispatcher_pipeline_dag.py
[2026-01-16T16:44:12.401+0000] {logging_mixin.py:151} INFO - [2026-01-16T16:44:12.400+0000] {dag.py:2915} INFO - Sync 1 DAGs
[2026-01-16T16:44:12.464+0000] {logging_mixin.py:151} INFO - [2026-01-16T16:44:12.463+0000] {dag.py:3696} INFO - Setting next_dagrun for distillationDAG to 2026-01-16T16:43:47.052040+00:00, run_after=2026-01-16T16:44:32.052040+00:00
[2026-01-16T16:44:12.513+0000] {processor.py:179} INFO - Processing /opt/airflow/dags/dispatcher_pipeline_dag.py took 2.181 seconds
[2026-01-16T16:44:42.791+0000] {processor.py:157} INFO - Started process (PID=334) to work on /opt/airflow/dags/dispatcher_pipeline_dag.py
[2026-01-16T16:44:42.794+0000] {processor.py:829} INFO - Processing file /opt/airflow/dags/dispatcher_pipeline_dag.py for tasks to queue
[2026-01-16T16:44:42.798+0000] {logging_mixin.py:151} INFO - [2026-01-16T16:44:42.796+0000] {dagbag.py:539} INFO - Filling up the DagBag from /opt/airflow/dags/dispatcher_pipeline_dag.py
[2026-01-16T16:44:44.691+0000] {processor.py:839} INFO - DAG(s) dict_keys(['distillationDAG']) retrieved from /opt/airflow/dags/dispatcher_pipeline_dag.py
[2026-01-16T16:44:44.768+0000] {logging_mixin.py:151} INFO - [2026-01-16T16:44:44.767+0000] {dag.py:2915} INFO - Sync 1 DAGs
[2026-01-16T16:44:44.822+0000] {logging_mixin.py:151} INFO - [2026-01-16T16:44:44.822+0000] {dag.py:3696} INFO - Setting next_dagrun for distillationDAG to 2026-01-16T16:44:32.052040+00:00, run_after=2026-01-16T16:45:17.052040+00:00
[2026-01-16T16:44:44.862+0000] {processor.py:179} INFO - Processing /opt/airflow/dags/dispatcher_pipeline_dag.py took 2.084 seconds
[2026-01-16T16:45:15.113+0000] {processor.py:157} INFO - Started process (PID=347) to work on /opt/airflow/dags/dispatcher_pipeline_dag.py
[2026-01-16T16:45:15.117+0000] {processor.py:829} INFO - Processing file /opt/airflow/dags/dispatcher_pipeline_dag.py for tasks to queue
[2026-01-16T16:45:15.120+0000] {logging_mixin.py:151} INFO - [2026-01-16T16:45:15.119+0000] {dagbag.py:539} INFO - Filling up the DagBag from /opt/airflow/dags/dispatcher_pipeline_dag.py
[2026-01-16T16:45:17.019+0000] {processor.py:839} INFO - DAG(s) dict_keys(['distillationDAG']) retrieved from /opt/airflow/dags/dispatcher_pipeline_dag.py
[2026-01-16T16:45:17.096+0000] {logging_mixin.py:151} INFO - [2026-01-16T16:45:17.095+0000] {dag.py:2915} INFO - Sync 1 DAGs
[2026-01-16T16:45:17.149+0000] {logging_mixin.py:151} INFO - [2026-01-16T16:45:17.149+0000] {dag.py:3696} INFO - Setting next_dagrun for distillationDAG to 2026-01-16T16:44:32.148656+00:00, run_after=2026-01-16T16:45:17.148656+00:00
[2026-01-16T16:45:17.203+0000] {processor.py:179} INFO - Processing /opt/airflow/dags/dispatcher_pipeline_dag.py took 2.100 seconds
[2026-01-16T16:45:47.484+0000] {processor.py:157} INFO - Started process (PID=363) to work on /opt/airflow/dags/dispatcher_pipeline_dag.py
[2026-01-16T16:45:47.487+0000] {processor.py:829} INFO - Processing file /opt/airflow/dags/dispatcher_pipeline_dag.py for tasks to queue
[2026-01-16T16:45:47.489+0000] {logging_mixin.py:151} INFO - [2026-01-16T16:45:47.488+0000] {dagbag.py:539} INFO - Filling up the DagBag from /opt/airflow/dags/dispatcher_pipeline_dag.py
[2026-01-16T16:45:49.362+0000] {processor.py:839} INFO - DAG(s) dict_keys(['distillationDAG']) retrieved from /opt/airflow/dags/dispatcher_pipeline_dag.py
[2026-01-16T16:45:49.437+0000] {logging_mixin.py:151} INFO - [2026-01-16T16:45:49.436+0000] {dag.py:2915} INFO - Sync 1 DAGs
[2026-01-16T16:45:49.494+0000] {logging_mixin.py:151} INFO - [2026-01-16T16:45:49.493+0000] {dag.py:3696} INFO - Setting next_dagrun for distillationDAG to 2026-01-16T16:45:17.148656+00:00, run_after=2026-01-16T16:46:02.148656+00:00
[2026-01-16T16:45:49.532+0000] {processor.py:179} INFO - Processing /opt/airflow/dags/dispatcher_pipeline_dag.py took 2.058 seconds
[2026-01-16T16:46:19.789+0000] {processor.py:157} INFO - Started process (PID=379) to work on /opt/airflow/dags/dispatcher_pipeline_dag.py
[2026-01-16T16:46:19.792+0000] {processor.py:829} INFO - Processing file /opt/airflow/dags/dispatcher_pipeline_dag.py for tasks to queue
[2026-01-16T16:46:19.794+0000] {logging_mixin.py:151} INFO - [2026-01-16T16:46:19.793+0000] {dagbag.py:539} INFO - Filling up the DagBag from /opt/airflow/dags/dispatcher_pipeline_dag.py
[2026-01-16T16:46:21.577+0000] {processor.py:839} INFO - DAG(s) dict_keys(['distillationDAG']) retrieved from /opt/airflow/dags/dispatcher_pipeline_dag.py
[2026-01-16T16:46:21.657+0000] {logging_mixin.py:151} INFO - [2026-01-16T16:46:21.656+0000] {dag.py:2915} INFO - Sync 1 DAGs
[2026-01-16T16:46:21.718+0000] {logging_mixin.py:151} INFO - [2026-01-16T16:46:21.718+0000] {dag.py:3696} INFO - Setting next_dagrun for distillationDAG to 2026-01-16T16:46:02.148656+00:00, run_after=2026-01-16T16:46:47.148656+00:00
[2026-01-16T16:46:21.760+0000] {processor.py:179} INFO - Processing /opt/airflow/dags/dispatcher_pipeline_dag.py took 1.981 seconds
[2026-01-16T16:46:52.219+0000] {processor.py:157} INFO - Started process (PID=396) to work on /opt/airflow/dags/dispatcher_pipeline_dag.py
[2026-01-16T16:46:52.230+0000] {processor.py:829} INFO - Processing file /opt/airflow/dags/dispatcher_pipeline_dag.py for tasks to queue
[2026-01-16T16:46:52.238+0000] {logging_mixin.py:151} INFO - [2026-01-16T16:46:52.234+0000] {dagbag.py:539} INFO - Filling up the DagBag from /opt/airflow/dags/dispatcher_pipeline_dag.py
[2026-01-16T16:46:54.827+0000] {processor.py:839} INFO - DAG(s) dict_keys(['distillationDAG']) retrieved from /opt/airflow/dags/dispatcher_pipeline_dag.py
[2026-01-16T16:46:54.927+0000] {logging_mixin.py:151} INFO - [2026-01-16T16:46:54.926+0000] {dag.py:2915} INFO - Sync 1 DAGs
[2026-01-16T16:46:54.986+0000] {logging_mixin.py:151} INFO - [2026-01-16T16:46:54.986+0000] {dag.py:3696} INFO - Setting next_dagrun for distillationDAG to 2026-01-16T16:46:47.148656+00:00, run_after=2026-01-16T16:47:32.148656+00:00
[2026-01-16T16:46:55.029+0000] {processor.py:179} INFO - Processing /opt/airflow/dags/dispatcher_pipeline_dag.py took 2.853 seconds
[2026-01-16T16:47:25.720+0000] {processor.py:157} INFO - Started process (PID=409) to work on /opt/airflow/dags/dispatcher_pipeline_dag.py
[2026-01-16T16:47:25.723+0000] {processor.py:829} INFO - Processing file /opt/airflow/dags/dispatcher_pipeline_dag.py for tasks to queue
[2026-01-16T16:47:25.726+0000] {logging_mixin.py:151} INFO - [2026-01-16T16:47:25.724+0000] {dagbag.py:539} INFO - Filling up the DagBag from /opt/airflow/dags/dispatcher_pipeline_dag.py
[2026-01-16T16:47:27.650+0000] {processor.py:839} INFO - DAG(s) dict_keys(['distillationDAG']) retrieved from /opt/airflow/dags/dispatcher_pipeline_dag.py
[2026-01-16T16:47:27.730+0000] {logging_mixin.py:151} INFO - [2026-01-16T16:47:27.729+0000] {dag.py:2915} INFO - Sync 1 DAGs
[2026-01-16T16:47:27.784+0000] {logging_mixin.py:151} INFO - [2026-01-16T16:47:27.784+0000] {dag.py:3696} INFO - Setting next_dagrun for distillationDAG to 2026-01-16T16:46:47.148656+00:00, run_after=2026-01-16T16:47:32.148656+00:00
[2026-01-16T16:47:27.824+0000] {processor.py:179} INFO - Processing /opt/airflow/dags/dispatcher_pipeline_dag.py took 2.115 seconds
[2026-01-16T16:47:58.105+0000] {processor.py:157} INFO - Started process (PID=422) to work on /opt/airflow/dags/dispatcher_pipeline_dag.py
[2026-01-16T16:47:58.108+0000] {processor.py:829} INFO - Processing file /opt/airflow/dags/dispatcher_pipeline_dag.py for tasks to queue
[2026-01-16T16:47:58.110+0000] {logging_mixin.py:151} INFO - [2026-01-16T16:47:58.109+0000] {dagbag.py:539} INFO - Filling up the DagBag from /opt/airflow/dags/dispatcher_pipeline_dag.py
[2026-01-16T16:47:59.934+0000] {processor.py:839} INFO - DAG(s) dict_keys(['distillationDAG']) retrieved from /opt/airflow/dags/dispatcher_pipeline_dag.py
[2026-01-16T16:48:00.015+0000] {logging_mixin.py:151} INFO - [2026-01-16T16:48:00.013+0000] {dag.py:2915} INFO - Sync 1 DAGs
[2026-01-16T16:48:00.071+0000] {logging_mixin.py:151} INFO - [2026-01-16T16:48:00.070+0000] {dag.py:3696} INFO - Setting next_dagrun for distillationDAG to 2026-01-16T16:47:15.070097+00:00, run_after=2026-01-16T16:48:00.070097+00:00
[2026-01-16T16:48:00.123+0000] {processor.py:179} INFO - Processing /opt/airflow/dags/dispatcher_pipeline_dag.py took 2.028 seconds
[2026-01-16T16:48:30.426+0000] {processor.py:157} INFO - Started process (PID=435) to work on /opt/airflow/dags/dispatcher_pipeline_dag.py
[2026-01-16T16:48:30.429+0000] {processor.py:829} INFO - Processing file /opt/airflow/dags/dispatcher_pipeline_dag.py for tasks to queue
[2026-01-16T16:48:30.431+0000] {logging_mixin.py:151} INFO - [2026-01-16T16:48:30.430+0000] {dagbag.py:539} INFO - Filling up the DagBag from /opt/airflow/dags/dispatcher_pipeline_dag.py
[2026-01-16T16:48:32.267+0000] {processor.py:839} INFO - DAG(s) dict_keys(['distillationDAG']) retrieved from /opt/airflow/dags/dispatcher_pipeline_dag.py
[2026-01-16T16:48:32.347+0000] {logging_mixin.py:151} INFO - [2026-01-16T16:48:32.346+0000] {dag.py:2915} INFO - Sync 1 DAGs
[2026-01-16T16:48:32.404+0000] {logging_mixin.py:151} INFO - [2026-01-16T16:48:32.404+0000] {dag.py:3696} INFO - Setting next_dagrun for distillationDAG to 2026-01-16T16:47:47.403946+00:00, run_after=2026-01-16T16:48:32.403946+00:00
[2026-01-16T16:48:32.443+0000] {processor.py:179} INFO - Processing /opt/airflow/dags/dispatcher_pipeline_dag.py took 2.029 seconds
[2026-01-16T16:49:02.743+0000] {processor.py:157} INFO - Started process (PID=448) to work on /opt/airflow/dags/dispatcher_pipeline_dag.py
[2026-01-16T16:49:02.746+0000] {processor.py:829} INFO - Processing file /opt/airflow/dags/dispatcher_pipeline_dag.py for tasks to queue
[2026-01-16T16:49:02.748+0000] {logging_mixin.py:151} INFO - [2026-01-16T16:49:02.747+0000] {dagbag.py:539} INFO - Filling up the DagBag from /opt/airflow/dags/dispatcher_pipeline_dag.py
[2026-01-16T16:49:04.515+0000] {processor.py:839} INFO - DAG(s) dict_keys(['distillationDAG']) retrieved from /opt/airflow/dags/dispatcher_pipeline_dag.py
[2026-01-16T16:49:04.592+0000] {logging_mixin.py:151} INFO - [2026-01-16T16:49:04.591+0000] {dag.py:2915} INFO - Sync 1 DAGs
[2026-01-16T16:49:04.648+0000] {logging_mixin.py:151} INFO - [2026-01-16T16:49:04.647+0000] {dag.py:3696} INFO - Setting next_dagrun for distillationDAG to 2026-01-16T16:48:19.647496+00:00, run_after=2026-01-16T16:49:04.647496+00:00
[2026-01-16T16:49:04.687+0000] {processor.py:179} INFO - Processing /opt/airflow/dags/dispatcher_pipeline_dag.py took 1.954 seconds
[2026-01-16T16:49:34.997+0000] {processor.py:157} INFO - Started process (PID=461) to work on /opt/airflow/dags/dispatcher_pipeline_dag.py
[2026-01-16T16:49:35.001+0000] {processor.py:829} INFO - Processing file /opt/airflow/dags/dispatcher_pipeline_dag.py for tasks to queue
[2026-01-16T16:49:35.003+0000] {logging_mixin.py:151} INFO - [2026-01-16T16:49:35.002+0000] {dagbag.py:539} INFO - Filling up the DagBag from /opt/airflow/dags/dispatcher_pipeline_dag.py
[2026-01-16T16:49:36.813+0000] {processor.py:839} INFO - DAG(s) dict_keys(['distillationDAG']) retrieved from /opt/airflow/dags/dispatcher_pipeline_dag.py
[2026-01-16T16:49:36.900+0000] {logging_mixin.py:151} INFO - [2026-01-16T16:49:36.899+0000] {dag.py:2915} INFO - Sync 1 DAGs
[2026-01-16T16:49:36.954+0000] {logging_mixin.py:151} INFO - [2026-01-16T16:49:36.953+0000] {dag.py:3696} INFO - Setting next_dagrun for distillationDAG to 2026-01-16T16:48:51.953289+00:00, run_after=2026-01-16T16:49:36.953289+00:00
[2026-01-16T16:49:36.995+0000] {processor.py:179} INFO - Processing /opt/airflow/dags/dispatcher_pipeline_dag.py took 2.009 seconds
[2026-01-16T16:50:07.303+0000] {processor.py:157} INFO - Started process (PID=474) to work on /opt/airflow/dags/dispatcher_pipeline_dag.py
[2026-01-16T16:50:07.307+0000] {processor.py:829} INFO - Processing file /opt/airflow/dags/dispatcher_pipeline_dag.py for tasks to queue
[2026-01-16T16:50:07.310+0000] {logging_mixin.py:151} INFO - [2026-01-16T16:50:07.308+0000] {dagbag.py:539} INFO - Filling up the DagBag from /opt/airflow/dags/dispatcher_pipeline_dag.py
[2026-01-16T16:50:09.340+0000] {processor.py:839} INFO - DAG(s) dict_keys(['distillationDAG']) retrieved from /opt/airflow/dags/dispatcher_pipeline_dag.py
[2026-01-16T16:50:09.435+0000] {logging_mixin.py:151} INFO - [2026-01-16T16:50:09.434+0000] {dag.py:2915} INFO - Sync 1 DAGs
[2026-01-16T16:50:09.491+0000] {logging_mixin.py:151} INFO - [2026-01-16T16:50:09.491+0000] {dag.py:3696} INFO - Setting next_dagrun for distillationDAG to 2026-01-16T16:49:24.490613+00:00, run_after=2026-01-16T16:50:09.490613+00:00
[2026-01-16T16:50:09.534+0000] {processor.py:179} INFO - Processing /opt/airflow/dags/dispatcher_pipeline_dag.py took 2.242 seconds
[2026-01-16T16:50:39.818+0000] {processor.py:157} INFO - Started process (PID=487) to work on /opt/airflow/dags/dispatcher_pipeline_dag.py
[2026-01-16T16:50:39.821+0000] {processor.py:829} INFO - Processing file /opt/airflow/dags/dispatcher_pipeline_dag.py for tasks to queue
[2026-01-16T16:50:39.824+0000] {logging_mixin.py:151} INFO - [2026-01-16T16:50:39.823+0000] {dagbag.py:539} INFO - Filling up the DagBag from /opt/airflow/dags/dispatcher_pipeline_dag.py
[2026-01-16T16:50:41.722+0000] {processor.py:839} INFO - DAG(s) dict_keys(['distillationDAG']) retrieved from /opt/airflow/dags/dispatcher_pipeline_dag.py
[2026-01-16T16:50:41.812+0000] {logging_mixin.py:151} INFO - [2026-01-16T16:50:41.811+0000] {dag.py:2915} INFO - Sync 1 DAGs
[2026-01-16T16:50:41.875+0000] {logging_mixin.py:151} INFO - [2026-01-16T16:50:41.874+0000] {dag.py:3696} INFO - Setting next_dagrun for distillationDAG to 2026-01-16T16:49:56.874293+00:00, run_after=2026-01-16T16:50:41.874293+00:00
[2026-01-16T16:50:41.920+0000] {processor.py:179} INFO - Processing /opt/airflow/dags/dispatcher_pipeline_dag.py took 2.112 seconds
[2026-01-16T16:51:12.207+0000] {processor.py:157} INFO - Started process (PID=500) to work on /opt/airflow/dags/dispatcher_pipeline_dag.py
[2026-01-16T16:51:12.210+0000] {processor.py:829} INFO - Processing file /opt/airflow/dags/dispatcher_pipeline_dag.py for tasks to queue
[2026-01-16T16:51:12.212+0000] {logging_mixin.py:151} INFO - [2026-01-16T16:51:12.211+0000] {dagbag.py:539} INFO - Filling up the DagBag from /opt/airflow/dags/dispatcher_pipeline_dag.py
[2026-01-16T16:51:14.001+0000] {processor.py:839} INFO - DAG(s) dict_keys(['distillationDAG']) retrieved from /opt/airflow/dags/dispatcher_pipeline_dag.py
[2026-01-16T16:51:14.077+0000] {logging_mixin.py:151} INFO - [2026-01-16T16:51:14.076+0000] {dag.py:2915} INFO - Sync 1 DAGs
[2026-01-16T16:51:14.132+0000] {logging_mixin.py:151} INFO - [2026-01-16T16:51:14.132+0000] {dag.py:3696} INFO - Setting next_dagrun for distillationDAG to 2026-01-16T16:50:29.131663+00:00, run_after=2026-01-16T16:51:14.131663+00:00
[2026-01-16T16:51:14.174+0000] {processor.py:179} INFO - Processing /opt/airflow/dags/dispatcher_pipeline_dag.py took 1.976 seconds
[2026-01-16T16:51:44.471+0000] {processor.py:157} INFO - Started process (PID=513) to work on /opt/airflow/dags/dispatcher_pipeline_dag.py
[2026-01-16T16:51:44.474+0000] {processor.py:829} INFO - Processing file /opt/airflow/dags/dispatcher_pipeline_dag.py for tasks to queue
[2026-01-16T16:51:44.477+0000] {logging_mixin.py:151} INFO - [2026-01-16T16:51:44.475+0000] {dagbag.py:539} INFO - Filling up the DagBag from /opt/airflow/dags/dispatcher_pipeline_dag.py
[2026-01-16T16:51:46.277+0000] {processor.py:839} INFO - DAG(s) dict_keys(['distillationDAG']) retrieved from /opt/airflow/dags/dispatcher_pipeline_dag.py
[2026-01-16T16:51:46.360+0000] {logging_mixin.py:151} INFO - [2026-01-16T16:51:46.359+0000] {dag.py:2915} INFO - Sync 1 DAGs
[2026-01-16T16:51:46.412+0000] {logging_mixin.py:151} INFO - [2026-01-16T16:51:46.411+0000] {dag.py:3696} INFO - Setting next_dagrun for distillationDAG to 2026-01-16T16:51:01.411348+00:00, run_after=2026-01-16T16:51:46.411348+00:00
[2026-01-16T16:51:46.453+0000] {processor.py:179} INFO - Processing /opt/airflow/dags/dispatcher_pipeline_dag.py took 1.992 seconds
[2026-01-16T16:52:16.747+0000] {processor.py:157} INFO - Started process (PID=526) to work on /opt/airflow/dags/dispatcher_pipeline_dag.py
[2026-01-16T16:52:16.750+0000] {processor.py:829} INFO - Processing file /opt/airflow/dags/dispatcher_pipeline_dag.py for tasks to queue
[2026-01-16T16:52:16.753+0000] {logging_mixin.py:151} INFO - [2026-01-16T16:52:16.751+0000] {dagbag.py:539} INFO - Filling up the DagBag from /opt/airflow/dags/dispatcher_pipeline_dag.py
[2026-01-16T16:52:18.837+0000] {processor.py:839} INFO - DAG(s) dict_keys(['distillationDAG']) retrieved from /opt/airflow/dags/dispatcher_pipeline_dag.py
[2026-01-16T16:52:18.923+0000] {logging_mixin.py:151} INFO - [2026-01-16T16:52:18.922+0000] {dag.py:2915} INFO - Sync 1 DAGs
[2026-01-16T16:52:18.980+0000] {logging_mixin.py:151} INFO - [2026-01-16T16:52:18.979+0000] {dag.py:3696} INFO - Setting next_dagrun for distillationDAG to 2026-01-16T16:51:33.979133+00:00, run_after=2026-01-16T16:52:18.979133+00:00
[2026-01-16T16:52:19.027+0000] {processor.py:179} INFO - Processing /opt/airflow/dags/dispatcher_pipeline_dag.py took 2.291 seconds
[2026-01-16T16:52:49.190+0000] {processor.py:157} INFO - Started process (PID=539) to work on /opt/airflow/dags/dispatcher_pipeline_dag.py
[2026-01-16T16:52:49.193+0000] {processor.py:829} INFO - Processing file /opt/airflow/dags/dispatcher_pipeline_dag.py for tasks to queue
[2026-01-16T16:52:49.196+0000] {logging_mixin.py:151} INFO - [2026-01-16T16:52:49.195+0000] {dagbag.py:539} INFO - Filling up the DagBag from /opt/airflow/dags/dispatcher_pipeline_dag.py
[2026-01-16T16:52:51.094+0000] {processor.py:839} INFO - DAG(s) dict_keys(['distillationDAG']) retrieved from /opt/airflow/dags/dispatcher_pipeline_dag.py
[2026-01-16T16:52:51.179+0000] {logging_mixin.py:151} INFO - [2026-01-16T16:52:51.177+0000] {dag.py:2915} INFO - Sync 1 DAGs
[2026-01-16T16:52:51.240+0000] {logging_mixin.py:151} INFO - [2026-01-16T16:52:51.240+0000] {dag.py:3696} INFO - Setting next_dagrun for distillationDAG to 2026-01-16T16:52:06.239592+00:00, run_after=2026-01-16T16:52:51.239592+00:00
[2026-01-16T16:52:51.283+0000] {processor.py:179} INFO - Processing /opt/airflow/dags/dispatcher_pipeline_dag.py took 2.105 seconds
[2026-01-16T16:53:21.424+0000] {processor.py:157} INFO - Started process (PID=552) to work on /opt/airflow/dags/dispatcher_pipeline_dag.py
[2026-01-16T16:53:21.427+0000] {processor.py:829} INFO - Processing file /opt/airflow/dags/dispatcher_pipeline_dag.py for tasks to queue
[2026-01-16T16:53:21.431+0000] {logging_mixin.py:151} INFO - [2026-01-16T16:53:21.430+0000] {dagbag.py:539} INFO - Filling up the DagBag from /opt/airflow/dags/dispatcher_pipeline_dag.py
[2026-01-16T16:53:23.517+0000] {processor.py:839} INFO - DAG(s) dict_keys(['distillationDAG']) retrieved from /opt/airflow/dags/dispatcher_pipeline_dag.py
[2026-01-16T16:53:23.604+0000] {logging_mixin.py:151} INFO - [2026-01-16T16:53:23.603+0000] {dag.py:2915} INFO - Sync 1 DAGs
[2026-01-16T16:53:23.667+0000] {logging_mixin.py:151} INFO - [2026-01-16T16:53:23.666+0000] {dag.py:3696} INFO - Setting next_dagrun for distillationDAG to 2026-01-16T16:52:38.666462+00:00, run_after=2026-01-16T16:53:23.666462+00:00
[2026-01-16T16:53:23.714+0000] {processor.py:179} INFO - Processing /opt/airflow/dags/dispatcher_pipeline_dag.py took 2.302 seconds
[2026-01-16T16:53:53.847+0000] {processor.py:157} INFO - Started process (PID=565) to work on /opt/airflow/dags/dispatcher_pipeline_dag.py
[2026-01-16T16:53:53.849+0000] {processor.py:829} INFO - Processing file /opt/airflow/dags/dispatcher_pipeline_dag.py for tasks to queue
[2026-01-16T16:53:53.852+0000] {logging_mixin.py:151} INFO - [2026-01-16T16:53:53.851+0000] {dagbag.py:539} INFO - Filling up the DagBag from /opt/airflow/dags/dispatcher_pipeline_dag.py
[2026-01-16T16:53:55.696+0000] {processor.py:839} INFO - DAG(s) dict_keys(['distillationDAG']) retrieved from /opt/airflow/dags/dispatcher_pipeline_dag.py
[2026-01-16T16:53:55.780+0000] {logging_mixin.py:151} INFO - [2026-01-16T16:53:55.779+0000] {dag.py:2915} INFO - Sync 1 DAGs
[2026-01-16T16:53:55.836+0000] {logging_mixin.py:151} INFO - [2026-01-16T16:53:55.835+0000] {dag.py:3696} INFO - Setting next_dagrun for distillationDAG to 2026-01-16T16:53:10.835536+00:00, run_after=2026-01-16T16:53:55.835536+00:00
[2026-01-16T16:53:55.879+0000] {processor.py:179} INFO - Processing /opt/airflow/dags/dispatcher_pipeline_dag.py took 2.043 seconds
[2026-01-16T16:54:26.188+0000] {processor.py:157} INFO - Started process (PID=581) to work on /opt/airflow/dags/dispatcher_pipeline_dag.py
[2026-01-16T16:54:26.190+0000] {processor.py:829} INFO - Processing file /opt/airflow/dags/dispatcher_pipeline_dag.py for tasks to queue
[2026-01-16T16:54:26.193+0000] {logging_mixin.py:151} INFO - [2026-01-16T16:54:26.192+0000] {dagbag.py:539} INFO - Filling up the DagBag from /opt/airflow/dags/dispatcher_pipeline_dag.py
[2026-01-16T16:54:28.129+0000] {processor.py:839} INFO - DAG(s) dict_keys(['distillationDAG']) retrieved from /opt/airflow/dags/dispatcher_pipeline_dag.py
[2026-01-16T16:54:28.209+0000] {logging_mixin.py:151} INFO - [2026-01-16T16:54:28.208+0000] {dag.py:2915} INFO - Sync 1 DAGs
[2026-01-16T16:54:28.265+0000] {logging_mixin.py:151} INFO - [2026-01-16T16:54:28.264+0000] {dag.py:3696} INFO - Setting next_dagrun for distillationDAG to 2026-01-16T16:53:43.264126+00:00, run_after=2026-01-16T16:54:28.264126+00:00
[2026-01-16T16:54:28.307+0000] {processor.py:179} INFO - Processing /opt/airflow/dags/dispatcher_pipeline_dag.py took 2.131 seconds
[2026-01-16T16:54:58.453+0000] {processor.py:157} INFO - Started process (PID=595) to work on /opt/airflow/dags/dispatcher_pipeline_dag.py
[2026-01-16T16:54:58.456+0000] {processor.py:829} INFO - Processing file /opt/airflow/dags/dispatcher_pipeline_dag.py for tasks to queue
[2026-01-16T16:54:58.458+0000] {logging_mixin.py:151} INFO - [2026-01-16T16:54:58.457+0000] {dagbag.py:539} INFO - Filling up the DagBag from /opt/airflow/dags/dispatcher_pipeline_dag.py
[2026-01-16T16:55:00.228+0000] {processor.py:839} INFO - DAG(s) dict_keys(['distillationDAG']) retrieved from /opt/airflow/dags/dispatcher_pipeline_dag.py
[2026-01-16T16:55:00.315+0000] {logging_mixin.py:151} INFO - [2026-01-16T16:55:00.314+0000] {dag.py:2915} INFO - Sync 1 DAGs
[2026-01-16T16:55:00.378+0000] {logging_mixin.py:151} INFO - [2026-01-16T16:55:00.378+0000] {dag.py:3696} INFO - Setting next_dagrun for distillationDAG to 2026-01-16T16:54:15.377842+00:00, run_after=2026-01-16T16:55:00.377842+00:00
[2026-01-16T16:55:00.420+0000] {processor.py:179} INFO - Processing /opt/airflow/dags/dispatcher_pipeline_dag.py took 1.978 seconds
[2026-01-16T16:55:30.910+0000] {processor.py:157} INFO - Started process (PID=611) to work on /opt/airflow/dags/dispatcher_pipeline_dag.py
[2026-01-16T16:55:30.914+0000] {processor.py:829} INFO - Processing file /opt/airflow/dags/dispatcher_pipeline_dag.py for tasks to queue
[2026-01-16T16:55:30.916+0000] {logging_mixin.py:151} INFO - [2026-01-16T16:55:30.915+0000] {dagbag.py:539} INFO - Filling up the DagBag from /opt/airflow/dags/dispatcher_pipeline_dag.py
[2026-01-16T16:55:32.671+0000] {processor.py:839} INFO - DAG(s) dict_keys(['distillationDAG']) retrieved from /opt/airflow/dags/dispatcher_pipeline_dag.py
[2026-01-16T16:55:32.750+0000] {logging_mixin.py:151} INFO - [2026-01-16T16:55:32.749+0000] {dag.py:2915} INFO - Sync 1 DAGs
[2026-01-16T16:55:32.808+0000] {logging_mixin.py:151} INFO - [2026-01-16T16:55:32.808+0000] {dag.py:3696} INFO - Setting next_dagrun for distillationDAG to 2026-01-16T16:54:47.808085+00:00, run_after=2026-01-16T16:55:32.808085+00:00
[2026-01-16T16:55:32.851+0000] {processor.py:179} INFO - Processing /opt/airflow/dags/dispatcher_pipeline_dag.py took 1.954 seconds
[2026-01-16T16:56:03.301+0000] {processor.py:157} INFO - Started process (PID=624) to work on /opt/airflow/dags/dispatcher_pipeline_dag.py
[2026-01-16T16:56:03.303+0000] {processor.py:829} INFO - Processing file /opt/airflow/dags/dispatcher_pipeline_dag.py for tasks to queue
[2026-01-16T16:56:03.305+0000] {logging_mixin.py:151} INFO - [2026-01-16T16:56:03.304+0000] {dagbag.py:539} INFO - Filling up the DagBag from /opt/airflow/dags/dispatcher_pipeline_dag.py
[2026-01-16T16:56:05.085+0000] {processor.py:839} INFO - DAG(s) dict_keys(['distillationDAG']) retrieved from /opt/airflow/dags/dispatcher_pipeline_dag.py
[2026-01-16T16:56:05.162+0000] {logging_mixin.py:151} INFO - [2026-01-16T16:56:05.161+0000] {dag.py:2915} INFO - Sync 1 DAGs
[2026-01-16T16:56:05.216+0000] {logging_mixin.py:151} INFO - [2026-01-16T16:56:05.216+0000] {dag.py:3696} INFO - Setting next_dagrun for distillationDAG to 2026-01-16T16:55:20.215876+00:00, run_after=2026-01-16T16:56:05.215876+00:00
[2026-01-16T16:56:05.254+0000] {processor.py:179} INFO - Processing /opt/airflow/dags/dispatcher_pipeline_dag.py took 1.963 seconds
[2026-01-16T16:56:35.563+0000] {processor.py:157} INFO - Started process (PID=637) to work on /opt/airflow/dags/dispatcher_pipeline_dag.py
[2026-01-16T16:56:35.566+0000] {processor.py:829} INFO - Processing file /opt/airflow/dags/dispatcher_pipeline_dag.py for tasks to queue
[2026-01-16T16:56:35.568+0000] {logging_mixin.py:151} INFO - [2026-01-16T16:56:35.567+0000] {dagbag.py:539} INFO - Filling up the DagBag from /opt/airflow/dags/dispatcher_pipeline_dag.py
[2026-01-16T16:56:37.461+0000] {processor.py:839} INFO - DAG(s) dict_keys(['distillationDAG']) retrieved from /opt/airflow/dags/dispatcher_pipeline_dag.py
[2026-01-16T16:56:37.552+0000] {logging_mixin.py:151} INFO - [2026-01-16T16:56:37.551+0000] {dag.py:2915} INFO - Sync 1 DAGs
[2026-01-16T16:56:37.609+0000] {logging_mixin.py:151} INFO - [2026-01-16T16:56:37.608+0000] {dag.py:3696} INFO - Setting next_dagrun for distillationDAG to 2026-01-16T16:55:52.608246+00:00, run_after=2026-01-16T16:56:37.608246+00:00
[2026-01-16T16:56:37.653+0000] {processor.py:179} INFO - Processing /opt/airflow/dags/dispatcher_pipeline_dag.py took 2.101 seconds
[2026-01-16T16:57:07.915+0000] {processor.py:157} INFO - Started process (PID=650) to work on /opt/airflow/dags/dispatcher_pipeline_dag.py
[2026-01-16T16:57:07.917+0000] {processor.py:829} INFO - Processing file /opt/airflow/dags/dispatcher_pipeline_dag.py for tasks to queue
[2026-01-16T16:57:07.920+0000] {logging_mixin.py:151} INFO - [2026-01-16T16:57:07.919+0000] {dagbag.py:539} INFO - Filling up the DagBag from /opt/airflow/dags/dispatcher_pipeline_dag.py
[2026-01-16T16:57:09.692+0000] {processor.py:839} INFO - DAG(s) dict_keys(['distillationDAG']) retrieved from /opt/airflow/dags/dispatcher_pipeline_dag.py
[2026-01-16T16:57:09.770+0000] {logging_mixin.py:151} INFO - [2026-01-16T16:57:09.769+0000] {dag.py:2915} INFO - Sync 1 DAGs
[2026-01-16T16:57:09.827+0000] {logging_mixin.py:151} INFO - [2026-01-16T16:57:09.827+0000] {dag.py:3696} INFO - Setting next_dagrun for distillationDAG to 2026-01-16T16:56:24.826956+00:00, run_after=2026-01-16T16:57:09.826956+00:00
[2026-01-16T16:57:09.870+0000] {processor.py:179} INFO - Processing /opt/airflow/dags/dispatcher_pipeline_dag.py took 1.966 seconds
[2026-01-16T16:57:40.168+0000] {processor.py:157} INFO - Started process (PID=663) to work on /opt/airflow/dags/dispatcher_pipeline_dag.py
[2026-01-16T16:57:40.171+0000] {processor.py:829} INFO - Processing file /opt/airflow/dags/dispatcher_pipeline_dag.py for tasks to queue
[2026-01-16T16:57:40.175+0000] {logging_mixin.py:151} INFO - [2026-01-16T16:57:40.174+0000] {dagbag.py:539} INFO - Filling up the DagBag from /opt/airflow/dags/dispatcher_pipeline_dag.py
[2026-01-16T16:57:41.994+0000] {processor.py:839} INFO - DAG(s) dict_keys(['distillationDAG']) retrieved from /opt/airflow/dags/dispatcher_pipeline_dag.py
[2026-01-16T16:57:42.072+0000] {logging_mixin.py:151} INFO - [2026-01-16T16:57:42.071+0000] {dag.py:2915} INFO - Sync 1 DAGs
[2026-01-16T16:57:42.127+0000] {logging_mixin.py:151} INFO - [2026-01-16T16:57:42.127+0000] {dag.py:3696} INFO - Setting next_dagrun for distillationDAG to 2026-01-16T16:56:57.126852+00:00, run_after=2026-01-16T16:57:42.126852+00:00
[2026-01-16T16:57:42.172+0000] {processor.py:179} INFO - Processing /opt/airflow/dags/dispatcher_pipeline_dag.py took 2.019 seconds
[2026-01-16T16:58:12.438+0000] {processor.py:157} INFO - Started process (PID=676) to work on /opt/airflow/dags/dispatcher_pipeline_dag.py
[2026-01-16T16:58:12.441+0000] {processor.py:829} INFO - Processing file /opt/airflow/dags/dispatcher_pipeline_dag.py for tasks to queue
[2026-01-16T16:58:12.443+0000] {logging_mixin.py:151} INFO - [2026-01-16T16:58:12.442+0000] {dagbag.py:539} INFO - Filling up the DagBag from /opt/airflow/dags/dispatcher_pipeline_dag.py
[2026-01-16T16:58:14.214+0000] {processor.py:839} INFO - DAG(s) dict_keys(['distillationDAG']) retrieved from /opt/airflow/dags/dispatcher_pipeline_dag.py
[2026-01-16T16:58:14.290+0000] {logging_mixin.py:151} INFO - [2026-01-16T16:58:14.289+0000] {dag.py:2915} INFO - Sync 1 DAGs
[2026-01-16T16:58:14.345+0000] {logging_mixin.py:151} INFO - [2026-01-16T16:58:14.344+0000] {dag.py:3696} INFO - Setting next_dagrun for distillationDAG to 2026-01-16T16:57:29.344136+00:00, run_after=2026-01-16T16:58:14.344136+00:00
[2026-01-16T16:58:14.382+0000] {processor.py:179} INFO - Processing /opt/airflow/dags/dispatcher_pipeline_dag.py took 1.954 seconds
[2026-01-16T16:58:44.889+0000] {processor.py:157} INFO - Started process (PID=689) to work on /opt/airflow/dags/dispatcher_pipeline_dag.py
[2026-01-16T16:58:44.892+0000] {processor.py:829} INFO - Processing file /opt/airflow/dags/dispatcher_pipeline_dag.py for tasks to queue
[2026-01-16T16:58:44.895+0000] {logging_mixin.py:151} INFO - [2026-01-16T16:58:44.894+0000] {dagbag.py:539} INFO - Filling up the DagBag from /opt/airflow/dags/dispatcher_pipeline_dag.py
[2026-01-16T16:58:46.728+0000] {processor.py:839} INFO - DAG(s) dict_keys(['distillationDAG']) retrieved from /opt/airflow/dags/dispatcher_pipeline_dag.py
[2026-01-16T16:58:46.805+0000] {logging_mixin.py:151} INFO - [2026-01-16T16:58:46.804+0000] {dag.py:2915} INFO - Sync 1 DAGs
[2026-01-16T16:58:46.859+0000] {logging_mixin.py:151} INFO - [2026-01-16T16:58:46.859+0000] {dag.py:3696} INFO - Setting next_dagrun for distillationDAG to 2026-01-16T16:58:01.858846+00:00, run_after=2026-01-16T16:58:46.858846+00:00
[2026-01-16T16:58:46.899+0000] {processor.py:179} INFO - Processing /opt/airflow/dags/dispatcher_pipeline_dag.py took 2.021 seconds
[2026-01-16T16:59:17.150+0000] {processor.py:157} INFO - Started process (PID=702) to work on /opt/airflow/dags/dispatcher_pipeline_dag.py
[2026-01-16T16:59:17.152+0000] {processor.py:829} INFO - Processing file /opt/airflow/dags/dispatcher_pipeline_dag.py for tasks to queue
[2026-01-16T16:59:17.155+0000] {logging_mixin.py:151} INFO - [2026-01-16T16:59:17.154+0000] {dagbag.py:539} INFO - Filling up the DagBag from /opt/airflow/dags/dispatcher_pipeline_dag.py
[2026-01-16T16:59:18.931+0000] {processor.py:839} INFO - DAG(s) dict_keys(['distillationDAG']) retrieved from /opt/airflow/dags/dispatcher_pipeline_dag.py
[2026-01-16T16:59:19.010+0000] {logging_mixin.py:151} INFO - [2026-01-16T16:59:19.009+0000] {dag.py:2915} INFO - Sync 1 DAGs
[2026-01-16T16:59:19.063+0000] {logging_mixin.py:151} INFO - [2026-01-16T16:59:19.063+0000] {dag.py:3696} INFO - Setting next_dagrun for distillationDAG to 2026-01-16T16:58:34.062791+00:00, run_after=2026-01-16T16:59:19.062791+00:00
[2026-01-16T16:59:19.102+0000] {processor.py:179} INFO - Processing /opt/airflow/dags/dispatcher_pipeline_dag.py took 1.962 seconds
[2026-01-16T16:59:49.482+0000] {processor.py:157} INFO - Started process (PID=715) to work on /opt/airflow/dags/dispatcher_pipeline_dag.py
[2026-01-16T16:59:49.485+0000] {processor.py:829} INFO - Processing file /opt/airflow/dags/dispatcher_pipeline_dag.py for tasks to queue
[2026-01-16T16:59:49.487+0000] {logging_mixin.py:151} INFO - [2026-01-16T16:59:49.486+0000] {dagbag.py:539} INFO - Filling up the DagBag from /opt/airflow/dags/dispatcher_pipeline_dag.py
[2026-01-16T16:59:51.330+0000] {processor.py:839} INFO - DAG(s) dict_keys(['distillationDAG']) retrieved from /opt/airflow/dags/dispatcher_pipeline_dag.py
[2026-01-16T16:59:51.406+0000] {logging_mixin.py:151} INFO - [2026-01-16T16:59:51.405+0000] {dag.py:2915} INFO - Sync 1 DAGs
[2026-01-16T16:59:51.460+0000] {logging_mixin.py:151} INFO - [2026-01-16T16:59:51.459+0000] {dag.py:3696} INFO - Setting next_dagrun for distillationDAG to 2026-01-16T16:59:06.459538+00:00, run_after=2026-01-16T16:59:51.459538+00:00
[2026-01-16T16:59:51.501+0000] {processor.py:179} INFO - Processing /opt/airflow/dags/dispatcher_pipeline_dag.py took 2.030 seconds
[2026-01-16T17:00:21.767+0000] {processor.py:157} INFO - Started process (PID=728) to work on /opt/airflow/dags/dispatcher_pipeline_dag.py
[2026-01-16T17:00:21.769+0000] {processor.py:829} INFO - Processing file /opt/airflow/dags/dispatcher_pipeline_dag.py for tasks to queue
[2026-01-16T17:00:21.771+0000] {logging_mixin.py:151} INFO - [2026-01-16T17:00:21.770+0000] {dagbag.py:539} INFO - Filling up the DagBag from /opt/airflow/dags/dispatcher_pipeline_dag.py
[2026-01-16T17:00:23.534+0000] {processor.py:839} INFO - DAG(s) dict_keys(['distillationDAG']) retrieved from /opt/airflow/dags/dispatcher_pipeline_dag.py
[2026-01-16T17:00:23.609+0000] {logging_mixin.py:151} INFO - [2026-01-16T17:00:23.608+0000] {dag.py:2915} INFO - Sync 1 DAGs
[2026-01-16T17:00:23.665+0000] {logging_mixin.py:151} INFO - [2026-01-16T17:00:23.664+0000] {dag.py:3696} INFO - Setting next_dagrun for distillationDAG to 2026-01-16T16:59:38.664192+00:00, run_after=2026-01-16T17:00:23.664192+00:00
[2026-01-16T17:00:23.704+0000] {processor.py:179} INFO - Processing /opt/airflow/dags/dispatcher_pipeline_dag.py took 1.949 seconds
[2026-01-16T17:00:54.060+0000] {processor.py:157} INFO - Started process (PID=741) to work on /opt/airflow/dags/dispatcher_pipeline_dag.py
[2026-01-16T17:00:54.064+0000] {processor.py:829} INFO - Processing file /opt/airflow/dags/dispatcher_pipeline_dag.py for tasks to queue
[2026-01-16T17:00:54.066+0000] {logging_mixin.py:151} INFO - [2026-01-16T17:00:54.065+0000] {dagbag.py:539} INFO - Filling up the DagBag from /opt/airflow/dags/dispatcher_pipeline_dag.py
[2026-01-16T17:00:55.886+0000] {processor.py:839} INFO - DAG(s) dict_keys(['distillationDAG']) retrieved from /opt/airflow/dags/dispatcher_pipeline_dag.py
[2026-01-16T17:00:55.978+0000] {logging_mixin.py:151} INFO - [2026-01-16T17:00:55.977+0000] {dag.py:2915} INFO - Sync 1 DAGs
[2026-01-16T17:00:56.039+0000] {logging_mixin.py:151} INFO - [2026-01-16T17:00:56.039+0000] {dag.py:3696} INFO - Setting next_dagrun for distillationDAG to 2026-01-16T17:00:11.038650+00:00, run_after=2026-01-16T17:00:56.038650+00:00
[2026-01-16T17:00:56.087+0000] {processor.py:179} INFO - Processing /opt/airflow/dags/dispatcher_pipeline_dag.py took 2.038 seconds
[2026-01-16T17:01:26.346+0000] {processor.py:157} INFO - Started process (PID=754) to work on /opt/airflow/dags/dispatcher_pipeline_dag.py
[2026-01-16T17:01:26.349+0000] {processor.py:829} INFO - Processing file /opt/airflow/dags/dispatcher_pipeline_dag.py for tasks to queue
[2026-01-16T17:01:26.352+0000] {logging_mixin.py:151} INFO - [2026-01-16T17:01:26.351+0000] {dagbag.py:539} INFO - Filling up the DagBag from /opt/airflow/dags/dispatcher_pipeline_dag.py
[2026-01-16T17:01:28.242+0000] {processor.py:839} INFO - DAG(s) dict_keys(['distillationDAG']) retrieved from /opt/airflow/dags/dispatcher_pipeline_dag.py
[2026-01-16T17:01:28.324+0000] {logging_mixin.py:151} INFO - [2026-01-16T17:01:28.323+0000] {dag.py:2915} INFO - Sync 1 DAGs
[2026-01-16T17:01:28.378+0000] {logging_mixin.py:151} INFO - [2026-01-16T17:01:28.378+0000] {dag.py:3696} INFO - Setting next_dagrun for distillationDAG to 2026-01-16T17:00:43.378033+00:00, run_after=2026-01-16T17:01:28.378033+00:00
[2026-01-16T17:01:28.418+0000] {processor.py:179} INFO - Processing /opt/airflow/dags/dispatcher_pipeline_dag.py took 2.082 seconds
[2026-01-16T17:01:58.696+0000] {processor.py:157} INFO - Started process (PID=767) to work on /opt/airflow/dags/dispatcher_pipeline_dag.py
[2026-01-16T17:01:58.699+0000] {processor.py:829} INFO - Processing file /opt/airflow/dags/dispatcher_pipeline_dag.py for tasks to queue
[2026-01-16T17:01:58.701+0000] {logging_mixin.py:151} INFO - [2026-01-16T17:01:58.700+0000] {dagbag.py:539} INFO - Filling up the DagBag from /opt/airflow/dags/dispatcher_pipeline_dag.py
[2026-01-16T17:02:00.466+0000] {processor.py:839} INFO - DAG(s) dict_keys(['distillationDAG']) retrieved from /opt/airflow/dags/dispatcher_pipeline_dag.py
[2026-01-16T17:02:00.548+0000] {logging_mixin.py:151} INFO - [2026-01-16T17:02:00.547+0000] {dag.py:2915} INFO - Sync 1 DAGs
[2026-01-16T17:02:00.600+0000] {logging_mixin.py:151} INFO - [2026-01-16T17:02:00.600+0000] {dag.py:3696} INFO - Setting next_dagrun for distillationDAG to 2026-01-16T17:01:15.600003+00:00, run_after=2026-01-16T17:02:00.600003+00:00
[2026-01-16T17:02:00.639+0000] {processor.py:179} INFO - Processing /opt/airflow/dags/dispatcher_pipeline_dag.py took 1.953 seconds
[2026-01-16T17:02:31.037+0000] {processor.py:157} INFO - Started process (PID=780) to work on /opt/airflow/dags/dispatcher_pipeline_dag.py
[2026-01-16T17:02:31.039+0000] {processor.py:829} INFO - Processing file /opt/airflow/dags/dispatcher_pipeline_dag.py for tasks to queue
[2026-01-16T17:02:31.042+0000] {logging_mixin.py:151} INFO - [2026-01-16T17:02:31.041+0000] {dagbag.py:539} INFO - Filling up the DagBag from /opt/airflow/dags/dispatcher_pipeline_dag.py
[2026-01-16T17:02:32.940+0000] {processor.py:839} INFO - DAG(s) dict_keys(['distillationDAG']) retrieved from /opt/airflow/dags/dispatcher_pipeline_dag.py
[2026-01-16T17:02:33.021+0000] {logging_mixin.py:151} INFO - [2026-01-16T17:02:33.019+0000] {dag.py:2915} INFO - Sync 1 DAGs
[2026-01-16T17:02:33.076+0000] {logging_mixin.py:151} INFO - [2026-01-16T17:02:33.075+0000] {dag.py:3696} INFO - Setting next_dagrun for distillationDAG to 2026-01-16T17:01:48.075382+00:00, run_after=2026-01-16T17:02:33.075382+00:00
[2026-01-16T17:02:33.116+0000] {processor.py:179} INFO - Processing /opt/airflow/dags/dispatcher_pipeline_dag.py took 2.100 seconds
[2026-01-16T17:03:03.378+0000] {processor.py:157} INFO - Started process (PID=793) to work on /opt/airflow/dags/dispatcher_pipeline_dag.py
[2026-01-16T17:03:03.380+0000] {processor.py:829} INFO - Processing file /opt/airflow/dags/dispatcher_pipeline_dag.py for tasks to queue
[2026-01-16T17:03:03.383+0000] {logging_mixin.py:151} INFO - [2026-01-16T17:03:03.382+0000] {dagbag.py:539} INFO - Filling up the DagBag from /opt/airflow/dags/dispatcher_pipeline_dag.py
[2026-01-16T17:03:05.168+0000] {processor.py:839} INFO - DAG(s) dict_keys(['distillationDAG']) retrieved from /opt/airflow/dags/dispatcher_pipeline_dag.py
[2026-01-16T17:03:05.244+0000] {logging_mixin.py:151} INFO - [2026-01-16T17:03:05.243+0000] {dag.py:2915} INFO - Sync 1 DAGs
[2026-01-16T17:03:05.299+0000] {logging_mixin.py:151} INFO - [2026-01-16T17:03:05.298+0000] {dag.py:3696} INFO - Setting next_dagrun for distillationDAG to 2026-01-16T17:02:20.298494+00:00, run_after=2026-01-16T17:03:05.298494+00:00
[2026-01-16T17:03:05.338+0000] {processor.py:179} INFO - Processing /opt/airflow/dags/dispatcher_pipeline_dag.py took 1.971 seconds
[2026-01-16T17:03:35.622+0000] {processor.py:157} INFO - Started process (PID=806) to work on /opt/airflow/dags/dispatcher_pipeline_dag.py
[2026-01-16T17:03:35.624+0000] {processor.py:829} INFO - Processing file /opt/airflow/dags/dispatcher_pipeline_dag.py for tasks to queue
[2026-01-16T17:03:35.627+0000] {logging_mixin.py:151} INFO - [2026-01-16T17:03:35.625+0000] {dagbag.py:539} INFO - Filling up the DagBag from /opt/airflow/dags/dispatcher_pipeline_dag.py
[2026-01-16T17:03:37.420+0000] {processor.py:839} INFO - DAG(s) dict_keys(['distillationDAG']) retrieved from /opt/airflow/dags/dispatcher_pipeline_dag.py
[2026-01-16T17:03:37.499+0000] {logging_mixin.py:151} INFO - [2026-01-16T17:03:37.498+0000] {dag.py:2915} INFO - Sync 1 DAGs
[2026-01-16T17:03:37.552+0000] {logging_mixin.py:151} INFO - [2026-01-16T17:03:37.551+0000] {dag.py:3696} INFO - Setting next_dagrun for distillationDAG to 2026-01-16T17:02:52.551192+00:00, run_after=2026-01-16T17:03:37.551192+00:00
[2026-01-16T17:03:37.591+0000] {processor.py:179} INFO - Processing /opt/airflow/dags/dispatcher_pipeline_dag.py took 1.981 seconds
[2026-01-16T17:04:07.862+0000] {processor.py:157} INFO - Started process (PID=819) to work on /opt/airflow/dags/dispatcher_pipeline_dag.py
[2026-01-16T17:04:07.864+0000] {processor.py:829} INFO - Processing file /opt/airflow/dags/dispatcher_pipeline_dag.py for tasks to queue
[2026-01-16T17:04:07.866+0000] {logging_mixin.py:151} INFO - [2026-01-16T17:04:07.865+0000] {dagbag.py:539} INFO - Filling up the DagBag from /opt/airflow/dags/dispatcher_pipeline_dag.py
[2026-01-16T17:04:09.658+0000] {processor.py:839} INFO - DAG(s) dict_keys(['distillationDAG']) retrieved from /opt/airflow/dags/dispatcher_pipeline_dag.py
[2026-01-16T17:04:09.738+0000] {logging_mixin.py:151} INFO - [2026-01-16T17:04:09.737+0000] {dag.py:2915} INFO - Sync 1 DAGs
[2026-01-16T17:04:09.790+0000] {logging_mixin.py:151} INFO - [2026-01-16T17:04:09.790+0000] {dag.py:3696} INFO - Setting next_dagrun for distillationDAG to 2026-01-16T17:03:24.789975+00:00, run_after=2026-01-16T17:04:09.789975+00:00
[2026-01-16T17:04:09.829+0000] {processor.py:179} INFO - Processing /opt/airflow/dags/dispatcher_pipeline_dag.py took 1.979 seconds
[2026-01-16T17:04:40.109+0000] {processor.py:157} INFO - Started process (PID=832) to work on /opt/airflow/dags/dispatcher_pipeline_dag.py
[2026-01-16T17:04:40.112+0000] {processor.py:829} INFO - Processing file /opt/airflow/dags/dispatcher_pipeline_dag.py for tasks to queue
[2026-01-16T17:04:40.114+0000] {logging_mixin.py:151} INFO - [2026-01-16T17:04:40.113+0000] {dagbag.py:539} INFO - Filling up the DagBag from /opt/airflow/dags/dispatcher_pipeline_dag.py
[2026-01-16T17:04:41.991+0000] {processor.py:839} INFO - DAG(s) dict_keys(['distillationDAG']) retrieved from /opt/airflow/dags/dispatcher_pipeline_dag.py
[2026-01-16T17:04:42.068+0000] {logging_mixin.py:151} INFO - [2026-01-16T17:04:42.067+0000] {dag.py:2915} INFO - Sync 1 DAGs
[2026-01-16T17:04:42.122+0000] {logging_mixin.py:151} INFO - [2026-01-16T17:04:42.122+0000] {dag.py:3696} INFO - Setting next_dagrun for distillationDAG to 2026-01-16T17:03:57.121536+00:00, run_after=2026-01-16T17:04:42.121536+00:00
[2026-01-16T17:04:42.164+0000] {processor.py:179} INFO - Processing /opt/airflow/dags/dispatcher_pipeline_dag.py took 2.067 seconds
[2026-01-16T17:05:12.460+0000] {processor.py:157} INFO - Started process (PID=845) to work on /opt/airflow/dags/dispatcher_pipeline_dag.py
[2026-01-16T17:05:12.463+0000] {processor.py:829} INFO - Processing file /opt/airflow/dags/dispatcher_pipeline_dag.py for tasks to queue
[2026-01-16T17:05:12.465+0000] {logging_mixin.py:151} INFO - [2026-01-16T17:05:12.464+0000] {dagbag.py:539} INFO - Filling up the DagBag from /opt/airflow/dags/dispatcher_pipeline_dag.py
[2026-01-16T17:05:14.333+0000] {processor.py:839} INFO - DAG(s) dict_keys(['distillationDAG']) retrieved from /opt/airflow/dags/dispatcher_pipeline_dag.py
[2026-01-16T17:05:14.419+0000] {logging_mixin.py:151} INFO - [2026-01-16T17:05:14.418+0000] {dag.py:2915} INFO - Sync 1 DAGs
[2026-01-16T17:05:14.477+0000] {logging_mixin.py:151} INFO - [2026-01-16T17:05:14.476+0000] {dag.py:3696} INFO - Setting next_dagrun for distillationDAG to 2026-01-16T17:04:29.476136+00:00, run_after=2026-01-16T17:05:14.476136+00:00
[2026-01-16T17:05:14.522+0000] {processor.py:179} INFO - Processing /opt/airflow/dags/dispatcher_pipeline_dag.py took 2.074 seconds
[2026-01-16T17:05:44.809+0000] {processor.py:157} INFO - Started process (PID=858) to work on /opt/airflow/dags/dispatcher_pipeline_dag.py
[2026-01-16T17:05:44.811+0000] {processor.py:829} INFO - Processing file /opt/airflow/dags/dispatcher_pipeline_dag.py for tasks to queue
[2026-01-16T17:05:44.814+0000] {logging_mixin.py:151} INFO - [2026-01-16T17:05:44.813+0000] {dagbag.py:539} INFO - Filling up the DagBag from /opt/airflow/dags/dispatcher_pipeline_dag.py
[2026-01-16T17:05:46.632+0000] {processor.py:839} INFO - DAG(s) dict_keys(['distillationDAG']) retrieved from /opt/airflow/dags/dispatcher_pipeline_dag.py
[2026-01-16T17:05:46.709+0000] {logging_mixin.py:151} INFO - [2026-01-16T17:05:46.708+0000] {dag.py:2915} INFO - Sync 1 DAGs
[2026-01-16T17:05:46.763+0000] {logging_mixin.py:151} INFO - [2026-01-16T17:05:46.762+0000] {dag.py:3696} INFO - Setting next_dagrun for distillationDAG to 2026-01-16T17:05:01.762532+00:00, run_after=2026-01-16T17:05:46.762532+00:00
[2026-01-16T17:05:46.806+0000] {processor.py:179} INFO - Processing /opt/airflow/dags/dispatcher_pipeline_dag.py took 2.007 seconds
[2026-01-16T17:06:17.081+0000] {processor.py:157} INFO - Started process (PID=871) to work on /opt/airflow/dags/dispatcher_pipeline_dag.py
[2026-01-16T17:06:17.084+0000] {processor.py:829} INFO - Processing file /opt/airflow/dags/dispatcher_pipeline_dag.py for tasks to queue
[2026-01-16T17:06:17.086+0000] {logging_mixin.py:151} INFO - [2026-01-16T17:06:17.085+0000] {dagbag.py:539} INFO - Filling up the DagBag from /opt/airflow/dags/dispatcher_pipeline_dag.py
[2026-01-16T17:06:18.858+0000] {processor.py:839} INFO - DAG(s) dict_keys(['distillationDAG']) retrieved from /opt/airflow/dags/dispatcher_pipeline_dag.py
[2026-01-16T17:06:18.936+0000] {logging_mixin.py:151} INFO - [2026-01-16T17:06:18.935+0000] {dag.py:2915} INFO - Sync 1 DAGs
[2026-01-16T17:06:18.988+0000] {logging_mixin.py:151} INFO - [2026-01-16T17:06:18.987+0000] {dag.py:3696} INFO - Setting next_dagrun for distillationDAG to 2026-01-16T17:05:33.987330+00:00, run_after=2026-01-16T17:06:18.987330+00:00
[2026-01-16T17:06:19.025+0000] {processor.py:179} INFO - Processing /opt/airflow/dags/dispatcher_pipeline_dag.py took 1.955 seconds
[2026-01-16T17:06:49.440+0000] {processor.py:157} INFO - Started process (PID=884) to work on /opt/airflow/dags/dispatcher_pipeline_dag.py
[2026-01-16T17:06:49.443+0000] {processor.py:829} INFO - Processing file /opt/airflow/dags/dispatcher_pipeline_dag.py for tasks to queue
[2026-01-16T17:06:49.445+0000] {logging_mixin.py:151} INFO - [2026-01-16T17:06:49.444+0000] {dagbag.py:539} INFO - Filling up the DagBag from /opt/airflow/dags/dispatcher_pipeline_dag.py
[2026-01-16T17:06:51.225+0000] {processor.py:839} INFO - DAG(s) dict_keys(['distillationDAG']) retrieved from /opt/airflow/dags/dispatcher_pipeline_dag.py
[2026-01-16T17:06:51.300+0000] {logging_mixin.py:151} INFO - [2026-01-16T17:06:51.299+0000] {dag.py:2915} INFO - Sync 1 DAGs
[2026-01-16T17:06:51.352+0000] {logging_mixin.py:151} INFO - [2026-01-16T17:06:51.351+0000] {dag.py:3696} INFO - Setting next_dagrun for distillationDAG to 2026-01-16T17:06:06.351164+00:00, run_after=2026-01-16T17:06:51.351164+00:00
[2026-01-16T17:06:51.390+0000] {processor.py:179} INFO - Processing /opt/airflow/dags/dispatcher_pipeline_dag.py took 1.961 seconds
[2026-01-16T17:07:21.689+0000] {processor.py:157} INFO - Started process (PID=897) to work on /opt/airflow/dags/dispatcher_pipeline_dag.py
[2026-01-16T17:07:21.692+0000] {processor.py:829} INFO - Processing file /opt/airflow/dags/dispatcher_pipeline_dag.py for tasks to queue
[2026-01-16T17:07:21.694+0000] {logging_mixin.py:151} INFO - [2026-01-16T17:07:21.693+0000] {dagbag.py:539} INFO - Filling up the DagBag from /opt/airflow/dags/dispatcher_pipeline_dag.py
[2026-01-16T17:07:23.467+0000] {processor.py:839} INFO - DAG(s) dict_keys(['distillationDAG']) retrieved from /opt/airflow/dags/dispatcher_pipeline_dag.py
[2026-01-16T17:07:23.543+0000] {logging_mixin.py:151} INFO - [2026-01-16T17:07:23.542+0000] {dag.py:2915} INFO - Sync 1 DAGs
[2026-01-16T17:07:23.598+0000] {logging_mixin.py:151} INFO - [2026-01-16T17:07:23.597+0000] {dag.py:3696} INFO - Setting next_dagrun for distillationDAG to 2026-01-16T17:06:38.597506+00:00, run_after=2026-01-16T17:07:23.597506+00:00
[2026-01-16T17:07:23.637+0000] {processor.py:179} INFO - Processing /opt/airflow/dags/dispatcher_pipeline_dag.py took 1.959 seconds
[2026-01-16T17:07:53.953+0000] {processor.py:157} INFO - Started process (PID=910) to work on /opt/airflow/dags/dispatcher_pipeline_dag.py
[2026-01-16T17:07:53.956+0000] {processor.py:829} INFO - Processing file /opt/airflow/dags/dispatcher_pipeline_dag.py for tasks to queue
[2026-01-16T17:07:53.958+0000] {logging_mixin.py:151} INFO - [2026-01-16T17:07:53.957+0000] {dagbag.py:539} INFO - Filling up the DagBag from /opt/airflow/dags/dispatcher_pipeline_dag.py
[2026-01-16T17:07:55.738+0000] {processor.py:839} INFO - DAG(s) dict_keys(['distillationDAG']) retrieved from /opt/airflow/dags/dispatcher_pipeline_dag.py
[2026-01-16T17:07:55.813+0000] {logging_mixin.py:151} INFO - [2026-01-16T17:07:55.812+0000] {dag.py:2915} INFO - Sync 1 DAGs
[2026-01-16T17:07:55.867+0000] {logging_mixin.py:151} INFO - [2026-01-16T17:07:55.867+0000] {dag.py:3696} INFO - Setting next_dagrun for distillationDAG to 2026-01-16T17:07:10.867060+00:00, run_after=2026-01-16T17:07:55.867060+00:00
[2026-01-16T17:07:55.905+0000] {processor.py:179} INFO - Processing /opt/airflow/dags/dispatcher_pipeline_dag.py took 1.963 seconds
[2026-01-16T17:08:26.198+0000] {processor.py:157} INFO - Started process (PID=923) to work on /opt/airflow/dags/dispatcher_pipeline_dag.py
[2026-01-16T17:08:26.202+0000] {processor.py:829} INFO - Processing file /opt/airflow/dags/dispatcher_pipeline_dag.py for tasks to queue
[2026-01-16T17:08:26.204+0000] {logging_mixin.py:151} INFO - [2026-01-16T17:08:26.203+0000] {dagbag.py:539} INFO - Filling up the DagBag from /opt/airflow/dags/dispatcher_pipeline_dag.py
[2026-01-16T17:08:27.971+0000] {processor.py:839} INFO - DAG(s) dict_keys(['distillationDAG']) retrieved from /opt/airflow/dags/dispatcher_pipeline_dag.py
[2026-01-16T17:08:28.049+0000] {logging_mixin.py:151} INFO - [2026-01-16T17:08:28.048+0000] {dag.py:2915} INFO - Sync 1 DAGs
[2026-01-16T17:08:28.101+0000] {logging_mixin.py:151} INFO - [2026-01-16T17:08:28.100+0000] {dag.py:3696} INFO - Setting next_dagrun for distillationDAG to 2026-01-16T17:07:43.100306+00:00, run_after=2026-01-16T17:08:28.100306+00:00
[2026-01-16T17:08:28.140+0000] {processor.py:179} INFO - Processing /opt/airflow/dags/dispatcher_pipeline_dag.py took 1.953 seconds
[2026-01-16T17:08:58.466+0000] {processor.py:157} INFO - Started process (PID=936) to work on /opt/airflow/dags/dispatcher_pipeline_dag.py
[2026-01-16T17:08:58.468+0000] {processor.py:829} INFO - Processing file /opt/airflow/dags/dispatcher_pipeline_dag.py for tasks to queue
[2026-01-16T17:08:58.470+0000] {logging_mixin.py:151} INFO - [2026-01-16T17:08:58.469+0000] {dagbag.py:539} INFO - Filling up the DagBag from /opt/airflow/dags/dispatcher_pipeline_dag.py
[2026-01-16T17:09:00.278+0000] {processor.py:839} INFO - DAG(s) dict_keys(['distillationDAG']) retrieved from /opt/airflow/dags/dispatcher_pipeline_dag.py
[2026-01-16T17:09:00.359+0000] {logging_mixin.py:151} INFO - [2026-01-16T17:09:00.358+0000] {dag.py:2915} INFO - Sync 1 DAGs
[2026-01-16T17:09:00.414+0000] {logging_mixin.py:151} INFO - [2026-01-16T17:09:00.413+0000] {dag.py:3696} INFO - Setting next_dagrun for distillationDAG to 2026-01-16T17:08:15.413457+00:00, run_after=2026-01-16T17:09:00.413457+00:00
[2026-01-16T17:09:00.452+0000] {processor.py:179} INFO - Processing /opt/airflow/dags/dispatcher_pipeline_dag.py took 1.996 seconds
[2026-01-16T17:09:30.742+0000] {processor.py:157} INFO - Started process (PID=949) to work on /opt/airflow/dags/dispatcher_pipeline_dag.py
[2026-01-16T17:09:30.745+0000] {processor.py:829} INFO - Processing file /opt/airflow/dags/dispatcher_pipeline_dag.py for tasks to queue
[2026-01-16T17:09:30.748+0000] {logging_mixin.py:151} INFO - [2026-01-16T17:09:30.747+0000] {dagbag.py:539} INFO - Filling up the DagBag from /opt/airflow/dags/dispatcher_pipeline_dag.py
[2026-01-16T17:09:32.681+0000] {processor.py:839} INFO - DAG(s) dict_keys(['distillationDAG']) retrieved from /opt/airflow/dags/dispatcher_pipeline_dag.py
[2026-01-16T17:09:32.765+0000] {logging_mixin.py:151} INFO - [2026-01-16T17:09:32.762+0000] {dag.py:2915} INFO - Sync 1 DAGs
[2026-01-16T17:09:32.825+0000] {logging_mixin.py:151} INFO - [2026-01-16T17:09:32.825+0000] {dag.py:3696} INFO - Setting next_dagrun for distillationDAG to 2026-01-16T17:08:47.824725+00:00, run_after=2026-01-16T17:09:32.824725+00:00
[2026-01-16T17:09:32.869+0000] {processor.py:179} INFO - Processing /opt/airflow/dags/dispatcher_pipeline_dag.py took 2.140 seconds
[2026-01-16T17:10:03.226+0000] {processor.py:157} INFO - Started process (PID=962) to work on /opt/airflow/dags/dispatcher_pipeline_dag.py
[2026-01-16T17:10:03.229+0000] {processor.py:829} INFO - Processing file /opt/airflow/dags/dispatcher_pipeline_dag.py for tasks to queue
[2026-01-16T17:10:03.231+0000] {logging_mixin.py:151} INFO - [2026-01-16T17:10:03.230+0000] {dagbag.py:539} INFO - Filling up the DagBag from /opt/airflow/dags/dispatcher_pipeline_dag.py
[2026-01-16T17:10:05.037+0000] {processor.py:839} INFO - DAG(s) dict_keys(['distillationDAG']) retrieved from /opt/airflow/dags/dispatcher_pipeline_dag.py
[2026-01-16T17:10:05.115+0000] {logging_mixin.py:151} INFO - [2026-01-16T17:10:05.114+0000] {dag.py:2915} INFO - Sync 1 DAGs
[2026-01-16T17:10:05.172+0000] {logging_mixin.py:151} INFO - [2026-01-16T17:10:05.171+0000] {dag.py:3696} INFO - Setting next_dagrun for distillationDAG to 2026-01-16T17:09:20.171530+00:00, run_after=2026-01-16T17:10:05.171530+00:00
[2026-01-16T17:10:05.213+0000] {processor.py:179} INFO - Processing /opt/airflow/dags/dispatcher_pipeline_dag.py took 1.997 seconds
[2026-01-16T17:10:35.490+0000] {processor.py:157} INFO - Started process (PID=975) to work on /opt/airflow/dags/dispatcher_pipeline_dag.py
[2026-01-16T17:10:35.492+0000] {processor.py:829} INFO - Processing file /opt/airflow/dags/dispatcher_pipeline_dag.py for tasks to queue
[2026-01-16T17:10:35.495+0000] {logging_mixin.py:151} INFO - [2026-01-16T17:10:35.494+0000] {dagbag.py:539} INFO - Filling up the DagBag from /opt/airflow/dags/dispatcher_pipeline_dag.py
[2026-01-16T17:10:37.328+0000] {processor.py:839} INFO - DAG(s) dict_keys(['distillationDAG']) retrieved from /opt/airflow/dags/dispatcher_pipeline_dag.py
[2026-01-16T17:10:37.411+0000] {logging_mixin.py:151} INFO - [2026-01-16T17:10:37.410+0000] {dag.py:2915} INFO - Sync 1 DAGs
[2026-01-16T17:10:37.471+0000] {logging_mixin.py:151} INFO - [2026-01-16T17:10:37.470+0000] {dag.py:3696} INFO - Setting next_dagrun for distillationDAG to 2026-01-16T17:09:52.470464+00:00, run_after=2026-01-16T17:10:37.470464+00:00
[2026-01-16T17:10:37.522+0000] {processor.py:179} INFO - Processing /opt/airflow/dags/dispatcher_pipeline_dag.py took 2.045 seconds
[2026-01-16T17:11:07.832+0000] {processor.py:157} INFO - Started process (PID=991) to work on /opt/airflow/dags/dispatcher_pipeline_dag.py
[2026-01-16T17:11:07.834+0000] {processor.py:829} INFO - Processing file /opt/airflow/dags/dispatcher_pipeline_dag.py for tasks to queue
[2026-01-16T17:11:07.836+0000] {logging_mixin.py:151} INFO - [2026-01-16T17:11:07.835+0000] {dagbag.py:539} INFO - Filling up the DagBag from /opt/airflow/dags/dispatcher_pipeline_dag.py
[2026-01-16T17:11:09.644+0000] {processor.py:839} INFO - DAG(s) dict_keys(['distillationDAG']) retrieved from /opt/airflow/dags/dispatcher_pipeline_dag.py
[2026-01-16T17:11:09.722+0000] {logging_mixin.py:151} INFO - [2026-01-16T17:11:09.721+0000] {dag.py:2915} INFO - Sync 1 DAGs
[2026-01-16T17:11:09.774+0000] {logging_mixin.py:151} INFO - [2026-01-16T17:11:09.773+0000] {dag.py:3696} INFO - Setting next_dagrun for distillationDAG to 2026-01-16T17:10:24.773481+00:00, run_after=2026-01-16T17:11:09.773481+00:00
[2026-01-16T17:11:09.813+0000] {processor.py:179} INFO - Processing /opt/airflow/dags/dispatcher_pipeline_dag.py took 1.991 seconds
[2026-01-16T17:11:40.092+0000] {processor.py:157} INFO - Started process (PID=1006) to work on /opt/airflow/dags/dispatcher_pipeline_dag.py
[2026-01-16T17:11:40.094+0000] {processor.py:829} INFO - Processing file /opt/airflow/dags/dispatcher_pipeline_dag.py for tasks to queue
[2026-01-16T17:11:40.096+0000] {logging_mixin.py:151} INFO - [2026-01-16T17:11:40.095+0000] {dagbag.py:539} INFO - Filling up the DagBag from /opt/airflow/dags/dispatcher_pipeline_dag.py
[2026-01-16T17:11:41.911+0000] {processor.py:839} INFO - DAG(s) dict_keys(['distillationDAG']) retrieved from /opt/airflow/dags/dispatcher_pipeline_dag.py
[2026-01-16T17:11:41.990+0000] {logging_mixin.py:151} INFO - [2026-01-16T17:11:41.989+0000] {dag.py:2915} INFO - Sync 1 DAGs
[2026-01-16T17:11:42.046+0000] {logging_mixin.py:151} INFO - [2026-01-16T17:11:42.045+0000] {dag.py:3696} INFO - Setting next_dagrun for distillationDAG to 2026-01-16T17:10:57.045526+00:00, run_after=2026-01-16T17:11:42.045526+00:00
[2026-01-16T17:11:42.085+0000] {processor.py:179} INFO - Processing /opt/airflow/dags/dispatcher_pipeline_dag.py took 2.003 seconds
[2026-01-16T17:12:12.347+0000] {processor.py:157} INFO - Started process (PID=1021) to work on /opt/airflow/dags/dispatcher_pipeline_dag.py
[2026-01-16T17:12:12.350+0000] {processor.py:829} INFO - Processing file /opt/airflow/dags/dispatcher_pipeline_dag.py for tasks to queue
[2026-01-16T17:12:12.352+0000] {logging_mixin.py:151} INFO - [2026-01-16T17:12:12.351+0000] {dagbag.py:539} INFO - Filling up the DagBag from /opt/airflow/dags/dispatcher_pipeline_dag.py
[2026-01-16T17:12:14.106+0000] {processor.py:839} INFO - DAG(s) dict_keys(['distillationDAG']) retrieved from /opt/airflow/dags/dispatcher_pipeline_dag.py
[2026-01-16T17:12:14.182+0000] {logging_mixin.py:151} INFO - [2026-01-16T17:12:14.181+0000] {dag.py:2915} INFO - Sync 1 DAGs
[2026-01-16T17:12:14.236+0000] {logging_mixin.py:151} INFO - [2026-01-16T17:12:14.236+0000] {dag.py:3696} INFO - Setting next_dagrun for distillationDAG to 2026-01-16T17:11:29.235908+00:00, run_after=2026-01-16T17:12:14.235908+00:00
[2026-01-16T17:12:14.276+0000] {processor.py:179} INFO - Processing /opt/airflow/dags/dispatcher_pipeline_dag.py took 1.939 seconds
[2026-01-16T17:12:44.646+0000] {processor.py:157} INFO - Started process (PID=1034) to work on /opt/airflow/dags/dispatcher_pipeline_dag.py
[2026-01-16T17:12:44.648+0000] {processor.py:829} INFO - Processing file /opt/airflow/dags/dispatcher_pipeline_dag.py for tasks to queue
[2026-01-16T17:12:44.650+0000] {logging_mixin.py:151} INFO - [2026-01-16T17:12:44.649+0000] {dagbag.py:539} INFO - Filling up the DagBag from /opt/airflow/dags/dispatcher_pipeline_dag.py
[2026-01-16T17:12:46.407+0000] {processor.py:839} INFO - DAG(s) dict_keys(['distillationDAG']) retrieved from /opt/airflow/dags/dispatcher_pipeline_dag.py
[2026-01-16T17:12:46.484+0000] {logging_mixin.py:151} INFO - [2026-01-16T17:12:46.483+0000] {dag.py:2915} INFO - Sync 1 DAGs
[2026-01-16T17:12:46.539+0000] {logging_mixin.py:151} INFO - [2026-01-16T17:12:46.538+0000] {dag.py:3696} INFO - Setting next_dagrun for distillationDAG to 2026-01-16T17:12:01.538136+00:00, run_after=2026-01-16T17:12:46.538136+00:00
[2026-01-16T17:12:46.577+0000] {processor.py:179} INFO - Processing /opt/airflow/dags/dispatcher_pipeline_dag.py took 1.940 seconds
[2026-01-16T17:13:16.870+0000] {processor.py:157} INFO - Started process (PID=1047) to work on /opt/airflow/dags/dispatcher_pipeline_dag.py
[2026-01-16T17:13:16.872+0000] {processor.py:829} INFO - Processing file /opt/airflow/dags/dispatcher_pipeline_dag.py for tasks to queue
[2026-01-16T17:13:16.875+0000] {logging_mixin.py:151} INFO - [2026-01-16T17:13:16.874+0000] {dagbag.py:539} INFO - Filling up the DagBag from /opt/airflow/dags/dispatcher_pipeline_dag.py
[2026-01-16T17:13:18.641+0000] {processor.py:839} INFO - DAG(s) dict_keys(['distillationDAG']) retrieved from /opt/airflow/dags/dispatcher_pipeline_dag.py
[2026-01-16T17:13:18.718+0000] {logging_mixin.py:151} INFO - [2026-01-16T17:13:18.717+0000] {dag.py:2915} INFO - Sync 1 DAGs
[2026-01-16T17:13:18.771+0000] {logging_mixin.py:151} INFO - [2026-01-16T17:13:18.770+0000] {dag.py:3696} INFO - Setting next_dagrun for distillationDAG to 2026-01-16T17:12:33.770221+00:00, run_after=2026-01-16T17:13:18.770221+00:00
[2026-01-16T17:13:18.809+0000] {processor.py:179} INFO - Processing /opt/airflow/dags/dispatcher_pipeline_dag.py took 1.950 seconds
[2026-01-16T17:13:49.185+0000] {processor.py:157} INFO - Started process (PID=1060) to work on /opt/airflow/dags/dispatcher_pipeline_dag.py
[2026-01-16T17:13:49.188+0000] {processor.py:829} INFO - Processing file /opt/airflow/dags/dispatcher_pipeline_dag.py for tasks to queue
[2026-01-16T17:13:49.190+0000] {logging_mixin.py:151} INFO - [2026-01-16T17:13:49.189+0000] {dagbag.py:539} INFO - Filling up the DagBag from /opt/airflow/dags/dispatcher_pipeline_dag.py
[2026-01-16T17:13:50.959+0000] {processor.py:839} INFO - DAG(s) dict_keys(['distillationDAG']) retrieved from /opt/airflow/dags/dispatcher_pipeline_dag.py
[2026-01-16T17:13:51.037+0000] {logging_mixin.py:151} INFO - [2026-01-16T17:13:51.036+0000] {dag.py:2915} INFO - Sync 1 DAGs
[2026-01-16T17:13:51.089+0000] {logging_mixin.py:151} INFO - [2026-01-16T17:13:51.089+0000] {dag.py:3696} INFO - Setting next_dagrun for distillationDAG to 2026-01-16T17:13:06.088883+00:00, run_after=2026-01-16T17:13:51.088883+00:00
[2026-01-16T17:13:51.128+0000] {processor.py:179} INFO - Processing /opt/airflow/dags/dispatcher_pipeline_dag.py took 1.954 seconds
[2026-01-16T17:14:21.423+0000] {processor.py:157} INFO - Started process (PID=1073) to work on /opt/airflow/dags/dispatcher_pipeline_dag.py
[2026-01-16T17:14:21.426+0000] {processor.py:829} INFO - Processing file /opt/airflow/dags/dispatcher_pipeline_dag.py for tasks to queue
[2026-01-16T17:14:21.428+0000] {logging_mixin.py:151} INFO - [2026-01-16T17:14:21.427+0000] {dagbag.py:539} INFO - Filling up the DagBag from /opt/airflow/dags/dispatcher_pipeline_dag.py
[2026-01-16T17:14:23.211+0000] {processor.py:839} INFO - DAG(s) dict_keys(['distillationDAG']) retrieved from /opt/airflow/dags/dispatcher_pipeline_dag.py
[2026-01-16T17:14:23.288+0000] {logging_mixin.py:151} INFO - [2026-01-16T17:14:23.287+0000] {dag.py:2915} INFO - Sync 1 DAGs
[2026-01-16T17:14:23.344+0000] {logging_mixin.py:151} INFO - [2026-01-16T17:14:23.344+0000] {dag.py:3696} INFO - Setting next_dagrun for distillationDAG to 2026-01-16T17:13:38.343680+00:00, run_after=2026-01-16T17:14:23.343680+00:00
[2026-01-16T17:14:23.383+0000] {processor.py:179} INFO - Processing /opt/airflow/dags/dispatcher_pipeline_dag.py took 1.971 seconds
[2026-01-16T17:14:53.690+0000] {processor.py:157} INFO - Started process (PID=1086) to work on /opt/airflow/dags/dispatcher_pipeline_dag.py
[2026-01-16T17:14:53.692+0000] {processor.py:829} INFO - Processing file /opt/airflow/dags/dispatcher_pipeline_dag.py for tasks to queue
[2026-01-16T17:14:53.695+0000] {logging_mixin.py:151} INFO - [2026-01-16T17:14:53.694+0000] {dagbag.py:539} INFO - Filling up the DagBag from /opt/airflow/dags/dispatcher_pipeline_dag.py
[2026-01-16T17:14:55.496+0000] {processor.py:839} INFO - DAG(s) dict_keys(['distillationDAG']) retrieved from /opt/airflow/dags/dispatcher_pipeline_dag.py
[2026-01-16T17:14:55.575+0000] {logging_mixin.py:151} INFO - [2026-01-16T17:14:55.574+0000] {dag.py:2915} INFO - Sync 1 DAGs
[2026-01-16T17:14:55.628+0000] {logging_mixin.py:151} INFO - [2026-01-16T17:14:55.627+0000] {dag.py:3696} INFO - Setting next_dagrun for distillationDAG to 2026-01-16T17:14:10.627489+00:00, run_after=2026-01-16T17:14:55.627489+00:00
[2026-01-16T17:14:55.666+0000] {processor.py:179} INFO - Processing /opt/airflow/dags/dispatcher_pipeline_dag.py took 1.987 seconds
[2026-01-16T17:15:25.935+0000] {processor.py:157} INFO - Started process (PID=1099) to work on /opt/airflow/dags/dispatcher_pipeline_dag.py
[2026-01-16T17:15:25.938+0000] {processor.py:829} INFO - Processing file /opt/airflow/dags/dispatcher_pipeline_dag.py for tasks to queue
[2026-01-16T17:15:25.941+0000] {logging_mixin.py:151} INFO - [2026-01-16T17:15:25.939+0000] {dagbag.py:539} INFO - Filling up the DagBag from /opt/airflow/dags/dispatcher_pipeline_dag.py
[2026-01-16T17:15:27.737+0000] {processor.py:839} INFO - DAG(s) dict_keys(['distillationDAG']) retrieved from /opt/airflow/dags/dispatcher_pipeline_dag.py
[2026-01-16T17:15:27.816+0000] {logging_mixin.py:151} INFO - [2026-01-16T17:15:27.815+0000] {dag.py:2915} INFO - Sync 1 DAGs
[2026-01-16T17:15:27.868+0000] {logging_mixin.py:151} INFO - [2026-01-16T17:15:27.868+0000] {dag.py:3696} INFO - Setting next_dagrun for distillationDAG to 2026-01-16T17:14:42.867641+00:00, run_after=2026-01-16T17:15:27.867641+00:00
[2026-01-16T17:15:27.906+0000] {processor.py:179} INFO - Processing /opt/airflow/dags/dispatcher_pipeline_dag.py took 1.982 seconds
[2026-01-16T17:15:58.174+0000] {processor.py:157} INFO - Started process (PID=1112) to work on /opt/airflow/dags/dispatcher_pipeline_dag.py
[2026-01-16T17:15:58.177+0000] {processor.py:829} INFO - Processing file /opt/airflow/dags/dispatcher_pipeline_dag.py for tasks to queue
[2026-01-16T17:15:58.180+0000] {logging_mixin.py:151} INFO - [2026-01-16T17:15:58.179+0000] {dagbag.py:539} INFO - Filling up the DagBag from /opt/airflow/dags/dispatcher_pipeline_dag.py
[2026-01-16T17:15:59.977+0000] {processor.py:839} INFO - DAG(s) dict_keys(['distillationDAG']) retrieved from /opt/airflow/dags/dispatcher_pipeline_dag.py
[2026-01-16T17:16:00.052+0000] {logging_mixin.py:151} INFO - [2026-01-16T17:16:00.051+0000] {dag.py:2915} INFO - Sync 1 DAGs
[2026-01-16T17:16:00.104+0000] {logging_mixin.py:151} INFO - [2026-01-16T17:16:00.104+0000] {dag.py:3696} INFO - Setting next_dagrun for distillationDAG to 2026-01-16T17:15:15.103571+00:00, run_after=2026-01-16T17:16:00.103571+00:00
[2026-01-16T17:16:00.143+0000] {processor.py:179} INFO - Processing /opt/airflow/dags/dispatcher_pipeline_dag.py took 1.980 seconds
[2026-01-16T17:16:30.404+0000] {processor.py:157} INFO - Started process (PID=1125) to work on /opt/airflow/dags/dispatcher_pipeline_dag.py
[2026-01-16T17:16:30.406+0000] {processor.py:829} INFO - Processing file /opt/airflow/dags/dispatcher_pipeline_dag.py for tasks to queue
[2026-01-16T17:16:30.408+0000] {logging_mixin.py:151} INFO - [2026-01-16T17:16:30.407+0000] {dagbag.py:539} INFO - Filling up the DagBag from /opt/airflow/dags/dispatcher_pipeline_dag.py
[2026-01-16T17:16:32.153+0000] {processor.py:839} INFO - DAG(s) dict_keys(['distillationDAG']) retrieved from /opt/airflow/dags/dispatcher_pipeline_dag.py
[2026-01-16T17:16:32.228+0000] {logging_mixin.py:151} INFO - [2026-01-16T17:16:32.227+0000] {dag.py:2915} INFO - Sync 1 DAGs
[2026-01-16T17:16:32.283+0000] {logging_mixin.py:151} INFO - [2026-01-16T17:16:32.282+0000] {dag.py:3696} INFO - Setting next_dagrun for distillationDAG to 2026-01-16T17:15:47.282467+00:00, run_after=2026-01-16T17:16:32.282467+00:00
[2026-01-16T17:16:32.322+0000] {processor.py:179} INFO - Processing /opt/airflow/dags/dispatcher_pipeline_dag.py took 1.928 seconds
[2026-01-16T17:17:02.714+0000] {processor.py:157} INFO - Started process (PID=1138) to work on /opt/airflow/dags/dispatcher_pipeline_dag.py
[2026-01-16T17:17:02.717+0000] {processor.py:829} INFO - Processing file /opt/airflow/dags/dispatcher_pipeline_dag.py for tasks to queue
[2026-01-16T17:17:02.719+0000] {logging_mixin.py:151} INFO - [2026-01-16T17:17:02.718+0000] {dagbag.py:539} INFO - Filling up the DagBag from /opt/airflow/dags/dispatcher_pipeline_dag.py
[2026-01-16T17:17:04.524+0000] {processor.py:839} INFO - DAG(s) dict_keys(['distillationDAG']) retrieved from /opt/airflow/dags/dispatcher_pipeline_dag.py
[2026-01-16T17:17:04.603+0000] {logging_mixin.py:151} INFO - [2026-01-16T17:17:04.602+0000] {dag.py:2915} INFO - Sync 1 DAGs
[2026-01-16T17:17:04.655+0000] {logging_mixin.py:151} INFO - [2026-01-16T17:17:04.655+0000] {dag.py:3696} INFO - Setting next_dagrun for distillationDAG to 2026-01-16T17:16:19.654797+00:00, run_after=2026-01-16T17:17:04.654797+00:00
[2026-01-16T17:17:04.693+0000] {processor.py:179} INFO - Processing /opt/airflow/dags/dispatcher_pipeline_dag.py took 1.990 seconds
[2026-01-16T17:17:34.988+0000] {processor.py:157} INFO - Started process (PID=1151) to work on /opt/airflow/dags/dispatcher_pipeline_dag.py
[2026-01-16T17:17:34.992+0000] {processor.py:829} INFO - Processing file /opt/airflow/dags/dispatcher_pipeline_dag.py for tasks to queue
[2026-01-16T17:17:34.994+0000] {logging_mixin.py:151} INFO - [2026-01-16T17:17:34.993+0000] {dagbag.py:539} INFO - Filling up the DagBag from /opt/airflow/dags/dispatcher_pipeline_dag.py
[2026-01-16T17:17:36.787+0000] {processor.py:839} INFO - DAG(s) dict_keys(['distillationDAG']) retrieved from /opt/airflow/dags/dispatcher_pipeline_dag.py
[2026-01-16T17:17:36.865+0000] {logging_mixin.py:151} INFO - [2026-01-16T17:17:36.864+0000] {dag.py:2915} INFO - Sync 1 DAGs
[2026-01-16T17:17:36.917+0000] {logging_mixin.py:151} INFO - [2026-01-16T17:17:36.916+0000] {dag.py:3696} INFO - Setting next_dagrun for distillationDAG to 2026-01-16T17:16:51.916162+00:00, run_after=2026-01-16T17:17:36.916162+00:00
[2026-01-16T17:17:36.956+0000] {processor.py:179} INFO - Processing /opt/airflow/dags/dispatcher_pipeline_dag.py took 1.978 seconds
[2026-01-16T17:18:07.227+0000] {processor.py:157} INFO - Started process (PID=1164) to work on /opt/airflow/dags/dispatcher_pipeline_dag.py
[2026-01-16T17:18:07.229+0000] {processor.py:829} INFO - Processing file /opt/airflow/dags/dispatcher_pipeline_dag.py for tasks to queue
[2026-01-16T17:18:07.231+0000] {logging_mixin.py:151} INFO - [2026-01-16T17:18:07.230+0000] {dagbag.py:539} INFO - Filling up the DagBag from /opt/airflow/dags/dispatcher_pipeline_dag.py
[2026-01-16T17:18:09.025+0000] {processor.py:839} INFO - DAG(s) dict_keys(['distillationDAG']) retrieved from /opt/airflow/dags/dispatcher_pipeline_dag.py
[2026-01-16T17:18:09.101+0000] {logging_mixin.py:151} INFO - [2026-01-16T17:18:09.100+0000] {dag.py:2915} INFO - Sync 1 DAGs
[2026-01-16T17:18:09.157+0000] {logging_mixin.py:151} INFO - [2026-01-16T17:18:09.157+0000] {dag.py:3696} INFO - Setting next_dagrun for distillationDAG to 2026-01-16T17:17:24.156963+00:00, run_after=2026-01-16T17:18:09.156963+00:00
[2026-01-16T17:18:09.196+0000] {processor.py:179} INFO - Processing /opt/airflow/dags/dispatcher_pipeline_dag.py took 1.980 seconds
[2026-01-16T17:18:39.472+0000] {processor.py:157} INFO - Started process (PID=1177) to work on /opt/airflow/dags/dispatcher_pipeline_dag.py
[2026-01-16T17:18:39.475+0000] {processor.py:829} INFO - Processing file /opt/airflow/dags/dispatcher_pipeline_dag.py for tasks to queue
[2026-01-16T17:18:39.477+0000] {logging_mixin.py:151} INFO - [2026-01-16T17:18:39.476+0000] {dagbag.py:539} INFO - Filling up the DagBag from /opt/airflow/dags/dispatcher_pipeline_dag.py
[2026-01-16T17:18:41.269+0000] {processor.py:839} INFO - DAG(s) dict_keys(['distillationDAG']) retrieved from /opt/airflow/dags/dispatcher_pipeline_dag.py
[2026-01-16T17:18:41.347+0000] {logging_mixin.py:151} INFO - [2026-01-16T17:18:41.346+0000] {dag.py:2915} INFO - Sync 1 DAGs
[2026-01-16T17:18:41.399+0000] {logging_mixin.py:151} INFO - [2026-01-16T17:18:41.399+0000] {dag.py:3696} INFO - Setting next_dagrun for distillationDAG to 2026-01-16T17:17:56.398606+00:00, run_after=2026-01-16T17:18:41.398606+00:00
[2026-01-16T17:18:41.442+0000] {processor.py:179} INFO - Processing /opt/airflow/dags/dispatcher_pipeline_dag.py took 1.982 seconds
[2026-01-16T17:19:11.714+0000] {processor.py:157} INFO - Started process (PID=1190) to work on /opt/airflow/dags/dispatcher_pipeline_dag.py
[2026-01-16T17:19:11.717+0000] {processor.py:829} INFO - Processing file /opt/airflow/dags/dispatcher_pipeline_dag.py for tasks to queue
[2026-01-16T17:19:11.719+0000] {logging_mixin.py:151} INFO - [2026-01-16T17:19:11.718+0000] {dagbag.py:539} INFO - Filling up the DagBag from /opt/airflow/dags/dispatcher_pipeline_dag.py
[2026-01-16T17:19:13.648+0000] {processor.py:839} INFO - DAG(s) dict_keys(['distillationDAG']) retrieved from /opt/airflow/dags/dispatcher_pipeline_dag.py
[2026-01-16T17:19:13.732+0000] {logging_mixin.py:151} INFO - [2026-01-16T17:19:13.730+0000] {dag.py:2915} INFO - Sync 1 DAGs
[2026-01-16T17:19:13.803+0000] {logging_mixin.py:151} INFO - [2026-01-16T17:19:13.803+0000] {dag.py:3696} INFO - Setting next_dagrun for distillationDAG to 2026-01-16T17:18:28.802549+00:00, run_after=2026-01-16T17:19:13.802549+00:00
[2026-01-16T17:19:13.848+0000] {processor.py:179} INFO - Processing /opt/airflow/dags/dispatcher_pipeline_dag.py took 2.146 seconds
[2026-01-16T17:19:44.132+0000] {processor.py:157} INFO - Started process (PID=1203) to work on /opt/airflow/dags/dispatcher_pipeline_dag.py
[2026-01-16T17:19:44.135+0000] {processor.py:829} INFO - Processing file /opt/airflow/dags/dispatcher_pipeline_dag.py for tasks to queue
[2026-01-16T17:19:44.137+0000] {logging_mixin.py:151} INFO - [2026-01-16T17:19:44.136+0000] {dagbag.py:539} INFO - Filling up the DagBag from /opt/airflow/dags/dispatcher_pipeline_dag.py
[2026-01-16T17:19:45.926+0000] {processor.py:839} INFO - DAG(s) dict_keys(['distillationDAG']) retrieved from /opt/airflow/dags/dispatcher_pipeline_dag.py
[2026-01-16T17:19:46.007+0000] {logging_mixin.py:151} INFO - [2026-01-16T17:19:46.006+0000] {dag.py:2915} INFO - Sync 1 DAGs
[2026-01-16T17:19:46.060+0000] {logging_mixin.py:151} INFO - [2026-01-16T17:19:46.059+0000] {dag.py:3696} INFO - Setting next_dagrun for distillationDAG to 2026-01-16T17:19:01.059240+00:00, run_after=2026-01-16T17:19:46.059240+00:00
[2026-01-16T17:19:46.098+0000] {processor.py:179} INFO - Processing /opt/airflow/dags/dispatcher_pipeline_dag.py took 1.976 seconds
[2026-01-16T17:20:16.397+0000] {processor.py:157} INFO - Started process (PID=1216) to work on /opt/airflow/dags/dispatcher_pipeline_dag.py
[2026-01-16T17:20:16.399+0000] {processor.py:829} INFO - Processing file /opt/airflow/dags/dispatcher_pipeline_dag.py for tasks to queue
[2026-01-16T17:20:16.402+0000] {logging_mixin.py:151} INFO - [2026-01-16T17:20:16.400+0000] {dagbag.py:539} INFO - Filling up the DagBag from /opt/airflow/dags/dispatcher_pipeline_dag.py
[2026-01-16T17:20:18.182+0000] {processor.py:839} INFO - DAG(s) dict_keys(['distillationDAG']) retrieved from /opt/airflow/dags/dispatcher_pipeline_dag.py
[2026-01-16T17:20:18.262+0000] {logging_mixin.py:151} INFO - [2026-01-16T17:20:18.261+0000] {dag.py:2915} INFO - Sync 1 DAGs
[2026-01-16T17:20:18.314+0000] {logging_mixin.py:151} INFO - [2026-01-16T17:20:18.313+0000] {dag.py:3696} INFO - Setting next_dagrun for distillationDAG to 2026-01-16T17:19:33.313433+00:00, run_after=2026-01-16T17:20:18.313433+00:00
[2026-01-16T17:20:18.354+0000] {processor.py:179} INFO - Processing /opt/airflow/dags/dispatcher_pipeline_dag.py took 1.968 seconds
[2026-01-16T17:20:48.626+0000] {processor.py:157} INFO - Started process (PID=1229) to work on /opt/airflow/dags/dispatcher_pipeline_dag.py
[2026-01-16T17:20:48.629+0000] {processor.py:829} INFO - Processing file /opt/airflow/dags/dispatcher_pipeline_dag.py for tasks to queue
[2026-01-16T17:20:48.632+0000] {logging_mixin.py:151} INFO - [2026-01-16T17:20:48.631+0000] {dagbag.py:539} INFO - Filling up the DagBag from /opt/airflow/dags/dispatcher_pipeline_dag.py
[2026-01-16T17:20:50.468+0000] {processor.py:839} INFO - DAG(s) dict_keys(['distillationDAG']) retrieved from /opt/airflow/dags/dispatcher_pipeline_dag.py
[2026-01-16T17:20:50.544+0000] {logging_mixin.py:151} INFO - [2026-01-16T17:20:50.543+0000] {dag.py:2915} INFO - Sync 1 DAGs
[2026-01-16T17:20:50.598+0000] {logging_mixin.py:151} INFO - [2026-01-16T17:20:50.597+0000] {dag.py:3696} INFO - Setting next_dagrun for distillationDAG to 2026-01-16T17:20:05.597433+00:00, run_after=2026-01-16T17:20:50.597433+00:00
[2026-01-16T17:20:50.645+0000] {processor.py:179} INFO - Processing /opt/airflow/dags/dispatcher_pipeline_dag.py took 2.029 seconds
[2026-01-16T17:21:20.928+0000] {processor.py:157} INFO - Started process (PID=1242) to work on /opt/airflow/dags/dispatcher_pipeline_dag.py
[2026-01-16T17:21:20.931+0000] {processor.py:829} INFO - Processing file /opt/airflow/dags/dispatcher_pipeline_dag.py for tasks to queue
[2026-01-16T17:21:20.934+0000] {logging_mixin.py:151} INFO - [2026-01-16T17:21:20.933+0000] {dagbag.py:539} INFO - Filling up the DagBag from /opt/airflow/dags/dispatcher_pipeline_dag.py
[2026-01-16T17:21:22.815+0000] {processor.py:839} INFO - DAG(s) dict_keys(['distillationDAG']) retrieved from /opt/airflow/dags/dispatcher_pipeline_dag.py
[2026-01-16T17:21:22.900+0000] {logging_mixin.py:151} INFO - [2026-01-16T17:21:22.899+0000] {dag.py:2915} INFO - Sync 1 DAGs
[2026-01-16T17:21:22.959+0000] {logging_mixin.py:151} INFO - [2026-01-16T17:21:22.958+0000] {dag.py:3696} INFO - Setting next_dagrun for distillationDAG to 2026-01-16T17:20:37.958134+00:00, run_after=2026-01-16T17:21:22.958134+00:00
[2026-01-16T17:21:23.002+0000] {processor.py:179} INFO - Processing /opt/airflow/dags/dispatcher_pipeline_dag.py took 2.085 seconds
[2026-01-16T17:21:53.259+0000] {processor.py:157} INFO - Started process (PID=1255) to work on /opt/airflow/dags/dispatcher_pipeline_dag.py
[2026-01-16T17:21:53.262+0000] {processor.py:829} INFO - Processing file /opt/airflow/dags/dispatcher_pipeline_dag.py for tasks to queue
[2026-01-16T17:21:53.264+0000] {logging_mixin.py:151} INFO - [2026-01-16T17:21:53.263+0000] {dagbag.py:539} INFO - Filling up the DagBag from /opt/airflow/dags/dispatcher_pipeline_dag.py
[2026-01-16T17:21:55.036+0000] {processor.py:839} INFO - DAG(s) dict_keys(['distillationDAG']) retrieved from /opt/airflow/dags/dispatcher_pipeline_dag.py
[2026-01-16T17:21:55.113+0000] {logging_mixin.py:151} INFO - [2026-01-16T17:21:55.112+0000] {dag.py:2915} INFO - Sync 1 DAGs
[2026-01-16T17:21:55.168+0000] {logging_mixin.py:151} INFO - [2026-01-16T17:21:55.168+0000] {dag.py:3696} INFO - Setting next_dagrun for distillationDAG to 2026-01-16T17:21:10.167916+00:00, run_after=2026-01-16T17:21:55.167916+00:00
[2026-01-16T17:21:55.207+0000] {processor.py:179} INFO - Processing /opt/airflow/dags/dispatcher_pipeline_dag.py took 1.959 seconds
[2026-01-16T17:22:25.484+0000] {processor.py:157} INFO - Started process (PID=1268) to work on /opt/airflow/dags/dispatcher_pipeline_dag.py
[2026-01-16T17:22:25.486+0000] {processor.py:829} INFO - Processing file /opt/airflow/dags/dispatcher_pipeline_dag.py for tasks to queue
[2026-01-16T17:22:25.489+0000] {logging_mixin.py:151} INFO - [2026-01-16T17:22:25.488+0000] {dagbag.py:539} INFO - Filling up the DagBag from /opt/airflow/dags/dispatcher_pipeline_dag.py
[2026-01-16T17:22:27.256+0000] {processor.py:839} INFO - DAG(s) dict_keys(['distillationDAG']) retrieved from /opt/airflow/dags/dispatcher_pipeline_dag.py
[2026-01-16T17:22:27.333+0000] {logging_mixin.py:151} INFO - [2026-01-16T17:22:27.332+0000] {dag.py:2915} INFO - Sync 1 DAGs
[2026-01-16T17:22:27.385+0000] {logging_mixin.py:151} INFO - [2026-01-16T17:22:27.384+0000] {dag.py:3696} INFO - Setting next_dagrun for distillationDAG to 2026-01-16T17:21:42.384410+00:00, run_after=2026-01-16T17:22:27.384410+00:00
[2026-01-16T17:22:27.423+0000] {processor.py:179} INFO - Processing /opt/airflow/dags/dispatcher_pipeline_dag.py took 1.950 seconds
[2026-01-16T17:22:57.808+0000] {processor.py:157} INFO - Started process (PID=1281) to work on /opt/airflow/dags/dispatcher_pipeline_dag.py
[2026-01-16T17:22:57.810+0000] {processor.py:829} INFO - Processing file /opt/airflow/dags/dispatcher_pipeline_dag.py for tasks to queue
[2026-01-16T17:22:57.813+0000] {logging_mixin.py:151} INFO - [2026-01-16T17:22:57.812+0000] {dagbag.py:539} INFO - Filling up the DagBag from /opt/airflow/dags/dispatcher_pipeline_dag.py
[2026-01-16T17:22:59.584+0000] {processor.py:839} INFO - DAG(s) dict_keys(['distillationDAG']) retrieved from /opt/airflow/dags/dispatcher_pipeline_dag.py
[2026-01-16T17:22:59.660+0000] {logging_mixin.py:151} INFO - [2026-01-16T17:22:59.659+0000] {dag.py:2915} INFO - Sync 1 DAGs
[2026-01-16T17:22:59.712+0000] {logging_mixin.py:151} INFO - [2026-01-16T17:22:59.711+0000] {dag.py:3696} INFO - Setting next_dagrun for distillationDAG to 2026-01-16T17:22:14.711170+00:00, run_after=2026-01-16T17:22:59.711170+00:00
[2026-01-16T17:22:59.750+0000] {processor.py:179} INFO - Processing /opt/airflow/dags/dispatcher_pipeline_dag.py took 1.953 seconds
[2026-01-16T17:23:30.189+0000] {processor.py:157} INFO - Started process (PID=1294) to work on /opt/airflow/dags/dispatcher_pipeline_dag.py
[2026-01-16T17:23:30.192+0000] {processor.py:829} INFO - Processing file /opt/airflow/dags/dispatcher_pipeline_dag.py for tasks to queue
[2026-01-16T17:23:30.194+0000] {logging_mixin.py:151} INFO - [2026-01-16T17:23:30.193+0000] {dagbag.py:539} INFO - Filling up the DagBag from /opt/airflow/dags/dispatcher_pipeline_dag.py
[2026-01-16T17:23:31.672+0000] {processor.py:839} INFO - DAG(s) dict_keys(['distillationDAG']) retrieved from /opt/airflow/dags/dispatcher_pipeline_dag.py
[2026-01-16T17:23:31.756+0000] {logging_mixin.py:151} INFO - [2026-01-16T17:23:31.755+0000] {dag.py:2915} INFO - Sync 1 DAGs
[2026-01-16T17:23:31.816+0000] {logging_mixin.py:151} INFO - [2026-01-16T17:23:31.816+0000] {dag.py:3696} INFO - Setting next_dagrun for distillationDAG to 2026-01-16T17:22:46.815722+00:00, run_after=2026-01-16T17:23:31.815722+00:00
[2026-01-16T17:23:31.857+0000] {processor.py:179} INFO - Processing /opt/airflow/dags/dispatcher_pipeline_dag.py took 1.679 seconds
[2026-01-16T17:24:02.116+0000] {processor.py:157} INFO - Started process (PID=1307) to work on /opt/airflow/dags/dispatcher_pipeline_dag.py
[2026-01-16T17:24:02.119+0000] {processor.py:829} INFO - Processing file /opt/airflow/dags/dispatcher_pipeline_dag.py for tasks to queue
[2026-01-16T17:24:02.121+0000] {logging_mixin.py:151} INFO - [2026-01-16T17:24:02.120+0000] {dagbag.py:539} INFO - Filling up the DagBag from /opt/airflow/dags/dispatcher_pipeline_dag.py
[2026-01-16T17:24:03.734+0000] {processor.py:839} INFO - DAG(s) dict_keys(['distillationDAG']) retrieved from /opt/airflow/dags/dispatcher_pipeline_dag.py
[2026-01-16T17:24:03.830+0000] {logging_mixin.py:151} INFO - [2026-01-16T17:24:03.829+0000] {dag.py:2915} INFO - Sync 1 DAGs
[2026-01-16T17:24:03.900+0000] {logging_mixin.py:151} INFO - [2026-01-16T17:24:03.900+0000] {dag.py:3696} INFO - Setting next_dagrun for distillationDAG to 2026-01-16T17:23:18.899809+00:00, run_after=2026-01-16T17:24:03.899809+00:00
[2026-01-16T17:24:03.947+0000] {processor.py:179} INFO - Processing /opt/airflow/dags/dispatcher_pipeline_dag.py took 1.842 seconds
[2026-01-16T17:24:34.244+0000] {processor.py:157} INFO - Started process (PID=1320) to work on /opt/airflow/dags/dispatcher_pipeline_dag.py
[2026-01-16T17:24:34.246+0000] {processor.py:829} INFO - Processing file /opt/airflow/dags/dispatcher_pipeline_dag.py for tasks to queue
[2026-01-16T17:24:34.249+0000] {logging_mixin.py:151} INFO - [2026-01-16T17:24:34.247+0000] {dagbag.py:539} INFO - Filling up the DagBag from /opt/airflow/dags/dispatcher_pipeline_dag.py
[2026-01-16T17:24:35.845+0000] {processor.py:839} INFO - DAG(s) dict_keys(['distillationDAG']) retrieved from /opt/airflow/dags/dispatcher_pipeline_dag.py
[2026-01-16T17:24:35.938+0000] {logging_mixin.py:151} INFO - [2026-01-16T17:24:35.937+0000] {dag.py:2915} INFO - Sync 1 DAGs
[2026-01-16T17:24:35.998+0000] {logging_mixin.py:151} INFO - [2026-01-16T17:24:35.997+0000] {dag.py:3696} INFO - Setting next_dagrun for distillationDAG to 2026-01-16T17:23:50.997138+00:00, run_after=2026-01-16T17:24:35.997138+00:00
[2026-01-16T17:24:36.046+0000] {processor.py:179} INFO - Processing /opt/airflow/dags/dispatcher_pipeline_dag.py took 1.814 seconds
[2026-01-16T17:25:06.340+0000] {processor.py:157} INFO - Started process (PID=1333) to work on /opt/airflow/dags/dispatcher_pipeline_dag.py
[2026-01-16T17:25:06.343+0000] {processor.py:829} INFO - Processing file /opt/airflow/dags/dispatcher_pipeline_dag.py for tasks to queue
[2026-01-16T17:25:06.345+0000] {logging_mixin.py:151} INFO - [2026-01-16T17:25:06.344+0000] {dagbag.py:539} INFO - Filling up the DagBag from /opt/airflow/dags/dispatcher_pipeline_dag.py
[2026-01-16T17:25:07.826+0000] {processor.py:839} INFO - DAG(s) dict_keys(['distillationDAG']) retrieved from /opt/airflow/dags/dispatcher_pipeline_dag.py
[2026-01-16T17:25:07.913+0000] {logging_mixin.py:151} INFO - [2026-01-16T17:25:07.912+0000] {dag.py:2915} INFO - Sync 1 DAGs
[2026-01-16T17:25:07.971+0000] {logging_mixin.py:151} INFO - [2026-01-16T17:25:07.971+0000] {dag.py:3696} INFO - Setting next_dagrun for distillationDAG to 2026-01-16T17:24:22.970941+00:00, run_after=2026-01-16T17:25:07.970941+00:00
[2026-01-16T17:25:08.014+0000] {processor.py:179} INFO - Processing /opt/airflow/dags/dispatcher_pipeline_dag.py took 1.685 seconds
[2026-01-16T17:25:38.283+0000] {processor.py:157} INFO - Started process (PID=1346) to work on /opt/airflow/dags/dispatcher_pipeline_dag.py
[2026-01-16T17:25:38.286+0000] {processor.py:829} INFO - Processing file /opt/airflow/dags/dispatcher_pipeline_dag.py for tasks to queue
[2026-01-16T17:25:38.288+0000] {logging_mixin.py:151} INFO - [2026-01-16T17:25:38.287+0000] {dagbag.py:539} INFO - Filling up the DagBag from /opt/airflow/dags/dispatcher_pipeline_dag.py
[2026-01-16T17:25:39.774+0000] {processor.py:839} INFO - DAG(s) dict_keys(['distillationDAG']) retrieved from /opt/airflow/dags/dispatcher_pipeline_dag.py
[2026-01-16T17:25:39.858+0000] {logging_mixin.py:151} INFO - [2026-01-16T17:25:39.857+0000] {dag.py:2915} INFO - Sync 1 DAGs
[2026-01-16T17:25:39.918+0000] {logging_mixin.py:151} INFO - [2026-01-16T17:25:39.918+0000] {dag.py:3696} INFO - Setting next_dagrun for distillationDAG to 2026-01-16T17:24:54.917711+00:00, run_after=2026-01-16T17:25:39.917711+00:00
[2026-01-16T17:25:39.959+0000] {processor.py:179} INFO - Processing /opt/airflow/dags/dispatcher_pipeline_dag.py took 1.687 seconds
[2026-01-16T17:26:10.219+0000] {processor.py:157} INFO - Started process (PID=1359) to work on /opt/airflow/dags/dispatcher_pipeline_dag.py
[2026-01-16T17:26:10.221+0000] {processor.py:829} INFO - Processing file /opt/airflow/dags/dispatcher_pipeline_dag.py for tasks to queue
[2026-01-16T17:26:10.224+0000] {logging_mixin.py:151} INFO - [2026-01-16T17:26:10.223+0000] {dagbag.py:539} INFO - Filling up the DagBag from /opt/airflow/dags/dispatcher_pipeline_dag.py
[2026-01-16T17:26:11.747+0000] {processor.py:839} INFO - DAG(s) dict_keys(['distillationDAG']) retrieved from /opt/airflow/dags/dispatcher_pipeline_dag.py
[2026-01-16T17:26:11.831+0000] {logging_mixin.py:151} INFO - [2026-01-16T17:26:11.830+0000] {dag.py:2915} INFO - Sync 1 DAGs
[2026-01-16T17:26:11.891+0000] {logging_mixin.py:151} INFO - [2026-01-16T17:26:11.891+0000] {dag.py:3696} INFO - Setting next_dagrun for distillationDAG to 2026-01-16T17:25:26.890810+00:00, run_after=2026-01-16T17:26:11.890810+00:00
[2026-01-16T17:26:11.932+0000] {processor.py:179} INFO - Processing /opt/airflow/dags/dispatcher_pipeline_dag.py took 1.725 seconds
[2026-01-16T17:26:42.189+0000] {processor.py:157} INFO - Started process (PID=1372) to work on /opt/airflow/dags/dispatcher_pipeline_dag.py
[2026-01-16T17:26:42.192+0000] {processor.py:829} INFO - Processing file /opt/airflow/dags/dispatcher_pipeline_dag.py for tasks to queue
[2026-01-16T17:26:42.195+0000] {logging_mixin.py:151} INFO - [2026-01-16T17:26:42.193+0000] {dagbag.py:539} INFO - Filling up the DagBag from /opt/airflow/dags/dispatcher_pipeline_dag.py
[2026-01-16T17:26:43.699+0000] {processor.py:839} INFO - DAG(s) dict_keys(['distillationDAG']) retrieved from /opt/airflow/dags/dispatcher_pipeline_dag.py
[2026-01-16T17:26:43.785+0000] {logging_mixin.py:151} INFO - [2026-01-16T17:26:43.784+0000] {dag.py:2915} INFO - Sync 1 DAGs
[2026-01-16T17:26:43.842+0000] {logging_mixin.py:151} INFO - [2026-01-16T17:26:43.842+0000] {dag.py:3696} INFO - Setting next_dagrun for distillationDAG to 2026-01-16T17:25:58.841935+00:00, run_after=2026-01-16T17:26:43.841935+00:00
[2026-01-16T17:26:43.883+0000] {processor.py:179} INFO - Processing /opt/airflow/dags/dispatcher_pipeline_dag.py took 1.705 seconds
[2026-01-16T17:27:14.148+0000] {processor.py:157} INFO - Started process (PID=1385) to work on /opt/airflow/dags/dispatcher_pipeline_dag.py
[2026-01-16T17:27:14.151+0000] {processor.py:829} INFO - Processing file /opt/airflow/dags/dispatcher_pipeline_dag.py for tasks to queue
[2026-01-16T17:27:14.153+0000] {logging_mixin.py:151} INFO - [2026-01-16T17:27:14.152+0000] {dagbag.py:539} INFO - Filling up the DagBag from /opt/airflow/dags/dispatcher_pipeline_dag.py
[2026-01-16T17:27:15.636+0000] {processor.py:839} INFO - DAG(s) dict_keys(['distillationDAG']) retrieved from /opt/airflow/dags/dispatcher_pipeline_dag.py
[2026-01-16T17:27:15.722+0000] {logging_mixin.py:151} INFO - [2026-01-16T17:27:15.721+0000] {dag.py:2915} INFO - Sync 1 DAGs
[2026-01-16T17:27:15.780+0000] {logging_mixin.py:151} INFO - [2026-01-16T17:27:15.779+0000] {dag.py:3696} INFO - Setting next_dagrun for distillationDAG to 2026-01-16T17:26:30.779386+00:00, run_after=2026-01-16T17:27:15.779386+00:00
[2026-01-16T17:27:15.821+0000] {processor.py:179} INFO - Processing /opt/airflow/dags/dispatcher_pipeline_dag.py took 1.684 seconds
[2026-01-16T17:27:46.081+0000] {processor.py:157} INFO - Started process (PID=1398) to work on /opt/airflow/dags/dispatcher_pipeline_dag.py
[2026-01-16T17:27:46.083+0000] {processor.py:829} INFO - Processing file /opt/airflow/dags/dispatcher_pipeline_dag.py for tasks to queue
[2026-01-16T17:27:46.086+0000] {logging_mixin.py:151} INFO - [2026-01-16T17:27:46.085+0000] {dagbag.py:539} INFO - Filling up the DagBag from /opt/airflow/dags/dispatcher_pipeline_dag.py
[2026-01-16T17:27:47.586+0000] {processor.py:839} INFO - DAG(s) dict_keys(['distillationDAG']) retrieved from /opt/airflow/dags/dispatcher_pipeline_dag.py
[2026-01-16T17:27:47.672+0000] {logging_mixin.py:151} INFO - [2026-01-16T17:27:47.671+0000] {dag.py:2915} INFO - Sync 1 DAGs
[2026-01-16T17:27:47.731+0000] {logging_mixin.py:151} INFO - [2026-01-16T17:27:47.731+0000] {dag.py:3696} INFO - Setting next_dagrun for distillationDAG to 2026-01-16T17:27:02.730601+00:00, run_after=2026-01-16T17:27:47.730601+00:00
[2026-01-16T17:27:47.776+0000] {processor.py:179} INFO - Processing /opt/airflow/dags/dispatcher_pipeline_dag.py took 1.706 seconds
[2026-01-16T17:28:18.040+0000] {processor.py:157} INFO - Started process (PID=1414) to work on /opt/airflow/dags/dispatcher_pipeline_dag.py
[2026-01-16T17:28:18.043+0000] {processor.py:829} INFO - Processing file /opt/airflow/dags/dispatcher_pipeline_dag.py for tasks to queue
[2026-01-16T17:28:18.046+0000] {logging_mixin.py:151} INFO - [2026-01-16T17:28:18.045+0000] {dagbag.py:539} INFO - Filling up the DagBag from /opt/airflow/dags/dispatcher_pipeline_dag.py
[2026-01-16T17:28:19.520+0000] {processor.py:839} INFO - DAG(s) dict_keys(['distillationDAG']) retrieved from /opt/airflow/dags/dispatcher_pipeline_dag.py
[2026-01-16T17:28:19.607+0000] {logging_mixin.py:151} INFO - [2026-01-16T17:28:19.606+0000] {dag.py:2915} INFO - Sync 1 DAGs
[2026-01-16T17:28:19.667+0000] {logging_mixin.py:151} INFO - [2026-01-16T17:28:19.667+0000] {dag.py:3696} INFO - Setting next_dagrun for distillationDAG to 2026-01-16T17:27:34.666891+00:00, run_after=2026-01-16T17:28:19.666891+00:00
[2026-01-16T17:28:19.709+0000] {processor.py:179} INFO - Processing /opt/airflow/dags/dispatcher_pipeline_dag.py took 1.680 seconds
[2026-01-16T17:28:49.954+0000] {processor.py:157} INFO - Started process (PID=1431) to work on /opt/airflow/dags/dispatcher_pipeline_dag.py
[2026-01-16T17:28:49.956+0000] {processor.py:829} INFO - Processing file /opt/airflow/dags/dispatcher_pipeline_dag.py for tasks to queue
[2026-01-16T17:28:49.958+0000] {logging_mixin.py:151} INFO - [2026-01-16T17:28:49.957+0000] {dagbag.py:539} INFO - Filling up the DagBag from /opt/airflow/dags/dispatcher_pipeline_dag.py
[2026-01-16T17:28:51.415+0000] {processor.py:839} INFO - DAG(s) dict_keys(['distillationDAG']) retrieved from /opt/airflow/dags/dispatcher_pipeline_dag.py
[2026-01-16T17:28:51.499+0000] {logging_mixin.py:151} INFO - [2026-01-16T17:28:51.498+0000] {dag.py:2915} INFO - Sync 1 DAGs
[2026-01-16T17:28:51.560+0000] {logging_mixin.py:151} INFO - [2026-01-16T17:28:51.559+0000] {dag.py:3696} INFO - Setting next_dagrun for distillationDAG to 2026-01-16T17:28:06.558987+00:00, run_after=2026-01-16T17:28:51.558987+00:00
[2026-01-16T17:28:51.600+0000] {processor.py:179} INFO - Processing /opt/airflow/dags/dispatcher_pipeline_dag.py took 1.657 seconds
[2026-01-16T17:29:21.847+0000] {processor.py:157} INFO - Started process (PID=1444) to work on /opt/airflow/dags/dispatcher_pipeline_dag.py
[2026-01-16T17:29:21.849+0000] {processor.py:829} INFO - Processing file /opt/airflow/dags/dispatcher_pipeline_dag.py for tasks to queue
[2026-01-16T17:29:21.851+0000] {logging_mixin.py:151} INFO - [2026-01-16T17:29:21.850+0000] {dagbag.py:539} INFO - Filling up the DagBag from /opt/airflow/dags/dispatcher_pipeline_dag.py
[2026-01-16T17:29:23.314+0000] {processor.py:839} INFO - DAG(s) dict_keys(['distillationDAG']) retrieved from /opt/airflow/dags/dispatcher_pipeline_dag.py
[2026-01-16T17:29:23.401+0000] {logging_mixin.py:151} INFO - [2026-01-16T17:29:23.400+0000] {dag.py:2915} INFO - Sync 1 DAGs
[2026-01-16T17:29:23.459+0000] {logging_mixin.py:151} INFO - [2026-01-16T17:29:23.459+0000] {dag.py:3696} INFO - Setting next_dagrun for distillationDAG to 2026-01-16T17:28:38.458732+00:00, run_after=2026-01-16T17:29:23.458732+00:00
[2026-01-16T17:29:23.500+0000] {processor.py:179} INFO - Processing /opt/airflow/dags/dispatcher_pipeline_dag.py took 1.664 seconds
[2026-01-16T17:29:53.592+0000] {processor.py:157} INFO - Started process (PID=1457) to work on /opt/airflow/dags/dispatcher_pipeline_dag.py
[2026-01-16T17:29:53.595+0000] {processor.py:829} INFO - Processing file /opt/airflow/dags/dispatcher_pipeline_dag.py for tasks to queue
[2026-01-16T17:29:53.598+0000] {logging_mixin.py:151} INFO - [2026-01-16T17:29:53.597+0000] {dagbag.py:539} INFO - Filling up the DagBag from /opt/airflow/dags/dispatcher_pipeline_dag.py
[2026-01-16T17:29:55.063+0000] {processor.py:839} INFO - DAG(s) dict_keys(['distillationDAG']) retrieved from /opt/airflow/dags/dispatcher_pipeline_dag.py
[2026-01-16T17:29:55.150+0000] {logging_mixin.py:151} INFO - [2026-01-16T17:29:55.148+0000] {dag.py:2915} INFO - Sync 1 DAGs
[2026-01-16T17:29:55.208+0000] {logging_mixin.py:151} INFO - [2026-01-16T17:29:55.207+0000] {dag.py:3696} INFO - Setting next_dagrun for distillationDAG to 2026-01-16T17:29:10.206988+00:00, run_after=2026-01-16T17:29:55.206988+00:00
[2026-01-16T17:29:55.247+0000] {processor.py:179} INFO - Processing /opt/airflow/dags/dispatcher_pipeline_dag.py took 1.667 seconds
[2026-01-16T17:30:25.506+0000] {processor.py:157} INFO - Started process (PID=1470) to work on /opt/airflow/dags/dispatcher_pipeline_dag.py
[2026-01-16T17:30:25.509+0000] {processor.py:829} INFO - Processing file /opt/airflow/dags/dispatcher_pipeline_dag.py for tasks to queue
[2026-01-16T17:30:25.511+0000] {logging_mixin.py:151} INFO - [2026-01-16T17:30:25.510+0000] {dagbag.py:539} INFO - Filling up the DagBag from /opt/airflow/dags/dispatcher_pipeline_dag.py
[2026-01-16T17:30:27.013+0000] {processor.py:839} INFO - DAG(s) dict_keys(['distillationDAG']) retrieved from /opt/airflow/dags/dispatcher_pipeline_dag.py
[2026-01-16T17:30:27.098+0000] {logging_mixin.py:151} INFO - [2026-01-16T17:30:27.097+0000] {dag.py:2915} INFO - Sync 1 DAGs
[2026-01-16T17:30:27.157+0000] {logging_mixin.py:151} INFO - [2026-01-16T17:30:27.156+0000] {dag.py:3696} INFO - Setting next_dagrun for distillationDAG to 2026-01-16T17:29:42.156180+00:00, run_after=2026-01-16T17:30:27.156180+00:00
[2026-01-16T17:30:27.202+0000] {processor.py:179} INFO - Processing /opt/airflow/dags/dispatcher_pipeline_dag.py took 1.707 seconds
[2026-01-16T17:30:57.450+0000] {processor.py:157} INFO - Started process (PID=1483) to work on /opt/airflow/dags/dispatcher_pipeline_dag.py
[2026-01-16T17:30:57.453+0000] {processor.py:829} INFO - Processing file /opt/airflow/dags/dispatcher_pipeline_dag.py for tasks to queue
[2026-01-16T17:30:57.455+0000] {logging_mixin.py:151} INFO - [2026-01-16T17:30:57.454+0000] {dagbag.py:539} INFO - Filling up the DagBag from /opt/airflow/dags/dispatcher_pipeline_dag.py
[2026-01-16T17:30:58.963+0000] {processor.py:839} INFO - DAG(s) dict_keys(['distillationDAG']) retrieved from /opt/airflow/dags/dispatcher_pipeline_dag.py
[2026-01-16T17:30:59.048+0000] {logging_mixin.py:151} INFO - [2026-01-16T17:30:59.047+0000] {dag.py:2915} INFO - Sync 1 DAGs
[2026-01-16T17:30:59.109+0000] {logging_mixin.py:151} INFO - [2026-01-16T17:30:59.109+0000] {dag.py:3696} INFO - Setting next_dagrun for distillationDAG to 2026-01-16T17:30:14.108725+00:00, run_after=2026-01-16T17:30:59.108725+00:00
[2026-01-16T17:30:59.150+0000] {processor.py:179} INFO - Processing /opt/airflow/dags/dispatcher_pipeline_dag.py took 1.712 seconds
[2026-01-16T17:31:29.404+0000] {processor.py:157} INFO - Started process (PID=1496) to work on /opt/airflow/dags/dispatcher_pipeline_dag.py
[2026-01-16T17:31:29.406+0000] {processor.py:829} INFO - Processing file /opt/airflow/dags/dispatcher_pipeline_dag.py for tasks to queue
[2026-01-16T17:31:29.409+0000] {logging_mixin.py:151} INFO - [2026-01-16T17:31:29.408+0000] {dagbag.py:539} INFO - Filling up the DagBag from /opt/airflow/dags/dispatcher_pipeline_dag.py
[2026-01-16T17:31:30.892+0000] {processor.py:839} INFO - DAG(s) dict_keys(['distillationDAG']) retrieved from /opt/airflow/dags/dispatcher_pipeline_dag.py
[2026-01-16T17:31:30.977+0000] {logging_mixin.py:151} INFO - [2026-01-16T17:31:30.976+0000] {dag.py:2915} INFO - Sync 1 DAGs
[2026-01-16T17:31:31.037+0000] {logging_mixin.py:151} INFO - [2026-01-16T17:31:31.037+0000] {dag.py:3696} INFO - Setting next_dagrun for distillationDAG to 2026-01-16T17:30:46.036572+00:00, run_after=2026-01-16T17:31:31.036572+00:00
[2026-01-16T17:31:31.077+0000] {processor.py:179} INFO - Processing /opt/airflow/dags/dispatcher_pipeline_dag.py took 1.684 seconds
[2026-01-16T17:32:01.329+0000] {processor.py:157} INFO - Started process (PID=1509) to work on /opt/airflow/dags/dispatcher_pipeline_dag.py
[2026-01-16T17:32:01.332+0000] {processor.py:829} INFO - Processing file /opt/airflow/dags/dispatcher_pipeline_dag.py for tasks to queue
[2026-01-16T17:32:01.334+0000] {logging_mixin.py:151} INFO - [2026-01-16T17:32:01.333+0000] {dagbag.py:539} INFO - Filling up the DagBag from /opt/airflow/dags/dispatcher_pipeline_dag.py
[2026-01-16T17:32:02.816+0000] {processor.py:839} INFO - DAG(s) dict_keys(['distillationDAG']) retrieved from /opt/airflow/dags/dispatcher_pipeline_dag.py
[2026-01-16T17:32:02.903+0000] {logging_mixin.py:151} INFO - [2026-01-16T17:32:02.902+0000] {dag.py:2915} INFO - Sync 1 DAGs
[2026-01-16T17:32:02.960+0000] {logging_mixin.py:151} INFO - [2026-01-16T17:32:02.960+0000] {dag.py:3696} INFO - Setting next_dagrun for distillationDAG to 2026-01-16T17:31:17.959706+00:00, run_after=2026-01-16T17:32:02.959706+00:00
[2026-01-16T17:32:03.002+0000] {processor.py:179} INFO - Processing /opt/airflow/dags/dispatcher_pipeline_dag.py took 1.685 seconds
[2026-01-16T17:32:33.252+0000] {processor.py:157} INFO - Started process (PID=1522) to work on /opt/airflow/dags/dispatcher_pipeline_dag.py
[2026-01-16T17:32:33.255+0000] {processor.py:829} INFO - Processing file /opt/airflow/dags/dispatcher_pipeline_dag.py for tasks to queue
[2026-01-16T17:32:33.257+0000] {logging_mixin.py:151} INFO - [2026-01-16T17:32:33.256+0000] {dagbag.py:539} INFO - Filling up the DagBag from /opt/airflow/dags/dispatcher_pipeline_dag.py
[2026-01-16T17:32:34.760+0000] {processor.py:839} INFO - DAG(s) dict_keys(['distillationDAG']) retrieved from /opt/airflow/dags/dispatcher_pipeline_dag.py
[2026-01-16T17:32:34.846+0000] {logging_mixin.py:151} INFO - [2026-01-16T17:32:34.844+0000] {dag.py:2915} INFO - Sync 1 DAGs
[2026-01-16T17:32:34.904+0000] {logging_mixin.py:151} INFO - [2026-01-16T17:32:34.903+0000] {dag.py:3696} INFO - Setting next_dagrun for distillationDAG to 2026-01-16T17:31:49.903066+00:00, run_after=2026-01-16T17:32:34.903066+00:00
[2026-01-16T17:32:34.946+0000] {processor.py:179} INFO - Processing /opt/airflow/dags/dispatcher_pipeline_dag.py took 1.705 seconds
[2026-01-16T17:33:05.073+0000] {processor.py:157} INFO - Started process (PID=1535) to work on /opt/airflow/dags/dispatcher_pipeline_dag.py
[2026-01-16T17:33:05.076+0000] {processor.py:829} INFO - Processing file /opt/airflow/dags/dispatcher_pipeline_dag.py for tasks to queue
[2026-01-16T17:33:05.078+0000] {logging_mixin.py:151} INFO - [2026-01-16T17:33:05.077+0000] {dagbag.py:539} INFO - Filling up the DagBag from /opt/airflow/dags/dispatcher_pipeline_dag.py
[2026-01-16T17:33:06.559+0000] {processor.py:839} INFO - DAG(s) dict_keys(['distillationDAG']) retrieved from /opt/airflow/dags/dispatcher_pipeline_dag.py
[2026-01-16T17:33:06.644+0000] {logging_mixin.py:151} INFO - [2026-01-16T17:33:06.643+0000] {dag.py:2915} INFO - Sync 1 DAGs
[2026-01-16T17:33:06.703+0000] {logging_mixin.py:151} INFO - [2026-01-16T17:33:06.702+0000] {dag.py:3696} INFO - Setting next_dagrun for distillationDAG to 2026-01-16T17:32:21.702183+00:00, run_after=2026-01-16T17:33:06.702183+00:00
[2026-01-16T17:33:06.744+0000] {processor.py:179} INFO - Processing /opt/airflow/dags/dispatcher_pipeline_dag.py took 1.682 seconds
[2026-01-16T17:33:37.013+0000] {processor.py:157} INFO - Started process (PID=1548) to work on /opt/airflow/dags/dispatcher_pipeline_dag.py
[2026-01-16T17:33:37.016+0000] {processor.py:829} INFO - Processing file /opt/airflow/dags/dispatcher_pipeline_dag.py for tasks to queue
[2026-01-16T17:33:37.018+0000] {logging_mixin.py:151} INFO - [2026-01-16T17:33:37.017+0000] {dagbag.py:539} INFO - Filling up the DagBag from /opt/airflow/dags/dispatcher_pipeline_dag.py
[2026-01-16T17:33:38.500+0000] {processor.py:839} INFO - DAG(s) dict_keys(['distillationDAG']) retrieved from /opt/airflow/dags/dispatcher_pipeline_dag.py
[2026-01-16T17:33:38.585+0000] {logging_mixin.py:151} INFO - [2026-01-16T17:33:38.584+0000] {dag.py:2915} INFO - Sync 1 DAGs
[2026-01-16T17:33:38.650+0000] {logging_mixin.py:151} INFO - [2026-01-16T17:33:38.649+0000] {dag.py:3696} INFO - Setting next_dagrun for distillationDAG to 2026-01-16T17:32:53.649235+00:00, run_after=2026-01-16T17:33:38.649235+00:00
[2026-01-16T17:33:38.691+0000] {processor.py:179} INFO - Processing /opt/airflow/dags/dispatcher_pipeline_dag.py took 1.689 seconds
[2026-01-16T17:34:08.946+0000] {processor.py:157} INFO - Started process (PID=1561) to work on /opt/airflow/dags/dispatcher_pipeline_dag.py
[2026-01-16T17:34:08.948+0000] {processor.py:829} INFO - Processing file /opt/airflow/dags/dispatcher_pipeline_dag.py for tasks to queue
[2026-01-16T17:34:08.950+0000] {logging_mixin.py:151} INFO - [2026-01-16T17:34:08.949+0000] {dagbag.py:539} INFO - Filling up the DagBag from /opt/airflow/dags/dispatcher_pipeline_dag.py
[2026-01-16T17:34:10.447+0000] {processor.py:839} INFO - DAG(s) dict_keys(['distillationDAG']) retrieved from /opt/airflow/dags/dispatcher_pipeline_dag.py
[2026-01-16T17:34:10.538+0000] {logging_mixin.py:151} INFO - [2026-01-16T17:34:10.537+0000] {dag.py:2915} INFO - Sync 1 DAGs
[2026-01-16T17:34:10.598+0000] {logging_mixin.py:151} INFO - [2026-01-16T17:34:10.597+0000] {dag.py:3696} INFO - Setting next_dagrun for distillationDAG to 2026-01-16T17:33:25.597343+00:00, run_after=2026-01-16T17:34:10.597343+00:00
[2026-01-16T17:34:10.639+0000] {processor.py:179} INFO - Processing /opt/airflow/dags/dispatcher_pipeline_dag.py took 1.705 seconds
[2026-01-16T17:34:40.726+0000] {processor.py:157} INFO - Started process (PID=1574) to work on /opt/airflow/dags/dispatcher_pipeline_dag.py
[2026-01-16T17:34:40.729+0000] {processor.py:829} INFO - Processing file /opt/airflow/dags/dispatcher_pipeline_dag.py for tasks to queue
[2026-01-16T17:34:40.731+0000] {logging_mixin.py:151} INFO - [2026-01-16T17:34:40.730+0000] {dagbag.py:539} INFO - Filling up the DagBag from /opt/airflow/dags/dispatcher_pipeline_dag.py
[2026-01-16T17:34:42.281+0000] {processor.py:839} INFO - DAG(s) dict_keys(['distillationDAG']) retrieved from /opt/airflow/dags/dispatcher_pipeline_dag.py
[2026-01-16T17:34:42.377+0000] {logging_mixin.py:151} INFO - [2026-01-16T17:34:42.376+0000] {dag.py:2915} INFO - Sync 1 DAGs
[2026-01-16T17:34:42.438+0000] {logging_mixin.py:151} INFO - [2026-01-16T17:34:42.438+0000] {dag.py:3696} INFO - Setting next_dagrun for distillationDAG to 2026-01-16T17:33:57.437665+00:00, run_after=2026-01-16T17:34:42.437665+00:00
[2026-01-16T17:34:42.482+0000] {processor.py:179} INFO - Processing /opt/airflow/dags/dispatcher_pipeline_dag.py took 1.766 seconds
[2026-01-16T17:35:12.573+0000] {processor.py:157} INFO - Started process (PID=1587) to work on /opt/airflow/dags/dispatcher_pipeline_dag.py
[2026-01-16T17:35:12.576+0000] {processor.py:829} INFO - Processing file /opt/airflow/dags/dispatcher_pipeline_dag.py for tasks to queue
[2026-01-16T17:35:12.578+0000] {logging_mixin.py:151} INFO - [2026-01-16T17:35:12.577+0000] {dagbag.py:539} INFO - Filling up the DagBag from /opt/airflow/dags/dispatcher_pipeline_dag.py
[2026-01-16T17:35:14.040+0000] {processor.py:839} INFO - DAG(s) dict_keys(['distillationDAG']) retrieved from /opt/airflow/dags/dispatcher_pipeline_dag.py
[2026-01-16T17:35:14.124+0000] {logging_mixin.py:151} INFO - [2026-01-16T17:35:14.123+0000] {dag.py:2915} INFO - Sync 1 DAGs
[2026-01-16T17:35:14.181+0000] {logging_mixin.py:151} INFO - [2026-01-16T17:35:14.181+0000] {dag.py:3696} INFO - Setting next_dagrun for distillationDAG to 2026-01-16T17:34:29.180935+00:00, run_after=2026-01-16T17:35:14.180935+00:00
[2026-01-16T17:35:14.226+0000] {processor.py:179} INFO - Processing /opt/airflow/dags/dispatcher_pipeline_dag.py took 1.665 seconds
[2026-01-16T17:35:44.479+0000] {processor.py:157} INFO - Started process (PID=1600) to work on /opt/airflow/dags/dispatcher_pipeline_dag.py
[2026-01-16T17:35:44.482+0000] {processor.py:829} INFO - Processing file /opt/airflow/dags/dispatcher_pipeline_dag.py for tasks to queue
[2026-01-16T17:35:44.484+0000] {logging_mixin.py:151} INFO - [2026-01-16T17:35:44.483+0000] {dagbag.py:539} INFO - Filling up the DagBag from /opt/airflow/dags/dispatcher_pipeline_dag.py
[2026-01-16T17:35:46.072+0000] {processor.py:839} INFO - DAG(s) dict_keys(['distillationDAG']) retrieved from /opt/airflow/dags/dispatcher_pipeline_dag.py
[2026-01-16T17:35:46.160+0000] {logging_mixin.py:151} INFO - [2026-01-16T17:35:46.159+0000] {dag.py:2915} INFO - Sync 1 DAGs
[2026-01-16T17:35:46.221+0000] {logging_mixin.py:151} INFO - [2026-01-16T17:35:46.221+0000] {dag.py:3696} INFO - Setting next_dagrun for distillationDAG to 2026-01-16T17:35:01.220737+00:00, run_after=2026-01-16T17:35:46.220737+00:00
[2026-01-16T17:35:46.264+0000] {processor.py:179} INFO - Processing /opt/airflow/dags/dispatcher_pipeline_dag.py took 1.797 seconds
[2026-01-16T17:36:16.520+0000] {processor.py:157} INFO - Started process (PID=1613) to work on /opt/airflow/dags/dispatcher_pipeline_dag.py
[2026-01-16T17:36:16.522+0000] {processor.py:829} INFO - Processing file /opt/airflow/dags/dispatcher_pipeline_dag.py for tasks to queue
[2026-01-16T17:36:16.525+0000] {logging_mixin.py:151} INFO - [2026-01-16T17:36:16.524+0000] {dagbag.py:539} INFO - Filling up the DagBag from /opt/airflow/dags/dispatcher_pipeline_dag.py
[2026-01-16T17:36:18.021+0000] {processor.py:839} INFO - DAG(s) dict_keys(['distillationDAG']) retrieved from /opt/airflow/dags/dispatcher_pipeline_dag.py
[2026-01-16T17:36:18.113+0000] {logging_mixin.py:151} INFO - [2026-01-16T17:36:18.111+0000] {dag.py:2915} INFO - Sync 1 DAGs
[2026-01-16T17:36:18.182+0000] {logging_mixin.py:151} INFO - [2026-01-16T17:36:18.181+0000] {dag.py:3696} INFO - Setting next_dagrun for distillationDAG to 2026-01-16T17:35:33.181003+00:00, run_after=2026-01-16T17:36:18.181003+00:00
[2026-01-16T17:36:18.231+0000] {processor.py:179} INFO - Processing /opt/airflow/dags/dispatcher_pipeline_dag.py took 1.724 seconds
[2026-01-16T17:36:48.414+0000] {processor.py:157} INFO - Started process (PID=1626) to work on /opt/airflow/dags/dispatcher_pipeline_dag.py
[2026-01-16T17:36:48.417+0000] {processor.py:829} INFO - Processing file /opt/airflow/dags/dispatcher_pipeline_dag.py for tasks to queue
[2026-01-16T17:36:48.420+0000] {logging_mixin.py:151} INFO - [2026-01-16T17:36:48.418+0000] {dagbag.py:539} INFO - Filling up the DagBag from /opt/airflow/dags/dispatcher_pipeline_dag.py
[2026-01-16T17:36:49.919+0000] {processor.py:839} INFO - DAG(s) dict_keys(['distillationDAG']) retrieved from /opt/airflow/dags/dispatcher_pipeline_dag.py
[2026-01-16T17:36:50.008+0000] {logging_mixin.py:151} INFO - [2026-01-16T17:36:50.007+0000] {dag.py:2915} INFO - Sync 1 DAGs
[2026-01-16T17:36:50.066+0000] {logging_mixin.py:151} INFO - [2026-01-16T17:36:50.065+0000] {dag.py:3696} INFO - Setting next_dagrun for distillationDAG to 2026-01-16T17:36:05.065258+00:00, run_after=2026-01-16T17:36:50.065258+00:00
[2026-01-16T17:36:50.107+0000] {processor.py:179} INFO - Processing /opt/airflow/dags/dispatcher_pipeline_dag.py took 1.705 seconds
[2026-01-16T17:37:20.374+0000] {processor.py:157} INFO - Started process (PID=1639) to work on /opt/airflow/dags/dispatcher_pipeline_dag.py
[2026-01-16T17:37:20.376+0000] {processor.py:829} INFO - Processing file /opt/airflow/dags/dispatcher_pipeline_dag.py for tasks to queue
[2026-01-16T17:37:20.378+0000] {logging_mixin.py:151} INFO - [2026-01-16T17:37:20.377+0000] {dagbag.py:539} INFO - Filling up the DagBag from /opt/airflow/dags/dispatcher_pipeline_dag.py
[2026-01-16T17:37:21.860+0000] {processor.py:839} INFO - DAG(s) dict_keys(['distillationDAG']) retrieved from /opt/airflow/dags/dispatcher_pipeline_dag.py
[2026-01-16T17:37:21.945+0000] {logging_mixin.py:151} INFO - [2026-01-16T17:37:21.944+0000] {dag.py:2915} INFO - Sync 1 DAGs
[2026-01-16T17:37:22.004+0000] {logging_mixin.py:151} INFO - [2026-01-16T17:37:22.004+0000] {dag.py:3696} INFO - Setting next_dagrun for distillationDAG to 2026-01-16T17:36:37.003461+00:00, run_after=2026-01-16T17:37:22.003461+00:00
[2026-01-16T17:37:22.049+0000] {processor.py:179} INFO - Processing /opt/airflow/dags/dispatcher_pipeline_dag.py took 1.687 seconds
[2026-01-16T17:37:52.305+0000] {processor.py:157} INFO - Started process (PID=1652) to work on /opt/airflow/dags/dispatcher_pipeline_dag.py
[2026-01-16T17:37:52.308+0000] {processor.py:829} INFO - Processing file /opt/airflow/dags/dispatcher_pipeline_dag.py for tasks to queue
[2026-01-16T17:37:52.310+0000] {logging_mixin.py:151} INFO - [2026-01-16T17:37:52.309+0000] {dagbag.py:539} INFO - Filling up the DagBag from /opt/airflow/dags/dispatcher_pipeline_dag.py
[2026-01-16T17:37:53.784+0000] {processor.py:839} INFO - DAG(s) dict_keys(['distillationDAG']) retrieved from /opt/airflow/dags/dispatcher_pipeline_dag.py
[2026-01-16T17:37:53.869+0000] {logging_mixin.py:151} INFO - [2026-01-16T17:37:53.868+0000] {dag.py:2915} INFO - Sync 1 DAGs
[2026-01-16T17:37:53.927+0000] {logging_mixin.py:151} INFO - [2026-01-16T17:37:53.927+0000] {dag.py:3696} INFO - Setting next_dagrun for distillationDAG to 2026-01-16T17:37:08.926504+00:00, run_after=2026-01-16T17:37:53.926504+00:00
[2026-01-16T17:37:53.971+0000] {processor.py:179} INFO - Processing /opt/airflow/dags/dispatcher_pipeline_dag.py took 1.677 seconds
[2026-01-16T17:38:24.226+0000] {processor.py:157} INFO - Started process (PID=1665) to work on /opt/airflow/dags/dispatcher_pipeline_dag.py
[2026-01-16T17:38:24.229+0000] {processor.py:829} INFO - Processing file /opt/airflow/dags/dispatcher_pipeline_dag.py for tasks to queue
[2026-01-16T17:38:24.232+0000] {logging_mixin.py:151} INFO - [2026-01-16T17:38:24.231+0000] {dagbag.py:539} INFO - Filling up the DagBag from /opt/airflow/dags/dispatcher_pipeline_dag.py
[2026-01-16T17:38:25.697+0000] {processor.py:839} INFO - DAG(s) dict_keys(['distillationDAG']) retrieved from /opt/airflow/dags/dispatcher_pipeline_dag.py
[2026-01-16T17:38:25.781+0000] {logging_mixin.py:151} INFO - [2026-01-16T17:38:25.780+0000] {dag.py:2915} INFO - Sync 1 DAGs
[2026-01-16T17:38:25.842+0000] {logging_mixin.py:151} INFO - [2026-01-16T17:38:25.841+0000] {dag.py:3696} INFO - Setting next_dagrun for distillationDAG to 2026-01-16T17:37:40.841067+00:00, run_after=2026-01-16T17:38:25.841067+00:00
[2026-01-16T17:38:25.882+0000] {processor.py:179} INFO - Processing /opt/airflow/dags/dispatcher_pipeline_dag.py took 1.668 seconds
[2026-01-16T17:38:56.145+0000] {processor.py:157} INFO - Started process (PID=1678) to work on /opt/airflow/dags/dispatcher_pipeline_dag.py
[2026-01-16T17:38:56.147+0000] {processor.py:829} INFO - Processing file /opt/airflow/dags/dispatcher_pipeline_dag.py for tasks to queue
[2026-01-16T17:38:56.150+0000] {logging_mixin.py:151} INFO - [2026-01-16T17:38:56.149+0000] {dagbag.py:539} INFO - Filling up the DagBag from /opt/airflow/dags/dispatcher_pipeline_dag.py
[2026-01-16T17:38:57.639+0000] {processor.py:839} INFO - DAG(s) dict_keys(['distillationDAG']) retrieved from /opt/airflow/dags/dispatcher_pipeline_dag.py
[2026-01-16T17:38:57.725+0000] {logging_mixin.py:151} INFO - [2026-01-16T17:38:57.724+0000] {dag.py:2915} INFO - Sync 1 DAGs
[2026-01-16T17:38:57.783+0000] {logging_mixin.py:151} INFO - [2026-01-16T17:38:57.783+0000] {dag.py:3696} INFO - Setting next_dagrun for distillationDAG to 2026-01-16T17:38:12.782486+00:00, run_after=2026-01-16T17:38:57.782486+00:00
[2026-01-16T17:38:57.824+0000] {processor.py:179} INFO - Processing /opt/airflow/dags/dispatcher_pipeline_dag.py took 1.693 seconds
[2026-01-16T17:39:28.078+0000] {processor.py:157} INFO - Started process (PID=1691) to work on /opt/airflow/dags/dispatcher_pipeline_dag.py
[2026-01-16T17:39:28.081+0000] {processor.py:829} INFO - Processing file /opt/airflow/dags/dispatcher_pipeline_dag.py for tasks to queue
[2026-01-16T17:39:28.083+0000] {logging_mixin.py:151} INFO - [2026-01-16T17:39:28.082+0000] {dagbag.py:539} INFO - Filling up the DagBag from /opt/airflow/dags/dispatcher_pipeline_dag.py
[2026-01-16T17:39:29.650+0000] {processor.py:839} INFO - DAG(s) dict_keys(['distillationDAG']) retrieved from /opt/airflow/dags/dispatcher_pipeline_dag.py
[2026-01-16T17:39:29.738+0000] {logging_mixin.py:151} INFO - [2026-01-16T17:39:29.737+0000] {dag.py:2915} INFO - Sync 1 DAGs
[2026-01-16T17:39:29.795+0000] {logging_mixin.py:151} INFO - [2026-01-16T17:39:29.795+0000] {dag.py:3696} INFO - Setting next_dagrun for distillationDAG to 2026-01-16T17:38:44.794583+00:00, run_after=2026-01-16T17:39:29.794583+00:00
[2026-01-16T17:39:29.836+0000] {processor.py:179} INFO - Processing /opt/airflow/dags/dispatcher_pipeline_dag.py took 1.770 seconds
[2026-01-16T17:39:59.945+0000] {processor.py:157} INFO - Started process (PID=1704) to work on /opt/airflow/dags/dispatcher_pipeline_dag.py
[2026-01-16T17:39:59.948+0000] {processor.py:829} INFO - Processing file /opt/airflow/dags/dispatcher_pipeline_dag.py for tasks to queue
[2026-01-16T17:39:59.950+0000] {logging_mixin.py:151} INFO - [2026-01-16T17:39:59.949+0000] {dagbag.py:539} INFO - Filling up the DagBag from /opt/airflow/dags/dispatcher_pipeline_dag.py
[2026-01-16T17:40:01.433+0000] {processor.py:839} INFO - DAG(s) dict_keys(['distillationDAG']) retrieved from /opt/airflow/dags/dispatcher_pipeline_dag.py
[2026-01-16T17:40:01.519+0000] {logging_mixin.py:151} INFO - [2026-01-16T17:40:01.518+0000] {dag.py:2915} INFO - Sync 1 DAGs
[2026-01-16T17:40:01.577+0000] {logging_mixin.py:151} INFO - [2026-01-16T17:40:01.577+0000] {dag.py:3696} INFO - Setting next_dagrun for distillationDAG to 2026-01-16T17:39:16.576870+00:00, run_after=2026-01-16T17:40:01.576870+00:00
[2026-01-16T17:40:01.619+0000] {processor.py:179} INFO - Processing /opt/airflow/dags/dispatcher_pipeline_dag.py took 1.686 seconds
[2026-01-16T17:40:31.889+0000] {processor.py:157} INFO - Started process (PID=1717) to work on /opt/airflow/dags/dispatcher_pipeline_dag.py
[2026-01-16T17:40:31.892+0000] {processor.py:829} INFO - Processing file /opt/airflow/dags/dispatcher_pipeline_dag.py for tasks to queue
[2026-01-16T17:40:31.895+0000] {logging_mixin.py:151} INFO - [2026-01-16T17:40:31.894+0000] {dagbag.py:539} INFO - Filling up the DagBag from /opt/airflow/dags/dispatcher_pipeline_dag.py
[2026-01-16T17:40:33.484+0000] {processor.py:839} INFO - DAG(s) dict_keys(['distillationDAG']) retrieved from /opt/airflow/dags/dispatcher_pipeline_dag.py
[2026-01-16T17:40:33.573+0000] {logging_mixin.py:151} INFO - [2026-01-16T17:40:33.572+0000] {dag.py:2915} INFO - Sync 1 DAGs
[2026-01-16T17:40:33.633+0000] {logging_mixin.py:151} INFO - [2026-01-16T17:40:33.633+0000] {dag.py:3696} INFO - Setting next_dagrun for distillationDAG to 2026-01-16T17:39:48.632796+00:00, run_after=2026-01-16T17:40:33.632796+00:00
[2026-01-16T17:40:33.675+0000] {processor.py:179} INFO - Processing /opt/airflow/dags/dispatcher_pipeline_dag.py took 1.797 seconds
[2026-01-16T17:41:03.937+0000] {processor.py:157} INFO - Started process (PID=1730) to work on /opt/airflow/dags/dispatcher_pipeline_dag.py
[2026-01-16T17:41:03.940+0000] {processor.py:829} INFO - Processing file /opt/airflow/dags/dispatcher_pipeline_dag.py for tasks to queue
[2026-01-16T17:41:03.942+0000] {logging_mixin.py:151} INFO - [2026-01-16T17:41:03.941+0000] {dagbag.py:539} INFO - Filling up the DagBag from /opt/airflow/dags/dispatcher_pipeline_dag.py
[2026-01-16T17:41:05.431+0000] {processor.py:839} INFO - DAG(s) dict_keys(['distillationDAG']) retrieved from /opt/airflow/dags/dispatcher_pipeline_dag.py
[2026-01-16T17:41:05.516+0000] {logging_mixin.py:151} INFO - [2026-01-16T17:41:05.515+0000] {dag.py:2915} INFO - Sync 1 DAGs
[2026-01-16T17:41:05.577+0000] {logging_mixin.py:151} INFO - [2026-01-16T17:41:05.577+0000] {dag.py:3696} INFO - Setting next_dagrun for distillationDAG to 2026-01-16T17:40:20.576446+00:00, run_after=2026-01-16T17:41:05.576446+00:00
[2026-01-16T17:41:05.619+0000] {processor.py:179} INFO - Processing /opt/airflow/dags/dispatcher_pipeline_dag.py took 1.693 seconds
[2026-01-16T17:41:35.879+0000] {processor.py:157} INFO - Started process (PID=1743) to work on /opt/airflow/dags/dispatcher_pipeline_dag.py
[2026-01-16T17:41:35.882+0000] {processor.py:829} INFO - Processing file /opt/airflow/dags/dispatcher_pipeline_dag.py for tasks to queue
[2026-01-16T17:41:35.884+0000] {logging_mixin.py:151} INFO - [2026-01-16T17:41:35.883+0000] {dagbag.py:539} INFO - Filling up the DagBag from /opt/airflow/dags/dispatcher_pipeline_dag.py
[2026-01-16T17:41:37.463+0000] {processor.py:839} INFO - DAG(s) dict_keys(['distillationDAG']) retrieved from /opt/airflow/dags/dispatcher_pipeline_dag.py
[2026-01-16T17:41:37.553+0000] {logging_mixin.py:151} INFO - [2026-01-16T17:41:37.552+0000] {dag.py:2915} INFO - Sync 1 DAGs
[2026-01-16T17:41:37.614+0000] {logging_mixin.py:151} INFO - [2026-01-16T17:41:37.614+0000] {dag.py:3696} INFO - Setting next_dagrun for distillationDAG to 2026-01-16T17:40:52.613454+00:00, run_after=2026-01-16T17:41:37.613454+00:00
[2026-01-16T17:41:37.657+0000] {processor.py:179} INFO - Processing /opt/airflow/dags/dispatcher_pipeline_dag.py took 1.791 seconds
[2026-01-16T17:42:07.915+0000] {processor.py:157} INFO - Started process (PID=1756) to work on /opt/airflow/dags/dispatcher_pipeline_dag.py
[2026-01-16T17:42:07.918+0000] {processor.py:829} INFO - Processing file /opt/airflow/dags/dispatcher_pipeline_dag.py for tasks to queue
[2026-01-16T17:42:07.921+0000] {logging_mixin.py:151} INFO - [2026-01-16T17:42:07.920+0000] {dagbag.py:539} INFO - Filling up the DagBag from /opt/airflow/dags/dispatcher_pipeline_dag.py
[2026-01-16T17:42:09.420+0000] {processor.py:839} INFO - DAG(s) dict_keys(['distillationDAG']) retrieved from /opt/airflow/dags/dispatcher_pipeline_dag.py
[2026-01-16T17:42:09.506+0000] {logging_mixin.py:151} INFO - [2026-01-16T17:42:09.505+0000] {dag.py:2915} INFO - Sync 1 DAGs
[2026-01-16T17:42:09.565+0000] {logging_mixin.py:151} INFO - [2026-01-16T17:42:09.564+0000] {dag.py:3696} INFO - Setting next_dagrun for distillationDAG to 2026-01-16T17:41:24.564136+00:00, run_after=2026-01-16T17:42:09.564136+00:00
[2026-01-16T17:42:09.606+0000] {processor.py:179} INFO - Processing /opt/airflow/dags/dispatcher_pipeline_dag.py took 1.702 seconds
[2026-01-16T17:42:39.879+0000] {processor.py:157} INFO - Started process (PID=1769) to work on /opt/airflow/dags/dispatcher_pipeline_dag.py
[2026-01-16T17:42:39.885+0000] {processor.py:829} INFO - Processing file /opt/airflow/dags/dispatcher_pipeline_dag.py for tasks to queue
[2026-01-16T17:42:39.887+0000] {logging_mixin.py:151} INFO - [2026-01-16T17:42:39.886+0000] {dagbag.py:539} INFO - Filling up the DagBag from /opt/airflow/dags/dispatcher_pipeline_dag.py
[2026-01-16T17:42:41.622+0000] {processor.py:839} INFO - DAG(s) dict_keys(['distillationDAG']) retrieved from /opt/airflow/dags/dispatcher_pipeline_dag.py
[2026-01-16T17:42:41.709+0000] {logging_mixin.py:151} INFO - [2026-01-16T17:42:41.708+0000] {dag.py:2915} INFO - Sync 1 DAGs
[2026-01-16T17:42:41.768+0000] {logging_mixin.py:151} INFO - [2026-01-16T17:42:41.767+0000] {dag.py:3696} INFO - Setting next_dagrun for distillationDAG to 2026-01-16T17:41:56.767246+00:00, run_after=2026-01-16T17:42:41.767246+00:00
[2026-01-16T17:42:41.810+0000] {processor.py:179} INFO - Processing /opt/airflow/dags/dispatcher_pipeline_dag.py took 1.946 seconds
[2026-01-16T17:43:12.061+0000] {processor.py:157} INFO - Started process (PID=1782) to work on /opt/airflow/dags/dispatcher_pipeline_dag.py
[2026-01-16T17:43:12.063+0000] {processor.py:829} INFO - Processing file /opt/airflow/dags/dispatcher_pipeline_dag.py for tasks to queue
[2026-01-16T17:43:12.066+0000] {logging_mixin.py:151} INFO - [2026-01-16T17:43:12.064+0000] {dagbag.py:539} INFO - Filling up the DagBag from /opt/airflow/dags/dispatcher_pipeline_dag.py
[2026-01-16T17:43:13.637+0000] {processor.py:839} INFO - DAG(s) dict_keys(['distillationDAG']) retrieved from /opt/airflow/dags/dispatcher_pipeline_dag.py
[2026-01-16T17:43:13.762+0000] {logging_mixin.py:151} INFO - [2026-01-16T17:43:13.760+0000] {dag.py:2915} INFO - Sync 1 DAGs
[2026-01-16T17:43:13.827+0000] {logging_mixin.py:151} INFO - [2026-01-16T17:43:13.827+0000] {dag.py:3696} INFO - Setting next_dagrun for distillationDAG to 2026-01-16T17:42:28.826708+00:00, run_after=2026-01-16T17:43:13.826708+00:00
[2026-01-16T17:43:13.867+0000] {processor.py:179} INFO - Processing /opt/airflow/dags/dispatcher_pipeline_dag.py took 1.818 seconds
[2026-01-16T17:43:44.126+0000] {processor.py:157} INFO - Started process (PID=1795) to work on /opt/airflow/dags/dispatcher_pipeline_dag.py
[2026-01-16T17:43:44.128+0000] {processor.py:829} INFO - Processing file /opt/airflow/dags/dispatcher_pipeline_dag.py for tasks to queue
[2026-01-16T17:43:44.131+0000] {logging_mixin.py:151} INFO - [2026-01-16T17:43:44.130+0000] {dagbag.py:539} INFO - Filling up the DagBag from /opt/airflow/dags/dispatcher_pipeline_dag.py
[2026-01-16T17:43:45.719+0000] {processor.py:839} INFO - DAG(s) dict_keys(['distillationDAG']) retrieved from /opt/airflow/dags/dispatcher_pipeline_dag.py
[2026-01-16T17:43:45.855+0000] {logging_mixin.py:151} INFO - [2026-01-16T17:43:45.854+0000] {dag.py:2915} INFO - Sync 1 DAGs
[2026-01-16T17:43:45.927+0000] {logging_mixin.py:151} INFO - [2026-01-16T17:43:45.926+0000] {dag.py:3696} INFO - Setting next_dagrun for distillationDAG to 2026-01-16T17:43:00.926267+00:00, run_after=2026-01-16T17:43:45.926267+00:00
[2026-01-16T17:43:45.984+0000] {processor.py:179} INFO - Processing /opt/airflow/dags/dispatcher_pipeline_dag.py took 1.870 seconds
[2026-01-16T17:44:16.249+0000] {processor.py:157} INFO - Started process (PID=1808) to work on /opt/airflow/dags/dispatcher_pipeline_dag.py
[2026-01-16T17:44:16.251+0000] {processor.py:829} INFO - Processing file /opt/airflow/dags/dispatcher_pipeline_dag.py for tasks to queue
[2026-01-16T17:44:16.253+0000] {logging_mixin.py:151} INFO - [2026-01-16T17:44:16.252+0000] {dagbag.py:539} INFO - Filling up the DagBag from /opt/airflow/dags/dispatcher_pipeline_dag.py
[2026-01-16T17:44:17.727+0000] {processor.py:839} INFO - DAG(s) dict_keys(['distillationDAG']) retrieved from /opt/airflow/dags/dispatcher_pipeline_dag.py
[2026-01-16T17:44:17.814+0000] {logging_mixin.py:151} INFO - [2026-01-16T17:44:17.813+0000] {dag.py:2915} INFO - Sync 1 DAGs
[2026-01-16T17:44:17.871+0000] {logging_mixin.py:151} INFO - [2026-01-16T17:44:17.871+0000] {dag.py:3696} INFO - Setting next_dagrun for distillationDAG to 2026-01-16T17:43:32.870855+00:00, run_after=2026-01-16T17:44:17.870855+00:00
[2026-01-16T17:44:17.912+0000] {processor.py:179} INFO - Processing /opt/airflow/dags/dispatcher_pipeline_dag.py took 1.673 seconds
[2026-01-16T17:44:48.168+0000] {processor.py:157} INFO - Started process (PID=1821) to work on /opt/airflow/dags/dispatcher_pipeline_dag.py
[2026-01-16T17:44:48.171+0000] {processor.py:829} INFO - Processing file /opt/airflow/dags/dispatcher_pipeline_dag.py for tasks to queue
[2026-01-16T17:44:48.173+0000] {logging_mixin.py:151} INFO - [2026-01-16T17:44:48.172+0000] {dagbag.py:539} INFO - Filling up the DagBag from /opt/airflow/dags/dispatcher_pipeline_dag.py
[2026-01-16T17:44:49.638+0000] {processor.py:839} INFO - DAG(s) dict_keys(['distillationDAG']) retrieved from /opt/airflow/dags/dispatcher_pipeline_dag.py
[2026-01-16T17:44:49.723+0000] {logging_mixin.py:151} INFO - [2026-01-16T17:44:49.722+0000] {dag.py:2915} INFO - Sync 1 DAGs
[2026-01-16T17:44:49.781+0000] {logging_mixin.py:151} INFO - [2026-01-16T17:44:49.781+0000] {dag.py:3696} INFO - Setting next_dagrun for distillationDAG to 2026-01-16T17:44:04.780707+00:00, run_after=2026-01-16T17:44:49.780707+00:00
[2026-01-16T17:44:49.825+0000] {processor.py:179} INFO - Processing /opt/airflow/dags/dispatcher_pipeline_dag.py took 1.668 seconds
[2026-01-16T17:45:20.113+0000] {processor.py:157} INFO - Started process (PID=1834) to work on /opt/airflow/dags/dispatcher_pipeline_dag.py
[2026-01-16T17:45:20.115+0000] {processor.py:829} INFO - Processing file /opt/airflow/dags/dispatcher_pipeline_dag.py for tasks to queue
[2026-01-16T17:45:20.119+0000] {logging_mixin.py:151} INFO - [2026-01-16T17:45:20.117+0000] {dagbag.py:539} INFO - Filling up the DagBag from /opt/airflow/dags/dispatcher_pipeline_dag.py
[2026-01-16T17:45:21.686+0000] {processor.py:839} INFO - DAG(s) dict_keys(['distillationDAG']) retrieved from /opt/airflow/dags/dispatcher_pipeline_dag.py
[2026-01-16T17:45:21.773+0000] {logging_mixin.py:151} INFO - [2026-01-16T17:45:21.772+0000] {dag.py:2915} INFO - Sync 1 DAGs
[2026-01-16T17:45:21.834+0000] {logging_mixin.py:151} INFO - [2026-01-16T17:45:21.833+0000] {dag.py:3696} INFO - Setting next_dagrun for distillationDAG to 2026-01-16T17:44:36.833000+00:00, run_after=2026-01-16T17:45:21.833000+00:00
[2026-01-16T17:45:21.874+0000] {processor.py:179} INFO - Processing /opt/airflow/dags/dispatcher_pipeline_dag.py took 1.773 seconds
[2026-01-16T17:45:52.129+0000] {processor.py:157} INFO - Started process (PID=1847) to work on /opt/airflow/dags/dispatcher_pipeline_dag.py
[2026-01-16T17:45:52.132+0000] {processor.py:829} INFO - Processing file /opt/airflow/dags/dispatcher_pipeline_dag.py for tasks to queue
[2026-01-16T17:45:52.135+0000] {logging_mixin.py:151} INFO - [2026-01-16T17:45:52.134+0000] {dagbag.py:539} INFO - Filling up the DagBag from /opt/airflow/dags/dispatcher_pipeline_dag.py
[2026-01-16T17:45:53.693+0000] {processor.py:839} INFO - DAG(s) dict_keys(['distillationDAG']) retrieved from /opt/airflow/dags/dispatcher_pipeline_dag.py
[2026-01-16T17:45:53.779+0000] {logging_mixin.py:151} INFO - [2026-01-16T17:45:53.778+0000] {dag.py:2915} INFO - Sync 1 DAGs
[2026-01-16T17:45:53.841+0000] {logging_mixin.py:151} INFO - [2026-01-16T17:45:53.841+0000] {dag.py:3696} INFO - Setting next_dagrun for distillationDAG to 2026-01-16T17:45:08.840408+00:00, run_after=2026-01-16T17:45:53.840408+00:00
[2026-01-16T17:45:53.884+0000] {processor.py:179} INFO - Processing /opt/airflow/dags/dispatcher_pipeline_dag.py took 1.766 seconds
[2026-01-16T17:46:24.149+0000] {processor.py:157} INFO - Started process (PID=1860) to work on /opt/airflow/dags/dispatcher_pipeline_dag.py
[2026-01-16T17:46:24.152+0000] {processor.py:829} INFO - Processing file /opt/airflow/dags/dispatcher_pipeline_dag.py for tasks to queue
[2026-01-16T17:46:24.154+0000] {logging_mixin.py:151} INFO - [2026-01-16T17:46:24.153+0000] {dagbag.py:539} INFO - Filling up the DagBag from /opt/airflow/dags/dispatcher_pipeline_dag.py
[2026-01-16T17:46:25.638+0000] {processor.py:839} INFO - DAG(s) dict_keys(['distillationDAG']) retrieved from /opt/airflow/dags/dispatcher_pipeline_dag.py
[2026-01-16T17:46:25.730+0000] {logging_mixin.py:151} INFO - [2026-01-16T17:46:25.729+0000] {dag.py:2915} INFO - Sync 1 DAGs
[2026-01-16T17:46:25.788+0000] {logging_mixin.py:151} INFO - [2026-01-16T17:46:25.788+0000] {dag.py:3696} INFO - Setting next_dagrun for distillationDAG to 2026-01-16T17:45:40.787646+00:00, run_after=2026-01-16T17:46:25.787646+00:00
[2026-01-16T17:46:25.830+0000] {processor.py:179} INFO - Processing /opt/airflow/dags/dispatcher_pipeline_dag.py took 1.692 seconds
[2026-01-16T17:46:56.087+0000] {processor.py:157} INFO - Started process (PID=1873) to work on /opt/airflow/dags/dispatcher_pipeline_dag.py
[2026-01-16T17:46:56.089+0000] {processor.py:829} INFO - Processing file /opt/airflow/dags/dispatcher_pipeline_dag.py for tasks to queue
[2026-01-16T17:46:56.092+0000] {logging_mixin.py:151} INFO - [2026-01-16T17:46:56.091+0000] {dagbag.py:539} INFO - Filling up the DagBag from /opt/airflow/dags/dispatcher_pipeline_dag.py
[2026-01-16T17:46:57.649+0000] {processor.py:839} INFO - DAG(s) dict_keys(['distillationDAG']) retrieved from /opt/airflow/dags/dispatcher_pipeline_dag.py
[2026-01-16T17:46:57.756+0000] {logging_mixin.py:151} INFO - [2026-01-16T17:46:57.755+0000] {dag.py:2915} INFO - Sync 1 DAGs
[2026-01-16T17:46:57.819+0000] {logging_mixin.py:151} INFO - [2026-01-16T17:46:57.819+0000] {dag.py:3696} INFO - Setting next_dagrun for distillationDAG to 2026-01-16T17:46:12.818518+00:00, run_after=2026-01-16T17:46:57.818518+00:00
[2026-01-16T17:46:57.862+0000] {processor.py:179} INFO - Processing /opt/airflow/dags/dispatcher_pipeline_dag.py took 1.786 seconds
[2026-01-16T17:47:28.122+0000] {processor.py:157} INFO - Started process (PID=1889) to work on /opt/airflow/dags/dispatcher_pipeline_dag.py
[2026-01-16T17:47:28.124+0000] {processor.py:829} INFO - Processing file /opt/airflow/dags/dispatcher_pipeline_dag.py for tasks to queue
[2026-01-16T17:47:28.127+0000] {logging_mixin.py:151} INFO - [2026-01-16T17:47:28.126+0000] {dagbag.py:539} INFO - Filling up the DagBag from /opt/airflow/dags/dispatcher_pipeline_dag.py
[2026-01-16T17:47:29.610+0000] {processor.py:839} INFO - DAG(s) dict_keys(['distillationDAG']) retrieved from /opt/airflow/dags/dispatcher_pipeline_dag.py
[2026-01-16T17:47:29.694+0000] {logging_mixin.py:151} INFO - [2026-01-16T17:47:29.693+0000] {dag.py:2915} INFO - Sync 1 DAGs
[2026-01-16T17:47:29.753+0000] {logging_mixin.py:151} INFO - [2026-01-16T17:47:29.752+0000] {dag.py:3696} INFO - Setting next_dagrun for distillationDAG to 2026-01-16T17:46:44.752001+00:00, run_after=2026-01-16T17:47:29.752001+00:00
[2026-01-16T17:47:29.796+0000] {processor.py:179} INFO - Processing /opt/airflow/dags/dispatcher_pipeline_dag.py took 1.687 seconds
[2026-01-16T17:48:00.046+0000] {processor.py:157} INFO - Started process (PID=1906) to work on /opt/airflow/dags/dispatcher_pipeline_dag.py
[2026-01-16T17:48:00.049+0000] {processor.py:829} INFO - Processing file /opt/airflow/dags/dispatcher_pipeline_dag.py for tasks to queue
[2026-01-16T17:48:00.052+0000] {logging_mixin.py:151} INFO - [2026-01-16T17:48:00.050+0000] {dagbag.py:539} INFO - Filling up the DagBag from /opt/airflow/dags/dispatcher_pipeline_dag.py
[2026-01-16T17:48:01.540+0000] {processor.py:839} INFO - DAG(s) dict_keys(['distillationDAG']) retrieved from /opt/airflow/dags/dispatcher_pipeline_dag.py
[2026-01-16T17:48:01.627+0000] {logging_mixin.py:151} INFO - [2026-01-16T17:48:01.626+0000] {dag.py:2915} INFO - Sync 1 DAGs
[2026-01-16T17:48:01.692+0000] {logging_mixin.py:151} INFO - [2026-01-16T17:48:01.691+0000] {dag.py:3696} INFO - Setting next_dagrun for distillationDAG to 2026-01-16T17:47:16.691288+00:00, run_after=2026-01-16T17:48:01.691288+00:00
[2026-01-16T17:48:01.753+0000] {processor.py:179} INFO - Processing /opt/airflow/dags/dispatcher_pipeline_dag.py took 1.720 seconds
[2026-01-16T17:48:32.040+0000] {processor.py:157} INFO - Started process (PID=1919) to work on /opt/airflow/dags/dispatcher_pipeline_dag.py
[2026-01-16T17:48:32.043+0000] {processor.py:829} INFO - Processing file /opt/airflow/dags/dispatcher_pipeline_dag.py for tasks to queue
[2026-01-16T17:48:32.046+0000] {logging_mixin.py:151} INFO - [2026-01-16T17:48:32.045+0000] {dagbag.py:539} INFO - Filling up the DagBag from /opt/airflow/dags/dispatcher_pipeline_dag.py
[2026-01-16T17:48:33.568+0000] {processor.py:839} INFO - DAG(s) dict_keys(['distillationDAG']) retrieved from /opt/airflow/dags/dispatcher_pipeline_dag.py
[2026-01-16T17:48:33.655+0000] {logging_mixin.py:151} INFO - [2026-01-16T17:48:33.654+0000] {dag.py:2915} INFO - Sync 1 DAGs
[2026-01-16T17:48:33.715+0000] {logging_mixin.py:151} INFO - [2026-01-16T17:48:33.715+0000] {dag.py:3696} INFO - Setting next_dagrun for distillationDAG to 2026-01-16T17:47:48.714549+00:00, run_after=2026-01-16T17:48:33.714549+00:00
[2026-01-16T17:48:33.756+0000] {processor.py:179} INFO - Processing /opt/airflow/dags/dispatcher_pipeline_dag.py took 1.728 seconds
[2026-01-16T17:49:04.010+0000] {processor.py:157} INFO - Started process (PID=1932) to work on /opt/airflow/dags/dispatcher_pipeline_dag.py
[2026-01-16T17:49:04.013+0000] {processor.py:829} INFO - Processing file /opt/airflow/dags/dispatcher_pipeline_dag.py for tasks to queue
[2026-01-16T17:49:04.016+0000] {logging_mixin.py:151} INFO - [2026-01-16T17:49:04.015+0000] {dagbag.py:539} INFO - Filling up the DagBag from /opt/airflow/dags/dispatcher_pipeline_dag.py
[2026-01-16T17:49:05.521+0000] {processor.py:839} INFO - DAG(s) dict_keys(['distillationDAG']) retrieved from /opt/airflow/dags/dispatcher_pipeline_dag.py
[2026-01-16T17:49:05.611+0000] {logging_mixin.py:151} INFO - [2026-01-16T17:49:05.610+0000] {dag.py:2915} INFO - Sync 1 DAGs
[2026-01-16T17:49:05.669+0000] {logging_mixin.py:151} INFO - [2026-01-16T17:49:05.669+0000] {dag.py:3696} INFO - Setting next_dagrun for distillationDAG to 2026-01-16T17:48:20.668495+00:00, run_after=2026-01-16T17:49:05.668495+00:00
[2026-01-16T17:49:05.712+0000] {processor.py:179} INFO - Processing /opt/airflow/dags/dispatcher_pipeline_dag.py took 1.714 seconds
[2026-01-16T17:49:35.970+0000] {processor.py:157} INFO - Started process (PID=1945) to work on /opt/airflow/dags/dispatcher_pipeline_dag.py
[2026-01-16T17:49:35.973+0000] {processor.py:829} INFO - Processing file /opt/airflow/dags/dispatcher_pipeline_dag.py for tasks to queue
[2026-01-16T17:49:35.975+0000] {logging_mixin.py:151} INFO - [2026-01-16T17:49:35.974+0000] {dagbag.py:539} INFO - Filling up the DagBag from /opt/airflow/dags/dispatcher_pipeline_dag.py
[2026-01-16T17:49:37.556+0000] {processor.py:839} INFO - DAG(s) dict_keys(['distillationDAG']) retrieved from /opt/airflow/dags/dispatcher_pipeline_dag.py
[2026-01-16T17:49:37.646+0000] {logging_mixin.py:151} INFO - [2026-01-16T17:49:37.645+0000] {dag.py:2915} INFO - Sync 1 DAGs
[2026-01-16T17:49:37.706+0000] {logging_mixin.py:151} INFO - [2026-01-16T17:49:37.706+0000] {dag.py:3696} INFO - Setting next_dagrun for distillationDAG to 2026-01-16T17:48:52.705891+00:00, run_after=2026-01-16T17:49:37.705891+00:00
[2026-01-16T17:49:37.750+0000] {processor.py:179} INFO - Processing /opt/airflow/dags/dispatcher_pipeline_dag.py took 1.793 seconds
[2026-01-16T17:50:07.995+0000] {processor.py:157} INFO - Started process (PID=1958) to work on /opt/airflow/dags/dispatcher_pipeline_dag.py
[2026-01-16T17:50:07.997+0000] {processor.py:829} INFO - Processing file /opt/airflow/dags/dispatcher_pipeline_dag.py for tasks to queue
[2026-01-16T17:50:07.999+0000] {logging_mixin.py:151} INFO - [2026-01-16T17:50:07.998+0000] {dagbag.py:539} INFO - Filling up the DagBag from /opt/airflow/dags/dispatcher_pipeline_dag.py
[2026-01-16T17:50:09.509+0000] {processor.py:839} INFO - DAG(s) dict_keys(['distillationDAG']) retrieved from /opt/airflow/dags/dispatcher_pipeline_dag.py
[2026-01-16T17:50:09.616+0000] {logging_mixin.py:151} INFO - [2026-01-16T17:50:09.614+0000] {dag.py:2915} INFO - Sync 1 DAGs
[2026-01-16T17:50:09.676+0000] {logging_mixin.py:151} INFO - [2026-01-16T17:50:09.676+0000] {dag.py:3696} INFO - Setting next_dagrun for distillationDAG to 2026-01-16T17:49:24.675870+00:00, run_after=2026-01-16T17:50:09.675870+00:00
[2026-01-16T17:50:09.723+0000] {processor.py:179} INFO - Processing /opt/airflow/dags/dispatcher_pipeline_dag.py took 1.739 seconds
[2026-01-16T17:50:40.191+0000] {processor.py:157} INFO - Started process (PID=1971) to work on /opt/airflow/dags/dispatcher_pipeline_dag.py
[2026-01-16T17:50:40.194+0000] {processor.py:829} INFO - Processing file /opt/airflow/dags/dispatcher_pipeline_dag.py for tasks to queue
[2026-01-16T17:50:40.196+0000] {logging_mixin.py:151} INFO - [2026-01-16T17:50:40.195+0000] {dagbag.py:539} INFO - Filling up the DagBag from /opt/airflow/dags/dispatcher_pipeline_dag.py
[2026-01-16T17:50:41.655+0000] {processor.py:839} INFO - DAG(s) dict_keys(['distillationDAG']) retrieved from /opt/airflow/dags/dispatcher_pipeline_dag.py
[2026-01-16T17:50:41.741+0000] {logging_mixin.py:151} INFO - [2026-01-16T17:50:41.740+0000] {dag.py:2915} INFO - Sync 1 DAGs
[2026-01-16T17:50:41.804+0000] {logging_mixin.py:151} INFO - [2026-01-16T17:50:41.804+0000] {dag.py:3696} INFO - Setting next_dagrun for distillationDAG to 2026-01-16T17:49:56.803668+00:00, run_after=2026-01-16T17:50:41.803668+00:00
[2026-01-16T17:50:41.849+0000] {processor.py:179} INFO - Processing /opt/airflow/dags/dispatcher_pipeline_dag.py took 1.668 seconds
[2026-01-16T17:51:12.099+0000] {processor.py:157} INFO - Started process (PID=1984) to work on /opt/airflow/dags/dispatcher_pipeline_dag.py
[2026-01-16T17:51:12.101+0000] {processor.py:829} INFO - Processing file /opt/airflow/dags/dispatcher_pipeline_dag.py for tasks to queue
[2026-01-16T17:51:12.104+0000] {logging_mixin.py:151} INFO - [2026-01-16T17:51:12.103+0000] {dagbag.py:539} INFO - Filling up the DagBag from /opt/airflow/dags/dispatcher_pipeline_dag.py
[2026-01-16T17:51:13.578+0000] {processor.py:839} INFO - DAG(s) dict_keys(['distillationDAG']) retrieved from /opt/airflow/dags/dispatcher_pipeline_dag.py
[2026-01-16T17:51:13.662+0000] {logging_mixin.py:151} INFO - [2026-01-16T17:51:13.661+0000] {dag.py:2915} INFO - Sync 1 DAGs
[2026-01-16T17:51:13.722+0000] {logging_mixin.py:151} INFO - [2026-01-16T17:51:13.722+0000] {dag.py:3696} INFO - Setting next_dagrun for distillationDAG to 2026-01-16T17:50:28.721798+00:00, run_after=2026-01-16T17:51:13.721798+00:00
[2026-01-16T17:51:13.762+0000] {processor.py:179} INFO - Processing /opt/airflow/dags/dispatcher_pipeline_dag.py took 1.673 seconds
[2026-01-16T17:51:43.883+0000] {processor.py:157} INFO - Started process (PID=1997) to work on /opt/airflow/dags/dispatcher_pipeline_dag.py
[2026-01-16T17:51:43.886+0000] {processor.py:829} INFO - Processing file /opt/airflow/dags/dispatcher_pipeline_dag.py for tasks to queue
[2026-01-16T17:51:43.888+0000] {logging_mixin.py:151} INFO - [2026-01-16T17:51:43.887+0000] {dagbag.py:539} INFO - Filling up the DagBag from /opt/airflow/dags/dispatcher_pipeline_dag.py
[2026-01-16T17:51:45.365+0000] {processor.py:839} INFO - DAG(s) dict_keys(['distillationDAG']) retrieved from /opt/airflow/dags/dispatcher_pipeline_dag.py
[2026-01-16T17:51:45.451+0000] {logging_mixin.py:151} INFO - [2026-01-16T17:51:45.450+0000] {dag.py:2915} INFO - Sync 1 DAGs
[2026-01-16T17:51:45.509+0000] {logging_mixin.py:151} INFO - [2026-01-16T17:51:45.509+0000] {dag.py:3696} INFO - Setting next_dagrun for distillationDAG to 2026-01-16T17:51:00.508864+00:00, run_after=2026-01-16T17:51:45.508864+00:00
[2026-01-16T17:51:45.550+0000] {processor.py:179} INFO - Processing /opt/airflow/dags/dispatcher_pipeline_dag.py took 1.679 seconds
[2026-01-16T17:52:15.804+0000] {processor.py:157} INFO - Started process (PID=2010) to work on /opt/airflow/dags/dispatcher_pipeline_dag.py
[2026-01-16T17:52:15.806+0000] {processor.py:829} INFO - Processing file /opt/airflow/dags/dispatcher_pipeline_dag.py for tasks to queue
[2026-01-16T17:52:15.809+0000] {logging_mixin.py:151} INFO - [2026-01-16T17:52:15.808+0000] {dagbag.py:539} INFO - Filling up the DagBag from /opt/airflow/dags/dispatcher_pipeline_dag.py
[2026-01-16T17:52:17.280+0000] {processor.py:839} INFO - DAG(s) dict_keys(['distillationDAG']) retrieved from /opt/airflow/dags/dispatcher_pipeline_dag.py
[2026-01-16T17:52:17.364+0000] {logging_mixin.py:151} INFO - [2026-01-16T17:52:17.363+0000] {dag.py:2915} INFO - Sync 1 DAGs
[2026-01-16T17:52:17.421+0000] {logging_mixin.py:151} INFO - [2026-01-16T17:52:17.421+0000] {dag.py:3696} INFO - Setting next_dagrun for distillationDAG to 2026-01-16T17:51:32.420654+00:00, run_after=2026-01-16T17:52:17.420654+00:00
[2026-01-16T17:52:17.465+0000] {processor.py:179} INFO - Processing /opt/airflow/dags/dispatcher_pipeline_dag.py took 1.673 seconds
[2026-01-16T17:52:47.711+0000] {processor.py:157} INFO - Started process (PID=2023) to work on /opt/airflow/dags/dispatcher_pipeline_dag.py
[2026-01-16T17:52:47.715+0000] {processor.py:829} INFO - Processing file /opt/airflow/dags/dispatcher_pipeline_dag.py for tasks to queue
[2026-01-16T17:52:47.717+0000] {logging_mixin.py:151} INFO - [2026-01-16T17:52:47.716+0000] {dagbag.py:539} INFO - Filling up the DagBag from /opt/airflow/dags/dispatcher_pipeline_dag.py
[2026-01-16T17:52:49.187+0000] {processor.py:839} INFO - DAG(s) dict_keys(['distillationDAG']) retrieved from /opt/airflow/dags/dispatcher_pipeline_dag.py
[2026-01-16T17:52:49.271+0000] {logging_mixin.py:151} INFO - [2026-01-16T17:52:49.270+0000] {dag.py:2915} INFO - Sync 1 DAGs
[2026-01-16T17:52:49.332+0000] {logging_mixin.py:151} INFO - [2026-01-16T17:52:49.331+0000] {dag.py:3696} INFO - Setting next_dagrun for distillationDAG to 2026-01-16T17:52:04.331012+00:00, run_after=2026-01-16T17:52:49.331012+00:00
[2026-01-16T17:52:49.373+0000] {processor.py:179} INFO - Processing /opt/airflow/dags/dispatcher_pipeline_dag.py took 1.673 seconds
[2026-01-16T17:53:19.629+0000] {processor.py:157} INFO - Started process (PID=2036) to work on /opt/airflow/dags/dispatcher_pipeline_dag.py
[2026-01-16T17:53:19.632+0000] {processor.py:829} INFO - Processing file /opt/airflow/dags/dispatcher_pipeline_dag.py for tasks to queue
[2026-01-16T17:53:19.634+0000] {logging_mixin.py:151} INFO - [2026-01-16T17:53:19.633+0000] {dagbag.py:539} INFO - Filling up the DagBag from /opt/airflow/dags/dispatcher_pipeline_dag.py
[2026-01-16T17:53:21.074+0000] {processor.py:839} INFO - DAG(s) dict_keys(['distillationDAG']) retrieved from /opt/airflow/dags/dispatcher_pipeline_dag.py
[2026-01-16T17:53:21.161+0000] {logging_mixin.py:151} INFO - [2026-01-16T17:53:21.160+0000] {dag.py:2915} INFO - Sync 1 DAGs
[2026-01-16T17:53:21.218+0000] {logging_mixin.py:151} INFO - [2026-01-16T17:53:21.217+0000] {dag.py:3696} INFO - Setting next_dagrun for distillationDAG to 2026-01-16T17:52:36.217156+00:00, run_after=2026-01-16T17:53:21.217156+00:00
[2026-01-16T17:53:21.259+0000] {processor.py:179} INFO - Processing /opt/airflow/dags/dispatcher_pipeline_dag.py took 1.640 seconds
[2026-01-16T17:53:51.833+0000] {processor.py:157} INFO - Started process (PID=2049) to work on /opt/airflow/dags/dispatcher_pipeline_dag.py
[2026-01-16T17:53:51.836+0000] {processor.py:829} INFO - Processing file /opt/airflow/dags/dispatcher_pipeline_dag.py for tasks to queue
[2026-01-16T17:53:51.839+0000] {logging_mixin.py:151} INFO - [2026-01-16T17:53:51.837+0000] {dagbag.py:539} INFO - Filling up the DagBag from /opt/airflow/dags/dispatcher_pipeline_dag.py
[2026-01-16T17:53:53.308+0000] {processor.py:839} INFO - DAG(s) dict_keys(['distillationDAG']) retrieved from /opt/airflow/dags/dispatcher_pipeline_dag.py
[2026-01-16T17:53:53.393+0000] {logging_mixin.py:151} INFO - [2026-01-16T17:53:53.392+0000] {dag.py:2915} INFO - Sync 1 DAGs
[2026-01-16T17:53:53.450+0000] {logging_mixin.py:151} INFO - [2026-01-16T17:53:53.450+0000] {dag.py:3696} INFO - Setting next_dagrun for distillationDAG to 2026-01-16T17:53:08.449820+00:00, run_after=2026-01-16T17:53:53.449820+00:00
[2026-01-16T17:53:53.491+0000] {processor.py:179} INFO - Processing /opt/airflow/dags/dispatcher_pipeline_dag.py took 1.669 seconds
[2026-01-16T17:54:23.748+0000] {processor.py:157} INFO - Started process (PID=2062) to work on /opt/airflow/dags/dispatcher_pipeline_dag.py
[2026-01-16T17:54:23.750+0000] {processor.py:829} INFO - Processing file /opt/airflow/dags/dispatcher_pipeline_dag.py for tasks to queue
[2026-01-16T17:54:23.752+0000] {logging_mixin.py:151} INFO - [2026-01-16T17:54:23.751+0000] {dagbag.py:539} INFO - Filling up the DagBag from /opt/airflow/dags/dispatcher_pipeline_dag.py
[2026-01-16T17:54:25.232+0000] {processor.py:839} INFO - DAG(s) dict_keys(['distillationDAG']) retrieved from /opt/airflow/dags/dispatcher_pipeline_dag.py
[2026-01-16T17:54:25.317+0000] {logging_mixin.py:151} INFO - [2026-01-16T17:54:25.316+0000] {dag.py:2915} INFO - Sync 1 DAGs
[2026-01-16T17:54:25.374+0000] {logging_mixin.py:151} INFO - [2026-01-16T17:54:25.374+0000] {dag.py:3696} INFO - Setting next_dagrun for distillationDAG to 2026-01-16T17:53:40.373712+00:00, run_after=2026-01-16T17:54:25.373712+00:00
[2026-01-16T17:54:25.418+0000] {processor.py:179} INFO - Processing /opt/airflow/dags/dispatcher_pipeline_dag.py took 1.682 seconds
[2026-01-16T17:54:55.663+0000] {processor.py:157} INFO - Started process (PID=2075) to work on /opt/airflow/dags/dispatcher_pipeline_dag.py
[2026-01-16T17:54:55.666+0000] {processor.py:829} INFO - Processing file /opt/airflow/dags/dispatcher_pipeline_dag.py for tasks to queue
[2026-01-16T17:54:55.668+0000] {logging_mixin.py:151} INFO - [2026-01-16T17:54:55.667+0000] {dagbag.py:539} INFO - Filling up the DagBag from /opt/airflow/dags/dispatcher_pipeline_dag.py
[2026-01-16T17:54:57.145+0000] {processor.py:839} INFO - DAG(s) dict_keys(['distillationDAG']) retrieved from /opt/airflow/dags/dispatcher_pipeline_dag.py
[2026-01-16T17:54:57.235+0000] {logging_mixin.py:151} INFO - [2026-01-16T17:54:57.234+0000] {dag.py:2915} INFO - Sync 1 DAGs
[2026-01-16T17:54:57.297+0000] {logging_mixin.py:151} INFO - [2026-01-16T17:54:57.297+0000] {dag.py:3696} INFO - Setting next_dagrun for distillationDAG to 2026-01-16T17:54:12.296910+00:00, run_after=2026-01-16T17:54:57.296910+00:00
[2026-01-16T17:54:57.341+0000] {processor.py:179} INFO - Processing /opt/airflow/dags/dispatcher_pipeline_dag.py took 1.690 seconds
[2026-01-16T17:55:27.872+0000] {processor.py:157} INFO - Started process (PID=2088) to work on /opt/airflow/dags/dispatcher_pipeline_dag.py
[2026-01-16T17:55:27.875+0000] {processor.py:829} INFO - Processing file /opt/airflow/dags/dispatcher_pipeline_dag.py for tasks to queue
[2026-01-16T17:55:27.877+0000] {logging_mixin.py:151} INFO - [2026-01-16T17:55:27.876+0000] {dagbag.py:539} INFO - Filling up the DagBag from /opt/airflow/dags/dispatcher_pipeline_dag.py
[2026-01-16T17:55:29.362+0000] {processor.py:839} INFO - DAG(s) dict_keys(['distillationDAG']) retrieved from /opt/airflow/dags/dispatcher_pipeline_dag.py
[2026-01-16T17:55:29.447+0000] {logging_mixin.py:151} INFO - [2026-01-16T17:55:29.445+0000] {dag.py:2915} INFO - Sync 1 DAGs
[2026-01-16T17:55:29.508+0000] {logging_mixin.py:151} INFO - [2026-01-16T17:55:29.507+0000] {dag.py:3696} INFO - Setting next_dagrun for distillationDAG to 2026-01-16T17:54:44.507346+00:00, run_after=2026-01-16T17:55:29.507346+00:00
[2026-01-16T17:55:29.552+0000] {processor.py:179} INFO - Processing /opt/airflow/dags/dispatcher_pipeline_dag.py took 1.692 seconds
[2026-01-16T17:55:59.803+0000] {processor.py:157} INFO - Started process (PID=2101) to work on /opt/airflow/dags/dispatcher_pipeline_dag.py
[2026-01-16T17:55:59.806+0000] {processor.py:829} INFO - Processing file /opt/airflow/dags/dispatcher_pipeline_dag.py for tasks to queue
[2026-01-16T17:55:59.808+0000] {logging_mixin.py:151} INFO - [2026-01-16T17:55:59.807+0000] {dagbag.py:539} INFO - Filling up the DagBag from /opt/airflow/dags/dispatcher_pipeline_dag.py
[2026-01-16T17:56:01.310+0000] {processor.py:839} INFO - DAG(s) dict_keys(['distillationDAG']) retrieved from /opt/airflow/dags/dispatcher_pipeline_dag.py
[2026-01-16T17:56:01.397+0000] {logging_mixin.py:151} INFO - [2026-01-16T17:56:01.396+0000] {dag.py:2915} INFO - Sync 1 DAGs
[2026-01-16T17:56:01.456+0000] {logging_mixin.py:151} INFO - [2026-01-16T17:56:01.455+0000] {dag.py:3696} INFO - Setting next_dagrun for distillationDAG to 2026-01-16T17:55:16.455224+00:00, run_after=2026-01-16T17:56:01.455224+00:00
[2026-01-16T17:56:01.496+0000] {processor.py:179} INFO - Processing /opt/airflow/dags/dispatcher_pipeline_dag.py took 1.705 seconds
[2026-01-16T17:56:31.746+0000] {processor.py:157} INFO - Started process (PID=2114) to work on /opt/airflow/dags/dispatcher_pipeline_dag.py
[2026-01-16T17:56:31.750+0000] {processor.py:829} INFO - Processing file /opt/airflow/dags/dispatcher_pipeline_dag.py for tasks to queue
[2026-01-16T17:56:31.752+0000] {logging_mixin.py:151} INFO - [2026-01-16T17:56:31.751+0000] {dagbag.py:539} INFO - Filling up the DagBag from /opt/airflow/dags/dispatcher_pipeline_dag.py
[2026-01-16T17:56:33.218+0000] {processor.py:839} INFO - DAG(s) dict_keys(['distillationDAG']) retrieved from /opt/airflow/dags/dispatcher_pipeline_dag.py
[2026-01-16T17:56:33.304+0000] {logging_mixin.py:151} INFO - [2026-01-16T17:56:33.303+0000] {dag.py:2915} INFO - Sync 1 DAGs
[2026-01-16T17:56:33.362+0000] {logging_mixin.py:151} INFO - [2026-01-16T17:56:33.361+0000] {dag.py:3696} INFO - Setting next_dagrun for distillationDAG to 2026-01-16T17:55:48.361328+00:00, run_after=2026-01-16T17:56:33.361328+00:00
[2026-01-16T17:56:33.403+0000] {processor.py:179} INFO - Processing /opt/airflow/dags/dispatcher_pipeline_dag.py took 1.668 seconds
[2026-01-16T17:57:03.663+0000] {processor.py:157} INFO - Started process (PID=2127) to work on /opt/airflow/dags/dispatcher_pipeline_dag.py
[2026-01-16T17:57:03.665+0000] {processor.py:829} INFO - Processing file /opt/airflow/dags/dispatcher_pipeline_dag.py for tasks to queue
[2026-01-16T17:57:03.668+0000] {logging_mixin.py:151} INFO - [2026-01-16T17:57:03.666+0000] {dagbag.py:539} INFO - Filling up the DagBag from /opt/airflow/dags/dispatcher_pipeline_dag.py
[2026-01-16T17:57:05.143+0000] {processor.py:839} INFO - DAG(s) dict_keys(['distillationDAG']) retrieved from /opt/airflow/dags/dispatcher_pipeline_dag.py
[2026-01-16T17:57:05.228+0000] {logging_mixin.py:151} INFO - [2026-01-16T17:57:05.226+0000] {dag.py:2915} INFO - Sync 1 DAGs
[2026-01-16T17:57:05.285+0000] {logging_mixin.py:151} INFO - [2026-01-16T17:57:05.285+0000] {dag.py:3696} INFO - Setting next_dagrun for distillationDAG to 2026-01-16T17:56:20.284521+00:00, run_after=2026-01-16T17:57:05.284521+00:00
[2026-01-16T17:57:05.330+0000] {processor.py:179} INFO - Processing /opt/airflow/dags/dispatcher_pipeline_dag.py took 1.678 seconds
[2026-01-16T17:57:35.868+0000] {processor.py:157} INFO - Started process (PID=2140) to work on /opt/airflow/dags/dispatcher_pipeline_dag.py
[2026-01-16T17:57:35.870+0000] {processor.py:829} INFO - Processing file /opt/airflow/dags/dispatcher_pipeline_dag.py for tasks to queue
[2026-01-16T17:57:35.872+0000] {logging_mixin.py:151} INFO - [2026-01-16T17:57:35.871+0000] {dagbag.py:539} INFO - Filling up the DagBag from /opt/airflow/dags/dispatcher_pipeline_dag.py
[2026-01-16T17:57:37.332+0000] {processor.py:839} INFO - DAG(s) dict_keys(['distillationDAG']) retrieved from /opt/airflow/dags/dispatcher_pipeline_dag.py
[2026-01-16T17:57:37.417+0000] {logging_mixin.py:151} INFO - [2026-01-16T17:57:37.416+0000] {dag.py:2915} INFO - Sync 1 DAGs
[2026-01-16T17:57:37.477+0000] {logging_mixin.py:151} INFO - [2026-01-16T17:57:37.477+0000] {dag.py:3696} INFO - Setting next_dagrun for distillationDAG to 2026-01-16T17:56:52.476538+00:00, run_after=2026-01-16T17:57:37.476538+00:00
[2026-01-16T17:57:37.519+0000] {processor.py:179} INFO - Processing /opt/airflow/dags/dispatcher_pipeline_dag.py took 1.662 seconds
[2026-01-16T17:58:07.768+0000] {processor.py:157} INFO - Started process (PID=2153) to work on /opt/airflow/dags/dispatcher_pipeline_dag.py
[2026-01-16T17:58:07.771+0000] {processor.py:829} INFO - Processing file /opt/airflow/dags/dispatcher_pipeline_dag.py for tasks to queue
[2026-01-16T17:58:07.773+0000] {logging_mixin.py:151} INFO - [2026-01-16T17:58:07.772+0000] {dagbag.py:539} INFO - Filling up the DagBag from /opt/airflow/dags/dispatcher_pipeline_dag.py
[2026-01-16T17:58:09.238+0000] {processor.py:839} INFO - DAG(s) dict_keys(['distillationDAG']) retrieved from /opt/airflow/dags/dispatcher_pipeline_dag.py
[2026-01-16T17:58:09.322+0000] {logging_mixin.py:151} INFO - [2026-01-16T17:58:09.321+0000] {dag.py:2915} INFO - Sync 1 DAGs
[2026-01-16T17:58:09.382+0000] {logging_mixin.py:151} INFO - [2026-01-16T17:58:09.382+0000] {dag.py:3696} INFO - Setting next_dagrun for distillationDAG to 2026-01-16T17:57:24.381695+00:00, run_after=2026-01-16T17:58:09.381695+00:00
[2026-01-16T17:58:09.422+0000] {processor.py:179} INFO - Processing /opt/airflow/dags/dispatcher_pipeline_dag.py took 1.666 seconds
[2026-01-16T17:58:39.669+0000] {processor.py:157} INFO - Started process (PID=2166) to work on /opt/airflow/dags/dispatcher_pipeline_dag.py
[2026-01-16T17:58:39.671+0000] {processor.py:829} INFO - Processing file /opt/airflow/dags/dispatcher_pipeline_dag.py for tasks to queue
[2026-01-16T17:58:39.673+0000] {logging_mixin.py:151} INFO - [2026-01-16T17:58:39.672+0000] {dagbag.py:539} INFO - Filling up the DagBag from /opt/airflow/dags/dispatcher_pipeline_dag.py
[2026-01-16T17:58:41.128+0000] {processor.py:839} INFO - DAG(s) dict_keys(['distillationDAG']) retrieved from /opt/airflow/dags/dispatcher_pipeline_dag.py
[2026-01-16T17:58:41.214+0000] {logging_mixin.py:151} INFO - [2026-01-16T17:58:41.213+0000] {dag.py:2915} INFO - Sync 1 DAGs
[2026-01-16T17:58:41.272+0000] {logging_mixin.py:151} INFO - [2026-01-16T17:58:41.272+0000] {dag.py:3696} INFO - Setting next_dagrun for distillationDAG to 2026-01-16T17:57:56.271558+00:00, run_after=2026-01-16T17:58:41.271558+00:00
[2026-01-16T17:58:41.314+0000] {processor.py:179} INFO - Processing /opt/airflow/dags/dispatcher_pipeline_dag.py took 1.657 seconds
[2026-01-16T17:59:11.415+0000] {processor.py:157} INFO - Started process (PID=2179) to work on /opt/airflow/dags/dispatcher_pipeline_dag.py
[2026-01-16T17:59:11.418+0000] {processor.py:829} INFO - Processing file /opt/airflow/dags/dispatcher_pipeline_dag.py for tasks to queue
[2026-01-16T17:59:11.421+0000] {logging_mixin.py:151} INFO - [2026-01-16T17:59:11.420+0000] {dagbag.py:539} INFO - Filling up the DagBag from /opt/airflow/dags/dispatcher_pipeline_dag.py
[2026-01-16T17:59:12.886+0000] {processor.py:839} INFO - DAG(s) dict_keys(['distillationDAG']) retrieved from /opt/airflow/dags/dispatcher_pipeline_dag.py
[2026-01-16T17:59:12.973+0000] {logging_mixin.py:151} INFO - [2026-01-16T17:59:12.972+0000] {dag.py:2915} INFO - Sync 1 DAGs
[2026-01-16T17:59:13.031+0000] {logging_mixin.py:151} INFO - [2026-01-16T17:59:13.030+0000] {dag.py:3696} INFO - Setting next_dagrun for distillationDAG to 2026-01-16T17:58:28.030097+00:00, run_after=2026-01-16T17:59:13.030097+00:00
[2026-01-16T17:59:13.072+0000] {processor.py:179} INFO - Processing /opt/airflow/dags/dispatcher_pipeline_dag.py took 1.668 seconds
[2026-01-16T17:59:43.320+0000] {processor.py:157} INFO - Started process (PID=2192) to work on /opt/airflow/dags/dispatcher_pipeline_dag.py
[2026-01-16T17:59:43.322+0000] {processor.py:829} INFO - Processing file /opt/airflow/dags/dispatcher_pipeline_dag.py for tasks to queue
[2026-01-16T17:59:43.324+0000] {logging_mixin.py:151} INFO - [2026-01-16T17:59:43.323+0000] {dagbag.py:539} INFO - Filling up the DagBag from /opt/airflow/dags/dispatcher_pipeline_dag.py
[2026-01-16T17:59:44.792+0000] {processor.py:839} INFO - DAG(s) dict_keys(['distillationDAG']) retrieved from /opt/airflow/dags/dispatcher_pipeline_dag.py
[2026-01-16T17:59:44.876+0000] {logging_mixin.py:151} INFO - [2026-01-16T17:59:44.875+0000] {dag.py:2915} INFO - Sync 1 DAGs
[2026-01-16T17:59:44.935+0000] {logging_mixin.py:151} INFO - [2026-01-16T17:59:44.934+0000] {dag.py:3696} INFO - Setting next_dagrun for distillationDAG to 2026-01-16T17:58:59.934344+00:00, run_after=2026-01-16T17:59:44.934344+00:00
[2026-01-16T17:59:44.979+0000] {processor.py:179} INFO - Processing /opt/airflow/dags/dispatcher_pipeline_dag.py took 1.670 seconds
[2026-01-16T18:00:15.228+0000] {processor.py:157} INFO - Started process (PID=2205) to work on /opt/airflow/dags/dispatcher_pipeline_dag.py
[2026-01-16T18:00:15.231+0000] {processor.py:829} INFO - Processing file /opt/airflow/dags/dispatcher_pipeline_dag.py for tasks to queue
[2026-01-16T18:00:15.233+0000] {logging_mixin.py:151} INFO - [2026-01-16T18:00:15.232+0000] {dagbag.py:539} INFO - Filling up the DagBag from /opt/airflow/dags/dispatcher_pipeline_dag.py
[2026-01-16T18:00:16.686+0000] {processor.py:839} INFO - DAG(s) dict_keys(['distillationDAG']) retrieved from /opt/airflow/dags/dispatcher_pipeline_dag.py
[2026-01-16T18:00:16.771+0000] {logging_mixin.py:151} INFO - [2026-01-16T18:00:16.770+0000] {dag.py:2915} INFO - Sync 1 DAGs
[2026-01-16T18:00:16.832+0000] {logging_mixin.py:151} INFO - [2026-01-16T18:00:16.832+0000] {dag.py:3696} INFO - Setting next_dagrun for distillationDAG to 2026-01-16T17:59:31.831905+00:00, run_after=2026-01-16T18:00:16.831905+00:00
[2026-01-16T18:00:16.874+0000] {processor.py:179} INFO - Processing /opt/airflow/dags/dispatcher_pipeline_dag.py took 1.658 seconds
[2026-01-16T18:00:46.961+0000] {processor.py:157} INFO - Started process (PID=2218) to work on /opt/airflow/dags/dispatcher_pipeline_dag.py
[2026-01-16T18:00:46.964+0000] {processor.py:829} INFO - Processing file /opt/airflow/dags/dispatcher_pipeline_dag.py for tasks to queue
[2026-01-16T18:00:46.967+0000] {logging_mixin.py:151} INFO - [2026-01-16T18:00:46.966+0000] {dagbag.py:539} INFO - Filling up the DagBag from /opt/airflow/dags/dispatcher_pipeline_dag.py
[2026-01-16T18:00:48.432+0000] {processor.py:839} INFO - DAG(s) dict_keys(['distillationDAG']) retrieved from /opt/airflow/dags/dispatcher_pipeline_dag.py
[2026-01-16T18:00:48.518+0000] {logging_mixin.py:151} INFO - [2026-01-16T18:00:48.517+0000] {dag.py:2915} INFO - Sync 1 DAGs
[2026-01-16T18:00:48.577+0000] {logging_mixin.py:151} INFO - [2026-01-16T18:00:48.576+0000] {dag.py:3696} INFO - Setting next_dagrun for distillationDAG to 2026-01-16T18:00:03.576185+00:00, run_after=2026-01-16T18:00:48.576185+00:00
[2026-01-16T18:00:48.618+0000] {processor.py:179} INFO - Processing /opt/airflow/dags/dispatcher_pipeline_dag.py took 1.668 seconds
[2026-01-16T18:01:18.878+0000] {processor.py:157} INFO - Started process (PID=2231) to work on /opt/airflow/dags/dispatcher_pipeline_dag.py
[2026-01-16T18:01:18.882+0000] {processor.py:829} INFO - Processing file /opt/airflow/dags/dispatcher_pipeline_dag.py for tasks to queue
[2026-01-16T18:01:18.884+0000] {logging_mixin.py:151} INFO - [2026-01-16T18:01:18.883+0000] {dagbag.py:539} INFO - Filling up the DagBag from /opt/airflow/dags/dispatcher_pipeline_dag.py
[2026-01-16T18:01:20.350+0000] {processor.py:839} INFO - DAG(s) dict_keys(['distillationDAG']) retrieved from /opt/airflow/dags/dispatcher_pipeline_dag.py
[2026-01-16T18:01:20.434+0000] {logging_mixin.py:151} INFO - [2026-01-16T18:01:20.433+0000] {dag.py:2915} INFO - Sync 1 DAGs
[2026-01-16T18:01:20.491+0000] {logging_mixin.py:151} INFO - [2026-01-16T18:01:20.491+0000] {dag.py:3696} INFO - Setting next_dagrun for distillationDAG to 2026-01-16T18:00:35.490813+00:00, run_after=2026-01-16T18:01:20.490813+00:00
[2026-01-16T18:01:20.532+0000] {processor.py:179} INFO - Processing /opt/airflow/dags/dispatcher_pipeline_dag.py took 1.665 seconds
[2026-01-16T18:01:50.782+0000] {processor.py:157} INFO - Started process (PID=2244) to work on /opt/airflow/dags/dispatcher_pipeline_dag.py
[2026-01-16T18:01:50.786+0000] {processor.py:829} INFO - Processing file /opt/airflow/dags/dispatcher_pipeline_dag.py for tasks to queue
[2026-01-16T18:01:50.788+0000] {logging_mixin.py:151} INFO - [2026-01-16T18:01:50.787+0000] {dagbag.py:539} INFO - Filling up the DagBag from /opt/airflow/dags/dispatcher_pipeline_dag.py
[2026-01-16T18:01:52.268+0000] {processor.py:839} INFO - DAG(s) dict_keys(['distillationDAG']) retrieved from /opt/airflow/dags/dispatcher_pipeline_dag.py
[2026-01-16T18:01:52.351+0000] {logging_mixin.py:151} INFO - [2026-01-16T18:01:52.350+0000] {dag.py:2915} INFO - Sync 1 DAGs
[2026-01-16T18:01:52.409+0000] {logging_mixin.py:151} INFO - [2026-01-16T18:01:52.409+0000] {dag.py:3696} INFO - Setting next_dagrun for distillationDAG to 2026-01-16T18:01:07.408544+00:00, run_after=2026-01-16T18:01:52.408544+00:00
[2026-01-16T18:01:52.452+0000] {processor.py:179} INFO - Processing /opt/airflow/dags/dispatcher_pipeline_dag.py took 1.681 seconds
[2026-01-16T18:02:22.703+0000] {processor.py:157} INFO - Started process (PID=2257) to work on /opt/airflow/dags/dispatcher_pipeline_dag.py
[2026-01-16T18:02:22.706+0000] {processor.py:829} INFO - Processing file /opt/airflow/dags/dispatcher_pipeline_dag.py for tasks to queue
[2026-01-16T18:02:22.708+0000] {logging_mixin.py:151} INFO - [2026-01-16T18:02:22.707+0000] {dagbag.py:539} INFO - Filling up the DagBag from /opt/airflow/dags/dispatcher_pipeline_dag.py
[2026-01-16T18:02:24.189+0000] {processor.py:839} INFO - DAG(s) dict_keys(['distillationDAG']) retrieved from /opt/airflow/dags/dispatcher_pipeline_dag.py
[2026-01-16T18:02:24.272+0000] {logging_mixin.py:151} INFO - [2026-01-16T18:02:24.270+0000] {dag.py:2915} INFO - Sync 1 DAGs
[2026-01-16T18:02:24.332+0000] {logging_mixin.py:151} INFO - [2026-01-16T18:02:24.332+0000] {dag.py:3696} INFO - Setting next_dagrun for distillationDAG to 2026-01-16T18:01:39.331400+00:00, run_after=2026-01-16T18:02:24.331400+00:00
[2026-01-16T18:02:24.372+0000] {processor.py:179} INFO - Processing /opt/airflow/dags/dispatcher_pipeline_dag.py took 1.680 seconds
[2026-01-16T18:02:54.916+0000] {processor.py:157} INFO - Started process (PID=2270) to work on /opt/airflow/dags/dispatcher_pipeline_dag.py
[2026-01-16T18:02:54.919+0000] {processor.py:829} INFO - Processing file /opt/airflow/dags/dispatcher_pipeline_dag.py for tasks to queue
[2026-01-16T18:02:54.921+0000] {logging_mixin.py:151} INFO - [2026-01-16T18:02:54.920+0000] {dagbag.py:539} INFO - Filling up the DagBag from /opt/airflow/dags/dispatcher_pipeline_dag.py
[2026-01-16T18:02:56.396+0000] {processor.py:839} INFO - DAG(s) dict_keys(['distillationDAG']) retrieved from /opt/airflow/dags/dispatcher_pipeline_dag.py
[2026-01-16T18:02:56.484+0000] {logging_mixin.py:151} INFO - [2026-01-16T18:02:56.482+0000] {dag.py:2915} INFO - Sync 1 DAGs
[2026-01-16T18:02:56.541+0000] {logging_mixin.py:151} INFO - [2026-01-16T18:02:56.541+0000] {dag.py:3696} INFO - Setting next_dagrun for distillationDAG to 2026-01-16T18:02:11.540697+00:00, run_after=2026-01-16T18:02:56.540697+00:00
[2026-01-16T18:02:56.581+0000] {processor.py:179} INFO - Processing /opt/airflow/dags/dispatcher_pipeline_dag.py took 1.677 seconds
[2026-01-16T18:03:26.841+0000] {processor.py:157} INFO - Started process (PID=2283) to work on /opt/airflow/dags/dispatcher_pipeline_dag.py
[2026-01-16T18:03:26.844+0000] {processor.py:829} INFO - Processing file /opt/airflow/dags/dispatcher_pipeline_dag.py for tasks to queue
[2026-01-16T18:03:26.846+0000] {logging_mixin.py:151} INFO - [2026-01-16T18:03:26.845+0000] {dagbag.py:539} INFO - Filling up the DagBag from /opt/airflow/dags/dispatcher_pipeline_dag.py
[2026-01-16T18:03:28.331+0000] {processor.py:839} INFO - DAG(s) dict_keys(['distillationDAG']) retrieved from /opt/airflow/dags/dispatcher_pipeline_dag.py
[2026-01-16T18:03:28.415+0000] {logging_mixin.py:151} INFO - [2026-01-16T18:03:28.414+0000] {dag.py:2915} INFO - Sync 1 DAGs
[2026-01-16T18:03:28.473+0000] {logging_mixin.py:151} INFO - [2026-01-16T18:03:28.473+0000] {dag.py:3696} INFO - Setting next_dagrun for distillationDAG to 2026-01-16T18:02:43.472545+00:00, run_after=2026-01-16T18:03:28.472545+00:00
[2026-01-16T18:03:28.514+0000] {processor.py:179} INFO - Processing /opt/airflow/dags/dispatcher_pipeline_dag.py took 1.685 seconds
[2026-01-16T18:03:58.767+0000] {processor.py:157} INFO - Started process (PID=2296) to work on /opt/airflow/dags/dispatcher_pipeline_dag.py
[2026-01-16T18:03:58.770+0000] {processor.py:829} INFO - Processing file /opt/airflow/dags/dispatcher_pipeline_dag.py for tasks to queue
[2026-01-16T18:03:58.772+0000] {logging_mixin.py:151} INFO - [2026-01-16T18:03:58.771+0000] {dagbag.py:539} INFO - Filling up the DagBag from /opt/airflow/dags/dispatcher_pipeline_dag.py
[2026-01-16T18:04:00.245+0000] {processor.py:839} INFO - DAG(s) dict_keys(['distillationDAG']) retrieved from /opt/airflow/dags/dispatcher_pipeline_dag.py
[2026-01-16T18:04:00.331+0000] {logging_mixin.py:151} INFO - [2026-01-16T18:04:00.329+0000] {dag.py:2915} INFO - Sync 1 DAGs
[2026-01-16T18:04:00.388+0000] {logging_mixin.py:151} INFO - [2026-01-16T18:04:00.388+0000] {dag.py:3696} INFO - Setting next_dagrun for distillationDAG to 2026-01-16T18:03:15.387806+00:00, run_after=2026-01-16T18:04:00.387806+00:00
[2026-01-16T18:04:00.431+0000] {processor.py:179} INFO - Processing /opt/airflow/dags/dispatcher_pipeline_dag.py took 1.676 seconds
[2026-01-16T18:04:30.677+0000] {processor.py:157} INFO - Started process (PID=2309) to work on /opt/airflow/dags/dispatcher_pipeline_dag.py
[2026-01-16T18:04:30.680+0000] {processor.py:829} INFO - Processing file /opt/airflow/dags/dispatcher_pipeline_dag.py for tasks to queue
[2026-01-16T18:04:30.682+0000] {logging_mixin.py:151} INFO - [2026-01-16T18:04:30.681+0000] {dagbag.py:539} INFO - Filling up the DagBag from /opt/airflow/dags/dispatcher_pipeline_dag.py
[2026-01-16T18:04:32.157+0000] {processor.py:839} INFO - DAG(s) dict_keys(['distillationDAG']) retrieved from /opt/airflow/dags/dispatcher_pipeline_dag.py
[2026-01-16T18:04:32.249+0000] {logging_mixin.py:151} INFO - [2026-01-16T18:04:32.248+0000] {dag.py:2915} INFO - Sync 1 DAGs
[2026-01-16T18:04:32.317+0000] {logging_mixin.py:151} INFO - [2026-01-16T18:04:32.317+0000] {dag.py:3696} INFO - Setting next_dagrun for distillationDAG to 2026-01-16T18:03:47.316513+00:00, run_after=2026-01-16T18:04:32.316513+00:00
[2026-01-16T18:04:32.358+0000] {processor.py:179} INFO - Processing /opt/airflow/dags/dispatcher_pipeline_dag.py took 1.692 seconds
[2026-01-16T18:05:02.909+0000] {processor.py:157} INFO - Started process (PID=2322) to work on /opt/airflow/dags/dispatcher_pipeline_dag.py
[2026-01-16T18:05:02.912+0000] {processor.py:829} INFO - Processing file /opt/airflow/dags/dispatcher_pipeline_dag.py for tasks to queue
[2026-01-16T18:05:02.914+0000] {logging_mixin.py:151} INFO - [2026-01-16T18:05:02.913+0000] {dagbag.py:539} INFO - Filling up the DagBag from /opt/airflow/dags/dispatcher_pipeline_dag.py
[2026-01-16T18:05:04.414+0000] {processor.py:839} INFO - DAG(s) dict_keys(['distillationDAG']) retrieved from /opt/airflow/dags/dispatcher_pipeline_dag.py
[2026-01-16T18:05:04.498+0000] {logging_mixin.py:151} INFO - [2026-01-16T18:05:04.497+0000] {dag.py:2915} INFO - Sync 1 DAGs
[2026-01-16T18:05:04.559+0000] {logging_mixin.py:151} INFO - [2026-01-16T18:05:04.558+0000] {dag.py:3696} INFO - Setting next_dagrun for distillationDAG to 2026-01-16T18:04:19.558171+00:00, run_after=2026-01-16T18:05:04.558171+00:00
[2026-01-16T18:05:04.600+0000] {processor.py:179} INFO - Processing /opt/airflow/dags/dispatcher_pipeline_dag.py took 1.702 seconds
[2026-01-16T18:05:34.861+0000] {processor.py:157} INFO - Started process (PID=2338) to work on /opt/airflow/dags/dispatcher_pipeline_dag.py
[2026-01-16T18:05:34.864+0000] {processor.py:829} INFO - Processing file /opt/airflow/dags/dispatcher_pipeline_dag.py for tasks to queue
[2026-01-16T18:05:34.867+0000] {logging_mixin.py:151} INFO - [2026-01-16T18:05:34.866+0000] {dagbag.py:539} INFO - Filling up the DagBag from /opt/airflow/dags/dispatcher_pipeline_dag.py
[2026-01-16T18:05:36.345+0000] {processor.py:839} INFO - DAG(s) dict_keys(['distillationDAG']) retrieved from /opt/airflow/dags/dispatcher_pipeline_dag.py
[2026-01-16T18:05:36.434+0000] {logging_mixin.py:151} INFO - [2026-01-16T18:05:36.433+0000] {dag.py:2915} INFO - Sync 1 DAGs
[2026-01-16T18:05:36.492+0000] {logging_mixin.py:151} INFO - [2026-01-16T18:05:36.492+0000] {dag.py:3696} INFO - Setting next_dagrun for distillationDAG to 2026-01-16T18:04:51.491424+00:00, run_after=2026-01-16T18:05:36.491424+00:00
[2026-01-16T18:05:36.533+0000] {processor.py:179} INFO - Processing /opt/airflow/dags/dispatcher_pipeline_dag.py took 1.684 seconds
[2026-01-16T18:06:06.780+0000] {processor.py:157} INFO - Started process (PID=2355) to work on /opt/airflow/dags/dispatcher_pipeline_dag.py
[2026-01-16T18:06:06.783+0000] {processor.py:829} INFO - Processing file /opt/airflow/dags/dispatcher_pipeline_dag.py for tasks to queue
[2026-01-16T18:06:06.785+0000] {logging_mixin.py:151} INFO - [2026-01-16T18:06:06.784+0000] {dagbag.py:539} INFO - Filling up the DagBag from /opt/airflow/dags/dispatcher_pipeline_dag.py
[2026-01-16T18:06:08.234+0000] {processor.py:839} INFO - DAG(s) dict_keys(['distillationDAG']) retrieved from /opt/airflow/dags/dispatcher_pipeline_dag.py
[2026-01-16T18:06:08.318+0000] {logging_mixin.py:151} INFO - [2026-01-16T18:06:08.317+0000] {dag.py:2915} INFO - Sync 1 DAGs
[2026-01-16T18:06:08.376+0000] {logging_mixin.py:151} INFO - [2026-01-16T18:06:08.375+0000] {dag.py:3696} INFO - Setting next_dagrun for distillationDAG to 2026-01-16T18:05:23.375334+00:00, run_after=2026-01-16T18:06:08.375334+00:00
[2026-01-16T18:06:08.418+0000] {processor.py:179} INFO - Processing /opt/airflow/dags/dispatcher_pipeline_dag.py took 1.648 seconds
[2026-01-16T18:06:38.670+0000] {processor.py:157} INFO - Started process (PID=2368) to work on /opt/airflow/dags/dispatcher_pipeline_dag.py
[2026-01-16T18:06:38.672+0000] {processor.py:829} INFO - Processing file /opt/airflow/dags/dispatcher_pipeline_dag.py for tasks to queue
[2026-01-16T18:06:38.675+0000] {logging_mixin.py:151} INFO - [2026-01-16T18:06:38.674+0000] {dagbag.py:539} INFO - Filling up the DagBag from /opt/airflow/dags/dispatcher_pipeline_dag.py
[2026-01-16T18:06:40.121+0000] {processor.py:839} INFO - DAG(s) dict_keys(['distillationDAG']) retrieved from /opt/airflow/dags/dispatcher_pipeline_dag.py
[2026-01-16T18:06:40.206+0000] {logging_mixin.py:151} INFO - [2026-01-16T18:06:40.205+0000] {dag.py:2915} INFO - Sync 1 DAGs
[2026-01-16T18:06:40.265+0000] {logging_mixin.py:151} INFO - [2026-01-16T18:06:40.264+0000] {dag.py:3696} INFO - Setting next_dagrun for distillationDAG to 2026-01-16T18:05:55.264016+00:00, run_after=2026-01-16T18:06:40.264016+00:00
[2026-01-16T18:06:40.311+0000] {processor.py:179} INFO - Processing /opt/airflow/dags/dispatcher_pipeline_dag.py took 1.651 seconds
[2026-01-16T18:07:10.583+0000] {processor.py:157} INFO - Started process (PID=2381) to work on /opt/airflow/dags/dispatcher_pipeline_dag.py
[2026-01-16T18:07:10.586+0000] {processor.py:829} INFO - Processing file /opt/airflow/dags/dispatcher_pipeline_dag.py for tasks to queue
[2026-01-16T18:07:10.588+0000] {logging_mixin.py:151} INFO - [2026-01-16T18:07:10.587+0000] {dagbag.py:539} INFO - Filling up the DagBag from /opt/airflow/dags/dispatcher_pipeline_dag.py
[2026-01-16T18:07:12.035+0000] {processor.py:839} INFO - DAG(s) dict_keys(['distillationDAG']) retrieved from /opt/airflow/dags/dispatcher_pipeline_dag.py
[2026-01-16T18:07:12.119+0000] {logging_mixin.py:151} INFO - [2026-01-16T18:07:12.118+0000] {dag.py:2915} INFO - Sync 1 DAGs
[2026-01-16T18:07:12.179+0000] {logging_mixin.py:151} INFO - [2026-01-16T18:07:12.179+0000] {dag.py:3696} INFO - Setting next_dagrun for distillationDAG to 2026-01-16T18:06:27.178818+00:00, run_after=2026-01-16T18:07:12.178818+00:00
[2026-01-16T18:07:12.220+0000] {processor.py:179} INFO - Processing /opt/airflow/dags/dispatcher_pipeline_dag.py took 1.647 seconds
[2026-01-16T18:07:42.322+0000] {processor.py:157} INFO - Started process (PID=2394) to work on /opt/airflow/dags/dispatcher_pipeline_dag.py
[2026-01-16T18:07:42.324+0000] {processor.py:829} INFO - Processing file /opt/airflow/dags/dispatcher_pipeline_dag.py for tasks to queue
[2026-01-16T18:07:42.326+0000] {logging_mixin.py:151} INFO - [2026-01-16T18:07:42.325+0000] {dagbag.py:539} INFO - Filling up the DagBag from /opt/airflow/dags/dispatcher_pipeline_dag.py
[2026-01-16T18:07:43.797+0000] {processor.py:839} INFO - DAG(s) dict_keys(['distillationDAG']) retrieved from /opt/airflow/dags/dispatcher_pipeline_dag.py
[2026-01-16T18:07:43.881+0000] {logging_mixin.py:151} INFO - [2026-01-16T18:07:43.880+0000] {dag.py:2915} INFO - Sync 1 DAGs
[2026-01-16T18:07:43.941+0000] {logging_mixin.py:151} INFO - [2026-01-16T18:07:43.940+0000] {dag.py:3696} INFO - Setting next_dagrun for distillationDAG to 2026-01-16T18:06:58.940390+00:00, run_after=2026-01-16T18:07:43.940390+00:00
[2026-01-16T18:07:43.982+0000] {processor.py:179} INFO - Processing /opt/airflow/dags/dispatcher_pipeline_dag.py took 1.672 seconds
[2026-01-16T18:08:14.233+0000] {processor.py:157} INFO - Started process (PID=2407) to work on /opt/airflow/dags/dispatcher_pipeline_dag.py
[2026-01-16T18:08:14.236+0000] {processor.py:829} INFO - Processing file /opt/airflow/dags/dispatcher_pipeline_dag.py for tasks to queue
[2026-01-16T18:08:14.238+0000] {logging_mixin.py:151} INFO - [2026-01-16T18:08:14.237+0000] {dagbag.py:539} INFO - Filling up the DagBag from /opt/airflow/dags/dispatcher_pipeline_dag.py
[2026-01-16T18:08:15.700+0000] {processor.py:839} INFO - DAG(s) dict_keys(['distillationDAG']) retrieved from /opt/airflow/dags/dispatcher_pipeline_dag.py
[2026-01-16T18:08:15.787+0000] {logging_mixin.py:151} INFO - [2026-01-16T18:08:15.786+0000] {dag.py:2915} INFO - Sync 1 DAGs
[2026-01-16T18:08:15.845+0000] {logging_mixin.py:151} INFO - [2026-01-16T18:08:15.844+0000] {dag.py:3696} INFO - Setting next_dagrun for distillationDAG to 2026-01-16T18:07:30.844001+00:00, run_after=2026-01-16T18:08:15.844001+00:00
[2026-01-16T18:08:15.885+0000] {processor.py:179} INFO - Processing /opt/airflow/dags/dispatcher_pipeline_dag.py took 1.664 seconds
[2026-01-16T18:08:46.142+0000] {processor.py:157} INFO - Started process (PID=2420) to work on /opt/airflow/dags/dispatcher_pipeline_dag.py
[2026-01-16T18:08:46.145+0000] {processor.py:829} INFO - Processing file /opt/airflow/dags/dispatcher_pipeline_dag.py for tasks to queue
[2026-01-16T18:08:46.147+0000] {logging_mixin.py:151} INFO - [2026-01-16T18:08:46.146+0000] {dagbag.py:539} INFO - Filling up the DagBag from /opt/airflow/dags/dispatcher_pipeline_dag.py
[2026-01-16T18:08:47.615+0000] {processor.py:839} INFO - DAG(s) dict_keys(['distillationDAG']) retrieved from /opt/airflow/dags/dispatcher_pipeline_dag.py
[2026-01-16T18:08:47.700+0000] {logging_mixin.py:151} INFO - [2026-01-16T18:08:47.699+0000] {dag.py:2915} INFO - Sync 1 DAGs
[2026-01-16T18:08:47.757+0000] {logging_mixin.py:151} INFO - [2026-01-16T18:08:47.757+0000] {dag.py:3696} INFO - Setting next_dagrun for distillationDAG to 2026-01-16T18:08:02.756420+00:00, run_after=2026-01-16T18:08:47.756420+00:00
[2026-01-16T18:08:47.798+0000] {processor.py:179} INFO - Processing /opt/airflow/dags/dispatcher_pipeline_dag.py took 1.667 seconds
[2026-01-16T18:09:18.042+0000] {processor.py:157} INFO - Started process (PID=2433) to work on /opt/airflow/dags/dispatcher_pipeline_dag.py
[2026-01-16T18:09:18.046+0000] {processor.py:829} INFO - Processing file /opt/airflow/dags/dispatcher_pipeline_dag.py for tasks to queue
[2026-01-16T18:09:18.048+0000] {logging_mixin.py:151} INFO - [2026-01-16T18:09:18.047+0000] {dagbag.py:539} INFO - Filling up the DagBag from /opt/airflow/dags/dispatcher_pipeline_dag.py
[2026-01-16T18:09:19.512+0000] {processor.py:839} INFO - DAG(s) dict_keys(['distillationDAG']) retrieved from /opt/airflow/dags/dispatcher_pipeline_dag.py
[2026-01-16T18:09:19.597+0000] {logging_mixin.py:151} INFO - [2026-01-16T18:09:19.595+0000] {dag.py:2915} INFO - Sync 1 DAGs
[2026-01-16T18:09:19.654+0000] {logging_mixin.py:151} INFO - [2026-01-16T18:09:19.653+0000] {dag.py:3696} INFO - Setting next_dagrun for distillationDAG to 2026-01-16T18:08:34.653235+00:00, run_after=2026-01-16T18:09:19.653235+00:00
[2026-01-16T18:09:19.699+0000] {processor.py:179} INFO - Processing /opt/airflow/dags/dispatcher_pipeline_dag.py took 1.668 seconds
[2026-01-16T18:09:49.779+0000] {processor.py:157} INFO - Started process (PID=2446) to work on /opt/airflow/dags/dispatcher_pipeline_dag.py
[2026-01-16T18:09:49.782+0000] {processor.py:829} INFO - Processing file /opt/airflow/dags/dispatcher_pipeline_dag.py for tasks to queue
[2026-01-16T18:09:49.784+0000] {logging_mixin.py:151} INFO - [2026-01-16T18:09:49.783+0000] {dagbag.py:539} INFO - Filling up the DagBag from /opt/airflow/dags/dispatcher_pipeline_dag.py
[2026-01-16T18:09:51.250+0000] {processor.py:839} INFO - DAG(s) dict_keys(['distillationDAG']) retrieved from /opt/airflow/dags/dispatcher_pipeline_dag.py
[2026-01-16T18:09:51.335+0000] {logging_mixin.py:151} INFO - [2026-01-16T18:09:51.334+0000] {dag.py:2915} INFO - Sync 1 DAGs
[2026-01-16T18:09:51.397+0000] {logging_mixin.py:151} INFO - [2026-01-16T18:09:51.396+0000] {dag.py:3696} INFO - Setting next_dagrun for distillationDAG to 2026-01-16T18:09:06.396034+00:00, run_after=2026-01-16T18:09:51.396034+00:00
[2026-01-16T18:09:51.437+0000] {processor.py:179} INFO - Processing /opt/airflow/dags/dispatcher_pipeline_dag.py took 1.669 seconds
[2026-01-16T18:10:21.687+0000] {processor.py:157} INFO - Started process (PID=2459) to work on /opt/airflow/dags/dispatcher_pipeline_dag.py
[2026-01-16T18:10:21.691+0000] {processor.py:829} INFO - Processing file /opt/airflow/dags/dispatcher_pipeline_dag.py for tasks to queue
[2026-01-16T18:10:21.693+0000] {logging_mixin.py:151} INFO - [2026-01-16T18:10:21.692+0000] {dagbag.py:539} INFO - Filling up the DagBag from /opt/airflow/dags/dispatcher_pipeline_dag.py
[2026-01-16T18:10:23.164+0000] {processor.py:839} INFO - DAG(s) dict_keys(['distillationDAG']) retrieved from /opt/airflow/dags/dispatcher_pipeline_dag.py
[2026-01-16T18:10:23.248+0000] {logging_mixin.py:151} INFO - [2026-01-16T18:10:23.246+0000] {dag.py:2915} INFO - Sync 1 DAGs
[2026-01-16T18:10:23.308+0000] {logging_mixin.py:151} INFO - [2026-01-16T18:10:23.308+0000] {dag.py:3696} INFO - Setting next_dagrun for distillationDAG to 2026-01-16T18:09:38.307810+00:00, run_after=2026-01-16T18:10:23.307810+00:00
[2026-01-16T18:10:23.348+0000] {processor.py:179} INFO - Processing /opt/airflow/dags/dispatcher_pipeline_dag.py took 1.672 seconds
[2026-01-16T18:10:53.594+0000] {processor.py:157} INFO - Started process (PID=2472) to work on /opt/airflow/dags/dispatcher_pipeline_dag.py
[2026-01-16T18:10:53.596+0000] {processor.py:829} INFO - Processing file /opt/airflow/dags/dispatcher_pipeline_dag.py for tasks to queue
[2026-01-16T18:10:53.599+0000] {logging_mixin.py:151} INFO - [2026-01-16T18:10:53.598+0000] {dagbag.py:539} INFO - Filling up the DagBag from /opt/airflow/dags/dispatcher_pipeline_dag.py
[2026-01-16T18:10:55.056+0000] {processor.py:839} INFO - DAG(s) dict_keys(['distillationDAG']) retrieved from /opt/airflow/dags/dispatcher_pipeline_dag.py
[2026-01-16T18:10:55.143+0000] {logging_mixin.py:151} INFO - [2026-01-16T18:10:55.142+0000] {dag.py:2915} INFO - Sync 1 DAGs
[2026-01-16T18:10:55.201+0000] {logging_mixin.py:151} INFO - [2026-01-16T18:10:55.201+0000] {dag.py:3696} INFO - Setting next_dagrun for distillationDAG to 2026-01-16T18:10:10.200398+00:00, run_after=2026-01-16T18:10:55.200398+00:00
[2026-01-16T18:10:55.242+0000] {processor.py:179} INFO - Processing /opt/airflow/dags/dispatcher_pipeline_dag.py took 1.659 seconds
[2026-01-16T18:11:25.796+0000] {processor.py:157} INFO - Started process (PID=2485) to work on /opt/airflow/dags/dispatcher_pipeline_dag.py
[2026-01-16T18:11:25.799+0000] {processor.py:829} INFO - Processing file /opt/airflow/dags/dispatcher_pipeline_dag.py for tasks to queue
[2026-01-16T18:11:25.802+0000] {logging_mixin.py:151} INFO - [2026-01-16T18:11:25.800+0000] {dagbag.py:539} INFO - Filling up the DagBag from /opt/airflow/dags/dispatcher_pipeline_dag.py
[2026-01-16T18:11:27.280+0000] {processor.py:839} INFO - DAG(s) dict_keys(['distillationDAG']) retrieved from /opt/airflow/dags/dispatcher_pipeline_dag.py
[2026-01-16T18:11:27.364+0000] {logging_mixin.py:151} INFO - [2026-01-16T18:11:27.363+0000] {dag.py:2915} INFO - Sync 1 DAGs
[2026-01-16T18:11:27.422+0000] {logging_mixin.py:151} INFO - [2026-01-16T18:11:27.421+0000] {dag.py:3696} INFO - Setting next_dagrun for distillationDAG to 2026-01-16T18:10:42.421177+00:00, run_after=2026-01-16T18:11:27.421177+00:00
[2026-01-16T18:11:27.466+0000] {processor.py:179} INFO - Processing /opt/airflow/dags/dispatcher_pipeline_dag.py took 1.681 seconds
[2026-01-16T18:11:57.721+0000] {processor.py:157} INFO - Started process (PID=2498) to work on /opt/airflow/dags/dispatcher_pipeline_dag.py
[2026-01-16T18:11:57.724+0000] {processor.py:829} INFO - Processing file /opt/airflow/dags/dispatcher_pipeline_dag.py for tasks to queue
[2026-01-16T18:11:57.726+0000] {logging_mixin.py:151} INFO - [2026-01-16T18:11:57.725+0000] {dagbag.py:539} INFO - Filling up the DagBag from /opt/airflow/dags/dispatcher_pipeline_dag.py
[2026-01-16T18:11:59.180+0000] {processor.py:839} INFO - DAG(s) dict_keys(['distillationDAG']) retrieved from /opt/airflow/dags/dispatcher_pipeline_dag.py
[2026-01-16T18:11:59.264+0000] {logging_mixin.py:151} INFO - [2026-01-16T18:11:59.263+0000] {dag.py:2915} INFO - Sync 1 DAGs
[2026-01-16T18:11:59.325+0000] {logging_mixin.py:151} INFO - [2026-01-16T18:11:59.325+0000] {dag.py:3696} INFO - Setting next_dagrun for distillationDAG to 2026-01-16T18:11:14.324625+00:00, run_after=2026-01-16T18:11:59.324625+00:00
[2026-01-16T18:11:59.365+0000] {processor.py:179} INFO - Processing /opt/airflow/dags/dispatcher_pipeline_dag.py took 1.655 seconds
[2026-01-16T18:12:29.616+0000] {processor.py:157} INFO - Started process (PID=2511) to work on /opt/airflow/dags/dispatcher_pipeline_dag.py
[2026-01-16T18:12:29.618+0000] {processor.py:829} INFO - Processing file /opt/airflow/dags/dispatcher_pipeline_dag.py for tasks to queue
[2026-01-16T18:12:29.620+0000] {logging_mixin.py:151} INFO - [2026-01-16T18:12:29.619+0000] {dagbag.py:539} INFO - Filling up the DagBag from /opt/airflow/dags/dispatcher_pipeline_dag.py
[2026-01-16T18:12:31.089+0000] {processor.py:839} INFO - DAG(s) dict_keys(['distillationDAG']) retrieved from /opt/airflow/dags/dispatcher_pipeline_dag.py
[2026-01-16T18:12:31.174+0000] {logging_mixin.py:151} INFO - [2026-01-16T18:12:31.173+0000] {dag.py:2915} INFO - Sync 1 DAGs
[2026-01-16T18:12:31.235+0000] {logging_mixin.py:151} INFO - [2026-01-16T18:12:31.234+0000] {dag.py:3696} INFO - Setting next_dagrun for distillationDAG to 2026-01-16T18:11:46.234046+00:00, run_after=2026-01-16T18:12:31.234046+00:00
[2026-01-16T18:12:31.276+0000] {processor.py:179} INFO - Processing /opt/airflow/dags/dispatcher_pipeline_dag.py took 1.672 seconds
[2026-01-16T18:13:01.355+0000] {processor.py:157} INFO - Started process (PID=2524) to work on /opt/airflow/dags/dispatcher_pipeline_dag.py
[2026-01-16T18:13:01.358+0000] {processor.py:829} INFO - Processing file /opt/airflow/dags/dispatcher_pipeline_dag.py for tasks to queue
[2026-01-16T18:13:01.360+0000] {logging_mixin.py:151} INFO - [2026-01-16T18:13:01.359+0000] {dagbag.py:539} INFO - Filling up the DagBag from /opt/airflow/dags/dispatcher_pipeline_dag.py
[2026-01-16T18:13:02.845+0000] {processor.py:839} INFO - DAG(s) dict_keys(['distillationDAG']) retrieved from /opt/airflow/dags/dispatcher_pipeline_dag.py
[2026-01-16T18:13:02.932+0000] {logging_mixin.py:151} INFO - [2026-01-16T18:13:02.931+0000] {dag.py:2915} INFO - Sync 1 DAGs
[2026-01-16T18:13:02.990+0000] {logging_mixin.py:151} INFO - [2026-01-16T18:13:02.990+0000] {dag.py:3696} INFO - Setting next_dagrun for distillationDAG to 2026-01-16T18:12:17.989738+00:00, run_after=2026-01-16T18:13:02.989738+00:00
[2026-01-16T18:13:03.032+0000] {processor.py:179} INFO - Processing /opt/airflow/dags/dispatcher_pipeline_dag.py took 1.689 seconds
[2026-01-16T18:13:33.281+0000] {processor.py:157} INFO - Started process (PID=2537) to work on /opt/airflow/dags/dispatcher_pipeline_dag.py
[2026-01-16T18:13:33.284+0000] {processor.py:829} INFO - Processing file /opt/airflow/dags/dispatcher_pipeline_dag.py for tasks to queue
[2026-01-16T18:13:33.286+0000] {logging_mixin.py:151} INFO - [2026-01-16T18:13:33.285+0000] {dagbag.py:539} INFO - Filling up the DagBag from /opt/airflow/dags/dispatcher_pipeline_dag.py
[2026-01-16T18:13:34.774+0000] {processor.py:839} INFO - DAG(s) dict_keys(['distillationDAG']) retrieved from /opt/airflow/dags/dispatcher_pipeline_dag.py
[2026-01-16T18:13:34.862+0000] {logging_mixin.py:151} INFO - [2026-01-16T18:13:34.861+0000] {dag.py:2915} INFO - Sync 1 DAGs
[2026-01-16T18:13:34.919+0000] {logging_mixin.py:151} INFO - [2026-01-16T18:13:34.919+0000] {dag.py:3696} INFO - Setting next_dagrun for distillationDAG to 2026-01-16T18:12:49.918769+00:00, run_after=2026-01-16T18:13:34.918769+00:00
[2026-01-16T18:13:34.964+0000] {processor.py:179} INFO - Processing /opt/airflow/dags/dispatcher_pipeline_dag.py took 1.694 seconds
[2026-01-16T18:14:05.213+0000] {processor.py:157} INFO - Started process (PID=2550) to work on /opt/airflow/dags/dispatcher_pipeline_dag.py
[2026-01-16T18:14:05.217+0000] {processor.py:829} INFO - Processing file /opt/airflow/dags/dispatcher_pipeline_dag.py for tasks to queue
[2026-01-16T18:14:05.219+0000] {logging_mixin.py:151} INFO - [2026-01-16T18:14:05.218+0000] {dagbag.py:539} INFO - Filling up the DagBag from /opt/airflow/dags/dispatcher_pipeline_dag.py
[2026-01-16T18:14:06.687+0000] {processor.py:839} INFO - DAG(s) dict_keys(['distillationDAG']) retrieved from /opt/airflow/dags/dispatcher_pipeline_dag.py
[2026-01-16T18:14:06.771+0000] {logging_mixin.py:151} INFO - [2026-01-16T18:14:06.770+0000] {dag.py:2915} INFO - Sync 1 DAGs
[2026-01-16T18:14:06.832+0000] {logging_mixin.py:151} INFO - [2026-01-16T18:14:06.832+0000] {dag.py:3696} INFO - Setting next_dagrun for distillationDAG to 2026-01-16T18:13:21.831575+00:00, run_after=2026-01-16T18:14:06.831575+00:00
[2026-01-16T18:14:06.873+0000] {processor.py:179} INFO - Processing /opt/airflow/dags/dispatcher_pipeline_dag.py took 1.671 seconds
[2026-01-16T18:14:36.977+0000] {processor.py:157} INFO - Started process (PID=2563) to work on /opt/airflow/dags/dispatcher_pipeline_dag.py
[2026-01-16T18:14:36.980+0000] {processor.py:829} INFO - Processing file /opt/airflow/dags/dispatcher_pipeline_dag.py for tasks to queue
[2026-01-16T18:14:36.982+0000] {logging_mixin.py:151} INFO - [2026-01-16T18:14:36.981+0000] {dagbag.py:539} INFO - Filling up the DagBag from /opt/airflow/dags/dispatcher_pipeline_dag.py
[2026-01-16T18:14:38.460+0000] {processor.py:839} INFO - DAG(s) dict_keys(['distillationDAG']) retrieved from /opt/airflow/dags/dispatcher_pipeline_dag.py
[2026-01-16T18:14:38.544+0000] {logging_mixin.py:151} INFO - [2026-01-16T18:14:38.543+0000] {dag.py:2915} INFO - Sync 1 DAGs
[2026-01-16T18:14:38.604+0000] {logging_mixin.py:151} INFO - [2026-01-16T18:14:38.604+0000] {dag.py:3696} INFO - Setting next_dagrun for distillationDAG to 2026-01-16T18:13:53.603591+00:00, run_after=2026-01-16T18:14:38.603591+00:00
[2026-01-16T18:14:38.644+0000] {processor.py:179} INFO - Processing /opt/airflow/dags/dispatcher_pipeline_dag.py took 1.679 seconds
[2026-01-16T18:15:08.934+0000] {processor.py:157} INFO - Started process (PID=2576) to work on /opt/airflow/dags/dispatcher_pipeline_dag.py
[2026-01-16T18:15:08.937+0000] {processor.py:829} INFO - Processing file /opt/airflow/dags/dispatcher_pipeline_dag.py for tasks to queue
[2026-01-16T18:15:08.940+0000] {logging_mixin.py:151} INFO - [2026-01-16T18:15:08.939+0000] {dagbag.py:539} INFO - Filling up the DagBag from /opt/airflow/dags/dispatcher_pipeline_dag.py
[2026-01-16T18:15:10.396+0000] {processor.py:839} INFO - DAG(s) dict_keys(['distillationDAG']) retrieved from /opt/airflow/dags/dispatcher_pipeline_dag.py
[2026-01-16T18:15:10.484+0000] {logging_mixin.py:151} INFO - [2026-01-16T18:15:10.483+0000] {dag.py:2915} INFO - Sync 1 DAGs
[2026-01-16T18:15:10.542+0000] {logging_mixin.py:151} INFO - [2026-01-16T18:15:10.541+0000] {dag.py:3696} INFO - Setting next_dagrun for distillationDAG to 2026-01-16T18:14:25.541229+00:00, run_after=2026-01-16T18:15:10.541229+00:00
[2026-01-16T18:15:10.582+0000] {processor.py:179} INFO - Processing /opt/airflow/dags/dispatcher_pipeline_dag.py took 1.660 seconds
[2026-01-16T18:15:40.841+0000] {processor.py:157} INFO - Started process (PID=2589) to work on /opt/airflow/dags/dispatcher_pipeline_dag.py
[2026-01-16T18:15:40.843+0000] {processor.py:829} INFO - Processing file /opt/airflow/dags/dispatcher_pipeline_dag.py for tasks to queue
[2026-01-16T18:15:40.845+0000] {logging_mixin.py:151} INFO - [2026-01-16T18:15:40.844+0000] {dagbag.py:539} INFO - Filling up the DagBag from /opt/airflow/dags/dispatcher_pipeline_dag.py
[2026-01-16T18:15:42.304+0000] {processor.py:839} INFO - DAG(s) dict_keys(['distillationDAG']) retrieved from /opt/airflow/dags/dispatcher_pipeline_dag.py
[2026-01-16T18:15:42.389+0000] {logging_mixin.py:151} INFO - [2026-01-16T18:15:42.388+0000] {dag.py:2915} INFO - Sync 1 DAGs
[2026-01-16T18:15:42.447+0000] {logging_mixin.py:151} INFO - [2026-01-16T18:15:42.446+0000] {dag.py:3696} INFO - Setting next_dagrun for distillationDAG to 2026-01-16T18:14:57.446034+00:00, run_after=2026-01-16T18:15:42.446034+00:00
[2026-01-16T18:15:42.487+0000] {processor.py:179} INFO - Processing /opt/airflow/dags/dispatcher_pipeline_dag.py took 1.658 seconds
[2026-01-16T18:16:12.744+0000] {processor.py:157} INFO - Started process (PID=2602) to work on /opt/airflow/dags/dispatcher_pipeline_dag.py
[2026-01-16T18:16:12.748+0000] {processor.py:829} INFO - Processing file /opt/airflow/dags/dispatcher_pipeline_dag.py for tasks to queue
[2026-01-16T18:16:12.750+0000] {logging_mixin.py:151} INFO - [2026-01-16T18:16:12.749+0000] {dagbag.py:539} INFO - Filling up the DagBag from /opt/airflow/dags/dispatcher_pipeline_dag.py
[2026-01-16T18:16:14.218+0000] {processor.py:839} INFO - DAG(s) dict_keys(['distillationDAG']) retrieved from /opt/airflow/dags/dispatcher_pipeline_dag.py
[2026-01-16T18:16:14.304+0000] {logging_mixin.py:151} INFO - [2026-01-16T18:16:14.303+0000] {dag.py:2915} INFO - Sync 1 DAGs
[2026-01-16T18:16:14.363+0000] {logging_mixin.py:151} INFO - [2026-01-16T18:16:14.362+0000] {dag.py:3696} INFO - Setting next_dagrun for distillationDAG to 2026-01-16T18:15:29.362337+00:00, run_after=2026-01-16T18:16:14.362337+00:00
[2026-01-16T18:16:14.407+0000] {processor.py:179} INFO - Processing /opt/airflow/dags/dispatcher_pipeline_dag.py took 1.674 seconds
[2026-01-16T18:16:44.656+0000] {processor.py:157} INFO - Started process (PID=2615) to work on /opt/airflow/dags/dispatcher_pipeline_dag.py
[2026-01-16T18:16:44.660+0000] {processor.py:829} INFO - Processing file /opt/airflow/dags/dispatcher_pipeline_dag.py for tasks to queue
[2026-01-16T18:16:44.662+0000] {logging_mixin.py:151} INFO - [2026-01-16T18:16:44.661+0000] {dagbag.py:539} INFO - Filling up the DagBag from /opt/airflow/dags/dispatcher_pipeline_dag.py
[2026-01-16T18:16:46.141+0000] {processor.py:839} INFO - DAG(s) dict_keys(['distillationDAG']) retrieved from /opt/airflow/dags/dispatcher_pipeline_dag.py
[2026-01-16T18:16:46.225+0000] {logging_mixin.py:151} INFO - [2026-01-16T18:16:46.224+0000] {dag.py:2915} INFO - Sync 1 DAGs
[2026-01-16T18:16:46.286+0000] {logging_mixin.py:151} INFO - [2026-01-16T18:16:46.286+0000] {dag.py:3696} INFO - Setting next_dagrun for distillationDAG to 2026-01-16T18:16:01.285419+00:00, run_after=2026-01-16T18:16:46.285419+00:00
[2026-01-16T18:16:46.326+0000] {processor.py:179} INFO - Processing /opt/airflow/dags/dispatcher_pipeline_dag.py took 1.681 seconds
[2026-01-16T18:17:16.579+0000] {processor.py:157} INFO - Started process (PID=2628) to work on /opt/airflow/dags/dispatcher_pipeline_dag.py
[2026-01-16T18:17:16.582+0000] {processor.py:829} INFO - Processing file /opt/airflow/dags/dispatcher_pipeline_dag.py for tasks to queue
[2026-01-16T18:17:16.585+0000] {logging_mixin.py:151} INFO - [2026-01-16T18:17:16.583+0000] {dagbag.py:539} INFO - Filling up the DagBag from /opt/airflow/dags/dispatcher_pipeline_dag.py
[2026-01-16T18:17:18.047+0000] {processor.py:839} INFO - DAG(s) dict_keys(['distillationDAG']) retrieved from /opt/airflow/dags/dispatcher_pipeline_dag.py
[2026-01-16T18:17:18.131+0000] {logging_mixin.py:151} INFO - [2026-01-16T18:17:18.130+0000] {dag.py:2915} INFO - Sync 1 DAGs
[2026-01-16T18:17:18.192+0000] {logging_mixin.py:151} INFO - [2026-01-16T18:17:18.191+0000] {dag.py:3696} INFO - Setting next_dagrun for distillationDAG to 2026-01-16T18:16:33.191185+00:00, run_after=2026-01-16T18:17:18.191185+00:00
[2026-01-16T18:17:18.232+0000] {processor.py:179} INFO - Processing /opt/airflow/dags/dispatcher_pipeline_dag.py took 1.665 seconds
[2026-01-16T18:17:48.331+0000] {processor.py:157} INFO - Started process (PID=2641) to work on /opt/airflow/dags/dispatcher_pipeline_dag.py
[2026-01-16T18:17:48.333+0000] {processor.py:829} INFO - Processing file /opt/airflow/dags/dispatcher_pipeline_dag.py for tasks to queue
[2026-01-16T18:17:48.335+0000] {logging_mixin.py:151} INFO - [2026-01-16T18:17:48.334+0000] {dagbag.py:539} INFO - Filling up the DagBag from /opt/airflow/dags/dispatcher_pipeline_dag.py
[2026-01-16T18:17:49.799+0000] {processor.py:839} INFO - DAG(s) dict_keys(['distillationDAG']) retrieved from /opt/airflow/dags/dispatcher_pipeline_dag.py
[2026-01-16T18:17:49.886+0000] {logging_mixin.py:151} INFO - [2026-01-16T18:17:49.885+0000] {dag.py:2915} INFO - Sync 1 DAGs
[2026-01-16T18:17:49.944+0000] {logging_mixin.py:151} INFO - [2026-01-16T18:17:49.943+0000] {dag.py:3696} INFO - Setting next_dagrun for distillationDAG to 2026-01-16T18:17:04.943225+00:00, run_after=2026-01-16T18:17:49.943225+00:00
[2026-01-16T18:17:49.984+0000] {processor.py:179} INFO - Processing /opt/airflow/dags/dispatcher_pipeline_dag.py took 1.665 seconds
[2026-01-16T18:18:20.252+0000] {processor.py:157} INFO - Started process (PID=2654) to work on /opt/airflow/dags/dispatcher_pipeline_dag.py
[2026-01-16T18:18:20.254+0000] {processor.py:829} INFO - Processing file /opt/airflow/dags/dispatcher_pipeline_dag.py for tasks to queue
[2026-01-16T18:18:20.257+0000] {logging_mixin.py:151} INFO - [2026-01-16T18:18:20.256+0000] {dagbag.py:539} INFO - Filling up the DagBag from /opt/airflow/dags/dispatcher_pipeline_dag.py
[2026-01-16T18:18:21.732+0000] {processor.py:839} INFO - DAG(s) dict_keys(['distillationDAG']) retrieved from /opt/airflow/dags/dispatcher_pipeline_dag.py
[2026-01-16T18:18:21.818+0000] {logging_mixin.py:151} INFO - [2026-01-16T18:18:21.817+0000] {dag.py:2915} INFO - Sync 1 DAGs
[2026-01-16T18:18:21.875+0000] {logging_mixin.py:151} INFO - [2026-01-16T18:18:21.875+0000] {dag.py:3696} INFO - Setting next_dagrun for distillationDAG to 2026-01-16T18:17:36.874708+00:00, run_after=2026-01-16T18:18:21.874708+00:00
[2026-01-16T18:18:21.916+0000] {processor.py:179} INFO - Processing /opt/airflow/dags/dispatcher_pipeline_dag.py took 1.675 seconds
[2026-01-16T18:18:52.174+0000] {processor.py:157} INFO - Started process (PID=2667) to work on /opt/airflow/dags/dispatcher_pipeline_dag.py
[2026-01-16T18:18:52.177+0000] {processor.py:829} INFO - Processing file /opt/airflow/dags/dispatcher_pipeline_dag.py for tasks to queue
[2026-01-16T18:18:52.179+0000] {logging_mixin.py:151} INFO - [2026-01-16T18:18:52.178+0000] {dagbag.py:539} INFO - Filling up the DagBag from /opt/airflow/dags/dispatcher_pipeline_dag.py
[2026-01-16T18:18:53.641+0000] {processor.py:839} INFO - DAG(s) dict_keys(['distillationDAG']) retrieved from /opt/airflow/dags/dispatcher_pipeline_dag.py
[2026-01-16T18:18:53.725+0000] {logging_mixin.py:151} INFO - [2026-01-16T18:18:53.723+0000] {dag.py:2915} INFO - Sync 1 DAGs
[2026-01-16T18:18:53.782+0000] {logging_mixin.py:151} INFO - [2026-01-16T18:18:53.782+0000] {dag.py:3696} INFO - Setting next_dagrun for distillationDAG to 2026-01-16T18:18:08.781512+00:00, run_after=2026-01-16T18:18:53.781512+00:00
[2026-01-16T18:18:53.828+0000] {processor.py:179} INFO - Processing /opt/airflow/dags/dispatcher_pipeline_dag.py took 1.665 seconds
[2026-01-16T18:19:24.080+0000] {processor.py:157} INFO - Started process (PID=2680) to work on /opt/airflow/dags/dispatcher_pipeline_dag.py
[2026-01-16T18:19:24.082+0000] {processor.py:829} INFO - Processing file /opt/airflow/dags/dispatcher_pipeline_dag.py for tasks to queue
[2026-01-16T18:19:24.085+0000] {logging_mixin.py:151} INFO - [2026-01-16T18:19:24.083+0000] {dagbag.py:539} INFO - Filling up the DagBag from /opt/airflow/dags/dispatcher_pipeline_dag.py
[2026-01-16T18:19:25.550+0000] {processor.py:839} INFO - DAG(s) dict_keys(['distillationDAG']) retrieved from /opt/airflow/dags/dispatcher_pipeline_dag.py
[2026-01-16T18:19:25.634+0000] {logging_mixin.py:151} INFO - [2026-01-16T18:19:25.633+0000] {dag.py:2915} INFO - Sync 1 DAGs
[2026-01-16T18:19:25.695+0000] {logging_mixin.py:151} INFO - [2026-01-16T18:19:25.694+0000] {dag.py:3696} INFO - Setting next_dagrun for distillationDAG to 2026-01-16T18:18:40.694225+00:00, run_after=2026-01-16T18:19:25.694225+00:00
[2026-01-16T18:19:25.735+0000] {processor.py:179} INFO - Processing /opt/airflow/dags/dispatcher_pipeline_dag.py took 1.667 seconds
[2026-01-16T18:19:56.011+0000] {processor.py:157} INFO - Started process (PID=2693) to work on /opt/airflow/dags/dispatcher_pipeline_dag.py
[2026-01-16T18:19:56.014+0000] {processor.py:829} INFO - Processing file /opt/airflow/dags/dispatcher_pipeline_dag.py for tasks to queue
[2026-01-16T18:19:56.017+0000] {logging_mixin.py:151} INFO - [2026-01-16T18:19:56.016+0000] {dagbag.py:539} INFO - Filling up the DagBag from /opt/airflow/dags/dispatcher_pipeline_dag.py
[2026-01-16T18:19:57.487+0000] {processor.py:839} INFO - DAG(s) dict_keys(['distillationDAG']) retrieved from /opt/airflow/dags/dispatcher_pipeline_dag.py
[2026-01-16T18:19:57.572+0000] {logging_mixin.py:151} INFO - [2026-01-16T18:19:57.571+0000] {dag.py:2915} INFO - Sync 1 DAGs
[2026-01-16T18:19:57.632+0000] {logging_mixin.py:151} INFO - [2026-01-16T18:19:57.632+0000] {dag.py:3696} INFO - Setting next_dagrun for distillationDAG to 2026-01-16T18:19:12.631582+00:00, run_after=2026-01-16T18:19:57.631582+00:00
[2026-01-16T18:19:57.672+0000] {processor.py:179} INFO - Processing /opt/airflow/dags/dispatcher_pipeline_dag.py took 1.673 seconds
[2026-01-16T18:20:27.924+0000] {processor.py:157} INFO - Started process (PID=2707) to work on /opt/airflow/dags/dispatcher_pipeline_dag.py
[2026-01-16T18:20:27.927+0000] {processor.py:829} INFO - Processing file /opt/airflow/dags/dispatcher_pipeline_dag.py for tasks to queue
[2026-01-16T18:20:27.929+0000] {logging_mixin.py:151} INFO - [2026-01-16T18:20:27.928+0000] {dagbag.py:539} INFO - Filling up the DagBag from /opt/airflow/dags/dispatcher_pipeline_dag.py
[2026-01-16T18:20:29.407+0000] {processor.py:839} INFO - DAG(s) dict_keys(['distillationDAG']) retrieved from /opt/airflow/dags/dispatcher_pipeline_dag.py
[2026-01-16T18:20:29.493+0000] {logging_mixin.py:151} INFO - [2026-01-16T18:20:29.492+0000] {dag.py:2915} INFO - Sync 1 DAGs
[2026-01-16T18:20:29.550+0000] {logging_mixin.py:151} INFO - [2026-01-16T18:20:29.550+0000] {dag.py:3696} INFO - Setting next_dagrun for distillationDAG to 2026-01-16T18:19:44.549722+00:00, run_after=2026-01-16T18:20:29.549722+00:00
[2026-01-16T18:20:29.591+0000] {processor.py:179} INFO - Processing /opt/airflow/dags/dispatcher_pipeline_dag.py took 1.679 seconds
[2026-01-16T18:20:59.853+0000] {processor.py:157} INFO - Started process (PID=2720) to work on /opt/airflow/dags/dispatcher_pipeline_dag.py
[2026-01-16T18:20:59.856+0000] {processor.py:829} INFO - Processing file /opt/airflow/dags/dispatcher_pipeline_dag.py for tasks to queue
[2026-01-16T18:20:59.858+0000] {logging_mixin.py:151} INFO - [2026-01-16T18:20:59.857+0000] {dagbag.py:539} INFO - Filling up the DagBag from /opt/airflow/dags/dispatcher_pipeline_dag.py
[2026-01-16T18:21:01.322+0000] {processor.py:839} INFO - DAG(s) dict_keys(['distillationDAG']) retrieved from /opt/airflow/dags/dispatcher_pipeline_dag.py
[2026-01-16T18:21:01.407+0000] {logging_mixin.py:151} INFO - [2026-01-16T18:21:01.406+0000] {dag.py:2915} INFO - Sync 1 DAGs
[2026-01-16T18:21:01.465+0000] {logging_mixin.py:151} INFO - [2026-01-16T18:21:01.465+0000] {dag.py:3696} INFO - Setting next_dagrun for distillationDAG to 2026-01-16T18:20:16.464583+00:00, run_after=2026-01-16T18:21:01.464583+00:00
[2026-01-16T18:21:01.509+0000] {processor.py:179} INFO - Processing /opt/airflow/dags/dispatcher_pipeline_dag.py took 1.667 seconds
[2026-01-16T18:21:32.066+0000] {processor.py:157} INFO - Started process (PID=2733) to work on /opt/airflow/dags/dispatcher_pipeline_dag.py
[2026-01-16T18:21:32.069+0000] {processor.py:829} INFO - Processing file /opt/airflow/dags/dispatcher_pipeline_dag.py for tasks to queue
[2026-01-16T18:21:32.071+0000] {logging_mixin.py:151} INFO - [2026-01-16T18:21:32.070+0000] {dagbag.py:539} INFO - Filling up the DagBag from /opt/airflow/dags/dispatcher_pipeline_dag.py
[2026-01-16T18:21:33.534+0000] {processor.py:839} INFO - DAG(s) dict_keys(['distillationDAG']) retrieved from /opt/airflow/dags/dispatcher_pipeline_dag.py
[2026-01-16T18:21:33.618+0000] {logging_mixin.py:151} INFO - [2026-01-16T18:21:33.617+0000] {dag.py:2915} INFO - Sync 1 DAGs
[2026-01-16T18:21:33.679+0000] {logging_mixin.py:151} INFO - [2026-01-16T18:21:33.678+0000] {dag.py:3696} INFO - Setting next_dagrun for distillationDAG to 2026-01-16T18:20:48.677952+00:00, run_after=2026-01-16T18:21:33.677952+00:00
[2026-01-16T18:21:33.719+0000] {processor.py:179} INFO - Processing /opt/airflow/dags/dispatcher_pipeline_dag.py took 1.665 seconds
[2026-01-16T18:22:03.975+0000] {processor.py:157} INFO - Started process (PID=2746) to work on /opt/airflow/dags/dispatcher_pipeline_dag.py
[2026-01-16T18:22:03.978+0000] {processor.py:829} INFO - Processing file /opt/airflow/dags/dispatcher_pipeline_dag.py for tasks to queue
[2026-01-16T18:22:03.981+0000] {logging_mixin.py:151} INFO - [2026-01-16T18:22:03.980+0000] {dagbag.py:539} INFO - Filling up the DagBag from /opt/airflow/dags/dispatcher_pipeline_dag.py
[2026-01-16T18:22:05.459+0000] {processor.py:839} INFO - DAG(s) dict_keys(['distillationDAG']) retrieved from /opt/airflow/dags/dispatcher_pipeline_dag.py
[2026-01-16T18:22:05.545+0000] {logging_mixin.py:151} INFO - [2026-01-16T18:22:05.544+0000] {dag.py:2915} INFO - Sync 1 DAGs
[2026-01-16T18:22:05.605+0000] {logging_mixin.py:151} INFO - [2026-01-16T18:22:05.605+0000] {dag.py:3696} INFO - Setting next_dagrun for distillationDAG to 2026-01-16T18:21:20.604752+00:00, run_after=2026-01-16T18:22:05.604752+00:00
[2026-01-16T18:22:05.645+0000] {processor.py:179} INFO - Processing /opt/airflow/dags/dispatcher_pipeline_dag.py took 1.681 seconds
[2026-01-16T18:22:35.898+0000] {processor.py:157} INFO - Started process (PID=2759) to work on /opt/airflow/dags/dispatcher_pipeline_dag.py
[2026-01-16T18:22:35.900+0000] {processor.py:829} INFO - Processing file /opt/airflow/dags/dispatcher_pipeline_dag.py for tasks to queue
[2026-01-16T18:22:35.903+0000] {logging_mixin.py:151} INFO - [2026-01-16T18:22:35.902+0000] {dagbag.py:539} INFO - Filling up the DagBag from /opt/airflow/dags/dispatcher_pipeline_dag.py
[2026-01-16T18:22:37.415+0000] {processor.py:839} INFO - DAG(s) dict_keys(['distillationDAG']) retrieved from /opt/airflow/dags/dispatcher_pipeline_dag.py
[2026-01-16T18:22:37.500+0000] {logging_mixin.py:151} INFO - [2026-01-16T18:22:37.499+0000] {dag.py:2915} INFO - Sync 1 DAGs
[2026-01-16T18:22:37.558+0000] {logging_mixin.py:151} INFO - [2026-01-16T18:22:37.557+0000] {dag.py:3696} INFO - Setting next_dagrun for distillationDAG to 2026-01-16T18:21:52.557275+00:00, run_after=2026-01-16T18:22:37.557275+00:00
[2026-01-16T18:22:37.597+0000] {processor.py:179} INFO - Processing /opt/airflow/dags/dispatcher_pipeline_dag.py took 1.713 seconds
[2026-01-16T18:23:07.850+0000] {processor.py:157} INFO - Started process (PID=2772) to work on /opt/airflow/dags/dispatcher_pipeline_dag.py
[2026-01-16T18:23:07.853+0000] {processor.py:829} INFO - Processing file /opt/airflow/dags/dispatcher_pipeline_dag.py for tasks to queue
[2026-01-16T18:23:07.855+0000] {logging_mixin.py:151} INFO - [2026-01-16T18:23:07.854+0000] {dagbag.py:539} INFO - Filling up the DagBag from /opt/airflow/dags/dispatcher_pipeline_dag.py
[2026-01-16T18:23:09.318+0000] {processor.py:839} INFO - DAG(s) dict_keys(['distillationDAG']) retrieved from /opt/airflow/dags/dispatcher_pipeline_dag.py
[2026-01-16T18:23:09.403+0000] {logging_mixin.py:151} INFO - [2026-01-16T18:23:09.402+0000] {dag.py:2915} INFO - Sync 1 DAGs
[2026-01-16T18:23:09.460+0000] {logging_mixin.py:151} INFO - [2026-01-16T18:23:09.460+0000] {dag.py:3696} INFO - Setting next_dagrun for distillationDAG to 2026-01-16T18:22:24.459648+00:00, run_after=2026-01-16T18:23:09.459648+00:00
[2026-01-16T18:23:09.506+0000] {processor.py:179} INFO - Processing /opt/airflow/dags/dispatcher_pipeline_dag.py took 1.667 seconds
[2026-01-16T18:23:40.054+0000] {processor.py:157} INFO - Started process (PID=2785) to work on /opt/airflow/dags/dispatcher_pipeline_dag.py
[2026-01-16T18:23:40.058+0000] {processor.py:829} INFO - Processing file /opt/airflow/dags/dispatcher_pipeline_dag.py for tasks to queue
[2026-01-16T18:23:40.060+0000] {logging_mixin.py:151} INFO - [2026-01-16T18:23:40.059+0000] {dagbag.py:539} INFO - Filling up the DagBag from /opt/airflow/dags/dispatcher_pipeline_dag.py
[2026-01-16T18:23:41.529+0000] {processor.py:839} INFO - DAG(s) dict_keys(['distillationDAG']) retrieved from /opt/airflow/dags/dispatcher_pipeline_dag.py
[2026-01-16T18:23:41.613+0000] {logging_mixin.py:151} INFO - [2026-01-16T18:23:41.612+0000] {dag.py:2915} INFO - Sync 1 DAGs
[2026-01-16T18:23:41.672+0000] {logging_mixin.py:151} INFO - [2026-01-16T18:23:41.671+0000] {dag.py:3696} INFO - Setting next_dagrun for distillationDAG to 2026-01-16T18:22:56.671275+00:00, run_after=2026-01-16T18:23:41.671275+00:00
[2026-01-16T18:23:41.717+0000] {processor.py:179} INFO - Processing /opt/airflow/dags/dispatcher_pipeline_dag.py took 1.674 seconds
[2026-01-16T18:24:11.963+0000] {processor.py:157} INFO - Started process (PID=2798) to work on /opt/airflow/dags/dispatcher_pipeline_dag.py
[2026-01-16T18:24:11.966+0000] {processor.py:829} INFO - Processing file /opt/airflow/dags/dispatcher_pipeline_dag.py for tasks to queue
[2026-01-16T18:24:11.969+0000] {logging_mixin.py:151} INFO - [2026-01-16T18:24:11.967+0000] {dagbag.py:539} INFO - Filling up the DagBag from /opt/airflow/dags/dispatcher_pipeline_dag.py
[2026-01-16T18:24:13.451+0000] {processor.py:839} INFO - DAG(s) dict_keys(['distillationDAG']) retrieved from /opt/airflow/dags/dispatcher_pipeline_dag.py
[2026-01-16T18:24:13.538+0000] {logging_mixin.py:151} INFO - [2026-01-16T18:24:13.537+0000] {dag.py:2915} INFO - Sync 1 DAGs
[2026-01-16T18:24:13.599+0000] {logging_mixin.py:151} INFO - [2026-01-16T18:24:13.599+0000] {dag.py:3696} INFO - Setting next_dagrun for distillationDAG to 2026-01-16T18:23:28.598717+00:00, run_after=2026-01-16T18:24:13.598717+00:00
[2026-01-16T18:24:13.644+0000] {processor.py:179} INFO - Processing /opt/airflow/dags/dispatcher_pipeline_dag.py took 1.692 seconds
[2026-01-16T18:24:43.889+0000] {processor.py:157} INFO - Started process (PID=2814) to work on /opt/airflow/dags/dispatcher_pipeline_dag.py
[2026-01-16T18:24:43.891+0000] {processor.py:829} INFO - Processing file /opt/airflow/dags/dispatcher_pipeline_dag.py for tasks to queue
[2026-01-16T18:24:43.893+0000] {logging_mixin.py:151} INFO - [2026-01-16T18:24:43.892+0000] {dagbag.py:539} INFO - Filling up the DagBag from /opt/airflow/dags/dispatcher_pipeline_dag.py
[2026-01-16T18:24:45.357+0000] {processor.py:839} INFO - DAG(s) dict_keys(['distillationDAG']) retrieved from /opt/airflow/dags/dispatcher_pipeline_dag.py
[2026-01-16T18:24:45.444+0000] {logging_mixin.py:151} INFO - [2026-01-16T18:24:45.443+0000] {dag.py:2915} INFO - Sync 1 DAGs
[2026-01-16T18:24:45.502+0000] {logging_mixin.py:151} INFO - [2026-01-16T18:24:45.502+0000] {dag.py:3696} INFO - Setting next_dagrun for distillationDAG to 2026-01-16T18:24:00.501907+00:00, run_after=2026-01-16T18:24:45.501907+00:00
[2026-01-16T18:24:45.543+0000] {processor.py:179} INFO - Processing /opt/airflow/dags/dispatcher_pipeline_dag.py took 1.665 seconds
[2026-01-16T18:25:15.791+0000] {processor.py:157} INFO - Started process (PID=2831) to work on /opt/airflow/dags/dispatcher_pipeline_dag.py
[2026-01-16T18:25:15.794+0000] {processor.py:829} INFO - Processing file /opt/airflow/dags/dispatcher_pipeline_dag.py for tasks to queue
[2026-01-16T18:25:15.797+0000] {logging_mixin.py:151} INFO - [2026-01-16T18:25:15.796+0000] {dagbag.py:539} INFO - Filling up the DagBag from /opt/airflow/dags/dispatcher_pipeline_dag.py
[2026-01-16T18:25:17.269+0000] {processor.py:839} INFO - DAG(s) dict_keys(['distillationDAG']) retrieved from /opt/airflow/dags/dispatcher_pipeline_dag.py
[2026-01-16T18:25:17.356+0000] {logging_mixin.py:151} INFO - [2026-01-16T18:25:17.355+0000] {dag.py:2915} INFO - Sync 1 DAGs
[2026-01-16T18:25:17.414+0000] {logging_mixin.py:151} INFO - [2026-01-16T18:25:17.413+0000] {dag.py:3696} INFO - Setting next_dagrun for distillationDAG to 2026-01-16T18:24:32.413093+00:00, run_after=2026-01-16T18:25:17.413093+00:00
[2026-01-16T18:25:17.455+0000] {processor.py:179} INFO - Processing /opt/airflow/dags/dispatcher_pipeline_dag.py took 1.675 seconds
[2026-01-16T18:25:47.563+0000] {processor.py:157} INFO - Started process (PID=2844) to work on /opt/airflow/dags/dispatcher_pipeline_dag.py
[2026-01-16T18:25:47.565+0000] {processor.py:829} INFO - Processing file /opt/airflow/dags/dispatcher_pipeline_dag.py for tasks to queue
[2026-01-16T18:25:47.567+0000] {logging_mixin.py:151} INFO - [2026-01-16T18:25:47.566+0000] {dagbag.py:539} INFO - Filling up the DagBag from /opt/airflow/dags/dispatcher_pipeline_dag.py
[2026-01-16T18:25:49.035+0000] {processor.py:839} INFO - DAG(s) dict_keys(['distillationDAG']) retrieved from /opt/airflow/dags/dispatcher_pipeline_dag.py
[2026-01-16T18:25:49.119+0000] {logging_mixin.py:151} INFO - [2026-01-16T18:25:49.118+0000] {dag.py:2915} INFO - Sync 1 DAGs
[2026-01-16T18:25:49.176+0000] {logging_mixin.py:151} INFO - [2026-01-16T18:25:49.176+0000] {dag.py:3696} INFO - Setting next_dagrun for distillationDAG to 2026-01-16T18:25:04.175750+00:00, run_after=2026-01-16T18:25:49.175750+00:00
[2026-01-16T18:25:49.220+0000] {processor.py:179} INFO - Processing /opt/airflow/dags/dispatcher_pipeline_dag.py took 1.668 seconds
[2026-01-16T18:26:19.466+0000] {processor.py:157} INFO - Started process (PID=2857) to work on /opt/airflow/dags/dispatcher_pipeline_dag.py
[2026-01-16T18:26:19.468+0000] {processor.py:829} INFO - Processing file /opt/airflow/dags/dispatcher_pipeline_dag.py for tasks to queue
[2026-01-16T18:26:19.470+0000] {logging_mixin.py:151} INFO - [2026-01-16T18:26:19.469+0000] {dagbag.py:539} INFO - Filling up the DagBag from /opt/airflow/dags/dispatcher_pipeline_dag.py
[2026-01-16T18:26:20.918+0000] {processor.py:839} INFO - DAG(s) dict_keys(['distillationDAG']) retrieved from /opt/airflow/dags/dispatcher_pipeline_dag.py
[2026-01-16T18:26:21.003+0000] {logging_mixin.py:151} INFO - [2026-01-16T18:26:21.002+0000] {dag.py:2915} INFO - Sync 1 DAGs
[2026-01-16T18:26:21.060+0000] {logging_mixin.py:151} INFO - [2026-01-16T18:26:21.060+0000] {dag.py:3696} INFO - Setting next_dagrun for distillationDAG to 2026-01-16T18:25:36.059965+00:00, run_after=2026-01-16T18:26:21.059965+00:00
[2026-01-16T18:26:21.103+0000] {processor.py:179} INFO - Processing /opt/airflow/dags/dispatcher_pipeline_dag.py took 1.648 seconds
[2026-01-16T18:26:51.345+0000] {processor.py:157} INFO - Started process (PID=2870) to work on /opt/airflow/dags/dispatcher_pipeline_dag.py
[2026-01-16T18:26:51.348+0000] {processor.py:829} INFO - Processing file /opt/airflow/dags/dispatcher_pipeline_dag.py for tasks to queue
[2026-01-16T18:26:51.351+0000] {logging_mixin.py:151} INFO - [2026-01-16T18:26:51.349+0000] {dagbag.py:539} INFO - Filling up the DagBag from /opt/airflow/dags/dispatcher_pipeline_dag.py
[2026-01-16T18:26:52.808+0000] {processor.py:839} INFO - DAG(s) dict_keys(['distillationDAG']) retrieved from /opt/airflow/dags/dispatcher_pipeline_dag.py
[2026-01-16T18:26:52.893+0000] {logging_mixin.py:151} INFO - [2026-01-16T18:26:52.892+0000] {dag.py:2915} INFO - Sync 1 DAGs
[2026-01-16T18:26:52.954+0000] {logging_mixin.py:151} INFO - [2026-01-16T18:26:52.953+0000] {dag.py:3696} INFO - Setting next_dagrun for distillationDAG to 2026-01-16T18:26:07.953022+00:00, run_after=2026-01-16T18:26:52.953022+00:00
[2026-01-16T18:26:52.994+0000] {processor.py:179} INFO - Processing /opt/airflow/dags/dispatcher_pipeline_dag.py took 1.659 seconds
[2026-01-16T18:27:23.075+0000] {processor.py:157} INFO - Started process (PID=2883) to work on /opt/airflow/dags/dispatcher_pipeline_dag.py
[2026-01-16T18:27:23.077+0000] {processor.py:829} INFO - Processing file /opt/airflow/dags/dispatcher_pipeline_dag.py for tasks to queue
[2026-01-16T18:27:23.080+0000] {logging_mixin.py:151} INFO - [2026-01-16T18:27:23.078+0000] {dagbag.py:539} INFO - Filling up the DagBag from /opt/airflow/dags/dispatcher_pipeline_dag.py
[2026-01-16T18:27:24.539+0000] {processor.py:839} INFO - DAG(s) dict_keys(['distillationDAG']) retrieved from /opt/airflow/dags/dispatcher_pipeline_dag.py
[2026-01-16T18:27:24.627+0000] {logging_mixin.py:151} INFO - [2026-01-16T18:27:24.626+0000] {dag.py:2915} INFO - Sync 1 DAGs
[2026-01-16T18:27:24.684+0000] {logging_mixin.py:151} INFO - [2026-01-16T18:27:24.684+0000] {dag.py:3696} INFO - Setting next_dagrun for distillationDAG to 2026-01-16T18:26:39.683550+00:00, run_after=2026-01-16T18:27:24.683550+00:00
[2026-01-16T18:27:24.725+0000] {processor.py:179} INFO - Processing /opt/airflow/dags/dispatcher_pipeline_dag.py took 1.661 seconds
[2026-01-16T18:27:54.979+0000] {processor.py:157} INFO - Started process (PID=2896) to work on /opt/airflow/dags/dispatcher_pipeline_dag.py
[2026-01-16T18:27:54.981+0000] {processor.py:829} INFO - Processing file /opt/airflow/dags/dispatcher_pipeline_dag.py for tasks to queue
[2026-01-16T18:27:54.983+0000] {logging_mixin.py:151} INFO - [2026-01-16T18:27:54.982+0000] {dagbag.py:539} INFO - Filling up the DagBag from /opt/airflow/dags/dispatcher_pipeline_dag.py
[2026-01-16T18:27:56.454+0000] {processor.py:839} INFO - DAG(s) dict_keys(['distillationDAG']) retrieved from /opt/airflow/dags/dispatcher_pipeline_dag.py
[2026-01-16T18:27:56.541+0000] {logging_mixin.py:151} INFO - [2026-01-16T18:27:56.540+0000] {dag.py:2915} INFO - Sync 1 DAGs
[2026-01-16T18:27:56.598+0000] {logging_mixin.py:151} INFO - [2026-01-16T18:27:56.598+0000] {dag.py:3696} INFO - Setting next_dagrun for distillationDAG to 2026-01-16T18:27:11.597888+00:00, run_after=2026-01-16T18:27:56.597888+00:00
[2026-01-16T18:27:56.640+0000] {processor.py:179} INFO - Processing /opt/airflow/dags/dispatcher_pipeline_dag.py took 1.673 seconds
[2026-01-16T18:28:26.891+0000] {processor.py:157} INFO - Started process (PID=2909) to work on /opt/airflow/dags/dispatcher_pipeline_dag.py
[2026-01-16T18:28:26.894+0000] {processor.py:829} INFO - Processing file /opt/airflow/dags/dispatcher_pipeline_dag.py for tasks to queue
[2026-01-16T18:28:26.896+0000] {logging_mixin.py:151} INFO - [2026-01-16T18:28:26.895+0000] {dagbag.py:539} INFO - Filling up the DagBag from /opt/airflow/dags/dispatcher_pipeline_dag.py
[2026-01-16T18:28:28.387+0000] {processor.py:839} INFO - DAG(s) dict_keys(['distillationDAG']) retrieved from /opt/airflow/dags/dispatcher_pipeline_dag.py
[2026-01-16T18:28:28.471+0000] {logging_mixin.py:151} INFO - [2026-01-16T18:28:28.470+0000] {dag.py:2915} INFO - Sync 1 DAGs
[2026-01-16T18:28:28.528+0000] {logging_mixin.py:151} INFO - [2026-01-16T18:28:28.528+0000] {dag.py:3696} INFO - Setting next_dagrun for distillationDAG to 2026-01-16T18:27:43.527586+00:00, run_after=2026-01-16T18:28:28.527586+00:00
[2026-01-16T18:28:28.570+0000] {processor.py:179} INFO - Processing /opt/airflow/dags/dispatcher_pipeline_dag.py took 1.690 seconds
[2026-01-16T18:28:58.823+0000] {processor.py:157} INFO - Started process (PID=2922) to work on /opt/airflow/dags/dispatcher_pipeline_dag.py
[2026-01-16T18:28:58.826+0000] {processor.py:829} INFO - Processing file /opt/airflow/dags/dispatcher_pipeline_dag.py for tasks to queue
[2026-01-16T18:28:58.829+0000] {logging_mixin.py:151} INFO - [2026-01-16T18:28:58.827+0000] {dagbag.py:539} INFO - Filling up the DagBag from /opt/airflow/dags/dispatcher_pipeline_dag.py
[2026-01-16T18:29:00.300+0000] {processor.py:839} INFO - DAG(s) dict_keys(['distillationDAG']) retrieved from /opt/airflow/dags/dispatcher_pipeline_dag.py
[2026-01-16T18:29:00.384+0000] {logging_mixin.py:151} INFO - [2026-01-16T18:29:00.383+0000] {dag.py:2915} INFO - Sync 1 DAGs
[2026-01-16T18:29:00.445+0000] {logging_mixin.py:151} INFO - [2026-01-16T18:29:00.444+0000] {dag.py:3696} INFO - Setting next_dagrun for distillationDAG to 2026-01-16T18:28:15.444001+00:00, run_after=2026-01-16T18:29:00.444001+00:00
[2026-01-16T18:29:00.486+0000] {processor.py:179} INFO - Processing /opt/airflow/dags/dispatcher_pipeline_dag.py took 1.675 seconds
[2026-01-16T18:29:30.734+0000] {processor.py:157} INFO - Started process (PID=2935) to work on /opt/airflow/dags/dispatcher_pipeline_dag.py
[2026-01-16T18:29:30.737+0000] {processor.py:829} INFO - Processing file /opt/airflow/dags/dispatcher_pipeline_dag.py for tasks to queue
[2026-01-16T18:29:30.740+0000] {logging_mixin.py:151} INFO - [2026-01-16T18:29:30.739+0000] {dagbag.py:539} INFO - Filling up the DagBag from /opt/airflow/dags/dispatcher_pipeline_dag.py
[2026-01-16T18:29:32.200+0000] {processor.py:839} INFO - DAG(s) dict_keys(['distillationDAG']) retrieved from /opt/airflow/dags/dispatcher_pipeline_dag.py
[2026-01-16T18:29:32.284+0000] {logging_mixin.py:151} INFO - [2026-01-16T18:29:32.283+0000] {dag.py:2915} INFO - Sync 1 DAGs
[2026-01-16T18:29:32.345+0000] {logging_mixin.py:151} INFO - [2026-01-16T18:29:32.345+0000] {dag.py:3696} INFO - Setting next_dagrun for distillationDAG to 2026-01-16T18:28:47.344547+00:00, run_after=2026-01-16T18:29:32.344547+00:00
[2026-01-16T18:29:32.386+0000] {processor.py:179} INFO - Processing /opt/airflow/dags/dispatcher_pipeline_dag.py took 1.663 seconds
[2026-01-16T18:30:02.515+0000] {processor.py:157} INFO - Started process (PID=2948) to work on /opt/airflow/dags/dispatcher_pipeline_dag.py
[2026-01-16T18:30:02.518+0000] {processor.py:829} INFO - Processing file /opt/airflow/dags/dispatcher_pipeline_dag.py for tasks to queue
[2026-01-16T18:30:02.520+0000] {logging_mixin.py:151} INFO - [2026-01-16T18:30:02.519+0000] {dagbag.py:539} INFO - Filling up the DagBag from /opt/airflow/dags/dispatcher_pipeline_dag.py
[2026-01-16T18:30:04.008+0000] {processor.py:839} INFO - DAG(s) dict_keys(['distillationDAG']) retrieved from /opt/airflow/dags/dispatcher_pipeline_dag.py
[2026-01-16T18:30:04.095+0000] {logging_mixin.py:151} INFO - [2026-01-16T18:30:04.094+0000] {dag.py:2915} INFO - Sync 1 DAGs
[2026-01-16T18:30:04.152+0000] {logging_mixin.py:151} INFO - [2026-01-16T18:30:04.152+0000] {dag.py:3696} INFO - Setting next_dagrun for distillationDAG to 2026-01-16T18:29:19.151708+00:00, run_after=2026-01-16T18:30:04.151708+00:00
[2026-01-16T18:30:04.193+0000] {processor.py:179} INFO - Processing /opt/airflow/dags/dispatcher_pipeline_dag.py took 1.690 seconds
[2026-01-16T18:30:34.444+0000] {processor.py:157} INFO - Started process (PID=2961) to work on /opt/airflow/dags/dispatcher_pipeline_dag.py
[2026-01-16T18:30:34.447+0000] {processor.py:829} INFO - Processing file /opt/airflow/dags/dispatcher_pipeline_dag.py for tasks to queue
[2026-01-16T18:30:34.449+0000] {logging_mixin.py:151} INFO - [2026-01-16T18:30:34.448+0000] {dagbag.py:539} INFO - Filling up the DagBag from /opt/airflow/dags/dispatcher_pipeline_dag.py
[2026-01-16T18:30:35.925+0000] {processor.py:839} INFO - DAG(s) dict_keys(['distillationDAG']) retrieved from /opt/airflow/dags/dispatcher_pipeline_dag.py
[2026-01-16T18:30:36.010+0000] {logging_mixin.py:151} INFO - [2026-01-16T18:30:36.009+0000] {dag.py:2915} INFO - Sync 1 DAGs
[2026-01-16T18:30:36.067+0000] {logging_mixin.py:151} INFO - [2026-01-16T18:30:36.067+0000] {dag.py:3696} INFO - Setting next_dagrun for distillationDAG to 2026-01-16T18:29:51.066720+00:00, run_after=2026-01-16T18:30:36.066720+00:00
[2026-01-16T18:30:36.108+0000] {processor.py:179} INFO - Processing /opt/airflow/dags/dispatcher_pipeline_dag.py took 1.676 seconds
[2026-01-16T18:31:06.376+0000] {processor.py:157} INFO - Started process (PID=2974) to work on /opt/airflow/dags/dispatcher_pipeline_dag.py
[2026-01-16T18:31:06.378+0000] {processor.py:829} INFO - Processing file /opt/airflow/dags/dispatcher_pipeline_dag.py for tasks to queue
[2026-01-16T18:31:06.380+0000] {logging_mixin.py:151} INFO - [2026-01-16T18:31:06.379+0000] {dagbag.py:539} INFO - Filling up the DagBag from /opt/airflow/dags/dispatcher_pipeline_dag.py
[2026-01-16T18:31:07.849+0000] {processor.py:839} INFO - DAG(s) dict_keys(['distillationDAG']) retrieved from /opt/airflow/dags/dispatcher_pipeline_dag.py
[2026-01-16T18:31:07.937+0000] {logging_mixin.py:151} INFO - [2026-01-16T18:31:07.936+0000] {dag.py:2915} INFO - Sync 1 DAGs
[2026-01-16T18:31:07.999+0000] {logging_mixin.py:151} INFO - [2026-01-16T18:31:07.999+0000] {dag.py:3696} INFO - Setting next_dagrun for distillationDAG to 2026-01-16T18:30:22.998613+00:00, run_after=2026-01-16T18:31:07.998613+00:00
[2026-01-16T18:31:08.040+0000] {processor.py:179} INFO - Processing /opt/airflow/dags/dispatcher_pipeline_dag.py took 1.675 seconds
[2026-01-16T18:31:38.169+0000] {processor.py:157} INFO - Started process (PID=2987) to work on /opt/airflow/dags/dispatcher_pipeline_dag.py
[2026-01-16T18:31:38.171+0000] {processor.py:829} INFO - Processing file /opt/airflow/dags/dispatcher_pipeline_dag.py for tasks to queue
[2026-01-16T18:31:38.174+0000] {logging_mixin.py:151} INFO - [2026-01-16T18:31:38.173+0000] {dagbag.py:539} INFO - Filling up the DagBag from /opt/airflow/dags/dispatcher_pipeline_dag.py
[2026-01-16T18:31:39.635+0000] {processor.py:839} INFO - DAG(s) dict_keys(['distillationDAG']) retrieved from /opt/airflow/dags/dispatcher_pipeline_dag.py
[2026-01-16T18:31:39.718+0000] {logging_mixin.py:151} INFO - [2026-01-16T18:31:39.717+0000] {dag.py:2915} INFO - Sync 1 DAGs
[2026-01-16T18:31:39.778+0000] {logging_mixin.py:151} INFO - [2026-01-16T18:31:39.777+0000] {dag.py:3696} INFO - Setting next_dagrun for distillationDAG to 2026-01-16T18:30:54.777129+00:00, run_after=2026-01-16T18:31:39.777129+00:00
[2026-01-16T18:31:39.819+0000] {processor.py:179} INFO - Processing /opt/airflow/dags/dispatcher_pipeline_dag.py took 1.660 seconds
[2026-01-16T18:32:10.063+0000] {processor.py:157} INFO - Started process (PID=3000) to work on /opt/airflow/dags/dispatcher_pipeline_dag.py
[2026-01-16T18:32:10.066+0000] {processor.py:829} INFO - Processing file /opt/airflow/dags/dispatcher_pipeline_dag.py for tasks to queue
[2026-01-16T18:32:10.069+0000] {logging_mixin.py:151} INFO - [2026-01-16T18:32:10.068+0000] {dagbag.py:539} INFO - Filling up the DagBag from /opt/airflow/dags/dispatcher_pipeline_dag.py
[2026-01-16T18:32:11.534+0000] {processor.py:839} INFO - DAG(s) dict_keys(['distillationDAG']) retrieved from /opt/airflow/dags/dispatcher_pipeline_dag.py
[2026-01-16T18:32:11.620+0000] {logging_mixin.py:151} INFO - [2026-01-16T18:32:11.619+0000] {dag.py:2915} INFO - Sync 1 DAGs
[2026-01-16T18:32:11.677+0000] {logging_mixin.py:151} INFO - [2026-01-16T18:32:11.677+0000] {dag.py:3696} INFO - Setting next_dagrun for distillationDAG to 2026-01-16T18:31:26.676544+00:00, run_after=2026-01-16T18:32:11.676544+00:00
[2026-01-16T18:32:11.718+0000] {processor.py:179} INFO - Processing /opt/airflow/dags/dispatcher_pipeline_dag.py took 1.666 seconds
[2026-01-16T18:32:41.964+0000] {processor.py:157} INFO - Started process (PID=3013) to work on /opt/airflow/dags/dispatcher_pipeline_dag.py
[2026-01-16T18:32:41.967+0000] {processor.py:829} INFO - Processing file /opt/airflow/dags/dispatcher_pipeline_dag.py for tasks to queue
[2026-01-16T18:32:41.969+0000] {logging_mixin.py:151} INFO - [2026-01-16T18:32:41.968+0000] {dagbag.py:539} INFO - Filling up the DagBag from /opt/airflow/dags/dispatcher_pipeline_dag.py
[2026-01-16T18:32:43.464+0000] {processor.py:839} INFO - DAG(s) dict_keys(['distillationDAG']) retrieved from /opt/airflow/dags/dispatcher_pipeline_dag.py
[2026-01-16T18:32:43.548+0000] {logging_mixin.py:151} INFO - [2026-01-16T18:32:43.547+0000] {dag.py:2915} INFO - Sync 1 DAGs
[2026-01-16T18:32:43.605+0000] {logging_mixin.py:151} INFO - [2026-01-16T18:32:43.605+0000] {dag.py:3696} INFO - Setting next_dagrun for distillationDAG to 2026-01-16T18:31:58.604917+00:00, run_after=2026-01-16T18:32:43.604917+00:00
[2026-01-16T18:32:43.645+0000] {processor.py:179} INFO - Processing /opt/airflow/dags/dispatcher_pipeline_dag.py took 1.693 seconds
[2026-01-16T18:33:13.765+0000] {processor.py:157} INFO - Started process (PID=3026) to work on /opt/airflow/dags/dispatcher_pipeline_dag.py
[2026-01-16T18:33:13.768+0000] {processor.py:829} INFO - Processing file /opt/airflow/dags/dispatcher_pipeline_dag.py for tasks to queue
[2026-01-16T18:33:13.770+0000] {logging_mixin.py:151} INFO - [2026-01-16T18:33:13.769+0000] {dagbag.py:539} INFO - Filling up the DagBag from /opt/airflow/dags/dispatcher_pipeline_dag.py
[2026-01-16T18:33:15.291+0000] {processor.py:839} INFO - DAG(s) dict_keys(['distillationDAG']) retrieved from /opt/airflow/dags/dispatcher_pipeline_dag.py
[2026-01-16T18:33:15.375+0000] {logging_mixin.py:151} INFO - [2026-01-16T18:33:15.374+0000] {dag.py:2915} INFO - Sync 1 DAGs
[2026-01-16T18:33:15.436+0000] {logging_mixin.py:151} INFO - [2026-01-16T18:33:15.435+0000] {dag.py:3696} INFO - Setting next_dagrun for distillationDAG to 2026-01-16T18:32:30.435045+00:00, run_after=2026-01-16T18:33:15.435045+00:00
[2026-01-16T18:33:15.475+0000] {processor.py:179} INFO - Processing /opt/airflow/dags/dispatcher_pipeline_dag.py took 1.722 seconds
[2026-01-16T18:33:45.742+0000] {processor.py:157} INFO - Started process (PID=3039) to work on /opt/airflow/dags/dispatcher_pipeline_dag.py
[2026-01-16T18:33:45.746+0000] {processor.py:829} INFO - Processing file /opt/airflow/dags/dispatcher_pipeline_dag.py for tasks to queue
[2026-01-16T18:33:45.748+0000] {logging_mixin.py:151} INFO - [2026-01-16T18:33:45.747+0000] {dagbag.py:539} INFO - Filling up the DagBag from /opt/airflow/dags/dispatcher_pipeline_dag.py
[2026-01-16T18:33:47.223+0000] {processor.py:839} INFO - DAG(s) dict_keys(['distillationDAG']) retrieved from /opt/airflow/dags/dispatcher_pipeline_dag.py
[2026-01-16T18:33:47.308+0000] {logging_mixin.py:151} INFO - [2026-01-16T18:33:47.307+0000] {dag.py:2915} INFO - Sync 1 DAGs
[2026-01-16T18:33:47.368+0000] {logging_mixin.py:151} INFO - [2026-01-16T18:33:47.368+0000] {dag.py:3696} INFO - Setting next_dagrun for distillationDAG to 2026-01-16T18:33:02.367809+00:00, run_after=2026-01-16T18:33:47.367809+00:00
[2026-01-16T18:33:47.409+0000] {processor.py:179} INFO - Processing /opt/airflow/dags/dispatcher_pipeline_dag.py took 1.678 seconds
[2026-01-16T18:34:17.665+0000] {processor.py:157} INFO - Started process (PID=3052) to work on /opt/airflow/dags/dispatcher_pipeline_dag.py
[2026-01-16T18:34:17.667+0000] {processor.py:829} INFO - Processing file /opt/airflow/dags/dispatcher_pipeline_dag.py for tasks to queue
[2026-01-16T18:34:17.669+0000] {logging_mixin.py:151} INFO - [2026-01-16T18:34:17.668+0000] {dagbag.py:539} INFO - Filling up the DagBag from /opt/airflow/dags/dispatcher_pipeline_dag.py
[2026-01-16T18:34:19.151+0000] {processor.py:839} INFO - DAG(s) dict_keys(['distillationDAG']) retrieved from /opt/airflow/dags/dispatcher_pipeline_dag.py
[2026-01-16T18:34:19.238+0000] {logging_mixin.py:151} INFO - [2026-01-16T18:34:19.237+0000] {dag.py:2915} INFO - Sync 1 DAGs
[2026-01-16T18:34:19.295+0000] {logging_mixin.py:151} INFO - [2026-01-16T18:34:19.295+0000] {dag.py:3696} INFO - Setting next_dagrun for distillationDAG to 2026-01-16T18:33:34.294696+00:00, run_after=2026-01-16T18:34:19.294696+00:00
[2026-01-16T18:34:19.336+0000] {processor.py:179} INFO - Processing /opt/airflow/dags/dispatcher_pipeline_dag.py took 1.683 seconds
[2026-01-16T18:34:49.591+0000] {processor.py:157} INFO - Started process (PID=3065) to work on /opt/airflow/dags/dispatcher_pipeline_dag.py
[2026-01-16T18:34:49.594+0000] {processor.py:829} INFO - Processing file /opt/airflow/dags/dispatcher_pipeline_dag.py for tasks to queue
[2026-01-16T18:34:49.596+0000] {logging_mixin.py:151} INFO - [2026-01-16T18:34:49.595+0000] {dagbag.py:539} INFO - Filling up the DagBag from /opt/airflow/dags/dispatcher_pipeline_dag.py
[2026-01-16T18:34:51.088+0000] {processor.py:839} INFO - DAG(s) dict_keys(['distillationDAG']) retrieved from /opt/airflow/dags/dispatcher_pipeline_dag.py
[2026-01-16T18:34:51.174+0000] {logging_mixin.py:151} INFO - [2026-01-16T18:34:51.173+0000] {dag.py:2915} INFO - Sync 1 DAGs
[2026-01-16T18:34:51.231+0000] {logging_mixin.py:151} INFO - [2026-01-16T18:34:51.231+0000] {dag.py:3696} INFO - Setting next_dagrun for distillationDAG to 2026-01-16T18:34:06.230931+00:00, run_after=2026-01-16T18:34:51.230931+00:00
[2026-01-16T18:34:51.272+0000] {processor.py:179} INFO - Processing /opt/airflow/dags/dispatcher_pipeline_dag.py took 1.693 seconds
[2026-01-16T18:35:21.525+0000] {processor.py:157} INFO - Started process (PID=3078) to work on /opt/airflow/dags/dispatcher_pipeline_dag.py
[2026-01-16T18:35:21.527+0000] {processor.py:829} INFO - Processing file /opt/airflow/dags/dispatcher_pipeline_dag.py for tasks to queue
[2026-01-16T18:35:21.530+0000] {logging_mixin.py:151} INFO - [2026-01-16T18:35:21.529+0000] {dagbag.py:539} INFO - Filling up the DagBag from /opt/airflow/dags/dispatcher_pipeline_dag.py
[2026-01-16T18:35:23.000+0000] {processor.py:839} INFO - DAG(s) dict_keys(['distillationDAG']) retrieved from /opt/airflow/dags/dispatcher_pipeline_dag.py
[2026-01-16T18:35:23.084+0000] {logging_mixin.py:151} INFO - [2026-01-16T18:35:23.083+0000] {dag.py:2915} INFO - Sync 1 DAGs
[2026-01-16T18:35:23.142+0000] {logging_mixin.py:151} INFO - [2026-01-16T18:35:23.142+0000] {dag.py:3696} INFO - Setting next_dagrun for distillationDAG to 2026-01-16T18:34:38.141453+00:00, run_after=2026-01-16T18:35:23.141453+00:00
[2026-01-16T18:35:23.186+0000] {processor.py:179} INFO - Processing /opt/airflow/dags/dispatcher_pipeline_dag.py took 1.673 seconds
[2026-01-16T18:35:53.431+0000] {processor.py:157} INFO - Started process (PID=3091) to work on /opt/airflow/dags/dispatcher_pipeline_dag.py
[2026-01-16T18:35:53.434+0000] {processor.py:829} INFO - Processing file /opt/airflow/dags/dispatcher_pipeline_dag.py for tasks to queue
[2026-01-16T18:35:53.436+0000] {logging_mixin.py:151} INFO - [2026-01-16T18:35:53.435+0000] {dagbag.py:539} INFO - Filling up the DagBag from /opt/airflow/dags/dispatcher_pipeline_dag.py
[2026-01-16T18:35:54.939+0000] {processor.py:839} INFO - DAG(s) dict_keys(['distillationDAG']) retrieved from /opt/airflow/dags/dispatcher_pipeline_dag.py
[2026-01-16T18:35:55.023+0000] {logging_mixin.py:151} INFO - [2026-01-16T18:35:55.022+0000] {dag.py:2915} INFO - Sync 1 DAGs
[2026-01-16T18:35:55.083+0000] {logging_mixin.py:151} INFO - [2026-01-16T18:35:55.083+0000] {dag.py:3696} INFO - Setting next_dagrun for distillationDAG to 2026-01-16T18:35:10.082955+00:00, run_after=2026-01-16T18:35:55.082955+00:00
[2026-01-16T18:35:55.124+0000] {processor.py:179} INFO - Processing /opt/airflow/dags/dispatcher_pipeline_dag.py took 1.704 seconds
[2026-01-16T18:36:25.198+0000] {processor.py:157} INFO - Started process (PID=3104) to work on /opt/airflow/dags/dispatcher_pipeline_dag.py
[2026-01-16T18:36:25.201+0000] {processor.py:829} INFO - Processing file /opt/airflow/dags/dispatcher_pipeline_dag.py for tasks to queue
[2026-01-16T18:36:25.204+0000] {logging_mixin.py:151} INFO - [2026-01-16T18:36:25.203+0000] {dagbag.py:539} INFO - Filling up the DagBag from /opt/airflow/dags/dispatcher_pipeline_dag.py
[2026-01-16T18:36:26.688+0000] {processor.py:839} INFO - DAG(s) dict_keys(['distillationDAG']) retrieved from /opt/airflow/dags/dispatcher_pipeline_dag.py
[2026-01-16T18:36:26.773+0000] {logging_mixin.py:151} INFO - [2026-01-16T18:36:26.772+0000] {dag.py:2915} INFO - Sync 1 DAGs
[2026-01-16T18:36:26.834+0000] {logging_mixin.py:151} INFO - [2026-01-16T18:36:26.833+0000] {dag.py:3696} INFO - Setting next_dagrun for distillationDAG to 2026-01-16T18:35:41.833163+00:00, run_after=2026-01-16T18:36:26.833163+00:00
[2026-01-16T18:36:26.875+0000] {processor.py:179} INFO - Processing /opt/airflow/dags/dispatcher_pipeline_dag.py took 1.688 seconds
[2026-01-16T18:36:57.132+0000] {processor.py:157} INFO - Started process (PID=3117) to work on /opt/airflow/dags/dispatcher_pipeline_dag.py
[2026-01-16T18:36:57.134+0000] {processor.py:829} INFO - Processing file /opt/airflow/dags/dispatcher_pipeline_dag.py for tasks to queue
[2026-01-16T18:36:57.137+0000] {logging_mixin.py:151} INFO - [2026-01-16T18:36:57.136+0000] {dagbag.py:539} INFO - Filling up the DagBag from /opt/airflow/dags/dispatcher_pipeline_dag.py
[2026-01-16T18:36:58.599+0000] {processor.py:839} INFO - DAG(s) dict_keys(['distillationDAG']) retrieved from /opt/airflow/dags/dispatcher_pipeline_dag.py
[2026-01-16T18:36:58.685+0000] {logging_mixin.py:151} INFO - [2026-01-16T18:36:58.684+0000] {dag.py:2915} INFO - Sync 1 DAGs
[2026-01-16T18:36:58.744+0000] {logging_mixin.py:151} INFO - [2026-01-16T18:36:58.743+0000] {dag.py:3696} INFO - Setting next_dagrun for distillationDAG to 2026-01-16T18:36:13.742955+00:00, run_after=2026-01-16T18:36:58.742955+00:00
[2026-01-16T18:36:58.784+0000] {processor.py:179} INFO - Processing /opt/airflow/dags/dispatcher_pipeline_dag.py took 1.663 seconds
[2026-01-16T18:37:29.042+0000] {processor.py:157} INFO - Started process (PID=3130) to work on /opt/airflow/dags/dispatcher_pipeline_dag.py
[2026-01-16T18:37:29.044+0000] {processor.py:829} INFO - Processing file /opt/airflow/dags/dispatcher_pipeline_dag.py for tasks to queue
[2026-01-16T18:37:29.047+0000] {logging_mixin.py:151} INFO - [2026-01-16T18:37:29.046+0000] {dagbag.py:539} INFO - Filling up the DagBag from /opt/airflow/dags/dispatcher_pipeline_dag.py
[2026-01-16T18:37:30.503+0000] {processor.py:839} INFO - DAG(s) dict_keys(['distillationDAG']) retrieved from /opt/airflow/dags/dispatcher_pipeline_dag.py
[2026-01-16T18:37:30.589+0000] {logging_mixin.py:151} INFO - [2026-01-16T18:37:30.588+0000] {dag.py:2915} INFO - Sync 1 DAGs
[2026-01-16T18:37:30.646+0000] {logging_mixin.py:151} INFO - [2026-01-16T18:37:30.646+0000] {dag.py:3696} INFO - Setting next_dagrun for distillationDAG to 2026-01-16T18:36:45.645525+00:00, run_after=2026-01-16T18:37:30.645525+00:00
[2026-01-16T18:37:30.687+0000] {processor.py:179} INFO - Processing /opt/airflow/dags/dispatcher_pipeline_dag.py took 1.657 seconds
[2026-01-16T18:38:00.937+0000] {processor.py:157} INFO - Started process (PID=3143) to work on /opt/airflow/dags/dispatcher_pipeline_dag.py
[2026-01-16T18:38:00.940+0000] {processor.py:829} INFO - Processing file /opt/airflow/dags/dispatcher_pipeline_dag.py for tasks to queue
[2026-01-16T18:38:00.942+0000] {logging_mixin.py:151} INFO - [2026-01-16T18:38:00.941+0000] {dagbag.py:539} INFO - Filling up the DagBag from /opt/airflow/dags/dispatcher_pipeline_dag.py
[2026-01-16T18:38:02.424+0000] {processor.py:839} INFO - DAG(s) dict_keys(['distillationDAG']) retrieved from /opt/airflow/dags/dispatcher_pipeline_dag.py
[2026-01-16T18:38:02.509+0000] {logging_mixin.py:151} INFO - [2026-01-16T18:38:02.507+0000] {dag.py:2915} INFO - Sync 1 DAGs
[2026-01-16T18:38:02.566+0000] {logging_mixin.py:151} INFO - [2026-01-16T18:38:02.565+0000] {dag.py:3696} INFO - Setting next_dagrun for distillationDAG to 2026-01-16T18:37:17.565403+00:00, run_after=2026-01-16T18:38:02.565403+00:00
[2026-01-16T18:38:02.610+0000] {processor.py:179} INFO - Processing /opt/airflow/dags/dispatcher_pipeline_dag.py took 1.685 seconds
[2026-01-16T18:38:32.860+0000] {processor.py:157} INFO - Started process (PID=3156) to work on /opt/airflow/dags/dispatcher_pipeline_dag.py
[2026-01-16T18:38:32.863+0000] {processor.py:829} INFO - Processing file /opt/airflow/dags/dispatcher_pipeline_dag.py for tasks to queue
[2026-01-16T18:38:32.866+0000] {logging_mixin.py:151} INFO - [2026-01-16T18:38:32.865+0000] {dagbag.py:539} INFO - Filling up the DagBag from /opt/airflow/dags/dispatcher_pipeline_dag.py
[2026-01-16T18:38:34.343+0000] {processor.py:839} INFO - DAG(s) dict_keys(['distillationDAG']) retrieved from /opt/airflow/dags/dispatcher_pipeline_dag.py
[2026-01-16T18:38:34.426+0000] {logging_mixin.py:151} INFO - [2026-01-16T18:38:34.425+0000] {dag.py:2915} INFO - Sync 1 DAGs
[2026-01-16T18:38:34.483+0000] {logging_mixin.py:151} INFO - [2026-01-16T18:38:34.483+0000] {dag.py:3696} INFO - Setting next_dagrun for distillationDAG to 2026-01-16T18:37:49.482947+00:00, run_after=2026-01-16T18:38:34.482947+00:00
[2026-01-16T18:38:34.526+0000] {processor.py:179} INFO - Processing /opt/airflow/dags/dispatcher_pipeline_dag.py took 1.677 seconds
[2026-01-16T18:39:04.783+0000] {processor.py:157} INFO - Started process (PID=3169) to work on /opt/airflow/dags/dispatcher_pipeline_dag.py
[2026-01-16T18:39:04.786+0000] {processor.py:829} INFO - Processing file /opt/airflow/dags/dispatcher_pipeline_dag.py for tasks to queue
[2026-01-16T18:39:04.788+0000] {logging_mixin.py:151} INFO - [2026-01-16T18:39:04.787+0000] {dagbag.py:539} INFO - Filling up the DagBag from /opt/airflow/dags/dispatcher_pipeline_dag.py
[2026-01-16T18:39:06.286+0000] {processor.py:839} INFO - DAG(s) dict_keys(['distillationDAG']) retrieved from /opt/airflow/dags/dispatcher_pipeline_dag.py
[2026-01-16T18:39:06.371+0000] {logging_mixin.py:151} INFO - [2026-01-16T18:39:06.370+0000] {dag.py:2915} INFO - Sync 1 DAGs
[2026-01-16T18:39:06.432+0000] {logging_mixin.py:151} INFO - [2026-01-16T18:39:06.431+0000] {dag.py:3696} INFO - Setting next_dagrun for distillationDAG to 2026-01-16T18:38:21.431145+00:00, run_after=2026-01-16T18:39:06.431145+00:00
[2026-01-16T18:39:06.474+0000] {processor.py:179} INFO - Processing /opt/airflow/dags/dispatcher_pipeline_dag.py took 1.703 seconds
[2026-01-16T18:39:36.568+0000] {processor.py:157} INFO - Started process (PID=3182) to work on /opt/airflow/dags/dispatcher_pipeline_dag.py
[2026-01-16T18:39:36.570+0000] {processor.py:829} INFO - Processing file /opt/airflow/dags/dispatcher_pipeline_dag.py for tasks to queue
[2026-01-16T18:39:36.573+0000] {logging_mixin.py:151} INFO - [2026-01-16T18:39:36.572+0000] {dagbag.py:539} INFO - Filling up the DagBag from /opt/airflow/dags/dispatcher_pipeline_dag.py
[2026-01-16T18:39:38.051+0000] {processor.py:839} INFO - DAG(s) dict_keys(['distillationDAG']) retrieved from /opt/airflow/dags/dispatcher_pipeline_dag.py
[2026-01-16T18:39:38.137+0000] {logging_mixin.py:151} INFO - [2026-01-16T18:39:38.136+0000] {dag.py:2915} INFO - Sync 1 DAGs
[2026-01-16T18:39:38.195+0000] {logging_mixin.py:151} INFO - [2026-01-16T18:39:38.194+0000] {dag.py:3696} INFO - Setting next_dagrun for distillationDAG to 2026-01-16T18:38:53.194005+00:00, run_after=2026-01-16T18:39:38.194005+00:00
[2026-01-16T18:39:38.235+0000] {processor.py:179} INFO - Processing /opt/airflow/dags/dispatcher_pipeline_dag.py took 1.678 seconds
[2026-01-16T18:40:08.548+0000] {processor.py:157} INFO - Started process (PID=3195) to work on /opt/airflow/dags/dispatcher_pipeline_dag.py
[2026-01-16T18:40:08.551+0000] {processor.py:829} INFO - Processing file /opt/airflow/dags/dispatcher_pipeline_dag.py for tasks to queue
[2026-01-16T18:40:08.554+0000] {logging_mixin.py:151} INFO - [2026-01-16T18:40:08.553+0000] {dagbag.py:539} INFO - Filling up the DagBag from /opt/airflow/dags/dispatcher_pipeline_dag.py
[2026-01-16T18:40:10.041+0000] {processor.py:839} INFO - DAG(s) dict_keys(['distillationDAG']) retrieved from /opt/airflow/dags/dispatcher_pipeline_dag.py
[2026-01-16T18:40:10.127+0000] {logging_mixin.py:151} INFO - [2026-01-16T18:40:10.125+0000] {dag.py:2915} INFO - Sync 1 DAGs
[2026-01-16T18:40:10.185+0000] {logging_mixin.py:151} INFO - [2026-01-16T18:40:10.184+0000] {dag.py:3696} INFO - Setting next_dagrun for distillationDAG to 2026-01-16T18:39:25.184270+00:00, run_after=2026-01-16T18:40:10.184270+00:00
[2026-01-16T18:40:10.226+0000] {processor.py:179} INFO - Processing /opt/airflow/dags/dispatcher_pipeline_dag.py took 1.689 seconds
[2026-01-16T18:40:40.474+0000] {processor.py:157} INFO - Started process (PID=3208) to work on /opt/airflow/dags/dispatcher_pipeline_dag.py
[2026-01-16T18:40:40.476+0000] {processor.py:829} INFO - Processing file /opt/airflow/dags/dispatcher_pipeline_dag.py for tasks to queue
[2026-01-16T18:40:40.479+0000] {logging_mixin.py:151} INFO - [2026-01-16T18:40:40.478+0000] {dagbag.py:539} INFO - Filling up the DagBag from /opt/airflow/dags/dispatcher_pipeline_dag.py
[2026-01-16T18:40:41.966+0000] {processor.py:839} INFO - DAG(s) dict_keys(['distillationDAG']) retrieved from /opt/airflow/dags/dispatcher_pipeline_dag.py
[2026-01-16T18:40:42.050+0000] {logging_mixin.py:151} INFO - [2026-01-16T18:40:42.049+0000] {dag.py:2915} INFO - Sync 1 DAGs
[2026-01-16T18:40:42.111+0000] {logging_mixin.py:151} INFO - [2026-01-16T18:40:42.110+0000] {dag.py:3696} INFO - Setting next_dagrun for distillationDAG to 2026-01-16T18:39:57.110172+00:00, run_after=2026-01-16T18:40:42.110172+00:00
[2026-01-16T18:40:42.151+0000] {processor.py:179} INFO - Processing /opt/airflow/dags/dispatcher_pipeline_dag.py took 1.689 seconds
[2026-01-16T18:41:12.402+0000] {processor.py:157} INFO - Started process (PID=3221) to work on /opt/airflow/dags/dispatcher_pipeline_dag.py
[2026-01-16T18:41:12.405+0000] {processor.py:829} INFO - Processing file /opt/airflow/dags/dispatcher_pipeline_dag.py for tasks to queue
[2026-01-16T18:41:12.407+0000] {logging_mixin.py:151} INFO - [2026-01-16T18:41:12.406+0000] {dagbag.py:539} INFO - Filling up the DagBag from /opt/airflow/dags/dispatcher_pipeline_dag.py
[2026-01-16T18:41:13.896+0000] {processor.py:839} INFO - DAG(s) dict_keys(['distillationDAG']) retrieved from /opt/airflow/dags/dispatcher_pipeline_dag.py
[2026-01-16T18:41:13.980+0000] {logging_mixin.py:151} INFO - [2026-01-16T18:41:13.979+0000] {dag.py:2915} INFO - Sync 1 DAGs
[2026-01-16T18:41:14.041+0000] {logging_mixin.py:151} INFO - [2026-01-16T18:41:14.041+0000] {dag.py:3696} INFO - Setting next_dagrun for distillationDAG to 2026-01-16T18:40:29.040578+00:00, run_after=2026-01-16T18:41:14.040578+00:00
[2026-01-16T18:41:14.081+0000] {processor.py:179} INFO - Processing /opt/airflow/dags/dispatcher_pipeline_dag.py took 1.691 seconds
[2026-01-16T18:41:44.340+0000] {processor.py:157} INFO - Started process (PID=3234) to work on /opt/airflow/dags/dispatcher_pipeline_dag.py
[2026-01-16T18:41:44.342+0000] {processor.py:829} INFO - Processing file /opt/airflow/dags/dispatcher_pipeline_dag.py for tasks to queue
[2026-01-16T18:41:44.345+0000] {logging_mixin.py:151} INFO - [2026-01-16T18:41:44.344+0000] {dagbag.py:539} INFO - Filling up the DagBag from /opt/airflow/dags/dispatcher_pipeline_dag.py
[2026-01-16T18:41:45.820+0000] {processor.py:839} INFO - DAG(s) dict_keys(['distillationDAG']) retrieved from /opt/airflow/dags/dispatcher_pipeline_dag.py
[2026-01-16T18:41:45.906+0000] {logging_mixin.py:151} INFO - [2026-01-16T18:41:45.905+0000] {dag.py:2915} INFO - Sync 1 DAGs
[2026-01-16T18:41:45.964+0000] {logging_mixin.py:151} INFO - [2026-01-16T18:41:45.963+0000] {dag.py:3696} INFO - Setting next_dagrun for distillationDAG to 2026-01-16T18:41:00.963068+00:00, run_after=2026-01-16T18:41:45.963068+00:00
[2026-01-16T18:41:46.004+0000] {processor.py:179} INFO - Processing /opt/airflow/dags/dispatcher_pipeline_dag.py took 1.676 seconds
[2026-01-16T18:42:16.542+0000] {processor.py:157} INFO - Started process (PID=3247) to work on /opt/airflow/dags/dispatcher_pipeline_dag.py
[2026-01-16T18:42:16.545+0000] {processor.py:829} INFO - Processing file /opt/airflow/dags/dispatcher_pipeline_dag.py for tasks to queue
[2026-01-16T18:42:16.547+0000] {logging_mixin.py:151} INFO - [2026-01-16T18:42:16.546+0000] {dagbag.py:539} INFO - Filling up the DagBag from /opt/airflow/dags/dispatcher_pipeline_dag.py
[2026-01-16T18:42:18.036+0000] {processor.py:839} INFO - DAG(s) dict_keys(['distillationDAG']) retrieved from /opt/airflow/dags/dispatcher_pipeline_dag.py
[2026-01-16T18:42:18.119+0000] {logging_mixin.py:151} INFO - [2026-01-16T18:42:18.118+0000] {dag.py:2915} INFO - Sync 1 DAGs
[2026-01-16T18:42:18.177+0000] {logging_mixin.py:151} INFO - [2026-01-16T18:42:18.176+0000] {dag.py:3696} INFO - Setting next_dagrun for distillationDAG to 2026-01-16T18:41:33.176297+00:00, run_after=2026-01-16T18:42:18.176297+00:00
[2026-01-16T18:42:18.218+0000] {processor.py:179} INFO - Processing /opt/airflow/dags/dispatcher_pipeline_dag.py took 1.688 seconds
[2026-01-16T18:42:48.502+0000] {processor.py:157} INFO - Started process (PID=3260) to work on /opt/airflow/dags/dispatcher_pipeline_dag.py
[2026-01-16T18:42:48.505+0000] {processor.py:829} INFO - Processing file /opt/airflow/dags/dispatcher_pipeline_dag.py for tasks to queue
[2026-01-16T18:42:48.509+0000] {logging_mixin.py:151} INFO - [2026-01-16T18:42:48.507+0000] {dagbag.py:539} INFO - Filling up the DagBag from /opt/airflow/dags/dispatcher_pipeline_dag.py
[2026-01-16T18:42:50.843+0000] {processor.py:839} INFO - DAG(s) dict_keys(['distillationDAG']) retrieved from /opt/airflow/dags/dispatcher_pipeline_dag.py
[2026-01-16T18:42:50.981+0000] {logging_mixin.py:151} INFO - [2026-01-16T18:42:50.979+0000] {dag.py:2915} INFO - Sync 1 DAGs
[2026-01-16T18:42:51.080+0000] {logging_mixin.py:151} INFO - [2026-01-16T18:42:51.080+0000] {dag.py:3696} INFO - Setting next_dagrun for distillationDAG to 2026-01-16T18:42:06.079076+00:00, run_after=2026-01-16T18:42:51.079076+00:00
[2026-01-16T18:42:51.147+0000] {processor.py:179} INFO - Processing /opt/airflow/dags/dispatcher_pipeline_dag.py took 2.664 seconds
[2026-01-16T18:43:21.333+0000] {processor.py:157} INFO - Started process (PID=3273) to work on /opt/airflow/dags/dispatcher_pipeline_dag.py
[2026-01-16T18:43:21.336+0000] {processor.py:829} INFO - Processing file /opt/airflow/dags/dispatcher_pipeline_dag.py for tasks to queue
[2026-01-16T18:43:21.338+0000] {logging_mixin.py:151} INFO - [2026-01-16T18:43:21.337+0000] {dagbag.py:539} INFO - Filling up the DagBag from /opt/airflow/dags/dispatcher_pipeline_dag.py
[2026-01-16T18:43:22.824+0000] {processor.py:839} INFO - DAG(s) dict_keys(['distillationDAG']) retrieved from /opt/airflow/dags/dispatcher_pipeline_dag.py
[2026-01-16T18:43:22.909+0000] {logging_mixin.py:151} INFO - [2026-01-16T18:43:22.908+0000] {dag.py:2915} INFO - Sync 1 DAGs
[2026-01-16T18:43:22.970+0000] {logging_mixin.py:151} INFO - [2026-01-16T18:43:22.969+0000] {dag.py:3696} INFO - Setting next_dagrun for distillationDAG to 2026-01-16T18:42:37.968965+00:00, run_after=2026-01-16T18:43:22.968965+00:00
[2026-01-16T18:43:23.010+0000] {processor.py:179} INFO - Processing /opt/airflow/dags/dispatcher_pipeline_dag.py took 1.689 seconds
[2026-01-16T18:43:53.279+0000] {processor.py:157} INFO - Started process (PID=3286) to work on /opt/airflow/dags/dispatcher_pipeline_dag.py
[2026-01-16T18:43:53.282+0000] {processor.py:829} INFO - Processing file /opt/airflow/dags/dispatcher_pipeline_dag.py for tasks to queue
[2026-01-16T18:43:53.284+0000] {logging_mixin.py:151} INFO - [2026-01-16T18:43:53.283+0000] {dagbag.py:539} INFO - Filling up the DagBag from /opt/airflow/dags/dispatcher_pipeline_dag.py
[2026-01-16T18:43:54.765+0000] {processor.py:839} INFO - DAG(s) dict_keys(['distillationDAG']) retrieved from /opt/airflow/dags/dispatcher_pipeline_dag.py
[2026-01-16T18:43:54.854+0000] {logging_mixin.py:151} INFO - [2026-01-16T18:43:54.853+0000] {dag.py:2915} INFO - Sync 1 DAGs
[2026-01-16T18:43:54.912+0000] {logging_mixin.py:151} INFO - [2026-01-16T18:43:54.912+0000] {dag.py:3696} INFO - Setting next_dagrun for distillationDAG to 2026-01-16T18:43:09.911734+00:00, run_after=2026-01-16T18:43:54.911734+00:00
[2026-01-16T18:43:54.953+0000] {processor.py:179} INFO - Processing /opt/airflow/dags/dispatcher_pipeline_dag.py took 1.686 seconds
[2026-01-16T18:44:25.238+0000] {processor.py:157} INFO - Started process (PID=3302) to work on /opt/airflow/dags/dispatcher_pipeline_dag.py
[2026-01-16T18:44:25.244+0000] {processor.py:829} INFO - Processing file /opt/airflow/dags/dispatcher_pipeline_dag.py for tasks to queue
[2026-01-16T18:44:25.247+0000] {logging_mixin.py:151} INFO - [2026-01-16T18:44:25.246+0000] {dagbag.py:539} INFO - Filling up the DagBag from /opt/airflow/dags/dispatcher_pipeline_dag.py
[2026-01-16T18:44:27.045+0000] {processor.py:839} INFO - DAG(s) dict_keys(['distillationDAG']) retrieved from /opt/airflow/dags/dispatcher_pipeline_dag.py
[2026-01-16T18:44:27.149+0000] {logging_mixin.py:151} INFO - [2026-01-16T18:44:27.148+0000] {dag.py:2915} INFO - Sync 1 DAGs
[2026-01-16T18:44:27.211+0000] {logging_mixin.py:151} INFO - [2026-01-16T18:44:27.210+0000] {dag.py:3696} INFO - Setting next_dagrun for distillationDAG to 2026-01-16T18:43:42.210378+00:00, run_after=2026-01-16T18:44:27.210378+00:00
[2026-01-16T18:44:27.252+0000] {processor.py:179} INFO - Processing /opt/airflow/dags/dispatcher_pipeline_dag.py took 2.025 seconds
[2026-01-16T18:44:57.405+0000] {processor.py:157} INFO - Started process (PID=3319) to work on /opt/airflow/dags/dispatcher_pipeline_dag.py
[2026-01-16T18:44:57.408+0000] {processor.py:829} INFO - Processing file /opt/airflow/dags/dispatcher_pipeline_dag.py for tasks to queue
[2026-01-16T18:44:57.410+0000] {logging_mixin.py:151} INFO - [2026-01-16T18:44:57.409+0000] {dagbag.py:539} INFO - Filling up the DagBag from /opt/airflow/dags/dispatcher_pipeline_dag.py
[2026-01-16T18:44:58.942+0000] {processor.py:839} INFO - DAG(s) dict_keys(['distillationDAG']) retrieved from /opt/airflow/dags/dispatcher_pipeline_dag.py
[2026-01-16T18:44:59.047+0000] {logging_mixin.py:151} INFO - [2026-01-16T18:44:59.046+0000] {dag.py:2915} INFO - Sync 1 DAGs
[2026-01-16T18:44:59.105+0000] {logging_mixin.py:151} INFO - [2026-01-16T18:44:59.105+0000] {dag.py:3696} INFO - Setting next_dagrun for distillationDAG to 2026-01-16T18:44:14.104916+00:00, run_after=2026-01-16T18:44:59.104916+00:00
[2026-01-16T18:44:59.149+0000] {processor.py:179} INFO - Processing /opt/airflow/dags/dispatcher_pipeline_dag.py took 1.755 seconds
[2026-01-16T18:45:29.403+0000] {processor.py:157} INFO - Started process (PID=3332) to work on /opt/airflow/dags/dispatcher_pipeline_dag.py
[2026-01-16T18:45:29.405+0000] {processor.py:829} INFO - Processing file /opt/airflow/dags/dispatcher_pipeline_dag.py for tasks to queue
[2026-01-16T18:45:29.407+0000] {logging_mixin.py:151} INFO - [2026-01-16T18:45:29.406+0000] {dagbag.py:539} INFO - Filling up the DagBag from /opt/airflow/dags/dispatcher_pipeline_dag.py
[2026-01-16T18:45:30.894+0000] {processor.py:839} INFO - DAG(s) dict_keys(['distillationDAG']) retrieved from /opt/airflow/dags/dispatcher_pipeline_dag.py
[2026-01-16T18:45:30.979+0000] {logging_mixin.py:151} INFO - [2026-01-16T18:45:30.977+0000] {dag.py:2915} INFO - Sync 1 DAGs
[2026-01-16T18:45:31.040+0000] {logging_mixin.py:151} INFO - [2026-01-16T18:45:31.040+0000] {dag.py:3696} INFO - Setting next_dagrun for distillationDAG to 2026-01-16T18:44:46.039632+00:00, run_after=2026-01-16T18:45:31.039632+00:00
[2026-01-16T18:45:31.082+0000] {processor.py:179} INFO - Processing /opt/airflow/dags/dispatcher_pipeline_dag.py took 1.690 seconds
[2026-01-16T18:46:01.337+0000] {processor.py:157} INFO - Started process (PID=3345) to work on /opt/airflow/dags/dispatcher_pipeline_dag.py
[2026-01-16T18:46:01.340+0000] {processor.py:829} INFO - Processing file /opt/airflow/dags/dispatcher_pipeline_dag.py for tasks to queue
[2026-01-16T18:46:01.342+0000] {logging_mixin.py:151} INFO - [2026-01-16T18:46:01.341+0000] {dagbag.py:539} INFO - Filling up the DagBag from /opt/airflow/dags/dispatcher_pipeline_dag.py
[2026-01-16T18:46:02.790+0000] {processor.py:839} INFO - DAG(s) dict_keys(['distillationDAG']) retrieved from /opt/airflow/dags/dispatcher_pipeline_dag.py
[2026-01-16T18:46:02.874+0000] {logging_mixin.py:151} INFO - [2026-01-16T18:46:02.873+0000] {dag.py:2915} INFO - Sync 1 DAGs
[2026-01-16T18:46:02.934+0000] {logging_mixin.py:151} INFO - [2026-01-16T18:46:02.933+0000] {dag.py:3696} INFO - Setting next_dagrun for distillationDAG to 2026-01-16T18:45:17.933123+00:00, run_after=2026-01-16T18:46:02.933123+00:00
[2026-01-16T18:46:02.975+0000] {processor.py:179} INFO - Processing /opt/airflow/dags/dispatcher_pipeline_dag.py took 1.648 seconds
[2026-01-16T18:46:33.222+0000] {processor.py:157} INFO - Started process (PID=3358) to work on /opt/airflow/dags/dispatcher_pipeline_dag.py
[2026-01-16T18:46:33.225+0000] {processor.py:829} INFO - Processing file /opt/airflow/dags/dispatcher_pipeline_dag.py for tasks to queue
[2026-01-16T18:46:33.228+0000] {logging_mixin.py:151} INFO - [2026-01-16T18:46:33.227+0000] {dagbag.py:539} INFO - Filling up the DagBag from /opt/airflow/dags/dispatcher_pipeline_dag.py
[2026-01-16T18:46:34.670+0000] {processor.py:839} INFO - DAG(s) dict_keys(['distillationDAG']) retrieved from /opt/airflow/dags/dispatcher_pipeline_dag.py
[2026-01-16T18:46:34.756+0000] {logging_mixin.py:151} INFO - [2026-01-16T18:46:34.755+0000] {dag.py:2915} INFO - Sync 1 DAGs
[2026-01-16T18:46:34.813+0000] {logging_mixin.py:151} INFO - [2026-01-16T18:46:34.813+0000] {dag.py:3696} INFO - Setting next_dagrun for distillationDAG to 2026-01-16T18:45:49.812938+00:00, run_after=2026-01-16T18:46:34.812938+00:00
[2026-01-16T18:46:34.855+0000] {processor.py:179} INFO - Processing /opt/airflow/dags/dispatcher_pipeline_dag.py took 1.643 seconds
[2026-01-16T18:47:05.105+0000] {processor.py:157} INFO - Started process (PID=3371) to work on /opt/airflow/dags/dispatcher_pipeline_dag.py
[2026-01-16T18:47:05.107+0000] {processor.py:829} INFO - Processing file /opt/airflow/dags/dispatcher_pipeline_dag.py for tasks to queue
[2026-01-16T18:47:05.109+0000] {logging_mixin.py:151} INFO - [2026-01-16T18:47:05.108+0000] {dagbag.py:539} INFO - Filling up the DagBag from /opt/airflow/dags/dispatcher_pipeline_dag.py
[2026-01-16T18:47:06.560+0000] {processor.py:839} INFO - DAG(s) dict_keys(['distillationDAG']) retrieved from /opt/airflow/dags/dispatcher_pipeline_dag.py
[2026-01-16T18:47:06.646+0000] {logging_mixin.py:151} INFO - [2026-01-16T18:47:06.645+0000] {dag.py:2915} INFO - Sync 1 DAGs
[2026-01-16T18:47:06.704+0000] {logging_mixin.py:151} INFO - [2026-01-16T18:47:06.703+0000] {dag.py:3696} INFO - Setting next_dagrun for distillationDAG to 2026-01-16T18:46:21.703045+00:00, run_after=2026-01-16T18:47:06.703045+00:00
[2026-01-16T18:47:06.745+0000] {processor.py:179} INFO - Processing /opt/airflow/dags/dispatcher_pipeline_dag.py took 1.652 seconds
[2026-01-16T18:47:36.950+0000] {processor.py:157} INFO - Started process (PID=3384) to work on /opt/airflow/dags/dispatcher_pipeline_dag.py
[2026-01-16T18:47:36.953+0000] {processor.py:829} INFO - Processing file /opt/airflow/dags/dispatcher_pipeline_dag.py for tasks to queue
[2026-01-16T18:47:36.956+0000] {logging_mixin.py:151} INFO - [2026-01-16T18:47:36.955+0000] {dagbag.py:539} INFO - Filling up the DagBag from /opt/airflow/dags/dispatcher_pipeline_dag.py
[2026-01-16T18:47:38.541+0000] {processor.py:839} INFO - DAG(s) dict_keys(['distillationDAG']) retrieved from /opt/airflow/dags/dispatcher_pipeline_dag.py
[2026-01-16T18:47:38.638+0000] {logging_mixin.py:151} INFO - [2026-01-16T18:47:38.637+0000] {dag.py:2915} INFO - Sync 1 DAGs
[2026-01-16T18:47:38.706+0000] {logging_mixin.py:151} INFO - [2026-01-16T18:47:38.706+0000] {dag.py:3696} INFO - Setting next_dagrun for distillationDAG to 2026-01-16T18:46:53.705503+00:00, run_after=2026-01-16T18:47:38.705503+00:00
[2026-01-16T18:47:38.754+0000] {processor.py:179} INFO - Processing /opt/airflow/dags/dispatcher_pipeline_dag.py took 1.817 seconds
[2026-01-16T18:48:08.871+0000] {processor.py:157} INFO - Started process (PID=3397) to work on /opt/airflow/dags/dispatcher_pipeline_dag.py
[2026-01-16T18:48:08.873+0000] {processor.py:829} INFO - Processing file /opt/airflow/dags/dispatcher_pipeline_dag.py for tasks to queue
[2026-01-16T18:48:08.876+0000] {logging_mixin.py:151} INFO - [2026-01-16T18:48:08.875+0000] {dagbag.py:539} INFO - Filling up the DagBag from /opt/airflow/dags/dispatcher_pipeline_dag.py
[2026-01-16T18:48:10.360+0000] {processor.py:839} INFO - DAG(s) dict_keys(['distillationDAG']) retrieved from /opt/airflow/dags/dispatcher_pipeline_dag.py
[2026-01-16T18:48:10.446+0000] {logging_mixin.py:151} INFO - [2026-01-16T18:48:10.444+0000] {dag.py:2915} INFO - Sync 1 DAGs
[2026-01-16T18:48:10.503+0000] {logging_mixin.py:151} INFO - [2026-01-16T18:48:10.503+0000] {dag.py:3696} INFO - Setting next_dagrun for distillationDAG to 2026-01-16T18:47:25.502836+00:00, run_after=2026-01-16T18:48:10.502836+00:00
[2026-01-16T18:48:10.548+0000] {processor.py:179} INFO - Processing /opt/airflow/dags/dispatcher_pipeline_dag.py took 1.690 seconds
[2026-01-16T18:48:40.746+0000] {processor.py:157} INFO - Started process (PID=3410) to work on /opt/airflow/dags/dispatcher_pipeline_dag.py
[2026-01-16T18:48:40.748+0000] {processor.py:829} INFO - Processing file /opt/airflow/dags/dispatcher_pipeline_dag.py for tasks to queue
[2026-01-16T18:48:40.750+0000] {logging_mixin.py:151} INFO - [2026-01-16T18:48:40.749+0000] {dagbag.py:539} INFO - Filling up the DagBag from /opt/airflow/dags/dispatcher_pipeline_dag.py
[2026-01-16T18:48:42.219+0000] {processor.py:839} INFO - DAG(s) dict_keys(['distillationDAG']) retrieved from /opt/airflow/dags/dispatcher_pipeline_dag.py
[2026-01-16T18:48:42.303+0000] {logging_mixin.py:151} INFO - [2026-01-16T18:48:42.302+0000] {dag.py:2915} INFO - Sync 1 DAGs
[2026-01-16T18:48:42.364+0000] {logging_mixin.py:151} INFO - [2026-01-16T18:48:42.364+0000] {dag.py:3696} INFO - Setting next_dagrun for distillationDAG to 2026-01-16T18:47:57.363654+00:00, run_after=2026-01-16T18:48:42.363654+00:00
[2026-01-16T18:48:42.405+0000] {processor.py:179} INFO - Processing /opt/airflow/dags/dispatcher_pipeline_dag.py took 1.669 seconds
