[2026-03-17T07:24:09.651+0000] {processor.py:157} INFO - Started process (PID=1291) to work on /opt/airflow/dags/ingest_local_folder_dag.py
[2026-03-17T07:24:09.659+0000] {processor.py:829} INFO - Processing file /opt/airflow/dags/ingest_local_folder_dag.py for tasks to queue
[2026-03-17T07:24:09.667+0000] {logging_mixin.py:151} INFO - [2026-03-17T07:24:09.660+0000] {dagbag.py:539} INFO - Filling up the DagBag from /opt/airflow/dags/ingest_local_folder_dag.py
[2026-03-17T07:24:10.646+0000] {processor.py:839} INFO - DAG(s) dict_keys(['ingestionDAG']) retrieved from /opt/airflow/dags/ingest_local_folder_dag.py
[2026-03-17T07:24:10.728+0000] {logging_mixin.py:151} INFO - [2026-03-17T07:24:10.728+0000] {dag.py:2915} INFO - Sync 1 DAGs
[2026-03-17T07:24:10.780+0000] {logging_mixin.py:151} INFO - [2026-03-17T07:24:10.779+0000] {dag.py:3696} INFO - Setting next_dagrun for ingestionDAG to 2026-03-17T07:23:40.779280+00:00, run_after=2026-03-17T07:24:10.779280+00:00
[2026-03-17T07:24:10.819+0000] {processor.py:179} INFO - Processing /opt/airflow/dags/ingest_local_folder_dag.py took 1.199 seconds
[2026-03-17T07:24:41.311+0000] {processor.py:157} INFO - Started process (PID=1309) to work on /opt/airflow/dags/ingest_local_folder_dag.py
[2026-03-17T07:24:41.313+0000] {processor.py:829} INFO - Processing file /opt/airflow/dags/ingest_local_folder_dag.py for tasks to queue
[2026-03-17T07:24:41.316+0000] {logging_mixin.py:151} INFO - [2026-03-17T07:24:41.314+0000] {dagbag.py:539} INFO - Filling up the DagBag from /opt/airflow/dags/ingest_local_folder_dag.py
[2026-03-17T07:24:42.214+0000] {processor.py:839} INFO - DAG(s) dict_keys(['ingestionDAG']) retrieved from /opt/airflow/dags/ingest_local_folder_dag.py
[2026-03-17T07:24:42.299+0000] {logging_mixin.py:151} INFO - [2026-03-17T07:24:42.299+0000] {dag.py:2915} INFO - Sync 1 DAGs
[2026-03-17T07:24:42.352+0000] {logging_mixin.py:151} INFO - [2026-03-17T07:24:42.351+0000] {dag.py:3696} INFO - Setting next_dagrun for ingestionDAG to 2026-03-17T07:24:12.351146+00:00, run_after=2026-03-17T07:24:42.351146+00:00
[2026-03-17T07:24:42.391+0000] {processor.py:179} INFO - Processing /opt/airflow/dags/ingest_local_folder_dag.py took 1.091 seconds
[2026-03-17T07:25:12.643+0000] {processor.py:157} INFO - Started process (PID=1324) to work on /opt/airflow/dags/ingest_local_folder_dag.py
[2026-03-17T07:25:12.646+0000] {processor.py:829} INFO - Processing file /opt/airflow/dags/ingest_local_folder_dag.py for tasks to queue
[2026-03-17T07:25:12.648+0000] {logging_mixin.py:151} INFO - [2026-03-17T07:25:12.647+0000] {dagbag.py:539} INFO - Filling up the DagBag from /opt/airflow/dags/ingest_local_folder_dag.py
[2026-03-17T07:25:13.571+0000] {processor.py:839} INFO - DAG(s) dict_keys(['ingestionDAG']) retrieved from /opt/airflow/dags/ingest_local_folder_dag.py
[2026-03-17T07:25:13.647+0000] {logging_mixin.py:151} INFO - [2026-03-17T07:25:13.647+0000] {dag.py:2915} INFO - Sync 1 DAGs
[2026-03-17T07:25:13.699+0000] {logging_mixin.py:151} INFO - [2026-03-17T07:25:13.699+0000] {dag.py:3696} INFO - Setting next_dagrun for ingestionDAG to 2026-03-17T07:24:43.698619+00:00, run_after=2026-03-17T07:25:13.698619+00:00
[2026-03-17T07:25:13.741+0000] {processor.py:179} INFO - Processing /opt/airflow/dags/ingest_local_folder_dag.py took 1.109 seconds
[2026-03-17T07:25:44.017+0000] {processor.py:157} INFO - Started process (PID=1342) to work on /opt/airflow/dags/ingest_local_folder_dag.py
[2026-03-17T07:25:44.020+0000] {processor.py:829} INFO - Processing file /opt/airflow/dags/ingest_local_folder_dag.py for tasks to queue
[2026-03-17T07:25:44.022+0000] {logging_mixin.py:151} INFO - [2026-03-17T07:25:44.021+0000] {dagbag.py:539} INFO - Filling up the DagBag from /opt/airflow/dags/ingest_local_folder_dag.py
[2026-03-17T07:25:44.939+0000] {processor.py:839} INFO - DAG(s) dict_keys(['ingestionDAG']) retrieved from /opt/airflow/dags/ingest_local_folder_dag.py
[2026-03-17T07:25:45.015+0000] {logging_mixin.py:151} INFO - [2026-03-17T07:25:45.014+0000] {dag.py:2915} INFO - Sync 1 DAGs
[2026-03-17T07:25:45.068+0000] {logging_mixin.py:151} INFO - [2026-03-17T07:25:45.068+0000] {dag.py:3696} INFO - Setting next_dagrun for ingestionDAG to 2026-03-17T07:25:15.068030+00:00, run_after=2026-03-17T07:25:45.068030+00:00
[2026-03-17T07:25:45.106+0000] {processor.py:179} INFO - Processing /opt/airflow/dags/ingest_local_folder_dag.py took 1.100 seconds
[2026-03-17T07:26:15.381+0000] {processor.py:157} INFO - Started process (PID=1360) to work on /opt/airflow/dags/ingest_local_folder_dag.py
[2026-03-17T07:26:15.383+0000] {processor.py:829} INFO - Processing file /opt/airflow/dags/ingest_local_folder_dag.py for tasks to queue
[2026-03-17T07:26:15.386+0000] {logging_mixin.py:151} INFO - [2026-03-17T07:26:15.384+0000] {dagbag.py:539} INFO - Filling up the DagBag from /opt/airflow/dags/ingest_local_folder_dag.py
[2026-03-17T07:26:15.968+0000] {processor.py:839} INFO - DAG(s) dict_keys(['ingestionDAG']) retrieved from /opt/airflow/dags/ingest_local_folder_dag.py
[2026-03-17T07:26:16.359+0000] {logging_mixin.py:151} INFO - [2026-03-17T07:26:16.359+0000] {dag.py:2915} INFO - Sync 1 DAGs
[2026-03-17T07:26:16.412+0000] {logging_mixin.py:151} INFO - [2026-03-17T07:26:16.412+0000] {dag.py:3696} INFO - Setting next_dagrun for ingestionDAG to 2026-03-17T07:25:46.411915+00:00, run_after=2026-03-17T07:26:16.411915+00:00
[2026-03-17T07:26:16.450+0000] {processor.py:179} INFO - Processing /opt/airflow/dags/ingest_local_folder_dag.py took 1.080 seconds
[2026-03-17T07:26:46.725+0000] {processor.py:157} INFO - Started process (PID=1378) to work on /opt/airflow/dags/ingest_local_folder_dag.py
[2026-03-17T07:26:46.727+0000] {processor.py:829} INFO - Processing file /opt/airflow/dags/ingest_local_folder_dag.py for tasks to queue
[2026-03-17T07:26:46.730+0000] {logging_mixin.py:151} INFO - [2026-03-17T07:26:46.728+0000] {dagbag.py:539} INFO - Filling up the DagBag from /opt/airflow/dags/ingest_local_folder_dag.py
[2026-03-17T07:26:47.644+0000] {processor.py:839} INFO - DAG(s) dict_keys(['ingestionDAG']) retrieved from /opt/airflow/dags/ingest_local_folder_dag.py
[2026-03-17T07:26:47.722+0000] {logging_mixin.py:151} INFO - [2026-03-17T07:26:47.722+0000] {dag.py:2915} INFO - Sync 1 DAGs
[2026-03-17T07:26:47.773+0000] {logging_mixin.py:151} INFO - [2026-03-17T07:26:47.773+0000] {dag.py:3696} INFO - Setting next_dagrun for ingestionDAG to 2026-03-17T07:26:17.772761+00:00, run_after=2026-03-17T07:26:47.772761+00:00
[2026-03-17T07:26:47.811+0000] {processor.py:179} INFO - Processing /opt/airflow/dags/ingest_local_folder_dag.py took 1.097 seconds
[2026-03-17T07:27:18.085+0000] {processor.py:157} INFO - Started process (PID=1396) to work on /opt/airflow/dags/ingest_local_folder_dag.py
[2026-03-17T07:27:18.087+0000] {processor.py:829} INFO - Processing file /opt/airflow/dags/ingest_local_folder_dag.py for tasks to queue
[2026-03-17T07:27:18.090+0000] {logging_mixin.py:151} INFO - [2026-03-17T07:27:18.088+0000] {dagbag.py:539} INFO - Filling up the DagBag from /opt/airflow/dags/ingest_local_folder_dag.py
[2026-03-17T07:27:18.998+0000] {processor.py:839} INFO - DAG(s) dict_keys(['ingestionDAG']) retrieved from /opt/airflow/dags/ingest_local_folder_dag.py
[2026-03-17T07:27:19.074+0000] {logging_mixin.py:151} INFO - [2026-03-17T07:27:19.073+0000] {dag.py:2915} INFO - Sync 1 DAGs
[2026-03-17T07:27:19.124+0000] {logging_mixin.py:151} INFO - [2026-03-17T07:27:19.124+0000] {dag.py:3696} INFO - Setting next_dagrun for ingestionDAG to 2026-03-17T07:26:49.124108+00:00, run_after=2026-03-17T07:27:19.124108+00:00
[2026-03-17T07:27:19.167+0000] {processor.py:179} INFO - Processing /opt/airflow/dags/ingest_local_folder_dag.py took 1.093 seconds
[2026-03-17T07:27:49.440+0000] {processor.py:157} INFO - Started process (PID=1414) to work on /opt/airflow/dags/ingest_local_folder_dag.py
[2026-03-17T07:27:49.442+0000] {processor.py:829} INFO - Processing file /opt/airflow/dags/ingest_local_folder_dag.py for tasks to queue
[2026-03-17T07:27:49.444+0000] {logging_mixin.py:151} INFO - [2026-03-17T07:27:49.443+0000] {dagbag.py:539} INFO - Filling up the DagBag from /opt/airflow/dags/ingest_local_folder_dag.py
[2026-03-17T07:27:50.336+0000] {processor.py:839} INFO - DAG(s) dict_keys(['ingestionDAG']) retrieved from /opt/airflow/dags/ingest_local_folder_dag.py
[2026-03-17T07:27:50.412+0000] {logging_mixin.py:151} INFO - [2026-03-17T07:27:50.411+0000] {dag.py:2915} INFO - Sync 1 DAGs
[2026-03-17T07:27:50.465+0000] {logging_mixin.py:151} INFO - [2026-03-17T07:27:50.465+0000] {dag.py:3696} INFO - Setting next_dagrun for ingestionDAG to 2026-03-17T07:27:20.465100+00:00, run_after=2026-03-17T07:27:50.465100+00:00
[2026-03-17T07:27:50.504+0000] {processor.py:179} INFO - Processing /opt/airflow/dags/ingest_local_folder_dag.py took 1.075 seconds
[2026-03-17T07:28:20.778+0000] {processor.py:157} INFO - Started process (PID=1432) to work on /opt/airflow/dags/ingest_local_folder_dag.py
[2026-03-17T07:28:20.780+0000] {processor.py:829} INFO - Processing file /opt/airflow/dags/ingest_local_folder_dag.py for tasks to queue
[2026-03-17T07:28:20.783+0000] {logging_mixin.py:151} INFO - [2026-03-17T07:28:20.781+0000] {dagbag.py:539} INFO - Filling up the DagBag from /opt/airflow/dags/ingest_local_folder_dag.py
[2026-03-17T07:28:21.355+0000] {processor.py:839} INFO - DAG(s) dict_keys(['ingestionDAG']) retrieved from /opt/airflow/dags/ingest_local_folder_dag.py
[2026-03-17T07:28:21.763+0000] {logging_mixin.py:151} INFO - [2026-03-17T07:28:21.763+0000] {dag.py:2915} INFO - Sync 1 DAGs
[2026-03-17T07:28:21.816+0000] {logging_mixin.py:151} INFO - [2026-03-17T07:28:21.816+0000] {dag.py:3696} INFO - Setting next_dagrun for ingestionDAG to 2026-03-17T07:27:51.816111+00:00, run_after=2026-03-17T07:28:21.816111+00:00
[2026-03-17T07:28:21.854+0000] {processor.py:179} INFO - Processing /opt/airflow/dags/ingest_local_folder_dag.py took 1.087 seconds
[2026-03-17T07:28:52.132+0000] {processor.py:157} INFO - Started process (PID=1450) to work on /opt/airflow/dags/ingest_local_folder_dag.py
[2026-03-17T07:28:52.134+0000] {processor.py:829} INFO - Processing file /opt/airflow/dags/ingest_local_folder_dag.py for tasks to queue
[2026-03-17T07:28:52.137+0000] {logging_mixin.py:151} INFO - [2026-03-17T07:28:52.136+0000] {dagbag.py:539} INFO - Filling up the DagBag from /opt/airflow/dags/ingest_local_folder_dag.py
[2026-03-17T07:28:53.051+0000] {processor.py:839} INFO - DAG(s) dict_keys(['ingestionDAG']) retrieved from /opt/airflow/dags/ingest_local_folder_dag.py
[2026-03-17T07:28:53.132+0000] {logging_mixin.py:151} INFO - [2026-03-17T07:28:53.131+0000] {dag.py:2915} INFO - Sync 1 DAGs
[2026-03-17T07:28:53.183+0000] {logging_mixin.py:151} INFO - [2026-03-17T07:28:53.183+0000] {dag.py:3696} INFO - Setting next_dagrun for ingestionDAG to 2026-03-17T07:28:23.183022+00:00, run_after=2026-03-17T07:28:53.183022+00:00
[2026-03-17T07:28:53.223+0000] {processor.py:179} INFO - Processing /opt/airflow/dags/ingest_local_folder_dag.py took 1.102 seconds
[2026-03-17T07:29:23.420+0000] {processor.py:157} INFO - Started process (PID=1468) to work on /opt/airflow/dags/ingest_local_folder_dag.py
[2026-03-17T07:29:23.423+0000] {processor.py:829} INFO - Processing file /opt/airflow/dags/ingest_local_folder_dag.py for tasks to queue
[2026-03-17T07:29:23.425+0000] {logging_mixin.py:151} INFO - [2026-03-17T07:29:23.424+0000] {dagbag.py:539} INFO - Filling up the DagBag from /opt/airflow/dags/ingest_local_folder_dag.py
[2026-03-17T07:29:24.326+0000] {processor.py:839} INFO - DAG(s) dict_keys(['ingestionDAG']) retrieved from /opt/airflow/dags/ingest_local_folder_dag.py
[2026-03-17T07:29:24.401+0000] {logging_mixin.py:151} INFO - [2026-03-17T07:29:24.401+0000] {dag.py:2915} INFO - Sync 1 DAGs
[2026-03-17T07:29:24.455+0000] {logging_mixin.py:151} INFO - [2026-03-17T07:29:24.454+0000] {dag.py:3696} INFO - Setting next_dagrun for ingestionDAG to 2026-03-17T07:28:54.454442+00:00, run_after=2026-03-17T07:29:24.454442+00:00
[2026-03-17T07:29:24.494+0000] {processor.py:179} INFO - Processing /opt/airflow/dags/ingest_local_folder_dag.py took 1.085 seconds
[2026-03-17T07:29:54.770+0000] {processor.py:157} INFO - Started process (PID=1486) to work on /opt/airflow/dags/ingest_local_folder_dag.py
[2026-03-17T07:29:54.772+0000] {processor.py:829} INFO - Processing file /opt/airflow/dags/ingest_local_folder_dag.py for tasks to queue
[2026-03-17T07:29:54.775+0000] {logging_mixin.py:151} INFO - [2026-03-17T07:29:54.774+0000] {dagbag.py:539} INFO - Filling up the DagBag from /opt/airflow/dags/ingest_local_folder_dag.py
[2026-03-17T07:29:55.686+0000] {processor.py:839} INFO - DAG(s) dict_keys(['ingestionDAG']) retrieved from /opt/airflow/dags/ingest_local_folder_dag.py
[2026-03-17T07:29:55.761+0000] {logging_mixin.py:151} INFO - [2026-03-17T07:29:55.761+0000] {dag.py:2915} INFO - Sync 1 DAGs
[2026-03-17T07:29:55.813+0000] {logging_mixin.py:151} INFO - [2026-03-17T07:29:55.813+0000] {dag.py:3696} INFO - Setting next_dagrun for ingestionDAG to 2026-03-17T07:29:25.813057+00:00, run_after=2026-03-17T07:29:55.813057+00:00
[2026-03-17T07:29:55.852+0000] {processor.py:179} INFO - Processing /opt/airflow/dags/ingest_local_folder_dag.py took 1.092 seconds
[2026-03-17T07:30:26.122+0000] {processor.py:157} INFO - Started process (PID=1504) to work on /opt/airflow/dags/ingest_local_folder_dag.py
[2026-03-17T07:30:26.125+0000] {processor.py:829} INFO - Processing file /opt/airflow/dags/ingest_local_folder_dag.py for tasks to queue
[2026-03-17T07:30:26.127+0000] {logging_mixin.py:151} INFO - [2026-03-17T07:30:26.126+0000] {dagbag.py:539} INFO - Filling up the DagBag from /opt/airflow/dags/ingest_local_folder_dag.py
[2026-03-17T07:30:26.708+0000] {processor.py:839} INFO - DAG(s) dict_keys(['ingestionDAG']) retrieved from /opt/airflow/dags/ingest_local_folder_dag.py
[2026-03-17T07:30:27.098+0000] {logging_mixin.py:151} INFO - [2026-03-17T07:30:27.098+0000] {dag.py:2915} INFO - Sync 1 DAGs
[2026-03-17T07:30:27.150+0000] {logging_mixin.py:151} INFO - [2026-03-17T07:30:27.150+0000] {dag.py:3696} INFO - Setting next_dagrun for ingestionDAG to 2026-03-17T07:29:57.149922+00:00, run_after=2026-03-17T07:30:27.149922+00:00
[2026-03-17T07:30:27.189+0000] {processor.py:179} INFO - Processing /opt/airflow/dags/ingest_local_folder_dag.py took 1.077 seconds
[2026-03-17T07:30:57.460+0000] {processor.py:157} INFO - Started process (PID=1522) to work on /opt/airflow/dags/ingest_local_folder_dag.py
[2026-03-17T07:30:57.462+0000] {processor.py:829} INFO - Processing file /opt/airflow/dags/ingest_local_folder_dag.py for tasks to queue
[2026-03-17T07:30:57.465+0000] {logging_mixin.py:151} INFO - [2026-03-17T07:30:57.464+0000] {dagbag.py:539} INFO - Filling up the DagBag from /opt/airflow/dags/ingest_local_folder_dag.py
[2026-03-17T07:30:58.371+0000] {processor.py:839} INFO - DAG(s) dict_keys(['ingestionDAG']) retrieved from /opt/airflow/dags/ingest_local_folder_dag.py
[2026-03-17T07:30:58.446+0000] {logging_mixin.py:151} INFO - [2026-03-17T07:30:58.446+0000] {dag.py:2915} INFO - Sync 1 DAGs
[2026-03-17T07:30:58.497+0000] {logging_mixin.py:151} INFO - [2026-03-17T07:30:58.496+0000] {dag.py:3696} INFO - Setting next_dagrun for ingestionDAG to 2026-03-17T07:30:28.496290+00:00, run_after=2026-03-17T07:30:58.496290+00:00
[2026-03-17T07:30:58.534+0000] {processor.py:179} INFO - Processing /opt/airflow/dags/ingest_local_folder_dag.py took 1.085 seconds
[2026-03-17T07:31:28.806+0000] {processor.py:157} INFO - Started process (PID=1540) to work on /opt/airflow/dags/ingest_local_folder_dag.py
[2026-03-17T07:31:28.809+0000] {processor.py:829} INFO - Processing file /opt/airflow/dags/ingest_local_folder_dag.py for tasks to queue
[2026-03-17T07:31:28.811+0000] {logging_mixin.py:151} INFO - [2026-03-17T07:31:28.810+0000] {dagbag.py:539} INFO - Filling up the DagBag from /opt/airflow/dags/ingest_local_folder_dag.py
[2026-03-17T07:31:29.692+0000] {processor.py:839} INFO - DAG(s) dict_keys(['ingestionDAG']) retrieved from /opt/airflow/dags/ingest_local_folder_dag.py
[2026-03-17T07:31:29.767+0000] {logging_mixin.py:151} INFO - [2026-03-17T07:31:29.766+0000] {dag.py:2915} INFO - Sync 1 DAGs
[2026-03-17T07:31:29.820+0000] {logging_mixin.py:151} INFO - [2026-03-17T07:31:29.820+0000] {dag.py:3696} INFO - Setting next_dagrun for ingestionDAG to 2026-03-17T07:30:59.819780+00:00, run_after=2026-03-17T07:31:29.819780+00:00
[2026-03-17T07:31:29.858+0000] {processor.py:179} INFO - Processing /opt/airflow/dags/ingest_local_folder_dag.py took 1.063 seconds
[2026-03-17T07:32:00.064+0000] {processor.py:157} INFO - Started process (PID=1558) to work on /opt/airflow/dags/ingest_local_folder_dag.py
[2026-03-17T07:32:00.066+0000] {processor.py:829} INFO - Processing file /opt/airflow/dags/ingest_local_folder_dag.py for tasks to queue
[2026-03-17T07:32:00.068+0000] {logging_mixin.py:151} INFO - [2026-03-17T07:32:00.067+0000] {dagbag.py:539} INFO - Filling up the DagBag from /opt/airflow/dags/ingest_local_folder_dag.py
[2026-03-17T07:32:00.971+0000] {processor.py:839} INFO - DAG(s) dict_keys(['ingestionDAG']) retrieved from /opt/airflow/dags/ingest_local_folder_dag.py
[2026-03-17T07:32:01.045+0000] {logging_mixin.py:151} INFO - [2026-03-17T07:32:01.045+0000] {dag.py:2915} INFO - Sync 1 DAGs
[2026-03-17T07:32:01.098+0000] {logging_mixin.py:151} INFO - [2026-03-17T07:32:01.098+0000] {dag.py:3696} INFO - Setting next_dagrun for ingestionDAG to 2026-03-17T07:31:31.097676+00:00, run_after=2026-03-17T07:32:01.097676+00:00
[2026-03-17T07:32:01.137+0000] {processor.py:179} INFO - Processing /opt/airflow/dags/ingest_local_folder_dag.py took 1.084 seconds
[2026-03-17T07:32:31.408+0000] {processor.py:157} INFO - Started process (PID=1576) to work on /opt/airflow/dags/ingest_local_folder_dag.py
[2026-03-17T07:32:31.410+0000] {processor.py:829} INFO - Processing file /opt/airflow/dags/ingest_local_folder_dag.py for tasks to queue
[2026-03-17T07:32:31.412+0000] {logging_mixin.py:151} INFO - [2026-03-17T07:32:31.411+0000] {dagbag.py:539} INFO - Filling up the DagBag from /opt/airflow/dags/ingest_local_folder_dag.py
[2026-03-17T07:32:31.983+0000] {processor.py:839} INFO - DAG(s) dict_keys(['ingestionDAG']) retrieved from /opt/airflow/dags/ingest_local_folder_dag.py
[2026-03-17T07:32:32.395+0000] {logging_mixin.py:151} INFO - [2026-03-17T07:32:32.394+0000] {dag.py:2915} INFO - Sync 1 DAGs
[2026-03-17T07:32:32.446+0000] {logging_mixin.py:151} INFO - [2026-03-17T07:32:32.446+0000] {dag.py:3696} INFO - Setting next_dagrun for ingestionDAG to 2026-03-17T07:32:02.445655+00:00, run_after=2026-03-17T07:32:32.445655+00:00
[2026-03-17T07:32:32.485+0000] {processor.py:179} INFO - Processing /opt/airflow/dags/ingest_local_folder_dag.py took 1.088 seconds
[2026-03-17T07:33:02.646+0000] {processor.py:157} INFO - Started process (PID=1594) to work on /opt/airflow/dags/ingest_local_folder_dag.py
[2026-03-17T07:33:02.648+0000] {processor.py:829} INFO - Processing file /opt/airflow/dags/ingest_local_folder_dag.py for tasks to queue
[2026-03-17T07:33:02.651+0000] {logging_mixin.py:151} INFO - [2026-03-17T07:33:02.650+0000] {dagbag.py:539} INFO - Filling up the DagBag from /opt/airflow/dags/ingest_local_folder_dag.py
[2026-03-17T07:33:03.543+0000] {processor.py:839} INFO - DAG(s) dict_keys(['ingestionDAG']) retrieved from /opt/airflow/dags/ingest_local_folder_dag.py
[2026-03-17T07:33:03.617+0000] {logging_mixin.py:151} INFO - [2026-03-17T07:33:03.617+0000] {dag.py:2915} INFO - Sync 1 DAGs
[2026-03-17T07:33:03.668+0000] {logging_mixin.py:151} INFO - [2026-03-17T07:33:03.667+0000] {dag.py:3696} INFO - Setting next_dagrun for ingestionDAG to 2026-03-17T07:32:33.667506+00:00, run_after=2026-03-17T07:33:03.667506+00:00
[2026-03-17T07:33:03.706+0000] {processor.py:179} INFO - Processing /opt/airflow/dags/ingest_local_folder_dag.py took 1.071 seconds
[2026-03-17T07:33:33.904+0000] {processor.py:157} INFO - Started process (PID=1612) to work on /opt/airflow/dags/ingest_local_folder_dag.py
[2026-03-17T07:33:33.906+0000] {processor.py:829} INFO - Processing file /opt/airflow/dags/ingest_local_folder_dag.py for tasks to queue
[2026-03-17T07:33:33.909+0000] {logging_mixin.py:151} INFO - [2026-03-17T07:33:33.908+0000] {dagbag.py:539} INFO - Filling up the DagBag from /opt/airflow/dags/ingest_local_folder_dag.py
[2026-03-17T07:33:34.792+0000] {processor.py:839} INFO - DAG(s) dict_keys(['ingestionDAG']) retrieved from /opt/airflow/dags/ingest_local_folder_dag.py
[2026-03-17T07:33:34.867+0000] {logging_mixin.py:151} INFO - [2026-03-17T07:33:34.867+0000] {dag.py:2915} INFO - Sync 1 DAGs
[2026-03-17T07:33:34.921+0000] {logging_mixin.py:151} INFO - [2026-03-17T07:33:34.920+0000] {dag.py:3696} INFO - Setting next_dagrun for ingestionDAG to 2026-03-17T07:33:04.920281+00:00, run_after=2026-03-17T07:33:34.920281+00:00
[2026-03-17T07:33:34.960+0000] {processor.py:179} INFO - Processing /opt/airflow/dags/ingest_local_folder_dag.py took 1.067 seconds
[2026-03-17T07:34:05.211+0000] {processor.py:157} INFO - Started process (PID=1630) to work on /opt/airflow/dags/ingest_local_folder_dag.py
[2026-03-17T07:34:05.213+0000] {processor.py:829} INFO - Processing file /opt/airflow/dags/ingest_local_folder_dag.py for tasks to queue
[2026-03-17T07:34:05.216+0000] {logging_mixin.py:151} INFO - [2026-03-17T07:34:05.215+0000] {dagbag.py:539} INFO - Filling up the DagBag from /opt/airflow/dags/ingest_local_folder_dag.py
[2026-03-17T07:34:06.123+0000] {processor.py:839} INFO - DAG(s) dict_keys(['ingestionDAG']) retrieved from /opt/airflow/dags/ingest_local_folder_dag.py
[2026-03-17T07:34:06.198+0000] {logging_mixin.py:151} INFO - [2026-03-17T07:34:06.198+0000] {dag.py:2915} INFO - Sync 1 DAGs
[2026-03-17T07:34:06.251+0000] {logging_mixin.py:151} INFO - [2026-03-17T07:34:06.251+0000] {dag.py:3696} INFO - Setting next_dagrun for ingestionDAG to 2026-03-17T07:33:36.250583+00:00, run_after=2026-03-17T07:34:06.250583+00:00
[2026-03-17T07:34:06.290+0000] {processor.py:179} INFO - Processing /opt/airflow/dags/ingest_local_folder_dag.py took 1.090 seconds
[2026-03-17T07:34:36.577+0000] {processor.py:157} INFO - Started process (PID=1648) to work on /opt/airflow/dags/ingest_local_folder_dag.py
[2026-03-17T07:34:36.579+0000] {processor.py:829} INFO - Processing file /opt/airflow/dags/ingest_local_folder_dag.py for tasks to queue
[2026-03-17T07:34:36.581+0000] {logging_mixin.py:151} INFO - [2026-03-17T07:34:36.580+0000] {dagbag.py:539} INFO - Filling up the DagBag from /opt/airflow/dags/ingest_local_folder_dag.py
[2026-03-17T07:34:37.494+0000] {processor.py:839} INFO - DAG(s) dict_keys(['ingestionDAG']) retrieved from /opt/airflow/dags/ingest_local_folder_dag.py
[2026-03-17T07:34:37.572+0000] {logging_mixin.py:151} INFO - [2026-03-17T07:34:37.572+0000] {dag.py:2915} INFO - Sync 1 DAGs
[2026-03-17T07:34:37.623+0000] {logging_mixin.py:151} INFO - [2026-03-17T07:34:37.623+0000] {dag.py:3696} INFO - Setting next_dagrun for ingestionDAG to 2026-03-17T07:34:07.623076+00:00, run_after=2026-03-17T07:34:37.623076+00:00
[2026-03-17T07:34:37.662+0000] {processor.py:179} INFO - Processing /opt/airflow/dags/ingest_local_folder_dag.py took 1.096 seconds
[2026-03-17T07:35:07.948+0000] {processor.py:157} INFO - Started process (PID=1666) to work on /opt/airflow/dags/ingest_local_folder_dag.py
[2026-03-17T07:35:07.950+0000] {processor.py:829} INFO - Processing file /opt/airflow/dags/ingest_local_folder_dag.py for tasks to queue
[2026-03-17T07:35:07.952+0000] {logging_mixin.py:151} INFO - [2026-03-17T07:35:07.951+0000] {dagbag.py:539} INFO - Filling up the DagBag from /opt/airflow/dags/ingest_local_folder_dag.py
[2026-03-17T07:35:08.848+0000] {processor.py:839} INFO - DAG(s) dict_keys(['ingestionDAG']) retrieved from /opt/airflow/dags/ingest_local_folder_dag.py
[2026-03-17T07:35:08.924+0000] {logging_mixin.py:151} INFO - [2026-03-17T07:35:08.923+0000] {dag.py:2915} INFO - Sync 1 DAGs
[2026-03-17T07:35:08.974+0000] {logging_mixin.py:151} INFO - [2026-03-17T07:35:08.974+0000] {dag.py:3696} INFO - Setting next_dagrun for ingestionDAG to 2026-03-17T07:34:38.974087+00:00, run_after=2026-03-17T07:35:08.974087+00:00
[2026-03-17T07:35:09.012+0000] {processor.py:179} INFO - Processing /opt/airflow/dags/ingest_local_folder_dag.py took 1.075 seconds
[2026-03-17T07:35:39.302+0000] {processor.py:157} INFO - Started process (PID=1684) to work on /opt/airflow/dags/ingest_local_folder_dag.py
[2026-03-17T07:35:39.304+0000] {processor.py:829} INFO - Processing file /opt/airflow/dags/ingest_local_folder_dag.py for tasks to queue
[2026-03-17T07:35:39.307+0000] {logging_mixin.py:151} INFO - [2026-03-17T07:35:39.305+0000] {dagbag.py:539} INFO - Filling up the DagBag from /opt/airflow/dags/ingest_local_folder_dag.py
[2026-03-17T07:35:40.209+0000] {processor.py:839} INFO - DAG(s) dict_keys(['ingestionDAG']) retrieved from /opt/airflow/dags/ingest_local_folder_dag.py
[2026-03-17T07:35:40.285+0000] {logging_mixin.py:151} INFO - [2026-03-17T07:35:40.285+0000] {dag.py:2915} INFO - Sync 1 DAGs
[2026-03-17T07:35:40.339+0000] {logging_mixin.py:151} INFO - [2026-03-17T07:35:40.339+0000] {dag.py:3696} INFO - Setting next_dagrun for ingestionDAG to 2026-03-17T07:35:10.338679+00:00, run_after=2026-03-17T07:35:40.338679+00:00
[2026-03-17T07:35:40.378+0000] {processor.py:179} INFO - Processing /opt/airflow/dags/ingest_local_folder_dag.py took 1.087 seconds
[2026-03-17T07:36:10.629+0000] {processor.py:157} INFO - Started process (PID=1702) to work on /opt/airflow/dags/ingest_local_folder_dag.py
[2026-03-17T07:36:10.632+0000] {processor.py:829} INFO - Processing file /opt/airflow/dags/ingest_local_folder_dag.py for tasks to queue
[2026-03-17T07:36:10.634+0000] {logging_mixin.py:151} INFO - [2026-03-17T07:36:10.633+0000] {dagbag.py:539} INFO - Filling up the DagBag from /opt/airflow/dags/ingest_local_folder_dag.py
[2026-03-17T07:36:11.511+0000] {processor.py:839} INFO - DAG(s) dict_keys(['ingestionDAG']) retrieved from /opt/airflow/dags/ingest_local_folder_dag.py
[2026-03-17T07:36:11.588+0000] {logging_mixin.py:151} INFO - [2026-03-17T07:36:11.588+0000] {dag.py:2915} INFO - Sync 1 DAGs
[2026-03-17T07:36:11.639+0000] {logging_mixin.py:151} INFO - [2026-03-17T07:36:11.639+0000] {dag.py:3696} INFO - Setting next_dagrun for ingestionDAG to 2026-03-17T07:35:41.639117+00:00, run_after=2026-03-17T07:36:11.639117+00:00
[2026-03-17T07:36:11.678+0000] {processor.py:179} INFO - Processing /opt/airflow/dags/ingest_local_folder_dag.py took 1.060 seconds
[2026-03-17T07:36:41.948+0000] {processor.py:157} INFO - Started process (PID=1720) to work on /opt/airflow/dags/ingest_local_folder_dag.py
[2026-03-17T07:36:41.950+0000] {processor.py:829} INFO - Processing file /opt/airflow/dags/ingest_local_folder_dag.py for tasks to queue
[2026-03-17T07:36:41.952+0000] {logging_mixin.py:151} INFO - [2026-03-17T07:36:41.951+0000] {dagbag.py:539} INFO - Filling up the DagBag from /opt/airflow/dags/ingest_local_folder_dag.py
[2026-03-17T07:36:42.836+0000] {processor.py:839} INFO - DAG(s) dict_keys(['ingestionDAG']) retrieved from /opt/airflow/dags/ingest_local_folder_dag.py
[2026-03-17T07:36:42.911+0000] {logging_mixin.py:151} INFO - [2026-03-17T07:36:42.911+0000] {dag.py:2915} INFO - Sync 1 DAGs
[2026-03-17T07:36:42.962+0000] {logging_mixin.py:151} INFO - [2026-03-17T07:36:42.962+0000] {dag.py:3696} INFO - Setting next_dagrun for ingestionDAG to 2026-03-17T07:36:12.961779+00:00, run_after=2026-03-17T07:36:42.961779+00:00
[2026-03-17T07:36:43.000+0000] {processor.py:179} INFO - Processing /opt/airflow/dags/ingest_local_folder_dag.py took 1.063 seconds
[2026-03-17T07:37:13.261+0000] {processor.py:157} INFO - Started process (PID=1738) to work on /opt/airflow/dags/ingest_local_folder_dag.py
[2026-03-17T07:37:13.263+0000] {processor.py:829} INFO - Processing file /opt/airflow/dags/ingest_local_folder_dag.py for tasks to queue
[2026-03-17T07:37:13.265+0000] {logging_mixin.py:151} INFO - [2026-03-17T07:37:13.264+0000] {dagbag.py:539} INFO - Filling up the DagBag from /opt/airflow/dags/ingest_local_folder_dag.py
[2026-03-17T07:37:14.156+0000] {processor.py:839} INFO - DAG(s) dict_keys(['ingestionDAG']) retrieved from /opt/airflow/dags/ingest_local_folder_dag.py
[2026-03-17T07:37:14.231+0000] {logging_mixin.py:151} INFO - [2026-03-17T07:37:14.230+0000] {dag.py:2915} INFO - Sync 1 DAGs
[2026-03-17T07:37:14.282+0000] {logging_mixin.py:151} INFO - [2026-03-17T07:37:14.281+0000] {dag.py:3696} INFO - Setting next_dagrun for ingestionDAG to 2026-03-17T07:36:44.281268+00:00, run_after=2026-03-17T07:37:14.281268+00:00
[2026-03-17T07:37:14.323+0000] {processor.py:179} INFO - Processing /opt/airflow/dags/ingest_local_folder_dag.py took 1.074 seconds
[2026-03-17T07:37:44.612+0000] {processor.py:157} INFO - Started process (PID=1756) to work on /opt/airflow/dags/ingest_local_folder_dag.py
[2026-03-17T07:37:44.615+0000] {processor.py:829} INFO - Processing file /opt/airflow/dags/ingest_local_folder_dag.py for tasks to queue
[2026-03-17T07:37:44.617+0000] {logging_mixin.py:151} INFO - [2026-03-17T07:37:44.616+0000] {dagbag.py:539} INFO - Filling up the DagBag from /opt/airflow/dags/ingest_local_folder_dag.py
[2026-03-17T07:37:45.485+0000] {processor.py:839} INFO - DAG(s) dict_keys(['ingestionDAG']) retrieved from /opt/airflow/dags/ingest_local_folder_dag.py
[2026-03-17T07:37:45.559+0000] {logging_mixin.py:151} INFO - [2026-03-17T07:37:45.559+0000] {dag.py:2915} INFO - Sync 1 DAGs
[2026-03-17T07:37:45.613+0000] {logging_mixin.py:151} INFO - [2026-03-17T07:37:45.612+0000] {dag.py:3696} INFO - Setting next_dagrun for ingestionDAG to 2026-03-17T07:37:15.612417+00:00, run_after=2026-03-17T07:37:45.612417+00:00
[2026-03-17T07:37:45.650+0000] {processor.py:179} INFO - Processing /opt/airflow/dags/ingest_local_folder_dag.py took 1.049 seconds
[2026-03-17T07:38:15.935+0000] {processor.py:157} INFO - Started process (PID=1774) to work on /opt/airflow/dags/ingest_local_folder_dag.py
[2026-03-17T07:38:15.937+0000] {processor.py:829} INFO - Processing file /opt/airflow/dags/ingest_local_folder_dag.py for tasks to queue
[2026-03-17T07:38:15.939+0000] {logging_mixin.py:151} INFO - [2026-03-17T07:38:15.938+0000] {dagbag.py:539} INFO - Filling up the DagBag from /opt/airflow/dags/ingest_local_folder_dag.py
[2026-03-17T07:38:16.797+0000] {processor.py:839} INFO - DAG(s) dict_keys(['ingestionDAG']) retrieved from /opt/airflow/dags/ingest_local_folder_dag.py
[2026-03-17T07:38:16.875+0000] {logging_mixin.py:151} INFO - [2026-03-17T07:38:16.875+0000] {dag.py:2915} INFO - Sync 1 DAGs
[2026-03-17T07:38:16.926+0000] {logging_mixin.py:151} INFO - [2026-03-17T07:38:16.926+0000] {dag.py:3696} INFO - Setting next_dagrun for ingestionDAG to 2026-03-17T07:37:46.925918+00:00, run_after=2026-03-17T07:38:16.925918+00:00
[2026-03-17T07:38:16.965+0000] {processor.py:179} INFO - Processing /opt/airflow/dags/ingest_local_folder_dag.py took 1.041 seconds
[2026-03-17T07:38:47.242+0000] {processor.py:157} INFO - Started process (PID=1792) to work on /opt/airflow/dags/ingest_local_folder_dag.py
[2026-03-17T07:38:47.245+0000] {processor.py:829} INFO - Processing file /opt/airflow/dags/ingest_local_folder_dag.py for tasks to queue
[2026-03-17T07:38:47.247+0000] {logging_mixin.py:151} INFO - [2026-03-17T07:38:47.246+0000] {dagbag.py:539} INFO - Filling up the DagBag from /opt/airflow/dags/ingest_local_folder_dag.py
[2026-03-17T07:38:48.103+0000] {processor.py:839} INFO - DAG(s) dict_keys(['ingestionDAG']) retrieved from /opt/airflow/dags/ingest_local_folder_dag.py
[2026-03-17T07:38:48.179+0000] {logging_mixin.py:151} INFO - [2026-03-17T07:38:48.179+0000] {dag.py:2915} INFO - Sync 1 DAGs
[2026-03-17T07:38:48.231+0000] {logging_mixin.py:151} INFO - [2026-03-17T07:38:48.230+0000] {dag.py:3696} INFO - Setting next_dagrun for ingestionDAG to 2026-03-17T07:38:18.230420+00:00, run_after=2026-03-17T07:38:48.230420+00:00
[2026-03-17T07:38:48.269+0000] {processor.py:179} INFO - Processing /opt/airflow/dags/ingest_local_folder_dag.py took 1.039 seconds
[2026-03-17T07:39:18.588+0000] {processor.py:157} INFO - Started process (PID=1810) to work on /opt/airflow/dags/ingest_local_folder_dag.py
[2026-03-17T07:39:18.590+0000] {processor.py:829} INFO - Processing file /opt/airflow/dags/ingest_local_folder_dag.py for tasks to queue
[2026-03-17T07:39:18.592+0000] {logging_mixin.py:151} INFO - [2026-03-17T07:39:18.591+0000] {dagbag.py:539} INFO - Filling up the DagBag from /opt/airflow/dags/ingest_local_folder_dag.py
[2026-03-17T07:39:19.446+0000] {processor.py:839} INFO - DAG(s) dict_keys(['ingestionDAG']) retrieved from /opt/airflow/dags/ingest_local_folder_dag.py
[2026-03-17T07:39:19.522+0000] {logging_mixin.py:151} INFO - [2026-03-17T07:39:19.521+0000] {dag.py:2915} INFO - Sync 1 DAGs
[2026-03-17T07:39:19.572+0000] {logging_mixin.py:151} INFO - [2026-03-17T07:39:19.572+0000] {dag.py:3696} INFO - Setting next_dagrun for ingestionDAG to 2026-03-17T07:38:49.572081+00:00, run_after=2026-03-17T07:39:19.572081+00:00
[2026-03-17T07:39:19.614+0000] {processor.py:179} INFO - Processing /opt/airflow/dags/ingest_local_folder_dag.py took 1.036 seconds
[2026-03-17T07:39:49.869+0000] {processor.py:157} INFO - Started process (PID=1828) to work on /opt/airflow/dags/ingest_local_folder_dag.py
[2026-03-17T07:39:49.871+0000] {processor.py:829} INFO - Processing file /opt/airflow/dags/ingest_local_folder_dag.py for tasks to queue
[2026-03-17T07:39:49.873+0000] {logging_mixin.py:151} INFO - [2026-03-17T07:39:49.872+0000] {dagbag.py:539} INFO - Filling up the DagBag from /opt/airflow/dags/ingest_local_folder_dag.py
[2026-03-17T07:39:50.708+0000] {processor.py:839} INFO - DAG(s) dict_keys(['ingestionDAG']) retrieved from /opt/airflow/dags/ingest_local_folder_dag.py
[2026-03-17T07:39:50.783+0000] {logging_mixin.py:151} INFO - [2026-03-17T07:39:50.783+0000] {dag.py:2915} INFO - Sync 1 DAGs
[2026-03-17T07:39:50.837+0000] {logging_mixin.py:151} INFO - [2026-03-17T07:39:50.837+0000] {dag.py:3696} INFO - Setting next_dagrun for ingestionDAG to 2026-03-17T07:39:20.836666+00:00, run_after=2026-03-17T07:39:50.836666+00:00
[2026-03-17T07:39:50.875+0000] {processor.py:179} INFO - Processing /opt/airflow/dags/ingest_local_folder_dag.py took 1.016 seconds
[2026-03-17T07:40:21.128+0000] {processor.py:157} INFO - Started process (PID=1846) to work on /opt/airflow/dags/ingest_local_folder_dag.py
[2026-03-17T07:40:21.130+0000] {processor.py:829} INFO - Processing file /opt/airflow/dags/ingest_local_folder_dag.py for tasks to queue
[2026-03-17T07:40:21.132+0000] {logging_mixin.py:151} INFO - [2026-03-17T07:40:21.131+0000] {dagbag.py:539} INFO - Filling up the DagBag from /opt/airflow/dags/ingest_local_folder_dag.py
[2026-03-17T07:40:21.960+0000] {processor.py:839} INFO - DAG(s) dict_keys(['ingestionDAG']) retrieved from /opt/airflow/dags/ingest_local_folder_dag.py
[2026-03-17T07:40:22.038+0000] {logging_mixin.py:151} INFO - [2026-03-17T07:40:22.037+0000] {dag.py:2915} INFO - Sync 1 DAGs
[2026-03-17T07:40:22.088+0000] {logging_mixin.py:151} INFO - [2026-03-17T07:40:22.088+0000] {dag.py:3696} INFO - Setting next_dagrun for ingestionDAG to 2026-03-17T07:39:52.087909+00:00, run_after=2026-03-17T07:40:22.087909+00:00
[2026-03-17T07:40:22.127+0000] {processor.py:179} INFO - Processing /opt/airflow/dags/ingest_local_folder_dag.py took 1.008 seconds
[2026-03-17T07:40:52.396+0000] {processor.py:157} INFO - Started process (PID=1862) to work on /opt/airflow/dags/ingest_local_folder_dag.py
[2026-03-17T07:40:52.398+0000] {processor.py:829} INFO - Processing file /opt/airflow/dags/ingest_local_folder_dag.py for tasks to queue
[2026-03-17T07:40:52.400+0000] {logging_mixin.py:151} INFO - [2026-03-17T07:40:52.399+0000] {dagbag.py:539} INFO - Filling up the DagBag from /opt/airflow/dags/ingest_local_folder_dag.py
[2026-03-17T07:40:53.335+0000] {processor.py:839} INFO - DAG(s) dict_keys(['ingestionDAG']) retrieved from /opt/airflow/dags/ingest_local_folder_dag.py
[2026-03-17T07:40:53.410+0000] {logging_mixin.py:151} INFO - [2026-03-17T07:40:53.410+0000] {dag.py:2915} INFO - Sync 1 DAGs
[2026-03-17T07:40:53.463+0000] {logging_mixin.py:151} INFO - [2026-03-17T07:40:53.462+0000] {dag.py:3696} INFO - Setting next_dagrun for ingestionDAG to 2026-03-17T07:40:23.462517+00:00, run_after=2026-03-17T07:40:53.462517+00:00
[2026-03-17T07:40:53.502+0000] {processor.py:179} INFO - Processing /opt/airflow/dags/ingest_local_folder_dag.py took 1.116 seconds
[2026-03-17T07:41:23.792+0000] {processor.py:157} INFO - Started process (PID=1879) to work on /opt/airflow/dags/ingest_local_folder_dag.py
[2026-03-17T07:41:23.794+0000] {processor.py:829} INFO - Processing file /opt/airflow/dags/ingest_local_folder_dag.py for tasks to queue
[2026-03-17T07:41:23.796+0000] {logging_mixin.py:151} INFO - [2026-03-17T07:41:23.795+0000] {dagbag.py:539} INFO - Filling up the DagBag from /opt/airflow/dags/ingest_local_folder_dag.py
[2026-03-17T07:41:24.694+0000] {processor.py:839} INFO - DAG(s) dict_keys(['ingestionDAG']) retrieved from /opt/airflow/dags/ingest_local_folder_dag.py
[2026-03-17T07:41:24.770+0000] {logging_mixin.py:151} INFO - [2026-03-17T07:41:24.769+0000] {dag.py:2915} INFO - Sync 1 DAGs
[2026-03-17T07:41:24.821+0000] {logging_mixin.py:151} INFO - [2026-03-17T07:41:24.820+0000] {dag.py:3696} INFO - Setting next_dagrun for ingestionDAG to 2026-03-17T07:40:54.820520+00:00, run_after=2026-03-17T07:41:24.820520+00:00
[2026-03-17T07:41:24.864+0000] {processor.py:179} INFO - Processing /opt/airflow/dags/ingest_local_folder_dag.py took 1.083 seconds
[2026-03-17T07:41:55.133+0000] {processor.py:157} INFO - Started process (PID=1894) to work on /opt/airflow/dags/ingest_local_folder_dag.py
[2026-03-17T07:41:55.135+0000] {processor.py:829} INFO - Processing file /opt/airflow/dags/ingest_local_folder_dag.py for tasks to queue
[2026-03-17T07:41:55.138+0000] {logging_mixin.py:151} INFO - [2026-03-17T07:41:55.136+0000] {dagbag.py:539} INFO - Filling up the DagBag from /opt/airflow/dags/ingest_local_folder_dag.py
[2026-03-17T07:41:56.039+0000] {processor.py:839} INFO - DAG(s) dict_keys(['ingestionDAG']) retrieved from /opt/airflow/dags/ingest_local_folder_dag.py
[2026-03-17T07:41:56.113+0000] {logging_mixin.py:151} INFO - [2026-03-17T07:41:56.113+0000] {dag.py:2915} INFO - Sync 1 DAGs
[2026-03-17T07:41:56.168+0000] {logging_mixin.py:151} INFO - [2026-03-17T07:41:56.167+0000] {dag.py:3696} INFO - Setting next_dagrun for ingestionDAG to 2026-03-17T07:41:26.167162+00:00, run_after=2026-03-17T07:41:56.167162+00:00
[2026-03-17T07:41:56.206+0000] {processor.py:179} INFO - Processing /opt/airflow/dags/ingest_local_folder_dag.py took 1.084 seconds
[2026-03-17T07:42:26.480+0000] {processor.py:157} INFO - Started process (PID=1912) to work on /opt/airflow/dags/ingest_local_folder_dag.py
[2026-03-17T07:42:26.482+0000] {processor.py:829} INFO - Processing file /opt/airflow/dags/ingest_local_folder_dag.py for tasks to queue
[2026-03-17T07:42:26.484+0000] {logging_mixin.py:151} INFO - [2026-03-17T07:42:26.483+0000] {dagbag.py:539} INFO - Filling up the DagBag from /opt/airflow/dags/ingest_local_folder_dag.py
[2026-03-17T07:42:27.368+0000] {processor.py:839} INFO - DAG(s) dict_keys(['ingestionDAG']) retrieved from /opt/airflow/dags/ingest_local_folder_dag.py
[2026-03-17T07:42:27.445+0000] {logging_mixin.py:151} INFO - [2026-03-17T07:42:27.445+0000] {dag.py:2915} INFO - Sync 1 DAGs
[2026-03-17T07:42:27.496+0000] {logging_mixin.py:151} INFO - [2026-03-17T07:42:27.495+0000] {dag.py:3696} INFO - Setting next_dagrun for ingestionDAG to 2026-03-17T07:41:57.495232+00:00, run_after=2026-03-17T07:42:27.495232+00:00
[2026-03-17T07:42:27.534+0000] {processor.py:179} INFO - Processing /opt/airflow/dags/ingest_local_folder_dag.py took 1.064 seconds
[2026-03-17T07:42:57.809+0000] {processor.py:157} INFO - Started process (PID=1930) to work on /opt/airflow/dags/ingest_local_folder_dag.py
[2026-03-17T07:42:57.811+0000] {processor.py:829} INFO - Processing file /opt/airflow/dags/ingest_local_folder_dag.py for tasks to queue
[2026-03-17T07:42:57.814+0000] {logging_mixin.py:151} INFO - [2026-03-17T07:42:57.813+0000] {dagbag.py:539} INFO - Filling up the DagBag from /opt/airflow/dags/ingest_local_folder_dag.py
[2026-03-17T07:42:58.708+0000] {processor.py:839} INFO - DAG(s) dict_keys(['ingestionDAG']) retrieved from /opt/airflow/dags/ingest_local_folder_dag.py
[2026-03-17T07:42:58.783+0000] {logging_mixin.py:151} INFO - [2026-03-17T07:42:58.783+0000] {dag.py:2915} INFO - Sync 1 DAGs
[2026-03-17T07:42:58.834+0000] {logging_mixin.py:151} INFO - [2026-03-17T07:42:58.834+0000] {dag.py:3696} INFO - Setting next_dagrun for ingestionDAG to 2026-03-17T07:42:28.833825+00:00, run_after=2026-03-17T07:42:58.833825+00:00
[2026-03-17T07:42:58.872+0000] {processor.py:179} INFO - Processing /opt/airflow/dags/ingest_local_folder_dag.py took 1.074 seconds
[2026-03-17T07:43:28.985+0000] {processor.py:157} INFO - Started process (PID=1948) to work on /opt/airflow/dags/ingest_local_folder_dag.py
[2026-03-17T07:43:28.988+0000] {processor.py:829} INFO - Processing file /opt/airflow/dags/ingest_local_folder_dag.py for tasks to queue
[2026-03-17T07:43:28.990+0000] {logging_mixin.py:151} INFO - [2026-03-17T07:43:28.989+0000] {dagbag.py:539} INFO - Filling up the DagBag from /opt/airflow/dags/ingest_local_folder_dag.py
[2026-03-17T07:43:29.871+0000] {processor.py:839} INFO - DAG(s) dict_keys(['ingestionDAG']) retrieved from /opt/airflow/dags/ingest_local_folder_dag.py
[2026-03-17T07:43:29.946+0000] {logging_mixin.py:151} INFO - [2026-03-17T07:43:29.945+0000] {dag.py:2915} INFO - Sync 1 DAGs
[2026-03-17T07:43:29.996+0000] {logging_mixin.py:151} INFO - [2026-03-17T07:43:29.996+0000] {dag.py:3696} INFO - Setting next_dagrun for ingestionDAG to 2026-03-17T07:42:59.995846+00:00, run_after=2026-03-17T07:43:29.995846+00:00
[2026-03-17T07:43:30.038+0000] {processor.py:179} INFO - Processing /opt/airflow/dags/ingest_local_folder_dag.py took 1.064 seconds
[2026-03-17T07:44:00.233+0000] {processor.py:157} INFO - Started process (PID=1966) to work on /opt/airflow/dags/ingest_local_folder_dag.py
[2026-03-17T07:44:00.235+0000] {processor.py:829} INFO - Processing file /opt/airflow/dags/ingest_local_folder_dag.py for tasks to queue
[2026-03-17T07:44:00.237+0000] {logging_mixin.py:151} INFO - [2026-03-17T07:44:00.236+0000] {dagbag.py:539} INFO - Filling up the DagBag from /opt/airflow/dags/ingest_local_folder_dag.py
[2026-03-17T07:44:01.138+0000] {processor.py:839} INFO - DAG(s) dict_keys(['ingestionDAG']) retrieved from /opt/airflow/dags/ingest_local_folder_dag.py
[2026-03-17T07:44:01.214+0000] {logging_mixin.py:151} INFO - [2026-03-17T07:44:01.214+0000] {dag.py:2915} INFO - Sync 1 DAGs
[2026-03-17T07:44:01.268+0000] {logging_mixin.py:151} INFO - [2026-03-17T07:44:01.267+0000] {dag.py:3696} INFO - Setting next_dagrun for ingestionDAG to 2026-03-17T07:43:31.267381+00:00, run_after=2026-03-17T07:44:01.267381+00:00
[2026-03-17T07:44:01.305+0000] {processor.py:179} INFO - Processing /opt/airflow/dags/ingest_local_folder_dag.py took 1.083 seconds
[2026-03-17T07:44:31.560+0000] {processor.py:157} INFO - Started process (PID=1984) to work on /opt/airflow/dags/ingest_local_folder_dag.py
[2026-03-17T07:44:31.563+0000] {processor.py:829} INFO - Processing file /opt/airflow/dags/ingest_local_folder_dag.py for tasks to queue
[2026-03-17T07:44:31.565+0000] {logging_mixin.py:151} INFO - [2026-03-17T07:44:31.564+0000] {dagbag.py:539} INFO - Filling up the DagBag from /opt/airflow/dags/ingest_local_folder_dag.py
[2026-03-17T07:44:32.459+0000] {processor.py:839} INFO - DAG(s) dict_keys(['ingestionDAG']) retrieved from /opt/airflow/dags/ingest_local_folder_dag.py
[2026-03-17T07:44:32.536+0000] {logging_mixin.py:151} INFO - [2026-03-17T07:44:32.535+0000] {dag.py:2915} INFO - Sync 1 DAGs
[2026-03-17T07:44:32.586+0000] {logging_mixin.py:151} INFO - [2026-03-17T07:44:32.586+0000] {dag.py:3696} INFO - Setting next_dagrun for ingestionDAG to 2026-03-17T07:44:02.586054+00:00, run_after=2026-03-17T07:44:32.586054+00:00
[2026-03-17T07:44:32.625+0000] {processor.py:179} INFO - Processing /opt/airflow/dags/ingest_local_folder_dag.py took 1.075 seconds
[2026-03-17T07:45:02.869+0000] {processor.py:157} INFO - Started process (PID=2002) to work on /opt/airflow/dags/ingest_local_folder_dag.py
[2026-03-17T07:45:02.871+0000] {processor.py:829} INFO - Processing file /opt/airflow/dags/ingest_local_folder_dag.py for tasks to queue
[2026-03-17T07:45:02.874+0000] {logging_mixin.py:151} INFO - [2026-03-17T07:45:02.873+0000] {dagbag.py:539} INFO - Filling up the DagBag from /opt/airflow/dags/ingest_local_folder_dag.py
[2026-03-17T07:45:03.768+0000] {processor.py:839} INFO - DAG(s) dict_keys(['ingestionDAG']) retrieved from /opt/airflow/dags/ingest_local_folder_dag.py
[2026-03-17T07:45:03.843+0000] {logging_mixin.py:151} INFO - [2026-03-17T07:45:03.843+0000] {dag.py:2915} INFO - Sync 1 DAGs
[2026-03-17T07:45:03.894+0000] {logging_mixin.py:151} INFO - [2026-03-17T07:45:03.894+0000] {dag.py:3696} INFO - Setting next_dagrun for ingestionDAG to 2026-03-17T07:44:33.893700+00:00, run_after=2026-03-17T07:45:03.893700+00:00
[2026-03-17T07:45:03.932+0000] {processor.py:179} INFO - Processing /opt/airflow/dags/ingest_local_folder_dag.py took 1.074 seconds
[2026-03-17T07:45:34.208+0000] {processor.py:157} INFO - Started process (PID=2020) to work on /opt/airflow/dags/ingest_local_folder_dag.py
[2026-03-17T07:45:34.211+0000] {processor.py:829} INFO - Processing file /opt/airflow/dags/ingest_local_folder_dag.py for tasks to queue
[2026-03-17T07:45:34.213+0000] {logging_mixin.py:151} INFO - [2026-03-17T07:45:34.212+0000] {dagbag.py:539} INFO - Filling up the DagBag from /opt/airflow/dags/ingest_local_folder_dag.py
[2026-03-17T07:45:35.086+0000] {processor.py:839} INFO - DAG(s) dict_keys(['ingestionDAG']) retrieved from /opt/airflow/dags/ingest_local_folder_dag.py
[2026-03-17T07:45:35.160+0000] {logging_mixin.py:151} INFO - [2026-03-17T07:45:35.160+0000] {dag.py:2915} INFO - Sync 1 DAGs
[2026-03-17T07:45:35.211+0000] {logging_mixin.py:151} INFO - [2026-03-17T07:45:35.211+0000] {dag.py:3696} INFO - Setting next_dagrun for ingestionDAG to 2026-03-17T07:45:05.210955+00:00, run_after=2026-03-17T07:45:35.210955+00:00
[2026-03-17T07:45:35.253+0000] {processor.py:179} INFO - Processing /opt/airflow/dags/ingest_local_folder_dag.py took 1.056 seconds
[2026-03-17T07:46:05.513+0000] {processor.py:157} INFO - Started process (PID=2038) to work on /opt/airflow/dags/ingest_local_folder_dag.py
[2026-03-17T07:46:05.515+0000] {processor.py:829} INFO - Processing file /opt/airflow/dags/ingest_local_folder_dag.py for tasks to queue
[2026-03-17T07:46:05.517+0000] {logging_mixin.py:151} INFO - [2026-03-17T07:46:05.516+0000] {dagbag.py:539} INFO - Filling up the DagBag from /opt/airflow/dags/ingest_local_folder_dag.py
[2026-03-17T07:46:06.404+0000] {processor.py:839} INFO - DAG(s) dict_keys(['ingestionDAG']) retrieved from /opt/airflow/dags/ingest_local_folder_dag.py
[2026-03-17T07:46:06.478+0000] {logging_mixin.py:151} INFO - [2026-03-17T07:46:06.478+0000] {dag.py:2915} INFO - Sync 1 DAGs
[2026-03-17T07:46:06.532+0000] {logging_mixin.py:151} INFO - [2026-03-17T07:46:06.531+0000] {dag.py:3696} INFO - Setting next_dagrun for ingestionDAG to 2026-03-17T07:45:36.531442+00:00, run_after=2026-03-17T07:46:06.531442+00:00
[2026-03-17T07:46:06.570+0000] {processor.py:179} INFO - Processing /opt/airflow/dags/ingest_local_folder_dag.py took 1.069 seconds
[2026-03-17T07:46:36.669+0000] {processor.py:157} INFO - Started process (PID=2059) to work on /opt/airflow/dags/ingest_local_folder_dag.py
[2026-03-17T07:46:36.671+0000] {processor.py:829} INFO - Processing file /opt/airflow/dags/ingest_local_folder_dag.py for tasks to queue
[2026-03-17T07:46:36.674+0000] {logging_mixin.py:151} INFO - [2026-03-17T07:46:36.673+0000] {dagbag.py:539} INFO - Filling up the DagBag from /opt/airflow/dags/ingest_local_folder_dag.py
[2026-03-17T07:46:37.573+0000] {processor.py:839} INFO - DAG(s) dict_keys(['ingestionDAG']) retrieved from /opt/airflow/dags/ingest_local_folder_dag.py
[2026-03-17T07:46:37.651+0000] {logging_mixin.py:151} INFO - [2026-03-17T07:46:37.651+0000] {dag.py:2915} INFO - Sync 1 DAGs
[2026-03-17T07:46:37.702+0000] {logging_mixin.py:151} INFO - [2026-03-17T07:46:37.702+0000] {dag.py:3696} INFO - Setting next_dagrun for ingestionDAG to 2026-03-17T07:46:07.701690+00:00, run_after=2026-03-17T07:46:37.701690+00:00
[2026-03-17T07:46:37.740+0000] {processor.py:179} INFO - Processing /opt/airflow/dags/ingest_local_folder_dag.py took 1.082 seconds
[2026-03-17T07:47:08.175+0000] {processor.py:157} INFO - Started process (PID=2079) to work on /opt/airflow/dags/ingest_local_folder_dag.py
[2026-03-17T07:47:08.178+0000] {processor.py:829} INFO - Processing file /opt/airflow/dags/ingest_local_folder_dag.py for tasks to queue
[2026-03-17T07:47:08.180+0000] {logging_mixin.py:151} INFO - [2026-03-17T07:47:08.179+0000] {dagbag.py:539} INFO - Filling up the DagBag from /opt/airflow/dags/ingest_local_folder_dag.py
[2026-03-17T07:47:09.042+0000] {processor.py:839} INFO - DAG(s) dict_keys(['ingestionDAG']) retrieved from /opt/airflow/dags/ingest_local_folder_dag.py
[2026-03-17T07:47:09.117+0000] {logging_mixin.py:151} INFO - [2026-03-17T07:47:09.117+0000] {dag.py:2915} INFO - Sync 1 DAGs
[2026-03-17T07:47:09.167+0000] {logging_mixin.py:151} INFO - [2026-03-17T07:47:09.167+0000] {dag.py:3696} INFO - Setting next_dagrun for ingestionDAG to 2026-03-17T07:46:39.167120+00:00, run_after=2026-03-17T07:47:09.167120+00:00
[2026-03-17T07:47:09.205+0000] {processor.py:179} INFO - Processing /opt/airflow/dags/ingest_local_folder_dag.py took 1.041 seconds
[2026-03-17T07:47:39.464+0000] {processor.py:157} INFO - Started process (PID=2097) to work on /opt/airflow/dags/ingest_local_folder_dag.py
[2026-03-17T07:47:39.467+0000] {processor.py:829} INFO - Processing file /opt/airflow/dags/ingest_local_folder_dag.py for tasks to queue
[2026-03-17T07:47:39.469+0000] {logging_mixin.py:151} INFO - [2026-03-17T07:47:39.468+0000] {dagbag.py:539} INFO - Filling up the DagBag from /opt/airflow/dags/ingest_local_folder_dag.py
[2026-03-17T07:47:40.318+0000] {processor.py:839} INFO - DAG(s) dict_keys(['ingestionDAG']) retrieved from /opt/airflow/dags/ingest_local_folder_dag.py
[2026-03-17T07:47:40.393+0000] {logging_mixin.py:151} INFO - [2026-03-17T07:47:40.393+0000] {dag.py:2915} INFO - Sync 1 DAGs
[2026-03-17T07:47:40.444+0000] {logging_mixin.py:151} INFO - [2026-03-17T07:47:40.444+0000] {dag.py:3696} INFO - Setting next_dagrun for ingestionDAG to 2026-03-17T07:47:10.444104+00:00, run_after=2026-03-17T07:47:40.444104+00:00
[2026-03-17T07:47:40.488+0000] {processor.py:179} INFO - Processing /opt/airflow/dags/ingest_local_folder_dag.py took 1.034 seconds
[2026-03-17T07:48:10.749+0000] {processor.py:157} INFO - Started process (PID=2115) to work on /opt/airflow/dags/ingest_local_folder_dag.py
[2026-03-17T07:48:10.751+0000] {processor.py:829} INFO - Processing file /opt/airflow/dags/ingest_local_folder_dag.py for tasks to queue
[2026-03-17T07:48:10.753+0000] {logging_mixin.py:151} INFO - [2026-03-17T07:48:10.752+0000] {dagbag.py:539} INFO - Filling up the DagBag from /opt/airflow/dags/ingest_local_folder_dag.py
[2026-03-17T07:48:11.641+0000] {processor.py:839} INFO - DAG(s) dict_keys(['ingestionDAG']) retrieved from /opt/airflow/dags/ingest_local_folder_dag.py
[2026-03-17T07:48:11.716+0000] {logging_mixin.py:151} INFO - [2026-03-17T07:48:11.715+0000] {dag.py:2915} INFO - Sync 1 DAGs
[2026-03-17T07:48:11.768+0000] {logging_mixin.py:151} INFO - [2026-03-17T07:48:11.768+0000] {dag.py:3696} INFO - Setting next_dagrun for ingestionDAG to 2026-03-17T07:47:41.768056+00:00, run_after=2026-03-17T07:48:11.768056+00:00
[2026-03-17T07:48:11.807+0000] {processor.py:179} INFO - Processing /opt/airflow/dags/ingest_local_folder_dag.py took 1.068 seconds
[2026-03-17T07:48:42.080+0000] {processor.py:157} INFO - Started process (PID=2133) to work on /opt/airflow/dags/ingest_local_folder_dag.py
[2026-03-17T07:48:42.083+0000] {processor.py:829} INFO - Processing file /opt/airflow/dags/ingest_local_folder_dag.py for tasks to queue
[2026-03-17T07:48:42.085+0000] {logging_mixin.py:151} INFO - [2026-03-17T07:48:42.084+0000] {dagbag.py:539} INFO - Filling up the DagBag from /opt/airflow/dags/ingest_local_folder_dag.py
[2026-03-17T07:48:42.978+0000] {processor.py:839} INFO - DAG(s) dict_keys(['ingestionDAG']) retrieved from /opt/airflow/dags/ingest_local_folder_dag.py
[2026-03-17T07:48:43.056+0000] {logging_mixin.py:151} INFO - [2026-03-17T07:48:43.055+0000] {dag.py:2915} INFO - Sync 1 DAGs
[2026-03-17T07:48:43.107+0000] {logging_mixin.py:151} INFO - [2026-03-17T07:48:43.106+0000] {dag.py:3696} INFO - Setting next_dagrun for ingestionDAG to 2026-03-17T07:48:13.106366+00:00, run_after=2026-03-17T07:48:43.106366+00:00
[2026-03-17T07:48:43.145+0000] {processor.py:179} INFO - Processing /opt/airflow/dags/ingest_local_folder_dag.py took 1.075 seconds
[2026-03-17T07:49:13.419+0000] {processor.py:157} INFO - Started process (PID=2151) to work on /opt/airflow/dags/ingest_local_folder_dag.py
[2026-03-17T07:49:13.422+0000] {processor.py:829} INFO - Processing file /opt/airflow/dags/ingest_local_folder_dag.py for tasks to queue
[2026-03-17T07:49:13.424+0000] {logging_mixin.py:151} INFO - [2026-03-17T07:49:13.423+0000] {dagbag.py:539} INFO - Filling up the DagBag from /opt/airflow/dags/ingest_local_folder_dag.py
[2026-03-17T07:49:14.305+0000] {processor.py:839} INFO - DAG(s) dict_keys(['ingestionDAG']) retrieved from /opt/airflow/dags/ingest_local_folder_dag.py
[2026-03-17T07:49:14.380+0000] {logging_mixin.py:151} INFO - [2026-03-17T07:49:14.380+0000] {dag.py:2915} INFO - Sync 1 DAGs
[2026-03-17T07:49:14.430+0000] {logging_mixin.py:151} INFO - [2026-03-17T07:49:14.430+0000] {dag.py:3696} INFO - Setting next_dagrun for ingestionDAG to 2026-03-17T07:48:44.430063+00:00, run_after=2026-03-17T07:49:14.430063+00:00
[2026-03-17T07:49:14.468+0000] {processor.py:179} INFO - Processing /opt/airflow/dags/ingest_local_folder_dag.py took 1.060 seconds
[2026-03-17T07:49:44.736+0000] {processor.py:157} INFO - Started process (PID=2169) to work on /opt/airflow/dags/ingest_local_folder_dag.py
[2026-03-17T07:49:44.739+0000] {processor.py:829} INFO - Processing file /opt/airflow/dags/ingest_local_folder_dag.py for tasks to queue
[2026-03-17T07:49:44.741+0000] {logging_mixin.py:151} INFO - [2026-03-17T07:49:44.740+0000] {dagbag.py:539} INFO - Filling up the DagBag from /opt/airflow/dags/ingest_local_folder_dag.py
[2026-03-17T07:49:45.597+0000] {processor.py:839} INFO - DAG(s) dict_keys(['ingestionDAG']) retrieved from /opt/airflow/dags/ingest_local_folder_dag.py
[2026-03-17T07:49:45.672+0000] {logging_mixin.py:151} INFO - [2026-03-17T07:49:45.671+0000] {dag.py:2915} INFO - Sync 1 DAGs
[2026-03-17T07:49:45.725+0000] {logging_mixin.py:151} INFO - [2026-03-17T07:49:45.725+0000] {dag.py:3696} INFO - Setting next_dagrun for ingestionDAG to 2026-03-17T07:49:15.725082+00:00, run_after=2026-03-17T07:49:45.725082+00:00
[2026-03-17T07:49:45.764+0000] {processor.py:179} INFO - Processing /opt/airflow/dags/ingest_local_folder_dag.py took 1.039 seconds
[2026-03-17T07:50:16.024+0000] {processor.py:157} INFO - Started process (PID=2187) to work on /opt/airflow/dags/ingest_local_folder_dag.py
[2026-03-17T07:50:16.026+0000] {processor.py:829} INFO - Processing file /opt/airflow/dags/ingest_local_folder_dag.py for tasks to queue
[2026-03-17T07:50:16.029+0000] {logging_mixin.py:151} INFO - [2026-03-17T07:50:16.027+0000] {dagbag.py:539} INFO - Filling up the DagBag from /opt/airflow/dags/ingest_local_folder_dag.py
[2026-03-17T07:50:16.909+0000] {processor.py:839} INFO - DAG(s) dict_keys(['ingestionDAG']) retrieved from /opt/airflow/dags/ingest_local_folder_dag.py
[2026-03-17T07:50:16.984+0000] {logging_mixin.py:151} INFO - [2026-03-17T07:50:16.984+0000] {dag.py:2915} INFO - Sync 1 DAGs
[2026-03-17T07:50:17.037+0000] {logging_mixin.py:151} INFO - [2026-03-17T07:50:17.037+0000] {dag.py:3696} INFO - Setting next_dagrun for ingestionDAG to 2026-03-17T07:49:47.036879+00:00, run_after=2026-03-17T07:50:17.036879+00:00
[2026-03-17T07:50:17.076+0000] {processor.py:179} INFO - Processing /opt/airflow/dags/ingest_local_folder_dag.py took 1.063 seconds
[2026-03-17T07:50:47.345+0000] {processor.py:157} INFO - Started process (PID=2205) to work on /opt/airflow/dags/ingest_local_folder_dag.py
[2026-03-17T07:50:47.348+0000] {processor.py:829} INFO - Processing file /opt/airflow/dags/ingest_local_folder_dag.py for tasks to queue
[2026-03-17T07:50:47.350+0000] {logging_mixin.py:151} INFO - [2026-03-17T07:50:47.349+0000] {dagbag.py:539} INFO - Filling up the DagBag from /opt/airflow/dags/ingest_local_folder_dag.py
[2026-03-17T07:50:48.235+0000] {processor.py:839} INFO - DAG(s) dict_keys(['ingestionDAG']) retrieved from /opt/airflow/dags/ingest_local_folder_dag.py
[2026-03-17T07:50:48.312+0000] {logging_mixin.py:151} INFO - [2026-03-17T07:50:48.311+0000] {dag.py:2915} INFO - Sync 1 DAGs
[2026-03-17T07:50:48.363+0000] {logging_mixin.py:151} INFO - [2026-03-17T07:50:48.362+0000] {dag.py:3696} INFO - Setting next_dagrun for ingestionDAG to 2026-03-17T07:50:18.362487+00:00, run_after=2026-03-17T07:50:48.362487+00:00
[2026-03-17T07:50:48.401+0000] {processor.py:179} INFO - Processing /opt/airflow/dags/ingest_local_folder_dag.py took 1.068 seconds
[2026-03-17T07:51:18.664+0000] {processor.py:157} INFO - Started process (PID=2223) to work on /opt/airflow/dags/ingest_local_folder_dag.py
[2026-03-17T07:51:18.666+0000] {processor.py:829} INFO - Processing file /opt/airflow/dags/ingest_local_folder_dag.py for tasks to queue
[2026-03-17T07:51:18.669+0000] {logging_mixin.py:151} INFO - [2026-03-17T07:51:18.667+0000] {dagbag.py:539} INFO - Filling up the DagBag from /opt/airflow/dags/ingest_local_folder_dag.py
[2026-03-17T07:51:19.551+0000] {processor.py:839} INFO - DAG(s) dict_keys(['ingestionDAG']) retrieved from /opt/airflow/dags/ingest_local_folder_dag.py
[2026-03-17T07:51:19.626+0000] {logging_mixin.py:151} INFO - [2026-03-17T07:51:19.626+0000] {dag.py:2915} INFO - Sync 1 DAGs
[2026-03-17T07:51:19.677+0000] {logging_mixin.py:151} INFO - [2026-03-17T07:51:19.677+0000] {dag.py:3696} INFO - Setting next_dagrun for ingestionDAG to 2026-03-17T07:50:49.676906+00:00, run_after=2026-03-17T07:51:19.676906+00:00
[2026-03-17T07:51:19.715+0000] {processor.py:179} INFO - Processing /opt/airflow/dags/ingest_local_folder_dag.py took 1.062 seconds
[2026-03-17T07:51:49.984+0000] {processor.py:157} INFO - Started process (PID=2241) to work on /opt/airflow/dags/ingest_local_folder_dag.py
[2026-03-17T07:51:49.987+0000] {processor.py:829} INFO - Processing file /opt/airflow/dags/ingest_local_folder_dag.py for tasks to queue
[2026-03-17T07:51:49.989+0000] {logging_mixin.py:151} INFO - [2026-03-17T07:51:49.988+0000] {dagbag.py:539} INFO - Filling up the DagBag from /opt/airflow/dags/ingest_local_folder_dag.py
[2026-03-17T07:51:50.870+0000] {processor.py:839} INFO - DAG(s) dict_keys(['ingestionDAG']) retrieved from /opt/airflow/dags/ingest_local_folder_dag.py
[2026-03-17T07:51:50.946+0000] {logging_mixin.py:151} INFO - [2026-03-17T07:51:50.946+0000] {dag.py:2915} INFO - Sync 1 DAGs
[2026-03-17T07:51:51.001+0000] {logging_mixin.py:151} INFO - [2026-03-17T07:51:51.001+0000] {dag.py:3696} INFO - Setting next_dagrun for ingestionDAG to 2026-03-17T07:51:21.000607+00:00, run_after=2026-03-17T07:51:51.000607+00:00
[2026-03-17T07:51:51.040+0000] {processor.py:179} INFO - Processing /opt/airflow/dags/ingest_local_folder_dag.py took 1.066 seconds
[2026-03-17T07:52:21.301+0000] {processor.py:157} INFO - Started process (PID=2259) to work on /opt/airflow/dags/ingest_local_folder_dag.py
[2026-03-17T07:52:21.303+0000] {processor.py:829} INFO - Processing file /opt/airflow/dags/ingest_local_folder_dag.py for tasks to queue
[2026-03-17T07:52:21.305+0000] {logging_mixin.py:151} INFO - [2026-03-17T07:52:21.304+0000] {dagbag.py:539} INFO - Filling up the DagBag from /opt/airflow/dags/ingest_local_folder_dag.py
[2026-03-17T07:52:22.162+0000] {processor.py:839} INFO - DAG(s) dict_keys(['ingestionDAG']) retrieved from /opt/airflow/dags/ingest_local_folder_dag.py
[2026-03-17T07:52:22.238+0000] {logging_mixin.py:151} INFO - [2026-03-17T07:52:22.237+0000] {dag.py:2915} INFO - Sync 1 DAGs
[2026-03-17T07:52:22.291+0000] {logging_mixin.py:151} INFO - [2026-03-17T07:52:22.290+0000] {dag.py:3696} INFO - Setting next_dagrun for ingestionDAG to 2026-03-17T07:51:52.290406+00:00, run_after=2026-03-17T07:52:22.290406+00:00
[2026-03-17T07:52:22.330+0000] {processor.py:179} INFO - Processing /opt/airflow/dags/ingest_local_folder_dag.py took 1.041 seconds
[2026-03-17T07:52:52.592+0000] {processor.py:157} INFO - Started process (PID=2277) to work on /opt/airflow/dags/ingest_local_folder_dag.py
[2026-03-17T07:52:52.595+0000] {processor.py:829} INFO - Processing file /opt/airflow/dags/ingest_local_folder_dag.py for tasks to queue
[2026-03-17T07:52:52.597+0000] {logging_mixin.py:151} INFO - [2026-03-17T07:52:52.596+0000] {dagbag.py:539} INFO - Filling up the DagBag from /opt/airflow/dags/ingest_local_folder_dag.py
[2026-03-17T07:52:53.485+0000] {processor.py:839} INFO - DAG(s) dict_keys(['ingestionDAG']) retrieved from /opt/airflow/dags/ingest_local_folder_dag.py
[2026-03-17T07:52:53.561+0000] {logging_mixin.py:151} INFO - [2026-03-17T07:52:53.561+0000] {dag.py:2915} INFO - Sync 1 DAGs
[2026-03-17T07:52:53.612+0000] {logging_mixin.py:151} INFO - [2026-03-17T07:52:53.611+0000] {dag.py:3696} INFO - Setting next_dagrun for ingestionDAG to 2026-03-17T07:52:23.611575+00:00, run_after=2026-03-17T07:52:53.611575+00:00
[2026-03-17T07:52:53.649+0000] {processor.py:179} INFO - Processing /opt/airflow/dags/ingest_local_folder_dag.py took 1.068 seconds
[2026-03-17T07:53:23.919+0000] {processor.py:157} INFO - Started process (PID=2295) to work on /opt/airflow/dags/ingest_local_folder_dag.py
[2026-03-17T07:53:23.921+0000] {processor.py:829} INFO - Processing file /opt/airflow/dags/ingest_local_folder_dag.py for tasks to queue
[2026-03-17T07:53:23.923+0000] {logging_mixin.py:151} INFO - [2026-03-17T07:53:23.922+0000] {dagbag.py:539} INFO - Filling up the DagBag from /opt/airflow/dags/ingest_local_folder_dag.py
[2026-03-17T07:53:24.802+0000] {processor.py:839} INFO - DAG(s) dict_keys(['ingestionDAG']) retrieved from /opt/airflow/dags/ingest_local_folder_dag.py
[2026-03-17T07:53:24.878+0000] {logging_mixin.py:151} INFO - [2026-03-17T07:53:24.878+0000] {dag.py:2915} INFO - Sync 1 DAGs
[2026-03-17T07:53:24.929+0000] {logging_mixin.py:151} INFO - [2026-03-17T07:53:24.929+0000] {dag.py:3696} INFO - Setting next_dagrun for ingestionDAG to 2026-03-17T07:52:54.928651+00:00, run_after=2026-03-17T07:53:24.928651+00:00
[2026-03-17T07:53:24.967+0000] {processor.py:179} INFO - Processing /opt/airflow/dags/ingest_local_folder_dag.py took 1.059 seconds
[2026-03-17T07:53:55.160+0000] {processor.py:157} INFO - Started process (PID=2313) to work on /opt/airflow/dags/ingest_local_folder_dag.py
[2026-03-17T07:53:55.163+0000] {processor.py:829} INFO - Processing file /opt/airflow/dags/ingest_local_folder_dag.py for tasks to queue
[2026-03-17T07:53:55.165+0000] {logging_mixin.py:151} INFO - [2026-03-17T07:53:55.164+0000] {dagbag.py:539} INFO - Filling up the DagBag from /opt/airflow/dags/ingest_local_folder_dag.py
[2026-03-17T07:53:56.028+0000] {processor.py:839} INFO - DAG(s) dict_keys(['ingestionDAG']) retrieved from /opt/airflow/dags/ingest_local_folder_dag.py
[2026-03-17T07:53:56.103+0000] {logging_mixin.py:151} INFO - [2026-03-17T07:53:56.103+0000] {dag.py:2915} INFO - Sync 1 DAGs
[2026-03-17T07:53:56.157+0000] {logging_mixin.py:151} INFO - [2026-03-17T07:53:56.156+0000] {dag.py:3696} INFO - Setting next_dagrun for ingestionDAG to 2026-03-17T07:53:26.156169+00:00, run_after=2026-03-17T07:53:56.156169+00:00
[2026-03-17T07:53:56.194+0000] {processor.py:179} INFO - Processing /opt/airflow/dags/ingest_local_folder_dag.py took 1.045 seconds
[2026-03-17T07:54:26.426+0000] {processor.py:157} INFO - Started process (PID=2331) to work on /opt/airflow/dags/ingest_local_folder_dag.py
[2026-03-17T07:54:26.429+0000] {processor.py:829} INFO - Processing file /opt/airflow/dags/ingest_local_folder_dag.py for tasks to queue
[2026-03-17T07:54:26.431+0000] {logging_mixin.py:151} INFO - [2026-03-17T07:54:26.430+0000] {dagbag.py:539} INFO - Filling up the DagBag from /opt/airflow/dags/ingest_local_folder_dag.py
[2026-03-17T07:54:27.281+0000] {processor.py:839} INFO - DAG(s) dict_keys(['ingestionDAG']) retrieved from /opt/airflow/dags/ingest_local_folder_dag.py
[2026-03-17T07:54:27.358+0000] {logging_mixin.py:151} INFO - [2026-03-17T07:54:27.358+0000] {dag.py:2915} INFO - Sync 1 DAGs
[2026-03-17T07:54:27.409+0000] {logging_mixin.py:151} INFO - [2026-03-17T07:54:27.408+0000] {dag.py:3696} INFO - Setting next_dagrun for ingestionDAG to 2026-03-17T07:53:57.408573+00:00, run_after=2026-03-17T07:54:27.408573+00:00
[2026-03-17T07:54:27.448+0000] {processor.py:179} INFO - Processing /opt/airflow/dags/ingest_local_folder_dag.py took 1.033 seconds
[2026-03-17T07:54:57.699+0000] {processor.py:157} INFO - Started process (PID=2349) to work on /opt/airflow/dags/ingest_local_folder_dag.py
[2026-03-17T07:54:57.701+0000] {processor.py:829} INFO - Processing file /opt/airflow/dags/ingest_local_folder_dag.py for tasks to queue
[2026-03-17T07:54:57.703+0000] {logging_mixin.py:151} INFO - [2026-03-17T07:54:57.702+0000] {dagbag.py:539} INFO - Filling up the DagBag from /opt/airflow/dags/ingest_local_folder_dag.py
[2026-03-17T07:54:58.551+0000] {processor.py:839} INFO - DAG(s) dict_keys(['ingestionDAG']) retrieved from /opt/airflow/dags/ingest_local_folder_dag.py
[2026-03-17T07:54:58.626+0000] {logging_mixin.py:151} INFO - [2026-03-17T07:54:58.626+0000] {dag.py:2915} INFO - Sync 1 DAGs
[2026-03-17T07:54:58.677+0000] {logging_mixin.py:151} INFO - [2026-03-17T07:54:58.677+0000] {dag.py:3696} INFO - Setting next_dagrun for ingestionDAG to 2026-03-17T07:54:28.677006+00:00, run_after=2026-03-17T07:54:58.677006+00:00
[2026-03-17T07:54:58.715+0000] {processor.py:179} INFO - Processing /opt/airflow/dags/ingest_local_folder_dag.py took 1.027 seconds
[2026-03-17T17:59:09.110+0000] {processor.py:157} INFO - Started process (PID=2366) to work on /opt/airflow/dags/ingest_local_folder_dag.py
[2026-03-17T17:59:09.117+0000] {processor.py:829} INFO - Processing file /opt/airflow/dags/ingest_local_folder_dag.py for tasks to queue
[2026-03-17T17:59:09.120+0000] {logging_mixin.py:151} INFO - [2026-03-17T17:59:09.118+0000] {dagbag.py:539} INFO - Filling up the DagBag from /opt/airflow/dags/ingest_local_folder_dag.py
[2026-03-17T17:59:10.213+0000] {processor.py:839} INFO - DAG(s) dict_keys(['ingestionDAG']) retrieved from /opt/airflow/dags/ingest_local_folder_dag.py
[2026-03-17T17:59:10.291+0000] {logging_mixin.py:151} INFO - [2026-03-17T17:59:10.291+0000] {dag.py:2915} INFO - Sync 1 DAGs
[2026-03-17T17:59:10.344+0000] {logging_mixin.py:151} INFO - [2026-03-17T17:59:10.343+0000] {dag.py:3696} INFO - Setting next_dagrun for ingestionDAG to 2026-03-17T17:58:40.343151+00:00, run_after=2026-03-17T17:59:10.343151+00:00
[2026-03-17T17:59:10.387+0000] {processor.py:179} INFO - Processing /opt/airflow/dags/ingest_local_folder_dag.py took 1.334 seconds
[2026-03-17T17:59:40.655+0000] {processor.py:157} INFO - Started process (PID=2381) to work on /opt/airflow/dags/ingest_local_folder_dag.py
[2026-03-17T17:59:40.657+0000] {processor.py:829} INFO - Processing file /opt/airflow/dags/ingest_local_folder_dag.py for tasks to queue
[2026-03-17T17:59:40.659+0000] {logging_mixin.py:151} INFO - [2026-03-17T17:59:40.658+0000] {dagbag.py:539} INFO - Filling up the DagBag from /opt/airflow/dags/ingest_local_folder_dag.py
[2026-03-17T17:59:41.515+0000] {processor.py:839} INFO - DAG(s) dict_keys(['ingestionDAG']) retrieved from /opt/airflow/dags/ingest_local_folder_dag.py
[2026-03-17T17:59:41.591+0000] {logging_mixin.py:151} INFO - [2026-03-17T17:59:41.590+0000] {dag.py:2915} INFO - Sync 1 DAGs
[2026-03-17T17:59:41.644+0000] {logging_mixin.py:151} INFO - [2026-03-17T17:59:41.643+0000] {dag.py:3696} INFO - Setting next_dagrun for ingestionDAG to 2026-03-17T17:59:11.643511+00:00, run_after=2026-03-17T17:59:41.643511+00:00
[2026-03-17T17:59:41.683+0000] {processor.py:179} INFO - Processing /opt/airflow/dags/ingest_local_folder_dag.py took 1.037 seconds
[2026-03-17T18:00:11.943+0000] {processor.py:157} INFO - Started process (PID=2399) to work on /opt/airflow/dags/ingest_local_folder_dag.py
[2026-03-17T18:00:11.945+0000] {processor.py:829} INFO - Processing file /opt/airflow/dags/ingest_local_folder_dag.py for tasks to queue
[2026-03-17T18:00:11.947+0000] {logging_mixin.py:151} INFO - [2026-03-17T18:00:11.946+0000] {dagbag.py:539} INFO - Filling up the DagBag from /opt/airflow/dags/ingest_local_folder_dag.py
[2026-03-17T18:00:12.806+0000] {processor.py:839} INFO - DAG(s) dict_keys(['ingestionDAG']) retrieved from /opt/airflow/dags/ingest_local_folder_dag.py
[2026-03-17T18:00:12.895+0000] {logging_mixin.py:151} INFO - [2026-03-17T18:00:12.895+0000] {dag.py:2915} INFO - Sync 1 DAGs
[2026-03-17T18:00:12.951+0000] {logging_mixin.py:151} INFO - [2026-03-17T18:00:12.951+0000] {dag.py:3696} INFO - Setting next_dagrun for ingestionDAG to 2026-03-17T17:59:42.950625+00:00, run_after=2026-03-17T18:00:12.950625+00:00
[2026-03-17T18:00:12.990+0000] {processor.py:179} INFO - Processing /opt/airflow/dags/ingest_local_folder_dag.py took 1.058 seconds
[2026-03-17T18:00:43.207+0000] {processor.py:157} INFO - Started process (PID=2417) to work on /opt/airflow/dags/ingest_local_folder_dag.py
[2026-03-17T18:00:43.210+0000] {processor.py:829} INFO - Processing file /opt/airflow/dags/ingest_local_folder_dag.py for tasks to queue
[2026-03-17T18:00:43.212+0000] {logging_mixin.py:151} INFO - [2026-03-17T18:00:43.211+0000] {dagbag.py:539} INFO - Filling up the DagBag from /opt/airflow/dags/ingest_local_folder_dag.py
[2026-03-17T18:00:44.114+0000] {processor.py:839} INFO - DAG(s) dict_keys(['ingestionDAG']) retrieved from /opt/airflow/dags/ingest_local_folder_dag.py
[2026-03-17T18:00:44.204+0000] {logging_mixin.py:151} INFO - [2026-03-17T18:00:44.204+0000] {dag.py:2915} INFO - Sync 1 DAGs
[2026-03-17T18:00:44.255+0000] {logging_mixin.py:151} INFO - [2026-03-17T18:00:44.254+0000] {dag.py:3696} INFO - Setting next_dagrun for ingestionDAG to 2026-03-17T18:00:14.254287+00:00, run_after=2026-03-17T18:00:44.254287+00:00
[2026-03-17T18:00:44.292+0000] {processor.py:179} INFO - Processing /opt/airflow/dags/ingest_local_folder_dag.py took 1.096 seconds
[2026-03-17T18:01:14.472+0000] {processor.py:157} INFO - Started process (PID=2435) to work on /opt/airflow/dags/ingest_local_folder_dag.py
[2026-03-17T18:01:14.474+0000] {processor.py:829} INFO - Processing file /opt/airflow/dags/ingest_local_folder_dag.py for tasks to queue
[2026-03-17T18:01:14.476+0000] {logging_mixin.py:151} INFO - [2026-03-17T18:01:14.475+0000] {dagbag.py:539} INFO - Filling up the DagBag from /opt/airflow/dags/ingest_local_folder_dag.py
[2026-03-17T18:01:15.332+0000] {processor.py:839} INFO - DAG(s) dict_keys(['ingestionDAG']) retrieved from /opt/airflow/dags/ingest_local_folder_dag.py
[2026-03-17T18:01:15.409+0000] {logging_mixin.py:151} INFO - [2026-03-17T18:01:15.409+0000] {dag.py:2915} INFO - Sync 1 DAGs
[2026-03-17T18:01:15.463+0000] {logging_mixin.py:151} INFO - [2026-03-17T18:01:15.462+0000] {dag.py:3696} INFO - Setting next_dagrun for ingestionDAG to 2026-03-17T18:00:45.462305+00:00, run_after=2026-03-17T18:01:15.462305+00:00
[2026-03-17T18:01:15.503+0000] {processor.py:179} INFO - Processing /opt/airflow/dags/ingest_local_folder_dag.py took 1.041 seconds
[2026-03-17T18:01:45.720+0000] {processor.py:157} INFO - Started process (PID=2453) to work on /opt/airflow/dags/ingest_local_folder_dag.py
[2026-03-17T18:01:45.722+0000] {processor.py:829} INFO - Processing file /opt/airflow/dags/ingest_local_folder_dag.py for tasks to queue
[2026-03-17T18:01:45.725+0000] {logging_mixin.py:151} INFO - [2026-03-17T18:01:45.723+0000] {dagbag.py:539} INFO - Filling up the DagBag from /opt/airflow/dags/ingest_local_folder_dag.py
[2026-03-17T18:01:46.588+0000] {processor.py:839} INFO - DAG(s) dict_keys(['ingestionDAG']) retrieved from /opt/airflow/dags/ingest_local_folder_dag.py
[2026-03-17T18:01:46.663+0000] {logging_mixin.py:151} INFO - [2026-03-17T18:01:46.663+0000] {dag.py:2915} INFO - Sync 1 DAGs
[2026-03-17T18:01:46.716+0000] {logging_mixin.py:151} INFO - [2026-03-17T18:01:46.716+0000] {dag.py:3696} INFO - Setting next_dagrun for ingestionDAG to 2026-03-17T18:01:16.715918+00:00, run_after=2026-03-17T18:01:46.715918+00:00
[2026-03-17T18:01:46.755+0000] {processor.py:179} INFO - Processing /opt/airflow/dags/ingest_local_folder_dag.py took 1.045 seconds
[2026-03-17T18:02:17.231+0000] {processor.py:157} INFO - Started process (PID=2471) to work on /opt/airflow/dags/ingest_local_folder_dag.py
[2026-03-17T18:02:17.233+0000] {processor.py:829} INFO - Processing file /opt/airflow/dags/ingest_local_folder_dag.py for tasks to queue
[2026-03-17T18:02:17.236+0000] {logging_mixin.py:151} INFO - [2026-03-17T18:02:17.235+0000] {dagbag.py:539} INFO - Filling up the DagBag from /opt/airflow/dags/ingest_local_folder_dag.py
[2026-03-17T18:02:18.098+0000] {processor.py:839} INFO - DAG(s) dict_keys(['ingestionDAG']) retrieved from /opt/airflow/dags/ingest_local_folder_dag.py
[2026-03-17T18:02:18.176+0000] {logging_mixin.py:151} INFO - [2026-03-17T18:02:18.175+0000] {dag.py:2915} INFO - Sync 1 DAGs
[2026-03-17T18:02:18.227+0000] {logging_mixin.py:151} INFO - [2026-03-17T18:02:18.227+0000] {dag.py:3696} INFO - Setting next_dagrun for ingestionDAG to 2026-03-17T18:01:48.227010+00:00, run_after=2026-03-17T18:02:18.227010+00:00
[2026-03-17T18:02:18.266+0000] {processor.py:179} INFO - Processing /opt/airflow/dags/ingest_local_folder_dag.py took 1.047 seconds
[2026-03-17T18:02:48.490+0000] {processor.py:157} INFO - Started process (PID=2489) to work on /opt/airflow/dags/ingest_local_folder_dag.py
[2026-03-17T18:02:48.493+0000] {processor.py:829} INFO - Processing file /opt/airflow/dags/ingest_local_folder_dag.py for tasks to queue
[2026-03-17T18:02:48.495+0000] {logging_mixin.py:151} INFO - [2026-03-17T18:02:48.494+0000] {dagbag.py:539} INFO - Filling up the DagBag from /opt/airflow/dags/ingest_local_folder_dag.py
[2026-03-17T18:02:49.374+0000] {processor.py:839} INFO - DAG(s) dict_keys(['ingestionDAG']) retrieved from /opt/airflow/dags/ingest_local_folder_dag.py
[2026-03-17T18:02:49.449+0000] {logging_mixin.py:151} INFO - [2026-03-17T18:02:49.448+0000] {dag.py:2915} INFO - Sync 1 DAGs
[2026-03-17T18:02:49.500+0000] {logging_mixin.py:151} INFO - [2026-03-17T18:02:49.499+0000] {dag.py:3696} INFO - Setting next_dagrun for ingestionDAG to 2026-03-17T18:02:19.499194+00:00, run_after=2026-03-17T18:02:49.499194+00:00
[2026-03-17T18:02:49.537+0000] {processor.py:179} INFO - Processing /opt/airflow/dags/ingest_local_folder_dag.py took 1.058 seconds
[2026-03-17T18:03:20.062+0000] {processor.py:157} INFO - Started process (PID=2507) to work on /opt/airflow/dags/ingest_local_folder_dag.py
[2026-03-17T18:03:20.064+0000] {processor.py:829} INFO - Processing file /opt/airflow/dags/ingest_local_folder_dag.py for tasks to queue
[2026-03-17T18:03:20.066+0000] {logging_mixin.py:151} INFO - [2026-03-17T18:03:20.065+0000] {dagbag.py:539} INFO - Filling up the DagBag from /opt/airflow/dags/ingest_local_folder_dag.py
[2026-03-17T18:03:20.656+0000] {processor.py:839} INFO - DAG(s) dict_keys(['ingestionDAG']) retrieved from /opt/airflow/dags/ingest_local_folder_dag.py
[2026-03-17T18:03:20.740+0000] {logging_mixin.py:151} INFO - [2026-03-17T18:03:20.740+0000] {dag.py:2915} INFO - Sync 1 DAGs
[2026-03-17T18:03:20.797+0000] {logging_mixin.py:151} INFO - [2026-03-17T18:03:20.796+0000] {dag.py:3696} INFO - Setting next_dagrun for ingestionDAG to 2026-03-17T18:02:50.796168+00:00, run_after=2026-03-17T18:03:20.796168+00:00
[2026-03-17T18:03:20.837+0000] {processor.py:179} INFO - Processing /opt/airflow/dags/ingest_local_folder_dag.py took 0.785 seconds
[2026-03-17T18:03:51.326+0000] {processor.py:157} INFO - Started process (PID=2525) to work on /opt/airflow/dags/ingest_local_folder_dag.py
[2026-03-17T18:03:51.328+0000] {processor.py:829} INFO - Processing file /opt/airflow/dags/ingest_local_folder_dag.py for tasks to queue
[2026-03-17T18:03:51.330+0000] {logging_mixin.py:151} INFO - [2026-03-17T18:03:51.329+0000] {dagbag.py:539} INFO - Filling up the DagBag from /opt/airflow/dags/ingest_local_folder_dag.py
[2026-03-17T18:03:52.008+0000] {processor.py:839} INFO - DAG(s) dict_keys(['ingestionDAG']) retrieved from /opt/airflow/dags/ingest_local_folder_dag.py
[2026-03-17T18:03:52.107+0000] {logging_mixin.py:151} INFO - [2026-03-17T18:03:52.106+0000] {dag.py:2915} INFO - Sync 1 DAGs
[2026-03-17T18:03:52.173+0000] {logging_mixin.py:151} INFO - [2026-03-17T18:03:52.172+0000] {dag.py:3696} INFO - Setting next_dagrun for ingestionDAG to 2026-03-17T18:03:22.172293+00:00, run_after=2026-03-17T18:03:52.172293+00:00
[2026-03-17T18:03:52.225+0000] {processor.py:179} INFO - Processing /opt/airflow/dags/ingest_local_folder_dag.py took 0.912 seconds
[2026-03-17T18:04:22.878+0000] {processor.py:157} INFO - Started process (PID=2543) to work on /opt/airflow/dags/ingest_local_folder_dag.py
[2026-03-17T18:04:22.880+0000] {processor.py:829} INFO - Processing file /opt/airflow/dags/ingest_local_folder_dag.py for tasks to queue
[2026-03-17T18:04:22.883+0000] {logging_mixin.py:151} INFO - [2026-03-17T18:04:22.882+0000] {dagbag.py:539} INFO - Filling up the DagBag from /opt/airflow/dags/ingest_local_folder_dag.py
[2026-03-17T18:04:23.575+0000] {processor.py:839} INFO - DAG(s) dict_keys(['ingestionDAG']) retrieved from /opt/airflow/dags/ingest_local_folder_dag.py
[2026-03-17T18:04:23.667+0000] {logging_mixin.py:151} INFO - [2026-03-17T18:04:23.666+0000] {dag.py:2915} INFO - Sync 1 DAGs
[2026-03-17T18:04:23.724+0000] {logging_mixin.py:151} INFO - [2026-03-17T18:04:23.723+0000] {dag.py:3696} INFO - Setting next_dagrun for ingestionDAG to 2026-03-17T18:03:53.723024+00:00, run_after=2026-03-17T18:04:23.723024+00:00
[2026-03-17T18:04:23.764+0000] {processor.py:179} INFO - Processing /opt/airflow/dags/ingest_local_folder_dag.py took 0.898 seconds
[2026-03-17T18:04:54.434+0000] {processor.py:157} INFO - Started process (PID=2561) to work on /opt/airflow/dags/ingest_local_folder_dag.py
[2026-03-17T18:04:54.436+0000] {processor.py:829} INFO - Processing file /opt/airflow/dags/ingest_local_folder_dag.py for tasks to queue
[2026-03-17T18:04:54.438+0000] {logging_mixin.py:151} INFO - [2026-03-17T18:04:54.438+0000] {dagbag.py:539} INFO - Filling up the DagBag from /opt/airflow/dags/ingest_local_folder_dag.py
[2026-03-17T18:04:55.047+0000] {processor.py:839} INFO - DAG(s) dict_keys(['ingestionDAG']) retrieved from /opt/airflow/dags/ingest_local_folder_dag.py
[2026-03-17T18:04:55.145+0000] {logging_mixin.py:151} INFO - [2026-03-17T18:04:55.145+0000] {dag.py:2915} INFO - Sync 1 DAGs
[2026-03-17T18:04:55.207+0000] {logging_mixin.py:151} INFO - [2026-03-17T18:04:55.206+0000] {dag.py:3696} INFO - Setting next_dagrun for ingestionDAG to 2026-03-17T18:04:25.206241+00:00, run_after=2026-03-17T18:04:55.206241+00:00
[2026-03-17T18:04:55.264+0000] {processor.py:179} INFO - Processing /opt/airflow/dags/ingest_local_folder_dag.py took 0.841 seconds
[2026-03-17T18:05:25.339+0000] {processor.py:157} INFO - Started process (PID=2579) to work on /opt/airflow/dags/ingest_local_folder_dag.py
[2026-03-17T18:05:25.341+0000] {processor.py:829} INFO - Processing file /opt/airflow/dags/ingest_local_folder_dag.py for tasks to queue
[2026-03-17T18:05:25.343+0000] {logging_mixin.py:151} INFO - [2026-03-17T18:05:25.342+0000] {dagbag.py:539} INFO - Filling up the DagBag from /opt/airflow/dags/ingest_local_folder_dag.py
[2026-03-17T18:05:26.002+0000] {processor.py:839} INFO - DAG(s) dict_keys(['ingestionDAG']) retrieved from /opt/airflow/dags/ingest_local_folder_dag.py
[2026-03-17T18:05:26.099+0000] {logging_mixin.py:151} INFO - [2026-03-17T18:05:26.098+0000] {dag.py:2915} INFO - Sync 1 DAGs
[2026-03-17T18:05:26.168+0000] {logging_mixin.py:151} INFO - [2026-03-17T18:05:26.168+0000] {dag.py:3696} INFO - Setting next_dagrun for ingestionDAG to 2026-03-17T18:04:56.167379+00:00, run_after=2026-03-17T18:05:26.167379+00:00
[2026-03-17T18:05:26.213+0000] {processor.py:179} INFO - Processing /opt/airflow/dags/ingest_local_folder_dag.py took 0.885 seconds
[2026-03-17T18:05:56.600+0000] {processor.py:157} INFO - Started process (PID=2597) to work on /opt/airflow/dags/ingest_local_folder_dag.py
[2026-03-17T18:05:56.602+0000] {processor.py:829} INFO - Processing file /opt/airflow/dags/ingest_local_folder_dag.py for tasks to queue
[2026-03-17T18:05:56.604+0000] {logging_mixin.py:151} INFO - [2026-03-17T18:05:56.603+0000] {dagbag.py:539} INFO - Filling up the DagBag from /opt/airflow/dags/ingest_local_folder_dag.py
[2026-03-17T18:05:57.211+0000] {processor.py:839} INFO - DAG(s) dict_keys(['ingestionDAG']) retrieved from /opt/airflow/dags/ingest_local_folder_dag.py
[2026-03-17T18:05:57.302+0000] {logging_mixin.py:151} INFO - [2026-03-17T18:05:57.301+0000] {dag.py:2915} INFO - Sync 1 DAGs
[2026-03-17T18:05:57.359+0000] {logging_mixin.py:151} INFO - [2026-03-17T18:05:57.359+0000] {dag.py:3696} INFO - Setting next_dagrun for ingestionDAG to 2026-03-17T18:05:27.358639+00:00, run_after=2026-03-17T18:05:57.358639+00:00
[2026-03-17T18:05:57.400+0000] {processor.py:179} INFO - Processing /opt/airflow/dags/ingest_local_folder_dag.py took 0.812 seconds
[2026-03-17T18:06:27.490+0000] {processor.py:157} INFO - Started process (PID=2615) to work on /opt/airflow/dags/ingest_local_folder_dag.py
[2026-03-17T18:06:27.493+0000] {processor.py:829} INFO - Processing file /opt/airflow/dags/ingest_local_folder_dag.py for tasks to queue
[2026-03-17T18:06:27.495+0000] {logging_mixin.py:151} INFO - [2026-03-17T18:06:27.494+0000] {dagbag.py:539} INFO - Filling up the DagBag from /opt/airflow/dags/ingest_local_folder_dag.py
[2026-03-17T18:06:28.082+0000] {processor.py:839} INFO - DAG(s) dict_keys(['ingestionDAG']) retrieved from /opt/airflow/dags/ingest_local_folder_dag.py
[2026-03-17T18:06:28.179+0000] {logging_mixin.py:151} INFO - [2026-03-17T18:06:28.179+0000] {dag.py:2915} INFO - Sync 1 DAGs
[2026-03-17T18:06:28.243+0000] {logging_mixin.py:151} INFO - [2026-03-17T18:06:28.242+0000] {dag.py:3696} INFO - Setting next_dagrun for ingestionDAG to 2026-03-17T18:05:58.242290+00:00, run_after=2026-03-17T18:06:28.242290+00:00
[2026-03-17T18:06:28.288+0000] {processor.py:179} INFO - Processing /opt/airflow/dags/ingest_local_folder_dag.py took 0.809 seconds
[2026-03-17T18:06:58.710+0000] {processor.py:157} INFO - Started process (PID=2633) to work on /opt/airflow/dags/ingest_local_folder_dag.py
[2026-03-17T18:06:58.712+0000] {processor.py:829} INFO - Processing file /opt/airflow/dags/ingest_local_folder_dag.py for tasks to queue
[2026-03-17T18:06:58.715+0000] {logging_mixin.py:151} INFO - [2026-03-17T18:06:58.714+0000] {dagbag.py:539} INFO - Filling up the DagBag from /opt/airflow/dags/ingest_local_folder_dag.py
[2026-03-17T18:06:59.289+0000] {processor.py:839} INFO - DAG(s) dict_keys(['ingestionDAG']) retrieved from /opt/airflow/dags/ingest_local_folder_dag.py
[2026-03-17T18:06:59.385+0000] {logging_mixin.py:151} INFO - [2026-03-17T18:06:59.384+0000] {dag.py:2915} INFO - Sync 1 DAGs
[2026-03-17T18:06:59.463+0000] {logging_mixin.py:151} INFO - [2026-03-17T18:06:59.462+0000] {dag.py:3696} INFO - Setting next_dagrun for ingestionDAG to 2026-03-17T18:06:29.461922+00:00, run_after=2026-03-17T18:06:59.461922+00:00
[2026-03-17T18:06:59.516+0000] {processor.py:179} INFO - Processing /opt/airflow/dags/ingest_local_folder_dag.py took 0.816 seconds
[2026-03-17T18:07:30.249+0000] {processor.py:157} INFO - Started process (PID=2651) to work on /opt/airflow/dags/ingest_local_folder_dag.py
[2026-03-17T18:07:30.252+0000] {processor.py:829} INFO - Processing file /opt/airflow/dags/ingest_local_folder_dag.py for tasks to queue
[2026-03-17T18:07:30.254+0000] {logging_mixin.py:151} INFO - [2026-03-17T18:07:30.253+0000] {dagbag.py:539} INFO - Filling up the DagBag from /opt/airflow/dags/ingest_local_folder_dag.py
[2026-03-17T18:07:30.843+0000] {processor.py:839} INFO - DAG(s) dict_keys(['ingestionDAG']) retrieved from /opt/airflow/dags/ingest_local_folder_dag.py
[2026-03-17T18:07:30.931+0000] {logging_mixin.py:151} INFO - [2026-03-17T18:07:30.930+0000] {dag.py:2915} INFO - Sync 1 DAGs
[2026-03-17T18:07:30.991+0000] {logging_mixin.py:151} INFO - [2026-03-17T18:07:30.991+0000] {dag.py:3696} INFO - Setting next_dagrun for ingestionDAG to 2026-03-17T18:07:00.990659+00:00, run_after=2026-03-17T18:07:30.990659+00:00
[2026-03-17T18:07:31.032+0000] {processor.py:179} INFO - Processing /opt/airflow/dags/ingest_local_folder_dag.py took 0.794 seconds
[2026-03-17T18:08:01.622+0000] {processor.py:157} INFO - Started process (PID=2669) to work on /opt/airflow/dags/ingest_local_folder_dag.py
[2026-03-17T18:08:01.625+0000] {processor.py:829} INFO - Processing file /opt/airflow/dags/ingest_local_folder_dag.py for tasks to queue
[2026-03-17T18:08:01.627+0000] {logging_mixin.py:151} INFO - [2026-03-17T18:08:01.626+0000] {dagbag.py:539} INFO - Filling up the DagBag from /opt/airflow/dags/ingest_local_folder_dag.py
[2026-03-17T18:08:02.239+0000] {processor.py:839} INFO - DAG(s) dict_keys(['ingestionDAG']) retrieved from /opt/airflow/dags/ingest_local_folder_dag.py
[2026-03-17T18:08:02.340+0000] {logging_mixin.py:151} INFO - [2026-03-17T18:08:02.339+0000] {dag.py:2915} INFO - Sync 1 DAGs
[2026-03-17T18:08:02.404+0000] {logging_mixin.py:151} INFO - [2026-03-17T18:08:02.404+0000] {dag.py:3696} INFO - Setting next_dagrun for ingestionDAG to 2026-03-17T18:07:32.403508+00:00, run_after=2026-03-17T18:08:02.403508+00:00
[2026-03-17T18:08:02.450+0000] {processor.py:179} INFO - Processing /opt/airflow/dags/ingest_local_folder_dag.py took 0.840 seconds
[2026-03-17T18:08:32.533+0000] {processor.py:157} INFO - Started process (PID=2687) to work on /opt/airflow/dags/ingest_local_folder_dag.py
[2026-03-17T18:08:32.536+0000] {processor.py:829} INFO - Processing file /opt/airflow/dags/ingest_local_folder_dag.py for tasks to queue
[2026-03-17T18:08:32.538+0000] {logging_mixin.py:151} INFO - [2026-03-17T18:08:32.537+0000] {dagbag.py:539} INFO - Filling up the DagBag from /opt/airflow/dags/ingest_local_folder_dag.py
[2026-03-17T18:08:33.184+0000] {processor.py:839} INFO - DAG(s) dict_keys(['ingestionDAG']) retrieved from /opt/airflow/dags/ingest_local_folder_dag.py
[2026-03-17T18:08:33.286+0000] {logging_mixin.py:151} INFO - [2026-03-17T18:08:33.286+0000] {dag.py:2915} INFO - Sync 1 DAGs
[2026-03-17T18:08:33.355+0000] {logging_mixin.py:151} INFO - [2026-03-17T18:08:33.354+0000] {dag.py:3696} INFO - Setting next_dagrun for ingestionDAG to 2026-03-17T18:08:03.354223+00:00, run_after=2026-03-17T18:08:33.354223+00:00
[2026-03-17T18:08:33.404+0000] {processor.py:179} INFO - Processing /opt/airflow/dags/ingest_local_folder_dag.py took 0.883 seconds
[2026-03-17T18:09:03.533+0000] {processor.py:157} INFO - Started process (PID=2705) to work on /opt/airflow/dags/ingest_local_folder_dag.py
[2026-03-17T18:09:03.536+0000] {processor.py:829} INFO - Processing file /opt/airflow/dags/ingest_local_folder_dag.py for tasks to queue
[2026-03-17T18:09:03.539+0000] {logging_mixin.py:151} INFO - [2026-03-17T18:09:03.538+0000] {dagbag.py:539} INFO - Filling up the DagBag from /opt/airflow/dags/ingest_local_folder_dag.py
[2026-03-17T18:09:04.168+0000] {processor.py:839} INFO - DAG(s) dict_keys(['ingestionDAG']) retrieved from /opt/airflow/dags/ingest_local_folder_dag.py
[2026-03-17T18:09:04.258+0000] {logging_mixin.py:151} INFO - [2026-03-17T18:09:04.257+0000] {dag.py:2915} INFO - Sync 1 DAGs
[2026-03-17T18:09:04.322+0000] {logging_mixin.py:151} INFO - [2026-03-17T18:09:04.322+0000] {dag.py:3696} INFO - Setting next_dagrun for ingestionDAG to 2026-03-17T18:08:34.321528+00:00, run_after=2026-03-17T18:09:04.321528+00:00
[2026-03-17T18:09:04.378+0000] {processor.py:179} INFO - Processing /opt/airflow/dags/ingest_local_folder_dag.py took 0.857 seconds
[2026-03-17T18:09:35.025+0000] {processor.py:157} INFO - Started process (PID=2723) to work on /opt/airflow/dags/ingest_local_folder_dag.py
[2026-03-17T18:09:35.027+0000] {processor.py:829} INFO - Processing file /opt/airflow/dags/ingest_local_folder_dag.py for tasks to queue
[2026-03-17T18:09:35.030+0000] {logging_mixin.py:151} INFO - [2026-03-17T18:09:35.029+0000] {dagbag.py:539} INFO - Filling up the DagBag from /opt/airflow/dags/ingest_local_folder_dag.py
[2026-03-17T18:09:35.654+0000] {processor.py:839} INFO - DAG(s) dict_keys(['ingestionDAG']) retrieved from /opt/airflow/dags/ingest_local_folder_dag.py
[2026-03-17T18:09:35.749+0000] {logging_mixin.py:151} INFO - [2026-03-17T18:09:35.749+0000] {dag.py:2915} INFO - Sync 1 DAGs
[2026-03-17T18:09:35.815+0000] {logging_mixin.py:151} INFO - [2026-03-17T18:09:35.815+0000] {dag.py:3696} INFO - Setting next_dagrun for ingestionDAG to 2026-03-17T18:09:05.814768+00:00, run_after=2026-03-17T18:09:35.814768+00:00
[2026-03-17T18:09:35.859+0000] {processor.py:179} INFO - Processing /opt/airflow/dags/ingest_local_folder_dag.py took 0.845 seconds
[2026-03-17T18:10:06.447+0000] {processor.py:157} INFO - Started process (PID=2741) to work on /opt/airflow/dags/ingest_local_folder_dag.py
[2026-03-17T18:10:06.450+0000] {processor.py:829} INFO - Processing file /opt/airflow/dags/ingest_local_folder_dag.py for tasks to queue
[2026-03-17T18:10:06.453+0000] {logging_mixin.py:151} INFO - [2026-03-17T18:10:06.451+0000] {dagbag.py:539} INFO - Filling up the DagBag from /opt/airflow/dags/ingest_local_folder_dag.py
[2026-03-17T18:10:07.103+0000] {processor.py:839} INFO - DAG(s) dict_keys(['ingestionDAG']) retrieved from /opt/airflow/dags/ingest_local_folder_dag.py
[2026-03-17T18:10:07.193+0000] {logging_mixin.py:151} INFO - [2026-03-17T18:10:07.193+0000] {dag.py:2915} INFO - Sync 1 DAGs
[2026-03-17T18:10:07.255+0000] {logging_mixin.py:151} INFO - [2026-03-17T18:10:07.254+0000] {dag.py:3696} INFO - Setting next_dagrun for ingestionDAG to 2026-03-17T18:09:37.254228+00:00, run_after=2026-03-17T18:10:07.254228+00:00
[2026-03-17T18:10:07.297+0000] {processor.py:179} INFO - Processing /opt/airflow/dags/ingest_local_folder_dag.py took 0.862 seconds
[2026-03-17T18:10:37.409+0000] {processor.py:157} INFO - Started process (PID=2759) to work on /opt/airflow/dags/ingest_local_folder_dag.py
[2026-03-17T18:10:37.411+0000] {processor.py:829} INFO - Processing file /opt/airflow/dags/ingest_local_folder_dag.py for tasks to queue
[2026-03-17T18:10:37.413+0000] {logging_mixin.py:151} INFO - [2026-03-17T18:10:37.412+0000] {dagbag.py:539} INFO - Filling up the DagBag from /opt/airflow/dags/ingest_local_folder_dag.py
[2026-03-17T18:10:38.058+0000] {processor.py:839} INFO - DAG(s) dict_keys(['ingestionDAG']) retrieved from /opt/airflow/dags/ingest_local_folder_dag.py
[2026-03-17T18:10:38.155+0000] {logging_mixin.py:151} INFO - [2026-03-17T18:10:38.154+0000] {dag.py:2915} INFO - Sync 1 DAGs
[2026-03-17T18:10:38.215+0000] {logging_mixin.py:151} INFO - [2026-03-17T18:10:38.215+0000] {dag.py:3696} INFO - Setting next_dagrun for ingestionDAG to 2026-03-17T18:10:08.214795+00:00, run_after=2026-03-17T18:10:38.214795+00:00
[2026-03-17T18:10:38.263+0000] {processor.py:179} INFO - Processing /opt/airflow/dags/ingest_local_folder_dag.py took 0.866 seconds
[2026-03-17T18:11:08.390+0000] {processor.py:157} INFO - Started process (PID=2777) to work on /opt/airflow/dags/ingest_local_folder_dag.py
[2026-03-17T18:11:08.393+0000] {processor.py:829} INFO - Processing file /opt/airflow/dags/ingest_local_folder_dag.py for tasks to queue
[2026-03-17T18:11:08.395+0000] {logging_mixin.py:151} INFO - [2026-03-17T18:11:08.394+0000] {dagbag.py:539} INFO - Filling up the DagBag from /opt/airflow/dags/ingest_local_folder_dag.py
[2026-03-17T18:11:09.043+0000] {processor.py:839} INFO - DAG(s) dict_keys(['ingestionDAG']) retrieved from /opt/airflow/dags/ingest_local_folder_dag.py
[2026-03-17T18:11:09.160+0000] {logging_mixin.py:151} INFO - [2026-03-17T18:11:09.159+0000] {dag.py:2915} INFO - Sync 1 DAGs
[2026-03-17T18:11:09.222+0000] {logging_mixin.py:151} INFO - [2026-03-17T18:11:09.221+0000] {dag.py:3696} INFO - Setting next_dagrun for ingestionDAG to 2026-03-17T18:10:39.221408+00:00, run_after=2026-03-17T18:11:09.221408+00:00
[2026-03-17T18:11:09.275+0000] {processor.py:179} INFO - Processing /opt/airflow/dags/ingest_local_folder_dag.py took 0.897 seconds
[2026-03-17T18:11:40.146+0000] {processor.py:157} INFO - Started process (PID=2795) to work on /opt/airflow/dags/ingest_local_folder_dag.py
[2026-03-17T18:11:40.149+0000] {processor.py:829} INFO - Processing file /opt/airflow/dags/ingest_local_folder_dag.py for tasks to queue
[2026-03-17T18:11:40.152+0000] {logging_mixin.py:151} INFO - [2026-03-17T18:11:40.151+0000] {dagbag.py:539} INFO - Filling up the DagBag from /opt/airflow/dags/ingest_local_folder_dag.py
[2026-03-17T18:11:40.798+0000] {processor.py:839} INFO - DAG(s) dict_keys(['ingestionDAG']) retrieved from /opt/airflow/dags/ingest_local_folder_dag.py
[2026-03-17T18:11:40.889+0000] {logging_mixin.py:151} INFO - [2026-03-17T18:11:40.888+0000] {dag.py:2915} INFO - Sync 1 DAGs
[2026-03-17T18:11:40.955+0000] {logging_mixin.py:151} INFO - [2026-03-17T18:11:40.954+0000] {dag.py:3696} INFO - Setting next_dagrun for ingestionDAG to 2026-03-17T18:11:10.954274+00:00, run_after=2026-03-17T18:11:40.954274+00:00
[2026-03-17T18:11:41.010+0000] {processor.py:179} INFO - Processing /opt/airflow/dags/ingest_local_folder_dag.py took 0.876 seconds
[2026-03-17T18:12:11.422+0000] {processor.py:157} INFO - Started process (PID=2813) to work on /opt/airflow/dags/ingest_local_folder_dag.py
[2026-03-17T18:12:11.425+0000] {processor.py:829} INFO - Processing file /opt/airflow/dags/ingest_local_folder_dag.py for tasks to queue
[2026-03-17T18:12:11.427+0000] {logging_mixin.py:151} INFO - [2026-03-17T18:12:11.426+0000] {dagbag.py:539} INFO - Filling up the DagBag from /opt/airflow/dags/ingest_local_folder_dag.py
[2026-03-17T18:12:12.086+0000] {processor.py:839} INFO - DAG(s) dict_keys(['ingestionDAG']) retrieved from /opt/airflow/dags/ingest_local_folder_dag.py
[2026-03-17T18:12:12.190+0000] {logging_mixin.py:151} INFO - [2026-03-17T18:12:12.189+0000] {dag.py:2915} INFO - Sync 1 DAGs
[2026-03-17T18:12:12.251+0000] {logging_mixin.py:151} INFO - [2026-03-17T18:12:12.251+0000] {dag.py:3696} INFO - Setting next_dagrun for ingestionDAG to 2026-03-17T18:11:42.250681+00:00, run_after=2026-03-17T18:12:12.250681+00:00
[2026-03-17T18:12:12.297+0000] {processor.py:179} INFO - Processing /opt/airflow/dags/ingest_local_folder_dag.py took 0.886 seconds
[2026-03-17T18:12:43.132+0000] {processor.py:157} INFO - Started process (PID=2831) to work on /opt/airflow/dags/ingest_local_folder_dag.py
[2026-03-17T18:12:43.134+0000] {processor.py:829} INFO - Processing file /opt/airflow/dags/ingest_local_folder_dag.py for tasks to queue
[2026-03-17T18:12:43.136+0000] {logging_mixin.py:151} INFO - [2026-03-17T18:12:43.135+0000] {dagbag.py:539} INFO - Filling up the DagBag from /opt/airflow/dags/ingest_local_folder_dag.py
[2026-03-17T18:12:43.790+0000] {processor.py:839} INFO - DAG(s) dict_keys(['ingestionDAG']) retrieved from /opt/airflow/dags/ingest_local_folder_dag.py
[2026-03-17T18:12:43.883+0000] {logging_mixin.py:151} INFO - [2026-03-17T18:12:43.883+0000] {dag.py:2915} INFO - Sync 1 DAGs
[2026-03-17T18:12:43.945+0000] {logging_mixin.py:151} INFO - [2026-03-17T18:12:43.945+0000] {dag.py:3696} INFO - Setting next_dagrun for ingestionDAG to 2026-03-17T18:12:13.944707+00:00, run_after=2026-03-17T18:12:43.944707+00:00
[2026-03-17T18:12:43.992+0000] {processor.py:179} INFO - Processing /opt/airflow/dags/ingest_local_folder_dag.py took 0.873 seconds
[2026-03-17T18:13:14.449+0000] {processor.py:157} INFO - Started process (PID=2849) to work on /opt/airflow/dags/ingest_local_folder_dag.py
[2026-03-17T18:13:14.452+0000] {processor.py:829} INFO - Processing file /opt/airflow/dags/ingest_local_folder_dag.py for tasks to queue
[2026-03-17T18:13:14.454+0000] {logging_mixin.py:151} INFO - [2026-03-17T18:13:14.453+0000] {dagbag.py:539} INFO - Filling up the DagBag from /opt/airflow/dags/ingest_local_folder_dag.py
[2026-03-17T18:13:15.118+0000] {processor.py:839} INFO - DAG(s) dict_keys(['ingestionDAG']) retrieved from /opt/airflow/dags/ingest_local_folder_dag.py
[2026-03-17T18:13:15.218+0000] {logging_mixin.py:151} INFO - [2026-03-17T18:13:15.218+0000] {dag.py:2915} INFO - Sync 1 DAGs
[2026-03-17T18:13:15.285+0000] {logging_mixin.py:151} INFO - [2026-03-17T18:13:15.285+0000] {dag.py:3696} INFO - Setting next_dagrun for ingestionDAG to 2026-03-17T18:12:45.284394+00:00, run_after=2026-03-17T18:13:15.284394+00:00
[2026-03-17T18:13:15.332+0000] {processor.py:179} INFO - Processing /opt/airflow/dags/ingest_local_folder_dag.py took 0.895 seconds
[2026-03-17T18:13:46.129+0000] {processor.py:157} INFO - Started process (PID=2867) to work on /opt/airflow/dags/ingest_local_folder_dag.py
[2026-03-17T18:13:46.132+0000] {processor.py:829} INFO - Processing file /opt/airflow/dags/ingest_local_folder_dag.py for tasks to queue
[2026-03-17T18:13:46.134+0000] {logging_mixin.py:151} INFO - [2026-03-17T18:13:46.133+0000] {dagbag.py:539} INFO - Filling up the DagBag from /opt/airflow/dags/ingest_local_folder_dag.py
[2026-03-17T18:13:46.814+0000] {processor.py:839} INFO - DAG(s) dict_keys(['ingestionDAG']) retrieved from /opt/airflow/dags/ingest_local_folder_dag.py
[2026-03-17T18:13:46.912+0000] {logging_mixin.py:151} INFO - [2026-03-17T18:13:46.911+0000] {dag.py:2915} INFO - Sync 1 DAGs
[2026-03-17T18:13:46.983+0000] {logging_mixin.py:151} INFO - [2026-03-17T18:13:46.982+0000] {dag.py:3696} INFO - Setting next_dagrun for ingestionDAG to 2026-03-17T18:13:16.982118+00:00, run_after=2026-03-17T18:13:46.982118+00:00
[2026-03-17T18:13:47.034+0000] {processor.py:179} INFO - Processing /opt/airflow/dags/ingest_local_folder_dag.py took 0.917 seconds
[2026-03-17T18:14:17.313+0000] {processor.py:157} INFO - Started process (PID=2885) to work on /opt/airflow/dags/ingest_local_folder_dag.py
[2026-03-17T18:14:17.316+0000] {processor.py:829} INFO - Processing file /opt/airflow/dags/ingest_local_folder_dag.py for tasks to queue
[2026-03-17T18:14:17.318+0000] {logging_mixin.py:151} INFO - [2026-03-17T18:14:17.317+0000] {dagbag.py:539} INFO - Filling up the DagBag from /opt/airflow/dags/ingest_local_folder_dag.py
[2026-03-17T18:14:17.980+0000] {processor.py:839} INFO - DAG(s) dict_keys(['ingestionDAG']) retrieved from /opt/airflow/dags/ingest_local_folder_dag.py
[2026-03-17T18:14:18.069+0000] {logging_mixin.py:151} INFO - [2026-03-17T18:14:18.068+0000] {dag.py:2915} INFO - Sync 1 DAGs
[2026-03-17T18:14:18.126+0000] {logging_mixin.py:151} INFO - [2026-03-17T18:14:18.126+0000] {dag.py:3696} INFO - Setting next_dagrun for ingestionDAG to 2026-03-17T18:13:48.125742+00:00, run_after=2026-03-17T18:14:18.125742+00:00
[2026-03-17T18:14:18.167+0000] {processor.py:179} INFO - Processing /opt/airflow/dags/ingest_local_folder_dag.py took 0.867 seconds
[2026-03-17T18:14:48.272+0000] {processor.py:157} INFO - Started process (PID=2903) to work on /opt/airflow/dags/ingest_local_folder_dag.py
[2026-03-17T18:14:48.275+0000] {processor.py:829} INFO - Processing file /opt/airflow/dags/ingest_local_folder_dag.py for tasks to queue
[2026-03-17T18:14:48.277+0000] {logging_mixin.py:151} INFO - [2026-03-17T18:14:48.276+0000] {dagbag.py:539} INFO - Filling up the DagBag from /opt/airflow/dags/ingest_local_folder_dag.py
[2026-03-17T18:14:48.900+0000] {processor.py:839} INFO - DAG(s) dict_keys(['ingestionDAG']) retrieved from /opt/airflow/dags/ingest_local_folder_dag.py
[2026-03-17T18:14:48.986+0000] {logging_mixin.py:151} INFO - [2026-03-17T18:14:48.986+0000] {dag.py:2915} INFO - Sync 1 DAGs
[2026-03-17T18:14:49.044+0000] {logging_mixin.py:151} INFO - [2026-03-17T18:14:49.044+0000] {dag.py:3696} INFO - Setting next_dagrun for ingestionDAG to 2026-03-17T18:14:19.043561+00:00, run_after=2026-03-17T18:14:49.043561+00:00
[2026-03-17T18:14:49.087+0000] {processor.py:179} INFO - Processing /opt/airflow/dags/ingest_local_folder_dag.py took 0.826 seconds
[2026-03-17T18:15:19.523+0000] {processor.py:157} INFO - Started process (PID=2921) to work on /opt/airflow/dags/ingest_local_folder_dag.py
[2026-03-17T18:15:19.525+0000] {processor.py:829} INFO - Processing file /opt/airflow/dags/ingest_local_folder_dag.py for tasks to queue
[2026-03-17T18:15:19.527+0000] {logging_mixin.py:151} INFO - [2026-03-17T18:15:19.526+0000] {dagbag.py:539} INFO - Filling up the DagBag from /opt/airflow/dags/ingest_local_folder_dag.py
[2026-03-17T18:15:20.092+0000] {processor.py:839} INFO - DAG(s) dict_keys(['ingestionDAG']) retrieved from /opt/airflow/dags/ingest_local_folder_dag.py
[2026-03-17T18:15:20.177+0000] {logging_mixin.py:151} INFO - [2026-03-17T18:15:20.177+0000] {dag.py:2915} INFO - Sync 1 DAGs
[2026-03-17T18:15:20.234+0000] {logging_mixin.py:151} INFO - [2026-03-17T18:15:20.234+0000] {dag.py:3696} INFO - Setting next_dagrun for ingestionDAG to 2026-03-17T18:14:50.233778+00:00, run_after=2026-03-17T18:15:20.233778+00:00
[2026-03-17T18:15:20.280+0000] {processor.py:179} INFO - Processing /opt/airflow/dags/ingest_local_folder_dag.py took 0.769 seconds
[2026-03-17T18:15:50.423+0000] {processor.py:157} INFO - Started process (PID=2939) to work on /opt/airflow/dags/ingest_local_folder_dag.py
[2026-03-17T18:15:50.425+0000] {processor.py:829} INFO - Processing file /opt/airflow/dags/ingest_local_folder_dag.py for tasks to queue
[2026-03-17T18:15:50.427+0000] {logging_mixin.py:151} INFO - [2026-03-17T18:15:50.426+0000] {dagbag.py:539} INFO - Filling up the DagBag from /opt/airflow/dags/ingest_local_folder_dag.py
[2026-03-17T18:15:50.987+0000] {processor.py:839} INFO - DAG(s) dict_keys(['ingestionDAG']) retrieved from /opt/airflow/dags/ingest_local_folder_dag.py
[2026-03-17T18:15:51.073+0000] {logging_mixin.py:151} INFO - [2026-03-17T18:15:51.072+0000] {dag.py:2915} INFO - Sync 1 DAGs
[2026-03-17T18:15:51.132+0000] {logging_mixin.py:151} INFO - [2026-03-17T18:15:51.132+0000] {dag.py:3696} INFO - Setting next_dagrun for ingestionDAG to 2026-03-17T18:15:21.131886+00:00, run_after=2026-03-17T18:15:51.131886+00:00
[2026-03-17T18:15:51.173+0000] {processor.py:179} INFO - Processing /opt/airflow/dags/ingest_local_folder_dag.py took 0.760 seconds
[2026-03-17T18:16:21.573+0000] {processor.py:157} INFO - Started process (PID=2957) to work on /opt/airflow/dags/ingest_local_folder_dag.py
[2026-03-17T18:16:21.576+0000] {processor.py:829} INFO - Processing file /opt/airflow/dags/ingest_local_folder_dag.py for tasks to queue
[2026-03-17T18:16:21.578+0000] {logging_mixin.py:151} INFO - [2026-03-17T18:16:21.577+0000] {dagbag.py:539} INFO - Filling up the DagBag from /opt/airflow/dags/ingest_local_folder_dag.py
[2026-03-17T18:16:22.132+0000] {processor.py:839} INFO - DAG(s) dict_keys(['ingestionDAG']) retrieved from /opt/airflow/dags/ingest_local_folder_dag.py
[2026-03-17T18:16:22.220+0000] {logging_mixin.py:151} INFO - [2026-03-17T18:16:22.219+0000] {dag.py:2915} INFO - Sync 1 DAGs
[2026-03-17T18:16:22.277+0000] {logging_mixin.py:151} INFO - [2026-03-17T18:16:22.277+0000] {dag.py:3696} INFO - Setting next_dagrun for ingestionDAG to 2026-03-17T18:15:52.276449+00:00, run_after=2026-03-17T18:16:22.276449+00:00
[2026-03-17T18:16:22.317+0000] {processor.py:179} INFO - Processing /opt/airflow/dags/ingest_local_folder_dag.py took 0.755 seconds
[2026-03-17T18:16:52.472+0000] {processor.py:157} INFO - Started process (PID=2975) to work on /opt/airflow/dags/ingest_local_folder_dag.py
[2026-03-17T18:16:52.475+0000] {processor.py:829} INFO - Processing file /opt/airflow/dags/ingest_local_folder_dag.py for tasks to queue
[2026-03-17T18:16:52.477+0000] {logging_mixin.py:151} INFO - [2026-03-17T18:16:52.476+0000] {dagbag.py:539} INFO - Filling up the DagBag from /opt/airflow/dags/ingest_local_folder_dag.py
[2026-03-17T18:16:53.033+0000] {processor.py:839} INFO - DAG(s) dict_keys(['ingestionDAG']) retrieved from /opt/airflow/dags/ingest_local_folder_dag.py
[2026-03-17T18:16:53.118+0000] {logging_mixin.py:151} INFO - [2026-03-17T18:16:53.118+0000] {dag.py:2915} INFO - Sync 1 DAGs
[2026-03-17T18:16:53.175+0000] {logging_mixin.py:151} INFO - [2026-03-17T18:16:53.175+0000] {dag.py:3696} INFO - Setting next_dagrun for ingestionDAG to 2026-03-17T18:16:23.174935+00:00, run_after=2026-03-17T18:16:53.174935+00:00
[2026-03-17T18:16:53.216+0000] {processor.py:179} INFO - Processing /opt/airflow/dags/ingest_local_folder_dag.py took 0.754 seconds
[2026-03-17T18:17:23.294+0000] {processor.py:157} INFO - Started process (PID=2993) to work on /opt/airflow/dags/ingest_local_folder_dag.py
[2026-03-17T18:17:23.297+0000] {processor.py:829} INFO - Processing file /opt/airflow/dags/ingest_local_folder_dag.py for tasks to queue
[2026-03-17T18:17:23.299+0000] {logging_mixin.py:151} INFO - [2026-03-17T18:17:23.298+0000] {dagbag.py:539} INFO - Filling up the DagBag from /opt/airflow/dags/ingest_local_folder_dag.py
[2026-03-17T18:17:23.854+0000] {processor.py:839} INFO - DAG(s) dict_keys(['ingestionDAG']) retrieved from /opt/airflow/dags/ingest_local_folder_dag.py
[2026-03-17T18:17:23.939+0000] {logging_mixin.py:151} INFO - [2026-03-17T18:17:23.939+0000] {dag.py:2915} INFO - Sync 1 DAGs
[2026-03-17T18:17:23.996+0000] {logging_mixin.py:151} INFO - [2026-03-17T18:17:23.996+0000] {dag.py:3696} INFO - Setting next_dagrun for ingestionDAG to 2026-03-17T18:16:53.995984+00:00, run_after=2026-03-17T18:17:23.995984+00:00
[2026-03-17T18:17:24.041+0000] {processor.py:179} INFO - Processing /opt/airflow/dags/ingest_local_folder_dag.py took 0.757 seconds
[2026-03-17T18:17:54.323+0000] {processor.py:157} INFO - Started process (PID=3009) to work on /opt/airflow/dags/ingest_local_folder_dag.py
[2026-03-17T18:17:54.325+0000] {processor.py:829} INFO - Processing file /opt/airflow/dags/ingest_local_folder_dag.py for tasks to queue
[2026-03-17T18:17:54.327+0000] {logging_mixin.py:151} INFO - [2026-03-17T18:17:54.326+0000] {dagbag.py:539} INFO - Filling up the DagBag from /opt/airflow/dags/ingest_local_folder_dag.py
[2026-03-17T18:17:54.886+0000] {processor.py:839} INFO - DAG(s) dict_keys(['ingestionDAG']) retrieved from /opt/airflow/dags/ingest_local_folder_dag.py
[2026-03-17T18:17:54.972+0000] {logging_mixin.py:151} INFO - [2026-03-17T18:17:54.972+0000] {dag.py:2915} INFO - Sync 1 DAGs
[2026-03-17T18:17:55.034+0000] {logging_mixin.py:151} INFO - [2026-03-17T18:17:55.033+0000] {dag.py:3696} INFO - Setting next_dagrun for ingestionDAG to 2026-03-17T18:17:25.033030+00:00, run_after=2026-03-17T18:17:55.033030+00:00
[2026-03-17T18:17:55.076+0000] {processor.py:179} INFO - Processing /opt/airflow/dags/ingest_local_folder_dag.py took 0.763 seconds
[2026-03-17T18:18:25.363+0000] {processor.py:157} INFO - Started process (PID=3026) to work on /opt/airflow/dags/ingest_local_folder_dag.py
[2026-03-17T18:18:25.366+0000] {processor.py:829} INFO - Processing file /opt/airflow/dags/ingest_local_folder_dag.py for tasks to queue
[2026-03-17T18:18:25.368+0000] {logging_mixin.py:151} INFO - [2026-03-17T18:18:25.367+0000] {dagbag.py:539} INFO - Filling up the DagBag from /opt/airflow/dags/ingest_local_folder_dag.py
[2026-03-17T18:18:25.958+0000] {processor.py:839} INFO - DAG(s) dict_keys(['ingestionDAG']) retrieved from /opt/airflow/dags/ingest_local_folder_dag.py
[2026-03-17T18:18:26.058+0000] {logging_mixin.py:151} INFO - [2026-03-17T18:18:26.057+0000] {dag.py:2915} INFO - Sync 1 DAGs
[2026-03-17T18:18:26.123+0000] {logging_mixin.py:151} INFO - [2026-03-17T18:18:26.122+0000] {dag.py:3696} INFO - Setting next_dagrun for ingestionDAG to 2026-03-17T18:17:56.121914+00:00, run_after=2026-03-17T18:18:26.121914+00:00
[2026-03-17T18:18:26.165+0000] {processor.py:179} INFO - Processing /opt/airflow/dags/ingest_local_folder_dag.py took 0.813 seconds
[2026-03-17T18:18:56.787+0000] {processor.py:157} INFO - Started process (PID=3041) to work on /opt/airflow/dags/ingest_local_folder_dag.py
[2026-03-17T18:18:56.789+0000] {processor.py:829} INFO - Processing file /opt/airflow/dags/ingest_local_folder_dag.py for tasks to queue
[2026-03-17T18:18:56.791+0000] {logging_mixin.py:151} INFO - [2026-03-17T18:18:56.790+0000] {dagbag.py:539} INFO - Filling up the DagBag from /opt/airflow/dags/ingest_local_folder_dag.py
[2026-03-17T18:18:57.380+0000] {processor.py:839} INFO - DAG(s) dict_keys(['ingestionDAG']) retrieved from /opt/airflow/dags/ingest_local_folder_dag.py
[2026-03-17T18:18:57.476+0000] {logging_mixin.py:151} INFO - [2026-03-17T18:18:57.475+0000] {dag.py:2915} INFO - Sync 1 DAGs
[2026-03-17T18:18:57.540+0000] {logging_mixin.py:151} INFO - [2026-03-17T18:18:57.539+0000] {dag.py:3696} INFO - Setting next_dagrun for ingestionDAG to 2026-03-17T18:18:27.539146+00:00, run_after=2026-03-17T18:18:57.539146+00:00
[2026-03-17T18:18:57.585+0000] {processor.py:179} INFO - Processing /opt/airflow/dags/ingest_local_folder_dag.py took 0.810 seconds
[2026-03-17T18:19:28.603+0000] {processor.py:157} INFO - Started process (PID=3059) to work on /opt/airflow/dags/ingest_local_folder_dag.py
[2026-03-17T18:19:28.605+0000] {processor.py:829} INFO - Processing file /opt/airflow/dags/ingest_local_folder_dag.py for tasks to queue
[2026-03-17T18:19:28.608+0000] {logging_mixin.py:151} INFO - [2026-03-17T18:19:28.607+0000] {dagbag.py:539} INFO - Filling up the DagBag from /opt/airflow/dags/ingest_local_folder_dag.py
[2026-03-17T18:19:29.192+0000] {processor.py:839} INFO - DAG(s) dict_keys(['ingestionDAG']) retrieved from /opt/airflow/dags/ingest_local_folder_dag.py
[2026-03-17T18:19:29.278+0000] {logging_mixin.py:151} INFO - [2026-03-17T18:19:29.278+0000] {dag.py:2915} INFO - Sync 1 DAGs
[2026-03-17T18:19:29.336+0000] {logging_mixin.py:151} INFO - [2026-03-17T18:19:29.335+0000] {dag.py:3696} INFO - Setting next_dagrun for ingestionDAG to 2026-03-17T18:18:59.335151+00:00, run_after=2026-03-17T18:19:29.335151+00:00
[2026-03-17T18:19:29.380+0000] {processor.py:179} INFO - Processing /opt/airflow/dags/ingest_local_folder_dag.py took 0.788 seconds
[2026-03-17T18:19:59.860+0000] {processor.py:157} INFO - Started process (PID=3077) to work on /opt/airflow/dags/ingest_local_folder_dag.py
[2026-03-17T18:19:59.862+0000] {processor.py:829} INFO - Processing file /opt/airflow/dags/ingest_local_folder_dag.py for tasks to queue
[2026-03-17T18:19:59.865+0000] {logging_mixin.py:151} INFO - [2026-03-17T18:19:59.864+0000] {dagbag.py:539} INFO - Filling up the DagBag from /opt/airflow/dags/ingest_local_folder_dag.py
[2026-03-17T18:20:00.445+0000] {processor.py:839} INFO - DAG(s) dict_keys(['ingestionDAG']) retrieved from /opt/airflow/dags/ingest_local_folder_dag.py
[2026-03-17T18:20:00.541+0000] {logging_mixin.py:151} INFO - [2026-03-17T18:20:00.541+0000] {dag.py:2915} INFO - Sync 1 DAGs
[2026-03-17T18:20:00.608+0000] {logging_mixin.py:151} INFO - [2026-03-17T18:20:00.607+0000] {dag.py:3696} INFO - Setting next_dagrun for ingestionDAG to 2026-03-17T18:19:30.607237+00:00, run_after=2026-03-17T18:20:00.607237+00:00
[2026-03-17T18:20:00.653+0000] {processor.py:179} INFO - Processing /opt/airflow/dags/ingest_local_folder_dag.py took 0.805 seconds
[2026-03-17T18:20:31.068+0000] {processor.py:157} INFO - Started process (PID=3095) to work on /opt/airflow/dags/ingest_local_folder_dag.py
[2026-03-17T18:20:31.071+0000] {processor.py:829} INFO - Processing file /opt/airflow/dags/ingest_local_folder_dag.py for tasks to queue
[2026-03-17T18:20:31.073+0000] {logging_mixin.py:151} INFO - [2026-03-17T18:20:31.072+0000] {dagbag.py:539} INFO - Filling up the DagBag from /opt/airflow/dags/ingest_local_folder_dag.py
[2026-03-17T18:20:31.656+0000] {processor.py:839} INFO - DAG(s) dict_keys(['ingestionDAG']) retrieved from /opt/airflow/dags/ingest_local_folder_dag.py
[2026-03-17T18:20:31.753+0000] {logging_mixin.py:151} INFO - [2026-03-17T18:20:31.753+0000] {dag.py:2915} INFO - Sync 1 DAGs
[2026-03-17T18:20:31.813+0000] {logging_mixin.py:151} INFO - [2026-03-17T18:20:31.813+0000] {dag.py:3696} INFO - Setting next_dagrun for ingestionDAG to 2026-03-17T18:20:01.812728+00:00, run_after=2026-03-17T18:20:31.812728+00:00
[2026-03-17T18:20:31.854+0000] {processor.py:179} INFO - Processing /opt/airflow/dags/ingest_local_folder_dag.py took 0.797 seconds
[2026-03-17T18:21:02.448+0000] {processor.py:157} INFO - Started process (PID=3113) to work on /opt/airflow/dags/ingest_local_folder_dag.py
[2026-03-17T18:21:02.451+0000] {processor.py:829} INFO - Processing file /opt/airflow/dags/ingest_local_folder_dag.py for tasks to queue
[2026-03-17T18:21:02.453+0000] {logging_mixin.py:151} INFO - [2026-03-17T18:21:02.452+0000] {dagbag.py:539} INFO - Filling up the DagBag from /opt/airflow/dags/ingest_local_folder_dag.py
[2026-03-17T18:21:03.048+0000] {processor.py:839} INFO - DAG(s) dict_keys(['ingestionDAG']) retrieved from /opt/airflow/dags/ingest_local_folder_dag.py
[2026-03-17T18:21:03.143+0000] {logging_mixin.py:151} INFO - [2026-03-17T18:21:03.143+0000] {dag.py:2915} INFO - Sync 1 DAGs
[2026-03-17T18:21:03.207+0000] {logging_mixin.py:151} INFO - [2026-03-17T18:21:03.207+0000] {dag.py:3696} INFO - Setting next_dagrun for ingestionDAG to 2026-03-17T18:20:33.206836+00:00, run_after=2026-03-17T18:21:03.206836+00:00
[2026-03-17T18:21:03.253+0000] {processor.py:179} INFO - Processing /opt/airflow/dags/ingest_local_folder_dag.py took 0.816 seconds
[2026-03-17T18:21:33.665+0000] {processor.py:157} INFO - Started process (PID=3131) to work on /opt/airflow/dags/ingest_local_folder_dag.py
[2026-03-17T18:21:33.667+0000] {processor.py:829} INFO - Processing file /opt/airflow/dags/ingest_local_folder_dag.py for tasks to queue
[2026-03-17T18:21:33.670+0000] {logging_mixin.py:151} INFO - [2026-03-17T18:21:33.669+0000] {dagbag.py:539} INFO - Filling up the DagBag from /opt/airflow/dags/ingest_local_folder_dag.py
[2026-03-17T18:21:34.262+0000] {processor.py:839} INFO - DAG(s) dict_keys(['ingestionDAG']) retrieved from /opt/airflow/dags/ingest_local_folder_dag.py
[2026-03-17T18:21:34.357+0000] {logging_mixin.py:151} INFO - [2026-03-17T18:21:34.357+0000] {dag.py:2915} INFO - Sync 1 DAGs
[2026-03-17T18:21:34.415+0000] {logging_mixin.py:151} INFO - [2026-03-17T18:21:34.414+0000] {dag.py:3696} INFO - Setting next_dagrun for ingestionDAG to 2026-03-17T18:21:04.414192+00:00, run_after=2026-03-17T18:21:34.414192+00:00
[2026-03-17T18:21:34.459+0000] {processor.py:179} INFO - Processing /opt/airflow/dags/ingest_local_folder_dag.py took 0.805 seconds
[2026-03-17T18:22:05.031+0000] {processor.py:157} INFO - Started process (PID=3149) to work on /opt/airflow/dags/ingest_local_folder_dag.py
[2026-03-17T18:22:05.034+0000] {processor.py:829} INFO - Processing file /opt/airflow/dags/ingest_local_folder_dag.py for tasks to queue
[2026-03-17T18:22:05.036+0000] {logging_mixin.py:151} INFO - [2026-03-17T18:22:05.035+0000] {dagbag.py:539} INFO - Filling up the DagBag from /opt/airflow/dags/ingest_local_folder_dag.py
[2026-03-17T18:22:05.623+0000] {processor.py:839} INFO - DAG(s) dict_keys(['ingestionDAG']) retrieved from /opt/airflow/dags/ingest_local_folder_dag.py
[2026-03-17T18:22:05.719+0000] {logging_mixin.py:151} INFO - [2026-03-17T18:22:05.718+0000] {dag.py:2915} INFO - Sync 1 DAGs
[2026-03-17T18:22:05.786+0000] {logging_mixin.py:151} INFO - [2026-03-17T18:22:05.785+0000] {dag.py:3696} INFO - Setting next_dagrun for ingestionDAG to 2026-03-17T18:21:35.785044+00:00, run_after=2026-03-17T18:22:05.785044+00:00
[2026-03-17T18:22:05.831+0000] {processor.py:179} INFO - Processing /opt/airflow/dags/ingest_local_folder_dag.py took 0.810 seconds
[2026-03-17T18:22:36.222+0000] {processor.py:157} INFO - Started process (PID=3167) to work on /opt/airflow/dags/ingest_local_folder_dag.py
[2026-03-17T18:22:36.224+0000] {processor.py:829} INFO - Processing file /opt/airflow/dags/ingest_local_folder_dag.py for tasks to queue
[2026-03-17T18:22:36.227+0000] {logging_mixin.py:151} INFO - [2026-03-17T18:22:36.226+0000] {dagbag.py:539} INFO - Filling up the DagBag from /opt/airflow/dags/ingest_local_folder_dag.py
[2026-03-17T18:22:36.810+0000] {processor.py:839} INFO - DAG(s) dict_keys(['ingestionDAG']) retrieved from /opt/airflow/dags/ingest_local_folder_dag.py
[2026-03-17T18:22:36.908+0000] {logging_mixin.py:151} INFO - [2026-03-17T18:22:36.908+0000] {dag.py:2915} INFO - Sync 1 DAGs
[2026-03-17T18:22:36.968+0000] {logging_mixin.py:151} INFO - [2026-03-17T18:22:36.967+0000] {dag.py:3696} INFO - Setting next_dagrun for ingestionDAG to 2026-03-17T18:22:06.967126+00:00, run_after=2026-03-17T18:22:36.967126+00:00
[2026-03-17T18:22:37.008+0000] {processor.py:179} INFO - Processing /opt/airflow/dags/ingest_local_folder_dag.py took 0.798 seconds
[2026-03-17T18:23:07.380+0000] {processor.py:157} INFO - Started process (PID=3185) to work on /opt/airflow/dags/ingest_local_folder_dag.py
[2026-03-17T18:23:07.383+0000] {processor.py:829} INFO - Processing file /opt/airflow/dags/ingest_local_folder_dag.py for tasks to queue
[2026-03-17T18:23:07.385+0000] {logging_mixin.py:151} INFO - [2026-03-17T18:23:07.384+0000] {dagbag.py:539} INFO - Filling up the DagBag from /opt/airflow/dags/ingest_local_folder_dag.py
[2026-03-17T18:23:07.969+0000] {processor.py:839} INFO - DAG(s) dict_keys(['ingestionDAG']) retrieved from /opt/airflow/dags/ingest_local_folder_dag.py
[2026-03-17T18:23:08.054+0000] {logging_mixin.py:151} INFO - [2026-03-17T18:23:08.054+0000] {dag.py:2915} INFO - Sync 1 DAGs
[2026-03-17T18:23:08.111+0000] {logging_mixin.py:151} INFO - [2026-03-17T18:23:08.111+0000] {dag.py:3696} INFO - Setting next_dagrun for ingestionDAG to 2026-03-17T18:22:38.110867+00:00, run_after=2026-03-17T18:23:08.110867+00:00
[2026-03-17T18:23:08.152+0000] {processor.py:179} INFO - Processing /opt/airflow/dags/ingest_local_folder_dag.py took 0.783 seconds
[2026-03-17T18:23:38.727+0000] {processor.py:157} INFO - Started process (PID=3203) to work on /opt/airflow/dags/ingest_local_folder_dag.py
[2026-03-17T18:23:38.729+0000] {processor.py:829} INFO - Processing file /opt/airflow/dags/ingest_local_folder_dag.py for tasks to queue
[2026-03-17T18:23:38.731+0000] {logging_mixin.py:151} INFO - [2026-03-17T18:23:38.730+0000] {dagbag.py:539} INFO - Filling up the DagBag from /opt/airflow/dags/ingest_local_folder_dag.py
[2026-03-17T18:23:39.314+0000] {processor.py:839} INFO - DAG(s) dict_keys(['ingestionDAG']) retrieved from /opt/airflow/dags/ingest_local_folder_dag.py
[2026-03-17T18:23:39.410+0000] {logging_mixin.py:151} INFO - [2026-03-17T18:23:39.410+0000] {dag.py:2915} INFO - Sync 1 DAGs
[2026-03-17T18:23:39.475+0000] {logging_mixin.py:151} INFO - [2026-03-17T18:23:39.474+0000] {dag.py:3696} INFO - Setting next_dagrun for ingestionDAG to 2026-03-17T18:23:09.473950+00:00, run_after=2026-03-17T18:23:39.473950+00:00
[2026-03-17T18:23:39.522+0000] {processor.py:179} INFO - Processing /opt/airflow/dags/ingest_local_folder_dag.py took 0.806 seconds
[2026-03-17T18:24:10.091+0000] {processor.py:157} INFO - Started process (PID=3221) to work on /opt/airflow/dags/ingest_local_folder_dag.py
[2026-03-17T18:24:10.093+0000] {processor.py:829} INFO - Processing file /opt/airflow/dags/ingest_local_folder_dag.py for tasks to queue
[2026-03-17T18:24:10.096+0000] {logging_mixin.py:151} INFO - [2026-03-17T18:24:10.095+0000] {dagbag.py:539} INFO - Filling up the DagBag from /opt/airflow/dags/ingest_local_folder_dag.py
[2026-03-17T18:24:10.676+0000] {processor.py:839} INFO - DAG(s) dict_keys(['ingestionDAG']) retrieved from /opt/airflow/dags/ingest_local_folder_dag.py
[2026-03-17T18:24:10.761+0000] {logging_mixin.py:151} INFO - [2026-03-17T18:24:10.760+0000] {dag.py:2915} INFO - Sync 1 DAGs
[2026-03-17T18:24:10.820+0000] {logging_mixin.py:151} INFO - [2026-03-17T18:24:10.820+0000] {dag.py:3696} INFO - Setting next_dagrun for ingestionDAG to 2026-03-17T18:23:40.819765+00:00, run_after=2026-03-17T18:24:10.819765+00:00
[2026-03-17T18:24:10.860+0000] {processor.py:179} INFO - Processing /opt/airflow/dags/ingest_local_folder_dag.py took 0.781 seconds
[2026-03-17T18:24:41.457+0000] {processor.py:157} INFO - Started process (PID=3242) to work on /opt/airflow/dags/ingest_local_folder_dag.py
[2026-03-17T18:24:41.460+0000] {processor.py:829} INFO - Processing file /opt/airflow/dags/ingest_local_folder_dag.py for tasks to queue
[2026-03-17T18:24:41.462+0000] {logging_mixin.py:151} INFO - [2026-03-17T18:24:41.461+0000] {dagbag.py:539} INFO - Filling up the DagBag from /opt/airflow/dags/ingest_local_folder_dag.py
[2026-03-17T18:24:42.070+0000] {processor.py:839} INFO - DAG(s) dict_keys(['ingestionDAG']) retrieved from /opt/airflow/dags/ingest_local_folder_dag.py
[2026-03-17T18:24:42.156+0000] {logging_mixin.py:151} INFO - [2026-03-17T18:24:42.155+0000] {dag.py:2915} INFO - Sync 1 DAGs
[2026-03-17T18:24:42.213+0000] {logging_mixin.py:151} INFO - [2026-03-17T18:24:42.213+0000] {dag.py:3696} INFO - Setting next_dagrun for ingestionDAG to 2026-03-17T18:24:12.212447+00:00, run_after=2026-03-17T18:24:42.212447+00:00
[2026-03-17T18:24:42.254+0000] {processor.py:179} INFO - Processing /opt/airflow/dags/ingest_local_folder_dag.py took 0.808 seconds
[2026-03-17T18:25:12.532+0000] {processor.py:157} INFO - Started process (PID=3260) to work on /opt/airflow/dags/ingest_local_folder_dag.py
[2026-03-17T18:25:12.535+0000] {processor.py:829} INFO - Processing file /opt/airflow/dags/ingest_local_folder_dag.py for tasks to queue
[2026-03-17T18:25:12.537+0000] {logging_mixin.py:151} INFO - [2026-03-17T18:25:12.536+0000] {dagbag.py:539} INFO - Filling up the DagBag from /opt/airflow/dags/ingest_local_folder_dag.py
[2026-03-17T18:25:13.145+0000] {processor.py:839} INFO - DAG(s) dict_keys(['ingestionDAG']) retrieved from /opt/airflow/dags/ingest_local_folder_dag.py
[2026-03-17T18:25:13.231+0000] {logging_mixin.py:151} INFO - [2026-03-17T18:25:13.231+0000] {dag.py:2915} INFO - Sync 1 DAGs
[2026-03-17T18:25:13.289+0000] {logging_mixin.py:151} INFO - [2026-03-17T18:25:13.288+0000] {dag.py:3696} INFO - Setting next_dagrun for ingestionDAG to 2026-03-17T18:24:43.288341+00:00, run_after=2026-03-17T18:25:13.288341+00:00
[2026-03-17T18:25:13.329+0000] {processor.py:179} INFO - Processing /opt/airflow/dags/ingest_local_folder_dag.py took 0.809 seconds
[2026-03-17T18:25:43.615+0000] {processor.py:157} INFO - Started process (PID=3278) to work on /opt/airflow/dags/ingest_local_folder_dag.py
[2026-03-17T18:25:43.617+0000] {processor.py:829} INFO - Processing file /opt/airflow/dags/ingest_local_folder_dag.py for tasks to queue
[2026-03-17T18:25:43.619+0000] {logging_mixin.py:151} INFO - [2026-03-17T18:25:43.618+0000] {dagbag.py:539} INFO - Filling up the DagBag from /opt/airflow/dags/ingest_local_folder_dag.py
[2026-03-17T18:25:44.218+0000] {processor.py:839} INFO - DAG(s) dict_keys(['ingestionDAG']) retrieved from /opt/airflow/dags/ingest_local_folder_dag.py
[2026-03-17T18:25:44.304+0000] {logging_mixin.py:151} INFO - [2026-03-17T18:25:44.304+0000] {dag.py:2915} INFO - Sync 1 DAGs
[2026-03-17T18:25:44.365+0000] {logging_mixin.py:151} INFO - [2026-03-17T18:25:44.364+0000] {dag.py:3696} INFO - Setting next_dagrun for ingestionDAG to 2026-03-17T18:25:14.364139+00:00, run_after=2026-03-17T18:25:44.364139+00:00
[2026-03-17T18:25:44.405+0000] {processor.py:179} INFO - Processing /opt/airflow/dags/ingest_local_folder_dag.py took 0.802 seconds
[2026-03-17T18:26:14.684+0000] {processor.py:157} INFO - Started process (PID=3296) to work on /opt/airflow/dags/ingest_local_folder_dag.py
[2026-03-17T18:26:14.686+0000] {processor.py:829} INFO - Processing file /opt/airflow/dags/ingest_local_folder_dag.py for tasks to queue
[2026-03-17T18:26:14.689+0000] {logging_mixin.py:151} INFO - [2026-03-17T18:26:14.688+0000] {dagbag.py:539} INFO - Filling up the DagBag from /opt/airflow/dags/ingest_local_folder_dag.py
[2026-03-17T18:26:15.293+0000] {processor.py:839} INFO - DAG(s) dict_keys(['ingestionDAG']) retrieved from /opt/airflow/dags/ingest_local_folder_dag.py
[2026-03-17T18:26:15.381+0000] {logging_mixin.py:151} INFO - [2026-03-17T18:26:15.381+0000] {dag.py:2915} INFO - Sync 1 DAGs
[2026-03-17T18:26:15.438+0000] {logging_mixin.py:151} INFO - [2026-03-17T18:26:15.438+0000] {dag.py:3696} INFO - Setting next_dagrun for ingestionDAG to 2026-03-17T18:25:45.437734+00:00, run_after=2026-03-17T18:26:15.437734+00:00
[2026-03-17T18:26:15.479+0000] {processor.py:179} INFO - Processing /opt/airflow/dags/ingest_local_folder_dag.py took 0.807 seconds
[2026-03-17T18:26:45.767+0000] {processor.py:157} INFO - Started process (PID=3314) to work on /opt/airflow/dags/ingest_local_folder_dag.py
[2026-03-17T18:26:45.769+0000] {processor.py:829} INFO - Processing file /opt/airflow/dags/ingest_local_folder_dag.py for tasks to queue
[2026-03-17T18:26:45.772+0000] {logging_mixin.py:151} INFO - [2026-03-17T18:26:45.771+0000] {dagbag.py:539} INFO - Filling up the DagBag from /opt/airflow/dags/ingest_local_folder_dag.py
[2026-03-17T18:26:46.372+0000] {processor.py:839} INFO - DAG(s) dict_keys(['ingestionDAG']) retrieved from /opt/airflow/dags/ingest_local_folder_dag.py
[2026-03-17T18:26:46.457+0000] {logging_mixin.py:151} INFO - [2026-03-17T18:26:46.456+0000] {dag.py:2915} INFO - Sync 1 DAGs
[2026-03-17T18:26:46.514+0000] {logging_mixin.py:151} INFO - [2026-03-17T18:26:46.514+0000] {dag.py:3696} INFO - Setting next_dagrun for ingestionDAG to 2026-03-17T18:26:16.513422+00:00, run_after=2026-03-17T18:26:46.513422+00:00
[2026-03-17T18:26:46.555+0000] {processor.py:179} INFO - Processing /opt/airflow/dags/ingest_local_folder_dag.py took 0.800 seconds
[2026-03-17T18:27:16.840+0000] {processor.py:157} INFO - Started process (PID=3332) to work on /opt/airflow/dags/ingest_local_folder_dag.py
[2026-03-17T18:27:16.843+0000] {processor.py:829} INFO - Processing file /opt/airflow/dags/ingest_local_folder_dag.py for tasks to queue
[2026-03-17T18:27:16.845+0000] {logging_mixin.py:151} INFO - [2026-03-17T18:27:16.844+0000] {dagbag.py:539} INFO - Filling up the DagBag from /opt/airflow/dags/ingest_local_folder_dag.py
[2026-03-17T18:27:17.444+0000] {processor.py:839} INFO - DAG(s) dict_keys(['ingestionDAG']) retrieved from /opt/airflow/dags/ingest_local_folder_dag.py
[2026-03-17T18:27:17.534+0000] {logging_mixin.py:151} INFO - [2026-03-17T18:27:17.534+0000] {dag.py:2915} INFO - Sync 1 DAGs
[2026-03-17T18:27:17.594+0000] {logging_mixin.py:151} INFO - [2026-03-17T18:27:17.593+0000] {dag.py:3696} INFO - Setting next_dagrun for ingestionDAG to 2026-03-17T18:26:47.593091+00:00, run_after=2026-03-17T18:27:17.593091+00:00
[2026-03-17T18:27:17.635+0000] {processor.py:179} INFO - Processing /opt/airflow/dags/ingest_local_folder_dag.py took 0.806 seconds
[2026-03-17T18:27:47.911+0000] {processor.py:157} INFO - Started process (PID=3350) to work on /opt/airflow/dags/ingest_local_folder_dag.py
[2026-03-17T18:27:47.914+0000] {processor.py:829} INFO - Processing file /opt/airflow/dags/ingest_local_folder_dag.py for tasks to queue
[2026-03-17T18:27:47.916+0000] {logging_mixin.py:151} INFO - [2026-03-17T18:27:47.915+0000] {dagbag.py:539} INFO - Filling up the DagBag from /opt/airflow/dags/ingest_local_folder_dag.py
[2026-03-17T18:27:48.515+0000] {processor.py:839} INFO - DAG(s) dict_keys(['ingestionDAG']) retrieved from /opt/airflow/dags/ingest_local_folder_dag.py
[2026-03-17T18:27:48.601+0000] {logging_mixin.py:151} INFO - [2026-03-17T18:27:48.601+0000] {dag.py:2915} INFO - Sync 1 DAGs
[2026-03-17T18:27:48.661+0000] {logging_mixin.py:151} INFO - [2026-03-17T18:27:48.661+0000] {dag.py:3696} INFO - Setting next_dagrun for ingestionDAG to 2026-03-17T18:27:18.660926+00:00, run_after=2026-03-17T18:27:48.660926+00:00
[2026-03-17T18:27:48.702+0000] {processor.py:179} INFO - Processing /opt/airflow/dags/ingest_local_folder_dag.py took 0.803 seconds
[2026-03-17T18:28:18.990+0000] {processor.py:157} INFO - Started process (PID=3368) to work on /opt/airflow/dags/ingest_local_folder_dag.py
[2026-03-17T18:28:18.993+0000] {processor.py:829} INFO - Processing file /opt/airflow/dags/ingest_local_folder_dag.py for tasks to queue
[2026-03-17T18:28:18.995+0000] {logging_mixin.py:151} INFO - [2026-03-17T18:28:18.994+0000] {dagbag.py:539} INFO - Filling up the DagBag from /opt/airflow/dags/ingest_local_folder_dag.py
[2026-03-17T18:28:19.603+0000] {processor.py:839} INFO - DAG(s) dict_keys(['ingestionDAG']) retrieved from /opt/airflow/dags/ingest_local_folder_dag.py
[2026-03-17T18:28:19.702+0000] {logging_mixin.py:151} INFO - [2026-03-17T18:28:19.701+0000] {dag.py:2915} INFO - Sync 1 DAGs
[2026-03-17T18:28:19.766+0000] {logging_mixin.py:151} INFO - [2026-03-17T18:28:19.766+0000] {dag.py:3696} INFO - Setting next_dagrun for ingestionDAG to 2026-03-17T18:27:49.765538+00:00, run_after=2026-03-17T18:28:19.765538+00:00
[2026-03-17T18:28:19.812+0000] {processor.py:179} INFO - Processing /opt/airflow/dags/ingest_local_folder_dag.py took 0.833 seconds
[2026-03-17T18:28:50.107+0000] {processor.py:157} INFO - Started process (PID=3386) to work on /opt/airflow/dags/ingest_local_folder_dag.py
[2026-03-17T18:28:50.109+0000] {processor.py:829} INFO - Processing file /opt/airflow/dags/ingest_local_folder_dag.py for tasks to queue
[2026-03-17T18:28:50.111+0000] {logging_mixin.py:151} INFO - [2026-03-17T18:28:50.110+0000] {dagbag.py:539} INFO - Filling up the DagBag from /opt/airflow/dags/ingest_local_folder_dag.py
[2026-03-17T18:28:50.698+0000] {processor.py:839} INFO - DAG(s) dict_keys(['ingestionDAG']) retrieved from /opt/airflow/dags/ingest_local_folder_dag.py
[2026-03-17T18:28:50.794+0000] {logging_mixin.py:151} INFO - [2026-03-17T18:28:50.794+0000] {dag.py:2915} INFO - Sync 1 DAGs
[2026-03-17T18:28:50.858+0000] {logging_mixin.py:151} INFO - [2026-03-17T18:28:50.858+0000] {dag.py:3696} INFO - Setting next_dagrun for ingestionDAG to 2026-03-17T18:28:20.857373+00:00, run_after=2026-03-17T18:28:50.857373+00:00
[2026-03-17T18:28:50.901+0000] {processor.py:179} INFO - Processing /opt/airflow/dags/ingest_local_folder_dag.py took 0.805 seconds
[2026-03-17T18:29:21.216+0000] {processor.py:157} INFO - Started process (PID=3404) to work on /opt/airflow/dags/ingest_local_folder_dag.py
[2026-03-17T18:29:21.219+0000] {processor.py:829} INFO - Processing file /opt/airflow/dags/ingest_local_folder_dag.py for tasks to queue
[2026-03-17T18:29:21.221+0000] {logging_mixin.py:151} INFO - [2026-03-17T18:29:21.220+0000] {dagbag.py:539} INFO - Filling up the DagBag from /opt/airflow/dags/ingest_local_folder_dag.py
[2026-03-17T18:29:21.823+0000] {processor.py:839} INFO - DAG(s) dict_keys(['ingestionDAG']) retrieved from /opt/airflow/dags/ingest_local_folder_dag.py
[2026-03-17T18:29:21.918+0000] {logging_mixin.py:151} INFO - [2026-03-17T18:29:21.917+0000] {dag.py:2915} INFO - Sync 1 DAGs
[2026-03-17T18:29:21.975+0000] {logging_mixin.py:151} INFO - [2026-03-17T18:29:21.974+0000] {dag.py:3696} INFO - Setting next_dagrun for ingestionDAG to 2026-03-17T18:28:51.974125+00:00, run_after=2026-03-17T18:29:21.974125+00:00
[2026-03-17T18:29:22.015+0000] {processor.py:179} INFO - Processing /opt/airflow/dags/ingest_local_folder_dag.py took 0.810 seconds
[2026-03-17T18:29:52.296+0000] {processor.py:157} INFO - Started process (PID=3422) to work on /opt/airflow/dags/ingest_local_folder_dag.py
[2026-03-17T18:29:52.298+0000] {processor.py:829} INFO - Processing file /opt/airflow/dags/ingest_local_folder_dag.py for tasks to queue
[2026-03-17T18:29:52.301+0000] {logging_mixin.py:151} INFO - [2026-03-17T18:29:52.299+0000] {dagbag.py:539} INFO - Filling up the DagBag from /opt/airflow/dags/ingest_local_folder_dag.py
[2026-03-17T18:29:52.887+0000] {processor.py:839} INFO - DAG(s) dict_keys(['ingestionDAG']) retrieved from /opt/airflow/dags/ingest_local_folder_dag.py
[2026-03-17T18:29:52.980+0000] {logging_mixin.py:151} INFO - [2026-03-17T18:29:52.979+0000] {dag.py:2915} INFO - Sync 1 DAGs
[2026-03-17T18:29:53.040+0000] {logging_mixin.py:151} INFO - [2026-03-17T18:29:53.040+0000] {dag.py:3696} INFO - Setting next_dagrun for ingestionDAG to 2026-03-17T18:29:23.039667+00:00, run_after=2026-03-17T18:29:53.039667+00:00
[2026-03-17T18:29:53.081+0000] {processor.py:179} INFO - Processing /opt/airflow/dags/ingest_local_folder_dag.py took 0.797 seconds
[2026-03-17T18:30:23.370+0000] {processor.py:157} INFO - Started process (PID=3440) to work on /opt/airflow/dags/ingest_local_folder_dag.py
[2026-03-17T18:30:23.373+0000] {processor.py:829} INFO - Processing file /opt/airflow/dags/ingest_local_folder_dag.py for tasks to queue
[2026-03-17T18:30:23.375+0000] {logging_mixin.py:151} INFO - [2026-03-17T18:30:23.374+0000] {dagbag.py:539} INFO - Filling up the DagBag from /opt/airflow/dags/ingest_local_folder_dag.py
[2026-03-17T18:30:23.962+0000] {processor.py:839} INFO - DAG(s) dict_keys(['ingestionDAG']) retrieved from /opt/airflow/dags/ingest_local_folder_dag.py
[2026-03-17T18:30:24.052+0000] {logging_mixin.py:151} INFO - [2026-03-17T18:30:24.052+0000] {dag.py:2915} INFO - Sync 1 DAGs
[2026-03-17T18:30:24.110+0000] {logging_mixin.py:151} INFO - [2026-03-17T18:30:24.109+0000] {dag.py:3696} INFO - Setting next_dagrun for ingestionDAG to 2026-03-17T18:29:54.109137+00:00, run_after=2026-03-17T18:30:24.109137+00:00
[2026-03-17T18:30:24.150+0000] {processor.py:179} INFO - Processing /opt/airflow/dags/ingest_local_folder_dag.py took 0.791 seconds
[2026-03-17T18:30:54.429+0000] {processor.py:157} INFO - Started process (PID=3458) to work on /opt/airflow/dags/ingest_local_folder_dag.py
[2026-03-17T18:30:54.431+0000] {processor.py:829} INFO - Processing file /opt/airflow/dags/ingest_local_folder_dag.py for tasks to queue
[2026-03-17T18:30:54.434+0000] {logging_mixin.py:151} INFO - [2026-03-17T18:30:54.433+0000] {dagbag.py:539} INFO - Filling up the DagBag from /opt/airflow/dags/ingest_local_folder_dag.py
[2026-03-17T18:30:55.021+0000] {processor.py:839} INFO - DAG(s) dict_keys(['ingestionDAG']) retrieved from /opt/airflow/dags/ingest_local_folder_dag.py
[2026-03-17T18:30:55.107+0000] {logging_mixin.py:151} INFO - [2026-03-17T18:30:55.107+0000] {dag.py:2915} INFO - Sync 1 DAGs
[2026-03-17T18:30:55.165+0000] {logging_mixin.py:151} INFO - [2026-03-17T18:30:55.164+0000] {dag.py:3696} INFO - Setting next_dagrun for ingestionDAG to 2026-03-17T18:30:25.164000+00:00, run_after=2026-03-17T18:30:55.164000+00:00
[2026-03-17T18:30:55.205+0000] {processor.py:179} INFO - Processing /opt/airflow/dags/ingest_local_folder_dag.py took 0.787 seconds
[2026-03-17T18:31:25.491+0000] {processor.py:157} INFO - Started process (PID=3476) to work on /opt/airflow/dags/ingest_local_folder_dag.py
[2026-03-17T18:31:25.494+0000] {processor.py:829} INFO - Processing file /opt/airflow/dags/ingest_local_folder_dag.py for tasks to queue
[2026-03-17T18:31:25.496+0000] {logging_mixin.py:151} INFO - [2026-03-17T18:31:25.495+0000] {dagbag.py:539} INFO - Filling up the DagBag from /opt/airflow/dags/ingest_local_folder_dag.py
[2026-03-17T18:31:26.077+0000] {processor.py:839} INFO - DAG(s) dict_keys(['ingestionDAG']) retrieved from /opt/airflow/dags/ingest_local_folder_dag.py
[2026-03-17T18:31:26.163+0000] {logging_mixin.py:151} INFO - [2026-03-17T18:31:26.162+0000] {dag.py:2915} INFO - Sync 1 DAGs
[2026-03-17T18:31:26.220+0000] {logging_mixin.py:151} INFO - [2026-03-17T18:31:26.220+0000] {dag.py:3696} INFO - Setting next_dagrun for ingestionDAG to 2026-03-17T18:30:56.219602+00:00, run_after=2026-03-17T18:31:26.219602+00:00
[2026-03-17T18:31:26.260+0000] {processor.py:179} INFO - Processing /opt/airflow/dags/ingest_local_folder_dag.py took 0.781 seconds
[2026-03-17T18:31:56.541+0000] {processor.py:157} INFO - Started process (PID=3494) to work on /opt/airflow/dags/ingest_local_folder_dag.py
[2026-03-17T18:31:56.544+0000] {processor.py:829} INFO - Processing file /opt/airflow/dags/ingest_local_folder_dag.py for tasks to queue
[2026-03-17T18:31:56.546+0000] {logging_mixin.py:151} INFO - [2026-03-17T18:31:56.545+0000] {dagbag.py:539} INFO - Filling up the DagBag from /opt/airflow/dags/ingest_local_folder_dag.py
[2026-03-17T18:31:57.129+0000] {processor.py:839} INFO - DAG(s) dict_keys(['ingestionDAG']) retrieved from /opt/airflow/dags/ingest_local_folder_dag.py
[2026-03-17T18:31:57.215+0000] {logging_mixin.py:151} INFO - [2026-03-17T18:31:57.215+0000] {dag.py:2915} INFO - Sync 1 DAGs
[2026-03-17T18:31:57.276+0000] {logging_mixin.py:151} INFO - [2026-03-17T18:31:57.276+0000] {dag.py:3696} INFO - Setting next_dagrun for ingestionDAG to 2026-03-17T18:31:27.275818+00:00, run_after=2026-03-17T18:31:57.275818+00:00
[2026-03-17T18:31:57.317+0000] {processor.py:179} INFO - Processing /opt/airflow/dags/ingest_local_folder_dag.py took 0.787 seconds
[2026-03-17T18:32:27.595+0000] {processor.py:157} INFO - Started process (PID=3512) to work on /opt/airflow/dags/ingest_local_folder_dag.py
[2026-03-17T18:32:27.598+0000] {processor.py:829} INFO - Processing file /opt/airflow/dags/ingest_local_folder_dag.py for tasks to queue
[2026-03-17T18:32:27.600+0000] {logging_mixin.py:151} INFO - [2026-03-17T18:32:27.599+0000] {dagbag.py:539} INFO - Filling up the DagBag from /opt/airflow/dags/ingest_local_folder_dag.py
[2026-03-17T18:32:28.181+0000] {processor.py:839} INFO - DAG(s) dict_keys(['ingestionDAG']) retrieved from /opt/airflow/dags/ingest_local_folder_dag.py
[2026-03-17T18:32:28.269+0000] {logging_mixin.py:151} INFO - [2026-03-17T18:32:28.268+0000] {dag.py:2915} INFO - Sync 1 DAGs
[2026-03-17T18:32:28.327+0000] {logging_mixin.py:151} INFO - [2026-03-17T18:32:28.326+0000] {dag.py:3696} INFO - Setting next_dagrun for ingestionDAG to 2026-03-17T18:31:58.326214+00:00, run_after=2026-03-17T18:32:28.326214+00:00
[2026-03-17T18:32:28.367+0000] {processor.py:179} INFO - Processing /opt/airflow/dags/ingest_local_folder_dag.py took 0.783 seconds
[2026-03-17T18:32:58.642+0000] {processor.py:157} INFO - Started process (PID=3530) to work on /opt/airflow/dags/ingest_local_folder_dag.py
[2026-03-17T18:32:58.644+0000] {processor.py:829} INFO - Processing file /opt/airflow/dags/ingest_local_folder_dag.py for tasks to queue
[2026-03-17T18:32:58.647+0000] {logging_mixin.py:151} INFO - [2026-03-17T18:32:58.645+0000] {dagbag.py:539} INFO - Filling up the DagBag from /opt/airflow/dags/ingest_local_folder_dag.py
[2026-03-17T18:32:59.235+0000] {processor.py:839} INFO - DAG(s) dict_keys(['ingestionDAG']) retrieved from /opt/airflow/dags/ingest_local_folder_dag.py
[2026-03-17T18:32:59.321+0000] {logging_mixin.py:151} INFO - [2026-03-17T18:32:59.321+0000] {dag.py:2915} INFO - Sync 1 DAGs
[2026-03-17T18:32:59.378+0000] {logging_mixin.py:151} INFO - [2026-03-17T18:32:59.378+0000] {dag.py:3696} INFO - Setting next_dagrun for ingestionDAG to 2026-03-17T18:32:29.377924+00:00, run_after=2026-03-17T18:32:59.377924+00:00
[2026-03-17T18:32:59.420+0000] {processor.py:179} INFO - Processing /opt/airflow/dags/ingest_local_folder_dag.py took 0.789 seconds
[2026-03-17T18:33:29.698+0000] {processor.py:157} INFO - Started process (PID=3548) to work on /opt/airflow/dags/ingest_local_folder_dag.py
[2026-03-17T18:33:29.700+0000] {processor.py:829} INFO - Processing file /opt/airflow/dags/ingest_local_folder_dag.py for tasks to queue
[2026-03-17T18:33:29.702+0000] {logging_mixin.py:151} INFO - [2026-03-17T18:33:29.701+0000] {dagbag.py:539} INFO - Filling up the DagBag from /opt/airflow/dags/ingest_local_folder_dag.py
[2026-03-17T18:33:30.287+0000] {processor.py:839} INFO - DAG(s) dict_keys(['ingestionDAG']) retrieved from /opt/airflow/dags/ingest_local_folder_dag.py
[2026-03-17T18:33:30.372+0000] {logging_mixin.py:151} INFO - [2026-03-17T18:33:30.372+0000] {dag.py:2915} INFO - Sync 1 DAGs
[2026-03-17T18:33:30.429+0000] {logging_mixin.py:151} INFO - [2026-03-17T18:33:30.429+0000] {dag.py:3696} INFO - Setting next_dagrun for ingestionDAG to 2026-03-17T18:33:00.428471+00:00, run_after=2026-03-17T18:33:30.428471+00:00
[2026-03-17T18:33:30.470+0000] {processor.py:179} INFO - Processing /opt/airflow/dags/ingest_local_folder_dag.py took 0.784 seconds
[2026-03-17T18:34:00.743+0000] {processor.py:157} INFO - Started process (PID=3566) to work on /opt/airflow/dags/ingest_local_folder_dag.py
[2026-03-17T18:34:00.745+0000] {processor.py:829} INFO - Processing file /opt/airflow/dags/ingest_local_folder_dag.py for tasks to queue
[2026-03-17T18:34:00.748+0000] {logging_mixin.py:151} INFO - [2026-03-17T18:34:00.747+0000] {dagbag.py:539} INFO - Filling up the DagBag from /opt/airflow/dags/ingest_local_folder_dag.py
[2026-03-17T18:34:01.325+0000] {processor.py:839} INFO - DAG(s) dict_keys(['ingestionDAG']) retrieved from /opt/airflow/dags/ingest_local_folder_dag.py
[2026-03-17T18:34:01.410+0000] {logging_mixin.py:151} INFO - [2026-03-17T18:34:01.409+0000] {dag.py:2915} INFO - Sync 1 DAGs
[2026-03-17T18:34:01.470+0000] {logging_mixin.py:151} INFO - [2026-03-17T18:34:01.470+0000] {dag.py:3696} INFO - Setting next_dagrun for ingestionDAG to 2026-03-17T18:33:31.469668+00:00, run_after=2026-03-17T18:34:01.469668+00:00
[2026-03-17T18:34:01.510+0000] {processor.py:179} INFO - Processing /opt/airflow/dags/ingest_local_folder_dag.py took 0.779 seconds
[2026-03-17T18:34:32.130+0000] {processor.py:157} INFO - Started process (PID=3586) to work on /opt/airflow/dags/ingest_local_folder_dag.py
[2026-03-17T18:34:32.132+0000] {processor.py:829} INFO - Processing file /opt/airflow/dags/ingest_local_folder_dag.py for tasks to queue
[2026-03-17T18:34:32.135+0000] {logging_mixin.py:151} INFO - [2026-03-17T18:34:32.134+0000] {dagbag.py:539} INFO - Filling up the DagBag from /opt/airflow/dags/ingest_local_folder_dag.py
[2026-03-17T18:34:32.674+0000] {processor.py:839} INFO - DAG(s) dict_keys(['ingestionDAG']) retrieved from /opt/airflow/dags/ingest_local_folder_dag.py
[2026-03-17T18:34:32.763+0000] {logging_mixin.py:151} INFO - [2026-03-17T18:34:32.763+0000] {dag.py:2915} INFO - Sync 1 DAGs
[2026-03-17T18:34:32.824+0000] {logging_mixin.py:151} INFO - [2026-03-17T18:34:32.824+0000] {dag.py:3696} INFO - Setting next_dagrun for ingestionDAG to 2026-03-17T18:34:02.823754+00:00, run_after=2026-03-17T18:34:32.823754+00:00
[2026-03-17T18:34:32.870+0000] {processor.py:179} INFO - Processing /opt/airflow/dags/ingest_local_folder_dag.py took 0.751 seconds
[2026-03-17T18:35:03.822+0000] {processor.py:157} INFO - Started process (PID=3604) to work on /opt/airflow/dags/ingest_local_folder_dag.py
[2026-03-17T18:35:03.824+0000] {processor.py:829} INFO - Processing file /opt/airflow/dags/ingest_local_folder_dag.py for tasks to queue
[2026-03-17T18:35:03.826+0000] {logging_mixin.py:151} INFO - [2026-03-17T18:35:03.825+0000] {dagbag.py:539} INFO - Filling up the DagBag from /opt/airflow/dags/ingest_local_folder_dag.py
[2026-03-17T18:35:04.372+0000] {processor.py:839} INFO - DAG(s) dict_keys(['ingestionDAG']) retrieved from /opt/airflow/dags/ingest_local_folder_dag.py
[2026-03-17T18:35:04.458+0000] {logging_mixin.py:151} INFO - [2026-03-17T18:35:04.458+0000] {dag.py:2915} INFO - Sync 1 DAGs
[2026-03-17T18:35:04.517+0000] {logging_mixin.py:151} INFO - [2026-03-17T18:35:04.517+0000] {dag.py:3696} INFO - Setting next_dagrun for ingestionDAG to 2026-03-17T18:34:34.516497+00:00, run_after=2026-03-17T18:35:04.516497+00:00
[2026-03-17T18:35:04.558+0000] {processor.py:179} INFO - Processing /opt/airflow/dags/ingest_local_folder_dag.py took 0.747 seconds
[2026-03-17T18:35:34.858+0000] {processor.py:157} INFO - Started process (PID=3622) to work on /opt/airflow/dags/ingest_local_folder_dag.py
[2026-03-17T18:35:34.860+0000] {processor.py:829} INFO - Processing file /opt/airflow/dags/ingest_local_folder_dag.py for tasks to queue
[2026-03-17T18:35:34.862+0000] {logging_mixin.py:151} INFO - [2026-03-17T18:35:34.861+0000] {dagbag.py:539} INFO - Filling up the DagBag from /opt/airflow/dags/ingest_local_folder_dag.py
[2026-03-17T18:35:35.401+0000] {processor.py:839} INFO - DAG(s) dict_keys(['ingestionDAG']) retrieved from /opt/airflow/dags/ingest_local_folder_dag.py
[2026-03-17T18:35:35.487+0000] {logging_mixin.py:151} INFO - [2026-03-17T18:35:35.486+0000] {dag.py:2915} INFO - Sync 1 DAGs
[2026-03-17T18:35:35.544+0000] {logging_mixin.py:151} INFO - [2026-03-17T18:35:35.543+0000] {dag.py:3696} INFO - Setting next_dagrun for ingestionDAG to 2026-03-17T18:35:05.543122+00:00, run_after=2026-03-17T18:35:35.543122+00:00
[2026-03-17T18:35:35.584+0000] {processor.py:179} INFO - Processing /opt/airflow/dags/ingest_local_folder_dag.py took 0.736 seconds
[2026-03-17T18:36:06.038+0000] {processor.py:157} INFO - Started process (PID=3640) to work on /opt/airflow/dags/ingest_local_folder_dag.py
[2026-03-17T18:36:06.040+0000] {processor.py:829} INFO - Processing file /opt/airflow/dags/ingest_local_folder_dag.py for tasks to queue
[2026-03-17T18:36:06.042+0000] {logging_mixin.py:151} INFO - [2026-03-17T18:36:06.041+0000] {dagbag.py:539} INFO - Filling up the DagBag from /opt/airflow/dags/ingest_local_folder_dag.py
[2026-03-17T18:36:06.581+0000] {processor.py:839} INFO - DAG(s) dict_keys(['ingestionDAG']) retrieved from /opt/airflow/dags/ingest_local_folder_dag.py
[2026-03-17T18:36:06.667+0000] {logging_mixin.py:151} INFO - [2026-03-17T18:36:06.666+0000] {dag.py:2915} INFO - Sync 1 DAGs
[2026-03-17T18:36:06.727+0000] {logging_mixin.py:151} INFO - [2026-03-17T18:36:06.726+0000] {dag.py:3696} INFO - Setting next_dagrun for ingestionDAG to 2026-03-17T18:35:36.726234+00:00, run_after=2026-03-17T18:36:06.726234+00:00
[2026-03-17T18:36:06.768+0000] {processor.py:179} INFO - Processing /opt/airflow/dags/ingest_local_folder_dag.py took 0.740 seconds
[2026-03-17T18:36:36.884+0000] {processor.py:157} INFO - Started process (PID=3658) to work on /opt/airflow/dags/ingest_local_folder_dag.py
[2026-03-17T18:36:36.886+0000] {processor.py:829} INFO - Processing file /opt/airflow/dags/ingest_local_folder_dag.py for tasks to queue
[2026-03-17T18:36:36.888+0000] {logging_mixin.py:151} INFO - [2026-03-17T18:36:36.887+0000] {dagbag.py:539} INFO - Filling up the DagBag from /opt/airflow/dags/ingest_local_folder_dag.py
[2026-03-17T18:36:37.426+0000] {processor.py:839} INFO - DAG(s) dict_keys(['ingestionDAG']) retrieved from /opt/airflow/dags/ingest_local_folder_dag.py
[2026-03-17T18:36:37.513+0000] {logging_mixin.py:151} INFO - [2026-03-17T18:36:37.513+0000] {dag.py:2915} INFO - Sync 1 DAGs
[2026-03-17T18:36:37.570+0000] {logging_mixin.py:151} INFO - [2026-03-17T18:36:37.570+0000] {dag.py:3696} INFO - Setting next_dagrun for ingestionDAG to 2026-03-17T18:36:07.569670+00:00, run_after=2026-03-17T18:36:37.569670+00:00
[2026-03-17T18:36:37.611+0000] {processor.py:179} INFO - Processing /opt/airflow/dags/ingest_local_folder_dag.py took 0.737 seconds
[2026-03-17T18:37:07.712+0000] {processor.py:157} INFO - Started process (PID=3674) to work on /opt/airflow/dags/ingest_local_folder_dag.py
[2026-03-17T18:37:07.714+0000] {processor.py:829} INFO - Processing file /opt/airflow/dags/ingest_local_folder_dag.py for tasks to queue
[2026-03-17T18:37:07.716+0000] {logging_mixin.py:151} INFO - [2026-03-17T18:37:07.715+0000] {dagbag.py:539} INFO - Filling up the DagBag from /opt/airflow/dags/ingest_local_folder_dag.py
[2026-03-17T18:37:08.258+0000] {processor.py:839} INFO - DAG(s) dict_keys(['ingestionDAG']) retrieved from /opt/airflow/dags/ingest_local_folder_dag.py
[2026-03-17T18:37:08.344+0000] {logging_mixin.py:151} INFO - [2026-03-17T18:37:08.343+0000] {dag.py:2915} INFO - Sync 1 DAGs
[2026-03-17T18:37:08.401+0000] {logging_mixin.py:151} INFO - [2026-03-17T18:37:08.400+0000] {dag.py:3696} INFO - Setting next_dagrun for ingestionDAG to 2026-03-17T18:36:38.400428+00:00, run_after=2026-03-17T18:37:08.400428+00:00
[2026-03-17T18:37:08.442+0000] {processor.py:179} INFO - Processing /opt/airflow/dags/ingest_local_folder_dag.py took 0.740 seconds
[2026-03-17T18:37:38.664+0000] {processor.py:157} INFO - Started process (PID=3691) to work on /opt/airflow/dags/ingest_local_folder_dag.py
[2026-03-17T18:37:38.666+0000] {processor.py:829} INFO - Processing file /opt/airflow/dags/ingest_local_folder_dag.py for tasks to queue
[2026-03-17T18:37:38.668+0000] {logging_mixin.py:151} INFO - [2026-03-17T18:37:38.667+0000] {dagbag.py:539} INFO - Filling up the DagBag from /opt/airflow/dags/ingest_local_folder_dag.py
[2026-03-17T18:37:39.254+0000] {processor.py:839} INFO - DAG(s) dict_keys(['ingestionDAG']) retrieved from /opt/airflow/dags/ingest_local_folder_dag.py
[2026-03-17T18:37:39.341+0000] {logging_mixin.py:151} INFO - [2026-03-17T18:37:39.341+0000] {dag.py:2915} INFO - Sync 1 DAGs
[2026-03-17T18:37:39.399+0000] {logging_mixin.py:151} INFO - [2026-03-17T18:37:39.398+0000] {dag.py:3696} INFO - Setting next_dagrun for ingestionDAG to 2026-03-17T18:37:09.398147+00:00, run_after=2026-03-17T18:37:39.398147+00:00
[2026-03-17T18:37:39.440+0000] {processor.py:179} INFO - Processing /opt/airflow/dags/ingest_local_folder_dag.py took 0.788 seconds
[2026-03-17T18:38:09.704+0000] {processor.py:157} INFO - Started process (PID=3706) to work on /opt/airflow/dags/ingest_local_folder_dag.py
[2026-03-17T18:38:09.706+0000] {processor.py:829} INFO - Processing file /opt/airflow/dags/ingest_local_folder_dag.py for tasks to queue
[2026-03-17T18:38:09.709+0000] {logging_mixin.py:151} INFO - [2026-03-17T18:38:09.707+0000] {dagbag.py:539} INFO - Filling up the DagBag from /opt/airflow/dags/ingest_local_folder_dag.py
[2026-03-17T18:38:10.258+0000] {processor.py:839} INFO - DAG(s) dict_keys(['ingestionDAG']) retrieved from /opt/airflow/dags/ingest_local_folder_dag.py
[2026-03-17T18:38:10.343+0000] {logging_mixin.py:151} INFO - [2026-03-17T18:38:10.343+0000] {dag.py:2915} INFO - Sync 1 DAGs
[2026-03-17T18:38:10.403+0000] {logging_mixin.py:151} INFO - [2026-03-17T18:38:10.402+0000] {dag.py:3696} INFO - Setting next_dagrun for ingestionDAG to 2026-03-17T18:37:40.402296+00:00, run_after=2026-03-17T18:38:10.402296+00:00
[2026-03-17T18:38:10.443+0000] {processor.py:179} INFO - Processing /opt/airflow/dags/ingest_local_folder_dag.py took 0.751 seconds
[2026-03-17T18:38:40.569+0000] {processor.py:157} INFO - Started process (PID=3724) to work on /opt/airflow/dags/ingest_local_folder_dag.py
[2026-03-17T18:38:40.571+0000] {processor.py:829} INFO - Processing file /opt/airflow/dags/ingest_local_folder_dag.py for tasks to queue
[2026-03-17T18:38:40.574+0000] {logging_mixin.py:151} INFO - [2026-03-17T18:38:40.573+0000] {dagbag.py:539} INFO - Filling up the DagBag from /opt/airflow/dags/ingest_local_folder_dag.py
[2026-03-17T18:38:41.118+0000] {processor.py:839} INFO - DAG(s) dict_keys(['ingestionDAG']) retrieved from /opt/airflow/dags/ingest_local_folder_dag.py
[2026-03-17T18:38:41.216+0000] {logging_mixin.py:151} INFO - [2026-03-17T18:38:41.216+0000] {dag.py:2915} INFO - Sync 1 DAGs
[2026-03-17T18:38:41.278+0000] {logging_mixin.py:151} INFO - [2026-03-17T18:38:41.277+0000] {dag.py:3696} INFO - Setting next_dagrun for ingestionDAG to 2026-03-17T18:38:11.277053+00:00, run_after=2026-03-17T18:38:41.277053+00:00
[2026-03-17T18:38:41.319+0000] {processor.py:179} INFO - Processing /opt/airflow/dags/ingest_local_folder_dag.py took 0.761 seconds
[2026-03-17T18:39:11.822+0000] {processor.py:157} INFO - Started process (PID=3742) to work on /opt/airflow/dags/ingest_local_folder_dag.py
[2026-03-17T18:39:11.824+0000] {processor.py:829} INFO - Processing file /opt/airflow/dags/ingest_local_folder_dag.py for tasks to queue
[2026-03-17T18:39:11.827+0000] {logging_mixin.py:151} INFO - [2026-03-17T18:39:11.825+0000] {dagbag.py:539} INFO - Filling up the DagBag from /opt/airflow/dags/ingest_local_folder_dag.py
[2026-03-17T18:39:12.377+0000] {processor.py:839} INFO - DAG(s) dict_keys(['ingestionDAG']) retrieved from /opt/airflow/dags/ingest_local_folder_dag.py
[2026-03-17T18:39:12.462+0000] {logging_mixin.py:151} INFO - [2026-03-17T18:39:12.462+0000] {dag.py:2915} INFO - Sync 1 DAGs
[2026-03-17T18:39:12.520+0000] {logging_mixin.py:151} INFO - [2026-03-17T18:39:12.519+0000] {dag.py:3696} INFO - Setting next_dagrun for ingestionDAG to 2026-03-17T18:38:42.519056+00:00, run_after=2026-03-17T18:39:12.519056+00:00
[2026-03-17T18:39:12.560+0000] {processor.py:179} INFO - Processing /opt/airflow/dags/ingest_local_folder_dag.py took 0.750 seconds
[2026-03-17T18:39:43.011+0000] {processor.py:157} INFO - Started process (PID=3760) to work on /opt/airflow/dags/ingest_local_folder_dag.py
[2026-03-17T18:39:43.013+0000] {processor.py:829} INFO - Processing file /opt/airflow/dags/ingest_local_folder_dag.py for tasks to queue
[2026-03-17T18:39:43.015+0000] {logging_mixin.py:151} INFO - [2026-03-17T18:39:43.014+0000] {dagbag.py:539} INFO - Filling up the DagBag from /opt/airflow/dags/ingest_local_folder_dag.py
[2026-03-17T18:39:43.579+0000] {processor.py:839} INFO - DAG(s) dict_keys(['ingestionDAG']) retrieved from /opt/airflow/dags/ingest_local_folder_dag.py
[2026-03-17T18:39:43.675+0000] {logging_mixin.py:151} INFO - [2026-03-17T18:39:43.675+0000] {dag.py:2915} INFO - Sync 1 DAGs
[2026-03-17T18:39:43.739+0000] {logging_mixin.py:151} INFO - [2026-03-17T18:39:43.739+0000] {dag.py:3696} INFO - Setting next_dagrun for ingestionDAG to 2026-03-17T18:39:13.738697+00:00, run_after=2026-03-17T18:39:43.738697+00:00
[2026-03-17T18:39:43.785+0000] {processor.py:179} INFO - Processing /opt/airflow/dags/ingest_local_folder_dag.py took 0.785 seconds
[2026-03-17T18:40:14.384+0000] {processor.py:157} INFO - Started process (PID=3778) to work on /opt/airflow/dags/ingest_local_folder_dag.py
[2026-03-17T18:40:14.386+0000] {processor.py:829} INFO - Processing file /opt/airflow/dags/ingest_local_folder_dag.py for tasks to queue
[2026-03-17T18:40:14.389+0000] {logging_mixin.py:151} INFO - [2026-03-17T18:40:14.388+0000] {dagbag.py:539} INFO - Filling up the DagBag from /opt/airflow/dags/ingest_local_folder_dag.py
[2026-03-17T18:40:14.945+0000] {processor.py:839} INFO - DAG(s) dict_keys(['ingestionDAG']) retrieved from /opt/airflow/dags/ingest_local_folder_dag.py
[2026-03-17T18:40:15.031+0000] {logging_mixin.py:151} INFO - [2026-03-17T18:40:15.031+0000] {dag.py:2915} INFO - Sync 1 DAGs
[2026-03-17T18:40:15.091+0000] {logging_mixin.py:151} INFO - [2026-03-17T18:40:15.090+0000] {dag.py:3696} INFO - Setting next_dagrun for ingestionDAG to 2026-03-17T18:39:45.090424+00:00, run_after=2026-03-17T18:40:15.090424+00:00
[2026-03-17T18:40:15.132+0000] {processor.py:179} INFO - Processing /opt/airflow/dags/ingest_local_folder_dag.py took 0.760 seconds
[2026-03-17T18:40:45.606+0000] {processor.py:157} INFO - Started process (PID=3796) to work on /opt/airflow/dags/ingest_local_folder_dag.py
[2026-03-17T18:40:45.609+0000] {processor.py:829} INFO - Processing file /opt/airflow/dags/ingest_local_folder_dag.py for tasks to queue
[2026-03-17T18:40:45.611+0000] {logging_mixin.py:151} INFO - [2026-03-17T18:40:45.610+0000] {dagbag.py:539} INFO - Filling up the DagBag from /opt/airflow/dags/ingest_local_folder_dag.py
[2026-03-17T18:40:46.184+0000] {processor.py:839} INFO - DAG(s) dict_keys(['ingestionDAG']) retrieved from /opt/airflow/dags/ingest_local_folder_dag.py
[2026-03-17T18:40:46.282+0000] {logging_mixin.py:151} INFO - [2026-03-17T18:40:46.281+0000] {dag.py:2915} INFO - Sync 1 DAGs
[2026-03-17T18:40:46.346+0000] {logging_mixin.py:151} INFO - [2026-03-17T18:40:46.346+0000] {dag.py:3696} INFO - Setting next_dagrun for ingestionDAG to 2026-03-17T18:40:16.345456+00:00, run_after=2026-03-17T18:40:46.345456+00:00
[2026-03-17T18:40:46.392+0000] {processor.py:179} INFO - Processing /opt/airflow/dags/ingest_local_folder_dag.py took 0.796 seconds
[2026-03-17T18:41:16.939+0000] {processor.py:157} INFO - Started process (PID=3814) to work on /opt/airflow/dags/ingest_local_folder_dag.py
[2026-03-17T18:41:16.941+0000] {processor.py:829} INFO - Processing file /opt/airflow/dags/ingest_local_folder_dag.py for tasks to queue
[2026-03-17T18:41:16.944+0000] {logging_mixin.py:151} INFO - [2026-03-17T18:41:16.943+0000] {dagbag.py:539} INFO - Filling up the DagBag from /opt/airflow/dags/ingest_local_folder_dag.py
[2026-03-17T18:41:17.484+0000] {processor.py:839} INFO - DAG(s) dict_keys(['ingestionDAG']) retrieved from /opt/airflow/dags/ingest_local_folder_dag.py
[2026-03-17T18:41:17.569+0000] {logging_mixin.py:151} INFO - [2026-03-17T18:41:17.568+0000] {dag.py:2915} INFO - Sync 1 DAGs
[2026-03-17T18:41:17.627+0000] {logging_mixin.py:151} INFO - [2026-03-17T18:41:17.626+0000] {dag.py:3696} INFO - Setting next_dagrun for ingestionDAG to 2026-03-17T18:40:47.626103+00:00, run_after=2026-03-17T18:41:17.626103+00:00
[2026-03-17T18:41:17.668+0000] {processor.py:179} INFO - Processing /opt/airflow/dags/ingest_local_folder_dag.py took 0.739 seconds
[2026-03-17T18:41:48.171+0000] {processor.py:157} INFO - Started process (PID=3832) to work on /opt/airflow/dags/ingest_local_folder_dag.py
[2026-03-17T18:41:48.174+0000] {processor.py:829} INFO - Processing file /opt/airflow/dags/ingest_local_folder_dag.py for tasks to queue
[2026-03-17T18:41:48.176+0000] {logging_mixin.py:151} INFO - [2026-03-17T18:41:48.175+0000] {dagbag.py:539} INFO - Filling up the DagBag from /opt/airflow/dags/ingest_local_folder_dag.py
[2026-03-17T18:41:48.734+0000] {processor.py:839} INFO - DAG(s) dict_keys(['ingestionDAG']) retrieved from /opt/airflow/dags/ingest_local_folder_dag.py
[2026-03-17T18:41:48.830+0000] {logging_mixin.py:151} INFO - [2026-03-17T18:41:48.830+0000] {dag.py:2915} INFO - Sync 1 DAGs
[2026-03-17T18:41:48.895+0000] {logging_mixin.py:151} INFO - [2026-03-17T18:41:48.894+0000] {dag.py:3696} INFO - Setting next_dagrun for ingestionDAG to 2026-03-17T18:41:18.893927+00:00, run_after=2026-03-17T18:41:48.893927+00:00
[2026-03-17T18:41:48.940+0000] {processor.py:179} INFO - Processing /opt/airflow/dags/ingest_local_folder_dag.py took 0.781 seconds
[2026-03-17T18:42:19.480+0000] {processor.py:157} INFO - Started process (PID=3850) to work on /opt/airflow/dags/ingest_local_folder_dag.py
[2026-03-17T18:42:19.483+0000] {processor.py:829} INFO - Processing file /opt/airflow/dags/ingest_local_folder_dag.py for tasks to queue
[2026-03-17T18:42:19.485+0000] {logging_mixin.py:151} INFO - [2026-03-17T18:42:19.484+0000] {dagbag.py:539} INFO - Filling up the DagBag from /opt/airflow/dags/ingest_local_folder_dag.py
[2026-03-17T18:42:20.049+0000] {processor.py:839} INFO - DAG(s) dict_keys(['ingestionDAG']) retrieved from /opt/airflow/dags/ingest_local_folder_dag.py
[2026-03-17T18:42:20.135+0000] {logging_mixin.py:151} INFO - [2026-03-17T18:42:20.134+0000] {dag.py:2915} INFO - Sync 1 DAGs
[2026-03-17T18:42:20.194+0000] {logging_mixin.py:151} INFO - [2026-03-17T18:42:20.194+0000] {dag.py:3696} INFO - Setting next_dagrun for ingestionDAG to 2026-03-17T18:41:50.193666+00:00, run_after=2026-03-17T18:42:20.193666+00:00
[2026-03-17T18:42:20.234+0000] {processor.py:179} INFO - Processing /opt/airflow/dags/ingest_local_folder_dag.py took 0.765 seconds
[2026-03-17T18:42:50.708+0000] {processor.py:157} INFO - Started process (PID=3868) to work on /opt/airflow/dags/ingest_local_folder_dag.py
[2026-03-17T18:42:50.711+0000] {processor.py:829} INFO - Processing file /opt/airflow/dags/ingest_local_folder_dag.py for tasks to queue
[2026-03-17T18:42:50.713+0000] {logging_mixin.py:151} INFO - [2026-03-17T18:42:50.712+0000] {dagbag.py:539} INFO - Filling up the DagBag from /opt/airflow/dags/ingest_local_folder_dag.py
[2026-03-17T18:42:51.283+0000] {processor.py:839} INFO - DAG(s) dict_keys(['ingestionDAG']) retrieved from /opt/airflow/dags/ingest_local_folder_dag.py
[2026-03-17T18:42:51.382+0000] {logging_mixin.py:151} INFO - [2026-03-17T18:42:51.381+0000] {dag.py:2915} INFO - Sync 1 DAGs
[2026-03-17T18:42:51.446+0000] {logging_mixin.py:151} INFO - [2026-03-17T18:42:51.446+0000] {dag.py:3696} INFO - Setting next_dagrun for ingestionDAG to 2026-03-17T18:42:21.445452+00:00, run_after=2026-03-17T18:42:51.445452+00:00
[2026-03-17T18:42:51.491+0000] {processor.py:179} INFO - Processing /opt/airflow/dags/ingest_local_folder_dag.py took 0.794 seconds
[2026-03-17T18:43:22.055+0000] {processor.py:157} INFO - Started process (PID=3886) to work on /opt/airflow/dags/ingest_local_folder_dag.py
[2026-03-17T18:43:22.058+0000] {processor.py:829} INFO - Processing file /opt/airflow/dags/ingest_local_folder_dag.py for tasks to queue
[2026-03-17T18:43:22.060+0000] {logging_mixin.py:151} INFO - [2026-03-17T18:43:22.059+0000] {dagbag.py:539} INFO - Filling up the DagBag from /opt/airflow/dags/ingest_local_folder_dag.py
[2026-03-17T18:43:22.623+0000] {processor.py:839} INFO - DAG(s) dict_keys(['ingestionDAG']) retrieved from /opt/airflow/dags/ingest_local_folder_dag.py
[2026-03-17T18:43:22.709+0000] {logging_mixin.py:151} INFO - [2026-03-17T18:43:22.708+0000] {dag.py:2915} INFO - Sync 1 DAGs
[2026-03-17T18:43:22.766+0000] {logging_mixin.py:151} INFO - [2026-03-17T18:43:22.765+0000] {dag.py:3696} INFO - Setting next_dagrun for ingestionDAG to 2026-03-17T18:42:52.765219+00:00, run_after=2026-03-17T18:43:22.765219+00:00
[2026-03-17T18:43:22.807+0000] {processor.py:179} INFO - Processing /opt/airflow/dags/ingest_local_folder_dag.py took 0.763 seconds
[2026-03-17T18:43:53.311+0000] {processor.py:157} INFO - Started process (PID=3904) to work on /opt/airflow/dags/ingest_local_folder_dag.py
[2026-03-17T18:43:53.313+0000] {processor.py:829} INFO - Processing file /opt/airflow/dags/ingest_local_folder_dag.py for tasks to queue
[2026-03-17T18:43:53.315+0000] {logging_mixin.py:151} INFO - [2026-03-17T18:43:53.314+0000] {dagbag.py:539} INFO - Filling up the DagBag from /opt/airflow/dags/ingest_local_folder_dag.py
[2026-03-17T18:43:53.860+0000] {processor.py:839} INFO - DAG(s) dict_keys(['ingestionDAG']) retrieved from /opt/airflow/dags/ingest_local_folder_dag.py
[2026-03-17T18:43:53.953+0000] {logging_mixin.py:151} INFO - [2026-03-17T18:43:53.952+0000] {dag.py:2915} INFO - Sync 1 DAGs
[2026-03-17T18:43:54.017+0000] {logging_mixin.py:151} INFO - [2026-03-17T18:43:54.017+0000] {dag.py:3696} INFO - Setting next_dagrun for ingestionDAG to 2026-03-17T18:43:24.016437+00:00, run_after=2026-03-17T18:43:54.016437+00:00
[2026-03-17T18:43:54.064+0000] {processor.py:179} INFO - Processing /opt/airflow/dags/ingest_local_folder_dag.py took 0.764 seconds
[2026-03-17T18:44:24.626+0000] {processor.py:157} INFO - Started process (PID=3922) to work on /opt/airflow/dags/ingest_local_folder_dag.py
[2026-03-17T18:44:24.629+0000] {processor.py:829} INFO - Processing file /opt/airflow/dags/ingest_local_folder_dag.py for tasks to queue
[2026-03-17T18:44:24.631+0000] {logging_mixin.py:151} INFO - [2026-03-17T18:44:24.630+0000] {dagbag.py:539} INFO - Filling up the DagBag from /opt/airflow/dags/ingest_local_folder_dag.py
[2026-03-17T18:44:25.191+0000] {processor.py:839} INFO - DAG(s) dict_keys(['ingestionDAG']) retrieved from /opt/airflow/dags/ingest_local_folder_dag.py
[2026-03-17T18:44:25.277+0000] {logging_mixin.py:151} INFO - [2026-03-17T18:44:25.276+0000] {dag.py:2915} INFO - Sync 1 DAGs
[2026-03-17T18:44:25.337+0000] {logging_mixin.py:151} INFO - [2026-03-17T18:44:25.337+0000] {dag.py:3696} INFO - Setting next_dagrun for ingestionDAG to 2026-03-17T18:43:55.336582+00:00, run_after=2026-03-17T18:44:25.336582+00:00
[2026-03-17T18:44:25.378+0000] {processor.py:179} INFO - Processing /opt/airflow/dags/ingest_local_folder_dag.py took 0.764 seconds
[2026-03-17T18:44:55.837+0000] {processor.py:157} INFO - Started process (PID=3940) to work on /opt/airflow/dags/ingest_local_folder_dag.py
[2026-03-17T18:44:55.839+0000] {processor.py:829} INFO - Processing file /opt/airflow/dags/ingest_local_folder_dag.py for tasks to queue
[2026-03-17T18:44:55.841+0000] {logging_mixin.py:151} INFO - [2026-03-17T18:44:55.840+0000] {dagbag.py:539} INFO - Filling up the DagBag from /opt/airflow/dags/ingest_local_folder_dag.py
[2026-03-17T18:44:56.409+0000] {processor.py:839} INFO - DAG(s) dict_keys(['ingestionDAG']) retrieved from /opt/airflow/dags/ingest_local_folder_dag.py
[2026-03-17T18:44:56.507+0000] {logging_mixin.py:151} INFO - [2026-03-17T18:44:56.506+0000] {dag.py:2915} INFO - Sync 1 DAGs
[2026-03-17T18:44:56.571+0000] {logging_mixin.py:151} INFO - [2026-03-17T18:44:56.571+0000] {dag.py:3696} INFO - Setting next_dagrun for ingestionDAG to 2026-03-17T18:44:26.570387+00:00, run_after=2026-03-17T18:44:56.570387+00:00
[2026-03-17T18:44:56.616+0000] {processor.py:179} INFO - Processing /opt/airflow/dags/ingest_local_folder_dag.py took 0.791 seconds
[2026-03-17T18:45:27.182+0000] {processor.py:157} INFO - Started process (PID=3958) to work on /opt/airflow/dags/ingest_local_folder_dag.py
[2026-03-17T18:45:27.184+0000] {processor.py:829} INFO - Processing file /opt/airflow/dags/ingest_local_folder_dag.py for tasks to queue
[2026-03-17T18:45:27.187+0000] {logging_mixin.py:151} INFO - [2026-03-17T18:45:27.186+0000] {dagbag.py:539} INFO - Filling up the DagBag from /opt/airflow/dags/ingest_local_folder_dag.py
[2026-03-17T18:45:27.753+0000] {processor.py:839} INFO - DAG(s) dict_keys(['ingestionDAG']) retrieved from /opt/airflow/dags/ingest_local_folder_dag.py
[2026-03-17T18:45:27.838+0000] {logging_mixin.py:151} INFO - [2026-03-17T18:45:27.838+0000] {dag.py:2915} INFO - Sync 1 DAGs
[2026-03-17T18:45:27.896+0000] {logging_mixin.py:151} INFO - [2026-03-17T18:45:27.896+0000] {dag.py:3696} INFO - Setting next_dagrun for ingestionDAG to 2026-03-17T18:44:57.895816+00:00, run_after=2026-03-17T18:45:27.895816+00:00
[2026-03-17T18:45:27.937+0000] {processor.py:179} INFO - Processing /opt/airflow/dags/ingest_local_folder_dag.py took 0.766 seconds
[2026-03-17T18:45:58.398+0000] {processor.py:157} INFO - Started process (PID=3976) to work on /opt/airflow/dags/ingest_local_folder_dag.py
[2026-03-17T18:45:58.400+0000] {processor.py:829} INFO - Processing file /opt/airflow/dags/ingest_local_folder_dag.py for tasks to queue
[2026-03-17T18:45:58.403+0000] {logging_mixin.py:151} INFO - [2026-03-17T18:45:58.402+0000] {dagbag.py:539} INFO - Filling up the DagBag from /opt/airflow/dags/ingest_local_folder_dag.py
[2026-03-17T18:45:58.956+0000] {processor.py:839} INFO - DAG(s) dict_keys(['ingestionDAG']) retrieved from /opt/airflow/dags/ingest_local_folder_dag.py
[2026-03-17T18:45:59.041+0000] {logging_mixin.py:151} INFO - [2026-03-17T18:45:59.041+0000] {dag.py:2915} INFO - Sync 1 DAGs
[2026-03-17T18:45:59.098+0000] {logging_mixin.py:151} INFO - [2026-03-17T18:45:59.098+0000] {dag.py:3696} INFO - Setting next_dagrun for ingestionDAG to 2026-03-17T18:45:29.097637+00:00, run_after=2026-03-17T18:45:59.097637+00:00
[2026-03-17T18:45:59.138+0000] {processor.py:179} INFO - Processing /opt/airflow/dags/ingest_local_folder_dag.py took 0.751 seconds
[2026-03-17T18:46:29.446+0000] {processor.py:157} INFO - Started process (PID=3994) to work on /opt/airflow/dags/ingest_local_folder_dag.py
[2026-03-17T18:46:29.449+0000] {processor.py:829} INFO - Processing file /opt/airflow/dags/ingest_local_folder_dag.py for tasks to queue
[2026-03-17T18:46:29.451+0000] {logging_mixin.py:151} INFO - [2026-03-17T18:46:29.450+0000] {dagbag.py:539} INFO - Filling up the DagBag from /opt/airflow/dags/ingest_local_folder_dag.py
[2026-03-17T18:46:30.002+0000] {processor.py:839} INFO - DAG(s) dict_keys(['ingestionDAG']) retrieved from /opt/airflow/dags/ingest_local_folder_dag.py
[2026-03-17T18:46:30.099+0000] {logging_mixin.py:151} INFO - [2026-03-17T18:46:30.098+0000] {dag.py:2915} INFO - Sync 1 DAGs
[2026-03-17T18:46:30.165+0000] {logging_mixin.py:151} INFO - [2026-03-17T18:46:30.165+0000] {dag.py:3696} INFO - Setting next_dagrun for ingestionDAG to 2026-03-17T18:46:00.164835+00:00, run_after=2026-03-17T18:46:30.164835+00:00
[2026-03-17T18:46:30.211+0000] {processor.py:179} INFO - Processing /opt/airflow/dags/ingest_local_folder_dag.py took 0.776 seconds
[2026-03-17T18:47:01.175+0000] {processor.py:157} INFO - Started process (PID=4012) to work on /opt/airflow/dags/ingest_local_folder_dag.py
[2026-03-17T18:47:01.178+0000] {processor.py:829} INFO - Processing file /opt/airflow/dags/ingest_local_folder_dag.py for tasks to queue
[2026-03-17T18:47:01.180+0000] {logging_mixin.py:151} INFO - [2026-03-17T18:47:01.179+0000] {dagbag.py:539} INFO - Filling up the DagBag from /opt/airflow/dags/ingest_local_folder_dag.py
[2026-03-17T18:47:01.752+0000] {processor.py:839} INFO - DAG(s) dict_keys(['ingestionDAG']) retrieved from /opt/airflow/dags/ingest_local_folder_dag.py
[2026-03-17T18:47:01.846+0000] {logging_mixin.py:151} INFO - [2026-03-17T18:47:01.846+0000] {dag.py:2915} INFO - Sync 1 DAGs
[2026-03-17T18:47:01.903+0000] {logging_mixin.py:151} INFO - [2026-03-17T18:47:01.903+0000] {dag.py:3696} INFO - Setting next_dagrun for ingestionDAG to 2026-03-17T18:46:31.902503+00:00, run_after=2026-03-17T18:47:01.902503+00:00
[2026-03-17T18:47:01.943+0000] {processor.py:179} INFO - Processing /opt/airflow/dags/ingest_local_folder_dag.py took 0.780 seconds
[2026-03-17T18:47:32.506+0000] {processor.py:157} INFO - Started process (PID=4030) to work on /opt/airflow/dags/ingest_local_folder_dag.py
[2026-03-17T18:47:32.508+0000] {processor.py:829} INFO - Processing file /opt/airflow/dags/ingest_local_folder_dag.py for tasks to queue
[2026-03-17T18:47:32.510+0000] {logging_mixin.py:151} INFO - [2026-03-17T18:47:32.509+0000] {dagbag.py:539} INFO - Filling up the DagBag from /opt/airflow/dags/ingest_local_folder_dag.py
[2026-03-17T18:47:33.092+0000] {processor.py:839} INFO - DAG(s) dict_keys(['ingestionDAG']) retrieved from /opt/airflow/dags/ingest_local_folder_dag.py
[2026-03-17T18:47:33.188+0000] {logging_mixin.py:151} INFO - [2026-03-17T18:47:33.187+0000] {dag.py:2915} INFO - Sync 1 DAGs
[2026-03-17T18:47:33.252+0000] {logging_mixin.py:151} INFO - [2026-03-17T18:47:33.251+0000] {dag.py:3696} INFO - Setting next_dagrun for ingestionDAG to 2026-03-17T18:47:03.251296+00:00, run_after=2026-03-17T18:47:33.251296+00:00
[2026-03-17T18:47:33.297+0000] {processor.py:179} INFO - Processing /opt/airflow/dags/ingest_local_folder_dag.py took 0.802 seconds
[2026-03-17T18:48:03.738+0000] {processor.py:157} INFO - Started process (PID=4048) to work on /opt/airflow/dags/ingest_local_folder_dag.py
[2026-03-17T18:48:03.740+0000] {processor.py:829} INFO - Processing file /opt/airflow/dags/ingest_local_folder_dag.py for tasks to queue
[2026-03-17T18:48:03.743+0000] {logging_mixin.py:151} INFO - [2026-03-17T18:48:03.742+0000] {dagbag.py:539} INFO - Filling up the DagBag from /opt/airflow/dags/ingest_local_folder_dag.py
[2026-03-17T18:48:04.315+0000] {processor.py:839} INFO - DAG(s) dict_keys(['ingestionDAG']) retrieved from /opt/airflow/dags/ingest_local_folder_dag.py
[2026-03-17T18:48:04.409+0000] {logging_mixin.py:151} INFO - [2026-03-17T18:48:04.408+0000] {dag.py:2915} INFO - Sync 1 DAGs
[2026-03-17T18:48:04.466+0000] {logging_mixin.py:151} INFO - [2026-03-17T18:48:04.466+0000] {dag.py:3696} INFO - Setting next_dagrun for ingestionDAG to 2026-03-17T18:47:34.465692+00:00, run_after=2026-03-17T18:48:04.465692+00:00
[2026-03-17T18:48:04.506+0000] {processor.py:179} INFO - Processing /opt/airflow/dags/ingest_local_folder_dag.py took 0.780 seconds
[2026-03-17T18:48:35.119+0000] {processor.py:157} INFO - Started process (PID=4066) to work on /opt/airflow/dags/ingest_local_folder_dag.py
[2026-03-17T18:48:35.121+0000] {processor.py:829} INFO - Processing file /opt/airflow/dags/ingest_local_folder_dag.py for tasks to queue
[2026-03-17T18:48:35.123+0000] {logging_mixin.py:151} INFO - [2026-03-17T18:48:35.122+0000] {dagbag.py:539} INFO - Filling up the DagBag from /opt/airflow/dags/ingest_local_folder_dag.py
[2026-03-17T18:48:35.686+0000] {processor.py:839} INFO - DAG(s) dict_keys(['ingestionDAG']) retrieved from /opt/airflow/dags/ingest_local_folder_dag.py
[2026-03-17T18:48:35.782+0000] {logging_mixin.py:151} INFO - [2026-03-17T18:48:35.782+0000] {dag.py:2915} INFO - Sync 1 DAGs
[2026-03-17T18:48:35.849+0000] {logging_mixin.py:151} INFO - [2026-03-17T18:48:35.849+0000] {dag.py:3696} INFO - Setting next_dagrun for ingestionDAG to 2026-03-17T18:48:05.848563+00:00, run_after=2026-03-17T18:48:35.848563+00:00
[2026-03-17T18:48:35.895+0000] {processor.py:179} INFO - Processing /opt/airflow/dags/ingest_local_folder_dag.py took 0.787 seconds
[2026-03-17T18:49:06.333+0000] {processor.py:157} INFO - Started process (PID=4084) to work on /opt/airflow/dags/ingest_local_folder_dag.py
[2026-03-17T18:49:06.335+0000] {processor.py:829} INFO - Processing file /opt/airflow/dags/ingest_local_folder_dag.py for tasks to queue
[2026-03-17T18:49:06.337+0000] {logging_mixin.py:151} INFO - [2026-03-17T18:49:06.336+0000] {dagbag.py:539} INFO - Filling up the DagBag from /opt/airflow/dags/ingest_local_folder_dag.py
[2026-03-17T18:49:06.903+0000] {processor.py:839} INFO - DAG(s) dict_keys(['ingestionDAG']) retrieved from /opt/airflow/dags/ingest_local_folder_dag.py
[2026-03-17T18:49:06.997+0000] {logging_mixin.py:151} INFO - [2026-03-17T18:49:06.997+0000] {dag.py:2915} INFO - Sync 1 DAGs
[2026-03-17T18:49:07.054+0000] {logging_mixin.py:151} INFO - [2026-03-17T18:49:07.054+0000] {dag.py:3696} INFO - Setting next_dagrun for ingestionDAG to 2026-03-17T18:48:37.053770+00:00, run_after=2026-03-17T18:49:07.053770+00:00
[2026-03-17T18:49:07.094+0000] {processor.py:179} INFO - Processing /opt/airflow/dags/ingest_local_folder_dag.py took 0.773 seconds
[2026-03-17T18:49:37.682+0000] {processor.py:157} INFO - Started process (PID=4102) to work on /opt/airflow/dags/ingest_local_folder_dag.py
[2026-03-17T18:49:37.685+0000] {processor.py:829} INFO - Processing file /opt/airflow/dags/ingest_local_folder_dag.py for tasks to queue
[2026-03-17T18:49:37.687+0000] {logging_mixin.py:151} INFO - [2026-03-17T18:49:37.686+0000] {dagbag.py:539} INFO - Filling up the DagBag from /opt/airflow/dags/ingest_local_folder_dag.py
[2026-03-17T18:49:38.253+0000] {processor.py:839} INFO - DAG(s) dict_keys(['ingestionDAG']) retrieved from /opt/airflow/dags/ingest_local_folder_dag.py
[2026-03-17T18:49:38.348+0000] {logging_mixin.py:151} INFO - [2026-03-17T18:49:38.348+0000] {dag.py:2915} INFO - Sync 1 DAGs
[2026-03-17T18:49:38.413+0000] {logging_mixin.py:151} INFO - [2026-03-17T18:49:38.412+0000] {dag.py:3696} INFO - Setting next_dagrun for ingestionDAG to 2026-03-17T18:49:08.412131+00:00, run_after=2026-03-17T18:49:38.412131+00:00
[2026-03-17T18:49:38.458+0000] {processor.py:179} INFO - Processing /opt/airflow/dags/ingest_local_folder_dag.py took 0.787 seconds
[2026-03-17T18:50:08.879+0000] {processor.py:157} INFO - Started process (PID=4120) to work on /opt/airflow/dags/ingest_local_folder_dag.py
[2026-03-17T18:50:08.882+0000] {processor.py:829} INFO - Processing file /opt/airflow/dags/ingest_local_folder_dag.py for tasks to queue
[2026-03-17T18:50:08.884+0000] {logging_mixin.py:151} INFO - [2026-03-17T18:50:08.883+0000] {dagbag.py:539} INFO - Filling up the DagBag from /opt/airflow/dags/ingest_local_folder_dag.py
[2026-03-17T18:50:09.460+0000] {processor.py:839} INFO - DAG(s) dict_keys(['ingestionDAG']) retrieved from /opt/airflow/dags/ingest_local_folder_dag.py
[2026-03-17T18:50:09.555+0000] {logging_mixin.py:151} INFO - [2026-03-17T18:50:09.555+0000] {dag.py:2915} INFO - Sync 1 DAGs
[2026-03-17T18:50:09.613+0000] {logging_mixin.py:151} INFO - [2026-03-17T18:50:09.612+0000] {dag.py:3696} INFO - Setting next_dagrun for ingestionDAG to 2026-03-17T18:49:39.612011+00:00, run_after=2026-03-17T18:50:09.612011+00:00
[2026-03-17T18:50:09.653+0000] {processor.py:179} INFO - Processing /opt/airflow/dags/ingest_local_folder_dag.py took 0.785 seconds
[2026-03-17T18:50:40.229+0000] {processor.py:157} INFO - Started process (PID=4138) to work on /opt/airflow/dags/ingest_local_folder_dag.py
[2026-03-17T18:50:40.232+0000] {processor.py:829} INFO - Processing file /opt/airflow/dags/ingest_local_folder_dag.py for tasks to queue
[2026-03-17T18:50:40.234+0000] {logging_mixin.py:151} INFO - [2026-03-17T18:50:40.233+0000] {dagbag.py:539} INFO - Filling up the DagBag from /opt/airflow/dags/ingest_local_folder_dag.py
[2026-03-17T18:50:40.807+0000] {processor.py:839} INFO - DAG(s) dict_keys(['ingestionDAG']) retrieved from /opt/airflow/dags/ingest_local_folder_dag.py
[2026-03-17T18:50:40.902+0000] {logging_mixin.py:151} INFO - [2026-03-17T18:50:40.902+0000] {dag.py:2915} INFO - Sync 1 DAGs
[2026-03-17T18:50:40.969+0000] {logging_mixin.py:151} INFO - [2026-03-17T18:50:40.968+0000] {dag.py:3696} INFO - Setting next_dagrun for ingestionDAG to 2026-03-17T18:50:10.968357+00:00, run_after=2026-03-17T18:50:40.968357+00:00
[2026-03-17T18:50:41.014+0000] {processor.py:179} INFO - Processing /opt/airflow/dags/ingest_local_folder_dag.py took 0.796 seconds
[2026-03-17T18:51:11.435+0000] {processor.py:157} INFO - Started process (PID=4156) to work on /opt/airflow/dags/ingest_local_folder_dag.py
[2026-03-17T18:51:11.438+0000] {processor.py:829} INFO - Processing file /opt/airflow/dags/ingest_local_folder_dag.py for tasks to queue
[2026-03-17T18:51:11.440+0000] {logging_mixin.py:151} INFO - [2026-03-17T18:51:11.439+0000] {dagbag.py:539} INFO - Filling up the DagBag from /opt/airflow/dags/ingest_local_folder_dag.py
[2026-03-17T18:51:12.001+0000] {processor.py:839} INFO - DAG(s) dict_keys(['ingestionDAG']) retrieved from /opt/airflow/dags/ingest_local_folder_dag.py
[2026-03-17T18:51:12.098+0000] {logging_mixin.py:151} INFO - [2026-03-17T18:51:12.098+0000] {dag.py:2915} INFO - Sync 1 DAGs
[2026-03-17T18:51:12.156+0000] {logging_mixin.py:151} INFO - [2026-03-17T18:51:12.156+0000] {dag.py:3696} INFO - Setting next_dagrun for ingestionDAG to 2026-03-17T18:50:42.155694+00:00, run_after=2026-03-17T18:51:12.155694+00:00
[2026-03-17T18:51:12.196+0000] {processor.py:179} INFO - Processing /opt/airflow/dags/ingest_local_folder_dag.py took 0.772 seconds
[2026-03-17T18:51:42.574+0000] {processor.py:157} INFO - Started process (PID=4174) to work on /opt/airflow/dags/ingest_local_folder_dag.py
[2026-03-17T18:51:42.577+0000] {processor.py:829} INFO - Processing file /opt/airflow/dags/ingest_local_folder_dag.py for tasks to queue
[2026-03-17T18:51:42.579+0000] {logging_mixin.py:151} INFO - [2026-03-17T18:51:42.578+0000] {dagbag.py:539} INFO - Filling up the DagBag from /opt/airflow/dags/ingest_local_folder_dag.py
[2026-03-17T18:51:43.139+0000] {processor.py:839} INFO - DAG(s) dict_keys(['ingestionDAG']) retrieved from /opt/airflow/dags/ingest_local_folder_dag.py
[2026-03-17T18:51:43.224+0000] {logging_mixin.py:151} INFO - [2026-03-17T18:51:43.223+0000] {dag.py:2915} INFO - Sync 1 DAGs
[2026-03-17T18:51:43.281+0000] {logging_mixin.py:151} INFO - [2026-03-17T18:51:43.280+0000] {dag.py:3696} INFO - Setting next_dagrun for ingestionDAG to 2026-03-17T18:51:13.280285+00:00, run_after=2026-03-17T18:51:43.280285+00:00
[2026-03-17T18:51:43.321+0000] {processor.py:179} INFO - Processing /opt/airflow/dags/ingest_local_folder_dag.py took 0.758 seconds
[2026-03-17T18:52:13.695+0000] {processor.py:157} INFO - Started process (PID=4192) to work on /opt/airflow/dags/ingest_local_folder_dag.py
[2026-03-17T18:52:13.697+0000] {processor.py:829} INFO - Processing file /opt/airflow/dags/ingest_local_folder_dag.py for tasks to queue
[2026-03-17T18:52:13.700+0000] {logging_mixin.py:151} INFO - [2026-03-17T18:52:13.698+0000] {dagbag.py:539} INFO - Filling up the DagBag from /opt/airflow/dags/ingest_local_folder_dag.py
[2026-03-17T18:52:14.263+0000] {processor.py:839} INFO - DAG(s) dict_keys(['ingestionDAG']) retrieved from /opt/airflow/dags/ingest_local_folder_dag.py
[2026-03-17T18:52:14.349+0000] {logging_mixin.py:151} INFO - [2026-03-17T18:52:14.348+0000] {dag.py:2915} INFO - Sync 1 DAGs
[2026-03-17T18:52:14.406+0000] {logging_mixin.py:151} INFO - [2026-03-17T18:52:14.405+0000] {dag.py:3696} INFO - Setting next_dagrun for ingestionDAG to 2026-03-17T18:51:44.405067+00:00, run_after=2026-03-17T18:52:14.405067+00:00
[2026-03-17T18:52:14.446+0000] {processor.py:179} INFO - Processing /opt/airflow/dags/ingest_local_folder_dag.py took 0.762 seconds
[2026-03-17T18:52:45.047+0000] {processor.py:157} INFO - Started process (PID=4210) to work on /opt/airflow/dags/ingest_local_folder_dag.py
[2026-03-17T18:52:45.050+0000] {processor.py:829} INFO - Processing file /opt/airflow/dags/ingest_local_folder_dag.py for tasks to queue
[2026-03-17T18:52:45.052+0000] {logging_mixin.py:151} INFO - [2026-03-17T18:52:45.051+0000] {dagbag.py:539} INFO - Filling up the DagBag from /opt/airflow/dags/ingest_local_folder_dag.py
[2026-03-17T18:52:45.622+0000] {processor.py:839} INFO - DAG(s) dict_keys(['ingestionDAG']) retrieved from /opt/airflow/dags/ingest_local_folder_dag.py
[2026-03-17T18:52:45.712+0000] {logging_mixin.py:151} INFO - [2026-03-17T18:52:45.712+0000] {dag.py:2915} INFO - Sync 1 DAGs
[2026-03-17T18:52:45.771+0000] {logging_mixin.py:151} INFO - [2026-03-17T18:52:45.771+0000] {dag.py:3696} INFO - Setting next_dagrun for ingestionDAG to 2026-03-17T18:52:15.770922+00:00, run_after=2026-03-17T18:52:45.770922+00:00
[2026-03-17T18:52:45.812+0000] {processor.py:179} INFO - Processing /opt/airflow/dags/ingest_local_folder_dag.py took 0.776 seconds
[2026-03-17T18:53:16.414+0000] {processor.py:157} INFO - Started process (PID=4228) to work on /opt/airflow/dags/ingest_local_folder_dag.py
[2026-03-17T18:53:16.416+0000] {processor.py:829} INFO - Processing file /opt/airflow/dags/ingest_local_folder_dag.py for tasks to queue
[2026-03-17T18:53:16.418+0000] {logging_mixin.py:151} INFO - [2026-03-17T18:53:16.417+0000] {dagbag.py:539} INFO - Filling up the DagBag from /opt/airflow/dags/ingest_local_folder_dag.py
[2026-03-17T18:53:16.993+0000] {processor.py:839} INFO - DAG(s) dict_keys(['ingestionDAG']) retrieved from /opt/airflow/dags/ingest_local_folder_dag.py
[2026-03-17T18:53:17.091+0000] {logging_mixin.py:151} INFO - [2026-03-17T18:53:17.090+0000] {dag.py:2915} INFO - Sync 1 DAGs
[2026-03-17T18:53:17.155+0000] {logging_mixin.py:151} INFO - [2026-03-17T18:53:17.154+0000] {dag.py:3696} INFO - Setting next_dagrun for ingestionDAG to 2026-03-17T18:52:47.154164+00:00, run_after=2026-03-17T18:53:17.154164+00:00
[2026-03-17T18:53:17.200+0000] {processor.py:179} INFO - Processing /opt/airflow/dags/ingest_local_folder_dag.py took 0.797 seconds
[2026-03-17T18:53:47.481+0000] {processor.py:157} INFO - Started process (PID=4246) to work on /opt/airflow/dags/ingest_local_folder_dag.py
[2026-03-17T18:53:47.483+0000] {processor.py:829} INFO - Processing file /opt/airflow/dags/ingest_local_folder_dag.py for tasks to queue
[2026-03-17T18:53:47.485+0000] {logging_mixin.py:151} INFO - [2026-03-17T18:53:47.484+0000] {dagbag.py:539} INFO - Filling up the DagBag from /opt/airflow/dags/ingest_local_folder_dag.py
[2026-03-17T18:53:48.045+0000] {processor.py:839} INFO - DAG(s) dict_keys(['ingestionDAG']) retrieved from /opt/airflow/dags/ingest_local_folder_dag.py
[2026-03-17T18:53:48.142+0000] {logging_mixin.py:151} INFO - [2026-03-17T18:53:48.142+0000] {dag.py:2915} INFO - Sync 1 DAGs
[2026-03-17T18:53:48.207+0000] {logging_mixin.py:151} INFO - [2026-03-17T18:53:48.206+0000] {dag.py:3696} INFO - Setting next_dagrun for ingestionDAG to 2026-03-17T18:53:18.206168+00:00, run_after=2026-03-17T18:53:48.206168+00:00
[2026-03-17T18:53:48.250+0000] {processor.py:179} INFO - Processing /opt/airflow/dags/ingest_local_folder_dag.py took 0.780 seconds
[2026-03-17T18:54:18.458+0000] {processor.py:157} INFO - Started process (PID=4264) to work on /opt/airflow/dags/ingest_local_folder_dag.py
[2026-03-17T18:54:18.461+0000] {processor.py:829} INFO - Processing file /opt/airflow/dags/ingest_local_folder_dag.py for tasks to queue
[2026-03-17T18:54:18.463+0000] {logging_mixin.py:151} INFO - [2026-03-17T18:54:18.462+0000] {dagbag.py:539} INFO - Filling up the DagBag from /opt/airflow/dags/ingest_local_folder_dag.py
[2026-03-17T18:54:19.028+0000] {processor.py:839} INFO - DAG(s) dict_keys(['ingestionDAG']) retrieved from /opt/airflow/dags/ingest_local_folder_dag.py
[2026-03-17T18:54:19.124+0000] {logging_mixin.py:151} INFO - [2026-03-17T18:54:19.123+0000] {dag.py:2915} INFO - Sync 1 DAGs
[2026-03-17T18:54:19.188+0000] {logging_mixin.py:151} INFO - [2026-03-17T18:54:19.187+0000] {dag.py:3696} INFO - Setting next_dagrun for ingestionDAG to 2026-03-17T18:53:49.187318+00:00, run_after=2026-03-17T18:54:19.187318+00:00
[2026-03-17T18:54:19.237+0000] {processor.py:179} INFO - Processing /opt/airflow/dags/ingest_local_folder_dag.py took 0.790 seconds
[2026-03-17T18:54:49.390+0000] {processor.py:157} INFO - Started process (PID=4282) to work on /opt/airflow/dags/ingest_local_folder_dag.py
[2026-03-17T18:54:49.393+0000] {processor.py:829} INFO - Processing file /opt/airflow/dags/ingest_local_folder_dag.py for tasks to queue
[2026-03-17T18:54:49.395+0000] {logging_mixin.py:151} INFO - [2026-03-17T18:54:49.394+0000] {dagbag.py:539} INFO - Filling up the DagBag from /opt/airflow/dags/ingest_local_folder_dag.py
[2026-03-17T18:54:49.959+0000] {processor.py:839} INFO - DAG(s) dict_keys(['ingestionDAG']) retrieved from /opt/airflow/dags/ingest_local_folder_dag.py
[2026-03-17T18:54:50.055+0000] {logging_mixin.py:151} INFO - [2026-03-17T18:54:50.055+0000] {dag.py:2915} INFO - Sync 1 DAGs
[2026-03-17T18:54:50.122+0000] {logging_mixin.py:151} INFO - [2026-03-17T18:54:50.122+0000] {dag.py:3696} INFO - Setting next_dagrun for ingestionDAG to 2026-03-17T18:54:20.121709+00:00, run_after=2026-03-17T18:54:50.121709+00:00
[2026-03-17T18:54:50.167+0000] {processor.py:179} INFO - Processing /opt/airflow/dags/ingest_local_folder_dag.py took 0.788 seconds
[2026-03-17T18:55:20.769+0000] {processor.py:157} INFO - Started process (PID=4300) to work on /opt/airflow/dags/ingest_local_folder_dag.py
[2026-03-17T18:55:20.771+0000] {processor.py:829} INFO - Processing file /opt/airflow/dags/ingest_local_folder_dag.py for tasks to queue
[2026-03-17T18:55:20.774+0000] {logging_mixin.py:151} INFO - [2026-03-17T18:55:20.772+0000] {dagbag.py:539} INFO - Filling up the DagBag from /opt/airflow/dags/ingest_local_folder_dag.py
[2026-03-17T18:55:21.335+0000] {processor.py:839} INFO - DAG(s) dict_keys(['ingestionDAG']) retrieved from /opt/airflow/dags/ingest_local_folder_dag.py
[2026-03-17T18:55:21.423+0000] {logging_mixin.py:151} INFO - [2026-03-17T18:55:21.422+0000] {dag.py:2915} INFO - Sync 1 DAGs
[2026-03-17T18:55:21.479+0000] {logging_mixin.py:151} INFO - [2026-03-17T18:55:21.479+0000] {dag.py:3696} INFO - Setting next_dagrun for ingestionDAG to 2026-03-17T18:54:51.478933+00:00, run_after=2026-03-17T18:55:21.478933+00:00
[2026-03-17T18:55:21.520+0000] {processor.py:179} INFO - Processing /opt/airflow/dags/ingest_local_folder_dag.py took 0.762 seconds
[2026-03-17T18:55:52.114+0000] {processor.py:157} INFO - Started process (PID=4318) to work on /opt/airflow/dags/ingest_local_folder_dag.py
[2026-03-17T18:55:52.117+0000] {processor.py:829} INFO - Processing file /opt/airflow/dags/ingest_local_folder_dag.py for tasks to queue
[2026-03-17T18:55:52.119+0000] {logging_mixin.py:151} INFO - [2026-03-17T18:55:52.118+0000] {dagbag.py:539} INFO - Filling up the DagBag from /opt/airflow/dags/ingest_local_folder_dag.py
[2026-03-17T18:55:52.680+0000] {processor.py:839} INFO - DAG(s) dict_keys(['ingestionDAG']) retrieved from /opt/airflow/dags/ingest_local_folder_dag.py
[2026-03-17T18:55:52.776+0000] {logging_mixin.py:151} INFO - [2026-03-17T18:55:52.775+0000] {dag.py:2915} INFO - Sync 1 DAGs
[2026-03-17T18:55:52.840+0000] {logging_mixin.py:151} INFO - [2026-03-17T18:55:52.839+0000] {dag.py:3696} INFO - Setting next_dagrun for ingestionDAG to 2026-03-17T18:55:22.839202+00:00, run_after=2026-03-17T18:55:52.839202+00:00
[2026-03-17T18:55:52.882+0000] {processor.py:179} INFO - Processing /opt/airflow/dags/ingest_local_folder_dag.py took 0.780 seconds
[2026-03-17T18:56:23.485+0000] {processor.py:157} INFO - Started process (PID=4336) to work on /opt/airflow/dags/ingest_local_folder_dag.py
[2026-03-17T18:56:23.488+0000] {processor.py:829} INFO - Processing file /opt/airflow/dags/ingest_local_folder_dag.py for tasks to queue
[2026-03-17T18:56:23.491+0000] {logging_mixin.py:151} INFO - [2026-03-17T18:56:23.489+0000] {dagbag.py:539} INFO - Filling up the DagBag from /opt/airflow/dags/ingest_local_folder_dag.py
[2026-03-17T18:56:24.053+0000] {processor.py:839} INFO - DAG(s) dict_keys(['ingestionDAG']) retrieved from /opt/airflow/dags/ingest_local_folder_dag.py
[2026-03-17T18:56:24.148+0000] {logging_mixin.py:151} INFO - [2026-03-17T18:56:24.148+0000] {dag.py:2915} INFO - Sync 1 DAGs
[2026-03-17T18:56:24.212+0000] {logging_mixin.py:151} INFO - [2026-03-17T18:56:24.212+0000] {dag.py:3696} INFO - Setting next_dagrun for ingestionDAG to 2026-03-17T18:55:54.211804+00:00, run_after=2026-03-17T18:56:24.211804+00:00
[2026-03-17T18:56:24.262+0000] {processor.py:179} INFO - Processing /opt/airflow/dags/ingest_local_folder_dag.py took 0.787 seconds
[2026-03-17T18:56:54.870+0000] {processor.py:157} INFO - Started process (PID=4354) to work on /opt/airflow/dags/ingest_local_folder_dag.py
[2026-03-17T18:56:54.873+0000] {processor.py:829} INFO - Processing file /opt/airflow/dags/ingest_local_folder_dag.py for tasks to queue
[2026-03-17T18:56:54.875+0000] {logging_mixin.py:151} INFO - [2026-03-17T18:56:54.874+0000] {dagbag.py:539} INFO - Filling up the DagBag from /opt/airflow/dags/ingest_local_folder_dag.py
[2026-03-17T18:56:55.418+0000] {processor.py:839} INFO - DAG(s) dict_keys(['ingestionDAG']) retrieved from /opt/airflow/dags/ingest_local_folder_dag.py
[2026-03-17T18:56:55.503+0000] {logging_mixin.py:151} INFO - [2026-03-17T18:56:55.503+0000] {dag.py:2915} INFO - Sync 1 DAGs
[2026-03-17T18:56:55.562+0000] {logging_mixin.py:151} INFO - [2026-03-17T18:56:55.562+0000] {dag.py:3696} INFO - Setting next_dagrun for ingestionDAG to 2026-03-17T18:56:25.561955+00:00, run_after=2026-03-17T18:56:55.561955+00:00
[2026-03-17T18:56:55.603+0000] {processor.py:179} INFO - Processing /opt/airflow/dags/ingest_local_folder_dag.py took 0.744 seconds
[2026-03-17T18:57:25.807+0000] {processor.py:157} INFO - Started process (PID=4372) to work on /opt/airflow/dags/ingest_local_folder_dag.py
[2026-03-17T18:57:25.809+0000] {processor.py:829} INFO - Processing file /opt/airflow/dags/ingest_local_folder_dag.py for tasks to queue
[2026-03-17T18:57:25.812+0000] {logging_mixin.py:151} INFO - [2026-03-17T18:57:25.811+0000] {dagbag.py:539} INFO - Filling up the DagBag from /opt/airflow/dags/ingest_local_folder_dag.py
[2026-03-17T18:57:26.358+0000] {processor.py:839} INFO - DAG(s) dict_keys(['ingestionDAG']) retrieved from /opt/airflow/dags/ingest_local_folder_dag.py
[2026-03-17T18:57:26.446+0000] {logging_mixin.py:151} INFO - [2026-03-17T18:57:26.445+0000] {dag.py:2915} INFO - Sync 1 DAGs
[2026-03-17T18:57:26.504+0000] {logging_mixin.py:151} INFO - [2026-03-17T18:57:26.503+0000] {dag.py:3696} INFO - Setting next_dagrun for ingestionDAG to 2026-03-17T18:56:56.503187+00:00, run_after=2026-03-17T18:57:26.503187+00:00
[2026-03-17T18:57:26.544+0000] {processor.py:179} INFO - Processing /opt/airflow/dags/ingest_local_folder_dag.py took 0.749 seconds
[2026-03-17T18:57:57.143+0000] {processor.py:157} INFO - Started process (PID=4390) to work on /opt/airflow/dags/ingest_local_folder_dag.py
[2026-03-17T18:57:57.145+0000] {processor.py:829} INFO - Processing file /opt/airflow/dags/ingest_local_folder_dag.py for tasks to queue
[2026-03-17T18:57:57.148+0000] {logging_mixin.py:151} INFO - [2026-03-17T18:57:57.147+0000] {dagbag.py:539} INFO - Filling up the DagBag from /opt/airflow/dags/ingest_local_folder_dag.py
[2026-03-17T18:57:57.692+0000] {processor.py:839} INFO - DAG(s) dict_keys(['ingestionDAG']) retrieved from /opt/airflow/dags/ingest_local_folder_dag.py
[2026-03-17T18:57:57.788+0000] {logging_mixin.py:151} INFO - [2026-03-17T18:57:57.787+0000] {dag.py:2915} INFO - Sync 1 DAGs
[2026-03-17T18:57:57.848+0000] {logging_mixin.py:151} INFO - [2026-03-17T18:57:57.847+0000] {dag.py:3696} INFO - Setting next_dagrun for ingestionDAG to 2026-03-17T18:57:27.847042+00:00, run_after=2026-03-17T18:57:57.847042+00:00
[2026-03-17T18:57:57.888+0000] {processor.py:179} INFO - Processing /opt/airflow/dags/ingest_local_folder_dag.py took 0.756 seconds
[2026-03-17T18:58:28.484+0000] {processor.py:157} INFO - Started process (PID=4408) to work on /opt/airflow/dags/ingest_local_folder_dag.py
[2026-03-17T18:58:28.486+0000] {processor.py:829} INFO - Processing file /opt/airflow/dags/ingest_local_folder_dag.py for tasks to queue
[2026-03-17T18:58:28.488+0000] {logging_mixin.py:151} INFO - [2026-03-17T18:58:28.487+0000] {dagbag.py:539} INFO - Filling up the DagBag from /opt/airflow/dags/ingest_local_folder_dag.py
[2026-03-17T18:58:29.026+0000] {processor.py:839} INFO - DAG(s) dict_keys(['ingestionDAG']) retrieved from /opt/airflow/dags/ingest_local_folder_dag.py
[2026-03-17T18:58:29.112+0000] {logging_mixin.py:151} INFO - [2026-03-17T18:58:29.111+0000] {dag.py:2915} INFO - Sync 1 DAGs
[2026-03-17T18:58:29.172+0000] {logging_mixin.py:151} INFO - [2026-03-17T18:58:29.171+0000] {dag.py:3696} INFO - Setting next_dagrun for ingestionDAG to 2026-03-17T18:57:59.171038+00:00, run_after=2026-03-17T18:58:29.171038+00:00
[2026-03-17T18:58:29.213+0000] {processor.py:179} INFO - Processing /opt/airflow/dags/ingest_local_folder_dag.py took 0.738 seconds
[2026-03-17T18:58:59.434+0000] {processor.py:157} INFO - Started process (PID=4426) to work on /opt/airflow/dags/ingest_local_folder_dag.py
[2026-03-17T18:58:59.437+0000] {processor.py:829} INFO - Processing file /opt/airflow/dags/ingest_local_folder_dag.py for tasks to queue
[2026-03-17T18:58:59.439+0000] {logging_mixin.py:151} INFO - [2026-03-17T18:58:59.438+0000] {dagbag.py:539} INFO - Filling up the DagBag from /opt/airflow/dags/ingest_local_folder_dag.py
[2026-03-17T18:58:59.976+0000] {processor.py:839} INFO - DAG(s) dict_keys(['ingestionDAG']) retrieved from /opt/airflow/dags/ingest_local_folder_dag.py
[2026-03-17T18:59:00.064+0000] {logging_mixin.py:151} INFO - [2026-03-17T18:59:00.063+0000] {dag.py:2915} INFO - Sync 1 DAGs
[2026-03-17T18:59:00.121+0000] {logging_mixin.py:151} INFO - [2026-03-17T18:59:00.120+0000] {dag.py:3696} INFO - Setting next_dagrun for ingestionDAG to 2026-03-17T18:58:30.120296+00:00, run_after=2026-03-17T18:59:00.120296+00:00
[2026-03-17T18:59:00.161+0000] {processor.py:179} INFO - Processing /opt/airflow/dags/ingest_local_folder_dag.py took 0.737 seconds
[2026-03-17T18:59:30.364+0000] {processor.py:157} INFO - Started process (PID=4444) to work on /opt/airflow/dags/ingest_local_folder_dag.py
[2026-03-17T18:59:30.366+0000] {processor.py:829} INFO - Processing file /opt/airflow/dags/ingest_local_folder_dag.py for tasks to queue
[2026-03-17T18:59:30.368+0000] {logging_mixin.py:151} INFO - [2026-03-17T18:59:30.367+0000] {dagbag.py:539} INFO - Filling up the DagBag from /opt/airflow/dags/ingest_local_folder_dag.py
[2026-03-17T18:59:30.906+0000] {processor.py:839} INFO - DAG(s) dict_keys(['ingestionDAG']) retrieved from /opt/airflow/dags/ingest_local_folder_dag.py
[2026-03-17T18:59:30.991+0000] {logging_mixin.py:151} INFO - [2026-03-17T18:59:30.991+0000] {dag.py:2915} INFO - Sync 1 DAGs
[2026-03-17T18:59:31.048+0000] {logging_mixin.py:151} INFO - [2026-03-17T18:59:31.048+0000] {dag.py:3696} INFO - Setting next_dagrun for ingestionDAG to 2026-03-17T18:59:01.047787+00:00, run_after=2026-03-17T18:59:31.047787+00:00
[2026-03-17T18:59:31.089+0000] {processor.py:179} INFO - Processing /opt/airflow/dags/ingest_local_folder_dag.py took 0.735 seconds
[2026-03-17T19:00:01.329+0000] {processor.py:157} INFO - Started process (PID=4460) to work on /opt/airflow/dags/ingest_local_folder_dag.py
[2026-03-17T19:00:01.331+0000] {processor.py:829} INFO - Processing file /opt/airflow/dags/ingest_local_folder_dag.py for tasks to queue
[2026-03-17T19:00:01.333+0000] {logging_mixin.py:151} INFO - [2026-03-17T19:00:01.332+0000] {dagbag.py:539} INFO - Filling up the DagBag from /opt/airflow/dags/ingest_local_folder_dag.py
[2026-03-17T19:00:01.884+0000] {processor.py:839} INFO - DAG(s) dict_keys(['ingestionDAG']) retrieved from /opt/airflow/dags/ingest_local_folder_dag.py
[2026-03-17T19:00:01.975+0000] {logging_mixin.py:151} INFO - [2026-03-17T19:00:01.975+0000] {dag.py:2915} INFO - Sync 1 DAGs
[2026-03-17T19:00:02.033+0000] {logging_mixin.py:151} INFO - [2026-03-17T19:00:02.033+0000] {dag.py:3696} INFO - Setting next_dagrun for ingestionDAG to 2026-03-17T18:59:32.032681+00:00, run_after=2026-03-17T19:00:02.032681+00:00
[2026-03-17T19:00:02.074+0000] {processor.py:179} INFO - Processing /opt/airflow/dags/ingest_local_folder_dag.py took 0.756 seconds
[2026-03-17T19:00:32.350+0000] {processor.py:157} INFO - Started process (PID=4477) to work on /opt/airflow/dags/ingest_local_folder_dag.py
[2026-03-17T19:00:32.352+0000] {processor.py:829} INFO - Processing file /opt/airflow/dags/ingest_local_folder_dag.py for tasks to queue
[2026-03-17T19:00:32.354+0000] {logging_mixin.py:151} INFO - [2026-03-17T19:00:32.353+0000] {dagbag.py:539} INFO - Filling up the DagBag from /opt/airflow/dags/ingest_local_folder_dag.py
[2026-03-17T19:00:32.931+0000] {processor.py:839} INFO - DAG(s) dict_keys(['ingestionDAG']) retrieved from /opt/airflow/dags/ingest_local_folder_dag.py
[2026-03-17T19:00:33.030+0000] {logging_mixin.py:151} INFO - [2026-03-17T19:00:33.030+0000] {dag.py:2915} INFO - Sync 1 DAGs
[2026-03-17T19:00:33.098+0000] {logging_mixin.py:151} INFO - [2026-03-17T19:00:33.098+0000] {dag.py:3696} INFO - Setting next_dagrun for ingestionDAG to 2026-03-17T19:00:03.097608+00:00, run_after=2026-03-17T19:00:33.097608+00:00
[2026-03-17T19:00:33.144+0000] {processor.py:179} INFO - Processing /opt/airflow/dags/ingest_local_folder_dag.py took 0.806 seconds
[2026-03-17T19:01:03.760+0000] {processor.py:157} INFO - Started process (PID=4492) to work on /opt/airflow/dags/ingest_local_folder_dag.py
[2026-03-17T19:01:03.763+0000] {processor.py:829} INFO - Processing file /opt/airflow/dags/ingest_local_folder_dag.py for tasks to queue
[2026-03-17T19:01:03.765+0000] {logging_mixin.py:151} INFO - [2026-03-17T19:01:03.764+0000] {dagbag.py:539} INFO - Filling up the DagBag from /opt/airflow/dags/ingest_local_folder_dag.py
[2026-03-17T19:01:04.335+0000] {processor.py:839} INFO - DAG(s) dict_keys(['ingestionDAG']) retrieved from /opt/airflow/dags/ingest_local_folder_dag.py
[2026-03-17T19:01:04.423+0000] {logging_mixin.py:151} INFO - [2026-03-17T19:01:04.423+0000] {dag.py:2915} INFO - Sync 1 DAGs
[2026-03-17T19:01:04.480+0000] {logging_mixin.py:151} INFO - [2026-03-17T19:01:04.480+0000] {dag.py:3696} INFO - Setting next_dagrun for ingestionDAG to 2026-03-17T19:00:34.479650+00:00, run_after=2026-03-17T19:01:04.479650+00:00
[2026-03-17T19:01:04.521+0000] {processor.py:179} INFO - Processing /opt/airflow/dags/ingest_local_folder_dag.py took 0.773 seconds
[2026-03-17T19:01:35.487+0000] {processor.py:157} INFO - Started process (PID=4510) to work on /opt/airflow/dags/ingest_local_folder_dag.py
[2026-03-17T19:01:35.489+0000] {processor.py:829} INFO - Processing file /opt/airflow/dags/ingest_local_folder_dag.py for tasks to queue
[2026-03-17T19:01:35.492+0000] {logging_mixin.py:151} INFO - [2026-03-17T19:01:35.491+0000] {dagbag.py:539} INFO - Filling up the DagBag from /opt/airflow/dags/ingest_local_folder_dag.py
[2026-03-17T19:01:36.059+0000] {processor.py:839} INFO - DAG(s) dict_keys(['ingestionDAG']) retrieved from /opt/airflow/dags/ingest_local_folder_dag.py
[2026-03-17T19:01:36.155+0000] {logging_mixin.py:151} INFO - [2026-03-17T19:01:36.155+0000] {dag.py:2915} INFO - Sync 1 DAGs
[2026-03-17T19:01:36.221+0000] {logging_mixin.py:151} INFO - [2026-03-17T19:01:36.221+0000] {dag.py:3696} INFO - Setting next_dagrun for ingestionDAG to 2026-03-17T19:01:06.220557+00:00, run_after=2026-03-17T19:01:36.220557+00:00
[2026-03-17T19:01:36.267+0000] {processor.py:179} INFO - Processing /opt/airflow/dags/ingest_local_folder_dag.py took 0.792 seconds
[2026-03-17T19:02:07.053+0000] {processor.py:157} INFO - Started process (PID=4528) to work on /opt/airflow/dags/ingest_local_folder_dag.py
[2026-03-17T19:02:07.056+0000] {processor.py:829} INFO - Processing file /opt/airflow/dags/ingest_local_folder_dag.py for tasks to queue
[2026-03-17T19:02:07.059+0000] {logging_mixin.py:151} INFO - [2026-03-17T19:02:07.057+0000] {dagbag.py:539} INFO - Filling up the DagBag from /opt/airflow/dags/ingest_local_folder_dag.py
[2026-03-17T19:02:07.631+0000] {processor.py:839} INFO - DAG(s) dict_keys(['ingestionDAG']) retrieved from /opt/airflow/dags/ingest_local_folder_dag.py
[2026-03-17T19:02:07.725+0000] {logging_mixin.py:151} INFO - [2026-03-17T19:02:07.725+0000] {dag.py:2915} INFO - Sync 1 DAGs
[2026-03-17T19:02:07.789+0000] {logging_mixin.py:151} INFO - [2026-03-17T19:02:07.788+0000] {dag.py:3696} INFO - Setting next_dagrun for ingestionDAG to 2026-03-17T19:01:37.788230+00:00, run_after=2026-03-17T19:02:07.788230+00:00
[2026-03-17T19:02:07.834+0000] {processor.py:179} INFO - Processing /opt/airflow/dags/ingest_local_folder_dag.py took 0.792 seconds
[2026-03-17T19:02:38.092+0000] {processor.py:157} INFO - Started process (PID=4546) to work on /opt/airflow/dags/ingest_local_folder_dag.py
[2026-03-17T19:02:38.094+0000] {processor.py:829} INFO - Processing file /opt/airflow/dags/ingest_local_folder_dag.py for tasks to queue
[2026-03-17T19:02:38.096+0000] {logging_mixin.py:151} INFO - [2026-03-17T19:02:38.095+0000] {dagbag.py:539} INFO - Filling up the DagBag from /opt/airflow/dags/ingest_local_folder_dag.py
[2026-03-17T19:02:38.695+0000] {processor.py:839} INFO - DAG(s) dict_keys(['ingestionDAG']) retrieved from /opt/airflow/dags/ingest_local_folder_dag.py
[2026-03-17T19:02:38.792+0000] {logging_mixin.py:151} INFO - [2026-03-17T19:02:38.791+0000] {dag.py:2915} INFO - Sync 1 DAGs
[2026-03-17T19:02:38.860+0000] {logging_mixin.py:151} INFO - [2026-03-17T19:02:38.860+0000] {dag.py:3696} INFO - Setting next_dagrun for ingestionDAG to 2026-03-17T19:02:08.859829+00:00, run_after=2026-03-17T19:02:38.859829+00:00
[2026-03-17T19:02:38.904+0000] {processor.py:179} INFO - Processing /opt/airflow/dags/ingest_local_folder_dag.py took 0.824 seconds
[2026-03-17T19:03:09.170+0000] {processor.py:157} INFO - Started process (PID=4569) to work on /opt/airflow/dags/ingest_local_folder_dag.py
[2026-03-17T19:03:09.172+0000] {processor.py:829} INFO - Processing file /opt/airflow/dags/ingest_local_folder_dag.py for tasks to queue
[2026-03-17T19:03:09.175+0000] {logging_mixin.py:151} INFO - [2026-03-17T19:03:09.174+0000] {dagbag.py:539} INFO - Filling up the DagBag from /opt/airflow/dags/ingest_local_folder_dag.py
[2026-03-17T19:03:09.743+0000] {processor.py:839} INFO - DAG(s) dict_keys(['ingestionDAG']) retrieved from /opt/airflow/dags/ingest_local_folder_dag.py
[2026-03-17T19:03:09.832+0000] {logging_mixin.py:151} INFO - [2026-03-17T19:03:09.831+0000] {dag.py:2915} INFO - Sync 1 DAGs
[2026-03-17T19:03:09.889+0000] {logging_mixin.py:151} INFO - [2026-03-17T19:03:09.889+0000] {dag.py:3696} INFO - Setting next_dagrun for ingestionDAG to 2026-03-17T19:02:39.888681+00:00, run_after=2026-03-17T19:03:09.888681+00:00
[2026-03-17T19:03:09.929+0000] {processor.py:179} INFO - Processing /opt/airflow/dags/ingest_local_folder_dag.py took 0.771 seconds
[2026-03-17T19:03:40.061+0000] {processor.py:157} INFO - Started process (PID=4587) to work on /opt/airflow/dags/ingest_local_folder_dag.py
[2026-03-17T19:03:40.064+0000] {processor.py:829} INFO - Processing file /opt/airflow/dags/ingest_local_folder_dag.py for tasks to queue
[2026-03-17T19:03:40.066+0000] {logging_mixin.py:151} INFO - [2026-03-17T19:03:40.065+0000] {dagbag.py:539} INFO - Filling up the DagBag from /opt/airflow/dags/ingest_local_folder_dag.py
[2026-03-17T19:03:40.629+0000] {processor.py:839} INFO - DAG(s) dict_keys(['ingestionDAG']) retrieved from /opt/airflow/dags/ingest_local_folder_dag.py
[2026-03-17T19:03:40.717+0000] {logging_mixin.py:151} INFO - [2026-03-17T19:03:40.716+0000] {dag.py:2915} INFO - Sync 1 DAGs
[2026-03-17T19:03:40.774+0000] {logging_mixin.py:151} INFO - [2026-03-17T19:03:40.773+0000] {dag.py:3696} INFO - Setting next_dagrun for ingestionDAG to 2026-03-17T19:03:10.773147+00:00, run_after=2026-03-17T19:03:40.773147+00:00
[2026-03-17T19:03:40.814+0000] {processor.py:179} INFO - Processing /opt/airflow/dags/ingest_local_folder_dag.py took 0.764 seconds
[2026-03-17T19:04:11.099+0000] {processor.py:157} INFO - Started process (PID=4605) to work on /opt/airflow/dags/ingest_local_folder_dag.py
[2026-03-17T19:04:11.101+0000] {processor.py:829} INFO - Processing file /opt/airflow/dags/ingest_local_folder_dag.py for tasks to queue
[2026-03-17T19:04:11.103+0000] {logging_mixin.py:151} INFO - [2026-03-17T19:04:11.102+0000] {dagbag.py:539} INFO - Filling up the DagBag from /opt/airflow/dags/ingest_local_folder_dag.py
[2026-03-17T19:04:11.643+0000] {processor.py:839} INFO - DAG(s) dict_keys(['ingestionDAG']) retrieved from /opt/airflow/dags/ingest_local_folder_dag.py
[2026-03-17T19:04:11.728+0000] {logging_mixin.py:151} INFO - [2026-03-17T19:04:11.728+0000] {dag.py:2915} INFO - Sync 1 DAGs
[2026-03-17T19:04:11.788+0000] {logging_mixin.py:151} INFO - [2026-03-17T19:04:11.788+0000] {dag.py:3696} INFO - Setting next_dagrun for ingestionDAG to 2026-03-17T19:03:41.787564+00:00, run_after=2026-03-17T19:04:11.787564+00:00
[2026-03-17T19:04:11.828+0000] {processor.py:179} INFO - Processing /opt/airflow/dags/ingest_local_folder_dag.py took 0.739 seconds
[2026-03-17T19:04:41.945+0000] {processor.py:157} INFO - Started process (PID=4623) to work on /opt/airflow/dags/ingest_local_folder_dag.py
[2026-03-17T19:04:41.948+0000] {processor.py:829} INFO - Processing file /opt/airflow/dags/ingest_local_folder_dag.py for tasks to queue
[2026-03-17T19:04:41.950+0000] {logging_mixin.py:151} INFO - [2026-03-17T19:04:41.949+0000] {dagbag.py:539} INFO - Filling up the DagBag from /opt/airflow/dags/ingest_local_folder_dag.py
[2026-03-17T19:04:42.489+0000] {processor.py:839} INFO - DAG(s) dict_keys(['ingestionDAG']) retrieved from /opt/airflow/dags/ingest_local_folder_dag.py
[2026-03-17T19:04:42.576+0000] {logging_mixin.py:151} INFO - [2026-03-17T19:04:42.576+0000] {dag.py:2915} INFO - Sync 1 DAGs
[2026-03-17T19:04:42.636+0000] {logging_mixin.py:151} INFO - [2026-03-17T19:04:42.635+0000] {dag.py:3696} INFO - Setting next_dagrun for ingestionDAG to 2026-03-17T19:04:12.635259+00:00, run_after=2026-03-17T19:04:42.635259+00:00
[2026-03-17T19:04:42.676+0000] {processor.py:179} INFO - Processing /opt/airflow/dags/ingest_local_folder_dag.py took 0.741 seconds
[2026-03-17T19:05:13.171+0000] {processor.py:157} INFO - Started process (PID=4641) to work on /opt/airflow/dags/ingest_local_folder_dag.py
[2026-03-17T19:05:13.174+0000] {processor.py:829} INFO - Processing file /opt/airflow/dags/ingest_local_folder_dag.py for tasks to queue
[2026-03-17T19:05:13.176+0000] {logging_mixin.py:151} INFO - [2026-03-17T19:05:13.175+0000] {dagbag.py:539} INFO - Filling up the DagBag from /opt/airflow/dags/ingest_local_folder_dag.py
[2026-03-17T19:05:13.713+0000] {processor.py:839} INFO - DAG(s) dict_keys(['ingestionDAG']) retrieved from /opt/airflow/dags/ingest_local_folder_dag.py
[2026-03-17T19:05:13.800+0000] {logging_mixin.py:151} INFO - [2026-03-17T19:05:13.799+0000] {dag.py:2915} INFO - Sync 1 DAGs
[2026-03-17T19:05:13.857+0000] {logging_mixin.py:151} INFO - [2026-03-17T19:05:13.857+0000] {dag.py:3696} INFO - Setting next_dagrun for ingestionDAG to 2026-03-17T19:04:43.856775+00:00, run_after=2026-03-17T19:05:13.856775+00:00
[2026-03-17T19:05:13.903+0000] {processor.py:179} INFO - Processing /opt/airflow/dags/ingest_local_folder_dag.py took 0.743 seconds
[2026-03-17T19:05:44.394+0000] {processor.py:157} INFO - Started process (PID=4659) to work on /opt/airflow/dags/ingest_local_folder_dag.py
[2026-03-17T19:05:44.396+0000] {processor.py:829} INFO - Processing file /opt/airflow/dags/ingest_local_folder_dag.py for tasks to queue
[2026-03-17T19:05:44.399+0000] {logging_mixin.py:151} INFO - [2026-03-17T19:05:44.397+0000] {dagbag.py:539} INFO - Filling up the DagBag from /opt/airflow/dags/ingest_local_folder_dag.py
[2026-03-17T19:05:44.936+0000] {processor.py:839} INFO - DAG(s) dict_keys(['ingestionDAG']) retrieved from /opt/airflow/dags/ingest_local_folder_dag.py
[2026-03-17T19:05:45.022+0000] {logging_mixin.py:151} INFO - [2026-03-17T19:05:45.021+0000] {dag.py:2915} INFO - Sync 1 DAGs
[2026-03-17T19:05:45.079+0000] {logging_mixin.py:151} INFO - [2026-03-17T19:05:45.079+0000] {dag.py:3696} INFO - Setting next_dagrun for ingestionDAG to 2026-03-17T19:05:15.078470+00:00, run_after=2026-03-17T19:05:45.078470+00:00
[2026-03-17T19:05:45.119+0000] {processor.py:179} INFO - Processing /opt/airflow/dags/ingest_local_folder_dag.py took 0.737 seconds
[2026-03-17T19:06:15.714+0000] {processor.py:157} INFO - Started process (PID=4677) to work on /opt/airflow/dags/ingest_local_folder_dag.py
[2026-03-17T19:06:15.716+0000] {processor.py:829} INFO - Processing file /opt/airflow/dags/ingest_local_folder_dag.py for tasks to queue
[2026-03-17T19:06:15.719+0000] {logging_mixin.py:151} INFO - [2026-03-17T19:06:15.718+0000] {dagbag.py:539} INFO - Filling up the DagBag from /opt/airflow/dags/ingest_local_folder_dag.py
[2026-03-17T19:06:16.270+0000] {processor.py:839} INFO - DAG(s) dict_keys(['ingestionDAG']) retrieved from /opt/airflow/dags/ingest_local_folder_dag.py
[2026-03-17T19:06:16.356+0000] {logging_mixin.py:151} INFO - [2026-03-17T19:06:16.355+0000] {dag.py:2915} INFO - Sync 1 DAGs
[2026-03-17T19:06:16.413+0000] {logging_mixin.py:151} INFO - [2026-03-17T19:06:16.412+0000] {dag.py:3696} INFO - Setting next_dagrun for ingestionDAG to 2026-03-17T19:05:46.412280+00:00, run_after=2026-03-17T19:06:16.412280+00:00
[2026-03-17T19:06:16.457+0000] {processor.py:179} INFO - Processing /opt/airflow/dags/ingest_local_folder_dag.py took 0.755 seconds
[2026-03-17T19:06:46.584+0000] {processor.py:157} INFO - Started process (PID=4695) to work on /opt/airflow/dags/ingest_local_folder_dag.py
[2026-03-17T19:06:46.587+0000] {processor.py:829} INFO - Processing file /opt/airflow/dags/ingest_local_folder_dag.py for tasks to queue
[2026-03-17T19:06:46.589+0000] {logging_mixin.py:151} INFO - [2026-03-17T19:06:46.588+0000] {dagbag.py:539} INFO - Filling up the DagBag from /opt/airflow/dags/ingest_local_folder_dag.py
[2026-03-17T19:06:47.133+0000] {processor.py:839} INFO - DAG(s) dict_keys(['ingestionDAG']) retrieved from /opt/airflow/dags/ingest_local_folder_dag.py
[2026-03-17T19:06:47.226+0000] {logging_mixin.py:151} INFO - [2026-03-17T19:06:47.226+0000] {dag.py:2915} INFO - Sync 1 DAGs
[2026-03-17T19:06:47.283+0000] {logging_mixin.py:151} INFO - [2026-03-17T19:06:47.283+0000] {dag.py:3696} INFO - Setting next_dagrun for ingestionDAG to 2026-03-17T19:06:17.282904+00:00, run_after=2026-03-17T19:06:47.282904+00:00
[2026-03-17T19:06:47.323+0000] {processor.py:179} INFO - Processing /opt/airflow/dags/ingest_local_folder_dag.py took 0.750 seconds
[2026-03-17T19:07:17.527+0000] {processor.py:157} INFO - Started process (PID=4713) to work on /opt/airflow/dags/ingest_local_folder_dag.py
[2026-03-17T19:07:17.529+0000] {processor.py:829} INFO - Processing file /opt/airflow/dags/ingest_local_folder_dag.py for tasks to queue
[2026-03-17T19:07:17.531+0000] {logging_mixin.py:151} INFO - [2026-03-17T19:07:17.530+0000] {dagbag.py:539} INFO - Filling up the DagBag from /opt/airflow/dags/ingest_local_folder_dag.py
[2026-03-17T19:07:18.076+0000] {processor.py:839} INFO - DAG(s) dict_keys(['ingestionDAG']) retrieved from /opt/airflow/dags/ingest_local_folder_dag.py
[2026-03-17T19:07:18.169+0000] {logging_mixin.py:151} INFO - [2026-03-17T19:07:18.169+0000] {dag.py:2915} INFO - Sync 1 DAGs
[2026-03-17T19:07:18.232+0000] {logging_mixin.py:151} INFO - [2026-03-17T19:07:18.232+0000] {dag.py:3696} INFO - Setting next_dagrun for ingestionDAG to 2026-03-17T19:06:48.231938+00:00, run_after=2026-03-17T19:07:18.231938+00:00
[2026-03-17T19:07:18.273+0000] {processor.py:179} INFO - Processing /opt/airflow/dags/ingest_local_folder_dag.py took 0.758 seconds
[2026-03-17T19:07:48.544+0000] {processor.py:157} INFO - Started process (PID=4731) to work on /opt/airflow/dags/ingest_local_folder_dag.py
[2026-03-17T19:07:48.547+0000] {processor.py:829} INFO - Processing file /opt/airflow/dags/ingest_local_folder_dag.py for tasks to queue
[2026-03-17T19:07:48.549+0000] {logging_mixin.py:151} INFO - [2026-03-17T19:07:48.548+0000] {dagbag.py:539} INFO - Filling up the DagBag from /opt/airflow/dags/ingest_local_folder_dag.py
[2026-03-17T19:07:49.139+0000] {processor.py:839} INFO - DAG(s) dict_keys(['ingestionDAG']) retrieved from /opt/airflow/dags/ingest_local_folder_dag.py
[2026-03-17T19:07:49.236+0000] {logging_mixin.py:151} INFO - [2026-03-17T19:07:49.236+0000] {dag.py:2915} INFO - Sync 1 DAGs
[2026-03-17T19:07:49.299+0000] {logging_mixin.py:151} INFO - [2026-03-17T19:07:49.299+0000] {dag.py:3696} INFO - Setting next_dagrun for ingestionDAG to 2026-03-17T19:07:19.298532+00:00, run_after=2026-03-17T19:07:49.298532+00:00
[2026-03-17T19:07:49.345+0000] {processor.py:179} INFO - Processing /opt/airflow/dags/ingest_local_folder_dag.py took 0.813 seconds
[2026-03-17T19:08:19.650+0000] {processor.py:157} INFO - Started process (PID=4749) to work on /opt/airflow/dags/ingest_local_folder_dag.py
[2026-03-17T19:08:19.653+0000] {processor.py:829} INFO - Processing file /opt/airflow/dags/ingest_local_folder_dag.py for tasks to queue
[2026-03-17T19:08:19.655+0000] {logging_mixin.py:151} INFO - [2026-03-17T19:08:19.654+0000] {dagbag.py:539} INFO - Filling up the DagBag from /opt/airflow/dags/ingest_local_folder_dag.py
[2026-03-17T19:08:20.227+0000] {processor.py:839} INFO - DAG(s) dict_keys(['ingestionDAG']) retrieved from /opt/airflow/dags/ingest_local_folder_dag.py
[2026-03-17T19:08:20.324+0000] {logging_mixin.py:151} INFO - [2026-03-17T19:08:20.323+0000] {dag.py:2915} INFO - Sync 1 DAGs
[2026-03-17T19:08:20.381+0000] {logging_mixin.py:151} INFO - [2026-03-17T19:08:20.380+0000] {dag.py:3696} INFO - Setting next_dagrun for ingestionDAG to 2026-03-17T19:07:50.380123+00:00, run_after=2026-03-17T19:08:20.380123+00:00
[2026-03-17T19:08:20.421+0000] {processor.py:179} INFO - Processing /opt/airflow/dags/ingest_local_folder_dag.py took 0.782 seconds
[2026-03-17T19:08:51.424+0000] {processor.py:157} INFO - Started process (PID=4767) to work on /opt/airflow/dags/ingest_local_folder_dag.py
[2026-03-17T19:08:51.427+0000] {processor.py:829} INFO - Processing file /opt/airflow/dags/ingest_local_folder_dag.py for tasks to queue
[2026-03-17T19:08:51.429+0000] {logging_mixin.py:151} INFO - [2026-03-17T19:08:51.428+0000] {dagbag.py:539} INFO - Filling up the DagBag from /opt/airflow/dags/ingest_local_folder_dag.py
[2026-03-17T19:08:52.005+0000] {processor.py:839} INFO - DAG(s) dict_keys(['ingestionDAG']) retrieved from /opt/airflow/dags/ingest_local_folder_dag.py
[2026-03-17T19:08:52.100+0000] {logging_mixin.py:151} INFO - [2026-03-17T19:08:52.100+0000] {dag.py:2915} INFO - Sync 1 DAGs
[2026-03-17T19:08:52.164+0000] {logging_mixin.py:151} INFO - [2026-03-17T19:08:52.164+0000] {dag.py:3696} INFO - Setting next_dagrun for ingestionDAG to 2026-03-17T19:08:22.163797+00:00, run_after=2026-03-17T19:08:52.163797+00:00
[2026-03-17T19:08:52.210+0000] {processor.py:179} INFO - Processing /opt/airflow/dags/ingest_local_folder_dag.py took 0.798 seconds
[2026-03-17T19:09:22.702+0000] {processor.py:157} INFO - Started process (PID=4785) to work on /opt/airflow/dags/ingest_local_folder_dag.py
[2026-03-17T19:09:22.704+0000] {processor.py:829} INFO - Processing file /opt/airflow/dags/ingest_local_folder_dag.py for tasks to queue
[2026-03-17T19:09:22.706+0000] {logging_mixin.py:151} INFO - [2026-03-17T19:09:22.705+0000] {dagbag.py:539} INFO - Filling up the DagBag from /opt/airflow/dags/ingest_local_folder_dag.py
[2026-03-17T19:09:23.277+0000] {processor.py:839} INFO - DAG(s) dict_keys(['ingestionDAG']) retrieved from /opt/airflow/dags/ingest_local_folder_dag.py
[2026-03-17T19:09:23.373+0000] {logging_mixin.py:151} INFO - [2026-03-17T19:09:23.372+0000] {dag.py:2915} INFO - Sync 1 DAGs
[2026-03-17T19:09:23.430+0000] {logging_mixin.py:151} INFO - [2026-03-17T19:09:23.429+0000] {dag.py:3696} INFO - Setting next_dagrun for ingestionDAG to 2026-03-17T19:08:53.429022+00:00, run_after=2026-03-17T19:09:23.429022+00:00
[2026-03-17T19:09:23.470+0000] {processor.py:179} INFO - Processing /opt/airflow/dags/ingest_local_folder_dag.py took 0.780 seconds
[2026-03-17T19:09:53.559+0000] {processor.py:157} INFO - Started process (PID=4803) to work on /opt/airflow/dags/ingest_local_folder_dag.py
[2026-03-17T19:09:53.561+0000] {processor.py:829} INFO - Processing file /opt/airflow/dags/ingest_local_folder_dag.py for tasks to queue
[2026-03-17T19:09:53.564+0000] {logging_mixin.py:151} INFO - [2026-03-17T19:09:53.563+0000] {dagbag.py:539} INFO - Filling up the DagBag from /opt/airflow/dags/ingest_local_folder_dag.py
[2026-03-17T19:09:54.131+0000] {processor.py:839} INFO - DAG(s) dict_keys(['ingestionDAG']) retrieved from /opt/airflow/dags/ingest_local_folder_dag.py
[2026-03-17T19:09:54.228+0000] {logging_mixin.py:151} INFO - [2026-03-17T19:09:54.227+0000] {dag.py:2915} INFO - Sync 1 DAGs
[2026-03-17T19:09:54.295+0000] {logging_mixin.py:151} INFO - [2026-03-17T19:09:54.295+0000] {dag.py:3696} INFO - Setting next_dagrun for ingestionDAG to 2026-03-17T19:09:24.294864+00:00, run_after=2026-03-17T19:09:54.294864+00:00
[2026-03-17T19:09:54.342+0000] {processor.py:179} INFO - Processing /opt/airflow/dags/ingest_local_folder_dag.py took 0.794 seconds
[2026-03-17T19:10:24.615+0000] {processor.py:157} INFO - Started process (PID=4821) to work on /opt/airflow/dags/ingest_local_folder_dag.py
[2026-03-17T19:10:24.617+0000] {processor.py:829} INFO - Processing file /opt/airflow/dags/ingest_local_folder_dag.py for tasks to queue
[2026-03-17T19:10:24.620+0000] {logging_mixin.py:151} INFO - [2026-03-17T19:10:24.619+0000] {dagbag.py:539} INFO - Filling up the DagBag from /opt/airflow/dags/ingest_local_folder_dag.py
[2026-03-17T19:10:25.187+0000] {processor.py:839} INFO - DAG(s) dict_keys(['ingestionDAG']) retrieved from /opt/airflow/dags/ingest_local_folder_dag.py
[2026-03-17T19:10:25.285+0000] {logging_mixin.py:151} INFO - [2026-03-17T19:10:25.285+0000] {dag.py:2915} INFO - Sync 1 DAGs
[2026-03-17T19:10:25.349+0000] {logging_mixin.py:151} INFO - [2026-03-17T19:10:25.348+0000] {dag.py:3696} INFO - Setting next_dagrun for ingestionDAG to 2026-03-17T19:09:55.348221+00:00, run_after=2026-03-17T19:10:25.348221+00:00
[2026-03-17T19:10:25.394+0000] {processor.py:179} INFO - Processing /opt/airflow/dags/ingest_local_folder_dag.py took 0.790 seconds
[2026-03-17T19:10:55.474+0000] {processor.py:157} INFO - Started process (PID=4839) to work on /opt/airflow/dags/ingest_local_folder_dag.py
[2026-03-17T19:10:55.477+0000] {processor.py:829} INFO - Processing file /opt/airflow/dags/ingest_local_folder_dag.py for tasks to queue
[2026-03-17T19:10:55.479+0000] {logging_mixin.py:151} INFO - [2026-03-17T19:10:55.478+0000] {dagbag.py:539} INFO - Filling up the DagBag from /opt/airflow/dags/ingest_local_folder_dag.py
[2026-03-17T19:10:56.042+0000] {processor.py:839} INFO - DAG(s) dict_keys(['ingestionDAG']) retrieved from /opt/airflow/dags/ingest_local_folder_dag.py
[2026-03-17T19:10:56.129+0000] {logging_mixin.py:151} INFO - [2026-03-17T19:10:56.128+0000] {dag.py:2915} INFO - Sync 1 DAGs
[2026-03-17T19:10:56.186+0000] {logging_mixin.py:151} INFO - [2026-03-17T19:10:56.185+0000] {dag.py:3696} INFO - Setting next_dagrun for ingestionDAG to 2026-03-17T19:10:26.185315+00:00, run_after=2026-03-17T19:10:56.185315+00:00
[2026-03-17T19:10:56.227+0000] {processor.py:179} INFO - Processing /opt/airflow/dags/ingest_local_folder_dag.py took 0.764 seconds
[2026-03-17T19:11:26.690+0000] {processor.py:157} INFO - Started process (PID=4857) to work on /opt/airflow/dags/ingest_local_folder_dag.py
[2026-03-17T19:11:26.693+0000] {processor.py:829} INFO - Processing file /opt/airflow/dags/ingest_local_folder_dag.py for tasks to queue
[2026-03-17T19:11:26.695+0000] {logging_mixin.py:151} INFO - [2026-03-17T19:11:26.694+0000] {dagbag.py:539} INFO - Filling up the DagBag from /opt/airflow/dags/ingest_local_folder_dag.py
[2026-03-17T19:11:27.258+0000] {processor.py:839} INFO - DAG(s) dict_keys(['ingestionDAG']) retrieved from /opt/airflow/dags/ingest_local_folder_dag.py
[2026-03-17T19:11:27.354+0000] {logging_mixin.py:151} INFO - [2026-03-17T19:11:27.354+0000] {dag.py:2915} INFO - Sync 1 DAGs
[2026-03-17T19:11:27.418+0000] {logging_mixin.py:151} INFO - [2026-03-17T19:11:27.417+0000] {dag.py:3696} INFO - Setting next_dagrun for ingestionDAG to 2026-03-17T19:10:57.417330+00:00, run_after=2026-03-17T19:11:27.417330+00:00
[2026-03-17T19:11:27.464+0000] {processor.py:179} INFO - Processing /opt/airflow/dags/ingest_local_folder_dag.py took 0.785 seconds
[2026-03-17T19:11:57.769+0000] {processor.py:157} INFO - Started process (PID=4875) to work on /opt/airflow/dags/ingest_local_folder_dag.py
[2026-03-17T19:11:57.772+0000] {processor.py:829} INFO - Processing file /opt/airflow/dags/ingest_local_folder_dag.py for tasks to queue
[2026-03-17T19:11:57.774+0000] {logging_mixin.py:151} INFO - [2026-03-17T19:11:57.773+0000] {dagbag.py:539} INFO - Filling up the DagBag from /opt/airflow/dags/ingest_local_folder_dag.py
[2026-03-17T19:11:58.347+0000] {processor.py:839} INFO - DAG(s) dict_keys(['ingestionDAG']) retrieved from /opt/airflow/dags/ingest_local_folder_dag.py
[2026-03-17T19:11:58.443+0000] {logging_mixin.py:151} INFO - [2026-03-17T19:11:58.443+0000] {dag.py:2915} INFO - Sync 1 DAGs
[2026-03-17T19:11:58.511+0000] {logging_mixin.py:151} INFO - [2026-03-17T19:11:58.510+0000] {dag.py:3696} INFO - Setting next_dagrun for ingestionDAG to 2026-03-17T19:11:28.510145+00:00, run_after=2026-03-17T19:11:58.510145+00:00
[2026-03-17T19:11:58.553+0000] {processor.py:179} INFO - Processing /opt/airflow/dags/ingest_local_folder_dag.py took 0.796 seconds
[2026-03-17T19:12:29.255+0000] {processor.py:157} INFO - Started process (PID=4893) to work on /opt/airflow/dags/ingest_local_folder_dag.py
[2026-03-17T19:12:29.258+0000] {processor.py:829} INFO - Processing file /opt/airflow/dags/ingest_local_folder_dag.py for tasks to queue
[2026-03-17T19:12:29.260+0000] {logging_mixin.py:151} INFO - [2026-03-17T19:12:29.259+0000] {dagbag.py:539} INFO - Filling up the DagBag from /opt/airflow/dags/ingest_local_folder_dag.py
[2026-03-17T19:12:29.822+0000] {processor.py:839} INFO - DAG(s) dict_keys(['ingestionDAG']) retrieved from /opt/airflow/dags/ingest_local_folder_dag.py
[2026-03-17T19:12:29.920+0000] {logging_mixin.py:151} INFO - [2026-03-17T19:12:29.919+0000] {dag.py:2915} INFO - Sync 1 DAGs
[2026-03-17T19:12:29.984+0000] {logging_mixin.py:151} INFO - [2026-03-17T19:12:29.983+0000] {dag.py:3696} INFO - Setting next_dagrun for ingestionDAG to 2026-03-17T19:11:59.983143+00:00, run_after=2026-03-17T19:12:29.983143+00:00
[2026-03-17T19:12:30.029+0000] {processor.py:179} INFO - Processing /opt/airflow/dags/ingest_local_folder_dag.py took 0.785 seconds
[2026-03-17T19:13:01.045+0000] {processor.py:157} INFO - Started process (PID=4911) to work on /opt/airflow/dags/ingest_local_folder_dag.py
[2026-03-17T19:13:01.047+0000] {processor.py:829} INFO - Processing file /opt/airflow/dags/ingest_local_folder_dag.py for tasks to queue
[2026-03-17T19:13:01.049+0000] {logging_mixin.py:151} INFO - [2026-03-17T19:13:01.048+0000] {dagbag.py:539} INFO - Filling up the DagBag from /opt/airflow/dags/ingest_local_folder_dag.py
[2026-03-17T19:13:01.619+0000] {processor.py:839} INFO - DAG(s) dict_keys(['ingestionDAG']) retrieved from /opt/airflow/dags/ingest_local_folder_dag.py
[2026-03-17T19:13:01.704+0000] {logging_mixin.py:151} INFO - [2026-03-17T19:13:01.703+0000] {dag.py:2915} INFO - Sync 1 DAGs
[2026-03-17T19:13:01.761+0000] {logging_mixin.py:151} INFO - [2026-03-17T19:13:01.761+0000] {dag.py:3696} INFO - Setting next_dagrun for ingestionDAG to 2026-03-17T19:12:31.760562+00:00, run_after=2026-03-17T19:13:01.760562+00:00
[2026-03-17T19:13:01.802+0000] {processor.py:179} INFO - Processing /opt/airflow/dags/ingest_local_folder_dag.py took 0.768 seconds
[2026-03-17T19:13:32.097+0000] {processor.py:157} INFO - Started process (PID=4929) to work on /opt/airflow/dags/ingest_local_folder_dag.py
[2026-03-17T19:13:32.100+0000] {processor.py:829} INFO - Processing file /opt/airflow/dags/ingest_local_folder_dag.py for tasks to queue
[2026-03-17T19:13:32.102+0000] {logging_mixin.py:151} INFO - [2026-03-17T19:13:32.101+0000] {dagbag.py:539} INFO - Filling up the DagBag from /opt/airflow/dags/ingest_local_folder_dag.py
[2026-03-17T19:13:32.666+0000] {processor.py:839} INFO - DAG(s) dict_keys(['ingestionDAG']) retrieved from /opt/airflow/dags/ingest_local_folder_dag.py
[2026-03-17T19:13:32.751+0000] {logging_mixin.py:151} INFO - [2026-03-17T19:13:32.751+0000] {dag.py:2915} INFO - Sync 1 DAGs
[2026-03-17T19:13:32.809+0000] {logging_mixin.py:151} INFO - [2026-03-17T19:13:32.808+0000] {dag.py:3696} INFO - Setting next_dagrun for ingestionDAG to 2026-03-17T19:13:02.808135+00:00, run_after=2026-03-17T19:13:32.808135+00:00
[2026-03-17T19:13:32.849+0000] {processor.py:179} INFO - Processing /opt/airflow/dags/ingest_local_folder_dag.py took 0.764 seconds
[2026-03-17T19:14:03.114+0000] {processor.py:157} INFO - Started process (PID=4947) to work on /opt/airflow/dags/ingest_local_folder_dag.py
[2026-03-17T19:14:03.117+0000] {processor.py:829} INFO - Processing file /opt/airflow/dags/ingest_local_folder_dag.py for tasks to queue
[2026-03-17T19:14:03.119+0000] {logging_mixin.py:151} INFO - [2026-03-17T19:14:03.118+0000] {dagbag.py:539} INFO - Filling up the DagBag from /opt/airflow/dags/ingest_local_folder_dag.py
[2026-03-17T19:14:03.682+0000] {processor.py:839} INFO - DAG(s) dict_keys(['ingestionDAG']) retrieved from /opt/airflow/dags/ingest_local_folder_dag.py
[2026-03-17T19:14:03.768+0000] {logging_mixin.py:151} INFO - [2026-03-17T19:14:03.767+0000] {dag.py:2915} INFO - Sync 1 DAGs
[2026-03-17T19:14:03.828+0000] {logging_mixin.py:151} INFO - [2026-03-17T19:14:03.827+0000] {dag.py:3696} INFO - Setting next_dagrun for ingestionDAG to 2026-03-17T19:13:33.827106+00:00, run_after=2026-03-17T19:14:03.827106+00:00
[2026-03-17T19:14:03.869+0000] {processor.py:179} INFO - Processing /opt/airflow/dags/ingest_local_folder_dag.py took 0.765 seconds
[2026-03-17T19:14:34.402+0000] {processor.py:157} INFO - Started process (PID=4965) to work on /opt/airflow/dags/ingest_local_folder_dag.py
[2026-03-17T19:14:34.405+0000] {processor.py:829} INFO - Processing file /opt/airflow/dags/ingest_local_folder_dag.py for tasks to queue
[2026-03-17T19:14:34.407+0000] {logging_mixin.py:151} INFO - [2026-03-17T19:14:34.406+0000] {dagbag.py:539} INFO - Filling up the DagBag from /opt/airflow/dags/ingest_local_folder_dag.py
[2026-03-17T19:14:34.972+0000] {processor.py:839} INFO - DAG(s) dict_keys(['ingestionDAG']) retrieved from /opt/airflow/dags/ingest_local_folder_dag.py
[2026-03-17T19:14:35.070+0000] {logging_mixin.py:151} INFO - [2026-03-17T19:14:35.069+0000] {dag.py:2915} INFO - Sync 1 DAGs
[2026-03-17T19:14:35.134+0000] {logging_mixin.py:151} INFO - [2026-03-17T19:14:35.133+0000] {dag.py:3696} INFO - Setting next_dagrun for ingestionDAG to 2026-03-17T19:14:05.132942+00:00, run_after=2026-03-17T19:14:35.132942+00:00
[2026-03-17T19:14:35.179+0000] {processor.py:179} INFO - Processing /opt/airflow/dags/ingest_local_folder_dag.py took 0.788 seconds
[2026-03-17T19:15:05.362+0000] {processor.py:157} INFO - Started process (PID=4983) to work on /opt/airflow/dags/ingest_local_folder_dag.py
[2026-03-17T19:15:05.364+0000] {processor.py:829} INFO - Processing file /opt/airflow/dags/ingest_local_folder_dag.py for tasks to queue
[2026-03-17T19:15:05.366+0000] {logging_mixin.py:151} INFO - [2026-03-17T19:15:05.365+0000] {dagbag.py:539} INFO - Filling up the DagBag from /opt/airflow/dags/ingest_local_folder_dag.py
[2026-03-17T19:15:05.928+0000] {processor.py:839} INFO - DAG(s) dict_keys(['ingestionDAG']) retrieved from /opt/airflow/dags/ingest_local_folder_dag.py
[2026-03-17T19:15:06.024+0000] {logging_mixin.py:151} INFO - [2026-03-17T19:15:06.023+0000] {dag.py:2915} INFO - Sync 1 DAGs
[2026-03-17T19:15:06.088+0000] {logging_mixin.py:151} INFO - [2026-03-17T19:15:06.087+0000] {dag.py:3696} INFO - Setting next_dagrun for ingestionDAG to 2026-03-17T19:14:36.086874+00:00, run_after=2026-03-17T19:15:06.086874+00:00
[2026-03-17T19:15:06.133+0000] {processor.py:179} INFO - Processing /opt/airflow/dags/ingest_local_folder_dag.py took 0.783 seconds
[2026-03-17T19:15:37.004+0000] {processor.py:157} INFO - Started process (PID=5001) to work on /opt/airflow/dags/ingest_local_folder_dag.py
[2026-03-17T19:15:37.007+0000] {processor.py:829} INFO - Processing file /opt/airflow/dags/ingest_local_folder_dag.py for tasks to queue
[2026-03-17T19:15:37.009+0000] {logging_mixin.py:151} INFO - [2026-03-17T19:15:37.008+0000] {dagbag.py:539} INFO - Filling up the DagBag from /opt/airflow/dags/ingest_local_folder_dag.py
[2026-03-17T19:15:37.551+0000] {processor.py:839} INFO - DAG(s) dict_keys(['ingestionDAG']) retrieved from /opt/airflow/dags/ingest_local_folder_dag.py
[2026-03-17T19:15:37.643+0000] {logging_mixin.py:151} INFO - [2026-03-17T19:15:37.642+0000] {dag.py:2915} INFO - Sync 1 DAGs
[2026-03-17T19:15:37.707+0000] {logging_mixin.py:151} INFO - [2026-03-17T19:15:37.707+0000] {dag.py:3696} INFO - Setting next_dagrun for ingestionDAG to 2026-03-17T19:15:07.706867+00:00, run_after=2026-03-17T19:15:37.706867+00:00
[2026-03-17T19:15:37.753+0000] {processor.py:179} INFO - Processing /opt/airflow/dags/ingest_local_folder_dag.py took 0.759 seconds
[2026-03-17T19:16:08.231+0000] {processor.py:157} INFO - Started process (PID=5019) to work on /opt/airflow/dags/ingest_local_folder_dag.py
[2026-03-17T19:16:08.233+0000] {processor.py:829} INFO - Processing file /opt/airflow/dags/ingest_local_folder_dag.py for tasks to queue
[2026-03-17T19:16:08.236+0000] {logging_mixin.py:151} INFO - [2026-03-17T19:16:08.234+0000] {dagbag.py:539} INFO - Filling up the DagBag from /opt/airflow/dags/ingest_local_folder_dag.py
[2026-03-17T19:16:08.775+0000] {processor.py:839} INFO - DAG(s) dict_keys(['ingestionDAG']) retrieved from /opt/airflow/dags/ingest_local_folder_dag.py
[2026-03-17T19:16:08.861+0000] {logging_mixin.py:151} INFO - [2026-03-17T19:16:08.861+0000] {dag.py:2915} INFO - Sync 1 DAGs
[2026-03-17T19:16:08.921+0000] {logging_mixin.py:151} INFO - [2026-03-17T19:16:08.920+0000] {dag.py:3696} INFO - Setting next_dagrun for ingestionDAG to 2026-03-17T19:15:38.920201+00:00, run_after=2026-03-17T19:16:08.920201+00:00
[2026-03-17T19:16:08.961+0000] {processor.py:179} INFO - Processing /opt/airflow/dags/ingest_local_folder_dag.py took 0.741 seconds
[2026-03-17T19:16:39.575+0000] {processor.py:157} INFO - Started process (PID=5037) to work on /opt/airflow/dags/ingest_local_folder_dag.py
[2026-03-17T19:16:39.577+0000] {processor.py:829} INFO - Processing file /opt/airflow/dags/ingest_local_folder_dag.py for tasks to queue
[2026-03-17T19:16:39.580+0000] {logging_mixin.py:151} INFO - [2026-03-17T19:16:39.579+0000] {dagbag.py:539} INFO - Filling up the DagBag from /opt/airflow/dags/ingest_local_folder_dag.py
[2026-03-17T19:16:40.118+0000] {processor.py:839} INFO - DAG(s) dict_keys(['ingestionDAG']) retrieved from /opt/airflow/dags/ingest_local_folder_dag.py
[2026-03-17T19:16:40.205+0000] {logging_mixin.py:151} INFO - [2026-03-17T19:16:40.204+0000] {dag.py:2915} INFO - Sync 1 DAGs
[2026-03-17T19:16:40.261+0000] {logging_mixin.py:151} INFO - [2026-03-17T19:16:40.261+0000] {dag.py:3696} INFO - Setting next_dagrun for ingestionDAG to 2026-03-17T19:16:10.260875+00:00, run_after=2026-03-17T19:16:40.260875+00:00
[2026-03-17T19:16:40.302+0000] {processor.py:179} INFO - Processing /opt/airflow/dags/ingest_local_folder_dag.py took 0.738 seconds
[2026-03-17T19:17:10.809+0000] {processor.py:157} INFO - Started process (PID=5055) to work on /opt/airflow/dags/ingest_local_folder_dag.py
[2026-03-17T19:17:10.811+0000] {processor.py:829} INFO - Processing file /opt/airflow/dags/ingest_local_folder_dag.py for tasks to queue
[2026-03-17T19:17:10.813+0000] {logging_mixin.py:151} INFO - [2026-03-17T19:17:10.812+0000] {dagbag.py:539} INFO - Filling up the DagBag from /opt/airflow/dags/ingest_local_folder_dag.py
[2026-03-17T19:17:11.355+0000] {processor.py:839} INFO - DAG(s) dict_keys(['ingestionDAG']) retrieved from /opt/airflow/dags/ingest_local_folder_dag.py
[2026-03-17T19:17:11.440+0000] {logging_mixin.py:151} INFO - [2026-03-17T19:17:11.440+0000] {dag.py:2915} INFO - Sync 1 DAGs
[2026-03-17T19:17:11.498+0000] {logging_mixin.py:151} INFO - [2026-03-17T19:17:11.497+0000] {dag.py:3696} INFO - Setting next_dagrun for ingestionDAG to 2026-03-17T19:16:41.497071+00:00, run_after=2026-03-17T19:17:11.497071+00:00
[2026-03-17T19:17:11.538+0000] {processor.py:179} INFO - Processing /opt/airflow/dags/ingest_local_folder_dag.py took 0.740 seconds
[2026-03-17T19:17:42.113+0000] {processor.py:157} INFO - Started process (PID=5073) to work on /opt/airflow/dags/ingest_local_folder_dag.py
[2026-03-17T19:17:42.115+0000] {processor.py:829} INFO - Processing file /opt/airflow/dags/ingest_local_folder_dag.py for tasks to queue
[2026-03-17T19:17:42.117+0000] {logging_mixin.py:151} INFO - [2026-03-17T19:17:42.116+0000] {dagbag.py:539} INFO - Filling up the DagBag from /opt/airflow/dags/ingest_local_folder_dag.py
[2026-03-17T19:17:42.660+0000] {processor.py:839} INFO - DAG(s) dict_keys(['ingestionDAG']) retrieved from /opt/airflow/dags/ingest_local_folder_dag.py
[2026-03-17T19:17:42.745+0000] {logging_mixin.py:151} INFO - [2026-03-17T19:17:42.744+0000] {dag.py:2915} INFO - Sync 1 DAGs
[2026-03-17T19:17:42.805+0000] {logging_mixin.py:151} INFO - [2026-03-17T19:17:42.804+0000] {dag.py:3696} INFO - Setting next_dagrun for ingestionDAG to 2026-03-17T19:17:12.804234+00:00, run_after=2026-03-17T19:17:42.804234+00:00
[2026-03-17T19:17:42.845+0000] {processor.py:179} INFO - Processing /opt/airflow/dags/ingest_local_folder_dag.py took 0.741 seconds
[2026-03-17T19:18:13.344+0000] {processor.py:157} INFO - Started process (PID=5091) to work on /opt/airflow/dags/ingest_local_folder_dag.py
[2026-03-17T19:18:13.346+0000] {processor.py:829} INFO - Processing file /opt/airflow/dags/ingest_local_folder_dag.py for tasks to queue
[2026-03-17T19:18:13.348+0000] {logging_mixin.py:151} INFO - [2026-03-17T19:18:13.347+0000] {dagbag.py:539} INFO - Filling up the DagBag from /opt/airflow/dags/ingest_local_folder_dag.py
[2026-03-17T19:18:13.890+0000] {processor.py:839} INFO - DAG(s) dict_keys(['ingestionDAG']) retrieved from /opt/airflow/dags/ingest_local_folder_dag.py
[2026-03-17T19:18:13.977+0000] {logging_mixin.py:151} INFO - [2026-03-17T19:18:13.977+0000] {dag.py:2915} INFO - Sync 1 DAGs
[2026-03-17T19:18:14.035+0000] {logging_mixin.py:151} INFO - [2026-03-17T19:18:14.034+0000] {dag.py:3696} INFO - Setting next_dagrun for ingestionDAG to 2026-03-17T19:17:44.034248+00:00, run_after=2026-03-17T19:18:14.034248+00:00
[2026-03-17T19:18:14.075+0000] {processor.py:179} INFO - Processing /opt/airflow/dags/ingest_local_folder_dag.py took 0.741 seconds
[2026-03-17T19:18:44.660+0000] {processor.py:157} INFO - Started process (PID=5107) to work on /opt/airflow/dags/ingest_local_folder_dag.py
[2026-03-17T19:18:44.662+0000] {processor.py:829} INFO - Processing file /opt/airflow/dags/ingest_local_folder_dag.py for tasks to queue
[2026-03-17T19:18:44.665+0000] {logging_mixin.py:151} INFO - [2026-03-17T19:18:44.663+0000] {dagbag.py:539} INFO - Filling up the DagBag from /opt/airflow/dags/ingest_local_folder_dag.py
[2026-03-17T19:18:45.216+0000] {processor.py:839} INFO - DAG(s) dict_keys(['ingestionDAG']) retrieved from /opt/airflow/dags/ingest_local_folder_dag.py
[2026-03-17T19:18:45.302+0000] {logging_mixin.py:151} INFO - [2026-03-17T19:18:45.301+0000] {dag.py:2915} INFO - Sync 1 DAGs
[2026-03-17T19:18:45.360+0000] {logging_mixin.py:151} INFO - [2026-03-17T19:18:45.360+0000] {dag.py:3696} INFO - Setting next_dagrun for ingestionDAG to 2026-03-17T19:18:15.359854+00:00, run_after=2026-03-17T19:18:45.359854+00:00
[2026-03-17T19:18:45.403+0000] {processor.py:179} INFO - Processing /opt/airflow/dags/ingest_local_folder_dag.py took 0.753 seconds
[2026-03-17T19:19:15.704+0000] {processor.py:157} INFO - Started process (PID=5124) to work on /opt/airflow/dags/ingest_local_folder_dag.py
[2026-03-17T19:19:15.707+0000] {processor.py:829} INFO - Processing file /opt/airflow/dags/ingest_local_folder_dag.py for tasks to queue
[2026-03-17T19:19:15.709+0000] {logging_mixin.py:151} INFO - [2026-03-17T19:19:15.708+0000] {dagbag.py:539} INFO - Filling up the DagBag from /opt/airflow/dags/ingest_local_folder_dag.py
[2026-03-17T19:19:16.280+0000] {processor.py:839} INFO - DAG(s) dict_keys(['ingestionDAG']) retrieved from /opt/airflow/dags/ingest_local_folder_dag.py
[2026-03-17T19:19:16.378+0000] {logging_mixin.py:151} INFO - [2026-03-17T19:19:16.377+0000] {dag.py:2915} INFO - Sync 1 DAGs
[2026-03-17T19:19:16.442+0000] {logging_mixin.py:151} INFO - [2026-03-17T19:19:16.442+0000] {dag.py:3696} INFO - Setting next_dagrun for ingestionDAG to 2026-03-17T19:18:46.441813+00:00, run_after=2026-03-17T19:19:16.441813+00:00
[2026-03-17T19:19:16.489+0000] {processor.py:179} INFO - Processing /opt/airflow/dags/ingest_local_folder_dag.py took 0.796 seconds
[2026-03-17T19:19:46.928+0000] {processor.py:157} INFO - Started process (PID=5139) to work on /opt/airflow/dags/ingest_local_folder_dag.py
[2026-03-17T19:19:46.930+0000] {processor.py:829} INFO - Processing file /opt/airflow/dags/ingest_local_folder_dag.py for tasks to queue
[2026-03-17T19:19:46.933+0000] {logging_mixin.py:151} INFO - [2026-03-17T19:19:46.932+0000] {dagbag.py:539} INFO - Filling up the DagBag from /opt/airflow/dags/ingest_local_folder_dag.py
[2026-03-17T19:19:47.506+0000] {processor.py:839} INFO - DAG(s) dict_keys(['ingestionDAG']) retrieved from /opt/airflow/dags/ingest_local_folder_dag.py
[2026-03-17T19:19:47.599+0000] {logging_mixin.py:151} INFO - [2026-03-17T19:19:47.598+0000] {dag.py:2915} INFO - Sync 1 DAGs
[2026-03-17T19:19:47.658+0000] {logging_mixin.py:151} INFO - [2026-03-17T19:19:47.658+0000] {dag.py:3696} INFO - Setting next_dagrun for ingestionDAG to 2026-03-17T19:19:17.657775+00:00, run_after=2026-03-17T19:19:47.657775+00:00
[2026-03-17T19:19:47.698+0000] {processor.py:179} INFO - Processing /opt/airflow/dags/ingest_local_folder_dag.py took 0.782 seconds
[2026-03-17T19:20:18.299+0000] {processor.py:157} INFO - Started process (PID=5157) to work on /opt/airflow/dags/ingest_local_folder_dag.py
[2026-03-17T19:20:18.302+0000] {processor.py:829} INFO - Processing file /opt/airflow/dags/ingest_local_folder_dag.py for tasks to queue
[2026-03-17T19:20:18.304+0000] {logging_mixin.py:151} INFO - [2026-03-17T19:20:18.303+0000] {dagbag.py:539} INFO - Filling up the DagBag from /opt/airflow/dags/ingest_local_folder_dag.py
[2026-03-17T19:20:18.875+0000] {processor.py:839} INFO - DAG(s) dict_keys(['ingestionDAG']) retrieved from /opt/airflow/dags/ingest_local_folder_dag.py
[2026-03-17T19:20:18.973+0000] {logging_mixin.py:151} INFO - [2026-03-17T19:20:18.973+0000] {dag.py:2915} INFO - Sync 1 DAGs
[2026-03-17T19:20:19.038+0000] {logging_mixin.py:151} INFO - [2026-03-17T19:20:19.037+0000] {dag.py:3696} INFO - Setting next_dagrun for ingestionDAG to 2026-03-17T19:19:49.036963+00:00, run_after=2026-03-17T19:20:19.036963+00:00
[2026-03-17T19:20:19.083+0000] {processor.py:179} INFO - Processing /opt/airflow/dags/ingest_local_folder_dag.py took 0.795 seconds
[2026-03-17T19:20:49.163+0000] {processor.py:157} INFO - Started process (PID=5175) to work on /opt/airflow/dags/ingest_local_folder_dag.py
[2026-03-17T19:20:49.166+0000] {processor.py:829} INFO - Processing file /opt/airflow/dags/ingest_local_folder_dag.py for tasks to queue
[2026-03-17T19:20:49.169+0000] {logging_mixin.py:151} INFO - [2026-03-17T19:20:49.167+0000] {dagbag.py:539} INFO - Filling up the DagBag from /opt/airflow/dags/ingest_local_folder_dag.py
[2026-03-17T19:20:49.720+0000] {processor.py:839} INFO - DAG(s) dict_keys(['ingestionDAG']) retrieved from /opt/airflow/dags/ingest_local_folder_dag.py
[2026-03-17T19:20:49.807+0000] {logging_mixin.py:151} INFO - [2026-03-17T19:20:49.806+0000] {dag.py:2915} INFO - Sync 1 DAGs
[2026-03-17T19:20:49.864+0000] {logging_mixin.py:151} INFO - [2026-03-17T19:20:49.863+0000] {dag.py:3696} INFO - Setting next_dagrun for ingestionDAG to 2026-03-17T19:20:19.863159+00:00, run_after=2026-03-17T19:20:49.863159+00:00
[2026-03-17T19:20:49.904+0000] {processor.py:179} INFO - Processing /opt/airflow/dags/ingest_local_folder_dag.py took 0.752 seconds
[2026-03-17T19:21:20.059+0000] {processor.py:157} INFO - Started process (PID=5193) to work on /opt/airflow/dags/ingest_local_folder_dag.py
[2026-03-17T19:21:20.061+0000] {processor.py:829} INFO - Processing file /opt/airflow/dags/ingest_local_folder_dag.py for tasks to queue
[2026-03-17T19:21:20.063+0000] {logging_mixin.py:151} INFO - [2026-03-17T19:21:20.062+0000] {dagbag.py:539} INFO - Filling up the DagBag from /opt/airflow/dags/ingest_local_folder_dag.py
[2026-03-17T19:21:20.630+0000] {processor.py:839} INFO - DAG(s) dict_keys(['ingestionDAG']) retrieved from /opt/airflow/dags/ingest_local_folder_dag.py
[2026-03-17T19:21:20.725+0000] {logging_mixin.py:151} INFO - [2026-03-17T19:21:20.725+0000] {dag.py:2915} INFO - Sync 1 DAGs
[2026-03-17T19:21:20.783+0000] {logging_mixin.py:151} INFO - [2026-03-17T19:21:20.782+0000] {dag.py:3696} INFO - Setting next_dagrun for ingestionDAG to 2026-03-17T19:20:50.782011+00:00, run_after=2026-03-17T19:21:20.782011+00:00
[2026-03-17T19:21:20.823+0000] {processor.py:179} INFO - Processing /opt/airflow/dags/ingest_local_folder_dag.py took 0.776 seconds
[2026-03-17T19:21:51.088+0000] {processor.py:157} INFO - Started process (PID=5211) to work on /opt/airflow/dags/ingest_local_folder_dag.py
[2026-03-17T19:21:51.091+0000] {processor.py:829} INFO - Processing file /opt/airflow/dags/ingest_local_folder_dag.py for tasks to queue
[2026-03-17T19:21:51.093+0000] {logging_mixin.py:151} INFO - [2026-03-17T19:21:51.092+0000] {dagbag.py:539} INFO - Filling up the DagBag from /opt/airflow/dags/ingest_local_folder_dag.py
[2026-03-17T19:21:51.653+0000] {processor.py:839} INFO - DAG(s) dict_keys(['ingestionDAG']) retrieved from /opt/airflow/dags/ingest_local_folder_dag.py
[2026-03-17T19:21:51.748+0000] {logging_mixin.py:151} INFO - [2026-03-17T19:21:51.748+0000] {dag.py:2915} INFO - Sync 1 DAGs
[2026-03-17T19:21:51.808+0000] {logging_mixin.py:151} INFO - [2026-03-17T19:21:51.808+0000] {dag.py:3696} INFO - Setting next_dagrun for ingestionDAG to 2026-03-17T19:21:21.807831+00:00, run_after=2026-03-17T19:21:51.807831+00:00
[2026-03-17T19:21:51.849+0000] {processor.py:179} INFO - Processing /opt/airflow/dags/ingest_local_folder_dag.py took 0.772 seconds
[2026-03-17T19:22:21.945+0000] {processor.py:157} INFO - Started process (PID=5229) to work on /opt/airflow/dags/ingest_local_folder_dag.py
[2026-03-17T19:22:21.947+0000] {processor.py:829} INFO - Processing file /opt/airflow/dags/ingest_local_folder_dag.py for tasks to queue
[2026-03-17T19:22:21.950+0000] {logging_mixin.py:151} INFO - [2026-03-17T19:22:21.949+0000] {dagbag.py:539} INFO - Filling up the DagBag from /opt/airflow/dags/ingest_local_folder_dag.py
[2026-03-17T19:22:22.527+0000] {processor.py:839} INFO - DAG(s) dict_keys(['ingestionDAG']) retrieved from /opt/airflow/dags/ingest_local_folder_dag.py
[2026-03-17T19:22:22.626+0000] {logging_mixin.py:151} INFO - [2026-03-17T19:22:22.625+0000] {dag.py:2915} INFO - Sync 1 DAGs
[2026-03-17T19:22:22.690+0000] {logging_mixin.py:151} INFO - [2026-03-17T19:22:22.689+0000] {dag.py:3696} INFO - Setting next_dagrun for ingestionDAG to 2026-03-17T19:21:52.689290+00:00, run_after=2026-03-17T19:22:22.689290+00:00
[2026-03-17T19:22:22.735+0000] {processor.py:179} INFO - Processing /opt/airflow/dags/ingest_local_folder_dag.py took 0.802 seconds
[2026-03-17T19:22:53.010+0000] {processor.py:157} INFO - Started process (PID=5247) to work on /opt/airflow/dags/ingest_local_folder_dag.py
[2026-03-17T19:22:53.012+0000] {processor.py:829} INFO - Processing file /opt/airflow/dags/ingest_local_folder_dag.py for tasks to queue
[2026-03-17T19:22:53.015+0000] {logging_mixin.py:151} INFO - [2026-03-17T19:22:53.014+0000] {dagbag.py:539} INFO - Filling up the DagBag from /opt/airflow/dags/ingest_local_folder_dag.py
[2026-03-17T19:22:53.582+0000] {processor.py:839} INFO - DAG(s) dict_keys(['ingestionDAG']) retrieved from /opt/airflow/dags/ingest_local_folder_dag.py
[2026-03-17T19:22:53.678+0000] {logging_mixin.py:151} INFO - [2026-03-17T19:22:53.677+0000] {dag.py:2915} INFO - Sync 1 DAGs
[2026-03-17T19:22:53.742+0000] {logging_mixin.py:151} INFO - [2026-03-17T19:22:53.742+0000] {dag.py:3696} INFO - Setting next_dagrun for ingestionDAG to 2026-03-17T19:22:23.741749+00:00, run_after=2026-03-17T19:22:53.741749+00:00
[2026-03-17T19:22:53.788+0000] {processor.py:179} INFO - Processing /opt/airflow/dags/ingest_local_folder_dag.py took 0.790 seconds
[2026-03-17T19:23:24.109+0000] {processor.py:157} INFO - Started process (PID=5265) to work on /opt/airflow/dags/ingest_local_folder_dag.py
[2026-03-17T19:23:24.111+0000] {processor.py:829} INFO - Processing file /opt/airflow/dags/ingest_local_folder_dag.py for tasks to queue
[2026-03-17T19:23:24.114+0000] {logging_mixin.py:151} INFO - [2026-03-17T19:23:24.113+0000] {dagbag.py:539} INFO - Filling up the DagBag from /opt/airflow/dags/ingest_local_folder_dag.py
[2026-03-17T19:23:24.679+0000] {processor.py:839} INFO - DAG(s) dict_keys(['ingestionDAG']) retrieved from /opt/airflow/dags/ingest_local_folder_dag.py
[2026-03-17T19:23:24.775+0000] {logging_mixin.py:151} INFO - [2026-03-17T19:23:24.775+0000] {dag.py:2915} INFO - Sync 1 DAGs
[2026-03-17T19:23:24.843+0000] {logging_mixin.py:151} INFO - [2026-03-17T19:23:24.843+0000] {dag.py:3696} INFO - Setting next_dagrun for ingestionDAG to 2026-03-17T19:22:54.842462+00:00, run_after=2026-03-17T19:23:24.842462+00:00
[2026-03-17T19:23:24.885+0000] {processor.py:179} INFO - Processing /opt/airflow/dags/ingest_local_folder_dag.py took 0.788 seconds
[2026-03-17T19:23:55.171+0000] {processor.py:157} INFO - Started process (PID=5283) to work on /opt/airflow/dags/ingest_local_folder_dag.py
[2026-03-17T19:23:55.174+0000] {processor.py:829} INFO - Processing file /opt/airflow/dags/ingest_local_folder_dag.py for tasks to queue
[2026-03-17T19:23:55.176+0000] {logging_mixin.py:151} INFO - [2026-03-17T19:23:55.175+0000] {dagbag.py:539} INFO - Filling up the DagBag from /opt/airflow/dags/ingest_local_folder_dag.py
[2026-03-17T19:23:55.746+0000] {processor.py:839} INFO - DAG(s) dict_keys(['ingestionDAG']) retrieved from /opt/airflow/dags/ingest_local_folder_dag.py
[2026-03-17T19:23:55.845+0000] {logging_mixin.py:151} INFO - [2026-03-17T19:23:55.845+0000] {dag.py:2915} INFO - Sync 1 DAGs
[2026-03-17T19:23:55.908+0000] {logging_mixin.py:151} INFO - [2026-03-17T19:23:55.907+0000] {dag.py:3696} INFO - Setting next_dagrun for ingestionDAG to 2026-03-17T19:23:25.907273+00:00, run_after=2026-03-17T19:23:55.907273+00:00
[2026-03-17T19:23:55.948+0000] {processor.py:179} INFO - Processing /opt/airflow/dags/ingest_local_folder_dag.py took 0.789 seconds
[2026-03-17T19:24:26.222+0000] {processor.py:157} INFO - Started process (PID=5301) to work on /opt/airflow/dags/ingest_local_folder_dag.py
[2026-03-17T19:24:26.224+0000] {processor.py:829} INFO - Processing file /opt/airflow/dags/ingest_local_folder_dag.py for tasks to queue
[2026-03-17T19:24:26.227+0000] {logging_mixin.py:151} INFO - [2026-03-17T19:24:26.225+0000] {dagbag.py:539} INFO - Filling up the DagBag from /opt/airflow/dags/ingest_local_folder_dag.py
[2026-03-17T19:24:26.789+0000] {processor.py:839} INFO - DAG(s) dict_keys(['ingestionDAG']) retrieved from /opt/airflow/dags/ingest_local_folder_dag.py
[2026-03-17T19:24:26.885+0000] {logging_mixin.py:151} INFO - [2026-03-17T19:24:26.884+0000] {dag.py:2915} INFO - Sync 1 DAGs
[2026-03-17T19:24:26.946+0000] {logging_mixin.py:151} INFO - [2026-03-17T19:24:26.946+0000] {dag.py:3696} INFO - Setting next_dagrun for ingestionDAG to 2026-03-17T19:23:56.945869+00:00, run_after=2026-03-17T19:24:26.945869+00:00
[2026-03-17T19:24:26.987+0000] {processor.py:179} INFO - Processing /opt/airflow/dags/ingest_local_folder_dag.py took 0.777 seconds
[2026-03-17T19:24:57.600+0000] {processor.py:157} INFO - Started process (PID=5319) to work on /opt/airflow/dags/ingest_local_folder_dag.py
[2026-03-17T19:24:57.603+0000] {processor.py:829} INFO - Processing file /opt/airflow/dags/ingest_local_folder_dag.py for tasks to queue
[2026-03-17T19:24:57.605+0000] {logging_mixin.py:151} INFO - [2026-03-17T19:24:57.604+0000] {dagbag.py:539} INFO - Filling up the DagBag from /opt/airflow/dags/ingest_local_folder_dag.py
[2026-03-17T19:24:58.162+0000] {processor.py:839} INFO - DAG(s) dict_keys(['ingestionDAG']) retrieved from /opt/airflow/dags/ingest_local_folder_dag.py
[2026-03-17T19:24:58.258+0000] {logging_mixin.py:151} INFO - [2026-03-17T19:24:58.258+0000] {dag.py:2915} INFO - Sync 1 DAGs
[2026-03-17T19:24:58.323+0000] {logging_mixin.py:151} INFO - [2026-03-17T19:24:58.322+0000] {dag.py:3696} INFO - Setting next_dagrun for ingestionDAG to 2026-03-17T19:24:28.321985+00:00, run_after=2026-03-17T19:24:58.321985+00:00
[2026-03-17T19:24:58.368+0000] {processor.py:179} INFO - Processing /opt/airflow/dags/ingest_local_folder_dag.py took 0.779 seconds
[2026-03-17T19:25:28.474+0000] {processor.py:157} INFO - Started process (PID=5337) to work on /opt/airflow/dags/ingest_local_folder_dag.py
[2026-03-17T19:25:28.476+0000] {processor.py:829} INFO - Processing file /opt/airflow/dags/ingest_local_folder_dag.py for tasks to queue
[2026-03-17T19:25:28.478+0000] {logging_mixin.py:151} INFO - [2026-03-17T19:25:28.477+0000] {dagbag.py:539} INFO - Filling up the DagBag from /opt/airflow/dags/ingest_local_folder_dag.py
[2026-03-17T19:25:29.041+0000] {processor.py:839} INFO - DAG(s) dict_keys(['ingestionDAG']) retrieved from /opt/airflow/dags/ingest_local_folder_dag.py
[2026-03-17T19:25:29.128+0000] {logging_mixin.py:151} INFO - [2026-03-17T19:25:29.127+0000] {dag.py:2915} INFO - Sync 1 DAGs
[2026-03-17T19:25:29.187+0000] {logging_mixin.py:151} INFO - [2026-03-17T19:25:29.187+0000] {dag.py:3696} INFO - Setting next_dagrun for ingestionDAG to 2026-03-17T19:24:59.186667+00:00, run_after=2026-03-17T19:25:29.186667+00:00
[2026-03-17T19:25:29.228+0000] {processor.py:179} INFO - Processing /opt/airflow/dags/ingest_local_folder_dag.py took 0.766 seconds
[2026-03-17T19:25:59.486+0000] {processor.py:157} INFO - Started process (PID=5355) to work on /opt/airflow/dags/ingest_local_folder_dag.py
[2026-03-17T19:25:59.488+0000] {processor.py:829} INFO - Processing file /opt/airflow/dags/ingest_local_folder_dag.py for tasks to queue
[2026-03-17T19:25:59.491+0000] {logging_mixin.py:151} INFO - [2026-03-17T19:25:59.489+0000] {dagbag.py:539} INFO - Filling up the DagBag from /opt/airflow/dags/ingest_local_folder_dag.py
[2026-03-17T19:26:00.058+0000] {processor.py:839} INFO - DAG(s) dict_keys(['ingestionDAG']) retrieved from /opt/airflow/dags/ingest_local_folder_dag.py
[2026-03-17T19:26:00.146+0000] {logging_mixin.py:151} INFO - [2026-03-17T19:26:00.146+0000] {dag.py:2915} INFO - Sync 1 DAGs
[2026-03-17T19:26:00.203+0000] {logging_mixin.py:151} INFO - [2026-03-17T19:26:00.203+0000] {dag.py:3696} INFO - Setting next_dagrun for ingestionDAG to 2026-03-17T19:25:30.202535+00:00, run_after=2026-03-17T19:26:00.202535+00:00
[2026-03-17T19:26:00.243+0000] {processor.py:179} INFO - Processing /opt/airflow/dags/ingest_local_folder_dag.py took 0.769 seconds
[2026-03-17T19:26:30.365+0000] {processor.py:157} INFO - Started process (PID=5373) to work on /opt/airflow/dags/ingest_local_folder_dag.py
[2026-03-17T19:26:30.368+0000] {processor.py:829} INFO - Processing file /opt/airflow/dags/ingest_local_folder_dag.py for tasks to queue
[2026-03-17T19:26:30.370+0000] {logging_mixin.py:151} INFO - [2026-03-17T19:26:30.369+0000] {dagbag.py:539} INFO - Filling up the DagBag from /opt/airflow/dags/ingest_local_folder_dag.py
[2026-03-17T19:26:30.949+0000] {processor.py:839} INFO - DAG(s) dict_keys(['ingestionDAG']) retrieved from /opt/airflow/dags/ingest_local_folder_dag.py
[2026-03-17T19:26:31.045+0000] {logging_mixin.py:151} INFO - [2026-03-17T19:26:31.045+0000] {dag.py:2915} INFO - Sync 1 DAGs
[2026-03-17T19:26:31.105+0000] {logging_mixin.py:151} INFO - [2026-03-17T19:26:31.105+0000] {dag.py:3696} INFO - Setting next_dagrun for ingestionDAG to 2026-03-17T19:26:01.104859+00:00, run_after=2026-03-17T19:26:31.104859+00:00
[2026-03-17T19:26:31.146+0000] {processor.py:179} INFO - Processing /opt/airflow/dags/ingest_local_folder_dag.py took 0.792 seconds
[2026-03-17T19:27:01.438+0000] {processor.py:157} INFO - Started process (PID=5391) to work on /opt/airflow/dags/ingest_local_folder_dag.py
[2026-03-17T19:27:01.440+0000] {processor.py:829} INFO - Processing file /opt/airflow/dags/ingest_local_folder_dag.py for tasks to queue
[2026-03-17T19:27:01.443+0000] {logging_mixin.py:151} INFO - [2026-03-17T19:27:01.441+0000] {dagbag.py:539} INFO - Filling up the DagBag from /opt/airflow/dags/ingest_local_folder_dag.py
[2026-03-17T19:27:02.011+0000] {processor.py:839} INFO - DAG(s) dict_keys(['ingestionDAG']) retrieved from /opt/airflow/dags/ingest_local_folder_dag.py
[2026-03-17T19:27:02.106+0000] {logging_mixin.py:151} INFO - [2026-03-17T19:27:02.106+0000] {dag.py:2915} INFO - Sync 1 DAGs
[2026-03-17T19:27:02.165+0000] {logging_mixin.py:151} INFO - [2026-03-17T19:27:02.164+0000] {dag.py:3696} INFO - Setting next_dagrun for ingestionDAG to 2026-03-17T19:26:32.164254+00:00, run_after=2026-03-17T19:27:02.164254+00:00
[2026-03-17T19:27:02.205+0000] {processor.py:179} INFO - Processing /opt/airflow/dags/ingest_local_folder_dag.py took 0.778 seconds
[2026-03-17T19:27:32.673+0000] {processor.py:157} INFO - Started process (PID=5409) to work on /opt/airflow/dags/ingest_local_folder_dag.py
[2026-03-17T19:27:32.675+0000] {processor.py:829} INFO - Processing file /opt/airflow/dags/ingest_local_folder_dag.py for tasks to queue
[2026-03-17T19:27:32.678+0000] {logging_mixin.py:151} INFO - [2026-03-17T19:27:32.677+0000] {dagbag.py:539} INFO - Filling up the DagBag from /opt/airflow/dags/ingest_local_folder_dag.py
[2026-03-17T19:27:33.250+0000] {processor.py:839} INFO - DAG(s) dict_keys(['ingestionDAG']) retrieved from /opt/airflow/dags/ingest_local_folder_dag.py
[2026-03-17T19:27:33.335+0000] {logging_mixin.py:151} INFO - [2026-03-17T19:27:33.335+0000] {dag.py:2915} INFO - Sync 1 DAGs
[2026-03-17T19:27:33.395+0000] {logging_mixin.py:151} INFO - [2026-03-17T19:27:33.394+0000] {dag.py:3696} INFO - Setting next_dagrun for ingestionDAG to 2026-03-17T19:27:03.394164+00:00, run_after=2026-03-17T19:27:33.394164+00:00
[2026-03-17T19:27:33.435+0000] {processor.py:179} INFO - Processing /opt/airflow/dags/ingest_local_folder_dag.py took 0.774 seconds
[2026-03-17T19:28:04.028+0000] {processor.py:157} INFO - Started process (PID=5427) to work on /opt/airflow/dags/ingest_local_folder_dag.py
[2026-03-17T19:28:04.030+0000] {processor.py:829} INFO - Processing file /opt/airflow/dags/ingest_local_folder_dag.py for tasks to queue
[2026-03-17T19:28:04.032+0000] {logging_mixin.py:151} INFO - [2026-03-17T19:28:04.031+0000] {dagbag.py:539} INFO - Filling up the DagBag from /opt/airflow/dags/ingest_local_folder_dag.py
[2026-03-17T19:28:04.597+0000] {processor.py:839} INFO - DAG(s) dict_keys(['ingestionDAG']) retrieved from /opt/airflow/dags/ingest_local_folder_dag.py
[2026-03-17T19:28:04.695+0000] {logging_mixin.py:151} INFO - [2026-03-17T19:28:04.695+0000] {dag.py:2915} INFO - Sync 1 DAGs
[2026-03-17T19:28:04.752+0000] {logging_mixin.py:151} INFO - [2026-03-17T19:28:04.752+0000] {dag.py:3696} INFO - Setting next_dagrun for ingestionDAG to 2026-03-17T19:27:34.751598+00:00, run_after=2026-03-17T19:28:04.751598+00:00
[2026-03-17T19:28:04.793+0000] {processor.py:179} INFO - Processing /opt/airflow/dags/ingest_local_folder_dag.py took 0.776 seconds
[2026-03-17T19:28:35.257+0000] {processor.py:157} INFO - Started process (PID=5445) to work on /opt/airflow/dags/ingest_local_folder_dag.py
[2026-03-17T19:28:35.259+0000] {processor.py:829} INFO - Processing file /opt/airflow/dags/ingest_local_folder_dag.py for tasks to queue
[2026-03-17T19:28:35.262+0000] {logging_mixin.py:151} INFO - [2026-03-17T19:28:35.261+0000] {dagbag.py:539} INFO - Filling up the DagBag from /opt/airflow/dags/ingest_local_folder_dag.py
[2026-03-17T19:28:35.825+0000] {processor.py:839} INFO - DAG(s) dict_keys(['ingestionDAG']) retrieved from /opt/airflow/dags/ingest_local_folder_dag.py
[2026-03-17T19:28:35.910+0000] {logging_mixin.py:151} INFO - [2026-03-17T19:28:35.910+0000] {dag.py:2915} INFO - Sync 1 DAGs
[2026-03-17T19:28:35.968+0000] {logging_mixin.py:151} INFO - [2026-03-17T19:28:35.967+0000] {dag.py:3696} INFO - Setting next_dagrun for ingestionDAG to 2026-03-17T19:28:05.967103+00:00, run_after=2026-03-17T19:28:35.967103+00:00
[2026-03-17T19:28:36.008+0000] {processor.py:179} INFO - Processing /opt/airflow/dags/ingest_local_folder_dag.py took 0.763 seconds
[2026-03-17T19:29:06.600+0000] {processor.py:157} INFO - Started process (PID=5463) to work on /opt/airflow/dags/ingest_local_folder_dag.py
[2026-03-17T19:29:06.603+0000] {processor.py:829} INFO - Processing file /opt/airflow/dags/ingest_local_folder_dag.py for tasks to queue
[2026-03-17T19:29:06.605+0000] {logging_mixin.py:151} INFO - [2026-03-17T19:29:06.604+0000] {dagbag.py:539} INFO - Filling up the DagBag from /opt/airflow/dags/ingest_local_folder_dag.py
[2026-03-17T19:29:07.166+0000] {processor.py:839} INFO - DAG(s) dict_keys(['ingestionDAG']) retrieved from /opt/airflow/dags/ingest_local_folder_dag.py
[2026-03-17T19:29:07.262+0000] {logging_mixin.py:151} INFO - [2026-03-17T19:29:07.262+0000] {dag.py:2915} INFO - Sync 1 DAGs
[2026-03-17T19:29:07.320+0000] {logging_mixin.py:151} INFO - [2026-03-17T19:29:07.320+0000] {dag.py:3696} INFO - Setting next_dagrun for ingestionDAG to 2026-03-17T19:28:37.319747+00:00, run_after=2026-03-17T19:29:07.319747+00:00
[2026-03-17T19:29:07.361+0000] {processor.py:179} INFO - Processing /opt/airflow/dags/ingest_local_folder_dag.py took 0.771 seconds
[2026-03-17T19:29:37.820+0000] {processor.py:157} INFO - Started process (PID=5481) to work on /opt/airflow/dags/ingest_local_folder_dag.py
[2026-03-17T19:29:37.823+0000] {processor.py:829} INFO - Processing file /opt/airflow/dags/ingest_local_folder_dag.py for tasks to queue
[2026-03-17T19:29:37.826+0000] {logging_mixin.py:151} INFO - [2026-03-17T19:29:37.824+0000] {dagbag.py:539} INFO - Filling up the DagBag from /opt/airflow/dags/ingest_local_folder_dag.py
[2026-03-17T19:29:38.388+0000] {processor.py:839} INFO - DAG(s) dict_keys(['ingestionDAG']) retrieved from /opt/airflow/dags/ingest_local_folder_dag.py
[2026-03-17T19:29:38.474+0000] {logging_mixin.py:151} INFO - [2026-03-17T19:29:38.473+0000] {dag.py:2915} INFO - Sync 1 DAGs
[2026-03-17T19:29:38.533+0000] {logging_mixin.py:151} INFO - [2026-03-17T19:29:38.533+0000] {dag.py:3696} INFO - Setting next_dagrun for ingestionDAG to 2026-03-17T19:29:08.532500+00:00, run_after=2026-03-17T19:29:38.532500+00:00
[2026-03-17T19:29:38.573+0000] {processor.py:179} INFO - Processing /opt/airflow/dags/ingest_local_folder_dag.py took 0.765 seconds
[2026-03-17T19:30:09.231+0000] {processor.py:157} INFO - Started process (PID=5499) to work on /opt/airflow/dags/ingest_local_folder_dag.py
[2026-03-17T19:30:09.234+0000] {processor.py:829} INFO - Processing file /opt/airflow/dags/ingest_local_folder_dag.py for tasks to queue
[2026-03-17T19:30:09.236+0000] {logging_mixin.py:151} INFO - [2026-03-17T19:30:09.235+0000] {dagbag.py:539} INFO - Filling up the DagBag from /opt/airflow/dags/ingest_local_folder_dag.py
[2026-03-17T19:30:09.781+0000] {processor.py:839} INFO - DAG(s) dict_keys(['ingestionDAG']) retrieved from /opt/airflow/dags/ingest_local_folder_dag.py
[2026-03-17T19:30:09.872+0000] {logging_mixin.py:151} INFO - [2026-03-17T19:30:09.872+0000] {dag.py:2915} INFO - Sync 1 DAGs
[2026-03-17T19:30:09.929+0000] {logging_mixin.py:151} INFO - [2026-03-17T19:30:09.929+0000] {dag.py:3696} INFO - Setting next_dagrun for ingestionDAG to 2026-03-17T19:29:39.928807+00:00, run_after=2026-03-17T19:30:09.928807+00:00
[2026-03-17T19:30:09.970+0000] {processor.py:179} INFO - Processing /opt/airflow/dags/ingest_local_folder_dag.py took 0.750 seconds
[2026-03-17T19:30:40.085+0000] {processor.py:157} INFO - Started process (PID=5517) to work on /opt/airflow/dags/ingest_local_folder_dag.py
[2026-03-17T19:30:40.087+0000] {processor.py:829} INFO - Processing file /opt/airflow/dags/ingest_local_folder_dag.py for tasks to queue
[2026-03-17T19:30:40.089+0000] {logging_mixin.py:151} INFO - [2026-03-17T19:30:40.088+0000] {dagbag.py:539} INFO - Filling up the DagBag from /opt/airflow/dags/ingest_local_folder_dag.py
[2026-03-17T19:30:40.626+0000] {processor.py:839} INFO - DAG(s) dict_keys(['ingestionDAG']) retrieved from /opt/airflow/dags/ingest_local_folder_dag.py
[2026-03-17T19:30:40.712+0000] {logging_mixin.py:151} INFO - [2026-03-17T19:30:40.712+0000] {dag.py:2915} INFO - Sync 1 DAGs
[2026-03-17T19:30:40.769+0000] {logging_mixin.py:151} INFO - [2026-03-17T19:30:40.769+0000] {dag.py:3696} INFO - Setting next_dagrun for ingestionDAG to 2026-03-17T19:30:10.768728+00:00, run_after=2026-03-17T19:30:40.768728+00:00
[2026-03-17T19:30:40.809+0000] {processor.py:179} INFO - Processing /opt/airflow/dags/ingest_local_folder_dag.py took 0.736 seconds
[2026-03-17T19:31:11.079+0000] {processor.py:157} INFO - Started process (PID=5535) to work on /opt/airflow/dags/ingest_local_folder_dag.py
[2026-03-17T19:31:11.080+0000] {processor.py:829} INFO - Processing file /opt/airflow/dags/ingest_local_folder_dag.py for tasks to queue
[2026-03-17T19:31:11.082+0000] {logging_mixin.py:151} INFO - [2026-03-17T19:31:11.081+0000] {dagbag.py:539} INFO - Filling up the DagBag from /opt/airflow/dags/ingest_local_folder_dag.py
[2026-03-17T19:31:11.619+0000] {processor.py:839} INFO - DAG(s) dict_keys(['ingestionDAG']) retrieved from /opt/airflow/dags/ingest_local_folder_dag.py
[2026-03-17T19:31:11.704+0000] {logging_mixin.py:151} INFO - [2026-03-17T19:31:11.703+0000] {dag.py:2915} INFO - Sync 1 DAGs
[2026-03-17T19:31:11.761+0000] {logging_mixin.py:151} INFO - [2026-03-17T19:31:11.761+0000] {dag.py:3696} INFO - Setting next_dagrun for ingestionDAG to 2026-03-17T19:30:41.760614+00:00, run_after=2026-03-17T19:31:11.760614+00:00
[2026-03-17T19:31:11.806+0000] {processor.py:179} INFO - Processing /opt/airflow/dags/ingest_local_folder_dag.py took 0.737 seconds
[2026-03-17T19:31:42.330+0000] {processor.py:157} INFO - Started process (PID=5553) to work on /opt/airflow/dags/ingest_local_folder_dag.py
[2026-03-17T19:31:42.332+0000] {processor.py:829} INFO - Processing file /opt/airflow/dags/ingest_local_folder_dag.py for tasks to queue
[2026-03-17T19:31:42.334+0000] {logging_mixin.py:151} INFO - [2026-03-17T19:31:42.333+0000] {dagbag.py:539} INFO - Filling up the DagBag from /opt/airflow/dags/ingest_local_folder_dag.py
[2026-03-17T19:31:42.871+0000] {processor.py:839} INFO - DAG(s) dict_keys(['ingestionDAG']) retrieved from /opt/airflow/dags/ingest_local_folder_dag.py
[2026-03-17T19:31:42.957+0000] {logging_mixin.py:151} INFO - [2026-03-17T19:31:42.956+0000] {dag.py:2915} INFO - Sync 1 DAGs
[2026-03-17T19:31:43.017+0000] {logging_mixin.py:151} INFO - [2026-03-17T19:31:43.016+0000] {dag.py:3696} INFO - Setting next_dagrun for ingestionDAG to 2026-03-17T19:31:13.015977+00:00, run_after=2026-03-17T19:31:43.015977+00:00
[2026-03-17T19:31:43.057+0000] {processor.py:179} INFO - Processing /opt/airflow/dags/ingest_local_folder_dag.py took 0.738 seconds
[2026-03-17T19:32:13.128+0000] {processor.py:157} INFO - Started process (PID=5569) to work on /opt/airflow/dags/ingest_local_folder_dag.py
[2026-03-17T19:32:13.130+0000] {processor.py:829} INFO - Processing file /opt/airflow/dags/ingest_local_folder_dag.py for tasks to queue
[2026-03-17T19:32:13.132+0000] {logging_mixin.py:151} INFO - [2026-03-17T19:32:13.131+0000] {dagbag.py:539} INFO - Filling up the DagBag from /opt/airflow/dags/ingest_local_folder_dag.py
[2026-03-17T19:32:13.682+0000] {processor.py:839} INFO - DAG(s) dict_keys(['ingestionDAG']) retrieved from /opt/airflow/dags/ingest_local_folder_dag.py
[2026-03-17T19:32:13.771+0000] {logging_mixin.py:151} INFO - [2026-03-17T19:32:13.770+0000] {dag.py:2915} INFO - Sync 1 DAGs
[2026-03-17T19:32:13.829+0000] {logging_mixin.py:151} INFO - [2026-03-17T19:32:13.828+0000] {dag.py:3696} INFO - Setting next_dagrun for ingestionDAG to 2026-03-17T19:31:43.828412+00:00, run_after=2026-03-17T19:32:13.828412+00:00
[2026-03-17T19:32:13.886+0000] {processor.py:179} INFO - Processing /opt/airflow/dags/ingest_local_folder_dag.py took 0.769 seconds
[2026-03-17T19:32:44.166+0000] {processor.py:157} INFO - Started process (PID=5586) to work on /opt/airflow/dags/ingest_local_folder_dag.py
[2026-03-17T19:32:44.168+0000] {processor.py:829} INFO - Processing file /opt/airflow/dags/ingest_local_folder_dag.py for tasks to queue
[2026-03-17T19:32:44.171+0000] {logging_mixin.py:151} INFO - [2026-03-17T19:32:44.170+0000] {dagbag.py:539} INFO - Filling up the DagBag from /opt/airflow/dags/ingest_local_folder_dag.py
[2026-03-17T19:32:44.744+0000] {processor.py:839} INFO - DAG(s) dict_keys(['ingestionDAG']) retrieved from /opt/airflow/dags/ingest_local_folder_dag.py
[2026-03-17T19:32:44.842+0000] {logging_mixin.py:151} INFO - [2026-03-17T19:32:44.842+0000] {dag.py:2915} INFO - Sync 1 DAGs
[2026-03-17T19:32:44.907+0000] {logging_mixin.py:151} INFO - [2026-03-17T19:32:44.907+0000] {dag.py:3696} INFO - Setting next_dagrun for ingestionDAG to 2026-03-17T19:32:14.906705+00:00, run_after=2026-03-17T19:32:44.906705+00:00
[2026-03-17T19:32:44.953+0000] {processor.py:179} INFO - Processing /opt/airflow/dags/ingest_local_folder_dag.py took 0.799 seconds
[2026-03-17T19:33:15.388+0000] {processor.py:157} INFO - Started process (PID=5601) to work on /opt/airflow/dags/ingest_local_folder_dag.py
[2026-03-17T19:33:15.390+0000] {processor.py:829} INFO - Processing file /opt/airflow/dags/ingest_local_folder_dag.py for tasks to queue
[2026-03-17T19:33:15.393+0000] {logging_mixin.py:151} INFO - [2026-03-17T19:33:15.392+0000] {dagbag.py:539} INFO - Filling up the DagBag from /opt/airflow/dags/ingest_local_folder_dag.py
[2026-03-17T19:33:15.959+0000] {processor.py:839} INFO - DAG(s) dict_keys(['ingestionDAG']) retrieved from /opt/airflow/dags/ingest_local_folder_dag.py
[2026-03-17T19:33:16.055+0000] {logging_mixin.py:151} INFO - [2026-03-17T19:33:16.054+0000] {dag.py:2915} INFO - Sync 1 DAGs
[2026-03-17T19:33:16.113+0000] {logging_mixin.py:151} INFO - [2026-03-17T19:33:16.112+0000] {dag.py:3696} INFO - Setting next_dagrun for ingestionDAG to 2026-03-17T19:32:46.112217+00:00, run_after=2026-03-17T19:33:16.112217+00:00
[2026-03-17T19:33:16.157+0000] {processor.py:179} INFO - Processing /opt/airflow/dags/ingest_local_folder_dag.py took 0.780 seconds
[2026-03-17T19:33:46.381+0000] {processor.py:157} INFO - Started process (PID=5619) to work on /opt/airflow/dags/ingest_local_folder_dag.py
[2026-03-17T19:33:46.383+0000] {processor.py:829} INFO - Processing file /opt/airflow/dags/ingest_local_folder_dag.py for tasks to queue
[2026-03-17T19:33:46.386+0000] {logging_mixin.py:151} INFO - [2026-03-17T19:33:46.385+0000] {dagbag.py:539} INFO - Filling up the DagBag from /opt/airflow/dags/ingest_local_folder_dag.py
[2026-03-17T19:33:46.955+0000] {processor.py:839} INFO - DAG(s) dict_keys(['ingestionDAG']) retrieved from /opt/airflow/dags/ingest_local_folder_dag.py
[2026-03-17T19:33:47.051+0000] {logging_mixin.py:151} INFO - [2026-03-17T19:33:47.051+0000] {dag.py:2915} INFO - Sync 1 DAGs
[2026-03-17T19:33:47.116+0000] {logging_mixin.py:151} INFO - [2026-03-17T19:33:47.115+0000] {dag.py:3696} INFO - Setting next_dagrun for ingestionDAG to 2026-03-17T19:33:17.115346+00:00, run_after=2026-03-17T19:33:47.115346+00:00
[2026-03-17T19:33:47.156+0000] {processor.py:179} INFO - Processing /opt/airflow/dags/ingest_local_folder_dag.py took 0.786 seconds
[2026-03-17T19:34:17.379+0000] {processor.py:157} INFO - Started process (PID=5637) to work on /opt/airflow/dags/ingest_local_folder_dag.py
[2026-03-17T19:34:17.382+0000] {processor.py:829} INFO - Processing file /opt/airflow/dags/ingest_local_folder_dag.py for tasks to queue
[2026-03-17T19:34:17.384+0000] {logging_mixin.py:151} INFO - [2026-03-17T19:34:17.383+0000] {dagbag.py:539} INFO - Filling up the DagBag from /opt/airflow/dags/ingest_local_folder_dag.py
[2026-03-17T19:34:17.954+0000] {processor.py:839} INFO - DAG(s) dict_keys(['ingestionDAG']) retrieved from /opt/airflow/dags/ingest_local_folder_dag.py
[2026-03-17T19:34:18.052+0000] {logging_mixin.py:151} INFO - [2026-03-17T19:34:18.051+0000] {dag.py:2915} INFO - Sync 1 DAGs
[2026-03-17T19:34:18.117+0000] {logging_mixin.py:151} INFO - [2026-03-17T19:34:18.116+0000] {dag.py:3696} INFO - Setting next_dagrun for ingestionDAG to 2026-03-17T19:33:48.115919+00:00, run_after=2026-03-17T19:34:18.115919+00:00
[2026-03-17T19:34:18.158+0000] {processor.py:179} INFO - Processing /opt/airflow/dags/ingest_local_folder_dag.py took 0.790 seconds
[2026-03-17T19:34:48.719+0000] {processor.py:157} INFO - Started process (PID=5655) to work on /opt/airflow/dags/ingest_local_folder_dag.py
[2026-03-17T19:34:48.721+0000] {processor.py:829} INFO - Processing file /opt/airflow/dags/ingest_local_folder_dag.py for tasks to queue
[2026-03-17T19:34:48.724+0000] {logging_mixin.py:151} INFO - [2026-03-17T19:34:48.723+0000] {dagbag.py:539} INFO - Filling up the DagBag from /opt/airflow/dags/ingest_local_folder_dag.py
[2026-03-17T19:34:49.300+0000] {processor.py:839} INFO - DAG(s) dict_keys(['ingestionDAG']) retrieved from /opt/airflow/dags/ingest_local_folder_dag.py
[2026-03-17T19:34:49.387+0000] {logging_mixin.py:151} INFO - [2026-03-17T19:34:49.386+0000] {dag.py:2915} INFO - Sync 1 DAGs
[2026-03-17T19:34:49.445+0000] {logging_mixin.py:151} INFO - [2026-03-17T19:34:49.444+0000] {dag.py:3696} INFO - Setting next_dagrun for ingestionDAG to 2026-03-17T19:34:19.444156+00:00, run_after=2026-03-17T19:34:49.444156+00:00
[2026-03-17T19:34:49.485+0000] {processor.py:179} INFO - Processing /opt/airflow/dags/ingest_local_folder_dag.py took 0.779 seconds
[2026-03-17T19:35:19.599+0000] {processor.py:157} INFO - Started process (PID=5676) to work on /opt/airflow/dags/ingest_local_folder_dag.py
[2026-03-17T19:35:19.601+0000] {processor.py:829} INFO - Processing file /opt/airflow/dags/ingest_local_folder_dag.py for tasks to queue
[2026-03-17T19:35:19.603+0000] {logging_mixin.py:151} INFO - [2026-03-17T19:35:19.602+0000] {dagbag.py:539} INFO - Filling up the DagBag from /opt/airflow/dags/ingest_local_folder_dag.py
[2026-03-17T19:35:20.203+0000] {processor.py:839} INFO - DAG(s) dict_keys(['ingestionDAG']) retrieved from /opt/airflow/dags/ingest_local_folder_dag.py
[2026-03-17T19:35:20.291+0000] {logging_mixin.py:151} INFO - [2026-03-17T19:35:20.290+0000] {dag.py:2915} INFO - Sync 1 DAGs
[2026-03-17T19:35:20.351+0000] {logging_mixin.py:151} INFO - [2026-03-17T19:35:20.350+0000] {dag.py:3696} INFO - Setting next_dagrun for ingestionDAG to 2026-03-17T19:34:50.350174+00:00, run_after=2026-03-17T19:35:20.350174+00:00
[2026-03-17T19:35:20.391+0000] {processor.py:179} INFO - Processing /opt/airflow/dags/ingest_local_folder_dag.py took 0.804 seconds
[2026-03-17T19:35:51.115+0000] {processor.py:157} INFO - Started process (PID=5696) to work on /opt/airflow/dags/ingest_local_folder_dag.py
[2026-03-17T19:35:51.117+0000] {processor.py:829} INFO - Processing file /opt/airflow/dags/ingest_local_folder_dag.py for tasks to queue
[2026-03-17T19:35:51.119+0000] {logging_mixin.py:151} INFO - [2026-03-17T19:35:51.118+0000] {dagbag.py:539} INFO - Filling up the DagBag from /opt/airflow/dags/ingest_local_folder_dag.py
[2026-03-17T19:35:51.656+0000] {processor.py:839} INFO - DAG(s) dict_keys(['ingestionDAG']) retrieved from /opt/airflow/dags/ingest_local_folder_dag.py
[2026-03-17T19:35:51.744+0000] {logging_mixin.py:151} INFO - [2026-03-17T19:35:51.744+0000] {dag.py:2915} INFO - Sync 1 DAGs
[2026-03-17T19:35:51.801+0000] {logging_mixin.py:151} INFO - [2026-03-17T19:35:51.800+0000] {dag.py:3696} INFO - Setting next_dagrun for ingestionDAG to 2026-03-17T19:35:21.800403+00:00, run_after=2026-03-17T19:35:51.800403+00:00
[2026-03-17T19:35:51.841+0000] {processor.py:179} INFO - Processing /opt/airflow/dags/ingest_local_folder_dag.py took 0.737 seconds
[2026-03-17T19:36:21.981+0000] {processor.py:157} INFO - Started process (PID=5714) to work on /opt/airflow/dags/ingest_local_folder_dag.py
[2026-03-17T19:36:21.984+0000] {processor.py:829} INFO - Processing file /opt/airflow/dags/ingest_local_folder_dag.py for tasks to queue
[2026-03-17T19:36:21.986+0000] {logging_mixin.py:151} INFO - [2026-03-17T19:36:21.985+0000] {dagbag.py:539} INFO - Filling up the DagBag from /opt/airflow/dags/ingest_local_folder_dag.py
[2026-03-17T19:36:22.525+0000] {processor.py:839} INFO - DAG(s) dict_keys(['ingestionDAG']) retrieved from /opt/airflow/dags/ingest_local_folder_dag.py
[2026-03-17T19:36:22.612+0000] {logging_mixin.py:151} INFO - [2026-03-17T19:36:22.612+0000] {dag.py:2915} INFO - Sync 1 DAGs
[2026-03-17T19:36:22.669+0000] {logging_mixin.py:151} INFO - [2026-03-17T19:36:22.669+0000] {dag.py:3696} INFO - Setting next_dagrun for ingestionDAG to 2026-03-17T19:35:52.668815+00:00, run_after=2026-03-17T19:36:22.668815+00:00
[2026-03-17T19:36:22.710+0000] {processor.py:179} INFO - Processing /opt/airflow/dags/ingest_local_folder_dag.py took 0.739 seconds
[2026-03-17T19:36:52.961+0000] {processor.py:157} INFO - Started process (PID=5732) to work on /opt/airflow/dags/ingest_local_folder_dag.py
[2026-03-17T19:36:52.963+0000] {processor.py:829} INFO - Processing file /opt/airflow/dags/ingest_local_folder_dag.py for tasks to queue
[2026-03-17T19:36:52.965+0000] {logging_mixin.py:151} INFO - [2026-03-17T19:36:52.964+0000] {dagbag.py:539} INFO - Filling up the DagBag from /opt/airflow/dags/ingest_local_folder_dag.py
[2026-03-17T19:36:53.502+0000] {processor.py:839} INFO - DAG(s) dict_keys(['ingestionDAG']) retrieved from /opt/airflow/dags/ingest_local_folder_dag.py
[2026-03-17T19:36:53.587+0000] {logging_mixin.py:151} INFO - [2026-03-17T19:36:53.587+0000] {dag.py:2915} INFO - Sync 1 DAGs
[2026-03-17T19:36:53.645+0000] {logging_mixin.py:151} INFO - [2026-03-17T19:36:53.644+0000] {dag.py:3696} INFO - Setting next_dagrun for ingestionDAG to 2026-03-17T19:36:23.644249+00:00, run_after=2026-03-17T19:36:53.644249+00:00
[2026-03-17T19:36:53.687+0000] {processor.py:179} INFO - Processing /opt/airflow/dags/ingest_local_folder_dag.py took 0.737 seconds
[2026-03-17T19:37:24.399+0000] {processor.py:157} INFO - Started process (PID=5750) to work on /opt/airflow/dags/ingest_local_folder_dag.py
[2026-03-17T19:37:24.401+0000] {processor.py:829} INFO - Processing file /opt/airflow/dags/ingest_local_folder_dag.py for tasks to queue
[2026-03-17T19:37:24.403+0000] {logging_mixin.py:151} INFO - [2026-03-17T19:37:24.402+0000] {dagbag.py:539} INFO - Filling up the DagBag from /opt/airflow/dags/ingest_local_folder_dag.py
[2026-03-17T19:37:24.956+0000] {processor.py:839} INFO - DAG(s) dict_keys(['ingestionDAG']) retrieved from /opt/airflow/dags/ingest_local_folder_dag.py
[2026-03-17T19:37:25.043+0000] {logging_mixin.py:151} INFO - [2026-03-17T19:37:25.042+0000] {dag.py:2915} INFO - Sync 1 DAGs
[2026-03-17T19:37:25.103+0000] {logging_mixin.py:151} INFO - [2026-03-17T19:37:25.102+0000] {dag.py:3696} INFO - Setting next_dagrun for ingestionDAG to 2026-03-17T19:36:55.102425+00:00, run_after=2026-03-17T19:37:25.102425+00:00
[2026-03-17T19:37:25.143+0000] {processor.py:179} INFO - Processing /opt/airflow/dags/ingest_local_folder_dag.py took 0.756 seconds
[2026-03-17T19:37:55.269+0000] {processor.py:157} INFO - Started process (PID=5768) to work on /opt/airflow/dags/ingest_local_folder_dag.py
[2026-03-17T19:37:55.272+0000] {processor.py:829} INFO - Processing file /opt/airflow/dags/ingest_local_folder_dag.py for tasks to queue
[2026-03-17T19:37:55.274+0000] {logging_mixin.py:151} INFO - [2026-03-17T19:37:55.273+0000] {dagbag.py:539} INFO - Filling up the DagBag from /opt/airflow/dags/ingest_local_folder_dag.py
[2026-03-17T19:37:55.819+0000] {processor.py:839} INFO - DAG(s) dict_keys(['ingestionDAG']) retrieved from /opt/airflow/dags/ingest_local_folder_dag.py
[2026-03-17T19:37:55.907+0000] {logging_mixin.py:151} INFO - [2026-03-17T19:37:55.907+0000] {dag.py:2915} INFO - Sync 1 DAGs
[2026-03-17T19:37:55.964+0000] {logging_mixin.py:151} INFO - [2026-03-17T19:37:55.964+0000] {dag.py:3696} INFO - Setting next_dagrun for ingestionDAG to 2026-03-17T19:37:25.963884+00:00, run_after=2026-03-17T19:37:55.963884+00:00
[2026-03-17T19:37:56.005+0000] {processor.py:179} INFO - Processing /opt/airflow/dags/ingest_local_folder_dag.py took 0.747 seconds
[2026-03-17T19:38:26.185+0000] {processor.py:157} INFO - Started process (PID=5786) to work on /opt/airflow/dags/ingest_local_folder_dag.py
[2026-03-17T19:38:26.187+0000] {processor.py:829} INFO - Processing file /opt/airflow/dags/ingest_local_folder_dag.py for tasks to queue
[2026-03-17T19:38:26.189+0000] {logging_mixin.py:151} INFO - [2026-03-17T19:38:26.188+0000] {dagbag.py:539} INFO - Filling up the DagBag from /opt/airflow/dags/ingest_local_folder_dag.py
[2026-03-17T19:38:26.761+0000] {processor.py:839} INFO - DAG(s) dict_keys(['ingestionDAG']) retrieved from /opt/airflow/dags/ingest_local_folder_dag.py
[2026-03-17T19:38:26.858+0000] {logging_mixin.py:151} INFO - [2026-03-17T19:38:26.857+0000] {dag.py:2915} INFO - Sync 1 DAGs
[2026-03-17T19:38:26.919+0000] {logging_mixin.py:151} INFO - [2026-03-17T19:38:26.919+0000] {dag.py:3696} INFO - Setting next_dagrun for ingestionDAG to 2026-03-17T19:37:56.918432+00:00, run_after=2026-03-17T19:38:26.918432+00:00
[2026-03-17T19:38:26.960+0000] {processor.py:179} INFO - Processing /opt/airflow/dags/ingest_local_folder_dag.py took 0.787 seconds
[2026-03-17T19:38:57.266+0000] {processor.py:157} INFO - Started process (PID=5804) to work on /opt/airflow/dags/ingest_local_folder_dag.py
[2026-03-17T19:38:57.268+0000] {processor.py:829} INFO - Processing file /opt/airflow/dags/ingest_local_folder_dag.py for tasks to queue
[2026-03-17T19:38:57.271+0000] {logging_mixin.py:151} INFO - [2026-03-17T19:38:57.269+0000] {dagbag.py:539} INFO - Filling up the DagBag from /opt/airflow/dags/ingest_local_folder_dag.py
[2026-03-17T19:38:57.837+0000] {processor.py:839} INFO - DAG(s) dict_keys(['ingestionDAG']) retrieved from /opt/airflow/dags/ingest_local_folder_dag.py
[2026-03-17T19:38:57.933+0000] {logging_mixin.py:151} INFO - [2026-03-17T19:38:57.932+0000] {dag.py:2915} INFO - Sync 1 DAGs
[2026-03-17T19:38:57.990+0000] {logging_mixin.py:151} INFO - [2026-03-17T19:38:57.989+0000] {dag.py:3696} INFO - Setting next_dagrun for ingestionDAG to 2026-03-17T19:38:27.989378+00:00, run_after=2026-03-17T19:38:57.989378+00:00
[2026-03-17T19:38:58.030+0000] {processor.py:179} INFO - Processing /opt/airflow/dags/ingest_local_folder_dag.py took 0.776 seconds
[2026-03-17T19:39:28.334+0000] {processor.py:157} INFO - Started process (PID=5822) to work on /opt/airflow/dags/ingest_local_folder_dag.py
[2026-03-17T19:39:28.336+0000] {processor.py:829} INFO - Processing file /opt/airflow/dags/ingest_local_folder_dag.py for tasks to queue
[2026-03-17T19:39:28.338+0000] {logging_mixin.py:151} INFO - [2026-03-17T19:39:28.337+0000] {dagbag.py:539} INFO - Filling up the DagBag from /opt/airflow/dags/ingest_local_folder_dag.py
[2026-03-17T19:39:28.914+0000] {processor.py:839} INFO - DAG(s) dict_keys(['ingestionDAG']) retrieved from /opt/airflow/dags/ingest_local_folder_dag.py
[2026-03-17T19:39:29.004+0000] {logging_mixin.py:151} INFO - [2026-03-17T19:39:29.004+0000] {dag.py:2915} INFO - Sync 1 DAGs
[2026-03-17T19:39:29.064+0000] {logging_mixin.py:151} INFO - [2026-03-17T19:39:29.064+0000] {dag.py:3696} INFO - Setting next_dagrun for ingestionDAG to 2026-03-17T19:38:59.063987+00:00, run_after=2026-03-17T19:39:29.063987+00:00
[2026-03-17T19:39:29.105+0000] {processor.py:179} INFO - Processing /opt/airflow/dags/ingest_local_folder_dag.py took 0.783 seconds
[2026-03-17T19:39:59.408+0000] {processor.py:157} INFO - Started process (PID=5840) to work on /opt/airflow/dags/ingest_local_folder_dag.py
[2026-03-17T19:39:59.410+0000] {processor.py:829} INFO - Processing file /opt/airflow/dags/ingest_local_folder_dag.py for tasks to queue
[2026-03-17T19:39:59.412+0000] {logging_mixin.py:151} INFO - [2026-03-17T19:39:59.411+0000] {dagbag.py:539} INFO - Filling up the DagBag from /opt/airflow/dags/ingest_local_folder_dag.py
[2026-03-17T19:39:59.948+0000] {processor.py:839} INFO - DAG(s) dict_keys(['ingestionDAG']) retrieved from /opt/airflow/dags/ingest_local_folder_dag.py
[2026-03-17T19:40:00.036+0000] {logging_mixin.py:151} INFO - [2026-03-17T19:40:00.035+0000] {dag.py:2915} INFO - Sync 1 DAGs
[2026-03-17T19:40:00.093+0000] {logging_mixin.py:151} INFO - [2026-03-17T19:40:00.092+0000] {dag.py:3696} INFO - Setting next_dagrun for ingestionDAG to 2026-03-17T19:39:30.092006+00:00, run_after=2026-03-17T19:40:00.092006+00:00
[2026-03-17T19:40:00.133+0000] {processor.py:179} INFO - Processing /opt/airflow/dags/ingest_local_folder_dag.py took 0.737 seconds
[2026-03-17T19:40:30.243+0000] {processor.py:157} INFO - Started process (PID=5858) to work on /opt/airflow/dags/ingest_local_folder_dag.py
[2026-03-17T19:40:30.246+0000] {processor.py:829} INFO - Processing file /opt/airflow/dags/ingest_local_folder_dag.py for tasks to queue
[2026-03-17T19:40:30.248+0000] {logging_mixin.py:151} INFO - [2026-03-17T19:40:30.247+0000] {dagbag.py:539} INFO - Filling up the DagBag from /opt/airflow/dags/ingest_local_folder_dag.py
[2026-03-17T19:40:30.790+0000] {processor.py:839} INFO - DAG(s) dict_keys(['ingestionDAG']) retrieved from /opt/airflow/dags/ingest_local_folder_dag.py
[2026-03-17T19:40:30.877+0000] {logging_mixin.py:151} INFO - [2026-03-17T19:40:30.876+0000] {dag.py:2915} INFO - Sync 1 DAGs
[2026-03-17T19:40:30.935+0000] {logging_mixin.py:151} INFO - [2026-03-17T19:40:30.935+0000] {dag.py:3696} INFO - Setting next_dagrun for ingestionDAG to 2026-03-17T19:40:00.934924+00:00, run_after=2026-03-17T19:40:30.934924+00:00
[2026-03-17T19:40:30.977+0000] {processor.py:179} INFO - Processing /opt/airflow/dags/ingest_local_folder_dag.py took 0.745 seconds
[2026-03-17T19:41:01.236+0000] {processor.py:157} INFO - Started process (PID=5876) to work on /opt/airflow/dags/ingest_local_folder_dag.py
[2026-03-17T19:41:01.238+0000] {processor.py:829} INFO - Processing file /opt/airflow/dags/ingest_local_folder_dag.py for tasks to queue
[2026-03-17T19:41:01.241+0000] {logging_mixin.py:151} INFO - [2026-03-17T19:41:01.240+0000] {dagbag.py:539} INFO - Filling up the DagBag from /opt/airflow/dags/ingest_local_folder_dag.py
[2026-03-17T19:41:01.807+0000] {processor.py:839} INFO - DAG(s) dict_keys(['ingestionDAG']) retrieved from /opt/airflow/dags/ingest_local_folder_dag.py
[2026-03-17T19:41:01.904+0000] {logging_mixin.py:151} INFO - [2026-03-17T19:41:01.903+0000] {dag.py:2915} INFO - Sync 1 DAGs
[2026-03-17T19:41:01.968+0000] {logging_mixin.py:151} INFO - [2026-03-17T19:41:01.968+0000] {dag.py:3696} INFO - Setting next_dagrun for ingestionDAG to 2026-03-17T19:40:31.967707+00:00, run_after=2026-03-17T19:41:01.967707+00:00
[2026-03-17T19:41:02.014+0000] {processor.py:179} INFO - Processing /opt/airflow/dags/ingest_local_folder_dag.py took 0.790 seconds
[2026-03-17T19:41:32.315+0000] {processor.py:157} INFO - Started process (PID=5894) to work on /opt/airflow/dags/ingest_local_folder_dag.py
[2026-03-17T19:41:32.317+0000] {processor.py:829} INFO - Processing file /opt/airflow/dags/ingest_local_folder_dag.py for tasks to queue
[2026-03-17T19:41:32.319+0000] {logging_mixin.py:151} INFO - [2026-03-17T19:41:32.318+0000] {dagbag.py:539} INFO - Filling up the DagBag from /opt/airflow/dags/ingest_local_folder_dag.py
[2026-03-17T19:41:32.886+0000] {processor.py:839} INFO - DAG(s) dict_keys(['ingestionDAG']) retrieved from /opt/airflow/dags/ingest_local_folder_dag.py
[2026-03-17T19:41:32.982+0000] {logging_mixin.py:151} INFO - [2026-03-17T19:41:32.982+0000] {dag.py:2915} INFO - Sync 1 DAGs
[2026-03-17T19:41:33.050+0000] {logging_mixin.py:151} INFO - [2026-03-17T19:41:33.050+0000] {dag.py:3696} INFO - Setting next_dagrun for ingestionDAG to 2026-03-17T19:41:03.049540+00:00, run_after=2026-03-17T19:41:33.049540+00:00
[2026-03-17T19:41:33.095+0000] {processor.py:179} INFO - Processing /opt/airflow/dags/ingest_local_folder_dag.py took 0.792 seconds
[2026-03-17T19:42:03.401+0000] {processor.py:157} INFO - Started process (PID=5912) to work on /opt/airflow/dags/ingest_local_folder_dag.py
[2026-03-17T19:42:03.404+0000] {processor.py:829} INFO - Processing file /opt/airflow/dags/ingest_local_folder_dag.py for tasks to queue
[2026-03-17T19:42:03.406+0000] {logging_mixin.py:151} INFO - [2026-03-17T19:42:03.405+0000] {dagbag.py:539} INFO - Filling up the DagBag from /opt/airflow/dags/ingest_local_folder_dag.py
[2026-03-17T19:42:03.989+0000] {processor.py:839} INFO - DAG(s) dict_keys(['ingestionDAG']) retrieved from /opt/airflow/dags/ingest_local_folder_dag.py
[2026-03-17T19:42:04.091+0000] {logging_mixin.py:151} INFO - [2026-03-17T19:42:04.090+0000] {dag.py:2915} INFO - Sync 1 DAGs
[2026-03-17T19:42:04.153+0000] {logging_mixin.py:151} INFO - [2026-03-17T19:42:04.153+0000] {dag.py:3696} INFO - Setting next_dagrun for ingestionDAG to 2026-03-17T19:41:34.152819+00:00, run_after=2026-03-17T19:42:04.152819+00:00
[2026-03-17T19:42:04.194+0000] {processor.py:179} INFO - Processing /opt/airflow/dags/ingest_local_folder_dag.py took 0.804 seconds
[2026-03-17T19:42:34.492+0000] {processor.py:157} INFO - Started process (PID=5930) to work on /opt/airflow/dags/ingest_local_folder_dag.py
[2026-03-17T19:42:34.494+0000] {processor.py:829} INFO - Processing file /opt/airflow/dags/ingest_local_folder_dag.py for tasks to queue
[2026-03-17T19:42:34.496+0000] {logging_mixin.py:151} INFO - [2026-03-17T19:42:34.495+0000] {dagbag.py:539} INFO - Filling up the DagBag from /opt/airflow/dags/ingest_local_folder_dag.py
[2026-03-17T19:42:35.062+0000] {processor.py:839} INFO - DAG(s) dict_keys(['ingestionDAG']) retrieved from /opt/airflow/dags/ingest_local_folder_dag.py
[2026-03-17T19:42:35.157+0000] {logging_mixin.py:151} INFO - [2026-03-17T19:42:35.157+0000] {dag.py:2915} INFO - Sync 1 DAGs
[2026-03-17T19:42:35.216+0000] {logging_mixin.py:151} INFO - [2026-03-17T19:42:35.216+0000] {dag.py:3696} INFO - Setting next_dagrun for ingestionDAG to 2026-03-17T19:42:05.215682+00:00, run_after=2026-03-17T19:42:35.215682+00:00
[2026-03-17T19:42:35.256+0000] {processor.py:179} INFO - Processing /opt/airflow/dags/ingest_local_folder_dag.py took 0.776 seconds
[2026-03-17T19:43:05.565+0000] {processor.py:157} INFO - Started process (PID=5948) to work on /opt/airflow/dags/ingest_local_folder_dag.py
[2026-03-17T19:43:05.568+0000] {processor.py:829} INFO - Processing file /opt/airflow/dags/ingest_local_folder_dag.py for tasks to queue
[2026-03-17T19:43:05.570+0000] {logging_mixin.py:151} INFO - [2026-03-17T19:43:05.569+0000] {dagbag.py:539} INFO - Filling up the DagBag from /opt/airflow/dags/ingest_local_folder_dag.py
[2026-03-17T19:43:06.138+0000] {processor.py:839} INFO - DAG(s) dict_keys(['ingestionDAG']) retrieved from /opt/airflow/dags/ingest_local_folder_dag.py
[2026-03-17T19:43:06.231+0000] {logging_mixin.py:151} INFO - [2026-03-17T19:43:06.231+0000] {dag.py:2915} INFO - Sync 1 DAGs
[2026-03-17T19:43:06.288+0000] {logging_mixin.py:151} INFO - [2026-03-17T19:43:06.288+0000] {dag.py:3696} INFO - Setting next_dagrun for ingestionDAG to 2026-03-17T19:42:36.287475+00:00, run_after=2026-03-17T19:43:06.287475+00:00
[2026-03-17T19:43:06.328+0000] {processor.py:179} INFO - Processing /opt/airflow/dags/ingest_local_folder_dag.py took 0.774 seconds
[2026-03-17T19:43:37.053+0000] {processor.py:157} INFO - Started process (PID=5966) to work on /opt/airflow/dags/ingest_local_folder_dag.py
[2026-03-17T19:43:37.056+0000] {processor.py:829} INFO - Processing file /opt/airflow/dags/ingest_local_folder_dag.py for tasks to queue
[2026-03-17T19:43:37.058+0000] {logging_mixin.py:151} INFO - [2026-03-17T19:43:37.057+0000] {dagbag.py:539} INFO - Filling up the DagBag from /opt/airflow/dags/ingest_local_folder_dag.py
[2026-03-17T19:43:37.617+0000] {processor.py:839} INFO - DAG(s) dict_keys(['ingestionDAG']) retrieved from /opt/airflow/dags/ingest_local_folder_dag.py
[2026-03-17T19:43:37.712+0000] {logging_mixin.py:151} INFO - [2026-03-17T19:43:37.712+0000] {dag.py:2915} INFO - Sync 1 DAGs
[2026-03-17T19:43:37.777+0000] {logging_mixin.py:151} INFO - [2026-03-17T19:43:37.776+0000] {dag.py:3696} INFO - Setting next_dagrun for ingestionDAG to 2026-03-17T19:43:07.776195+00:00, run_after=2026-03-17T19:43:37.776195+00:00
[2026-03-17T19:43:37.817+0000] {processor.py:179} INFO - Processing /opt/airflow/dags/ingest_local_folder_dag.py took 0.775 seconds
[2026-03-17T19:44:08.572+0000] {processor.py:157} INFO - Started process (PID=5984) to work on /opt/airflow/dags/ingest_local_folder_dag.py
[2026-03-17T19:44:08.575+0000] {processor.py:829} INFO - Processing file /opt/airflow/dags/ingest_local_folder_dag.py for tasks to queue
[2026-03-17T19:44:08.577+0000] {logging_mixin.py:151} INFO - [2026-03-17T19:44:08.576+0000] {dagbag.py:539} INFO - Filling up the DagBag from /opt/airflow/dags/ingest_local_folder_dag.py
[2026-03-17T19:44:09.122+0000] {processor.py:839} INFO - DAG(s) dict_keys(['ingestionDAG']) retrieved from /opt/airflow/dags/ingest_local_folder_dag.py
[2026-03-17T19:44:09.219+0000] {logging_mixin.py:151} INFO - [2026-03-17T19:44:09.219+0000] {dag.py:2915} INFO - Sync 1 DAGs
[2026-03-17T19:44:09.283+0000] {logging_mixin.py:151} INFO - [2026-03-17T19:44:09.283+0000] {dag.py:3696} INFO - Setting next_dagrun for ingestionDAG to 2026-03-17T19:43:39.282380+00:00, run_after=2026-03-17T19:44:09.282380+00:00
[2026-03-17T19:44:09.324+0000] {processor.py:179} INFO - Processing /opt/airflow/dags/ingest_local_folder_dag.py took 0.763 seconds
[2026-03-17T19:44:39.404+0000] {processor.py:157} INFO - Started process (PID=6002) to work on /opt/airflow/dags/ingest_local_folder_dag.py
[2026-03-17T19:44:39.407+0000] {processor.py:829} INFO - Processing file /opt/airflow/dags/ingest_local_folder_dag.py for tasks to queue
[2026-03-17T19:44:39.409+0000] {logging_mixin.py:151} INFO - [2026-03-17T19:44:39.408+0000] {dagbag.py:539} INFO - Filling up the DagBag from /opt/airflow/dags/ingest_local_folder_dag.py
[2026-03-17T19:44:39.950+0000] {processor.py:839} INFO - DAG(s) dict_keys(['ingestionDAG']) retrieved from /opt/airflow/dags/ingest_local_folder_dag.py
[2026-03-17T19:44:40.036+0000] {logging_mixin.py:151} INFO - [2026-03-17T19:44:40.035+0000] {dag.py:2915} INFO - Sync 1 DAGs
[2026-03-17T19:44:40.093+0000] {logging_mixin.py:151} INFO - [2026-03-17T19:44:40.092+0000] {dag.py:3696} INFO - Setting next_dagrun for ingestionDAG to 2026-03-17T19:44:10.092210+00:00, run_after=2026-03-17T19:44:40.092210+00:00
[2026-03-17T19:44:40.133+0000] {processor.py:179} INFO - Processing /opt/airflow/dags/ingest_local_folder_dag.py took 0.741 seconds
[2026-03-17T19:45:10.829+0000] {processor.py:157} INFO - Started process (PID=6020) to work on /opt/airflow/dags/ingest_local_folder_dag.py
[2026-03-17T19:45:10.831+0000] {processor.py:829} INFO - Processing file /opt/airflow/dags/ingest_local_folder_dag.py for tasks to queue
[2026-03-17T19:45:10.833+0000] {logging_mixin.py:151} INFO - [2026-03-17T19:45:10.832+0000] {dagbag.py:539} INFO - Filling up the DagBag from /opt/airflow/dags/ingest_local_folder_dag.py
[2026-03-17T19:45:11.373+0000] {processor.py:839} INFO - DAG(s) dict_keys(['ingestionDAG']) retrieved from /opt/airflow/dags/ingest_local_folder_dag.py
[2026-03-17T19:45:11.459+0000] {logging_mixin.py:151} INFO - [2026-03-17T19:45:11.458+0000] {dag.py:2915} INFO - Sync 1 DAGs
[2026-03-17T19:45:11.516+0000] {logging_mixin.py:151} INFO - [2026-03-17T19:45:11.515+0000] {dag.py:3696} INFO - Setting next_dagrun for ingestionDAG to 2026-03-17T19:44:41.515429+00:00, run_after=2026-03-17T19:45:11.515429+00:00
[2026-03-17T19:45:11.560+0000] {processor.py:179} INFO - Processing /opt/airflow/dags/ingest_local_folder_dag.py took 0.742 seconds
[2026-03-17T19:45:42.033+0000] {processor.py:157} INFO - Started process (PID=6038) to work on /opt/airflow/dags/ingest_local_folder_dag.py
[2026-03-17T19:45:42.035+0000] {processor.py:829} INFO - Processing file /opt/airflow/dags/ingest_local_folder_dag.py for tasks to queue
[2026-03-17T19:45:42.037+0000] {logging_mixin.py:151} INFO - [2026-03-17T19:45:42.036+0000] {dagbag.py:539} INFO - Filling up the DagBag from /opt/airflow/dags/ingest_local_folder_dag.py
[2026-03-17T19:45:42.575+0000] {processor.py:839} INFO - DAG(s) dict_keys(['ingestionDAG']) retrieved from /opt/airflow/dags/ingest_local_folder_dag.py
[2026-03-17T19:45:42.660+0000] {logging_mixin.py:151} INFO - [2026-03-17T19:45:42.660+0000] {dag.py:2915} INFO - Sync 1 DAGs
[2026-03-17T19:45:42.720+0000] {logging_mixin.py:151} INFO - [2026-03-17T19:45:42.719+0000] {dag.py:3696} INFO - Setting next_dagrun for ingestionDAG to 2026-03-17T19:45:12.719127+00:00, run_after=2026-03-17T19:45:42.719127+00:00
[2026-03-17T19:45:42.760+0000] {processor.py:179} INFO - Processing /opt/airflow/dags/ingest_local_folder_dag.py took 0.737 seconds
[2026-03-17T19:46:13.374+0000] {processor.py:157} INFO - Started process (PID=6056) to work on /opt/airflow/dags/ingest_local_folder_dag.py
[2026-03-17T19:46:13.376+0000] {processor.py:829} INFO - Processing file /opt/airflow/dags/ingest_local_folder_dag.py for tasks to queue
[2026-03-17T19:46:13.379+0000] {logging_mixin.py:151} INFO - [2026-03-17T19:46:13.378+0000] {dagbag.py:539} INFO - Filling up the DagBag from /opt/airflow/dags/ingest_local_folder_dag.py
[2026-03-17T19:46:13.974+0000] {processor.py:839} INFO - DAG(s) dict_keys(['ingestionDAG']) retrieved from /opt/airflow/dags/ingest_local_folder_dag.py
[2026-03-17T19:46:14.065+0000] {logging_mixin.py:151} INFO - [2026-03-17T19:46:14.065+0000] {dag.py:2915} INFO - Sync 1 DAGs
[2026-03-17T19:46:14.126+0000] {logging_mixin.py:151} INFO - [2026-03-17T19:46:14.126+0000] {dag.py:3696} INFO - Setting next_dagrun for ingestionDAG to 2026-03-17T19:45:44.125530+00:00, run_after=2026-03-17T19:46:14.125530+00:00
[2026-03-17T19:46:14.170+0000] {processor.py:179} INFO - Processing /opt/airflow/dags/ingest_local_folder_dag.py took 0.806 seconds
[2026-03-17T19:46:44.559+0000] {processor.py:157} INFO - Started process (PID=6074) to work on /opt/airflow/dags/ingest_local_folder_dag.py
[2026-03-17T19:46:44.562+0000] {processor.py:829} INFO - Processing file /opt/airflow/dags/ingest_local_folder_dag.py for tasks to queue
[2026-03-17T19:46:44.564+0000] {logging_mixin.py:151} INFO - [2026-03-17T19:46:44.563+0000] {dagbag.py:539} INFO - Filling up the DagBag from /opt/airflow/dags/ingest_local_folder_dag.py
[2026-03-17T19:46:45.104+0000] {processor.py:839} INFO - DAG(s) dict_keys(['ingestionDAG']) retrieved from /opt/airflow/dags/ingest_local_folder_dag.py
[2026-03-17T19:46:45.189+0000] {logging_mixin.py:151} INFO - [2026-03-17T19:46:45.188+0000] {dag.py:2915} INFO - Sync 1 DAGs
[2026-03-17T19:46:45.246+0000] {logging_mixin.py:151} INFO - [2026-03-17T19:46:45.246+0000] {dag.py:3696} INFO - Setting next_dagrun for ingestionDAG to 2026-03-17T19:46:15.245721+00:00, run_after=2026-03-17T19:46:45.245721+00:00
[2026-03-17T19:46:45.298+0000] {processor.py:179} INFO - Processing /opt/airflow/dags/ingest_local_folder_dag.py took 0.749 seconds
[2026-03-17T19:47:15.913+0000] {processor.py:157} INFO - Started process (PID=6090) to work on /opt/airflow/dags/ingest_local_folder_dag.py
[2026-03-17T19:47:15.915+0000] {processor.py:829} INFO - Processing file /opt/airflow/dags/ingest_local_folder_dag.py for tasks to queue
[2026-03-17T19:47:15.917+0000] {logging_mixin.py:151} INFO - [2026-03-17T19:47:15.916+0000] {dagbag.py:539} INFO - Filling up the DagBag from /opt/airflow/dags/ingest_local_folder_dag.py
[2026-03-17T19:47:16.466+0000] {processor.py:839} INFO - DAG(s) dict_keys(['ingestionDAG']) retrieved from /opt/airflow/dags/ingest_local_folder_dag.py
[2026-03-17T19:47:16.558+0000] {logging_mixin.py:151} INFO - [2026-03-17T19:47:16.558+0000] {dag.py:2915} INFO - Sync 1 DAGs
[2026-03-17T19:47:16.616+0000] {logging_mixin.py:151} INFO - [2026-03-17T19:47:16.615+0000] {dag.py:3696} INFO - Setting next_dagrun for ingestionDAG to 2026-03-17T19:46:46.615190+00:00, run_after=2026-03-17T19:47:16.615190+00:00
[2026-03-17T19:47:16.660+0000] {processor.py:179} INFO - Processing /opt/airflow/dags/ingest_local_folder_dag.py took 0.757 seconds
[2026-03-17T19:47:47.116+0000] {processor.py:157} INFO - Started process (PID=6107) to work on /opt/airflow/dags/ingest_local_folder_dag.py
[2026-03-17T19:47:47.119+0000] {processor.py:829} INFO - Processing file /opt/airflow/dags/ingest_local_folder_dag.py for tasks to queue
[2026-03-17T19:47:47.121+0000] {logging_mixin.py:151} INFO - [2026-03-17T19:47:47.120+0000] {dagbag.py:539} INFO - Filling up the DagBag from /opt/airflow/dags/ingest_local_folder_dag.py
[2026-03-17T19:47:47.689+0000] {processor.py:839} INFO - DAG(s) dict_keys(['ingestionDAG']) retrieved from /opt/airflow/dags/ingest_local_folder_dag.py
[2026-03-17T19:47:47.786+0000] {logging_mixin.py:151} INFO - [2026-03-17T19:47:47.786+0000] {dag.py:2915} INFO - Sync 1 DAGs
[2026-03-17T19:47:47.854+0000] {logging_mixin.py:151} INFO - [2026-03-17T19:47:47.853+0000] {dag.py:3696} INFO - Setting next_dagrun for ingestionDAG to 2026-03-17T19:47:17.853149+00:00, run_after=2026-03-17T19:47:47.853149+00:00
[2026-03-17T19:47:47.900+0000] {processor.py:179} INFO - Processing /opt/airflow/dags/ingest_local_folder_dag.py took 0.795 seconds
[2026-03-17T19:48:18.341+0000] {processor.py:157} INFO - Started process (PID=6122) to work on /opt/airflow/dags/ingest_local_folder_dag.py
[2026-03-17T19:48:18.344+0000] {processor.py:829} INFO - Processing file /opt/airflow/dags/ingest_local_folder_dag.py for tasks to queue
[2026-03-17T19:48:18.346+0000] {logging_mixin.py:151} INFO - [2026-03-17T19:48:18.345+0000] {dagbag.py:539} INFO - Filling up the DagBag from /opt/airflow/dags/ingest_local_folder_dag.py
[2026-03-17T19:48:18.914+0000] {processor.py:839} INFO - DAG(s) dict_keys(['ingestionDAG']) retrieved from /opt/airflow/dags/ingest_local_folder_dag.py
[2026-03-17T19:48:19.011+0000] {logging_mixin.py:151} INFO - [2026-03-17T19:48:19.011+0000] {dag.py:2915} INFO - Sync 1 DAGs
[2026-03-17T19:48:19.074+0000] {logging_mixin.py:151} INFO - [2026-03-17T19:48:19.073+0000] {dag.py:3696} INFO - Setting next_dagrun for ingestionDAG to 2026-03-17T19:47:49.073422+00:00, run_after=2026-03-17T19:48:19.073422+00:00
[2026-03-17T19:48:19.115+0000] {processor.py:179} INFO - Processing /opt/airflow/dags/ingest_local_folder_dag.py took 0.785 seconds
[2026-03-17T19:48:49.199+0000] {processor.py:157} INFO - Started process (PID=6140) to work on /opt/airflow/dags/ingest_local_folder_dag.py
[2026-03-17T19:48:49.201+0000] {processor.py:829} INFO - Processing file /opt/airflow/dags/ingest_local_folder_dag.py for tasks to queue
[2026-03-17T19:48:49.204+0000] {logging_mixin.py:151} INFO - [2026-03-17T19:48:49.203+0000] {dagbag.py:539} INFO - Filling up the DagBag from /opt/airflow/dags/ingest_local_folder_dag.py
[2026-03-17T19:48:49.779+0000] {processor.py:839} INFO - DAG(s) dict_keys(['ingestionDAG']) retrieved from /opt/airflow/dags/ingest_local_folder_dag.py
[2026-03-17T19:48:49.876+0000] {logging_mixin.py:151} INFO - [2026-03-17T19:48:49.876+0000] {dag.py:2915} INFO - Sync 1 DAGs
[2026-03-17T19:48:49.940+0000] {logging_mixin.py:151} INFO - [2026-03-17T19:48:49.940+0000] {dag.py:3696} INFO - Setting next_dagrun for ingestionDAG to 2026-03-17T19:48:19.939800+00:00, run_after=2026-03-17T19:48:49.939800+00:00
[2026-03-17T19:48:49.987+0000] {processor.py:179} INFO - Processing /opt/airflow/dags/ingest_local_folder_dag.py took 0.799 seconds
[2026-03-17T19:49:20.286+0000] {processor.py:157} INFO - Started process (PID=6158) to work on /opt/airflow/dags/ingest_local_folder_dag.py
[2026-03-17T19:49:20.288+0000] {processor.py:829} INFO - Processing file /opt/airflow/dags/ingest_local_folder_dag.py for tasks to queue
[2026-03-17T19:49:20.290+0000] {logging_mixin.py:151} INFO - [2026-03-17T19:49:20.289+0000] {dagbag.py:539} INFO - Filling up the DagBag from /opt/airflow/dags/ingest_local_folder_dag.py
[2026-03-17T19:49:20.852+0000] {processor.py:839} INFO - DAG(s) dict_keys(['ingestionDAG']) retrieved from /opt/airflow/dags/ingest_local_folder_dag.py
[2026-03-17T19:49:20.938+0000] {logging_mixin.py:151} INFO - [2026-03-17T19:49:20.937+0000] {dag.py:2915} INFO - Sync 1 DAGs
[2026-03-17T19:49:20.995+0000] {logging_mixin.py:151} INFO - [2026-03-17T19:49:20.995+0000] {dag.py:3696} INFO - Setting next_dagrun for ingestionDAG to 2026-03-17T19:48:50.994586+00:00, run_after=2026-03-17T19:49:20.994586+00:00
[2026-03-17T19:49:21.039+0000] {processor.py:179} INFO - Processing /opt/airflow/dags/ingest_local_folder_dag.py took 0.765 seconds
[2026-03-17T19:49:51.119+0000] {processor.py:157} INFO - Started process (PID=6176) to work on /opt/airflow/dags/ingest_local_folder_dag.py
[2026-03-17T19:49:51.122+0000] {processor.py:829} INFO - Processing file /opt/airflow/dags/ingest_local_folder_dag.py for tasks to queue
[2026-03-17T19:49:51.124+0000] {logging_mixin.py:151} INFO - [2026-03-17T19:49:51.123+0000] {dagbag.py:539} INFO - Filling up the DagBag from /opt/airflow/dags/ingest_local_folder_dag.py
[2026-03-17T19:49:51.695+0000] {processor.py:839} INFO - DAG(s) dict_keys(['ingestionDAG']) retrieved from /opt/airflow/dags/ingest_local_folder_dag.py
[2026-03-17T19:49:51.782+0000] {logging_mixin.py:151} INFO - [2026-03-17T19:49:51.781+0000] {dag.py:2915} INFO - Sync 1 DAGs
[2026-03-17T19:49:51.841+0000] {logging_mixin.py:151} INFO - [2026-03-17T19:49:51.841+0000] {dag.py:3696} INFO - Setting next_dagrun for ingestionDAG to 2026-03-17T19:49:21.840672+00:00, run_after=2026-03-17T19:49:51.840672+00:00
[2026-03-17T19:49:51.882+0000] {processor.py:179} INFO - Processing /opt/airflow/dags/ingest_local_folder_dag.py took 0.774 seconds
[2026-03-17T19:50:22.154+0000] {processor.py:157} INFO - Started process (PID=6194) to work on /opt/airflow/dags/ingest_local_folder_dag.py
[2026-03-17T19:50:22.156+0000] {processor.py:829} INFO - Processing file /opt/airflow/dags/ingest_local_folder_dag.py for tasks to queue
[2026-03-17T19:50:22.159+0000] {logging_mixin.py:151} INFO - [2026-03-17T19:50:22.158+0000] {dagbag.py:539} INFO - Filling up the DagBag from /opt/airflow/dags/ingest_local_folder_dag.py
[2026-03-17T19:50:22.724+0000] {processor.py:839} INFO - DAG(s) dict_keys(['ingestionDAG']) retrieved from /opt/airflow/dags/ingest_local_folder_dag.py
[2026-03-17T19:50:22.812+0000] {logging_mixin.py:151} INFO - [2026-03-17T19:50:22.811+0000] {dag.py:2915} INFO - Sync 1 DAGs
[2026-03-17T19:50:22.869+0000] {logging_mixin.py:151} INFO - [2026-03-17T19:50:22.869+0000] {dag.py:3696} INFO - Setting next_dagrun for ingestionDAG to 2026-03-17T19:49:52.868589+00:00, run_after=2026-03-17T19:50:22.868589+00:00
[2026-03-17T19:50:22.910+0000] {processor.py:179} INFO - Processing /opt/airflow/dags/ingest_local_folder_dag.py took 0.767 seconds
[2026-03-17T19:50:53.022+0000] {processor.py:157} INFO - Started process (PID=6212) to work on /opt/airflow/dags/ingest_local_folder_dag.py
[2026-03-17T19:50:53.025+0000] {processor.py:829} INFO - Processing file /opt/airflow/dags/ingest_local_folder_dag.py for tasks to queue
[2026-03-17T19:50:53.027+0000] {logging_mixin.py:151} INFO - [2026-03-17T19:50:53.026+0000] {dagbag.py:539} INFO - Filling up the DagBag from /opt/airflow/dags/ingest_local_folder_dag.py
[2026-03-17T19:50:53.596+0000] {processor.py:839} INFO - DAG(s) dict_keys(['ingestionDAG']) retrieved from /opt/airflow/dags/ingest_local_folder_dag.py
[2026-03-17T19:50:53.692+0000] {logging_mixin.py:151} INFO - [2026-03-17T19:50:53.692+0000] {dag.py:2915} INFO - Sync 1 DAGs
[2026-03-17T19:50:53.756+0000] {logging_mixin.py:151} INFO - [2026-03-17T19:50:53.755+0000] {dag.py:3696} INFO - Setting next_dagrun for ingestionDAG to 2026-03-17T19:50:23.755284+00:00, run_after=2026-03-17T19:50:53.755284+00:00
[2026-03-17T19:50:53.796+0000] {processor.py:179} INFO - Processing /opt/airflow/dags/ingest_local_folder_dag.py took 0.785 seconds
[2026-03-17T19:51:24.067+0000] {processor.py:157} INFO - Started process (PID=6230) to work on /opt/airflow/dags/ingest_local_folder_dag.py
[2026-03-17T19:51:24.070+0000] {processor.py:829} INFO - Processing file /opt/airflow/dags/ingest_local_folder_dag.py for tasks to queue
[2026-03-17T19:51:24.072+0000] {logging_mixin.py:151} INFO - [2026-03-17T19:51:24.071+0000] {dagbag.py:539} INFO - Filling up the DagBag from /opt/airflow/dags/ingest_local_folder_dag.py
[2026-03-17T19:51:24.650+0000] {processor.py:839} INFO - DAG(s) dict_keys(['ingestionDAG']) retrieved from /opt/airflow/dags/ingest_local_folder_dag.py
[2026-03-17T19:51:24.745+0000] {logging_mixin.py:151} INFO - [2026-03-17T19:51:24.745+0000] {dag.py:2915} INFO - Sync 1 DAGs
[2026-03-17T19:51:24.806+0000] {logging_mixin.py:151} INFO - [2026-03-17T19:51:24.806+0000] {dag.py:3696} INFO - Setting next_dagrun for ingestionDAG to 2026-03-17T19:50:54.805786+00:00, run_after=2026-03-17T19:51:24.805786+00:00
[2026-03-17T19:51:24.850+0000] {processor.py:179} INFO - Processing /opt/airflow/dags/ingest_local_folder_dag.py took 0.795 seconds
[2026-03-17T19:51:55.155+0000] {processor.py:157} INFO - Started process (PID=6248) to work on /opt/airflow/dags/ingest_local_folder_dag.py
[2026-03-17T19:51:55.157+0000] {processor.py:829} INFO - Processing file /opt/airflow/dags/ingest_local_folder_dag.py for tasks to queue
[2026-03-17T19:51:55.159+0000] {logging_mixin.py:151} INFO - [2026-03-17T19:51:55.158+0000] {dagbag.py:539} INFO - Filling up the DagBag from /opt/airflow/dags/ingest_local_folder_dag.py
[2026-03-17T19:51:55.735+0000] {processor.py:839} INFO - DAG(s) dict_keys(['ingestionDAG']) retrieved from /opt/airflow/dags/ingest_local_folder_dag.py
[2026-03-17T19:51:55.829+0000] {logging_mixin.py:151} INFO - [2026-03-17T19:51:55.829+0000] {dag.py:2915} INFO - Sync 1 DAGs
[2026-03-17T19:51:55.888+0000] {logging_mixin.py:151} INFO - [2026-03-17T19:51:55.888+0000] {dag.py:3696} INFO - Setting next_dagrun for ingestionDAG to 2026-03-17T19:51:25.887782+00:00, run_after=2026-03-17T19:51:55.887782+00:00
[2026-03-17T19:51:55.929+0000] {processor.py:179} INFO - Processing /opt/airflow/dags/ingest_local_folder_dag.py took 0.786 seconds
[2026-03-17T19:52:26.227+0000] {processor.py:157} INFO - Started process (PID=6266) to work on /opt/airflow/dags/ingest_local_folder_dag.py
[2026-03-17T19:52:26.229+0000] {processor.py:829} INFO - Processing file /opt/airflow/dags/ingest_local_folder_dag.py for tasks to queue
[2026-03-17T19:52:26.232+0000] {logging_mixin.py:151} INFO - [2026-03-17T19:52:26.231+0000] {dagbag.py:539} INFO - Filling up the DagBag from /opt/airflow/dags/ingest_local_folder_dag.py
[2026-03-17T19:52:26.798+0000] {processor.py:839} INFO - DAG(s) dict_keys(['ingestionDAG']) retrieved from /opt/airflow/dags/ingest_local_folder_dag.py
[2026-03-17T19:52:26.891+0000] {logging_mixin.py:151} INFO - [2026-03-17T19:52:26.891+0000] {dag.py:2915} INFO - Sync 1 DAGs
[2026-03-17T19:52:26.949+0000] {logging_mixin.py:151} INFO - [2026-03-17T19:52:26.948+0000] {dag.py:3696} INFO - Setting next_dagrun for ingestionDAG to 2026-03-17T19:51:56.948034+00:00, run_after=2026-03-17T19:52:26.948034+00:00
[2026-03-17T19:52:26.990+0000] {processor.py:179} INFO - Processing /opt/airflow/dags/ingest_local_folder_dag.py took 0.774 seconds
[2026-03-17T19:52:57.059+0000] {processor.py:157} INFO - Started process (PID=6284) to work on /opt/airflow/dags/ingest_local_folder_dag.py
[2026-03-17T19:52:57.062+0000] {processor.py:829} INFO - Processing file /opt/airflow/dags/ingest_local_folder_dag.py for tasks to queue
[2026-03-17T19:52:57.064+0000] {logging_mixin.py:151} INFO - [2026-03-17T19:52:57.063+0000] {dagbag.py:539} INFO - Filling up the DagBag from /opt/airflow/dags/ingest_local_folder_dag.py
[2026-03-17T19:52:57.631+0000] {processor.py:839} INFO - DAG(s) dict_keys(['ingestionDAG']) retrieved from /opt/airflow/dags/ingest_local_folder_dag.py
[2026-03-17T19:52:57.729+0000] {logging_mixin.py:151} INFO - [2026-03-17T19:52:57.729+0000] {dag.py:2915} INFO - Sync 1 DAGs
[2026-03-17T19:52:57.793+0000] {logging_mixin.py:151} INFO - [2026-03-17T19:52:57.793+0000] {dag.py:3696} INFO - Setting next_dagrun for ingestionDAG to 2026-03-17T19:52:27.792821+00:00, run_after=2026-03-17T19:52:57.792821+00:00
[2026-03-17T19:52:57.839+0000] {processor.py:179} INFO - Processing /opt/airflow/dags/ingest_local_folder_dag.py took 0.791 seconds
[2026-03-17T19:53:28.108+0000] {processor.py:157} INFO - Started process (PID=6302) to work on /opt/airflow/dags/ingest_local_folder_dag.py
[2026-03-17T19:53:28.110+0000] {processor.py:829} INFO - Processing file /opt/airflow/dags/ingest_local_folder_dag.py for tasks to queue
[2026-03-17T19:53:28.112+0000] {logging_mixin.py:151} INFO - [2026-03-17T19:53:28.111+0000] {dagbag.py:539} INFO - Filling up the DagBag from /opt/airflow/dags/ingest_local_folder_dag.py
[2026-03-17T19:53:28.652+0000] {processor.py:839} INFO - DAG(s) dict_keys(['ingestionDAG']) retrieved from /opt/airflow/dags/ingest_local_folder_dag.py
[2026-03-17T19:53:28.737+0000] {logging_mixin.py:151} INFO - [2026-03-17T19:53:28.737+0000] {dag.py:2915} INFO - Sync 1 DAGs
[2026-03-17T19:53:28.794+0000] {logging_mixin.py:151} INFO - [2026-03-17T19:53:28.794+0000] {dag.py:3696} INFO - Setting next_dagrun for ingestionDAG to 2026-03-17T19:52:58.793636+00:00, run_after=2026-03-17T19:53:28.793636+00:00
[2026-03-17T19:53:28.838+0000] {processor.py:179} INFO - Processing /opt/airflow/dags/ingest_local_folder_dag.py took 0.740 seconds
[2026-03-17T19:53:58.913+0000] {processor.py:157} INFO - Started process (PID=6320) to work on /opt/airflow/dags/ingest_local_folder_dag.py
[2026-03-17T19:53:58.916+0000] {processor.py:829} INFO - Processing file /opt/airflow/dags/ingest_local_folder_dag.py for tasks to queue
[2026-03-17T19:53:58.918+0000] {logging_mixin.py:151} INFO - [2026-03-17T19:53:58.917+0000] {dagbag.py:539} INFO - Filling up the DagBag from /opt/airflow/dags/ingest_local_folder_dag.py
[2026-03-17T19:53:59.484+0000] {processor.py:839} INFO - DAG(s) dict_keys(['ingestionDAG']) retrieved from /opt/airflow/dags/ingest_local_folder_dag.py
[2026-03-17T19:53:59.570+0000] {logging_mixin.py:151} INFO - [2026-03-17T19:53:59.570+0000] {dag.py:2915} INFO - Sync 1 DAGs
[2026-03-17T19:53:59.630+0000] {logging_mixin.py:151} INFO - [2026-03-17T19:53:59.630+0000] {dag.py:3696} INFO - Setting next_dagrun for ingestionDAG to 2026-03-17T19:53:29.629472+00:00, run_after=2026-03-17T19:53:59.629472+00:00
[2026-03-17T19:53:59.671+0000] {processor.py:179} INFO - Processing /opt/airflow/dags/ingest_local_folder_dag.py took 0.769 seconds
[2026-03-17T19:54:29.860+0000] {processor.py:157} INFO - Started process (PID=6338) to work on /opt/airflow/dags/ingest_local_folder_dag.py
[2026-03-17T19:54:29.863+0000] {processor.py:829} INFO - Processing file /opt/airflow/dags/ingest_local_folder_dag.py for tasks to queue
[2026-03-17T19:54:29.865+0000] {logging_mixin.py:151} INFO - [2026-03-17T19:54:29.864+0000] {dagbag.py:539} INFO - Filling up the DagBag from /opt/airflow/dags/ingest_local_folder_dag.py
[2026-03-17T19:54:30.440+0000] {processor.py:839} INFO - DAG(s) dict_keys(['ingestionDAG']) retrieved from /opt/airflow/dags/ingest_local_folder_dag.py
[2026-03-17T19:54:30.533+0000] {logging_mixin.py:151} INFO - [2026-03-17T19:54:30.532+0000] {dag.py:2915} INFO - Sync 1 DAGs
[2026-03-17T19:54:30.590+0000] {logging_mixin.py:151} INFO - [2026-03-17T19:54:30.590+0000] {dag.py:3696} INFO - Setting next_dagrun for ingestionDAG to 2026-03-17T19:54:00.589530+00:00, run_after=2026-03-17T19:54:30.589530+00:00
[2026-03-17T19:54:30.631+0000] {processor.py:179} INFO - Processing /opt/airflow/dags/ingest_local_folder_dag.py took 0.782 seconds
[2026-03-17T19:55:00.763+0000] {processor.py:157} INFO - Started process (PID=6356) to work on /opt/airflow/dags/ingest_local_folder_dag.py
[2026-03-17T19:55:00.765+0000] {processor.py:829} INFO - Processing file /opt/airflow/dags/ingest_local_folder_dag.py for tasks to queue
[2026-03-17T19:55:00.768+0000] {logging_mixin.py:151} INFO - [2026-03-17T19:55:00.766+0000] {dagbag.py:539} INFO - Filling up the DagBag from /opt/airflow/dags/ingest_local_folder_dag.py
[2026-03-17T19:55:01.339+0000] {processor.py:839} INFO - DAG(s) dict_keys(['ingestionDAG']) retrieved from /opt/airflow/dags/ingest_local_folder_dag.py
[2026-03-17T19:55:01.437+0000] {logging_mixin.py:151} INFO - [2026-03-17T19:55:01.436+0000] {dag.py:2915} INFO - Sync 1 DAGs
[2026-03-17T19:55:01.501+0000] {logging_mixin.py:151} INFO - [2026-03-17T19:55:01.500+0000] {dag.py:3696} INFO - Setting next_dagrun for ingestionDAG to 2026-03-17T19:54:31.500225+00:00, run_after=2026-03-17T19:55:01.500225+00:00
[2026-03-17T19:55:01.544+0000] {processor.py:179} INFO - Processing /opt/airflow/dags/ingest_local_folder_dag.py took 0.793 seconds
[2026-03-17T19:55:31.820+0000] {processor.py:157} INFO - Started process (PID=6374) to work on /opt/airflow/dags/ingest_local_folder_dag.py
[2026-03-17T19:55:31.823+0000] {processor.py:829} INFO - Processing file /opt/airflow/dags/ingest_local_folder_dag.py for tasks to queue
[2026-03-17T19:55:31.825+0000] {logging_mixin.py:151} INFO - [2026-03-17T19:55:31.824+0000] {dagbag.py:539} INFO - Filling up the DagBag from /opt/airflow/dags/ingest_local_folder_dag.py
[2026-03-17T19:55:32.406+0000] {processor.py:839} INFO - DAG(s) dict_keys(['ingestionDAG']) retrieved from /opt/airflow/dags/ingest_local_folder_dag.py
[2026-03-17T19:55:32.501+0000] {logging_mixin.py:151} INFO - [2026-03-17T19:55:32.501+0000] {dag.py:2915} INFO - Sync 1 DAGs
[2026-03-17T19:55:32.566+0000] {logging_mixin.py:151} INFO - [2026-03-17T19:55:32.565+0000] {dag.py:3696} INFO - Setting next_dagrun for ingestionDAG to 2026-03-17T19:55:02.564880+00:00, run_after=2026-03-17T19:55:32.564880+00:00
[2026-03-17T19:55:32.610+0000] {processor.py:179} INFO - Processing /opt/airflow/dags/ingest_local_folder_dag.py took 0.800 seconds
[2026-03-17T19:56:03.046+0000] {processor.py:157} INFO - Started process (PID=6392) to work on /opt/airflow/dags/ingest_local_folder_dag.py
[2026-03-17T19:56:03.048+0000] {processor.py:829} INFO - Processing file /opt/airflow/dags/ingest_local_folder_dag.py for tasks to queue
[2026-03-17T19:56:03.051+0000] {logging_mixin.py:151} INFO - [2026-03-17T19:56:03.050+0000] {dagbag.py:539} INFO - Filling up the DagBag from /opt/airflow/dags/ingest_local_folder_dag.py
[2026-03-17T19:56:03.617+0000] {processor.py:839} INFO - DAG(s) dict_keys(['ingestionDAG']) retrieved from /opt/airflow/dags/ingest_local_folder_dag.py
[2026-03-17T19:56:03.703+0000] {logging_mixin.py:151} INFO - [2026-03-17T19:56:03.702+0000] {dag.py:2915} INFO - Sync 1 DAGs
[2026-03-17T19:56:03.762+0000] {logging_mixin.py:151} INFO - [2026-03-17T19:56:03.761+0000] {dag.py:3696} INFO - Setting next_dagrun for ingestionDAG to 2026-03-17T19:55:33.761300+00:00, run_after=2026-03-17T19:56:03.761300+00:00
[2026-03-17T19:56:03.803+0000] {processor.py:179} INFO - Processing /opt/airflow/dags/ingest_local_folder_dag.py took 0.769 seconds
[2026-03-17T19:56:34.425+0000] {processor.py:157} INFO - Started process (PID=6410) to work on /opt/airflow/dags/ingest_local_folder_dag.py
[2026-03-17T19:56:34.427+0000] {processor.py:829} INFO - Processing file /opt/airflow/dags/ingest_local_folder_dag.py for tasks to queue
[2026-03-17T19:56:34.429+0000] {logging_mixin.py:151} INFO - [2026-03-17T19:56:34.428+0000] {dagbag.py:539} INFO - Filling up the DagBag from /opt/airflow/dags/ingest_local_folder_dag.py
[2026-03-17T19:56:34.986+0000] {processor.py:839} INFO - DAG(s) dict_keys(['ingestionDAG']) retrieved from /opt/airflow/dags/ingest_local_folder_dag.py
[2026-03-17T19:56:35.084+0000] {logging_mixin.py:151} INFO - [2026-03-17T19:56:35.084+0000] {dag.py:2915} INFO - Sync 1 DAGs
[2026-03-17T19:56:35.148+0000] {logging_mixin.py:151} INFO - [2026-03-17T19:56:35.148+0000] {dag.py:3696} INFO - Setting next_dagrun for ingestionDAG to 2026-03-17T19:56:05.147674+00:00, run_after=2026-03-17T19:56:35.147674+00:00
[2026-03-17T19:56:35.189+0000] {processor.py:179} INFO - Processing /opt/airflow/dags/ingest_local_folder_dag.py took 0.774 seconds
[2026-03-17T19:57:05.653+0000] {processor.py:157} INFO - Started process (PID=6428) to work on /opt/airflow/dags/ingest_local_folder_dag.py
[2026-03-17T19:57:05.655+0000] {processor.py:829} INFO - Processing file /opt/airflow/dags/ingest_local_folder_dag.py for tasks to queue
[2026-03-17T19:57:05.658+0000] {logging_mixin.py:151} INFO - [2026-03-17T19:57:05.657+0000] {dagbag.py:539} INFO - Filling up the DagBag from /opt/airflow/dags/ingest_local_folder_dag.py
[2026-03-17T19:57:06.215+0000] {processor.py:839} INFO - DAG(s) dict_keys(['ingestionDAG']) retrieved from /opt/airflow/dags/ingest_local_folder_dag.py
[2026-03-17T19:57:06.300+0000] {logging_mixin.py:151} INFO - [2026-03-17T19:57:06.300+0000] {dag.py:2915} INFO - Sync 1 DAGs
[2026-03-17T19:57:06.357+0000] {logging_mixin.py:151} INFO - [2026-03-17T19:57:06.357+0000] {dag.py:3696} INFO - Setting next_dagrun for ingestionDAG to 2026-03-17T19:56:36.356533+00:00, run_after=2026-03-17T19:57:06.356533+00:00
[2026-03-17T19:57:06.398+0000] {processor.py:179} INFO - Processing /opt/airflow/dags/ingest_local_folder_dag.py took 0.756 seconds
[2026-03-17T19:57:37.004+0000] {processor.py:157} INFO - Started process (PID=6446) to work on /opt/airflow/dags/ingest_local_folder_dag.py
[2026-03-17T19:57:37.006+0000] {processor.py:829} INFO - Processing file /opt/airflow/dags/ingest_local_folder_dag.py for tasks to queue
[2026-03-17T19:57:37.008+0000] {logging_mixin.py:151} INFO - [2026-03-17T19:57:37.007+0000] {dagbag.py:539} INFO - Filling up the DagBag from /opt/airflow/dags/ingest_local_folder_dag.py
[2026-03-17T19:57:37.554+0000] {processor.py:839} INFO - DAG(s) dict_keys(['ingestionDAG']) retrieved from /opt/airflow/dags/ingest_local_folder_dag.py
[2026-03-17T19:57:37.649+0000] {logging_mixin.py:151} INFO - [2026-03-17T19:57:37.649+0000] {dag.py:2915} INFO - Sync 1 DAGs
[2026-03-17T19:57:37.717+0000] {logging_mixin.py:151} INFO - [2026-03-17T19:57:37.716+0000] {dag.py:3696} INFO - Setting next_dagrun for ingestionDAG to 2026-03-17T19:57:07.716017+00:00, run_after=2026-03-17T19:57:37.716017+00:00
[2026-03-17T19:57:37.757+0000] {processor.py:179} INFO - Processing /opt/airflow/dags/ingest_local_folder_dag.py took 0.764 seconds
[2026-03-17T19:58:08.556+0000] {processor.py:157} INFO - Started process (PID=6464) to work on /opt/airflow/dags/ingest_local_folder_dag.py
[2026-03-17T19:58:08.558+0000] {processor.py:829} INFO - Processing file /opt/airflow/dags/ingest_local_folder_dag.py for tasks to queue
[2026-03-17T19:58:08.561+0000] {logging_mixin.py:151} INFO - [2026-03-17T19:58:08.560+0000] {dagbag.py:539} INFO - Filling up the DagBag from /opt/airflow/dags/ingest_local_folder_dag.py
[2026-03-17T19:58:09.101+0000] {processor.py:839} INFO - DAG(s) dict_keys(['ingestionDAG']) retrieved from /opt/airflow/dags/ingest_local_folder_dag.py
[2026-03-17T19:58:09.188+0000] {logging_mixin.py:151} INFO - [2026-03-17T19:58:09.188+0000] {dag.py:2915} INFO - Sync 1 DAGs
[2026-03-17T19:58:09.246+0000] {logging_mixin.py:151} INFO - [2026-03-17T19:58:09.245+0000] {dag.py:3696} INFO - Setting next_dagrun for ingestionDAG to 2026-03-17T19:57:39.245091+00:00, run_after=2026-03-17T19:58:09.245091+00:00
[2026-03-17T19:58:09.286+0000] {processor.py:179} INFO - Processing /opt/airflow/dags/ingest_local_folder_dag.py took 0.740 seconds
[2026-03-17T19:58:39.767+0000] {processor.py:157} INFO - Started process (PID=6482) to work on /opt/airflow/dags/ingest_local_folder_dag.py
[2026-03-17T19:58:39.770+0000] {processor.py:829} INFO - Processing file /opt/airflow/dags/ingest_local_folder_dag.py for tasks to queue
[2026-03-17T19:58:39.772+0000] {logging_mixin.py:151} INFO - [2026-03-17T19:58:39.771+0000] {dagbag.py:539} INFO - Filling up the DagBag from /opt/airflow/dags/ingest_local_folder_dag.py
[2026-03-17T19:58:40.318+0000] {processor.py:839} INFO - DAG(s) dict_keys(['ingestionDAG']) retrieved from /opt/airflow/dags/ingest_local_folder_dag.py
[2026-03-17T19:58:40.403+0000] {logging_mixin.py:151} INFO - [2026-03-17T19:58:40.403+0000] {dag.py:2915} INFO - Sync 1 DAGs
[2026-03-17T19:58:40.460+0000] {logging_mixin.py:151} INFO - [2026-03-17T19:58:40.459+0000] {dag.py:3696} INFO - Setting next_dagrun for ingestionDAG to 2026-03-17T19:58:10.459298+00:00, run_after=2026-03-17T19:58:40.459298+00:00
[2026-03-17T19:58:40.500+0000] {processor.py:179} INFO - Processing /opt/airflow/dags/ingest_local_folder_dag.py took 0.744 seconds
[2026-03-17T19:59:11.127+0000] {processor.py:157} INFO - Started process (PID=6500) to work on /opt/airflow/dags/ingest_local_folder_dag.py
[2026-03-17T19:59:11.129+0000] {processor.py:829} INFO - Processing file /opt/airflow/dags/ingest_local_folder_dag.py for tasks to queue
[2026-03-17T19:59:11.132+0000] {logging_mixin.py:151} INFO - [2026-03-17T19:59:11.131+0000] {dagbag.py:539} INFO - Filling up the DagBag from /opt/airflow/dags/ingest_local_folder_dag.py
[2026-03-17T19:59:11.667+0000] {processor.py:839} INFO - DAG(s) dict_keys(['ingestionDAG']) retrieved from /opt/airflow/dags/ingest_local_folder_dag.py
[2026-03-17T19:59:11.752+0000] {logging_mixin.py:151} INFO - [2026-03-17T19:59:11.752+0000] {dag.py:2915} INFO - Sync 1 DAGs
[2026-03-17T19:59:11.809+0000] {logging_mixin.py:151} INFO - [2026-03-17T19:59:11.808+0000] {dag.py:3696} INFO - Setting next_dagrun for ingestionDAG to 2026-03-17T19:58:41.808246+00:00, run_after=2026-03-17T19:59:11.808246+00:00
[2026-03-17T19:59:11.849+0000] {processor.py:179} INFO - Processing /opt/airflow/dags/ingest_local_folder_dag.py took 0.732 seconds
[2026-03-17T19:59:41.944+0000] {processor.py:157} INFO - Started process (PID=6518) to work on /opt/airflow/dags/ingest_local_folder_dag.py
[2026-03-17T19:59:41.946+0000] {processor.py:829} INFO - Processing file /opt/airflow/dags/ingest_local_folder_dag.py for tasks to queue
[2026-03-17T19:59:41.948+0000] {logging_mixin.py:151} INFO - [2026-03-17T19:59:41.947+0000] {dagbag.py:539} INFO - Filling up the DagBag from /opt/airflow/dags/ingest_local_folder_dag.py
[2026-03-17T19:59:42.477+0000] {processor.py:839} INFO - DAG(s) dict_keys(['ingestionDAG']) retrieved from /opt/airflow/dags/ingest_local_folder_dag.py
[2026-03-17T19:59:42.564+0000] {logging_mixin.py:151} INFO - [2026-03-17T19:59:42.564+0000] {dag.py:2915} INFO - Sync 1 DAGs
[2026-03-17T19:59:42.624+0000] {logging_mixin.py:151} INFO - [2026-03-17T19:59:42.623+0000] {dag.py:3696} INFO - Setting next_dagrun for ingestionDAG to 2026-03-17T19:59:12.623344+00:00, run_after=2026-03-17T19:59:42.623344+00:00
[2026-03-17T19:59:42.665+0000] {processor.py:179} INFO - Processing /opt/airflow/dags/ingest_local_folder_dag.py took 0.731 seconds
[2026-03-17T20:00:12.925+0000] {processor.py:157} INFO - Started process (PID=6534) to work on /opt/airflow/dags/ingest_local_folder_dag.py
[2026-03-17T20:00:12.927+0000] {processor.py:829} INFO - Processing file /opt/airflow/dags/ingest_local_folder_dag.py for tasks to queue
[2026-03-17T20:00:12.929+0000] {logging_mixin.py:151} INFO - [2026-03-17T20:00:12.928+0000] {dagbag.py:539} INFO - Filling up the DagBag from /opt/airflow/dags/ingest_local_folder_dag.py
[2026-03-17T20:00:13.473+0000] {processor.py:839} INFO - DAG(s) dict_keys(['ingestionDAG']) retrieved from /opt/airflow/dags/ingest_local_folder_dag.py
[2026-03-17T20:00:13.567+0000] {logging_mixin.py:151} INFO - [2026-03-17T20:00:13.567+0000] {dag.py:2915} INFO - Sync 1 DAGs
[2026-03-17T20:00:13.628+0000] {logging_mixin.py:151} INFO - [2026-03-17T20:00:13.628+0000] {dag.py:3696} INFO - Setting next_dagrun for ingestionDAG to 2026-03-17T19:59:43.627554+00:00, run_after=2026-03-17T20:00:13.627554+00:00
[2026-03-17T20:00:13.669+0000] {processor.py:179} INFO - Processing /opt/airflow/dags/ingest_local_folder_dag.py took 0.755 seconds
[2026-03-17T20:00:44.121+0000] {processor.py:157} INFO - Started process (PID=6551) to work on /opt/airflow/dags/ingest_local_folder_dag.py
[2026-03-17T20:00:44.124+0000] {processor.py:829} INFO - Processing file /opt/airflow/dags/ingest_local_folder_dag.py for tasks to queue
[2026-03-17T20:00:44.126+0000] {logging_mixin.py:151} INFO - [2026-03-17T20:00:44.125+0000] {dagbag.py:539} INFO - Filling up the DagBag from /opt/airflow/dags/ingest_local_folder_dag.py
[2026-03-17T20:00:44.713+0000] {processor.py:839} INFO - DAG(s) dict_keys(['ingestionDAG']) retrieved from /opt/airflow/dags/ingest_local_folder_dag.py
[2026-03-17T20:00:44.811+0000] {logging_mixin.py:151} INFO - [2026-03-17T20:00:44.811+0000] {dag.py:2915} INFO - Sync 1 DAGs
[2026-03-17T20:00:44.876+0000] {logging_mixin.py:151} INFO - [2026-03-17T20:00:44.876+0000] {dag.py:3696} INFO - Setting next_dagrun for ingestionDAG to 2026-03-17T20:00:14.875729+00:00, run_after=2026-03-17T20:00:44.875729+00:00
[2026-03-17T20:00:44.923+0000] {processor.py:179} INFO - Processing /opt/airflow/dags/ingest_local_folder_dag.py took 0.813 seconds
[2026-03-17T20:01:15.334+0000] {processor.py:157} INFO - Started process (PID=6566) to work on /opt/airflow/dags/ingest_local_folder_dag.py
[2026-03-17T20:01:15.337+0000] {processor.py:829} INFO - Processing file /opt/airflow/dags/ingest_local_folder_dag.py for tasks to queue
[2026-03-17T20:01:15.339+0000] {logging_mixin.py:151} INFO - [2026-03-17T20:01:15.338+0000] {dagbag.py:539} INFO - Filling up the DagBag from /opt/airflow/dags/ingest_local_folder_dag.py
[2026-03-17T20:01:15.904+0000] {processor.py:839} INFO - DAG(s) dict_keys(['ingestionDAG']) retrieved from /opt/airflow/dags/ingest_local_folder_dag.py
[2026-03-17T20:01:15.997+0000] {logging_mixin.py:151} INFO - [2026-03-17T20:01:15.997+0000] {dag.py:2915} INFO - Sync 1 DAGs
[2026-03-17T20:01:16.055+0000] {logging_mixin.py:151} INFO - [2026-03-17T20:01:16.054+0000] {dag.py:3696} INFO - Setting next_dagrun for ingestionDAG to 2026-03-17T20:00:46.054355+00:00, run_after=2026-03-17T20:01:16.054355+00:00
[2026-03-17T20:01:16.100+0000] {processor.py:179} INFO - Processing /opt/airflow/dags/ingest_local_folder_dag.py took 0.777 seconds
[2026-03-17T20:01:46.197+0000] {processor.py:157} INFO - Started process (PID=6584) to work on /opt/airflow/dags/ingest_local_folder_dag.py
[2026-03-17T20:01:46.200+0000] {processor.py:829} INFO - Processing file /opt/airflow/dags/ingest_local_folder_dag.py for tasks to queue
[2026-03-17T20:01:46.202+0000] {logging_mixin.py:151} INFO - [2026-03-17T20:01:46.201+0000] {dagbag.py:539} INFO - Filling up the DagBag from /opt/airflow/dags/ingest_local_folder_dag.py
[2026-03-17T20:01:46.752+0000] {processor.py:839} INFO - DAG(s) dict_keys(['ingestionDAG']) retrieved from /opt/airflow/dags/ingest_local_folder_dag.py
[2026-03-17T20:01:46.847+0000] {logging_mixin.py:151} INFO - [2026-03-17T20:01:46.847+0000] {dag.py:2915} INFO - Sync 1 DAGs
[2026-03-17T20:01:46.914+0000] {logging_mixin.py:151} INFO - [2026-03-17T20:01:46.913+0000] {dag.py:3696} INFO - Setting next_dagrun for ingestionDAG to 2026-03-17T20:01:16.912922+00:00, run_after=2026-03-17T20:01:46.912922+00:00
[2026-03-17T20:01:46.958+0000] {processor.py:179} INFO - Processing /opt/airflow/dags/ingest_local_folder_dag.py took 0.773 seconds
[2026-03-17T20:02:17.228+0000] {processor.py:157} INFO - Started process (PID=6602) to work on /opt/airflow/dags/ingest_local_folder_dag.py
[2026-03-17T20:02:17.230+0000] {processor.py:829} INFO - Processing file /opt/airflow/dags/ingest_local_folder_dag.py for tasks to queue
[2026-03-17T20:02:17.233+0000] {logging_mixin.py:151} INFO - [2026-03-17T20:02:17.232+0000] {dagbag.py:539} INFO - Filling up the DagBag from /opt/airflow/dags/ingest_local_folder_dag.py
[2026-03-17T20:02:17.803+0000] {processor.py:839} INFO - DAG(s) dict_keys(['ingestionDAG']) retrieved from /opt/airflow/dags/ingest_local_folder_dag.py
[2026-03-17T20:02:17.901+0000] {logging_mixin.py:151} INFO - [2026-03-17T20:02:17.901+0000] {dag.py:2915} INFO - Sync 1 DAGs
[2026-03-17T20:02:17.965+0000] {logging_mixin.py:151} INFO - [2026-03-17T20:02:17.964+0000] {dag.py:3696} INFO - Setting next_dagrun for ingestionDAG to 2026-03-17T20:01:47.964011+00:00, run_after=2026-03-17T20:02:17.964011+00:00
[2026-03-17T20:02:18.010+0000] {processor.py:179} INFO - Processing /opt/airflow/dags/ingest_local_folder_dag.py took 0.793 seconds
[2026-03-17T20:02:48.103+0000] {processor.py:157} INFO - Started process (PID=6620) to work on /opt/airflow/dags/ingest_local_folder_dag.py
[2026-03-17T20:02:48.106+0000] {processor.py:829} INFO - Processing file /opt/airflow/dags/ingest_local_folder_dag.py for tasks to queue
[2026-03-17T20:02:48.108+0000] {logging_mixin.py:151} INFO - [2026-03-17T20:02:48.107+0000] {dagbag.py:539} INFO - Filling up the DagBag from /opt/airflow/dags/ingest_local_folder_dag.py
[2026-03-17T20:02:48.667+0000] {processor.py:839} INFO - DAG(s) dict_keys(['ingestionDAG']) retrieved from /opt/airflow/dags/ingest_local_folder_dag.py
[2026-03-17T20:02:48.753+0000] {logging_mixin.py:151} INFO - [2026-03-17T20:02:48.753+0000] {dag.py:2915} INFO - Sync 1 DAGs
[2026-03-17T20:02:48.810+0000] {logging_mixin.py:151} INFO - [2026-03-17T20:02:48.809+0000] {dag.py:3696} INFO - Setting next_dagrun for ingestionDAG to 2026-03-17T20:02:18.809123+00:00, run_after=2026-03-17T20:02:48.809123+00:00
[2026-03-17T20:02:48.850+0000] {processor.py:179} INFO - Processing /opt/airflow/dags/ingest_local_folder_dag.py took 0.758 seconds
[2026-03-17T20:03:19.104+0000] {processor.py:157} INFO - Started process (PID=6638) to work on /opt/airflow/dags/ingest_local_folder_dag.py
[2026-03-17T20:03:19.107+0000] {processor.py:829} INFO - Processing file /opt/airflow/dags/ingest_local_folder_dag.py for tasks to queue
[2026-03-17T20:03:19.109+0000] {logging_mixin.py:151} INFO - [2026-03-17T20:03:19.108+0000] {dagbag.py:539} INFO - Filling up the DagBag from /opt/airflow/dags/ingest_local_folder_dag.py
[2026-03-17T20:03:19.674+0000] {processor.py:839} INFO - DAG(s) dict_keys(['ingestionDAG']) retrieved from /opt/airflow/dags/ingest_local_folder_dag.py
[2026-03-17T20:03:19.759+0000] {logging_mixin.py:151} INFO - [2026-03-17T20:03:19.759+0000] {dag.py:2915} INFO - Sync 1 DAGs
[2026-03-17T20:03:19.816+0000] {logging_mixin.py:151} INFO - [2026-03-17T20:03:19.816+0000] {dag.py:3696} INFO - Setting next_dagrun for ingestionDAG to 2026-03-17T20:02:49.815644+00:00, run_after=2026-03-17T20:03:19.815644+00:00
[2026-03-17T20:03:19.861+0000] {processor.py:179} INFO - Processing /opt/airflow/dags/ingest_local_folder_dag.py took 0.768 seconds
[2026-03-17T20:03:50.495+0000] {processor.py:157} INFO - Started process (PID=6656) to work on /opt/airflow/dags/ingest_local_folder_dag.py
[2026-03-17T20:03:50.497+0000] {processor.py:829} INFO - Processing file /opt/airflow/dags/ingest_local_folder_dag.py for tasks to queue
[2026-03-17T20:03:50.500+0000] {logging_mixin.py:151} INFO - [2026-03-17T20:03:50.499+0000] {dagbag.py:539} INFO - Filling up the DagBag from /opt/airflow/dags/ingest_local_folder_dag.py
[2026-03-17T20:03:51.078+0000] {processor.py:839} INFO - DAG(s) dict_keys(['ingestionDAG']) retrieved from /opt/airflow/dags/ingest_local_folder_dag.py
[2026-03-17T20:03:51.172+0000] {logging_mixin.py:151} INFO - [2026-03-17T20:03:51.172+0000] {dag.py:2915} INFO - Sync 1 DAGs
[2026-03-17T20:03:51.231+0000] {logging_mixin.py:151} INFO - [2026-03-17T20:03:51.231+0000] {dag.py:3696} INFO - Setting next_dagrun for ingestionDAG to 2026-03-17T20:03:21.230956+00:00, run_after=2026-03-17T20:03:51.230956+00:00
[2026-03-17T20:03:51.272+0000] {processor.py:179} INFO - Processing /opt/airflow/dags/ingest_local_folder_dag.py took 0.789 seconds
[2026-03-17T20:04:21.340+0000] {processor.py:157} INFO - Started process (PID=6674) to work on /opt/airflow/dags/ingest_local_folder_dag.py
[2026-03-17T20:04:21.342+0000] {processor.py:829} INFO - Processing file /opt/airflow/dags/ingest_local_folder_dag.py for tasks to queue
[2026-03-17T20:04:21.345+0000] {logging_mixin.py:151} INFO - [2026-03-17T20:04:21.344+0000] {dagbag.py:539} INFO - Filling up the DagBag from /opt/airflow/dags/ingest_local_folder_dag.py
[2026-03-17T20:04:21.915+0000] {processor.py:839} INFO - DAG(s) dict_keys(['ingestionDAG']) retrieved from /opt/airflow/dags/ingest_local_folder_dag.py
[2026-03-17T20:04:22.011+0000] {logging_mixin.py:151} INFO - [2026-03-17T20:04:22.010+0000] {dag.py:2915} INFO - Sync 1 DAGs
[2026-03-17T20:04:22.075+0000] {logging_mixin.py:151} INFO - [2026-03-17T20:04:22.075+0000] {dag.py:3696} INFO - Setting next_dagrun for ingestionDAG to 2026-03-17T20:03:52.074378+00:00, run_after=2026-03-17T20:04:22.074378+00:00
[2026-03-17T20:04:22.120+0000] {processor.py:179} INFO - Processing /opt/airflow/dags/ingest_local_folder_dag.py took 0.792 seconds
[2026-03-17T20:04:52.397+0000] {processor.py:157} INFO - Started process (PID=6692) to work on /opt/airflow/dags/ingest_local_folder_dag.py
[2026-03-17T20:04:52.399+0000] {processor.py:829} INFO - Processing file /opt/airflow/dags/ingest_local_folder_dag.py for tasks to queue
[2026-03-17T20:04:52.401+0000] {logging_mixin.py:151} INFO - [2026-03-17T20:04:52.400+0000] {dagbag.py:539} INFO - Filling up the DagBag from /opt/airflow/dags/ingest_local_folder_dag.py
[2026-03-17T20:04:52.963+0000] {processor.py:839} INFO - DAG(s) dict_keys(['ingestionDAG']) retrieved from /opt/airflow/dags/ingest_local_folder_dag.py
[2026-03-17T20:04:53.059+0000] {logging_mixin.py:151} INFO - [2026-03-17T20:04:53.059+0000] {dag.py:2915} INFO - Sync 1 DAGs
[2026-03-17T20:04:53.124+0000] {logging_mixin.py:151} INFO - [2026-03-17T20:04:53.123+0000] {dag.py:3696} INFO - Setting next_dagrun for ingestionDAG to 2026-03-17T20:04:23.123060+00:00, run_after=2026-03-17T20:04:53.123060+00:00
[2026-03-17T20:04:53.169+0000] {processor.py:179} INFO - Processing /opt/airflow/dags/ingest_local_folder_dag.py took 0.784 seconds
[2026-03-17T20:05:23.845+0000] {processor.py:157} INFO - Started process (PID=6710) to work on /opt/airflow/dags/ingest_local_folder_dag.py
[2026-03-17T20:05:23.848+0000] {processor.py:829} INFO - Processing file /opt/airflow/dags/ingest_local_folder_dag.py for tasks to queue
[2026-03-17T20:05:23.850+0000] {logging_mixin.py:151} INFO - [2026-03-17T20:05:23.849+0000] {dagbag.py:539} INFO - Filling up the DagBag from /opt/airflow/dags/ingest_local_folder_dag.py
[2026-03-17T20:05:24.414+0000] {processor.py:839} INFO - DAG(s) dict_keys(['ingestionDAG']) retrieved from /opt/airflow/dags/ingest_local_folder_dag.py
[2026-03-17T20:05:24.509+0000] {logging_mixin.py:151} INFO - [2026-03-17T20:05:24.509+0000] {dag.py:2915} INFO - Sync 1 DAGs
[2026-03-17T20:05:24.577+0000] {logging_mixin.py:151} INFO - [2026-03-17T20:05:24.576+0000] {dag.py:3696} INFO - Setting next_dagrun for ingestionDAG to 2026-03-17T20:04:54.576258+00:00, run_after=2026-03-17T20:05:24.576258+00:00
[2026-03-17T20:05:24.623+0000] {processor.py:179} INFO - Processing /opt/airflow/dags/ingest_local_folder_dag.py took 0.789 seconds
[2026-03-17T20:05:54.762+0000] {processor.py:157} INFO - Started process (PID=6728) to work on /opt/airflow/dags/ingest_local_folder_dag.py
[2026-03-17T20:05:54.764+0000] {processor.py:829} INFO - Processing file /opt/airflow/dags/ingest_local_folder_dag.py for tasks to queue
[2026-03-17T20:05:54.766+0000] {logging_mixin.py:151} INFO - [2026-03-17T20:05:54.765+0000] {dagbag.py:539} INFO - Filling up the DagBag from /opt/airflow/dags/ingest_local_folder_dag.py
[2026-03-17T20:05:55.339+0000] {processor.py:839} INFO - DAG(s) dict_keys(['ingestionDAG']) retrieved from /opt/airflow/dags/ingest_local_folder_dag.py
[2026-03-17T20:05:55.426+0000] {logging_mixin.py:151} INFO - [2026-03-17T20:05:55.426+0000] {dag.py:2915} INFO - Sync 1 DAGs
[2026-03-17T20:05:55.483+0000] {logging_mixin.py:151} INFO - [2026-03-17T20:05:55.483+0000] {dag.py:3696} INFO - Setting next_dagrun for ingestionDAG to 2026-03-17T20:05:25.482653+00:00, run_after=2026-03-17T20:05:55.482653+00:00
[2026-03-17T20:05:55.523+0000] {processor.py:179} INFO - Processing /opt/airflow/dags/ingest_local_folder_dag.py took 0.773 seconds
[2026-03-17T20:06:25.789+0000] {processor.py:157} INFO - Started process (PID=6746) to work on /opt/airflow/dags/ingest_local_folder_dag.py
[2026-03-17T20:06:25.791+0000] {processor.py:829} INFO - Processing file /opt/airflow/dags/ingest_local_folder_dag.py for tasks to queue
[2026-03-17T20:06:25.794+0000] {logging_mixin.py:151} INFO - [2026-03-17T20:06:25.793+0000] {dagbag.py:539} INFO - Filling up the DagBag from /opt/airflow/dags/ingest_local_folder_dag.py
[2026-03-17T20:06:26.359+0000] {processor.py:839} INFO - DAG(s) dict_keys(['ingestionDAG']) retrieved from /opt/airflow/dags/ingest_local_folder_dag.py
[2026-03-17T20:06:26.444+0000] {logging_mixin.py:151} INFO - [2026-03-17T20:06:26.444+0000] {dag.py:2915} INFO - Sync 1 DAGs
[2026-03-17T20:06:26.502+0000] {logging_mixin.py:151} INFO - [2026-03-17T20:06:26.501+0000] {dag.py:3696} INFO - Setting next_dagrun for ingestionDAG to 2026-03-17T20:05:56.501255+00:00, run_after=2026-03-17T20:06:26.501255+00:00
[2026-03-17T20:06:26.543+0000] {processor.py:179} INFO - Processing /opt/airflow/dags/ingest_local_folder_dag.py took 0.765 seconds
[2026-03-17T20:06:56.651+0000] {processor.py:157} INFO - Started process (PID=6764) to work on /opt/airflow/dags/ingest_local_folder_dag.py
[2026-03-17T20:06:56.654+0000] {processor.py:829} INFO - Processing file /opt/airflow/dags/ingest_local_folder_dag.py for tasks to queue
[2026-03-17T20:06:56.656+0000] {logging_mixin.py:151} INFO - [2026-03-17T20:06:56.655+0000] {dagbag.py:539} INFO - Filling up the DagBag from /opt/airflow/dags/ingest_local_folder_dag.py
[2026-03-17T20:06:57.231+0000] {processor.py:839} INFO - DAG(s) dict_keys(['ingestionDAG']) retrieved from /opt/airflow/dags/ingest_local_folder_dag.py
[2026-03-17T20:06:57.328+0000] {logging_mixin.py:151} INFO - [2026-03-17T20:06:57.328+0000] {dag.py:2915} INFO - Sync 1 DAGs
[2026-03-17T20:06:57.390+0000] {logging_mixin.py:151} INFO - [2026-03-17T20:06:57.389+0000] {dag.py:3696} INFO - Setting next_dagrun for ingestionDAG to 2026-03-17T20:06:27.389302+00:00, run_after=2026-03-17T20:06:57.389302+00:00
[2026-03-17T20:06:57.431+0000] {processor.py:179} INFO - Processing /opt/airflow/dags/ingest_local_folder_dag.py took 0.791 seconds
[2026-03-17T20:07:27.713+0000] {processor.py:157} INFO - Started process (PID=6782) to work on /opt/airflow/dags/ingest_local_folder_dag.py
[2026-03-17T20:07:27.716+0000] {processor.py:829} INFO - Processing file /opt/airflow/dags/ingest_local_folder_dag.py for tasks to queue
[2026-03-17T20:07:27.718+0000] {logging_mixin.py:151} INFO - [2026-03-17T20:07:27.717+0000] {dagbag.py:539} INFO - Filling up the DagBag from /opt/airflow/dags/ingest_local_folder_dag.py
[2026-03-17T20:07:28.292+0000] {processor.py:839} INFO - DAG(s) dict_keys(['ingestionDAG']) retrieved from /opt/airflow/dags/ingest_local_folder_dag.py
[2026-03-17T20:07:28.388+0000] {logging_mixin.py:151} INFO - [2026-03-17T20:07:28.387+0000] {dag.py:2915} INFO - Sync 1 DAGs
[2026-03-17T20:07:28.449+0000] {logging_mixin.py:151} INFO - [2026-03-17T20:07:28.449+0000] {dag.py:3696} INFO - Setting next_dagrun for ingestionDAG to 2026-03-17T20:06:58.448904+00:00, run_after=2026-03-17T20:07:28.448904+00:00
[2026-03-17T20:07:28.490+0000] {processor.py:179} INFO - Processing /opt/airflow/dags/ingest_local_folder_dag.py took 0.788 seconds
[2026-03-17T20:07:58.946+0000] {processor.py:157} INFO - Started process (PID=6800) to work on /opt/airflow/dags/ingest_local_folder_dag.py
[2026-03-17T20:07:58.949+0000] {processor.py:829} INFO - Processing file /opt/airflow/dags/ingest_local_folder_dag.py for tasks to queue
[2026-03-17T20:07:58.951+0000] {logging_mixin.py:151} INFO - [2026-03-17T20:07:58.950+0000] {dagbag.py:539} INFO - Filling up the DagBag from /opt/airflow/dags/ingest_local_folder_dag.py
[2026-03-17T20:07:59.520+0000] {processor.py:839} INFO - DAG(s) dict_keys(['ingestionDAG']) retrieved from /opt/airflow/dags/ingest_local_folder_dag.py
[2026-03-17T20:07:59.608+0000] {logging_mixin.py:151} INFO - [2026-03-17T20:07:59.607+0000] {dag.py:2915} INFO - Sync 1 DAGs
[2026-03-17T20:07:59.664+0000] {logging_mixin.py:151} INFO - [2026-03-17T20:07:59.664+0000] {dag.py:3696} INFO - Setting next_dagrun for ingestionDAG to 2026-03-17T20:07:29.663917+00:00, run_after=2026-03-17T20:07:59.663917+00:00
[2026-03-17T20:07:59.705+0000] {processor.py:179} INFO - Processing /opt/airflow/dags/ingest_local_folder_dag.py took 0.770 seconds
[2026-03-17T20:08:30.302+0000] {processor.py:157} INFO - Started process (PID=6818) to work on /opt/airflow/dags/ingest_local_folder_dag.py
[2026-03-17T20:08:30.305+0000] {processor.py:829} INFO - Processing file /opt/airflow/dags/ingest_local_folder_dag.py for tasks to queue
[2026-03-17T20:08:30.307+0000] {logging_mixin.py:151} INFO - [2026-03-17T20:08:30.306+0000] {dagbag.py:539} INFO - Filling up the DagBag from /opt/airflow/dags/ingest_local_folder_dag.py
[2026-03-17T20:08:30.883+0000] {processor.py:839} INFO - DAG(s) dict_keys(['ingestionDAG']) retrieved from /opt/airflow/dags/ingest_local_folder_dag.py
[2026-03-17T20:08:30.980+0000] {logging_mixin.py:151} INFO - [2026-03-17T20:08:30.979+0000] {dag.py:2915} INFO - Sync 1 DAGs
[2026-03-17T20:08:31.037+0000] {logging_mixin.py:151} INFO - [2026-03-17T20:08:31.037+0000] {dag.py:3696} INFO - Setting next_dagrun for ingestionDAG to 2026-03-17T20:08:01.036954+00:00, run_after=2026-03-17T20:08:31.036954+00:00
[2026-03-17T20:08:31.078+0000] {processor.py:179} INFO - Processing /opt/airflow/dags/ingest_local_folder_dag.py took 0.788 seconds
[2026-03-17T20:09:01.848+0000] {processor.py:157} INFO - Started process (PID=6836) to work on /opt/airflow/dags/ingest_local_folder_dag.py
[2026-03-17T20:09:01.851+0000] {processor.py:829} INFO - Processing file /opt/airflow/dags/ingest_local_folder_dag.py for tasks to queue
[2026-03-17T20:09:01.853+0000] {logging_mixin.py:151} INFO - [2026-03-17T20:09:01.852+0000] {dagbag.py:539} INFO - Filling up the DagBag from /opt/airflow/dags/ingest_local_folder_dag.py
[2026-03-17T20:09:02.428+0000] {processor.py:839} INFO - DAG(s) dict_keys(['ingestionDAG']) retrieved from /opt/airflow/dags/ingest_local_folder_dag.py
[2026-03-17T20:09:02.524+0000] {logging_mixin.py:151} INFO - [2026-03-17T20:09:02.523+0000] {dag.py:2915} INFO - Sync 1 DAGs
[2026-03-17T20:09:02.581+0000] {logging_mixin.py:151} INFO - [2026-03-17T20:09:02.581+0000] {dag.py:3696} INFO - Setting next_dagrun for ingestionDAG to 2026-03-17T20:08:32.580602+00:00, run_after=2026-03-17T20:09:02.580602+00:00
[2026-03-17T20:09:02.622+0000] {processor.py:179} INFO - Processing /opt/airflow/dags/ingest_local_folder_dag.py took 0.784 seconds
[2026-03-17T20:09:33.112+0000] {processor.py:157} INFO - Started process (PID=6854) to work on /opt/airflow/dags/ingest_local_folder_dag.py
[2026-03-17T20:09:33.114+0000] {processor.py:829} INFO - Processing file /opt/airflow/dags/ingest_local_folder_dag.py for tasks to queue
[2026-03-17T20:09:33.116+0000] {logging_mixin.py:151} INFO - [2026-03-17T20:09:33.115+0000] {dagbag.py:539} INFO - Filling up the DagBag from /opt/airflow/dags/ingest_local_folder_dag.py
[2026-03-17T20:09:33.680+0000] {processor.py:839} INFO - DAG(s) dict_keys(['ingestionDAG']) retrieved from /opt/airflow/dags/ingest_local_folder_dag.py
[2026-03-17T20:09:33.765+0000] {logging_mixin.py:151} INFO - [2026-03-17T20:09:33.765+0000] {dag.py:2915} INFO - Sync 1 DAGs
[2026-03-17T20:09:33.826+0000] {logging_mixin.py:151} INFO - [2026-03-17T20:09:33.825+0000] {dag.py:3696} INFO - Setting next_dagrun for ingestionDAG to 2026-03-17T20:09:03.825367+00:00, run_after=2026-03-17T20:09:33.825367+00:00
[2026-03-17T20:09:33.866+0000] {processor.py:179} INFO - Processing /opt/airflow/dags/ingest_local_folder_dag.py took 0.766 seconds
[2026-03-17T20:10:04.438+0000] {processor.py:157} INFO - Started process (PID=6872) to work on /opt/airflow/dags/ingest_local_folder_dag.py
[2026-03-17T20:10:04.440+0000] {processor.py:829} INFO - Processing file /opt/airflow/dags/ingest_local_folder_dag.py for tasks to queue
[2026-03-17T20:10:04.442+0000] {logging_mixin.py:151} INFO - [2026-03-17T20:10:04.441+0000] {dagbag.py:539} INFO - Filling up the DagBag from /opt/airflow/dags/ingest_local_folder_dag.py
[2026-03-17T20:10:05.011+0000] {processor.py:839} INFO - DAG(s) dict_keys(['ingestionDAG']) retrieved from /opt/airflow/dags/ingest_local_folder_dag.py
[2026-03-17T20:10:05.109+0000] {logging_mixin.py:151} INFO - [2026-03-17T20:10:05.108+0000] {dag.py:2915} INFO - Sync 1 DAGs
[2026-03-17T20:10:05.167+0000] {logging_mixin.py:151} INFO - [2026-03-17T20:10:05.166+0000] {dag.py:3696} INFO - Setting next_dagrun for ingestionDAG to 2026-03-17T20:09:35.166046+00:00, run_after=2026-03-17T20:10:05.166046+00:00
[2026-03-17T20:10:05.208+0000] {processor.py:179} INFO - Processing /opt/airflow/dags/ingest_local_folder_dag.py took 0.781 seconds
[2026-03-17T20:10:35.658+0000] {processor.py:157} INFO - Started process (PID=6890) to work on /opt/airflow/dags/ingest_local_folder_dag.py
[2026-03-17T20:10:35.661+0000] {processor.py:829} INFO - Processing file /opt/airflow/dags/ingest_local_folder_dag.py for tasks to queue
[2026-03-17T20:10:35.663+0000] {logging_mixin.py:151} INFO - [2026-03-17T20:10:35.662+0000] {dagbag.py:539} INFO - Filling up the DagBag from /opt/airflow/dags/ingest_local_folder_dag.py
[2026-03-17T20:10:36.237+0000] {processor.py:839} INFO - DAG(s) dict_keys(['ingestionDAG']) retrieved from /opt/airflow/dags/ingest_local_folder_dag.py
[2026-03-17T20:10:36.323+0000] {logging_mixin.py:151} INFO - [2026-03-17T20:10:36.322+0000] {dag.py:2915} INFO - Sync 1 DAGs
[2026-03-17T20:10:36.380+0000] {logging_mixin.py:151} INFO - [2026-03-17T20:10:36.380+0000] {dag.py:3696} INFO - Setting next_dagrun for ingestionDAG to 2026-03-17T20:10:06.379494+00:00, run_after=2026-03-17T20:10:36.379494+00:00
[2026-03-17T20:10:36.421+0000] {processor.py:179} INFO - Processing /opt/airflow/dags/ingest_local_folder_dag.py took 0.774 seconds
[2026-03-17T20:11:07.007+0000] {processor.py:157} INFO - Started process (PID=6908) to work on /opt/airflow/dags/ingest_local_folder_dag.py
[2026-03-17T20:11:07.010+0000] {processor.py:829} INFO - Processing file /opt/airflow/dags/ingest_local_folder_dag.py for tasks to queue
[2026-03-17T20:11:07.012+0000] {logging_mixin.py:151} INFO - [2026-03-17T20:11:07.011+0000] {dagbag.py:539} INFO - Filling up the DagBag from /opt/airflow/dags/ingest_local_folder_dag.py
[2026-03-17T20:11:07.573+0000] {processor.py:839} INFO - DAG(s) dict_keys(['ingestionDAG']) retrieved from /opt/airflow/dags/ingest_local_folder_dag.py
[2026-03-17T20:11:07.669+0000] {logging_mixin.py:151} INFO - [2026-03-17T20:11:07.668+0000] {dag.py:2915} INFO - Sync 1 DAGs
[2026-03-17T20:11:07.729+0000] {logging_mixin.py:151} INFO - [2026-03-17T20:11:07.728+0000] {dag.py:3696} INFO - Setting next_dagrun for ingestionDAG to 2026-03-17T20:10:37.728015+00:00, run_after=2026-03-17T20:11:07.728015+00:00
[2026-03-17T20:11:07.769+0000] {processor.py:179} INFO - Processing /opt/airflow/dags/ingest_local_folder_dag.py took 0.773 seconds
[2026-03-17T20:11:38.197+0000] {processor.py:157} INFO - Started process (PID=6926) to work on /opt/airflow/dags/ingest_local_folder_dag.py
[2026-03-17T20:11:38.199+0000] {processor.py:829} INFO - Processing file /opt/airflow/dags/ingest_local_folder_dag.py for tasks to queue
[2026-03-17T20:11:38.202+0000] {logging_mixin.py:151} INFO - [2026-03-17T20:11:38.201+0000] {dagbag.py:539} INFO - Filling up the DagBag from /opt/airflow/dags/ingest_local_folder_dag.py
[2026-03-17T20:11:38.747+0000] {processor.py:839} INFO - DAG(s) dict_keys(['ingestionDAG']) retrieved from /opt/airflow/dags/ingest_local_folder_dag.py
[2026-03-17T20:11:38.833+0000] {logging_mixin.py:151} INFO - [2026-03-17T20:11:38.832+0000] {dag.py:2915} INFO - Sync 1 DAGs
[2026-03-17T20:11:38.893+0000] {logging_mixin.py:151} INFO - [2026-03-17T20:11:38.892+0000] {dag.py:3696} INFO - Setting next_dagrun for ingestionDAG to 2026-03-17T20:11:08.892208+00:00, run_after=2026-03-17T20:11:38.892208+00:00
[2026-03-17T20:11:38.934+0000] {processor.py:179} INFO - Processing /opt/airflow/dags/ingest_local_folder_dag.py took 0.748 seconds
[2026-03-17T20:12:09.552+0000] {processor.py:157} INFO - Started process (PID=6944) to work on /opt/airflow/dags/ingest_local_folder_dag.py
[2026-03-17T20:12:09.554+0000] {processor.py:829} INFO - Processing file /opt/airflow/dags/ingest_local_folder_dag.py for tasks to queue
[2026-03-17T20:12:09.557+0000] {logging_mixin.py:151} INFO - [2026-03-17T20:12:09.555+0000] {dagbag.py:539} INFO - Filling up the DagBag from /opt/airflow/dags/ingest_local_folder_dag.py
[2026-03-17T20:12:10.097+0000] {processor.py:839} INFO - DAG(s) dict_keys(['ingestionDAG']) retrieved from /opt/airflow/dags/ingest_local_folder_dag.py
[2026-03-17T20:12:10.186+0000] {logging_mixin.py:151} INFO - [2026-03-17T20:12:10.185+0000] {dag.py:2915} INFO - Sync 1 DAGs
[2026-03-17T20:12:10.244+0000] {logging_mixin.py:151} INFO - [2026-03-17T20:12:10.244+0000] {dag.py:3696} INFO - Setting next_dagrun for ingestionDAG to 2026-03-17T20:11:40.243473+00:00, run_after=2026-03-17T20:12:10.243473+00:00
[2026-03-17T20:12:10.287+0000] {processor.py:179} INFO - Processing /opt/airflow/dags/ingest_local_folder_dag.py took 0.745 seconds
[2026-03-17T20:12:40.799+0000] {processor.py:157} INFO - Started process (PID=6965) to work on /opt/airflow/dags/ingest_local_folder_dag.py
[2026-03-17T20:12:40.802+0000] {processor.py:829} INFO - Processing file /opt/airflow/dags/ingest_local_folder_dag.py for tasks to queue
[2026-03-17T20:12:40.804+0000] {logging_mixin.py:151} INFO - [2026-03-17T20:12:40.803+0000] {dagbag.py:539} INFO - Filling up the DagBag from /opt/airflow/dags/ingest_local_folder_dag.py
[2026-03-17T20:12:41.352+0000] {processor.py:839} INFO - DAG(s) dict_keys(['ingestionDAG']) retrieved from /opt/airflow/dags/ingest_local_folder_dag.py
[2026-03-17T20:12:41.437+0000] {logging_mixin.py:151} INFO - [2026-03-17T20:12:41.437+0000] {dag.py:2915} INFO - Sync 1 DAGs
[2026-03-17T20:12:41.494+0000] {logging_mixin.py:151} INFO - [2026-03-17T20:12:41.494+0000] {dag.py:3696} INFO - Setting next_dagrun for ingestionDAG to 2026-03-17T20:12:11.493926+00:00, run_after=2026-03-17T20:12:41.493926+00:00
[2026-03-17T20:12:41.535+0000] {processor.py:179} INFO - Processing /opt/airflow/dags/ingest_local_folder_dag.py took 0.747 seconds
[2026-03-17T20:13:12.301+0000] {processor.py:157} INFO - Started process (PID=6985) to work on /opt/airflow/dags/ingest_local_folder_dag.py
[2026-03-17T20:13:12.303+0000] {processor.py:829} INFO - Processing file /opt/airflow/dags/ingest_local_folder_dag.py for tasks to queue
[2026-03-17T20:13:12.305+0000] {logging_mixin.py:151} INFO - [2026-03-17T20:13:12.304+0000] {dagbag.py:539} INFO - Filling up the DagBag from /opt/airflow/dags/ingest_local_folder_dag.py
[2026-03-17T20:13:12.842+0000] {processor.py:839} INFO - DAG(s) dict_keys(['ingestionDAG']) retrieved from /opt/airflow/dags/ingest_local_folder_dag.py
[2026-03-17T20:13:12.929+0000] {logging_mixin.py:151} INFO - [2026-03-17T20:13:12.928+0000] {dag.py:2915} INFO - Sync 1 DAGs
[2026-03-17T20:13:12.990+0000] {logging_mixin.py:151} INFO - [2026-03-17T20:13:12.990+0000] {dag.py:3696} INFO - Setting next_dagrun for ingestionDAG to 2026-03-17T20:12:42.989779+00:00, run_after=2026-03-17T20:13:12.989779+00:00
[2026-03-17T20:13:13.032+0000] {processor.py:179} INFO - Processing /opt/airflow/dags/ingest_local_folder_dag.py took 0.741 seconds
[2026-03-17T20:13:43.100+0000] {processor.py:157} INFO - Started process (PID=7003) to work on /opt/airflow/dags/ingest_local_folder_dag.py
[2026-03-17T20:13:43.102+0000] {processor.py:829} INFO - Processing file /opt/airflow/dags/ingest_local_folder_dag.py for tasks to queue
[2026-03-17T20:13:43.104+0000] {logging_mixin.py:151} INFO - [2026-03-17T20:13:43.103+0000] {dagbag.py:539} INFO - Filling up the DagBag from /opt/airflow/dags/ingest_local_folder_dag.py
[2026-03-17T20:13:43.647+0000] {processor.py:839} INFO - DAG(s) dict_keys(['ingestionDAG']) retrieved from /opt/airflow/dags/ingest_local_folder_dag.py
[2026-03-17T20:13:43.735+0000] {logging_mixin.py:151} INFO - [2026-03-17T20:13:43.734+0000] {dag.py:2915} INFO - Sync 1 DAGs
[2026-03-17T20:13:43.792+0000] {logging_mixin.py:151} INFO - [2026-03-17T20:13:43.791+0000] {dag.py:3696} INFO - Setting next_dagrun for ingestionDAG to 2026-03-17T20:13:13.791119+00:00, run_after=2026-03-17T20:13:43.791119+00:00
[2026-03-17T20:13:43.832+0000] {processor.py:179} INFO - Processing /opt/airflow/dags/ingest_local_folder_dag.py took 0.743 seconds
[2026-03-17T20:14:14.075+0000] {processor.py:157} INFO - Started process (PID=7019) to work on /opt/airflow/dags/ingest_local_folder_dag.py
[2026-03-17T20:14:14.077+0000] {processor.py:829} INFO - Processing file /opt/airflow/dags/ingest_local_folder_dag.py for tasks to queue
[2026-03-17T20:14:14.079+0000] {logging_mixin.py:151} INFO - [2026-03-17T20:14:14.078+0000] {dagbag.py:539} INFO - Filling up the DagBag from /opt/airflow/dags/ingest_local_folder_dag.py
[2026-03-17T20:14:14.629+0000] {processor.py:839} INFO - DAG(s) dict_keys(['ingestionDAG']) retrieved from /opt/airflow/dags/ingest_local_folder_dag.py
[2026-03-17T20:14:14.714+0000] {logging_mixin.py:151} INFO - [2026-03-17T20:14:14.714+0000] {dag.py:2915} INFO - Sync 1 DAGs
[2026-03-17T20:14:14.772+0000] {logging_mixin.py:151} INFO - [2026-03-17T20:14:14.771+0000] {dag.py:3696} INFO - Setting next_dagrun for ingestionDAG to 2026-03-17T20:13:44.771306+00:00, run_after=2026-03-17T20:14:14.771306+00:00
[2026-03-17T20:14:14.813+0000] {processor.py:179} INFO - Processing /opt/airflow/dags/ingest_local_folder_dag.py took 0.748 seconds
[2026-03-17T20:14:45.274+0000] {processor.py:157} INFO - Started process (PID=7036) to work on /opt/airflow/dags/ingest_local_folder_dag.py
[2026-03-17T20:14:45.276+0000] {processor.py:829} INFO - Processing file /opt/airflow/dags/ingest_local_folder_dag.py for tasks to queue
[2026-03-17T20:14:45.278+0000] {logging_mixin.py:151} INFO - [2026-03-17T20:14:45.277+0000] {dagbag.py:539} INFO - Filling up the DagBag from /opt/airflow/dags/ingest_local_folder_dag.py
[2026-03-17T20:14:45.858+0000] {processor.py:839} INFO - DAG(s) dict_keys(['ingestionDAG']) retrieved from /opt/airflow/dags/ingest_local_folder_dag.py
[2026-03-17T20:14:45.956+0000] {logging_mixin.py:151} INFO - [2026-03-17T20:14:45.955+0000] {dag.py:2915} INFO - Sync 1 DAGs
[2026-03-17T20:14:46.017+0000] {logging_mixin.py:151} INFO - [2026-03-17T20:14:46.017+0000] {dag.py:3696} INFO - Setting next_dagrun for ingestionDAG to 2026-03-17T20:14:16.016866+00:00, run_after=2026-03-17T20:14:46.016866+00:00
[2026-03-17T20:14:46.062+0000] {processor.py:179} INFO - Processing /opt/airflow/dags/ingest_local_folder_dag.py took 0.800 seconds
[2026-03-17T20:15:16.485+0000] {processor.py:157} INFO - Started process (PID=7051) to work on /opt/airflow/dags/ingest_local_folder_dag.py
[2026-03-17T20:15:16.487+0000] {processor.py:829} INFO - Processing file /opt/airflow/dags/ingest_local_folder_dag.py for tasks to queue
[2026-03-17T20:15:16.490+0000] {logging_mixin.py:151} INFO - [2026-03-17T20:15:16.488+0000] {dagbag.py:539} INFO - Filling up the DagBag from /opt/airflow/dags/ingest_local_folder_dag.py
[2026-03-17T20:15:17.027+0000] {processor.py:839} INFO - DAG(s) dict_keys(['ingestionDAG']) retrieved from /opt/airflow/dags/ingest_local_folder_dag.py
[2026-03-17T20:15:17.112+0000] {logging_mixin.py:151} INFO - [2026-03-17T20:15:17.112+0000] {dag.py:2915} INFO - Sync 1 DAGs
[2026-03-17T20:15:17.173+0000] {logging_mixin.py:151} INFO - [2026-03-17T20:15:17.172+0000] {dag.py:3696} INFO - Setting next_dagrun for ingestionDAG to 2026-03-17T20:14:47.172066+00:00, run_after=2026-03-17T20:15:17.172066+00:00
[2026-03-17T20:15:17.213+0000] {processor.py:179} INFO - Processing /opt/airflow/dags/ingest_local_folder_dag.py took 0.739 seconds
[2026-03-17T20:15:47.293+0000] {processor.py:157} INFO - Started process (PID=7069) to work on /opt/airflow/dags/ingest_local_folder_dag.py
[2026-03-17T20:15:47.296+0000] {processor.py:829} INFO - Processing file /opt/airflow/dags/ingest_local_folder_dag.py for tasks to queue
[2026-03-17T20:15:47.298+0000] {logging_mixin.py:151} INFO - [2026-03-17T20:15:47.297+0000] {dagbag.py:539} INFO - Filling up the DagBag from /opt/airflow/dags/ingest_local_folder_dag.py
[2026-03-17T20:15:47.839+0000] {processor.py:839} INFO - DAG(s) dict_keys(['ingestionDAG']) retrieved from /opt/airflow/dags/ingest_local_folder_dag.py
[2026-03-17T20:15:47.928+0000] {logging_mixin.py:151} INFO - [2026-03-17T20:15:47.928+0000] {dag.py:2915} INFO - Sync 1 DAGs
[2026-03-17T20:15:47.987+0000] {logging_mixin.py:151} INFO - [2026-03-17T20:15:47.987+0000] {dag.py:3696} INFO - Setting next_dagrun for ingestionDAG to 2026-03-17T20:15:17.986859+00:00, run_after=2026-03-17T20:15:47.986859+00:00
[2026-03-17T20:15:48.028+0000] {processor.py:179} INFO - Processing /opt/airflow/dags/ingest_local_folder_dag.py took 0.747 seconds
[2026-03-17T20:16:18.278+0000] {processor.py:157} INFO - Started process (PID=7087) to work on /opt/airflow/dags/ingest_local_folder_dag.py
[2026-03-17T20:16:18.280+0000] {processor.py:829} INFO - Processing file /opt/airflow/dags/ingest_local_folder_dag.py for tasks to queue
[2026-03-17T20:16:18.282+0000] {logging_mixin.py:151} INFO - [2026-03-17T20:16:18.281+0000] {dagbag.py:539} INFO - Filling up the DagBag from /opt/airflow/dags/ingest_local_folder_dag.py
[2026-03-17T20:16:18.822+0000] {processor.py:839} INFO - DAG(s) dict_keys(['ingestionDAG']) retrieved from /opt/airflow/dags/ingest_local_folder_dag.py
[2026-03-17T20:16:18.907+0000] {logging_mixin.py:151} INFO - [2026-03-17T20:16:18.907+0000] {dag.py:2915} INFO - Sync 1 DAGs
[2026-03-17T20:16:18.965+0000] {logging_mixin.py:151} INFO - [2026-03-17T20:16:18.964+0000] {dag.py:3696} INFO - Setting next_dagrun for ingestionDAG to 2026-03-17T20:15:48.964407+00:00, run_after=2026-03-17T20:16:18.964407+00:00
[2026-03-17T20:16:19.005+0000] {processor.py:179} INFO - Processing /opt/airflow/dags/ingest_local_folder_dag.py took 0.739 seconds
[2026-03-17T20:16:49.672+0000] {processor.py:157} INFO - Started process (PID=7105) to work on /opt/airflow/dags/ingest_local_folder_dag.py
[2026-03-17T20:16:49.675+0000] {processor.py:829} INFO - Processing file /opt/airflow/dags/ingest_local_folder_dag.py for tasks to queue
[2026-03-17T20:16:49.677+0000] {logging_mixin.py:151} INFO - [2026-03-17T20:16:49.676+0000] {dagbag.py:539} INFO - Filling up the DagBag from /opt/airflow/dags/ingest_local_folder_dag.py
[2026-03-17T20:16:50.223+0000] {processor.py:839} INFO - DAG(s) dict_keys(['ingestionDAG']) retrieved from /opt/airflow/dags/ingest_local_folder_dag.py
[2026-03-17T20:16:50.308+0000] {logging_mixin.py:151} INFO - [2026-03-17T20:16:50.307+0000] {dag.py:2915} INFO - Sync 1 DAGs
[2026-03-17T20:16:50.365+0000] {logging_mixin.py:151} INFO - [2026-03-17T20:16:50.364+0000] {dag.py:3696} INFO - Setting next_dagrun for ingestionDAG to 2026-03-17T20:16:20.364146+00:00, run_after=2026-03-17T20:16:50.364146+00:00
[2026-03-17T20:16:50.405+0000] {processor.py:179} INFO - Processing /opt/airflow/dags/ingest_local_folder_dag.py took 0.745 seconds
[2026-03-17T20:17:20.536+0000] {processor.py:157} INFO - Started process (PID=7123) to work on /opt/airflow/dags/ingest_local_folder_dag.py
[2026-03-17T20:17:20.539+0000] {processor.py:829} INFO - Processing file /opt/airflow/dags/ingest_local_folder_dag.py for tasks to queue
[2026-03-17T20:17:20.541+0000] {logging_mixin.py:151} INFO - [2026-03-17T20:17:20.540+0000] {dagbag.py:539} INFO - Filling up the DagBag from /opt/airflow/dags/ingest_local_folder_dag.py
[2026-03-17T20:17:21.093+0000] {processor.py:839} INFO - DAG(s) dict_keys(['ingestionDAG']) retrieved from /opt/airflow/dags/ingest_local_folder_dag.py
[2026-03-17T20:17:21.180+0000] {logging_mixin.py:151} INFO - [2026-03-17T20:17:21.180+0000] {dag.py:2915} INFO - Sync 1 DAGs
[2026-03-17T20:17:21.241+0000] {logging_mixin.py:151} INFO - [2026-03-17T20:17:21.240+0000] {dag.py:3696} INFO - Setting next_dagrun for ingestionDAG to 2026-03-17T20:16:51.240289+00:00, run_after=2026-03-17T20:17:21.240289+00:00
[2026-03-17T20:17:21.281+0000] {processor.py:179} INFO - Processing /opt/airflow/dags/ingest_local_folder_dag.py took 0.757 seconds
[2026-03-17T20:17:51.458+0000] {processor.py:157} INFO - Started process (PID=7141) to work on /opt/airflow/dags/ingest_local_folder_dag.py
[2026-03-17T20:17:51.460+0000] {processor.py:829} INFO - Processing file /opt/airflow/dags/ingest_local_folder_dag.py for tasks to queue
[2026-03-17T20:17:51.462+0000] {logging_mixin.py:151} INFO - [2026-03-17T20:17:51.461+0000] {dagbag.py:539} INFO - Filling up the DagBag from /opt/airflow/dags/ingest_local_folder_dag.py
[2026-03-17T20:17:52.027+0000] {processor.py:839} INFO - DAG(s) dict_keys(['ingestionDAG']) retrieved from /opt/airflow/dags/ingest_local_folder_dag.py
[2026-03-17T20:17:52.127+0000] {logging_mixin.py:151} INFO - [2026-03-17T20:17:52.126+0000] {dag.py:2915} INFO - Sync 1 DAGs
[2026-03-17T20:17:52.192+0000] {logging_mixin.py:151} INFO - [2026-03-17T20:17:52.191+0000] {dag.py:3696} INFO - Setting next_dagrun for ingestionDAG to 2026-03-17T20:17:22.191274+00:00, run_after=2026-03-17T20:17:52.191274+00:00
[2026-03-17T20:17:52.233+0000] {processor.py:179} INFO - Processing /opt/airflow/dags/ingest_local_folder_dag.py took 0.787 seconds
[2026-03-17T20:18:22.534+0000] {processor.py:157} INFO - Started process (PID=7159) to work on /opt/airflow/dags/ingest_local_folder_dag.py
[2026-03-17T20:18:22.536+0000] {processor.py:829} INFO - Processing file /opt/airflow/dags/ingest_local_folder_dag.py for tasks to queue
[2026-03-17T20:18:22.538+0000] {logging_mixin.py:151} INFO - [2026-03-17T20:18:22.537+0000] {dagbag.py:539} INFO - Filling up the DagBag from /opt/airflow/dags/ingest_local_folder_dag.py
[2026-03-17T20:18:23.105+0000] {processor.py:839} INFO - DAG(s) dict_keys(['ingestionDAG']) retrieved from /opt/airflow/dags/ingest_local_folder_dag.py
[2026-03-17T20:18:23.201+0000] {logging_mixin.py:151} INFO - [2026-03-17T20:18:23.201+0000] {dag.py:2915} INFO - Sync 1 DAGs
[2026-03-17T20:18:23.261+0000] {logging_mixin.py:151} INFO - [2026-03-17T20:18:23.260+0000] {dag.py:3696} INFO - Setting next_dagrun for ingestionDAG to 2026-03-17T20:17:53.260107+00:00, run_after=2026-03-17T20:18:23.260107+00:00
[2026-03-17T20:18:23.302+0000] {processor.py:179} INFO - Processing /opt/airflow/dags/ingest_local_folder_dag.py took 0.780 seconds
[2026-03-17T20:18:53.368+0000] {processor.py:157} INFO - Started process (PID=7177) to work on /opt/airflow/dags/ingest_local_folder_dag.py
[2026-03-17T20:18:53.371+0000] {processor.py:829} INFO - Processing file /opt/airflow/dags/ingest_local_folder_dag.py for tasks to queue
[2026-03-17T20:18:53.373+0000] {logging_mixin.py:151} INFO - [2026-03-17T20:18:53.372+0000] {dagbag.py:539} INFO - Filling up the DagBag from /opt/airflow/dags/ingest_local_folder_dag.py
[2026-03-17T20:18:53.941+0000] {processor.py:839} INFO - DAG(s) dict_keys(['ingestionDAG']) retrieved from /opt/airflow/dags/ingest_local_folder_dag.py
[2026-03-17T20:18:54.039+0000] {logging_mixin.py:151} INFO - [2026-03-17T20:18:54.038+0000] {dag.py:2915} INFO - Sync 1 DAGs
[2026-03-17T20:18:54.103+0000] {logging_mixin.py:151} INFO - [2026-03-17T20:18:54.103+0000] {dag.py:3696} INFO - Setting next_dagrun for ingestionDAG to 2026-03-17T20:18:24.102730+00:00, run_after=2026-03-17T20:18:54.102730+00:00
[2026-03-17T20:18:54.153+0000] {processor.py:179} INFO - Processing /opt/airflow/dags/ingest_local_folder_dag.py took 0.796 seconds
[2026-03-17T20:19:24.419+0000] {processor.py:157} INFO - Started process (PID=7195) to work on /opt/airflow/dags/ingest_local_folder_dag.py
[2026-03-17T20:19:24.421+0000] {processor.py:829} INFO - Processing file /opt/airflow/dags/ingest_local_folder_dag.py for tasks to queue
[2026-03-17T20:19:24.424+0000] {logging_mixin.py:151} INFO - [2026-03-17T20:19:24.422+0000] {dagbag.py:539} INFO - Filling up the DagBag from /opt/airflow/dags/ingest_local_folder_dag.py
[2026-03-17T20:19:24.994+0000] {processor.py:839} INFO - DAG(s) dict_keys(['ingestionDAG']) retrieved from /opt/airflow/dags/ingest_local_folder_dag.py
[2026-03-17T20:19:25.092+0000] {logging_mixin.py:151} INFO - [2026-03-17T20:19:25.092+0000] {dag.py:2915} INFO - Sync 1 DAGs
[2026-03-17T20:19:25.156+0000] {logging_mixin.py:151} INFO - [2026-03-17T20:19:25.156+0000] {dag.py:3696} INFO - Setting next_dagrun for ingestionDAG to 2026-03-17T20:18:55.155692+00:00, run_after=2026-03-17T20:19:25.155692+00:00
[2026-03-17T20:19:25.201+0000] {processor.py:179} INFO - Processing /opt/airflow/dags/ingest_local_folder_dag.py took 0.794 seconds
[2026-03-17T20:19:55.286+0000] {processor.py:157} INFO - Started process (PID=7213) to work on /opt/airflow/dags/ingest_local_folder_dag.py
[2026-03-17T20:19:55.289+0000] {processor.py:829} INFO - Processing file /opt/airflow/dags/ingest_local_folder_dag.py for tasks to queue
[2026-03-17T20:19:55.291+0000] {logging_mixin.py:151} INFO - [2026-03-17T20:19:55.290+0000] {dagbag.py:539} INFO - Filling up the DagBag from /opt/airflow/dags/ingest_local_folder_dag.py
[2026-03-17T20:19:55.867+0000] {processor.py:839} INFO - DAG(s) dict_keys(['ingestionDAG']) retrieved from /opt/airflow/dags/ingest_local_folder_dag.py
[2026-03-17T20:19:55.954+0000] {logging_mixin.py:151} INFO - [2026-03-17T20:19:55.953+0000] {dag.py:2915} INFO - Sync 1 DAGs
[2026-03-17T20:19:56.011+0000] {logging_mixin.py:151} INFO - [2026-03-17T20:19:56.011+0000] {dag.py:3696} INFO - Setting next_dagrun for ingestionDAG to 2026-03-17T20:19:26.010622+00:00, run_after=2026-03-17T20:19:56.010622+00:00
[2026-03-17T20:19:56.052+0000] {processor.py:179} INFO - Processing /opt/airflow/dags/ingest_local_folder_dag.py took 0.778 seconds
[2026-03-17T20:20:26.317+0000] {processor.py:157} INFO - Started process (PID=7231) to work on /opt/airflow/dags/ingest_local_folder_dag.py
[2026-03-17T20:20:26.319+0000] {processor.py:829} INFO - Processing file /opt/airflow/dags/ingest_local_folder_dag.py for tasks to queue
[2026-03-17T20:20:26.321+0000] {logging_mixin.py:151} INFO - [2026-03-17T20:20:26.320+0000] {dagbag.py:539} INFO - Filling up the DagBag from /opt/airflow/dags/ingest_local_folder_dag.py
[2026-03-17T20:20:26.885+0000] {processor.py:839} INFO - DAG(s) dict_keys(['ingestionDAG']) retrieved from /opt/airflow/dags/ingest_local_folder_dag.py
[2026-03-17T20:20:26.971+0000] {logging_mixin.py:151} INFO - [2026-03-17T20:20:26.970+0000] {dag.py:2915} INFO - Sync 1 DAGs
[2026-03-17T20:20:27.028+0000] {logging_mixin.py:151} INFO - [2026-03-17T20:20:27.028+0000] {dag.py:3696} INFO - Setting next_dagrun for ingestionDAG to 2026-03-17T20:19:57.027605+00:00, run_after=2026-03-17T20:20:27.027605+00:00
[2026-03-17T20:20:27.091+0000] {processor.py:179} INFO - Processing /opt/airflow/dags/ingest_local_folder_dag.py took 0.786 seconds
[2026-03-17T20:20:57.180+0000] {processor.py:157} INFO - Started process (PID=7249) to work on /opt/airflow/dags/ingest_local_folder_dag.py
[2026-03-17T20:20:57.183+0000] {processor.py:829} INFO - Processing file /opt/airflow/dags/ingest_local_folder_dag.py for tasks to queue
[2026-03-17T20:20:57.185+0000] {logging_mixin.py:151} INFO - [2026-03-17T20:20:57.184+0000] {dagbag.py:539} INFO - Filling up the DagBag from /opt/airflow/dags/ingest_local_folder_dag.py
[2026-03-17T20:20:57.763+0000] {processor.py:839} INFO - DAG(s) dict_keys(['ingestionDAG']) retrieved from /opt/airflow/dags/ingest_local_folder_dag.py
[2026-03-17T20:20:57.860+0000] {logging_mixin.py:151} INFO - [2026-03-17T20:20:57.860+0000] {dag.py:2915} INFO - Sync 1 DAGs
[2026-03-17T20:20:57.926+0000] {logging_mixin.py:151} INFO - [2026-03-17T20:20:57.926+0000] {dag.py:3696} INFO - Setting next_dagrun for ingestionDAG to 2026-03-17T20:20:27.925446+00:00, run_after=2026-03-17T20:20:57.925446+00:00
[2026-03-17T20:20:57.966+0000] {processor.py:179} INFO - Processing /opt/airflow/dags/ingest_local_folder_dag.py took 0.798 seconds
[2026-03-17T20:21:28.235+0000] {processor.py:157} INFO - Started process (PID=7267) to work on /opt/airflow/dags/ingest_local_folder_dag.py
[2026-03-17T20:21:28.238+0000] {processor.py:829} INFO - Processing file /opt/airflow/dags/ingest_local_folder_dag.py for tasks to queue
[2026-03-17T20:21:28.240+0000] {logging_mixin.py:151} INFO - [2026-03-17T20:21:28.239+0000] {dagbag.py:539} INFO - Filling up the DagBag from /opt/airflow/dags/ingest_local_folder_dag.py
[2026-03-17T20:21:28.809+0000] {processor.py:839} INFO - DAG(s) dict_keys(['ingestionDAG']) retrieved from /opt/airflow/dags/ingest_local_folder_dag.py
[2026-03-17T20:21:28.907+0000] {logging_mixin.py:151} INFO - [2026-03-17T20:21:28.907+0000] {dag.py:2915} INFO - Sync 1 DAGs
[2026-03-17T20:21:28.969+0000] {logging_mixin.py:151} INFO - [2026-03-17T20:21:28.969+0000] {dag.py:3696} INFO - Setting next_dagrun for ingestionDAG to 2026-03-17T20:20:58.968502+00:00, run_after=2026-03-17T20:21:28.968502+00:00
[2026-03-17T20:21:29.009+0000] {processor.py:179} INFO - Processing /opt/airflow/dags/ingest_local_folder_dag.py took 0.786 seconds
[2026-03-17T20:21:59.773+0000] {processor.py:157} INFO - Started process (PID=7285) to work on /opt/airflow/dags/ingest_local_folder_dag.py
[2026-03-17T20:21:59.776+0000] {processor.py:829} INFO - Processing file /opt/airflow/dags/ingest_local_folder_dag.py for tasks to queue
[2026-03-17T20:21:59.778+0000] {logging_mixin.py:151} INFO - [2026-03-17T20:21:59.777+0000] {dagbag.py:539} INFO - Filling up the DagBag from /opt/airflow/dags/ingest_local_folder_dag.py
[2026-03-17T20:22:00.351+0000] {processor.py:839} INFO - DAG(s) dict_keys(['ingestionDAG']) retrieved from /opt/airflow/dags/ingest_local_folder_dag.py
[2026-03-17T20:22:00.447+0000] {logging_mixin.py:151} INFO - [2026-03-17T20:22:00.446+0000] {dag.py:2915} INFO - Sync 1 DAGs
[2026-03-17T20:22:00.509+0000] {logging_mixin.py:151} INFO - [2026-03-17T20:22:00.508+0000] {dag.py:3696} INFO - Setting next_dagrun for ingestionDAG to 2026-03-17T20:21:30.508144+00:00, run_after=2026-03-17T20:22:00.508144+00:00
[2026-03-17T20:22:00.549+0000] {processor.py:179} INFO - Processing /opt/airflow/dags/ingest_local_folder_dag.py took 0.788 seconds
[2026-03-17T20:22:31.300+0000] {processor.py:157} INFO - Started process (PID=7303) to work on /opt/airflow/dags/ingest_local_folder_dag.py
[2026-03-17T20:22:31.303+0000] {processor.py:829} INFO - Processing file /opt/airflow/dags/ingest_local_folder_dag.py for tasks to queue
[2026-03-17T20:22:31.305+0000] {logging_mixin.py:151} INFO - [2026-03-17T20:22:31.304+0000] {dagbag.py:539} INFO - Filling up the DagBag from /opt/airflow/dags/ingest_local_folder_dag.py
[2026-03-17T20:22:31.862+0000] {processor.py:839} INFO - DAG(s) dict_keys(['ingestionDAG']) retrieved from /opt/airflow/dags/ingest_local_folder_dag.py
[2026-03-17T20:22:31.958+0000] {logging_mixin.py:151} INFO - [2026-03-17T20:22:31.958+0000] {dag.py:2915} INFO - Sync 1 DAGs
[2026-03-17T20:22:32.023+0000] {logging_mixin.py:151} INFO - [2026-03-17T20:22:32.023+0000] {dag.py:3696} INFO - Setting next_dagrun for ingestionDAG to 2026-03-17T20:22:02.022764+00:00, run_after=2026-03-17T20:22:32.022764+00:00
[2026-03-17T20:22:32.064+0000] {processor.py:179} INFO - Processing /opt/airflow/dags/ingest_local_folder_dag.py took 0.776 seconds
[2026-03-17T20:23:02.803+0000] {processor.py:157} INFO - Started process (PID=7321) to work on /opt/airflow/dags/ingest_local_folder_dag.py
[2026-03-17T20:23:02.805+0000] {processor.py:829} INFO - Processing file /opt/airflow/dags/ingest_local_folder_dag.py for tasks to queue
[2026-03-17T20:23:02.808+0000] {logging_mixin.py:151} INFO - [2026-03-17T20:23:02.807+0000] {dagbag.py:539} INFO - Filling up the DagBag from /opt/airflow/dags/ingest_local_folder_dag.py
[2026-03-17T20:23:03.385+0000] {processor.py:839} INFO - DAG(s) dict_keys(['ingestionDAG']) retrieved from /opt/airflow/dags/ingest_local_folder_dag.py
[2026-03-17T20:23:03.480+0000] {logging_mixin.py:151} INFO - [2026-03-17T20:23:03.480+0000] {dag.py:2915} INFO - Sync 1 DAGs
[2026-03-17T20:23:03.548+0000] {logging_mixin.py:151} INFO - [2026-03-17T20:23:03.547+0000] {dag.py:3696} INFO - Setting next_dagrun for ingestionDAG to 2026-03-17T20:22:33.547146+00:00, run_after=2026-03-17T20:23:03.547146+00:00
[2026-03-17T20:23:03.590+0000] {processor.py:179} INFO - Processing /opt/airflow/dags/ingest_local_folder_dag.py took 0.798 seconds
[2026-03-17T20:23:33.876+0000] {processor.py:157} INFO - Started process (PID=7339) to work on /opt/airflow/dags/ingest_local_folder_dag.py
[2026-03-17T20:23:33.879+0000] {processor.py:829} INFO - Processing file /opt/airflow/dags/ingest_local_folder_dag.py for tasks to queue
[2026-03-17T20:23:33.881+0000] {logging_mixin.py:151} INFO - [2026-03-17T20:23:33.880+0000] {dagbag.py:539} INFO - Filling up the DagBag from /opt/airflow/dags/ingest_local_folder_dag.py
[2026-03-17T20:23:34.443+0000] {processor.py:839} INFO - DAG(s) dict_keys(['ingestionDAG']) retrieved from /opt/airflow/dags/ingest_local_folder_dag.py
[2026-03-17T20:23:34.542+0000] {logging_mixin.py:151} INFO - [2026-03-17T20:23:34.542+0000] {dag.py:2915} INFO - Sync 1 DAGs
[2026-03-17T20:23:34.606+0000] {logging_mixin.py:151} INFO - [2026-03-17T20:23:34.605+0000] {dag.py:3696} INFO - Setting next_dagrun for ingestionDAG to 2026-03-17T20:23:04.605058+00:00, run_after=2026-03-17T20:23:34.605058+00:00
[2026-03-17T20:23:34.646+0000] {processor.py:179} INFO - Processing /opt/airflow/dags/ingest_local_folder_dag.py took 0.781 seconds
[2026-03-17T20:24:04.920+0000] {processor.py:157} INFO - Started process (PID=7357) to work on /opt/airflow/dags/ingest_local_folder_dag.py
[2026-03-17T20:24:04.923+0000] {processor.py:829} INFO - Processing file /opt/airflow/dags/ingest_local_folder_dag.py for tasks to queue
[2026-03-17T20:24:04.925+0000] {logging_mixin.py:151} INFO - [2026-03-17T20:24:04.924+0000] {dagbag.py:539} INFO - Filling up the DagBag from /opt/airflow/dags/ingest_local_folder_dag.py
[2026-03-17T20:24:05.489+0000] {processor.py:839} INFO - DAG(s) dict_keys(['ingestionDAG']) retrieved from /opt/airflow/dags/ingest_local_folder_dag.py
[2026-03-17T20:24:05.586+0000] {logging_mixin.py:151} INFO - [2026-03-17T20:24:05.585+0000] {dag.py:2915} INFO - Sync 1 DAGs
[2026-03-17T20:24:05.648+0000] {logging_mixin.py:151} INFO - [2026-03-17T20:24:05.648+0000] {dag.py:3696} INFO - Setting next_dagrun for ingestionDAG to 2026-03-17T20:23:35.647610+00:00, run_after=2026-03-17T20:24:05.647610+00:00
[2026-03-17T20:24:05.688+0000] {processor.py:179} INFO - Processing /opt/airflow/dags/ingest_local_folder_dag.py took 0.780 seconds
[2026-03-17T20:24:36.135+0000] {processor.py:157} INFO - Started process (PID=7375) to work on /opt/airflow/dags/ingest_local_folder_dag.py
[2026-03-17T20:24:36.137+0000] {processor.py:829} INFO - Processing file /opt/airflow/dags/ingest_local_folder_dag.py for tasks to queue
[2026-03-17T20:24:36.140+0000] {logging_mixin.py:151} INFO - [2026-03-17T20:24:36.139+0000] {dagbag.py:539} INFO - Filling up the DagBag from /opt/airflow/dags/ingest_local_folder_dag.py
[2026-03-17T20:24:36.695+0000] {processor.py:839} INFO - DAG(s) dict_keys(['ingestionDAG']) retrieved from /opt/airflow/dags/ingest_local_folder_dag.py
[2026-03-17T20:24:36.780+0000] {logging_mixin.py:151} INFO - [2026-03-17T20:24:36.780+0000] {dag.py:2915} INFO - Sync 1 DAGs
[2026-03-17T20:24:36.837+0000] {logging_mixin.py:151} INFO - [2026-03-17T20:24:36.836+0000] {dag.py:3696} INFO - Setting next_dagrun for ingestionDAG to 2026-03-17T20:24:06.836412+00:00, run_after=2026-03-17T20:24:36.836412+00:00
[2026-03-17T20:24:36.878+0000] {processor.py:179} INFO - Processing /opt/airflow/dags/ingest_local_folder_dag.py took 0.754 seconds
[2026-03-17T20:25:07.536+0000] {processor.py:157} INFO - Started process (PID=7393) to work on /opt/airflow/dags/ingest_local_folder_dag.py
[2026-03-17T20:25:07.539+0000] {processor.py:829} INFO - Processing file /opt/airflow/dags/ingest_local_folder_dag.py for tasks to queue
[2026-03-17T20:25:07.541+0000] {logging_mixin.py:151} INFO - [2026-03-17T20:25:07.540+0000] {dagbag.py:539} INFO - Filling up the DagBag from /opt/airflow/dags/ingest_local_folder_dag.py
[2026-03-17T20:25:08.096+0000] {processor.py:839} INFO - DAG(s) dict_keys(['ingestionDAG']) retrieved from /opt/airflow/dags/ingest_local_folder_dag.py
[2026-03-17T20:25:08.191+0000] {logging_mixin.py:151} INFO - [2026-03-17T20:25:08.191+0000] {dag.py:2915} INFO - Sync 1 DAGs
[2026-03-17T20:25:08.254+0000] {logging_mixin.py:151} INFO - [2026-03-17T20:25:08.254+0000] {dag.py:3696} INFO - Setting next_dagrun for ingestionDAG to 2026-03-17T20:24:38.253477+00:00, run_after=2026-03-17T20:25:08.253477+00:00
[2026-03-17T20:25:08.295+0000] {processor.py:179} INFO - Processing /opt/airflow/dags/ingest_local_folder_dag.py took 0.770 seconds
[2026-03-17T20:25:38.394+0000] {processor.py:157} INFO - Started process (PID=7411) to work on /opt/airflow/dags/ingest_local_folder_dag.py
[2026-03-17T20:25:38.396+0000] {processor.py:829} INFO - Processing file /opt/airflow/dags/ingest_local_folder_dag.py for tasks to queue
[2026-03-17T20:25:38.398+0000] {logging_mixin.py:151} INFO - [2026-03-17T20:25:38.397+0000] {dagbag.py:539} INFO - Filling up the DagBag from /opt/airflow/dags/ingest_local_folder_dag.py
[2026-03-17T20:25:38.941+0000] {processor.py:839} INFO - DAG(s) dict_keys(['ingestionDAG']) retrieved from /opt/airflow/dags/ingest_local_folder_dag.py
[2026-03-17T20:25:39.036+0000] {logging_mixin.py:151} INFO - [2026-03-17T20:25:39.035+0000] {dag.py:2915} INFO - Sync 1 DAGs
[2026-03-17T20:25:39.100+0000] {logging_mixin.py:151} INFO - [2026-03-17T20:25:39.100+0000] {dag.py:3696} INFO - Setting next_dagrun for ingestionDAG to 2026-03-17T20:25:09.099422+00:00, run_after=2026-03-17T20:25:39.099422+00:00
[2026-03-17T20:25:39.145+0000] {processor.py:179} INFO - Processing /opt/airflow/dags/ingest_local_folder_dag.py took 0.763 seconds
[2026-03-17T20:26:09.427+0000] {processor.py:157} INFO - Started process (PID=7429) to work on /opt/airflow/dags/ingest_local_folder_dag.py
[2026-03-17T20:26:09.429+0000] {processor.py:829} INFO - Processing file /opt/airflow/dags/ingest_local_folder_dag.py for tasks to queue
[2026-03-17T20:26:09.431+0000] {logging_mixin.py:151} INFO - [2026-03-17T20:26:09.430+0000] {dagbag.py:539} INFO - Filling up the DagBag from /opt/airflow/dags/ingest_local_folder_dag.py
[2026-03-17T20:26:09.974+0000] {processor.py:839} INFO - DAG(s) dict_keys(['ingestionDAG']) retrieved from /opt/airflow/dags/ingest_local_folder_dag.py
[2026-03-17T20:26:10.062+0000] {logging_mixin.py:151} INFO - [2026-03-17T20:26:10.061+0000] {dag.py:2915} INFO - Sync 1 DAGs
[2026-03-17T20:26:10.119+0000] {logging_mixin.py:151} INFO - [2026-03-17T20:26:10.119+0000] {dag.py:3696} INFO - Setting next_dagrun for ingestionDAG to 2026-03-17T20:25:40.118626+00:00, run_after=2026-03-17T20:26:10.118626+00:00
[2026-03-17T20:26:10.160+0000] {processor.py:179} INFO - Processing /opt/airflow/dags/ingest_local_folder_dag.py took 0.743 seconds
[2026-03-17T20:26:40.670+0000] {processor.py:157} INFO - Started process (PID=7447) to work on /opt/airflow/dags/ingest_local_folder_dag.py
[2026-03-17T20:26:40.672+0000] {processor.py:829} INFO - Processing file /opt/airflow/dags/ingest_local_folder_dag.py for tasks to queue
[2026-03-17T20:26:40.674+0000] {logging_mixin.py:151} INFO - [2026-03-17T20:26:40.673+0000] {dagbag.py:539} INFO - Filling up the DagBag from /opt/airflow/dags/ingest_local_folder_dag.py
[2026-03-17T20:26:41.211+0000] {processor.py:839} INFO - DAG(s) dict_keys(['ingestionDAG']) retrieved from /opt/airflow/dags/ingest_local_folder_dag.py
[2026-03-17T20:26:41.296+0000] {logging_mixin.py:151} INFO - [2026-03-17T20:26:41.296+0000] {dag.py:2915} INFO - Sync 1 DAGs
[2026-03-17T20:26:41.353+0000] {logging_mixin.py:151} INFO - [2026-03-17T20:26:41.353+0000] {dag.py:3696} INFO - Setting next_dagrun for ingestionDAG to 2026-03-17T20:26:11.352611+00:00, run_after=2026-03-17T20:26:41.352611+00:00
[2026-03-17T20:26:41.394+0000] {processor.py:179} INFO - Processing /opt/airflow/dags/ingest_local_folder_dag.py took 0.734 seconds
[2026-03-17T20:27:11.973+0000] {processor.py:157} INFO - Started process (PID=7465) to work on /opt/airflow/dags/ingest_local_folder_dag.py
[2026-03-17T20:27:11.975+0000] {processor.py:829} INFO - Processing file /opt/airflow/dags/ingest_local_folder_dag.py for tasks to queue
[2026-03-17T20:27:11.977+0000] {logging_mixin.py:151} INFO - [2026-03-17T20:27:11.976+0000] {dagbag.py:539} INFO - Filling up the DagBag from /opt/airflow/dags/ingest_local_folder_dag.py
[2026-03-17T20:27:12.516+0000] {processor.py:839} INFO - DAG(s) dict_keys(['ingestionDAG']) retrieved from /opt/airflow/dags/ingest_local_folder_dag.py
[2026-03-17T20:27:12.601+0000] {logging_mixin.py:151} INFO - [2026-03-17T20:27:12.601+0000] {dag.py:2915} INFO - Sync 1 DAGs
[2026-03-17T20:27:12.661+0000] {logging_mixin.py:151} INFO - [2026-03-17T20:27:12.660+0000] {dag.py:3696} INFO - Setting next_dagrun for ingestionDAG to 2026-03-17T20:26:42.660238+00:00, run_after=2026-03-17T20:27:12.660238+00:00
[2026-03-17T20:27:12.701+0000] {processor.py:179} INFO - Processing /opt/airflow/dags/ingest_local_folder_dag.py took 0.738 seconds
[2026-03-17T20:27:43.214+0000] {processor.py:157} INFO - Started process (PID=7481) to work on /opt/airflow/dags/ingest_local_folder_dag.py
[2026-03-17T20:27:43.216+0000] {processor.py:829} INFO - Processing file /opt/airflow/dags/ingest_local_folder_dag.py for tasks to queue
[2026-03-17T20:27:43.219+0000] {logging_mixin.py:151} INFO - [2026-03-17T20:27:43.217+0000] {dagbag.py:539} INFO - Filling up the DagBag from /opt/airflow/dags/ingest_local_folder_dag.py
[2026-03-17T20:27:43.770+0000] {processor.py:839} INFO - DAG(s) dict_keys(['ingestionDAG']) retrieved from /opt/airflow/dags/ingest_local_folder_dag.py
[2026-03-17T20:27:43.857+0000] {logging_mixin.py:151} INFO - [2026-03-17T20:27:43.856+0000] {dag.py:2915} INFO - Sync 1 DAGs
[2026-03-17T20:27:43.915+0000] {logging_mixin.py:151} INFO - [2026-03-17T20:27:43.914+0000] {dag.py:3696} INFO - Setting next_dagrun for ingestionDAG to 2026-03-17T20:27:13.914114+00:00, run_after=2026-03-17T20:27:43.914114+00:00
[2026-03-17T20:27:43.956+0000] {processor.py:179} INFO - Processing /opt/airflow/dags/ingest_local_folder_dag.py took 0.751 seconds
[2026-03-17T20:28:14.448+0000] {processor.py:157} INFO - Started process (PID=7498) to work on /opt/airflow/dags/ingest_local_folder_dag.py
[2026-03-17T20:28:14.451+0000] {processor.py:829} INFO - Processing file /opt/airflow/dags/ingest_local_folder_dag.py for tasks to queue
[2026-03-17T20:28:14.453+0000] {logging_mixin.py:151} INFO - [2026-03-17T20:28:14.452+0000] {dagbag.py:539} INFO - Filling up the DagBag from /opt/airflow/dags/ingest_local_folder_dag.py
[2026-03-17T20:28:15.027+0000] {processor.py:839} INFO - DAG(s) dict_keys(['ingestionDAG']) retrieved from /opt/airflow/dags/ingest_local_folder_dag.py
[2026-03-17T20:28:15.114+0000] {logging_mixin.py:151} INFO - [2026-03-17T20:28:15.114+0000] {dag.py:2915} INFO - Sync 1 DAGs
[2026-03-17T20:28:15.172+0000] {logging_mixin.py:151} INFO - [2026-03-17T20:28:15.172+0000] {dag.py:3696} INFO - Setting next_dagrun for ingestionDAG to 2026-03-17T20:27:45.171987+00:00, run_after=2026-03-17T20:28:15.171987+00:00
[2026-03-17T20:28:15.214+0000] {processor.py:179} INFO - Processing /opt/airflow/dags/ingest_local_folder_dag.py took 0.778 seconds
[2026-03-17T20:28:45.617+0000] {processor.py:157} INFO - Started process (PID=7513) to work on /opt/airflow/dags/ingest_local_folder_dag.py
[2026-03-17T20:28:45.620+0000] {processor.py:829} INFO - Processing file /opt/airflow/dags/ingest_local_folder_dag.py for tasks to queue
[2026-03-17T20:28:45.622+0000] {logging_mixin.py:151} INFO - [2026-03-17T20:28:45.621+0000] {dagbag.py:539} INFO - Filling up the DagBag from /opt/airflow/dags/ingest_local_folder_dag.py
[2026-03-17T20:28:46.191+0000] {processor.py:839} INFO - DAG(s) dict_keys(['ingestionDAG']) retrieved from /opt/airflow/dags/ingest_local_folder_dag.py
[2026-03-17T20:28:46.287+0000] {logging_mixin.py:151} INFO - [2026-03-17T20:28:46.286+0000] {dag.py:2915} INFO - Sync 1 DAGs
[2026-03-17T20:28:46.351+0000] {logging_mixin.py:151} INFO - [2026-03-17T20:28:46.350+0000] {dag.py:3696} INFO - Setting next_dagrun for ingestionDAG to 2026-03-17T20:28:16.350138+00:00, run_after=2026-03-17T20:28:46.350138+00:00
[2026-03-17T20:28:46.396+0000] {processor.py:179} INFO - Processing /opt/airflow/dags/ingest_local_folder_dag.py took 0.790 seconds
[2026-03-17T20:29:17.041+0000] {processor.py:157} INFO - Started process (PID=7531) to work on /opt/airflow/dags/ingest_local_folder_dag.py
[2026-03-17T20:29:17.044+0000] {processor.py:829} INFO - Processing file /opt/airflow/dags/ingest_local_folder_dag.py for tasks to queue
[2026-03-17T20:29:17.046+0000] {logging_mixin.py:151} INFO - [2026-03-17T20:29:17.045+0000] {dagbag.py:539} INFO - Filling up the DagBag from /opt/airflow/dags/ingest_local_folder_dag.py
[2026-03-17T20:29:17.611+0000] {processor.py:839} INFO - DAG(s) dict_keys(['ingestionDAG']) retrieved from /opt/airflow/dags/ingest_local_folder_dag.py
[2026-03-17T20:29:17.696+0000] {logging_mixin.py:151} INFO - [2026-03-17T20:29:17.696+0000] {dag.py:2915} INFO - Sync 1 DAGs
[2026-03-17T20:29:17.756+0000] {logging_mixin.py:151} INFO - [2026-03-17T20:29:17.756+0000] {dag.py:3696} INFO - Setting next_dagrun for ingestionDAG to 2026-03-17T20:28:47.755703+00:00, run_after=2026-03-17T20:29:17.755703+00:00
[2026-03-17T20:29:17.797+0000] {processor.py:179} INFO - Processing /opt/airflow/dags/ingest_local_folder_dag.py took 0.768 seconds
[2026-03-17T20:29:47.867+0000] {processor.py:157} INFO - Started process (PID=7549) to work on /opt/airflow/dags/ingest_local_folder_dag.py
[2026-03-17T20:29:47.869+0000] {processor.py:829} INFO - Processing file /opt/airflow/dags/ingest_local_folder_dag.py for tasks to queue
[2026-03-17T20:29:47.871+0000] {logging_mixin.py:151} INFO - [2026-03-17T20:29:47.870+0000] {dagbag.py:539} INFO - Filling up the DagBag from /opt/airflow/dags/ingest_local_folder_dag.py
[2026-03-17T20:29:48.443+0000] {processor.py:839} INFO - DAG(s) dict_keys(['ingestionDAG']) retrieved from /opt/airflow/dags/ingest_local_folder_dag.py
[2026-03-17T20:29:48.542+0000] {logging_mixin.py:151} INFO - [2026-03-17T20:29:48.542+0000] {dag.py:2915} INFO - Sync 1 DAGs
[2026-03-17T20:29:48.600+0000] {logging_mixin.py:151} INFO - [2026-03-17T20:29:48.599+0000] {dag.py:3696} INFO - Setting next_dagrun for ingestionDAG to 2026-03-17T20:29:18.599099+00:00, run_after=2026-03-17T20:29:48.599099+00:00
[2026-03-17T20:29:48.640+0000] {processor.py:179} INFO - Processing /opt/airflow/dags/ingest_local_folder_dag.py took 0.785 seconds
[2026-03-17T20:30:18.909+0000] {processor.py:157} INFO - Started process (PID=7567) to work on /opt/airflow/dags/ingest_local_folder_dag.py
[2026-03-17T20:30:18.912+0000] {processor.py:829} INFO - Processing file /opt/airflow/dags/ingest_local_folder_dag.py for tasks to queue
[2026-03-17T20:30:18.914+0000] {logging_mixin.py:151} INFO - [2026-03-17T20:30:18.913+0000] {dagbag.py:539} INFO - Filling up the DagBag from /opt/airflow/dags/ingest_local_folder_dag.py
[2026-03-17T20:30:19.490+0000] {processor.py:839} INFO - DAG(s) dict_keys(['ingestionDAG']) retrieved from /opt/airflow/dags/ingest_local_folder_dag.py
[2026-03-17T20:30:19.586+0000] {logging_mixin.py:151} INFO - [2026-03-17T20:30:19.585+0000] {dag.py:2915} INFO - Sync 1 DAGs
[2026-03-17T20:30:19.643+0000] {logging_mixin.py:151} INFO - [2026-03-17T20:30:19.643+0000] {dag.py:3696} INFO - Setting next_dagrun for ingestionDAG to 2026-03-17T20:29:49.642742+00:00, run_after=2026-03-17T20:30:19.642742+00:00
[2026-03-17T20:30:19.684+0000] {processor.py:179} INFO - Processing /opt/airflow/dags/ingest_local_folder_dag.py took 0.787 seconds
[2026-03-17T20:30:49.767+0000] {processor.py:157} INFO - Started process (PID=7585) to work on /opt/airflow/dags/ingest_local_folder_dag.py
[2026-03-17T20:30:49.770+0000] {processor.py:829} INFO - Processing file /opt/airflow/dags/ingest_local_folder_dag.py for tasks to queue
[2026-03-17T20:30:49.772+0000] {logging_mixin.py:151} INFO - [2026-03-17T20:30:49.771+0000] {dagbag.py:539} INFO - Filling up the DagBag from /opt/airflow/dags/ingest_local_folder_dag.py
[2026-03-17T20:30:50.339+0000] {processor.py:839} INFO - DAG(s) dict_keys(['ingestionDAG']) retrieved from /opt/airflow/dags/ingest_local_folder_dag.py
[2026-03-17T20:30:50.436+0000] {logging_mixin.py:151} INFO - [2026-03-17T20:30:50.436+0000] {dag.py:2915} INFO - Sync 1 DAGs
[2026-03-17T20:30:50.501+0000] {logging_mixin.py:151} INFO - [2026-03-17T20:30:50.500+0000] {dag.py:3696} INFO - Setting next_dagrun for ingestionDAG to 2026-03-17T20:30:20.499945+00:00, run_after=2026-03-17T20:30:50.499945+00:00
[2026-03-17T20:30:50.546+0000] {processor.py:179} INFO - Processing /opt/airflow/dags/ingest_local_folder_dag.py took 0.790 seconds
[2026-03-17T20:31:20.829+0000] {processor.py:157} INFO - Started process (PID=7603) to work on /opt/airflow/dags/ingest_local_folder_dag.py
[2026-03-17T20:31:20.832+0000] {processor.py:829} INFO - Processing file /opt/airflow/dags/ingest_local_folder_dag.py for tasks to queue
[2026-03-17T20:31:20.834+0000] {logging_mixin.py:151} INFO - [2026-03-17T20:31:20.833+0000] {dagbag.py:539} INFO - Filling up the DagBag from /opt/airflow/dags/ingest_local_folder_dag.py
[2026-03-17T20:31:21.409+0000] {processor.py:839} INFO - DAG(s) dict_keys(['ingestionDAG']) retrieved from /opt/airflow/dags/ingest_local_folder_dag.py
[2026-03-17T20:31:21.505+0000] {logging_mixin.py:151} INFO - [2026-03-17T20:31:21.504+0000] {dag.py:2915} INFO - Sync 1 DAGs
[2026-03-17T20:31:21.571+0000] {logging_mixin.py:151} INFO - [2026-03-17T20:31:21.571+0000] {dag.py:3696} INFO - Setting next_dagrun for ingestionDAG to 2026-03-17T20:30:51.570882+00:00, run_after=2026-03-17T20:31:21.570882+00:00
[2026-03-17T20:31:21.617+0000] {processor.py:179} INFO - Processing /opt/airflow/dags/ingest_local_folder_dag.py took 0.799 seconds
[2026-03-17T20:31:52.372+0000] {processor.py:157} INFO - Started process (PID=7621) to work on /opt/airflow/dags/ingest_local_folder_dag.py
[2026-03-17T20:31:52.374+0000] {processor.py:829} INFO - Processing file /opt/airflow/dags/ingest_local_folder_dag.py for tasks to queue
[2026-03-17T20:31:52.376+0000] {logging_mixin.py:151} INFO - [2026-03-17T20:31:52.375+0000] {dagbag.py:539} INFO - Filling up the DagBag from /opt/airflow/dags/ingest_local_folder_dag.py
[2026-03-17T20:31:52.952+0000] {processor.py:839} INFO - DAG(s) dict_keys(['ingestionDAG']) retrieved from /opt/airflow/dags/ingest_local_folder_dag.py
[2026-03-17T20:31:53.050+0000] {logging_mixin.py:151} INFO - [2026-03-17T20:31:53.050+0000] {dag.py:2915} INFO - Sync 1 DAGs
[2026-03-17T20:31:53.114+0000] {logging_mixin.py:151} INFO - [2026-03-17T20:31:53.114+0000] {dag.py:3696} INFO - Setting next_dagrun for ingestionDAG to 2026-03-17T20:31:23.113850+00:00, run_after=2026-03-17T20:31:53.113850+00:00
[2026-03-17T20:31:53.160+0000] {processor.py:179} INFO - Processing /opt/airflow/dags/ingest_local_folder_dag.py took 0.799 seconds
[2026-03-17T20:32:23.465+0000] {processor.py:157} INFO - Started process (PID=7639) to work on /opt/airflow/dags/ingest_local_folder_dag.py
[2026-03-17T20:32:23.468+0000] {processor.py:829} INFO - Processing file /opt/airflow/dags/ingest_local_folder_dag.py for tasks to queue
[2026-03-17T20:32:23.470+0000] {logging_mixin.py:151} INFO - [2026-03-17T20:32:23.469+0000] {dagbag.py:539} INFO - Filling up the DagBag from /opt/airflow/dags/ingest_local_folder_dag.py
[2026-03-17T20:32:24.040+0000] {processor.py:839} INFO - DAG(s) dict_keys(['ingestionDAG']) retrieved from /opt/airflow/dags/ingest_local_folder_dag.py
[2026-03-17T20:32:24.137+0000] {logging_mixin.py:151} INFO - [2026-03-17T20:32:24.136+0000] {dag.py:2915} INFO - Sync 1 DAGs
[2026-03-17T20:32:24.202+0000] {logging_mixin.py:151} INFO - [2026-03-17T20:32:24.201+0000] {dag.py:3696} INFO - Setting next_dagrun for ingestionDAG to 2026-03-17T20:31:54.201183+00:00, run_after=2026-03-17T20:32:24.201183+00:00
[2026-03-17T20:32:24.246+0000] {processor.py:179} INFO - Processing /opt/airflow/dags/ingest_local_folder_dag.py took 0.792 seconds
[2026-03-17T20:32:54.942+0000] {processor.py:157} INFO - Started process (PID=7657) to work on /opt/airflow/dags/ingest_local_folder_dag.py
[2026-03-17T20:32:54.944+0000] {processor.py:829} INFO - Processing file /opt/airflow/dags/ingest_local_folder_dag.py for tasks to queue
[2026-03-17T20:32:54.947+0000] {logging_mixin.py:151} INFO - [2026-03-17T20:32:54.945+0000] {dagbag.py:539} INFO - Filling up the DagBag from /opt/airflow/dags/ingest_local_folder_dag.py
[2026-03-17T20:32:55.517+0000] {processor.py:839} INFO - DAG(s) dict_keys(['ingestionDAG']) retrieved from /opt/airflow/dags/ingest_local_folder_dag.py
[2026-03-17T20:32:55.613+0000] {logging_mixin.py:151} INFO - [2026-03-17T20:32:55.612+0000] {dag.py:2915} INFO - Sync 1 DAGs
[2026-03-17T20:32:55.679+0000] {logging_mixin.py:151} INFO - [2026-03-17T20:32:55.679+0000] {dag.py:3696} INFO - Setting next_dagrun for ingestionDAG to 2026-03-17T20:32:25.678717+00:00, run_after=2026-03-17T20:32:55.678717+00:00
[2026-03-17T20:32:55.725+0000] {processor.py:179} INFO - Processing /opt/airflow/dags/ingest_local_folder_dag.py took 0.794 seconds
[2026-03-17T20:33:26.044+0000] {processor.py:157} INFO - Started process (PID=7675) to work on /opt/airflow/dags/ingest_local_folder_dag.py
[2026-03-17T20:33:26.047+0000] {processor.py:829} INFO - Processing file /opt/airflow/dags/ingest_local_folder_dag.py for tasks to queue
[2026-03-17T20:33:26.049+0000] {logging_mixin.py:151} INFO - [2026-03-17T20:33:26.048+0000] {dagbag.py:539} INFO - Filling up the DagBag from /opt/airflow/dags/ingest_local_folder_dag.py
[2026-03-17T20:33:26.616+0000] {processor.py:839} INFO - DAG(s) dict_keys(['ingestionDAG']) retrieved from /opt/airflow/dags/ingest_local_folder_dag.py
[2026-03-17T20:33:26.715+0000] {logging_mixin.py:151} INFO - [2026-03-17T20:33:26.715+0000] {dag.py:2915} INFO - Sync 1 DAGs
[2026-03-17T20:33:26.779+0000] {logging_mixin.py:151} INFO - [2026-03-17T20:33:26.779+0000] {dag.py:3696} INFO - Setting next_dagrun for ingestionDAG to 2026-03-17T20:32:56.778615+00:00, run_after=2026-03-17T20:33:26.778615+00:00
[2026-03-17T20:33:26.824+0000] {processor.py:179} INFO - Processing /opt/airflow/dags/ingest_local_folder_dag.py took 0.791 seconds
[2026-03-17T20:33:57.044+0000] {processor.py:157} INFO - Started process (PID=7693) to work on /opt/airflow/dags/ingest_local_folder_dag.py
[2026-03-17T20:33:57.046+0000] {processor.py:829} INFO - Processing file /opt/airflow/dags/ingest_local_folder_dag.py for tasks to queue
[2026-03-17T20:33:57.048+0000] {logging_mixin.py:151} INFO - [2026-03-17T20:33:57.047+0000] {dagbag.py:539} INFO - Filling up the DagBag from /opt/airflow/dags/ingest_local_folder_dag.py
[2026-03-17T20:33:57.624+0000] {processor.py:839} INFO - DAG(s) dict_keys(['ingestionDAG']) retrieved from /opt/airflow/dags/ingest_local_folder_dag.py
[2026-03-17T20:33:57.721+0000] {logging_mixin.py:151} INFO - [2026-03-17T20:33:57.720+0000] {dag.py:2915} INFO - Sync 1 DAGs
[2026-03-17T20:33:57.785+0000] {logging_mixin.py:151} INFO - [2026-03-17T20:33:57.785+0000] {dag.py:3696} INFO - Setting next_dagrun for ingestionDAG to 2026-03-17T20:33:27.784794+00:00, run_after=2026-03-17T20:33:57.784794+00:00
[2026-03-17T20:33:57.830+0000] {processor.py:179} INFO - Processing /opt/airflow/dags/ingest_local_folder_dag.py took 0.798 seconds
[2026-03-17T20:34:28.527+0000] {processor.py:157} INFO - Started process (PID=7711) to work on /opt/airflow/dags/ingest_local_folder_dag.py
[2026-03-17T20:34:28.530+0000] {processor.py:829} INFO - Processing file /opt/airflow/dags/ingest_local_folder_dag.py for tasks to queue
[2026-03-17T20:34:28.532+0000] {logging_mixin.py:151} INFO - [2026-03-17T20:34:28.531+0000] {dagbag.py:539} INFO - Filling up the DagBag from /opt/airflow/dags/ingest_local_folder_dag.py
[2026-03-17T20:34:29.105+0000] {processor.py:839} INFO - DAG(s) dict_keys(['ingestionDAG']) retrieved from /opt/airflow/dags/ingest_local_folder_dag.py
[2026-03-17T20:34:29.200+0000] {logging_mixin.py:151} INFO - [2026-03-17T20:34:29.200+0000] {dag.py:2915} INFO - Sync 1 DAGs
[2026-03-17T20:34:29.264+0000] {logging_mixin.py:151} INFO - [2026-03-17T20:34:29.263+0000] {dag.py:3696} INFO - Setting next_dagrun for ingestionDAG to 2026-03-17T20:33:59.263371+00:00, run_after=2026-03-17T20:34:29.263371+00:00
[2026-03-17T20:34:29.312+0000] {processor.py:179} INFO - Processing /opt/airflow/dags/ingest_local_folder_dag.py took 0.797 seconds
[2026-03-17T20:34:59.394+0000] {processor.py:157} INFO - Started process (PID=7729) to work on /opt/airflow/dags/ingest_local_folder_dag.py
[2026-03-17T20:34:59.396+0000] {processor.py:829} INFO - Processing file /opt/airflow/dags/ingest_local_folder_dag.py for tasks to queue
[2026-03-17T20:34:59.399+0000] {logging_mixin.py:151} INFO - [2026-03-17T20:34:59.398+0000] {dagbag.py:539} INFO - Filling up the DagBag from /opt/airflow/dags/ingest_local_folder_dag.py
[2026-03-17T20:34:59.961+0000] {processor.py:839} INFO - DAG(s) dict_keys(['ingestionDAG']) retrieved from /opt/airflow/dags/ingest_local_folder_dag.py
[2026-03-17T20:35:00.048+0000] {logging_mixin.py:151} INFO - [2026-03-17T20:35:00.047+0000] {dag.py:2915} INFO - Sync 1 DAGs
[2026-03-17T20:35:00.108+0000] {logging_mixin.py:151} INFO - [2026-03-17T20:35:00.107+0000] {dag.py:3696} INFO - Setting next_dagrun for ingestionDAG to 2026-03-17T20:34:30.107191+00:00, run_after=2026-03-17T20:35:00.107191+00:00
[2026-03-17T20:35:00.148+0000] {processor.py:179} INFO - Processing /opt/airflow/dags/ingest_local_folder_dag.py took 0.766 seconds
[2026-03-17T20:35:30.418+0000] {processor.py:157} INFO - Started process (PID=7747) to work on /opt/airflow/dags/ingest_local_folder_dag.py
[2026-03-17T20:35:30.420+0000] {processor.py:829} INFO - Processing file /opt/airflow/dags/ingest_local_folder_dag.py for tasks to queue
[2026-03-17T20:35:30.423+0000] {logging_mixin.py:151} INFO - [2026-03-17T20:35:30.421+0000] {dagbag.py:539} INFO - Filling up the DagBag from /opt/airflow/dags/ingest_local_folder_dag.py
[2026-03-17T20:35:31.001+0000] {processor.py:839} INFO - DAG(s) dict_keys(['ingestionDAG']) retrieved from /opt/airflow/dags/ingest_local_folder_dag.py
[2026-03-17T20:35:31.088+0000] {logging_mixin.py:151} INFO - [2026-03-17T20:35:31.088+0000] {dag.py:2915} INFO - Sync 1 DAGs
[2026-03-17T20:35:31.145+0000] {logging_mixin.py:151} INFO - [2026-03-17T20:35:31.145+0000] {dag.py:3696} INFO - Setting next_dagrun for ingestionDAG to 2026-03-17T20:35:01.144560+00:00, run_after=2026-03-17T20:35:31.144560+00:00
[2026-03-17T20:35:31.186+0000] {processor.py:179} INFO - Processing /opt/airflow/dags/ingest_local_folder_dag.py took 0.780 seconds
[2026-03-17T20:36:01.269+0000] {processor.py:157} INFO - Started process (PID=7765) to work on /opt/airflow/dags/ingest_local_folder_dag.py
[2026-03-17T20:36:01.271+0000] {processor.py:829} INFO - Processing file /opt/airflow/dags/ingest_local_folder_dag.py for tasks to queue
[2026-03-17T20:36:01.273+0000] {logging_mixin.py:151} INFO - [2026-03-17T20:36:01.272+0000] {dagbag.py:539} INFO - Filling up the DagBag from /opt/airflow/dags/ingest_local_folder_dag.py
[2026-03-17T20:36:01.839+0000] {processor.py:839} INFO - DAG(s) dict_keys(['ingestionDAG']) retrieved from /opt/airflow/dags/ingest_local_folder_dag.py
[2026-03-17T20:36:01.936+0000] {logging_mixin.py:151} INFO - [2026-03-17T20:36:01.936+0000] {dag.py:2915} INFO - Sync 1 DAGs
[2026-03-17T20:36:02.001+0000] {logging_mixin.py:151} INFO - [2026-03-17T20:36:02.000+0000] {dag.py:3696} INFO - Setting next_dagrun for ingestionDAG to 2026-03-17T20:35:31.999724+00:00, run_after=2026-03-17T20:36:01.999724+00:00
[2026-03-17T20:36:02.042+0000] {processor.py:179} INFO - Processing /opt/airflow/dags/ingest_local_folder_dag.py took 0.785 seconds
[2026-03-17T20:36:32.318+0000] {processor.py:157} INFO - Started process (PID=7783) to work on /opt/airflow/dags/ingest_local_folder_dag.py
[2026-03-17T20:36:32.320+0000] {processor.py:829} INFO - Processing file /opt/airflow/dags/ingest_local_folder_dag.py for tasks to queue
[2026-03-17T20:36:32.323+0000] {logging_mixin.py:151} INFO - [2026-03-17T20:36:32.322+0000] {dagbag.py:539} INFO - Filling up the DagBag from /opt/airflow/dags/ingest_local_folder_dag.py
[2026-03-17T20:36:32.888+0000] {processor.py:839} INFO - DAG(s) dict_keys(['ingestionDAG']) retrieved from /opt/airflow/dags/ingest_local_folder_dag.py
[2026-03-17T20:36:32.984+0000] {logging_mixin.py:151} INFO - [2026-03-17T20:36:32.984+0000] {dag.py:2915} INFO - Sync 1 DAGs
[2026-03-17T20:36:33.048+0000] {logging_mixin.py:151} INFO - [2026-03-17T20:36:33.047+0000] {dag.py:3696} INFO - Setting next_dagrun for ingestionDAG to 2026-03-17T20:36:03.047035+00:00, run_after=2026-03-17T20:36:33.047035+00:00
[2026-03-17T20:36:33.092+0000] {processor.py:179} INFO - Processing /opt/airflow/dags/ingest_local_folder_dag.py took 0.785 seconds
[2026-03-17T20:37:03.538+0000] {processor.py:157} INFO - Started process (PID=7801) to work on /opt/airflow/dags/ingest_local_folder_dag.py
[2026-03-17T20:37:03.541+0000] {processor.py:829} INFO - Processing file /opt/airflow/dags/ingest_local_folder_dag.py for tasks to queue
[2026-03-17T20:37:03.543+0000] {logging_mixin.py:151} INFO - [2026-03-17T20:37:03.542+0000] {dagbag.py:539} INFO - Filling up the DagBag from /opt/airflow/dags/ingest_local_folder_dag.py
[2026-03-17T20:37:04.115+0000] {processor.py:839} INFO - DAG(s) dict_keys(['ingestionDAG']) retrieved from /opt/airflow/dags/ingest_local_folder_dag.py
[2026-03-17T20:37:04.201+0000] {logging_mixin.py:151} INFO - [2026-03-17T20:37:04.201+0000] {dag.py:2915} INFO - Sync 1 DAGs
[2026-03-17T20:37:04.260+0000] {logging_mixin.py:151} INFO - [2026-03-17T20:37:04.260+0000] {dag.py:3696} INFO - Setting next_dagrun for ingestionDAG to 2026-03-17T20:36:34.259900+00:00, run_after=2026-03-17T20:37:04.259900+00:00
[2026-03-17T20:37:04.301+0000] {processor.py:179} INFO - Processing /opt/airflow/dags/ingest_local_folder_dag.py took 0.775 seconds
[2026-03-17T20:37:34.902+0000] {processor.py:157} INFO - Started process (PID=7819) to work on /opt/airflow/dags/ingest_local_folder_dag.py
[2026-03-17T20:37:34.905+0000] {processor.py:829} INFO - Processing file /opt/airflow/dags/ingest_local_folder_dag.py for tasks to queue
[2026-03-17T20:37:34.907+0000] {logging_mixin.py:151} INFO - [2026-03-17T20:37:34.906+0000] {dagbag.py:539} INFO - Filling up the DagBag from /opt/airflow/dags/ingest_local_folder_dag.py
[2026-03-17T20:37:35.469+0000] {processor.py:839} INFO - DAG(s) dict_keys(['ingestionDAG']) retrieved from /opt/airflow/dags/ingest_local_folder_dag.py
[2026-03-17T20:37:35.567+0000] {logging_mixin.py:151} INFO - [2026-03-17T20:37:35.566+0000] {dag.py:2915} INFO - Sync 1 DAGs
[2026-03-17T20:37:35.629+0000] {logging_mixin.py:151} INFO - [2026-03-17T20:37:35.628+0000] {dag.py:3696} INFO - Setting next_dagrun for ingestionDAG to 2026-03-17T20:37:05.628141+00:00, run_after=2026-03-17T20:37:35.628141+00:00
[2026-03-17T20:37:35.669+0000] {processor.py:179} INFO - Processing /opt/airflow/dags/ingest_local_folder_dag.py took 0.778 seconds
[2026-03-17T20:38:05.767+0000] {processor.py:157} INFO - Started process (PID=7837) to work on /opt/airflow/dags/ingest_local_folder_dag.py
[2026-03-17T20:38:05.770+0000] {processor.py:829} INFO - Processing file /opt/airflow/dags/ingest_local_folder_dag.py for tasks to queue
[2026-03-17T20:38:05.772+0000] {logging_mixin.py:151} INFO - [2026-03-17T20:38:05.771+0000] {dagbag.py:539} INFO - Filling up the DagBag from /opt/airflow/dags/ingest_local_folder_dag.py
[2026-03-17T20:38:06.343+0000] {processor.py:839} INFO - DAG(s) dict_keys(['ingestionDAG']) retrieved from /opt/airflow/dags/ingest_local_folder_dag.py
[2026-03-17T20:38:06.440+0000] {logging_mixin.py:151} INFO - [2026-03-17T20:38:06.440+0000] {dag.py:2915} INFO - Sync 1 DAGs
[2026-03-17T20:38:06.504+0000] {logging_mixin.py:151} INFO - [2026-03-17T20:38:06.504+0000] {dag.py:3696} INFO - Setting next_dagrun for ingestionDAG to 2026-03-17T20:37:36.503714+00:00, run_after=2026-03-17T20:38:06.503714+00:00
[2026-03-17T20:38:06.549+0000] {processor.py:179} INFO - Processing /opt/airflow/dags/ingest_local_folder_dag.py took 0.793 seconds
[2026-03-17T20:38:36.838+0000] {processor.py:157} INFO - Started process (PID=7855) to work on /opt/airflow/dags/ingest_local_folder_dag.py
[2026-03-17T20:38:36.841+0000] {processor.py:829} INFO - Processing file /opt/airflow/dags/ingest_local_folder_dag.py for tasks to queue
[2026-03-17T20:38:36.843+0000] {logging_mixin.py:151} INFO - [2026-03-17T20:38:36.842+0000] {dagbag.py:539} INFO - Filling up the DagBag from /opt/airflow/dags/ingest_local_folder_dag.py
[2026-03-17T20:38:37.381+0000] {processor.py:839} INFO - DAG(s) dict_keys(['ingestionDAG']) retrieved from /opt/airflow/dags/ingest_local_folder_dag.py
[2026-03-17T20:38:37.466+0000] {logging_mixin.py:151} INFO - [2026-03-17T20:38:37.466+0000] {dag.py:2915} INFO - Sync 1 DAGs
[2026-03-17T20:38:37.529+0000] {logging_mixin.py:151} INFO - [2026-03-17T20:38:37.529+0000] {dag.py:3696} INFO - Setting next_dagrun for ingestionDAG to 2026-03-17T20:38:07.528649+00:00, run_after=2026-03-17T20:38:37.528649+00:00
[2026-03-17T20:38:37.578+0000] {processor.py:179} INFO - Processing /opt/airflow/dags/ingest_local_folder_dag.py took 0.751 seconds
[2026-03-17T20:39:08.102+0000] {processor.py:157} INFO - Started process (PID=7873) to work on /opt/airflow/dags/ingest_local_folder_dag.py
[2026-03-17T20:39:08.105+0000] {processor.py:829} INFO - Processing file /opt/airflow/dags/ingest_local_folder_dag.py for tasks to queue
[2026-03-17T20:39:08.107+0000] {logging_mixin.py:151} INFO - [2026-03-17T20:39:08.106+0000] {dagbag.py:539} INFO - Filling up the DagBag from /opt/airflow/dags/ingest_local_folder_dag.py
[2026-03-17T20:39:08.648+0000] {processor.py:839} INFO - DAG(s) dict_keys(['ingestionDAG']) retrieved from /opt/airflow/dags/ingest_local_folder_dag.py
[2026-03-17T20:39:08.734+0000] {logging_mixin.py:151} INFO - [2026-03-17T20:39:08.733+0000] {dag.py:2915} INFO - Sync 1 DAGs
[2026-03-17T20:39:08.793+0000] {logging_mixin.py:151} INFO - [2026-03-17T20:39:08.793+0000] {dag.py:3696} INFO - Setting next_dagrun for ingestionDAG to 2026-03-17T20:38:38.792965+00:00, run_after=2026-03-17T20:39:08.792965+00:00
[2026-03-17T20:39:08.834+0000] {processor.py:179} INFO - Processing /opt/airflow/dags/ingest_local_folder_dag.py took 0.743 seconds
[2026-03-17T20:39:39.391+0000] {processor.py:157} INFO - Started process (PID=7891) to work on /opt/airflow/dags/ingest_local_folder_dag.py
[2026-03-17T20:39:39.393+0000] {processor.py:829} INFO - Processing file /opt/airflow/dags/ingest_local_folder_dag.py for tasks to queue
[2026-03-17T20:39:39.396+0000] {logging_mixin.py:151} INFO - [2026-03-17T20:39:39.395+0000] {dagbag.py:539} INFO - Filling up the DagBag from /opt/airflow/dags/ingest_local_folder_dag.py
[2026-03-17T20:39:39.938+0000] {processor.py:839} INFO - DAG(s) dict_keys(['ingestionDAG']) retrieved from /opt/airflow/dags/ingest_local_folder_dag.py
[2026-03-17T20:39:40.024+0000] {logging_mixin.py:151} INFO - [2026-03-17T20:39:40.024+0000] {dag.py:2915} INFO - Sync 1 DAGs
[2026-03-17T20:39:40.083+0000] {logging_mixin.py:151} INFO - [2026-03-17T20:39:40.082+0000] {dag.py:3696} INFO - Setting next_dagrun for ingestionDAG to 2026-03-17T20:39:10.082146+00:00, run_after=2026-03-17T20:39:40.082146+00:00
[2026-03-17T20:39:40.128+0000] {processor.py:179} INFO - Processing /opt/airflow/dags/ingest_local_folder_dag.py took 0.748 seconds
[2026-03-17T20:40:10.631+0000] {processor.py:157} INFO - Started process (PID=7909) to work on /opt/airflow/dags/ingest_local_folder_dag.py
[2026-03-17T20:40:10.633+0000] {processor.py:829} INFO - Processing file /opt/airflow/dags/ingest_local_folder_dag.py for tasks to queue
[2026-03-17T20:40:10.636+0000] {logging_mixin.py:151} INFO - [2026-03-17T20:40:10.635+0000] {dagbag.py:539} INFO - Filling up the DagBag from /opt/airflow/dags/ingest_local_folder_dag.py
[2026-03-17T20:40:11.176+0000] {processor.py:839} INFO - DAG(s) dict_keys(['ingestionDAG']) retrieved from /opt/airflow/dags/ingest_local_folder_dag.py
[2026-03-17T20:40:11.261+0000] {logging_mixin.py:151} INFO - [2026-03-17T20:40:11.261+0000] {dag.py:2915} INFO - Sync 1 DAGs
[2026-03-17T20:40:11.319+0000] {logging_mixin.py:151} INFO - [2026-03-17T20:40:11.318+0000] {dag.py:3696} INFO - Setting next_dagrun for ingestionDAG to 2026-03-17T20:39:41.318177+00:00, run_after=2026-03-17T20:40:11.318177+00:00
[2026-03-17T20:40:11.359+0000] {processor.py:179} INFO - Processing /opt/airflow/dags/ingest_local_folder_dag.py took 0.738 seconds
[2026-03-17T20:40:41.943+0000] {processor.py:157} INFO - Started process (PID=7927) to work on /opt/airflow/dags/ingest_local_folder_dag.py
[2026-03-17T20:40:41.945+0000] {processor.py:829} INFO - Processing file /opt/airflow/dags/ingest_local_folder_dag.py for tasks to queue
[2026-03-17T20:40:41.947+0000] {logging_mixin.py:151} INFO - [2026-03-17T20:40:41.946+0000] {dagbag.py:539} INFO - Filling up the DagBag from /opt/airflow/dags/ingest_local_folder_dag.py
[2026-03-17T20:40:42.486+0000] {processor.py:839} INFO - DAG(s) dict_keys(['ingestionDAG']) retrieved from /opt/airflow/dags/ingest_local_folder_dag.py
[2026-03-17T20:40:42.572+0000] {logging_mixin.py:151} INFO - [2026-03-17T20:40:42.571+0000] {dag.py:2915} INFO - Sync 1 DAGs
[2026-03-17T20:40:42.632+0000] {logging_mixin.py:151} INFO - [2026-03-17T20:40:42.631+0000] {dag.py:3696} INFO - Setting next_dagrun for ingestionDAG to 2026-03-17T20:40:12.631192+00:00, run_after=2026-03-17T20:40:42.631192+00:00
[2026-03-17T20:40:42.673+0000] {processor.py:179} INFO - Processing /opt/airflow/dags/ingest_local_folder_dag.py took 0.739 seconds
[2026-03-17T20:41:13.207+0000] {processor.py:157} INFO - Started process (PID=7945) to work on /opt/airflow/dags/ingest_local_folder_dag.py
[2026-03-17T20:41:13.209+0000] {processor.py:829} INFO - Processing file /opt/airflow/dags/ingest_local_folder_dag.py for tasks to queue
[2026-03-17T20:41:13.211+0000] {logging_mixin.py:151} INFO - [2026-03-17T20:41:13.210+0000] {dagbag.py:539} INFO - Filling up the DagBag from /opt/airflow/dags/ingest_local_folder_dag.py
[2026-03-17T20:41:13.753+0000] {processor.py:839} INFO - DAG(s) dict_keys(['ingestionDAG']) retrieved from /opt/airflow/dags/ingest_local_folder_dag.py
[2026-03-17T20:41:13.840+0000] {logging_mixin.py:151} INFO - [2026-03-17T20:41:13.840+0000] {dag.py:2915} INFO - Sync 1 DAGs
[2026-03-17T20:41:13.898+0000] {logging_mixin.py:151} INFO - [2026-03-17T20:41:13.898+0000] {dag.py:3696} INFO - Setting next_dagrun for ingestionDAG to 2026-03-17T20:40:43.897538+00:00, run_after=2026-03-17T20:41:13.897538+00:00
[2026-03-17T20:41:13.939+0000] {processor.py:179} INFO - Processing /opt/airflow/dags/ingest_local_folder_dag.py took 0.741 seconds
[2026-03-17T20:41:44.452+0000] {processor.py:157} INFO - Started process (PID=7961) to work on /opt/airflow/dags/ingest_local_folder_dag.py
[2026-03-17T20:41:44.454+0000] {processor.py:829} INFO - Processing file /opt/airflow/dags/ingest_local_folder_dag.py for tasks to queue
[2026-03-17T20:41:44.456+0000] {logging_mixin.py:151} INFO - [2026-03-17T20:41:44.455+0000] {dagbag.py:539} INFO - Filling up the DagBag from /opt/airflow/dags/ingest_local_folder_dag.py
[2026-03-17T20:41:45.008+0000] {processor.py:839} INFO - DAG(s) dict_keys(['ingestionDAG']) retrieved from /opt/airflow/dags/ingest_local_folder_dag.py
[2026-03-17T20:41:45.095+0000] {logging_mixin.py:151} INFO - [2026-03-17T20:41:45.094+0000] {dag.py:2915} INFO - Sync 1 DAGs
[2026-03-17T20:41:45.152+0000] {logging_mixin.py:151} INFO - [2026-03-17T20:41:45.152+0000] {dag.py:3696} INFO - Setting next_dagrun for ingestionDAG to 2026-03-17T20:41:15.151554+00:00, run_after=2026-03-17T20:41:45.151554+00:00
[2026-03-17T20:41:45.193+0000] {processor.py:179} INFO - Processing /opt/airflow/dags/ingest_local_folder_dag.py took 0.752 seconds
[2026-03-17T20:42:15.656+0000] {processor.py:157} INFO - Started process (PID=7978) to work on /opt/airflow/dags/ingest_local_folder_dag.py
[2026-03-17T20:42:15.659+0000] {processor.py:829} INFO - Processing file /opt/airflow/dags/ingest_local_folder_dag.py for tasks to queue
[2026-03-17T20:42:15.661+0000] {logging_mixin.py:151} INFO - [2026-03-17T20:42:15.660+0000] {dagbag.py:539} INFO - Filling up the DagBag from /opt/airflow/dags/ingest_local_folder_dag.py
[2026-03-17T20:42:16.241+0000] {processor.py:839} INFO - DAG(s) dict_keys(['ingestionDAG']) retrieved from /opt/airflow/dags/ingest_local_folder_dag.py
[2026-03-17T20:42:16.338+0000] {logging_mixin.py:151} INFO - [2026-03-17T20:42:16.338+0000] {dag.py:2915} INFO - Sync 1 DAGs
[2026-03-17T20:42:16.403+0000] {logging_mixin.py:151} INFO - [2026-03-17T20:42:16.403+0000] {dag.py:3696} INFO - Setting next_dagrun for ingestionDAG to 2026-03-17T20:41:46.402423+00:00, run_after=2026-03-17T20:42:16.402423+00:00
[2026-03-17T20:42:16.447+0000] {processor.py:179} INFO - Processing /opt/airflow/dags/ingest_local_folder_dag.py took 0.801 seconds
[2026-03-17T20:42:46.872+0000] {processor.py:157} INFO - Started process (PID=7993) to work on /opt/airflow/dags/ingest_local_folder_dag.py
[2026-03-17T20:42:46.874+0000] {processor.py:829} INFO - Processing file /opt/airflow/dags/ingest_local_folder_dag.py for tasks to queue
[2026-03-17T20:42:46.877+0000] {logging_mixin.py:151} INFO - [2026-03-17T20:42:46.876+0000] {dagbag.py:539} INFO - Filling up the DagBag from /opt/airflow/dags/ingest_local_folder_dag.py
[2026-03-17T20:42:47.444+0000] {processor.py:839} INFO - DAG(s) dict_keys(['ingestionDAG']) retrieved from /opt/airflow/dags/ingest_local_folder_dag.py
[2026-03-17T20:42:47.532+0000] {logging_mixin.py:151} INFO - [2026-03-17T20:42:47.532+0000] {dag.py:2915} INFO - Sync 1 DAGs
[2026-03-17T20:42:47.592+0000] {logging_mixin.py:151} INFO - [2026-03-17T20:42:47.591+0000] {dag.py:3696} INFO - Setting next_dagrun for ingestionDAG to 2026-03-17T20:42:17.591173+00:00, run_after=2026-03-17T20:42:47.591173+00:00
[2026-03-17T20:42:47.632+0000] {processor.py:179} INFO - Processing /opt/airflow/dags/ingest_local_folder_dag.py took 0.772 seconds
[2026-03-17T20:43:17.841+0000] {processor.py:157} INFO - Started process (PID=8011) to work on /opt/airflow/dags/ingest_local_folder_dag.py
[2026-03-17T20:43:17.843+0000] {processor.py:829} INFO - Processing file /opt/airflow/dags/ingest_local_folder_dag.py for tasks to queue
[2026-03-17T20:43:17.845+0000] {logging_mixin.py:151} INFO - [2026-03-17T20:43:17.844+0000] {dagbag.py:539} INFO - Filling up the DagBag from /opt/airflow/dags/ingest_local_folder_dag.py
[2026-03-17T20:43:18.428+0000] {processor.py:839} INFO - DAG(s) dict_keys(['ingestionDAG']) retrieved from /opt/airflow/dags/ingest_local_folder_dag.py
[2026-03-17T20:43:18.523+0000] {logging_mixin.py:151} INFO - [2026-03-17T20:43:18.523+0000] {dag.py:2915} INFO - Sync 1 DAGs
[2026-03-17T20:43:18.581+0000] {logging_mixin.py:151} INFO - [2026-03-17T20:43:18.580+0000] {dag.py:3696} INFO - Setting next_dagrun for ingestionDAG to 2026-03-17T20:42:48.580180+00:00, run_after=2026-03-17T20:43:18.580180+00:00
[2026-03-17T20:43:18.621+0000] {processor.py:179} INFO - Processing /opt/airflow/dags/ingest_local_folder_dag.py took 0.792 seconds
[2026-03-17T20:43:49.038+0000] {processor.py:157} INFO - Started process (PID=8032) to work on /opt/airflow/dags/ingest_local_folder_dag.py
[2026-03-17T20:43:49.041+0000] {processor.py:829} INFO - Processing file /opt/airflow/dags/ingest_local_folder_dag.py for tasks to queue
[2026-03-17T20:43:49.043+0000] {logging_mixin.py:151} INFO - [2026-03-17T20:43:49.042+0000] {dagbag.py:539} INFO - Filling up the DagBag from /opt/airflow/dags/ingest_local_folder_dag.py
[2026-03-17T20:43:49.628+0000] {processor.py:839} INFO - DAG(s) dict_keys(['ingestionDAG']) retrieved from /opt/airflow/dags/ingest_local_folder_dag.py
[2026-03-17T20:43:49.714+0000] {logging_mixin.py:151} INFO - [2026-03-17T20:43:49.714+0000] {dag.py:2915} INFO - Sync 1 DAGs
[2026-03-17T20:43:49.771+0000] {logging_mixin.py:151} INFO - [2026-03-17T20:43:49.771+0000] {dag.py:3696} INFO - Setting next_dagrun for ingestionDAG to 2026-03-17T20:43:19.770747+00:00, run_after=2026-03-17T20:43:49.770747+00:00
[2026-03-17T20:43:49.812+0000] {processor.py:179} INFO - Processing /opt/airflow/dags/ingest_local_folder_dag.py took 0.785 seconds
[2026-03-17T20:44:19.891+0000] {processor.py:157} INFO - Started process (PID=8052) to work on /opt/airflow/dags/ingest_local_folder_dag.py
[2026-03-17T20:44:19.893+0000] {processor.py:829} INFO - Processing file /opt/airflow/dags/ingest_local_folder_dag.py for tasks to queue
[2026-03-17T20:44:19.895+0000] {logging_mixin.py:151} INFO - [2026-03-17T20:44:19.894+0000] {dagbag.py:539} INFO - Filling up the DagBag from /opt/airflow/dags/ingest_local_folder_dag.py
[2026-03-17T20:44:20.453+0000] {processor.py:839} INFO - DAG(s) dict_keys(['ingestionDAG']) retrieved from /opt/airflow/dags/ingest_local_folder_dag.py
[2026-03-17T20:44:20.541+0000] {logging_mixin.py:151} INFO - [2026-03-17T20:44:20.540+0000] {dag.py:2915} INFO - Sync 1 DAGs
[2026-03-17T20:44:20.599+0000] {logging_mixin.py:151} INFO - [2026-03-17T20:44:20.598+0000] {dag.py:3696} INFO - Setting next_dagrun for ingestionDAG to 2026-03-17T20:43:50.598319+00:00, run_after=2026-03-17T20:44:20.598319+00:00
[2026-03-17T20:44:20.643+0000] {processor.py:179} INFO - Processing /opt/airflow/dags/ingest_local_folder_dag.py took 0.764 seconds
[2026-03-17T20:44:50.904+0000] {processor.py:157} INFO - Started process (PID=8070) to work on /opt/airflow/dags/ingest_local_folder_dag.py
[2026-03-17T20:44:50.906+0000] {processor.py:829} INFO - Processing file /opt/airflow/dags/ingest_local_folder_dag.py for tasks to queue
[2026-03-17T20:44:50.908+0000] {logging_mixin.py:151} INFO - [2026-03-17T20:44:50.907+0000] {dagbag.py:539} INFO - Filling up the DagBag from /opt/airflow/dags/ingest_local_folder_dag.py
[2026-03-17T20:44:51.447+0000] {processor.py:839} INFO - DAG(s) dict_keys(['ingestionDAG']) retrieved from /opt/airflow/dags/ingest_local_folder_dag.py
[2026-03-17T20:44:51.532+0000] {logging_mixin.py:151} INFO - [2026-03-17T20:44:51.532+0000] {dag.py:2915} INFO - Sync 1 DAGs
[2026-03-17T20:44:51.592+0000] {logging_mixin.py:151} INFO - [2026-03-17T20:44:51.592+0000] {dag.py:3696} INFO - Setting next_dagrun for ingestionDAG to 2026-03-17T20:44:21.591579+00:00, run_after=2026-03-17T20:44:51.591579+00:00
[2026-03-17T20:44:51.633+0000] {processor.py:179} INFO - Processing /opt/airflow/dags/ingest_local_folder_dag.py took 0.740 seconds
[2026-03-17T20:45:21.771+0000] {processor.py:157} INFO - Started process (PID=8088) to work on /opt/airflow/dags/ingest_local_folder_dag.py
[2026-03-17T20:45:21.773+0000] {processor.py:829} INFO - Processing file /opt/airflow/dags/ingest_local_folder_dag.py for tasks to queue
[2026-03-17T20:45:21.775+0000] {logging_mixin.py:151} INFO - [2026-03-17T20:45:21.774+0000] {dagbag.py:539} INFO - Filling up the DagBag from /opt/airflow/dags/ingest_local_folder_dag.py
[2026-03-17T20:45:22.315+0000] {processor.py:839} INFO - DAG(s) dict_keys(['ingestionDAG']) retrieved from /opt/airflow/dags/ingest_local_folder_dag.py
[2026-03-17T20:45:22.403+0000] {logging_mixin.py:151} INFO - [2026-03-17T20:45:22.403+0000] {dag.py:2915} INFO - Sync 1 DAGs
[2026-03-17T20:45:22.460+0000] {logging_mixin.py:151} INFO - [2026-03-17T20:45:22.460+0000] {dag.py:3696} INFO - Setting next_dagrun for ingestionDAG to 2026-03-17T20:44:52.459890+00:00, run_after=2026-03-17T20:45:22.459890+00:00
[2026-03-17T20:45:22.501+0000] {processor.py:179} INFO - Processing /opt/airflow/dags/ingest_local_folder_dag.py took 0.741 seconds
[2026-03-17T20:45:52.757+0000] {processor.py:157} INFO - Started process (PID=8106) to work on /opt/airflow/dags/ingest_local_folder_dag.py
[2026-03-17T20:45:52.759+0000] {processor.py:829} INFO - Processing file /opt/airflow/dags/ingest_local_folder_dag.py for tasks to queue
[2026-03-17T20:45:52.761+0000] {logging_mixin.py:151} INFO - [2026-03-17T20:45:52.760+0000] {dagbag.py:539} INFO - Filling up the DagBag from /opt/airflow/dags/ingest_local_folder_dag.py
[2026-03-17T20:45:53.298+0000] {processor.py:839} INFO - DAG(s) dict_keys(['ingestionDAG']) retrieved from /opt/airflow/dags/ingest_local_folder_dag.py
[2026-03-17T20:45:53.383+0000] {logging_mixin.py:151} INFO - [2026-03-17T20:45:53.383+0000] {dag.py:2915} INFO - Sync 1 DAGs
[2026-03-17T20:45:53.440+0000] {logging_mixin.py:151} INFO - [2026-03-17T20:45:53.440+0000] {dag.py:3696} INFO - Setting next_dagrun for ingestionDAG to 2026-03-17T20:45:23.439444+00:00, run_after=2026-03-17T20:45:53.439444+00:00
[2026-03-17T20:45:53.481+0000] {processor.py:179} INFO - Processing /opt/airflow/dags/ingest_local_folder_dag.py took 0.735 seconds
[2026-03-17T20:46:24.176+0000] {processor.py:157} INFO - Started process (PID=8124) to work on /opt/airflow/dags/ingest_local_folder_dag.py
[2026-03-17T20:46:24.179+0000] {processor.py:829} INFO - Processing file /opt/airflow/dags/ingest_local_folder_dag.py for tasks to queue
[2026-03-17T20:46:24.181+0000] {logging_mixin.py:151} INFO - [2026-03-17T20:46:24.180+0000] {dagbag.py:539} INFO - Filling up the DagBag from /opt/airflow/dags/ingest_local_folder_dag.py
[2026-03-17T20:46:24.718+0000] {processor.py:839} INFO - DAG(s) dict_keys(['ingestionDAG']) retrieved from /opt/airflow/dags/ingest_local_folder_dag.py
[2026-03-17T20:46:24.803+0000] {logging_mixin.py:151} INFO - [2026-03-17T20:46:24.803+0000] {dag.py:2915} INFO - Sync 1 DAGs
[2026-03-17T20:46:24.860+0000] {logging_mixin.py:151} INFO - [2026-03-17T20:46:24.860+0000] {dag.py:3696} INFO - Setting next_dagrun for ingestionDAG to 2026-03-17T20:45:54.859644+00:00, run_after=2026-03-17T20:46:24.859644+00:00
[2026-03-17T20:46:24.905+0000] {processor.py:179} INFO - Processing /opt/airflow/dags/ingest_local_folder_dag.py took 0.740 seconds
[2026-03-17T20:46:55.047+0000] {processor.py:157} INFO - Started process (PID=8142) to work on /opt/airflow/dags/ingest_local_folder_dag.py
[2026-03-17T20:46:55.050+0000] {processor.py:829} INFO - Processing file /opt/airflow/dags/ingest_local_folder_dag.py for tasks to queue
[2026-03-17T20:46:55.052+0000] {logging_mixin.py:151} INFO - [2026-03-17T20:46:55.051+0000] {dagbag.py:539} INFO - Filling up the DagBag from /opt/airflow/dags/ingest_local_folder_dag.py
[2026-03-17T20:46:55.592+0000] {processor.py:839} INFO - DAG(s) dict_keys(['ingestionDAG']) retrieved from /opt/airflow/dags/ingest_local_folder_dag.py
[2026-03-17T20:46:55.679+0000] {logging_mixin.py:151} INFO - [2026-03-17T20:46:55.679+0000] {dag.py:2915} INFO - Sync 1 DAGs
[2026-03-17T20:46:55.740+0000] {logging_mixin.py:151} INFO - [2026-03-17T20:46:55.739+0000] {dag.py:3696} INFO - Setting next_dagrun for ingestionDAG to 2026-03-17T20:46:25.739423+00:00, run_after=2026-03-17T20:46:55.739423+00:00
[2026-03-17T20:46:55.781+0000] {processor.py:179} INFO - Processing /opt/airflow/dags/ingest_local_folder_dag.py took 0.745 seconds
[2026-03-17T20:47:25.972+0000] {processor.py:157} INFO - Started process (PID=8160) to work on /opt/airflow/dags/ingest_local_folder_dag.py
[2026-03-17T20:47:25.974+0000] {processor.py:829} INFO - Processing file /opt/airflow/dags/ingest_local_folder_dag.py for tasks to queue
[2026-03-17T20:47:25.977+0000] {logging_mixin.py:151} INFO - [2026-03-17T20:47:25.975+0000] {dagbag.py:539} INFO - Filling up the DagBag from /opt/airflow/dags/ingest_local_folder_dag.py
[2026-03-17T20:47:26.550+0000] {processor.py:839} INFO - DAG(s) dict_keys(['ingestionDAG']) retrieved from /opt/airflow/dags/ingest_local_folder_dag.py
[2026-03-17T20:47:26.647+0000] {logging_mixin.py:151} INFO - [2026-03-17T20:47:26.647+0000] {dag.py:2915} INFO - Sync 1 DAGs
[2026-03-17T20:47:26.711+0000] {logging_mixin.py:151} INFO - [2026-03-17T20:47:26.711+0000] {dag.py:3696} INFO - Setting next_dagrun for ingestionDAG to 2026-03-17T20:46:56.710570+00:00, run_after=2026-03-17T20:47:26.710570+00:00
[2026-03-17T20:47:26.756+0000] {processor.py:179} INFO - Processing /opt/airflow/dags/ingest_local_folder_dag.py took 0.796 seconds
[2026-03-17T20:47:57.056+0000] {processor.py:157} INFO - Started process (PID=8178) to work on /opt/airflow/dags/ingest_local_folder_dag.py
[2026-03-17T20:47:57.058+0000] {processor.py:829} INFO - Processing file /opt/airflow/dags/ingest_local_folder_dag.py for tasks to queue
[2026-03-17T20:47:57.060+0000] {logging_mixin.py:151} INFO - [2026-03-17T20:47:57.059+0000] {dagbag.py:539} INFO - Filling up the DagBag from /opt/airflow/dags/ingest_local_folder_dag.py
[2026-03-17T20:47:57.633+0000] {processor.py:839} INFO - DAG(s) dict_keys(['ingestionDAG']) retrieved from /opt/airflow/dags/ingest_local_folder_dag.py
[2026-03-17T20:47:57.729+0000] {logging_mixin.py:151} INFO - [2026-03-17T20:47:57.729+0000] {dag.py:2915} INFO - Sync 1 DAGs
[2026-03-17T20:47:57.793+0000] {logging_mixin.py:151} INFO - [2026-03-17T20:47:57.793+0000] {dag.py:3696} INFO - Setting next_dagrun for ingestionDAG to 2026-03-17T20:47:27.792726+00:00, run_after=2026-03-17T20:47:57.792726+00:00
[2026-03-17T20:47:57.834+0000] {processor.py:179} INFO - Processing /opt/airflow/dags/ingest_local_folder_dag.py took 0.790 seconds
[2026-03-17T20:48:28.139+0000] {processor.py:157} INFO - Started process (PID=8196) to work on /opt/airflow/dags/ingest_local_folder_dag.py
[2026-03-17T20:48:28.142+0000] {processor.py:829} INFO - Processing file /opt/airflow/dags/ingest_local_folder_dag.py for tasks to queue
[2026-03-17T20:48:28.144+0000] {logging_mixin.py:151} INFO - [2026-03-17T20:48:28.143+0000] {dagbag.py:539} INFO - Filling up the DagBag from /opt/airflow/dags/ingest_local_folder_dag.py
[2026-03-17T20:48:28.711+0000] {processor.py:839} INFO - DAG(s) dict_keys(['ingestionDAG']) retrieved from /opt/airflow/dags/ingest_local_folder_dag.py
[2026-03-17T20:48:28.807+0000] {logging_mixin.py:151} INFO - [2026-03-17T20:48:28.806+0000] {dag.py:2915} INFO - Sync 1 DAGs
[2026-03-17T20:48:28.865+0000] {logging_mixin.py:151} INFO - [2026-03-17T20:48:28.865+0000] {dag.py:3696} INFO - Setting next_dagrun for ingestionDAG to 2026-03-17T20:47:58.864688+00:00, run_after=2026-03-17T20:48:28.864688+00:00
[2026-03-17T20:48:28.910+0000] {processor.py:179} INFO - Processing /opt/airflow/dags/ingest_local_folder_dag.py took 0.782 seconds
[2026-03-17T20:48:59.210+0000] {processor.py:157} INFO - Started process (PID=8214) to work on /opt/airflow/dags/ingest_local_folder_dag.py
[2026-03-17T20:48:59.212+0000] {processor.py:829} INFO - Processing file /opt/airflow/dags/ingest_local_folder_dag.py for tasks to queue
[2026-03-17T20:48:59.214+0000] {logging_mixin.py:151} INFO - [2026-03-17T20:48:59.213+0000] {dagbag.py:539} INFO - Filling up the DagBag from /opt/airflow/dags/ingest_local_folder_dag.py
[2026-03-17T20:48:59.780+0000] {processor.py:839} INFO - DAG(s) dict_keys(['ingestionDAG']) retrieved from /opt/airflow/dags/ingest_local_folder_dag.py
[2026-03-17T20:48:59.873+0000] {logging_mixin.py:151} INFO - [2026-03-17T20:48:59.873+0000] {dag.py:2915} INFO - Sync 1 DAGs
[2026-03-17T20:48:59.933+0000] {logging_mixin.py:151} INFO - [2026-03-17T20:48:59.932+0000] {dag.py:3696} INFO - Setting next_dagrun for ingestionDAG to 2026-03-17T20:48:29.932260+00:00, run_after=2026-03-17T20:48:59.932260+00:00
[2026-03-17T20:48:59.974+0000] {processor.py:179} INFO - Processing /opt/airflow/dags/ingest_local_folder_dag.py took 0.776 seconds
[2026-03-17T20:49:30.047+0000] {processor.py:157} INFO - Started process (PID=8232) to work on /opt/airflow/dags/ingest_local_folder_dag.py
[2026-03-17T20:49:30.049+0000] {processor.py:829} INFO - Processing file /opt/airflow/dags/ingest_local_folder_dag.py for tasks to queue
[2026-03-17T20:49:30.052+0000] {logging_mixin.py:151} INFO - [2026-03-17T20:49:30.051+0000] {dagbag.py:539} INFO - Filling up the DagBag from /opt/airflow/dags/ingest_local_folder_dag.py
[2026-03-17T20:49:30.628+0000] {processor.py:839} INFO - DAG(s) dict_keys(['ingestionDAG']) retrieved from /opt/airflow/dags/ingest_local_folder_dag.py
[2026-03-17T20:49:30.727+0000] {logging_mixin.py:151} INFO - [2026-03-17T20:49:30.727+0000] {dag.py:2915} INFO - Sync 1 DAGs
[2026-03-17T20:49:30.791+0000] {logging_mixin.py:151} INFO - [2026-03-17T20:49:30.791+0000] {dag.py:3696} INFO - Setting next_dagrun for ingestionDAG to 2026-03-17T20:49:00.790713+00:00, run_after=2026-03-17T20:49:30.790713+00:00
[2026-03-17T20:49:30.837+0000] {processor.py:179} INFO - Processing /opt/airflow/dags/ingest_local_folder_dag.py took 0.802 seconds
[2026-03-17T20:50:01.112+0000] {processor.py:157} INFO - Started process (PID=8250) to work on /opt/airflow/dags/ingest_local_folder_dag.py
[2026-03-17T20:50:01.114+0000] {processor.py:829} INFO - Processing file /opt/airflow/dags/ingest_local_folder_dag.py for tasks to queue
[2026-03-17T20:50:01.116+0000] {logging_mixin.py:151} INFO - [2026-03-17T20:50:01.115+0000] {dagbag.py:539} INFO - Filling up the DagBag from /opt/airflow/dags/ingest_local_folder_dag.py
[2026-03-17T20:50:01.684+0000] {processor.py:839} INFO - DAG(s) dict_keys(['ingestionDAG']) retrieved from /opt/airflow/dags/ingest_local_folder_dag.py
[2026-03-17T20:50:01.781+0000] {logging_mixin.py:151} INFO - [2026-03-17T20:50:01.781+0000] {dag.py:2915} INFO - Sync 1 DAGs
[2026-03-17T20:50:01.846+0000] {logging_mixin.py:151} INFO - [2026-03-17T20:50:01.846+0000] {dag.py:3696} INFO - Setting next_dagrun for ingestionDAG to 2026-03-17T20:49:31.845812+00:00, run_after=2026-03-17T20:50:01.845812+00:00
[2026-03-17T20:50:01.895+0000] {processor.py:179} INFO - Processing /opt/airflow/dags/ingest_local_folder_dag.py took 0.795 seconds
[2026-03-17T20:50:32.202+0000] {processor.py:157} INFO - Started process (PID=8268) to work on /opt/airflow/dags/ingest_local_folder_dag.py
[2026-03-17T20:50:32.205+0000] {processor.py:829} INFO - Processing file /opt/airflow/dags/ingest_local_folder_dag.py for tasks to queue
[2026-03-17T20:50:32.207+0000] {logging_mixin.py:151} INFO - [2026-03-17T20:50:32.206+0000] {dagbag.py:539} INFO - Filling up the DagBag from /opt/airflow/dags/ingest_local_folder_dag.py
[2026-03-17T20:50:32.771+0000] {processor.py:839} INFO - DAG(s) dict_keys(['ingestionDAG']) retrieved from /opt/airflow/dags/ingest_local_folder_dag.py
[2026-03-17T20:50:32.867+0000] {logging_mixin.py:151} INFO - [2026-03-17T20:50:32.867+0000] {dag.py:2915} INFO - Sync 1 DAGs
[2026-03-17T20:50:32.935+0000] {logging_mixin.py:151} INFO - [2026-03-17T20:50:32.934+0000] {dag.py:3696} INFO - Setting next_dagrun for ingestionDAG to 2026-03-17T20:50:02.934132+00:00, run_after=2026-03-17T20:50:32.934132+00:00
[2026-03-17T20:50:32.977+0000] {processor.py:179} INFO - Processing /opt/airflow/dags/ingest_local_folder_dag.py took 0.787 seconds
[2026-03-17T20:51:03.285+0000] {processor.py:157} INFO - Started process (PID=8286) to work on /opt/airflow/dags/ingest_local_folder_dag.py
[2026-03-17T20:51:03.288+0000] {processor.py:829} INFO - Processing file /opt/airflow/dags/ingest_local_folder_dag.py for tasks to queue
[2026-03-17T20:51:03.290+0000] {logging_mixin.py:151} INFO - [2026-03-17T20:51:03.289+0000] {dagbag.py:539} INFO - Filling up the DagBag from /opt/airflow/dags/ingest_local_folder_dag.py
[2026-03-17T20:51:03.858+0000] {processor.py:839} INFO - DAG(s) dict_keys(['ingestionDAG']) retrieved from /opt/airflow/dags/ingest_local_folder_dag.py
[2026-03-17T20:51:03.956+0000] {logging_mixin.py:151} INFO - [2026-03-17T20:51:03.956+0000] {dag.py:2915} INFO - Sync 1 DAGs
[2026-03-17T20:51:04.017+0000] {logging_mixin.py:151} INFO - [2026-03-17T20:51:04.017+0000] {dag.py:3696} INFO - Setting next_dagrun for ingestionDAG to 2026-03-17T20:50:34.016686+00:00, run_after=2026-03-17T20:51:04.016686+00:00
[2026-03-17T20:51:04.061+0000] {processor.py:179} INFO - Processing /opt/airflow/dags/ingest_local_folder_dag.py took 0.787 seconds
[2026-03-17T20:51:34.794+0000] {processor.py:157} INFO - Started process (PID=8304) to work on /opt/airflow/dags/ingest_local_folder_dag.py
[2026-03-17T20:51:34.797+0000] {processor.py:829} INFO - Processing file /opt/airflow/dags/ingest_local_folder_dag.py for tasks to queue
[2026-03-17T20:51:34.799+0000] {logging_mixin.py:151} INFO - [2026-03-17T20:51:34.798+0000] {dagbag.py:539} INFO - Filling up the DagBag from /opt/airflow/dags/ingest_local_folder_dag.py
[2026-03-17T20:51:35.379+0000] {processor.py:839} INFO - DAG(s) dict_keys(['ingestionDAG']) retrieved from /opt/airflow/dags/ingest_local_folder_dag.py
[2026-03-17T20:51:35.474+0000] {logging_mixin.py:151} INFO - [2026-03-17T20:51:35.474+0000] {dag.py:2915} INFO - Sync 1 DAGs
[2026-03-17T20:51:35.537+0000] {logging_mixin.py:151} INFO - [2026-03-17T20:51:35.536+0000] {dag.py:3696} INFO - Setting next_dagrun for ingestionDAG to 2026-03-17T20:51:05.536273+00:00, run_after=2026-03-17T20:51:35.536273+00:00
[2026-03-17T20:51:35.577+0000] {processor.py:179} INFO - Processing /opt/airflow/dags/ingest_local_folder_dag.py took 0.794 seconds
[2026-03-17T20:52:05.885+0000] {processor.py:157} INFO - Started process (PID=8322) to work on /opt/airflow/dags/ingest_local_folder_dag.py
[2026-03-17T20:52:05.887+0000] {processor.py:829} INFO - Processing file /opt/airflow/dags/ingest_local_folder_dag.py for tasks to queue
[2026-03-17T20:52:05.890+0000] {logging_mixin.py:151} INFO - [2026-03-17T20:52:05.889+0000] {dagbag.py:539} INFO - Filling up the DagBag from /opt/airflow/dags/ingest_local_folder_dag.py
[2026-03-17T20:52:06.460+0000] {processor.py:839} INFO - DAG(s) dict_keys(['ingestionDAG']) retrieved from /opt/airflow/dags/ingest_local_folder_dag.py
[2026-03-17T20:52:06.556+0000] {logging_mixin.py:151} INFO - [2026-03-17T20:52:06.556+0000] {dag.py:2915} INFO - Sync 1 DAGs
[2026-03-17T20:52:06.613+0000] {logging_mixin.py:151} INFO - [2026-03-17T20:52:06.613+0000] {dag.py:3696} INFO - Setting next_dagrun for ingestionDAG to 2026-03-17T20:51:36.612952+00:00, run_after=2026-03-17T20:52:06.612952+00:00
[2026-03-17T20:52:06.654+0000] {processor.py:179} INFO - Processing /opt/airflow/dags/ingest_local_folder_dag.py took 0.780 seconds
[2026-03-17T20:52:37.367+0000] {processor.py:157} INFO - Started process (PID=8340) to work on /opt/airflow/dags/ingest_local_folder_dag.py
[2026-03-17T20:52:37.369+0000] {processor.py:829} INFO - Processing file /opt/airflow/dags/ingest_local_folder_dag.py for tasks to queue
[2026-03-17T20:52:37.372+0000] {logging_mixin.py:151} INFO - [2026-03-17T20:52:37.371+0000] {dagbag.py:539} INFO - Filling up the DagBag from /opt/airflow/dags/ingest_local_folder_dag.py
[2026-03-17T20:52:37.938+0000] {processor.py:839} INFO - DAG(s) dict_keys(['ingestionDAG']) retrieved from /opt/airflow/dags/ingest_local_folder_dag.py
[2026-03-17T20:52:38.035+0000] {logging_mixin.py:151} INFO - [2026-03-17T20:52:38.034+0000] {dag.py:2915} INFO - Sync 1 DAGs
[2026-03-17T20:52:38.102+0000] {logging_mixin.py:151} INFO - [2026-03-17T20:52:38.101+0000] {dag.py:3696} INFO - Setting next_dagrun for ingestionDAG to 2026-03-17T20:52:08.101382+00:00, run_after=2026-03-17T20:52:38.101382+00:00
[2026-03-17T20:52:38.143+0000] {processor.py:179} INFO - Processing /opt/airflow/dags/ingest_local_folder_dag.py took 0.788 seconds
[2026-03-17T20:53:08.466+0000] {processor.py:157} INFO - Started process (PID=8358) to work on /opt/airflow/dags/ingest_local_folder_dag.py
[2026-03-17T20:53:08.469+0000] {processor.py:829} INFO - Processing file /opt/airflow/dags/ingest_local_folder_dag.py for tasks to queue
[2026-03-17T20:53:08.471+0000] {logging_mixin.py:151} INFO - [2026-03-17T20:53:08.470+0000] {dagbag.py:539} INFO - Filling up the DagBag from /opt/airflow/dags/ingest_local_folder_dag.py
[2026-03-17T20:53:09.024+0000] {processor.py:839} INFO - DAG(s) dict_keys(['ingestionDAG']) retrieved from /opt/airflow/dags/ingest_local_folder_dag.py
[2026-03-17T20:53:09.122+0000] {logging_mixin.py:151} INFO - [2026-03-17T20:53:09.121+0000] {dag.py:2915} INFO - Sync 1 DAGs
[2026-03-17T20:53:09.180+0000] {logging_mixin.py:151} INFO - [2026-03-17T20:53:09.179+0000] {dag.py:3696} INFO - Setting next_dagrun for ingestionDAG to 2026-03-17T20:52:39.179430+00:00, run_after=2026-03-17T20:53:09.179430+00:00
[2026-03-17T20:53:09.221+0000] {processor.py:179} INFO - Processing /opt/airflow/dags/ingest_local_folder_dag.py took 0.766 seconds
[2026-03-17T20:53:39.490+0000] {processor.py:157} INFO - Started process (PID=8376) to work on /opt/airflow/dags/ingest_local_folder_dag.py
[2026-03-17T20:53:39.492+0000] {processor.py:829} INFO - Processing file /opt/airflow/dags/ingest_local_folder_dag.py for tasks to queue
[2026-03-17T20:53:39.495+0000] {logging_mixin.py:151} INFO - [2026-03-17T20:53:39.494+0000] {dagbag.py:539} INFO - Filling up the DagBag from /opt/airflow/dags/ingest_local_folder_dag.py
[2026-03-17T20:53:40.040+0000] {processor.py:839} INFO - DAG(s) dict_keys(['ingestionDAG']) retrieved from /opt/airflow/dags/ingest_local_folder_dag.py
[2026-03-17T20:53:40.126+0000] {logging_mixin.py:151} INFO - [2026-03-17T20:53:40.126+0000] {dag.py:2915} INFO - Sync 1 DAGs
[2026-03-17T20:53:40.183+0000] {logging_mixin.py:151} INFO - [2026-03-17T20:53:40.183+0000] {dag.py:3696} INFO - Setting next_dagrun for ingestionDAG to 2026-03-17T20:53:10.182459+00:00, run_after=2026-03-17T20:53:40.182459+00:00
[2026-03-17T20:53:40.240+0000] {processor.py:179} INFO - Processing /opt/airflow/dags/ingest_local_folder_dag.py took 0.761 seconds
[2026-03-17T20:54:10.687+0000] {processor.py:157} INFO - Started process (PID=8394) to work on /opt/airflow/dags/ingest_local_folder_dag.py
[2026-03-17T20:54:10.689+0000] {processor.py:829} INFO - Processing file /opt/airflow/dags/ingest_local_folder_dag.py for tasks to queue
[2026-03-17T20:54:10.691+0000] {logging_mixin.py:151} INFO - [2026-03-17T20:54:10.690+0000] {dagbag.py:539} INFO - Filling up the DagBag from /opt/airflow/dags/ingest_local_folder_dag.py
[2026-03-17T20:54:11.227+0000] {processor.py:839} INFO - DAG(s) dict_keys(['ingestionDAG']) retrieved from /opt/airflow/dags/ingest_local_folder_dag.py
[2026-03-17T20:54:11.313+0000] {logging_mixin.py:151} INFO - [2026-03-17T20:54:11.313+0000] {dag.py:2915} INFO - Sync 1 DAGs
[2026-03-17T20:54:11.370+0000] {logging_mixin.py:151} INFO - [2026-03-17T20:54:11.370+0000] {dag.py:3696} INFO - Setting next_dagrun for ingestionDAG to 2026-03-17T20:53:41.369916+00:00, run_after=2026-03-17T20:54:11.369916+00:00
[2026-03-17T20:54:11.415+0000] {processor.py:179} INFO - Processing /opt/airflow/dags/ingest_local_folder_dag.py took 0.739 seconds
[2026-03-17T20:54:41.604+0000] {processor.py:157} INFO - Started process (PID=8412) to work on /opt/airflow/dags/ingest_local_folder_dag.py
[2026-03-17T20:54:41.607+0000] {processor.py:829} INFO - Processing file /opt/airflow/dags/ingest_local_folder_dag.py for tasks to queue
[2026-03-17T20:54:41.609+0000] {logging_mixin.py:151} INFO - [2026-03-17T20:54:41.608+0000] {dagbag.py:539} INFO - Filling up the DagBag from /opt/airflow/dags/ingest_local_folder_dag.py
[2026-03-17T20:54:42.148+0000] {processor.py:839} INFO - DAG(s) dict_keys(['ingestionDAG']) retrieved from /opt/airflow/dags/ingest_local_folder_dag.py
[2026-03-17T20:54:42.237+0000] {logging_mixin.py:151} INFO - [2026-03-17T20:54:42.236+0000] {dag.py:2915} INFO - Sync 1 DAGs
[2026-03-17T20:54:42.296+0000] {logging_mixin.py:151} INFO - [2026-03-17T20:54:42.296+0000] {dag.py:3696} INFO - Setting next_dagrun for ingestionDAG to 2026-03-17T20:54:12.295885+00:00, run_after=2026-03-17T20:54:42.295885+00:00
[2026-03-17T20:54:42.337+0000] {processor.py:179} INFO - Processing /opt/airflow/dags/ingest_local_folder_dag.py took 0.743 seconds
[2026-03-17T20:55:12.604+0000] {processor.py:157} INFO - Started process (PID=8430) to work on /opt/airflow/dags/ingest_local_folder_dag.py
[2026-03-17T20:55:12.606+0000] {processor.py:829} INFO - Processing file /opt/airflow/dags/ingest_local_folder_dag.py for tasks to queue
[2026-03-17T20:55:12.608+0000] {logging_mixin.py:151} INFO - [2026-03-17T20:55:12.607+0000] {dagbag.py:539} INFO - Filling up the DagBag from /opt/airflow/dags/ingest_local_folder_dag.py
[2026-03-17T20:55:13.143+0000] {processor.py:839} INFO - DAG(s) dict_keys(['ingestionDAG']) retrieved from /opt/airflow/dags/ingest_local_folder_dag.py
[2026-03-17T20:55:13.230+0000] {logging_mixin.py:151} INFO - [2026-03-17T20:55:13.229+0000] {dag.py:2915} INFO - Sync 1 DAGs
[2026-03-17T20:55:13.286+0000] {logging_mixin.py:151} INFO - [2026-03-17T20:55:13.286+0000] {dag.py:3696} INFO - Setting next_dagrun for ingestionDAG to 2026-03-17T20:54:43.285925+00:00, run_after=2026-03-17T20:55:13.285925+00:00
[2026-03-17T20:55:13.327+0000] {processor.py:179} INFO - Processing /opt/airflow/dags/ingest_local_folder_dag.py took 0.734 seconds
[2026-03-17T20:55:44.002+0000] {processor.py:157} INFO - Started process (PID=8446) to work on /opt/airflow/dags/ingest_local_folder_dag.py
[2026-03-17T20:55:44.005+0000] {processor.py:829} INFO - Processing file /opt/airflow/dags/ingest_local_folder_dag.py for tasks to queue
[2026-03-17T20:55:44.007+0000] {logging_mixin.py:151} INFO - [2026-03-17T20:55:44.006+0000] {dagbag.py:539} INFO - Filling up the DagBag from /opt/airflow/dags/ingest_local_folder_dag.py
[2026-03-17T20:55:44.569+0000] {processor.py:839} INFO - DAG(s) dict_keys(['ingestionDAG']) retrieved from /opt/airflow/dags/ingest_local_folder_dag.py
[2026-03-17T20:55:44.654+0000] {logging_mixin.py:151} INFO - [2026-03-17T20:55:44.653+0000] {dag.py:2915} INFO - Sync 1 DAGs
[2026-03-17T20:55:44.711+0000] {logging_mixin.py:151} INFO - [2026-03-17T20:55:44.711+0000] {dag.py:3696} INFO - Setting next_dagrun for ingestionDAG to 2026-03-17T20:55:14.710508+00:00, run_after=2026-03-17T20:55:44.710508+00:00
[2026-03-17T20:55:44.753+0000] {processor.py:179} INFO - Processing /opt/airflow/dags/ingest_local_folder_dag.py took 0.761 seconds
[2026-03-17T20:56:15.234+0000] {processor.py:157} INFO - Started process (PID=8463) to work on /opt/airflow/dags/ingest_local_folder_dag.py
[2026-03-17T20:56:15.237+0000] {processor.py:829} INFO - Processing file /opt/airflow/dags/ingest_local_folder_dag.py for tasks to queue
[2026-03-17T20:56:15.239+0000] {logging_mixin.py:151} INFO - [2026-03-17T20:56:15.238+0000] {dagbag.py:539} INFO - Filling up the DagBag from /opt/airflow/dags/ingest_local_folder_dag.py
[2026-03-17T20:56:15.815+0000] {processor.py:839} INFO - DAG(s) dict_keys(['ingestionDAG']) retrieved from /opt/airflow/dags/ingest_local_folder_dag.py
[2026-03-17T20:56:15.906+0000] {logging_mixin.py:151} INFO - [2026-03-17T20:56:15.905+0000] {dag.py:2915} INFO - Sync 1 DAGs
[2026-03-17T20:56:15.964+0000] {logging_mixin.py:151} INFO - [2026-03-17T20:56:15.963+0000] {dag.py:3696} INFO - Setting next_dagrun for ingestionDAG to 2026-03-17T20:55:45.963340+00:00, run_after=2026-03-17T20:56:15.963340+00:00
[2026-03-17T20:56:16.009+0000] {processor.py:179} INFO - Processing /opt/airflow/dags/ingest_local_folder_dag.py took 0.787 seconds
[2026-03-17T20:56:46.421+0000] {processor.py:157} INFO - Started process (PID=8478) to work on /opt/airflow/dags/ingest_local_folder_dag.py
[2026-03-17T20:56:46.423+0000] {processor.py:829} INFO - Processing file /opt/airflow/dags/ingest_local_folder_dag.py for tasks to queue
[2026-03-17T20:56:46.425+0000] {logging_mixin.py:151} INFO - [2026-03-17T20:56:46.424+0000] {dagbag.py:539} INFO - Filling up the DagBag from /opt/airflow/dags/ingest_local_folder_dag.py
[2026-03-17T20:56:46.995+0000] {processor.py:839} INFO - DAG(s) dict_keys(['ingestionDAG']) retrieved from /opt/airflow/dags/ingest_local_folder_dag.py
[2026-03-17T20:56:47.080+0000] {logging_mixin.py:151} INFO - [2026-03-17T20:56:47.080+0000] {dag.py:2915} INFO - Sync 1 DAGs
[2026-03-17T20:56:47.140+0000] {logging_mixin.py:151} INFO - [2026-03-17T20:56:47.140+0000] {dag.py:3696} INFO - Setting next_dagrun for ingestionDAG to 2026-03-17T20:56:17.139481+00:00, run_after=2026-03-17T20:56:47.139481+00:00
[2026-03-17T20:56:47.180+0000] {processor.py:179} INFO - Processing /opt/airflow/dags/ingest_local_folder_dag.py took 0.771 seconds
[2026-03-17T20:57:17.276+0000] {processor.py:157} INFO - Started process (PID=8496) to work on /opt/airflow/dags/ingest_local_folder_dag.py
[2026-03-17T20:57:17.279+0000] {processor.py:829} INFO - Processing file /opt/airflow/dags/ingest_local_folder_dag.py for tasks to queue
[2026-03-17T20:57:17.281+0000] {logging_mixin.py:151} INFO - [2026-03-17T20:57:17.280+0000] {dagbag.py:539} INFO - Filling up the DagBag from /opt/airflow/dags/ingest_local_folder_dag.py
[2026-03-17T20:57:17.853+0000] {processor.py:839} INFO - DAG(s) dict_keys(['ingestionDAG']) retrieved from /opt/airflow/dags/ingest_local_folder_dag.py
[2026-03-17T20:57:17.948+0000] {logging_mixin.py:151} INFO - [2026-03-17T20:57:17.947+0000] {dag.py:2915} INFO - Sync 1 DAGs
[2026-03-17T20:57:18.005+0000] {logging_mixin.py:151} INFO - [2026-03-17T20:57:18.005+0000] {dag.py:3696} INFO - Setting next_dagrun for ingestionDAG to 2026-03-17T20:56:48.004626+00:00, run_after=2026-03-17T20:57:18.004626+00:00
[2026-03-17T20:57:18.047+0000] {processor.py:179} INFO - Processing /opt/airflow/dags/ingest_local_folder_dag.py took 0.782 seconds
[2026-03-17T20:57:48.315+0000] {processor.py:157} INFO - Started process (PID=8514) to work on /opt/airflow/dags/ingest_local_folder_dag.py
[2026-03-17T20:57:48.317+0000] {processor.py:829} INFO - Processing file /opt/airflow/dags/ingest_local_folder_dag.py for tasks to queue
[2026-03-17T20:57:48.319+0000] {logging_mixin.py:151} INFO - [2026-03-17T20:57:48.318+0000] {dagbag.py:539} INFO - Filling up the DagBag from /opt/airflow/dags/ingest_local_folder_dag.py
[2026-03-17T20:57:48.898+0000] {processor.py:839} INFO - DAG(s) dict_keys(['ingestionDAG']) retrieved from /opt/airflow/dags/ingest_local_folder_dag.py
[2026-03-17T20:57:48.989+0000] {logging_mixin.py:151} INFO - [2026-03-17T20:57:48.988+0000] {dag.py:2915} INFO - Sync 1 DAGs
[2026-03-17T20:57:49.047+0000] {logging_mixin.py:151} INFO - [2026-03-17T20:57:49.046+0000] {dag.py:3696} INFO - Setting next_dagrun for ingestionDAG to 2026-03-17T20:57:19.046144+00:00, run_after=2026-03-17T20:57:49.046144+00:00
[2026-03-17T20:57:49.087+0000] {processor.py:179} INFO - Processing /opt/airflow/dags/ingest_local_folder_dag.py took 0.784 seconds
[2026-03-17T20:58:19.184+0000] {processor.py:157} INFO - Started process (PID=8532) to work on /opt/airflow/dags/ingest_local_folder_dag.py
[2026-03-17T20:58:19.187+0000] {processor.py:829} INFO - Processing file /opt/airflow/dags/ingest_local_folder_dag.py for tasks to queue
[2026-03-17T20:58:19.189+0000] {logging_mixin.py:151} INFO - [2026-03-17T20:58:19.188+0000] {dagbag.py:539} INFO - Filling up the DagBag from /opt/airflow/dags/ingest_local_folder_dag.py
[2026-03-17T20:58:19.759+0000] {processor.py:839} INFO - DAG(s) dict_keys(['ingestionDAG']) retrieved from /opt/airflow/dags/ingest_local_folder_dag.py
[2026-03-17T20:58:19.857+0000] {logging_mixin.py:151} INFO - [2026-03-17T20:58:19.857+0000] {dag.py:2915} INFO - Sync 1 DAGs
[2026-03-17T20:58:19.922+0000] {logging_mixin.py:151} INFO - [2026-03-17T20:58:19.922+0000] {dag.py:3696} INFO - Setting next_dagrun for ingestionDAG to 2026-03-17T20:57:49.921522+00:00, run_after=2026-03-17T20:58:19.921522+00:00
[2026-03-17T20:58:19.972+0000] {processor.py:179} INFO - Processing /opt/airflow/dags/ingest_local_folder_dag.py took 0.799 seconds
[2026-03-17T20:58:50.243+0000] {processor.py:157} INFO - Started process (PID=8550) to work on /opt/airflow/dags/ingest_local_folder_dag.py
[2026-03-17T20:58:50.245+0000] {processor.py:829} INFO - Processing file /opt/airflow/dags/ingest_local_folder_dag.py for tasks to queue
[2026-03-17T20:58:50.247+0000] {logging_mixin.py:151} INFO - [2026-03-17T20:58:50.246+0000] {dagbag.py:539} INFO - Filling up the DagBag from /opt/airflow/dags/ingest_local_folder_dag.py
[2026-03-17T20:58:50.818+0000] {processor.py:839} INFO - DAG(s) dict_keys(['ingestionDAG']) retrieved from /opt/airflow/dags/ingest_local_folder_dag.py
[2026-03-17T20:58:50.913+0000] {logging_mixin.py:151} INFO - [2026-03-17T20:58:50.913+0000] {dag.py:2915} INFO - Sync 1 DAGs
[2026-03-17T20:58:50.980+0000] {logging_mixin.py:151} INFO - [2026-03-17T20:58:50.979+0000] {dag.py:3696} INFO - Setting next_dagrun for ingestionDAG to 2026-03-17T20:58:20.979367+00:00, run_after=2026-03-17T20:58:50.979367+00:00
[2026-03-17T20:58:51.025+0000] {processor.py:179} INFO - Processing /opt/airflow/dags/ingest_local_folder_dag.py took 0.793 seconds
[2026-03-17T20:59:21.368+0000] {processor.py:157} INFO - Started process (PID=8568) to work on /opt/airflow/dags/ingest_local_folder_dag.py
[2026-03-17T20:59:21.371+0000] {processor.py:829} INFO - Processing file /opt/airflow/dags/ingest_local_folder_dag.py for tasks to queue
[2026-03-17T20:59:21.373+0000] {logging_mixin.py:151} INFO - [2026-03-17T20:59:21.372+0000] {dagbag.py:539} INFO - Filling up the DagBag from /opt/airflow/dags/ingest_local_folder_dag.py
[2026-03-17T20:59:21.940+0000] {processor.py:839} INFO - DAG(s) dict_keys(['ingestionDAG']) retrieved from /opt/airflow/dags/ingest_local_folder_dag.py
[2026-03-17T20:59:22.038+0000] {logging_mixin.py:151} INFO - [2026-03-17T20:59:22.037+0000] {dag.py:2915} INFO - Sync 1 DAGs
[2026-03-17T20:59:22.097+0000] {logging_mixin.py:151} INFO - [2026-03-17T20:59:22.097+0000] {dag.py:3696} INFO - Setting next_dagrun for ingestionDAG to 2026-03-17T20:58:52.096636+00:00, run_after=2026-03-17T20:59:22.096636+00:00
[2026-03-17T20:59:22.137+0000] {processor.py:179} INFO - Processing /opt/airflow/dags/ingest_local_folder_dag.py took 0.781 seconds
[2026-03-17T20:59:52.441+0000] {processor.py:157} INFO - Started process (PID=8586) to work on /opt/airflow/dags/ingest_local_folder_dag.py
[2026-03-17T20:59:52.443+0000] {processor.py:829} INFO - Processing file /opt/airflow/dags/ingest_local_folder_dag.py for tasks to queue
[2026-03-17T20:59:52.445+0000] {logging_mixin.py:151} INFO - [2026-03-17T20:59:52.444+0000] {dagbag.py:539} INFO - Filling up the DagBag from /opt/airflow/dags/ingest_local_folder_dag.py
[2026-03-17T20:59:53.027+0000] {processor.py:839} INFO - DAG(s) dict_keys(['ingestionDAG']) retrieved from /opt/airflow/dags/ingest_local_folder_dag.py
[2026-03-17T20:59:53.119+0000] {logging_mixin.py:151} INFO - [2026-03-17T20:59:53.119+0000] {dag.py:2915} INFO - Sync 1 DAGs
[2026-03-17T20:59:53.176+0000] {logging_mixin.py:151} INFO - [2026-03-17T20:59:53.176+0000] {dag.py:3696} INFO - Setting next_dagrun for ingestionDAG to 2026-03-17T20:59:23.175653+00:00, run_after=2026-03-17T20:59:53.175653+00:00
[2026-03-17T20:59:53.217+0000] {processor.py:179} INFO - Processing /opt/airflow/dags/ingest_local_folder_dag.py took 0.787 seconds
[2026-03-17T21:00:23.519+0000] {processor.py:157} INFO - Started process (PID=8604) to work on /opt/airflow/dags/ingest_local_folder_dag.py
[2026-03-17T21:00:23.522+0000] {processor.py:829} INFO - Processing file /opt/airflow/dags/ingest_local_folder_dag.py for tasks to queue
[2026-03-17T21:00:23.524+0000] {logging_mixin.py:151} INFO - [2026-03-17T21:00:23.523+0000] {dagbag.py:539} INFO - Filling up the DagBag from /opt/airflow/dags/ingest_local_folder_dag.py
[2026-03-17T21:00:24.104+0000] {processor.py:839} INFO - DAG(s) dict_keys(['ingestionDAG']) retrieved from /opt/airflow/dags/ingest_local_folder_dag.py
[2026-03-17T21:00:24.191+0000] {logging_mixin.py:151} INFO - [2026-03-17T21:00:24.191+0000] {dag.py:2915} INFO - Sync 1 DAGs
[2026-03-17T21:00:24.248+0000] {logging_mixin.py:151} INFO - [2026-03-17T21:00:24.248+0000] {dag.py:3696} INFO - Setting next_dagrun for ingestionDAG to 2026-03-17T20:59:54.247505+00:00, run_after=2026-03-17T21:00:24.247505+00:00
[2026-03-17T21:00:24.292+0000] {processor.py:179} INFO - Processing /opt/airflow/dags/ingest_local_folder_dag.py took 0.784 seconds
[2026-03-17T21:00:54.592+0000] {processor.py:157} INFO - Started process (PID=8622) to work on /opt/airflow/dags/ingest_local_folder_dag.py
[2026-03-17T21:00:54.595+0000] {processor.py:829} INFO - Processing file /opt/airflow/dags/ingest_local_folder_dag.py for tasks to queue
[2026-03-17T21:00:54.597+0000] {logging_mixin.py:151} INFO - [2026-03-17T21:00:54.596+0000] {dagbag.py:539} INFO - Filling up the DagBag from /opt/airflow/dags/ingest_local_folder_dag.py
[2026-03-17T21:00:55.179+0000] {processor.py:839} INFO - DAG(s) dict_keys(['ingestionDAG']) retrieved from /opt/airflow/dags/ingest_local_folder_dag.py
[2026-03-17T21:00:55.264+0000] {logging_mixin.py:151} INFO - [2026-03-17T21:00:55.264+0000] {dag.py:2915} INFO - Sync 1 DAGs
[2026-03-17T21:00:55.324+0000] {logging_mixin.py:151} INFO - [2026-03-17T21:00:55.323+0000] {dag.py:3696} INFO - Setting next_dagrun for ingestionDAG to 2026-03-17T21:00:25.323131+00:00, run_after=2026-03-17T21:00:55.323131+00:00
[2026-03-17T21:00:55.364+0000] {processor.py:179} INFO - Processing /opt/airflow/dags/ingest_local_folder_dag.py took 0.783 seconds
[2026-03-17T21:01:26.105+0000] {processor.py:157} INFO - Started process (PID=8640) to work on /opt/airflow/dags/ingest_local_folder_dag.py
[2026-03-17T21:01:26.108+0000] {processor.py:829} INFO - Processing file /opt/airflow/dags/ingest_local_folder_dag.py for tasks to queue
[2026-03-17T21:01:26.110+0000] {logging_mixin.py:151} INFO - [2026-03-17T21:01:26.109+0000] {dagbag.py:539} INFO - Filling up the DagBag from /opt/airflow/dags/ingest_local_folder_dag.py
[2026-03-17T21:01:26.687+0000] {processor.py:839} INFO - DAG(s) dict_keys(['ingestionDAG']) retrieved from /opt/airflow/dags/ingest_local_folder_dag.py
[2026-03-17T21:01:26.776+0000] {logging_mixin.py:151} INFO - [2026-03-17T21:01:26.775+0000] {dag.py:2915} INFO - Sync 1 DAGs
[2026-03-17T21:01:26.833+0000] {logging_mixin.py:151} INFO - [2026-03-17T21:01:26.833+0000] {dag.py:3696} INFO - Setting next_dagrun for ingestionDAG to 2026-03-17T21:00:56.832799+00:00, run_after=2026-03-17T21:01:26.832799+00:00
[2026-03-17T21:01:26.874+0000] {processor.py:179} INFO - Processing /opt/airflow/dags/ingest_local_folder_dag.py took 0.781 seconds
[2026-03-17T21:01:56.947+0000] {processor.py:157} INFO - Started process (PID=8658) to work on /opt/airflow/dags/ingest_local_folder_dag.py
[2026-03-17T21:01:56.949+0000] {processor.py:829} INFO - Processing file /opt/airflow/dags/ingest_local_folder_dag.py for tasks to queue
[2026-03-17T21:01:56.952+0000] {logging_mixin.py:151} INFO - [2026-03-17T21:01:56.951+0000] {dagbag.py:539} INFO - Filling up the DagBag from /opt/airflow/dags/ingest_local_folder_dag.py
[2026-03-17T21:01:57.523+0000] {processor.py:839} INFO - DAG(s) dict_keys(['ingestionDAG']) retrieved from /opt/airflow/dags/ingest_local_folder_dag.py
[2026-03-17T21:01:57.620+0000] {logging_mixin.py:151} INFO - [2026-03-17T21:01:57.620+0000] {dag.py:2915} INFO - Sync 1 DAGs
[2026-03-17T21:01:57.685+0000] {logging_mixin.py:151} INFO - [2026-03-17T21:01:57.685+0000] {dag.py:3696} INFO - Setting next_dagrun for ingestionDAG to 2026-03-17T21:01:27.684434+00:00, run_after=2026-03-17T21:01:57.684434+00:00
[2026-03-17T21:01:57.731+0000] {processor.py:179} INFO - Processing /opt/airflow/dags/ingest_local_folder_dag.py took 0.795 seconds
[2026-03-17T21:02:28.002+0000] {processor.py:157} INFO - Started process (PID=8676) to work on /opt/airflow/dags/ingest_local_folder_dag.py
[2026-03-17T21:02:28.004+0000] {processor.py:829} INFO - Processing file /opt/airflow/dags/ingest_local_folder_dag.py for tasks to queue
[2026-03-17T21:02:28.007+0000] {logging_mixin.py:151} INFO - [2026-03-17T21:02:28.006+0000] {dagbag.py:539} INFO - Filling up the DagBag from /opt/airflow/dags/ingest_local_folder_dag.py
[2026-03-17T21:02:28.582+0000] {processor.py:839} INFO - DAG(s) dict_keys(['ingestionDAG']) retrieved from /opt/airflow/dags/ingest_local_folder_dag.py
[2026-03-17T21:02:28.678+0000] {logging_mixin.py:151} INFO - [2026-03-17T21:02:28.677+0000] {dag.py:2915} INFO - Sync 1 DAGs
[2026-03-17T21:02:28.742+0000] {logging_mixin.py:151} INFO - [2026-03-17T21:02:28.742+0000] {dag.py:3696} INFO - Setting next_dagrun for ingestionDAG to 2026-03-17T21:01:58.741460+00:00, run_after=2026-03-17T21:02:28.741460+00:00
[2026-03-17T21:02:28.789+0000] {processor.py:179} INFO - Processing /opt/airflow/dags/ingest_local_folder_dag.py took 0.799 seconds
[2026-03-17T21:02:59.510+0000] {processor.py:157} INFO - Started process (PID=8694) to work on /opt/airflow/dags/ingest_local_folder_dag.py
[2026-03-17T21:02:59.512+0000] {processor.py:829} INFO - Processing file /opt/airflow/dags/ingest_local_folder_dag.py for tasks to queue
[2026-03-17T21:02:59.514+0000] {logging_mixin.py:151} INFO - [2026-03-17T21:02:59.513+0000] {dagbag.py:539} INFO - Filling up the DagBag from /opt/airflow/dags/ingest_local_folder_dag.py
[2026-03-17T21:03:00.096+0000] {processor.py:839} INFO - DAG(s) dict_keys(['ingestionDAG']) retrieved from /opt/airflow/dags/ingest_local_folder_dag.py
[2026-03-17T21:03:00.192+0000] {logging_mixin.py:151} INFO - [2026-03-17T21:03:00.191+0000] {dag.py:2915} INFO - Sync 1 DAGs
[2026-03-17T21:03:00.258+0000] {logging_mixin.py:151} INFO - [2026-03-17T21:03:00.258+0000] {dag.py:3696} INFO - Setting next_dagrun for ingestionDAG to 2026-03-17T21:02:30.257842+00:00, run_after=2026-03-17T21:03:00.257842+00:00
[2026-03-17T21:03:00.304+0000] {processor.py:179} INFO - Processing /opt/airflow/dags/ingest_local_folder_dag.py took 0.805 seconds
[2026-03-17T21:03:30.604+0000] {processor.py:157} INFO - Started process (PID=8712) to work on /opt/airflow/dags/ingest_local_folder_dag.py
[2026-03-17T21:03:30.607+0000] {processor.py:829} INFO - Processing file /opt/airflow/dags/ingest_local_folder_dag.py for tasks to queue
[2026-03-17T21:03:30.609+0000] {logging_mixin.py:151} INFO - [2026-03-17T21:03:30.608+0000] {dagbag.py:539} INFO - Filling up the DagBag from /opt/airflow/dags/ingest_local_folder_dag.py
[2026-03-17T21:03:31.177+0000] {processor.py:839} INFO - DAG(s) dict_keys(['ingestionDAG']) retrieved from /opt/airflow/dags/ingest_local_folder_dag.py
[2026-03-17T21:03:31.276+0000] {logging_mixin.py:151} INFO - [2026-03-17T21:03:31.275+0000] {dag.py:2915} INFO - Sync 1 DAGs
[2026-03-17T21:03:31.340+0000] {logging_mixin.py:151} INFO - [2026-03-17T21:03:31.340+0000] {dag.py:3696} INFO - Setting next_dagrun for ingestionDAG to 2026-03-17T21:03:01.339707+00:00, run_after=2026-03-17T21:03:31.339707+00:00
[2026-03-17T21:03:31.382+0000] {processor.py:179} INFO - Processing /opt/airflow/dags/ingest_local_folder_dag.py took 0.789 seconds
[2026-03-17T21:04:01.657+0000] {processor.py:157} INFO - Started process (PID=8730) to work on /opt/airflow/dags/ingest_local_folder_dag.py
[2026-03-17T21:04:01.660+0000] {processor.py:829} INFO - Processing file /opt/airflow/dags/ingest_local_folder_dag.py for tasks to queue
[2026-03-17T21:04:01.662+0000] {logging_mixin.py:151} INFO - [2026-03-17T21:04:01.661+0000] {dagbag.py:539} INFO - Filling up the DagBag from /opt/airflow/dags/ingest_local_folder_dag.py
[2026-03-17T21:04:02.242+0000] {processor.py:839} INFO - DAG(s) dict_keys(['ingestionDAG']) retrieved from /opt/airflow/dags/ingest_local_folder_dag.py
[2026-03-17T21:04:02.338+0000] {logging_mixin.py:151} INFO - [2026-03-17T21:04:02.337+0000] {dag.py:2915} INFO - Sync 1 DAGs
[2026-03-17T21:04:02.399+0000] {logging_mixin.py:151} INFO - [2026-03-17T21:04:02.399+0000] {dag.py:3696} INFO - Setting next_dagrun for ingestionDAG to 2026-03-17T21:03:32.398970+00:00, run_after=2026-03-17T21:04:02.398970+00:00
[2026-03-17T21:04:02.440+0000] {processor.py:179} INFO - Processing /opt/airflow/dags/ingest_local_folder_dag.py took 0.793 seconds
[2026-03-17T21:04:32.939+0000] {processor.py:157} INFO - Started process (PID=8748) to work on /opt/airflow/dags/ingest_local_folder_dag.py
[2026-03-17T21:04:32.941+0000] {processor.py:829} INFO - Processing file /opt/airflow/dags/ingest_local_folder_dag.py for tasks to queue
[2026-03-17T21:04:32.944+0000] {logging_mixin.py:151} INFO - [2026-03-17T21:04:32.943+0000] {dagbag.py:539} INFO - Filling up the DagBag from /opt/airflow/dags/ingest_local_folder_dag.py
[2026-03-17T21:04:33.523+0000] {processor.py:839} INFO - DAG(s) dict_keys(['ingestionDAG']) retrieved from /opt/airflow/dags/ingest_local_folder_dag.py
[2026-03-17T21:04:33.609+0000] {logging_mixin.py:151} INFO - [2026-03-17T21:04:33.608+0000] {dag.py:2915} INFO - Sync 1 DAGs
[2026-03-17T21:04:33.667+0000] {logging_mixin.py:151} INFO - [2026-03-17T21:04:33.666+0000] {dag.py:3696} INFO - Setting next_dagrun for ingestionDAG to 2026-03-17T21:04:03.666132+00:00, run_after=2026-03-17T21:04:33.666132+00:00
[2026-03-17T21:04:33.712+0000] {processor.py:179} INFO - Processing /opt/airflow/dags/ingest_local_folder_dag.py took 0.784 seconds
[2026-03-17T21:05:04.192+0000] {processor.py:157} INFO - Started process (PID=8766) to work on /opt/airflow/dags/ingest_local_folder_dag.py
[2026-03-17T21:05:04.194+0000] {processor.py:829} INFO - Processing file /opt/airflow/dags/ingest_local_folder_dag.py for tasks to queue
[2026-03-17T21:05:04.196+0000] {logging_mixin.py:151} INFO - [2026-03-17T21:05:04.195+0000] {dagbag.py:539} INFO - Filling up the DagBag from /opt/airflow/dags/ingest_local_folder_dag.py
[2026-03-17T21:05:04.780+0000] {processor.py:839} INFO - DAG(s) dict_keys(['ingestionDAG']) retrieved from /opt/airflow/dags/ingest_local_folder_dag.py
[2026-03-17T21:05:04.876+0000] {logging_mixin.py:151} INFO - [2026-03-17T21:05:04.876+0000] {dag.py:2915} INFO - Sync 1 DAGs
[2026-03-17T21:05:04.943+0000] {logging_mixin.py:151} INFO - [2026-03-17T21:05:04.942+0000] {dag.py:3696} INFO - Setting next_dagrun for ingestionDAG to 2026-03-17T21:04:34.942229+00:00, run_after=2026-03-17T21:05:04.942229+00:00
[2026-03-17T21:05:04.984+0000] {processor.py:179} INFO - Processing /opt/airflow/dags/ingest_local_folder_dag.py took 0.803 seconds
[2026-03-17T21:05:35.428+0000] {processor.py:157} INFO - Started process (PID=8784) to work on /opt/airflow/dags/ingest_local_folder_dag.py
[2026-03-17T21:05:35.431+0000] {processor.py:829} INFO - Processing file /opt/airflow/dags/ingest_local_folder_dag.py for tasks to queue
[2026-03-17T21:05:35.433+0000] {logging_mixin.py:151} INFO - [2026-03-17T21:05:35.432+0000] {dagbag.py:539} INFO - Filling up the DagBag from /opt/airflow/dags/ingest_local_folder_dag.py
[2026-03-17T21:05:36.020+0000] {processor.py:839} INFO - DAG(s) dict_keys(['ingestionDAG']) retrieved from /opt/airflow/dags/ingest_local_folder_dag.py
[2026-03-17T21:05:36.109+0000] {logging_mixin.py:151} INFO - [2026-03-17T21:05:36.109+0000] {dag.py:2915} INFO - Sync 1 DAGs
[2026-03-17T21:05:36.166+0000] {logging_mixin.py:151} INFO - [2026-03-17T21:05:36.166+0000] {dag.py:3696} INFO - Setting next_dagrun for ingestionDAG to 2026-03-17T21:05:06.165976+00:00, run_after=2026-03-17T21:05:36.165976+00:00
[2026-03-17T21:05:36.208+0000] {processor.py:179} INFO - Processing /opt/airflow/dags/ingest_local_folder_dag.py took 0.791 seconds
[2026-03-17T21:06:06.803+0000] {processor.py:157} INFO - Started process (PID=8802) to work on /opt/airflow/dags/ingest_local_folder_dag.py
[2026-03-17T21:06:06.806+0000] {processor.py:829} INFO - Processing file /opt/airflow/dags/ingest_local_folder_dag.py for tasks to queue
[2026-03-17T21:06:06.808+0000] {logging_mixin.py:151} INFO - [2026-03-17T21:06:06.807+0000] {dagbag.py:539} INFO - Filling up the DagBag from /opt/airflow/dags/ingest_local_folder_dag.py
[2026-03-17T21:06:07.380+0000] {processor.py:839} INFO - DAG(s) dict_keys(['ingestionDAG']) retrieved from /opt/airflow/dags/ingest_local_folder_dag.py
[2026-03-17T21:06:07.475+0000] {logging_mixin.py:151} INFO - [2026-03-17T21:06:07.475+0000] {dag.py:2915} INFO - Sync 1 DAGs
[2026-03-17T21:06:07.538+0000] {logging_mixin.py:151} INFO - [2026-03-17T21:06:07.537+0000] {dag.py:3696} INFO - Setting next_dagrun for ingestionDAG to 2026-03-17T21:05:37.537385+00:00, run_after=2026-03-17T21:06:07.537385+00:00
[2026-03-17T21:06:07.578+0000] {processor.py:179} INFO - Processing /opt/airflow/dags/ingest_local_folder_dag.py took 0.787 seconds
[2026-03-17T21:06:38.357+0000] {processor.py:157} INFO - Started process (PID=8820) to work on /opt/airflow/dags/ingest_local_folder_dag.py
[2026-03-17T21:06:38.359+0000] {processor.py:829} INFO - Processing file /opt/airflow/dags/ingest_local_folder_dag.py for tasks to queue
[2026-03-17T21:06:38.362+0000] {logging_mixin.py:151} INFO - [2026-03-17T21:06:38.361+0000] {dagbag.py:539} INFO - Filling up the DagBag from /opt/airflow/dags/ingest_local_folder_dag.py
[2026-03-17T21:06:38.917+0000] {processor.py:839} INFO - DAG(s) dict_keys(['ingestionDAG']) retrieved from /opt/airflow/dags/ingest_local_folder_dag.py
[2026-03-17T21:06:39.014+0000] {logging_mixin.py:151} INFO - [2026-03-17T21:06:39.013+0000] {dag.py:2915} INFO - Sync 1 DAGs
[2026-03-17T21:06:39.079+0000] {logging_mixin.py:151} INFO - [2026-03-17T21:06:39.078+0000] {dag.py:3696} INFO - Setting next_dagrun for ingestionDAG to 2026-03-17T21:06:09.078227+00:00, run_after=2026-03-17T21:06:39.078227+00:00
[2026-03-17T21:06:39.119+0000] {processor.py:179} INFO - Processing /opt/airflow/dags/ingest_local_folder_dag.py took 0.773 seconds
[2026-03-17T21:07:09.593+0000] {processor.py:157} INFO - Started process (PID=8838) to work on /opt/airflow/dags/ingest_local_folder_dag.py
[2026-03-17T21:07:09.595+0000] {processor.py:829} INFO - Processing file /opt/airflow/dags/ingest_local_folder_dag.py for tasks to queue
[2026-03-17T21:07:09.598+0000] {logging_mixin.py:151} INFO - [2026-03-17T21:07:09.597+0000] {dagbag.py:539} INFO - Filling up the DagBag from /opt/airflow/dags/ingest_local_folder_dag.py
[2026-03-17T21:07:10.158+0000] {processor.py:839} INFO - DAG(s) dict_keys(['ingestionDAG']) retrieved from /opt/airflow/dags/ingest_local_folder_dag.py
[2026-03-17T21:07:10.246+0000] {logging_mixin.py:151} INFO - [2026-03-17T21:07:10.245+0000] {dag.py:2915} INFO - Sync 1 DAGs
[2026-03-17T21:07:10.304+0000] {logging_mixin.py:151} INFO - [2026-03-17T21:07:10.303+0000] {dag.py:3696} INFO - Setting next_dagrun for ingestionDAG to 2026-03-17T21:06:40.303173+00:00, run_after=2026-03-17T21:07:10.303173+00:00
[2026-03-17T21:07:10.345+0000] {processor.py:179} INFO - Processing /opt/airflow/dags/ingest_local_folder_dag.py took 0.763 seconds
[2026-03-17T21:07:40.924+0000] {processor.py:157} INFO - Started process (PID=8856) to work on /opt/airflow/dags/ingest_local_folder_dag.py
[2026-03-17T21:07:40.926+0000] {processor.py:829} INFO - Processing file /opt/airflow/dags/ingest_local_folder_dag.py for tasks to queue
[2026-03-17T21:07:40.929+0000] {logging_mixin.py:151} INFO - [2026-03-17T21:07:40.928+0000] {dagbag.py:539} INFO - Filling up the DagBag from /opt/airflow/dags/ingest_local_folder_dag.py
[2026-03-17T21:07:41.482+0000] {processor.py:839} INFO - DAG(s) dict_keys(['ingestionDAG']) retrieved from /opt/airflow/dags/ingest_local_folder_dag.py
[2026-03-17T21:07:41.577+0000] {logging_mixin.py:151} INFO - [2026-03-17T21:07:41.577+0000] {dag.py:2915} INFO - Sync 1 DAGs
[2026-03-17T21:07:41.641+0000] {logging_mixin.py:151} INFO - [2026-03-17T21:07:41.640+0000] {dag.py:3696} INFO - Setting next_dagrun for ingestionDAG to 2026-03-17T21:07:11.640381+00:00, run_after=2026-03-17T21:07:41.640381+00:00
[2026-03-17T21:07:41.682+0000] {processor.py:179} INFO - Processing /opt/airflow/dags/ingest_local_folder_dag.py took 0.770 seconds
[2026-03-17T21:08:11.788+0000] {processor.py:157} INFO - Started process (PID=8874) to work on /opt/airflow/dags/ingest_local_folder_dag.py
[2026-03-17T21:08:11.790+0000] {processor.py:829} INFO - Processing file /opt/airflow/dags/ingest_local_folder_dag.py for tasks to queue
[2026-03-17T21:08:11.793+0000] {logging_mixin.py:151} INFO - [2026-03-17T21:08:11.791+0000] {dagbag.py:539} INFO - Filling up the DagBag from /opt/airflow/dags/ingest_local_folder_dag.py
[2026-03-17T21:08:12.332+0000] {processor.py:839} INFO - DAG(s) dict_keys(['ingestionDAG']) retrieved from /opt/airflow/dags/ingest_local_folder_dag.py
[2026-03-17T21:08:12.419+0000] {logging_mixin.py:151} INFO - [2026-03-17T21:08:12.419+0000] {dag.py:2915} INFO - Sync 1 DAGs
[2026-03-17T21:08:12.484+0000] {logging_mixin.py:151} INFO - [2026-03-17T21:08:12.483+0000] {dag.py:3696} INFO - Setting next_dagrun for ingestionDAG to 2026-03-17T21:07:42.483102+00:00, run_after=2026-03-17T21:08:12.483102+00:00
[2026-03-17T21:08:12.525+0000] {processor.py:179} INFO - Processing /opt/airflow/dags/ingest_local_folder_dag.py took 0.749 seconds
[2026-03-17T21:08:42.775+0000] {processor.py:157} INFO - Started process (PID=8892) to work on /opt/airflow/dags/ingest_local_folder_dag.py
[2026-03-17T21:08:42.777+0000] {processor.py:829} INFO - Processing file /opt/airflow/dags/ingest_local_folder_dag.py for tasks to queue
[2026-03-17T21:08:42.779+0000] {logging_mixin.py:151} INFO - [2026-03-17T21:08:42.778+0000] {dagbag.py:539} INFO - Filling up the DagBag from /opt/airflow/dags/ingest_local_folder_dag.py
[2026-03-17T21:08:43.315+0000] {processor.py:839} INFO - DAG(s) dict_keys(['ingestionDAG']) retrieved from /opt/airflow/dags/ingest_local_folder_dag.py
[2026-03-17T21:08:43.401+0000] {logging_mixin.py:151} INFO - [2026-03-17T21:08:43.401+0000] {dag.py:2915} INFO - Sync 1 DAGs
[2026-03-17T21:08:43.462+0000] {logging_mixin.py:151} INFO - [2026-03-17T21:08:43.461+0000] {dag.py:3696} INFO - Setting next_dagrun for ingestionDAG to 2026-03-17T21:08:13.460994+00:00, run_after=2026-03-17T21:08:43.460994+00:00
[2026-03-17T21:08:43.502+0000] {processor.py:179} INFO - Processing /opt/airflow/dags/ingest_local_folder_dag.py took 0.738 seconds
[2026-03-17T21:09:14.195+0000] {processor.py:157} INFO - Started process (PID=8910) to work on /opt/airflow/dags/ingest_local_folder_dag.py
[2026-03-17T21:09:14.197+0000] {processor.py:829} INFO - Processing file /opt/airflow/dags/ingest_local_folder_dag.py for tasks to queue
[2026-03-17T21:09:14.199+0000] {logging_mixin.py:151} INFO - [2026-03-17T21:09:14.198+0000] {dagbag.py:539} INFO - Filling up the DagBag from /opt/airflow/dags/ingest_local_folder_dag.py
[2026-03-17T21:09:14.739+0000] {processor.py:839} INFO - DAG(s) dict_keys(['ingestionDAG']) retrieved from /opt/airflow/dags/ingest_local_folder_dag.py
[2026-03-17T21:09:14.827+0000] {logging_mixin.py:151} INFO - [2026-03-17T21:09:14.826+0000] {dag.py:2915} INFO - Sync 1 DAGs
[2026-03-17T21:09:14.884+0000] {logging_mixin.py:151} INFO - [2026-03-17T21:09:14.883+0000] {dag.py:3696} INFO - Setting next_dagrun for ingestionDAG to 2026-03-17T21:08:44.883384+00:00, run_after=2026-03-17T21:09:14.883384+00:00
[2026-03-17T21:09:14.924+0000] {processor.py:179} INFO - Processing /opt/airflow/dags/ingest_local_folder_dag.py took 0.740 seconds
[2026-03-17T21:09:45.078+0000] {processor.py:157} INFO - Started process (PID=8926) to work on /opt/airflow/dags/ingest_local_folder_dag.py
[2026-03-17T21:09:45.080+0000] {processor.py:829} INFO - Processing file /opt/airflow/dags/ingest_local_folder_dag.py for tasks to queue
[2026-03-17T21:09:45.082+0000] {logging_mixin.py:151} INFO - [2026-03-17T21:09:45.081+0000] {dagbag.py:539} INFO - Filling up the DagBag from /opt/airflow/dags/ingest_local_folder_dag.py
[2026-03-17T21:09:45.625+0000] {processor.py:839} INFO - DAG(s) dict_keys(['ingestionDAG']) retrieved from /opt/airflow/dags/ingest_local_folder_dag.py
[2026-03-17T21:09:45.712+0000] {logging_mixin.py:151} INFO - [2026-03-17T21:09:45.712+0000] {dag.py:2915} INFO - Sync 1 DAGs
[2026-03-17T21:09:45.771+0000] {logging_mixin.py:151} INFO - [2026-03-17T21:09:45.771+0000] {dag.py:3696} INFO - Setting next_dagrun for ingestionDAG to 2026-03-17T21:09:15.770696+00:00, run_after=2026-03-17T21:09:45.770696+00:00
[2026-03-17T21:09:45.812+0000] {processor.py:179} INFO - Processing /opt/airflow/dags/ingest_local_folder_dag.py took 0.745 seconds
[2026-03-17T21:10:16.088+0000] {processor.py:157} INFO - Started process (PID=8943) to work on /opt/airflow/dags/ingest_local_folder_dag.py
[2026-03-17T21:10:16.091+0000] {processor.py:829} INFO - Processing file /opt/airflow/dags/ingest_local_folder_dag.py for tasks to queue
[2026-03-17T21:10:16.093+0000] {logging_mixin.py:151} INFO - [2026-03-17T21:10:16.092+0000] {dagbag.py:539} INFO - Filling up the DagBag from /opt/airflow/dags/ingest_local_folder_dag.py
[2026-03-17T21:10:16.673+0000] {processor.py:839} INFO - DAG(s) dict_keys(['ingestionDAG']) retrieved from /opt/airflow/dags/ingest_local_folder_dag.py
[2026-03-17T21:10:16.772+0000] {logging_mixin.py:151} INFO - [2026-03-17T21:10:16.771+0000] {dag.py:2915} INFO - Sync 1 DAGs
[2026-03-17T21:10:16.835+0000] {logging_mixin.py:151} INFO - [2026-03-17T21:10:16.834+0000] {dag.py:3696} INFO - Setting next_dagrun for ingestionDAG to 2026-03-17T21:09:46.834319+00:00, run_after=2026-03-17T21:10:16.834319+00:00
[2026-03-17T21:10:16.876+0000] {processor.py:179} INFO - Processing /opt/airflow/dags/ingest_local_folder_dag.py took 0.799 seconds
[2026-03-17T21:10:47.294+0000] {processor.py:157} INFO - Started process (PID=8958) to work on /opt/airflow/dags/ingest_local_folder_dag.py
[2026-03-17T21:10:47.297+0000] {processor.py:829} INFO - Processing file /opt/airflow/dags/ingest_local_folder_dag.py for tasks to queue
[2026-03-17T21:10:47.299+0000] {logging_mixin.py:151} INFO - [2026-03-17T21:10:47.298+0000] {dagbag.py:539} INFO - Filling up the DagBag from /opt/airflow/dags/ingest_local_folder_dag.py
[2026-03-17T21:10:47.865+0000] {processor.py:839} INFO - DAG(s) dict_keys(['ingestionDAG']) retrieved from /opt/airflow/dags/ingest_local_folder_dag.py
[2026-03-17T21:10:47.951+0000] {logging_mixin.py:151} INFO - [2026-03-17T21:10:47.951+0000] {dag.py:2915} INFO - Sync 1 DAGs
[2026-03-17T21:10:48.012+0000] {logging_mixin.py:151} INFO - [2026-03-17T21:10:48.011+0000] {dag.py:3696} INFO - Setting next_dagrun for ingestionDAG to 2026-03-17T21:10:18.011385+00:00, run_after=2026-03-17T21:10:48.011385+00:00
[2026-03-17T21:10:48.053+0000] {processor.py:179} INFO - Processing /opt/airflow/dags/ingest_local_folder_dag.py took 0.770 seconds
[2026-03-17T21:11:18.688+0000] {processor.py:157} INFO - Started process (PID=8976) to work on /opt/airflow/dags/ingest_local_folder_dag.py
[2026-03-17T21:11:18.690+0000] {processor.py:829} INFO - Processing file /opt/airflow/dags/ingest_local_folder_dag.py for tasks to queue
[2026-03-17T21:11:18.692+0000] {logging_mixin.py:151} INFO - [2026-03-17T21:11:18.691+0000] {dagbag.py:539} INFO - Filling up the DagBag from /opt/airflow/dags/ingest_local_folder_dag.py
[2026-03-17T21:11:19.263+0000] {processor.py:839} INFO - DAG(s) dict_keys(['ingestionDAG']) retrieved from /opt/airflow/dags/ingest_local_folder_dag.py
[2026-03-17T21:11:19.362+0000] {logging_mixin.py:151} INFO - [2026-03-17T21:11:19.361+0000] {dag.py:2915} INFO - Sync 1 DAGs
[2026-03-17T21:11:19.422+0000] {logging_mixin.py:151} INFO - [2026-03-17T21:11:19.421+0000] {dag.py:3696} INFO - Setting next_dagrun for ingestionDAG to 2026-03-17T21:10:49.421118+00:00, run_after=2026-03-17T21:11:19.421118+00:00
[2026-03-17T21:11:19.463+0000] {processor.py:179} INFO - Processing /opt/airflow/dags/ingest_local_folder_dag.py took 0.786 seconds
[2026-03-17T21:11:49.543+0000] {processor.py:157} INFO - Started process (PID=8994) to work on /opt/airflow/dags/ingest_local_folder_dag.py
[2026-03-17T21:11:49.546+0000] {processor.py:829} INFO - Processing file /opt/airflow/dags/ingest_local_folder_dag.py for tasks to queue
[2026-03-17T21:11:49.548+0000] {logging_mixin.py:151} INFO - [2026-03-17T21:11:49.547+0000] {dagbag.py:539} INFO - Filling up the DagBag from /opt/airflow/dags/ingest_local_folder_dag.py
[2026-03-17T21:11:50.119+0000] {processor.py:839} INFO - DAG(s) dict_keys(['ingestionDAG']) retrieved from /opt/airflow/dags/ingest_local_folder_dag.py
[2026-03-17T21:11:50.216+0000] {logging_mixin.py:151} INFO - [2026-03-17T21:11:50.215+0000] {dag.py:2915} INFO - Sync 1 DAGs
[2026-03-17T21:11:50.280+0000] {logging_mixin.py:151} INFO - [2026-03-17T21:11:50.280+0000] {dag.py:3696} INFO - Setting next_dagrun for ingestionDAG to 2026-03-17T21:11:20.279558+00:00, run_after=2026-03-17T21:11:50.279558+00:00
[2026-03-17T21:11:50.325+0000] {processor.py:179} INFO - Processing /opt/airflow/dags/ingest_local_folder_dag.py took 0.793 seconds
[2026-03-17T21:12:20.599+0000] {processor.py:157} INFO - Started process (PID=9012) to work on /opt/airflow/dags/ingest_local_folder_dag.py
[2026-03-17T21:12:20.602+0000] {processor.py:829} INFO - Processing file /opt/airflow/dags/ingest_local_folder_dag.py for tasks to queue
[2026-03-17T21:12:20.604+0000] {logging_mixin.py:151} INFO - [2026-03-17T21:12:20.603+0000] {dagbag.py:539} INFO - Filling up the DagBag from /opt/airflow/dags/ingest_local_folder_dag.py
[2026-03-17T21:12:21.179+0000] {processor.py:839} INFO - DAG(s) dict_keys(['ingestionDAG']) retrieved from /opt/airflow/dags/ingest_local_folder_dag.py
[2026-03-17T21:12:21.276+0000] {logging_mixin.py:151} INFO - [2026-03-17T21:12:21.275+0000] {dag.py:2915} INFO - Sync 1 DAGs
[2026-03-17T21:12:21.340+0000] {logging_mixin.py:151} INFO - [2026-03-17T21:12:21.339+0000] {dag.py:3696} INFO - Setting next_dagrun for ingestionDAG to 2026-03-17T21:11:51.339194+00:00, run_after=2026-03-17T21:12:21.339194+00:00
[2026-03-17T21:12:21.386+0000] {processor.py:179} INFO - Processing /opt/airflow/dags/ingest_local_folder_dag.py took 0.798 seconds
[2026-03-17T21:12:52.124+0000] {processor.py:157} INFO - Started process (PID=9030) to work on /opt/airflow/dags/ingest_local_folder_dag.py
[2026-03-17T21:12:52.126+0000] {processor.py:829} INFO - Processing file /opt/airflow/dags/ingest_local_folder_dag.py for tasks to queue
[2026-03-17T21:12:52.129+0000] {logging_mixin.py:151} INFO - [2026-03-17T21:12:52.127+0000] {dagbag.py:539} INFO - Filling up the DagBag from /opt/airflow/dags/ingest_local_folder_dag.py
[2026-03-17T21:12:52.695+0000] {processor.py:839} INFO - DAG(s) dict_keys(['ingestionDAG']) retrieved from /opt/airflow/dags/ingest_local_folder_dag.py
[2026-03-17T21:12:52.791+0000] {logging_mixin.py:151} INFO - [2026-03-17T21:12:52.790+0000] {dag.py:2915} INFO - Sync 1 DAGs
[2026-03-17T21:12:52.858+0000] {logging_mixin.py:151} INFO - [2026-03-17T21:12:52.858+0000] {dag.py:3696} INFO - Setting next_dagrun for ingestionDAG to 2026-03-17T21:12:22.857437+00:00, run_after=2026-03-17T21:12:52.857437+00:00
[2026-03-17T21:12:52.904+0000] {processor.py:179} INFO - Processing /opt/airflow/dags/ingest_local_folder_dag.py took 0.792 seconds
[2026-03-17T21:13:23.162+0000] {processor.py:157} INFO - Started process (PID=9048) to work on /opt/airflow/dags/ingest_local_folder_dag.py
[2026-03-17T21:13:23.165+0000] {processor.py:829} INFO - Processing file /opt/airflow/dags/ingest_local_folder_dag.py for tasks to queue
[2026-03-17T21:13:23.167+0000] {logging_mixin.py:151} INFO - [2026-03-17T21:13:23.166+0000] {dagbag.py:539} INFO - Filling up the DagBag from /opt/airflow/dags/ingest_local_folder_dag.py
[2026-03-17T21:13:23.742+0000] {processor.py:839} INFO - DAG(s) dict_keys(['ingestionDAG']) retrieved from /opt/airflow/dags/ingest_local_folder_dag.py
[2026-03-17T21:13:23.841+0000] {logging_mixin.py:151} INFO - [2026-03-17T21:13:23.841+0000] {dag.py:2915} INFO - Sync 1 DAGs
[2026-03-17T21:13:23.906+0000] {logging_mixin.py:151} INFO - [2026-03-17T21:13:23.906+0000] {dag.py:3696} INFO - Setting next_dagrun for ingestionDAG to 2026-03-17T21:12:53.905640+00:00, run_after=2026-03-17T21:13:23.905640+00:00
[2026-03-17T21:13:23.952+0000] {processor.py:179} INFO - Processing /opt/airflow/dags/ingest_local_folder_dag.py took 0.801 seconds
[2026-03-17T21:13:54.217+0000] {processor.py:157} INFO - Started process (PID=9066) to work on /opt/airflow/dags/ingest_local_folder_dag.py
[2026-03-17T21:13:54.219+0000] {processor.py:829} INFO - Processing file /opt/airflow/dags/ingest_local_folder_dag.py for tasks to queue
[2026-03-17T21:13:54.221+0000] {logging_mixin.py:151} INFO - [2026-03-17T21:13:54.220+0000] {dagbag.py:539} INFO - Filling up the DagBag from /opt/airflow/dags/ingest_local_folder_dag.py
[2026-03-17T21:13:54.797+0000] {processor.py:839} INFO - DAG(s) dict_keys(['ingestionDAG']) retrieved from /opt/airflow/dags/ingest_local_folder_dag.py
[2026-03-17T21:13:54.893+0000] {logging_mixin.py:151} INFO - [2026-03-17T21:13:54.892+0000] {dag.py:2915} INFO - Sync 1 DAGs
[2026-03-17T21:13:54.957+0000] {logging_mixin.py:151} INFO - [2026-03-17T21:13:54.957+0000] {dag.py:3696} INFO - Setting next_dagrun for ingestionDAG to 2026-03-17T21:13:24.956384+00:00, run_after=2026-03-17T21:13:54.956384+00:00
[2026-03-17T21:13:55.002+0000] {processor.py:179} INFO - Processing /opt/airflow/dags/ingest_local_folder_dag.py took 0.797 seconds
[2026-03-17T21:14:25.694+0000] {processor.py:157} INFO - Started process (PID=9084) to work on /opt/airflow/dags/ingest_local_folder_dag.py
[2026-03-17T21:14:25.697+0000] {processor.py:829} INFO - Processing file /opt/airflow/dags/ingest_local_folder_dag.py for tasks to queue
[2026-03-17T21:14:25.699+0000] {logging_mixin.py:151} INFO - [2026-03-17T21:14:25.698+0000] {dagbag.py:539} INFO - Filling up the DagBag from /opt/airflow/dags/ingest_local_folder_dag.py
[2026-03-17T21:14:26.279+0000] {processor.py:839} INFO - DAG(s) dict_keys(['ingestionDAG']) retrieved from /opt/airflow/dags/ingest_local_folder_dag.py
[2026-03-17T21:14:26.375+0000] {logging_mixin.py:151} INFO - [2026-03-17T21:14:26.374+0000] {dag.py:2915} INFO - Sync 1 DAGs
[2026-03-17T21:14:26.439+0000] {logging_mixin.py:151} INFO - [2026-03-17T21:14:26.439+0000] {dag.py:3696} INFO - Setting next_dagrun for ingestionDAG to 2026-03-17T21:13:56.438431+00:00, run_after=2026-03-17T21:14:26.438431+00:00
[2026-03-17T21:14:26.484+0000] {processor.py:179} INFO - Processing /opt/airflow/dags/ingest_local_folder_dag.py took 0.803 seconds
[2026-03-17T21:14:57.223+0000] {processor.py:157} INFO - Started process (PID=9102) to work on /opt/airflow/dags/ingest_local_folder_dag.py
[2026-03-17T21:14:57.225+0000] {processor.py:829} INFO - Processing file /opt/airflow/dags/ingest_local_folder_dag.py for tasks to queue
[2026-03-17T21:14:57.227+0000] {logging_mixin.py:151} INFO - [2026-03-17T21:14:57.226+0000] {dagbag.py:539} INFO - Filling up the DagBag from /opt/airflow/dags/ingest_local_folder_dag.py
[2026-03-17T21:14:57.798+0000] {processor.py:839} INFO - DAG(s) dict_keys(['ingestionDAG']) retrieved from /opt/airflow/dags/ingest_local_folder_dag.py
[2026-03-17T21:14:57.894+0000] {logging_mixin.py:151} INFO - [2026-03-17T21:14:57.893+0000] {dag.py:2915} INFO - Sync 1 DAGs
[2026-03-17T21:14:57.962+0000] {logging_mixin.py:151} INFO - [2026-03-17T21:14:57.961+0000] {dag.py:3696} INFO - Setting next_dagrun for ingestionDAG to 2026-03-17T21:14:27.961244+00:00, run_after=2026-03-17T21:14:57.961244+00:00
[2026-03-17T21:14:58.007+0000] {processor.py:179} INFO - Processing /opt/airflow/dags/ingest_local_folder_dag.py took 0.796 seconds
[2026-03-17T21:15:28.080+0000] {processor.py:157} INFO - Started process (PID=9120) to work on /opt/airflow/dags/ingest_local_folder_dag.py
[2026-03-17T21:15:28.083+0000] {processor.py:829} INFO - Processing file /opt/airflow/dags/ingest_local_folder_dag.py for tasks to queue
[2026-03-17T21:15:28.085+0000] {logging_mixin.py:151} INFO - [2026-03-17T21:15:28.084+0000] {dagbag.py:539} INFO - Filling up the DagBag from /opt/airflow/dags/ingest_local_folder_dag.py
[2026-03-17T21:15:28.662+0000] {processor.py:839} INFO - DAG(s) dict_keys(['ingestionDAG']) retrieved from /opt/airflow/dags/ingest_local_folder_dag.py
[2026-03-17T21:15:28.751+0000] {logging_mixin.py:151} INFO - [2026-03-17T21:15:28.750+0000] {dag.py:2915} INFO - Sync 1 DAGs
[2026-03-17T21:15:28.808+0000] {logging_mixin.py:151} INFO - [2026-03-17T21:15:28.807+0000] {dag.py:3696} INFO - Setting next_dagrun for ingestionDAG to 2026-03-17T21:14:58.807153+00:00, run_after=2026-03-17T21:15:28.807153+00:00
[2026-03-17T21:15:28.848+0000] {processor.py:179} INFO - Processing /opt/airflow/dags/ingest_local_folder_dag.py took 0.780 seconds
[2026-03-17T21:15:59.121+0000] {processor.py:157} INFO - Started process (PID=9138) to work on /opt/airflow/dags/ingest_local_folder_dag.py
[2026-03-17T21:15:59.123+0000] {processor.py:829} INFO - Processing file /opt/airflow/dags/ingest_local_folder_dag.py for tasks to queue
[2026-03-17T21:15:59.125+0000] {logging_mixin.py:151} INFO - [2026-03-17T21:15:59.124+0000] {dagbag.py:539} INFO - Filling up the DagBag from /opt/airflow/dags/ingest_local_folder_dag.py
[2026-03-17T21:15:59.693+0000] {processor.py:839} INFO - DAG(s) dict_keys(['ingestionDAG']) retrieved from /opt/airflow/dags/ingest_local_folder_dag.py
[2026-03-17T21:15:59.779+0000] {logging_mixin.py:151} INFO - [2026-03-17T21:15:59.779+0000] {dag.py:2915} INFO - Sync 1 DAGs
[2026-03-17T21:15:59.836+0000] {logging_mixin.py:151} INFO - [2026-03-17T21:15:59.836+0000] {dag.py:3696} INFO - Setting next_dagrun for ingestionDAG to 2026-03-17T21:15:29.835506+00:00, run_after=2026-03-17T21:15:59.835506+00:00
[2026-03-17T21:15:59.876+0000] {processor.py:179} INFO - Processing /opt/airflow/dags/ingest_local_folder_dag.py took 0.767 seconds
[2026-03-17T21:16:30.648+0000] {processor.py:157} INFO - Started process (PID=9156) to work on /opt/airflow/dags/ingest_local_folder_dag.py
[2026-03-17T21:16:30.651+0000] {processor.py:829} INFO - Processing file /opt/airflow/dags/ingest_local_folder_dag.py for tasks to queue
[2026-03-17T21:16:30.653+0000] {logging_mixin.py:151} INFO - [2026-03-17T21:16:30.652+0000] {dagbag.py:539} INFO - Filling up the DagBag from /opt/airflow/dags/ingest_local_folder_dag.py
[2026-03-17T21:16:31.229+0000] {processor.py:839} INFO - DAG(s) dict_keys(['ingestionDAG']) retrieved from /opt/airflow/dags/ingest_local_folder_dag.py
[2026-03-17T21:16:31.317+0000] {logging_mixin.py:151} INFO - [2026-03-17T21:16:31.316+0000] {dag.py:2915} INFO - Sync 1 DAGs
[2026-03-17T21:16:31.374+0000] {logging_mixin.py:151} INFO - [2026-03-17T21:16:31.374+0000] {dag.py:3696} INFO - Setting next_dagrun for ingestionDAG to 2026-03-17T21:16:01.373456+00:00, run_after=2026-03-17T21:16:31.373456+00:00
[2026-03-17T21:16:31.419+0000] {processor.py:179} INFO - Processing /opt/airflow/dags/ingest_local_folder_dag.py took 0.781 seconds
[2026-03-17T21:17:01.867+0000] {processor.py:157} INFO - Started process (PID=9174) to work on /opt/airflow/dags/ingest_local_folder_dag.py
[2026-03-17T21:17:01.869+0000] {processor.py:829} INFO - Processing file /opt/airflow/dags/ingest_local_folder_dag.py for tasks to queue
[2026-03-17T21:17:01.871+0000] {logging_mixin.py:151} INFO - [2026-03-17T21:17:01.870+0000] {dagbag.py:539} INFO - Filling up the DagBag from /opt/airflow/dags/ingest_local_folder_dag.py
[2026-03-17T21:17:02.436+0000] {processor.py:839} INFO - DAG(s) dict_keys(['ingestionDAG']) retrieved from /opt/airflow/dags/ingest_local_folder_dag.py
[2026-03-17T21:17:02.532+0000] {logging_mixin.py:151} INFO - [2026-03-17T21:17:02.531+0000] {dag.py:2915} INFO - Sync 1 DAGs
[2026-03-17T21:17:02.598+0000] {logging_mixin.py:151} INFO - [2026-03-17T21:17:02.598+0000] {dag.py:3696} INFO - Setting next_dagrun for ingestionDAG to 2026-03-17T21:16:32.597699+00:00, run_after=2026-03-17T21:17:02.597699+00:00
[2026-03-17T21:17:02.644+0000] {processor.py:179} INFO - Processing /opt/airflow/dags/ingest_local_folder_dag.py took 0.788 seconds
[2026-03-17T21:17:33.199+0000] {processor.py:157} INFO - Started process (PID=9192) to work on /opt/airflow/dags/ingest_local_folder_dag.py
[2026-03-17T21:17:33.201+0000] {processor.py:829} INFO - Processing file /opt/airflow/dags/ingest_local_folder_dag.py for tasks to queue
[2026-03-17T21:17:33.204+0000] {logging_mixin.py:151} INFO - [2026-03-17T21:17:33.203+0000] {dagbag.py:539} INFO - Filling up the DagBag from /opt/airflow/dags/ingest_local_folder_dag.py
[2026-03-17T21:17:33.773+0000] {processor.py:839} INFO - DAG(s) dict_keys(['ingestionDAG']) retrieved from /opt/airflow/dags/ingest_local_folder_dag.py
[2026-03-17T21:17:33.866+0000] {logging_mixin.py:151} INFO - [2026-03-17T21:17:33.866+0000] {dag.py:2915} INFO - Sync 1 DAGs
[2026-03-17T21:17:33.924+0000] {logging_mixin.py:151} INFO - [2026-03-17T21:17:33.923+0000] {dag.py:3696} INFO - Setting next_dagrun for ingestionDAG to 2026-03-17T21:17:03.923162+00:00, run_after=2026-03-17T21:17:33.923162+00:00
[2026-03-17T21:17:33.965+0000] {processor.py:179} INFO - Processing /opt/airflow/dags/ingest_local_folder_dag.py took 0.777 seconds
[2026-03-17T21:18:04.718+0000] {processor.py:157} INFO - Started process (PID=9210) to work on /opt/airflow/dags/ingest_local_folder_dag.py
[2026-03-17T21:18:04.721+0000] {processor.py:829} INFO - Processing file /opt/airflow/dags/ingest_local_folder_dag.py for tasks to queue
[2026-03-17T21:18:04.724+0000] {logging_mixin.py:151} INFO - [2026-03-17T21:18:04.722+0000] {dagbag.py:539} INFO - Filling up the DagBag from /opt/airflow/dags/ingest_local_folder_dag.py
[2026-03-17T21:18:05.333+0000] {processor.py:839} INFO - DAG(s) dict_keys(['ingestionDAG']) retrieved from /opt/airflow/dags/ingest_local_folder_dag.py
[2026-03-17T21:18:05.424+0000] {logging_mixin.py:151} INFO - [2026-03-17T21:18:05.423+0000] {dag.py:2915} INFO - Sync 1 DAGs
[2026-03-17T21:18:05.482+0000] {logging_mixin.py:151} INFO - [2026-03-17T21:18:05.481+0000] {dag.py:3696} INFO - Setting next_dagrun for ingestionDAG to 2026-03-17T21:17:35.481027+00:00, run_after=2026-03-17T21:18:05.481027+00:00
[2026-03-17T21:18:05.525+0000] {processor.py:179} INFO - Processing /opt/airflow/dags/ingest_local_folder_dag.py took 0.820 seconds
[2026-03-17T21:18:35.809+0000] {processor.py:157} INFO - Started process (PID=9231) to work on /opt/airflow/dags/ingest_local_folder_dag.py
[2026-03-17T21:18:35.811+0000] {processor.py:829} INFO - Processing file /opt/airflow/dags/ingest_local_folder_dag.py for tasks to queue
[2026-03-17T21:18:35.813+0000] {logging_mixin.py:151} INFO - [2026-03-17T21:18:35.812+0000] {dagbag.py:539} INFO - Filling up the DagBag from /opt/airflow/dags/ingest_local_folder_dag.py
[2026-03-17T21:18:36.411+0000] {processor.py:839} INFO - DAG(s) dict_keys(['ingestionDAG']) retrieved from /opt/airflow/dags/ingest_local_folder_dag.py
[2026-03-17T21:18:36.497+0000] {logging_mixin.py:151} INFO - [2026-03-17T21:18:36.496+0000] {dag.py:2915} INFO - Sync 1 DAGs
[2026-03-17T21:18:36.557+0000] {logging_mixin.py:151} INFO - [2026-03-17T21:18:36.556+0000] {dag.py:3696} INFO - Setting next_dagrun for ingestionDAG to 2026-03-17T21:18:06.556112+00:00, run_after=2026-03-17T21:18:36.556112+00:00
[2026-03-17T21:18:36.597+0000] {processor.py:179} INFO - Processing /opt/airflow/dags/ingest_local_folder_dag.py took 0.799 seconds
[2026-03-17T21:19:07.329+0000] {processor.py:157} INFO - Started process (PID=9251) to work on /opt/airflow/dags/ingest_local_folder_dag.py
[2026-03-17T21:19:07.332+0000] {processor.py:829} INFO - Processing file /opt/airflow/dags/ingest_local_folder_dag.py for tasks to queue
[2026-03-17T21:19:07.334+0000] {logging_mixin.py:151} INFO - [2026-03-17T21:19:07.333+0000] {dagbag.py:539} INFO - Filling up the DagBag from /opt/airflow/dags/ingest_local_folder_dag.py
[2026-03-17T21:19:07.872+0000] {processor.py:839} INFO - DAG(s) dict_keys(['ingestionDAG']) retrieved from /opt/airflow/dags/ingest_local_folder_dag.py
[2026-03-17T21:19:07.959+0000] {logging_mixin.py:151} INFO - [2026-03-17T21:19:07.959+0000] {dag.py:2915} INFO - Sync 1 DAGs
[2026-03-17T21:19:08.016+0000] {logging_mixin.py:151} INFO - [2026-03-17T21:19:08.016+0000] {dag.py:3696} INFO - Setting next_dagrun for ingestionDAG to 2026-03-17T21:18:38.015584+00:00, run_after=2026-03-17T21:19:08.015584+00:00
[2026-03-17T21:19:08.056+0000] {processor.py:179} INFO - Processing /opt/airflow/dags/ingest_local_folder_dag.py took 0.737 seconds
[2026-03-17T21:19:38.226+0000] {processor.py:157} INFO - Started process (PID=9269) to work on /opt/airflow/dags/ingest_local_folder_dag.py
[2026-03-17T21:19:38.229+0000] {processor.py:829} INFO - Processing file /opt/airflow/dags/ingest_local_folder_dag.py for tasks to queue
[2026-03-17T21:19:38.231+0000] {logging_mixin.py:151} INFO - [2026-03-17T21:19:38.230+0000] {dagbag.py:539} INFO - Filling up the DagBag from /opt/airflow/dags/ingest_local_folder_dag.py
[2026-03-17T21:19:38.801+0000] {processor.py:839} INFO - DAG(s) dict_keys(['ingestionDAG']) retrieved from /opt/airflow/dags/ingest_local_folder_dag.py
[2026-03-17T21:19:38.897+0000] {logging_mixin.py:151} INFO - [2026-03-17T21:19:38.897+0000] {dag.py:2915} INFO - Sync 1 DAGs
[2026-03-17T21:19:38.961+0000] {logging_mixin.py:151} INFO - [2026-03-17T21:19:38.960+0000] {dag.py:3696} INFO - Setting next_dagrun for ingestionDAG to 2026-03-17T21:19:08.960325+00:00, run_after=2026-03-17T21:19:38.960325+00:00
[2026-03-17T21:19:39.004+0000] {processor.py:179} INFO - Processing /opt/airflow/dags/ingest_local_folder_dag.py took 0.789 seconds
[2026-03-17T21:20:09.271+0000] {processor.py:157} INFO - Started process (PID=9287) to work on /opt/airflow/dags/ingest_local_folder_dag.py
[2026-03-17T21:20:09.274+0000] {processor.py:829} INFO - Processing file /opt/airflow/dags/ingest_local_folder_dag.py for tasks to queue
[2026-03-17T21:20:09.276+0000] {logging_mixin.py:151} INFO - [2026-03-17T21:20:09.275+0000] {dagbag.py:539} INFO - Filling up the DagBag from /opt/airflow/dags/ingest_local_folder_dag.py
[2026-03-17T21:20:09.854+0000] {processor.py:839} INFO - DAG(s) dict_keys(['ingestionDAG']) retrieved from /opt/airflow/dags/ingest_local_folder_dag.py
[2026-03-17T21:20:09.949+0000] {logging_mixin.py:151} INFO - [2026-03-17T21:20:09.949+0000] {dag.py:2915} INFO - Sync 1 DAGs
[2026-03-17T21:20:10.015+0000] {logging_mixin.py:151} INFO - [2026-03-17T21:20:10.014+0000] {dag.py:3696} INFO - Setting next_dagrun for ingestionDAG to 2026-03-17T21:19:40.013862+00:00, run_after=2026-03-17T21:20:10.013862+00:00
[2026-03-17T21:20:10.058+0000] {processor.py:179} INFO - Processing /opt/airflow/dags/ingest_local_folder_dag.py took 0.798 seconds
[2026-03-17T21:20:40.365+0000] {processor.py:157} INFO - Started process (PID=9305) to work on /opt/airflow/dags/ingest_local_folder_dag.py
[2026-03-17T21:20:40.367+0000] {processor.py:829} INFO - Processing file /opt/airflow/dags/ingest_local_folder_dag.py for tasks to queue
[2026-03-17T21:20:40.369+0000] {logging_mixin.py:151} INFO - [2026-03-17T21:20:40.368+0000] {dagbag.py:539} INFO - Filling up the DagBag from /opt/airflow/dags/ingest_local_folder_dag.py
[2026-03-17T21:20:40.940+0000] {processor.py:839} INFO - DAG(s) dict_keys(['ingestionDAG']) retrieved from /opt/airflow/dags/ingest_local_folder_dag.py
[2026-03-17T21:20:41.036+0000] {logging_mixin.py:151} INFO - [2026-03-17T21:20:41.036+0000] {dag.py:2915} INFO - Sync 1 DAGs
[2026-03-17T21:20:41.101+0000] {logging_mixin.py:151} INFO - [2026-03-17T21:20:41.101+0000] {dag.py:3696} INFO - Setting next_dagrun for ingestionDAG to 2026-03-17T21:20:11.100536+00:00, run_after=2026-03-17T21:20:41.100536+00:00
[2026-03-17T21:20:41.142+0000] {processor.py:179} INFO - Processing /opt/airflow/dags/ingest_local_folder_dag.py took 0.789 seconds
[2026-03-17T21:21:11.878+0000] {processor.py:157} INFO - Started process (PID=9323) to work on /opt/airflow/dags/ingest_local_folder_dag.py
[2026-03-17T21:21:11.880+0000] {processor.py:829} INFO - Processing file /opt/airflow/dags/ingest_local_folder_dag.py for tasks to queue
[2026-03-17T21:21:11.883+0000] {logging_mixin.py:151} INFO - [2026-03-17T21:21:11.882+0000] {dagbag.py:539} INFO - Filling up the DagBag from /opt/airflow/dags/ingest_local_folder_dag.py
[2026-03-17T21:21:12.457+0000] {processor.py:839} INFO - DAG(s) dict_keys(['ingestionDAG']) retrieved from /opt/airflow/dags/ingest_local_folder_dag.py
[2026-03-17T21:21:12.554+0000] {logging_mixin.py:151} INFO - [2026-03-17T21:21:12.554+0000] {dag.py:2915} INFO - Sync 1 DAGs
[2026-03-17T21:21:12.618+0000] {logging_mixin.py:151} INFO - [2026-03-17T21:21:12.618+0000] {dag.py:3696} INFO - Setting next_dagrun for ingestionDAG to 2026-03-17T21:20:42.617843+00:00, run_after=2026-03-17T21:21:12.617843+00:00
[2026-03-17T21:21:12.659+0000] {processor.py:179} INFO - Processing /opt/airflow/dags/ingest_local_folder_dag.py took 0.792 seconds
[2026-03-17T21:21:42.961+0000] {processor.py:157} INFO - Started process (PID=9341) to work on /opt/airflow/dags/ingest_local_folder_dag.py
[2026-03-17T21:21:42.963+0000] {processor.py:829} INFO - Processing file /opt/airflow/dags/ingest_local_folder_dag.py for tasks to queue
[2026-03-17T21:21:42.965+0000] {logging_mixin.py:151} INFO - [2026-03-17T21:21:42.964+0000] {dagbag.py:539} INFO - Filling up the DagBag from /opt/airflow/dags/ingest_local_folder_dag.py
[2026-03-17T21:21:43.514+0000] {processor.py:839} INFO - DAG(s) dict_keys(['ingestionDAG']) retrieved from /opt/airflow/dags/ingest_local_folder_dag.py
[2026-03-17T21:21:43.611+0000] {logging_mixin.py:151} INFO - [2026-03-17T21:21:43.610+0000] {dag.py:2915} INFO - Sync 1 DAGs
[2026-03-17T21:21:43.673+0000] {logging_mixin.py:151} INFO - [2026-03-17T21:21:43.672+0000] {dag.py:3696} INFO - Setting next_dagrun for ingestionDAG to 2026-03-17T21:21:13.672075+00:00, run_after=2026-03-17T21:21:43.672075+00:00
[2026-03-17T21:21:43.714+0000] {processor.py:179} INFO - Processing /opt/airflow/dags/ingest_local_folder_dag.py took 0.765 seconds
[2026-03-17T21:22:14.014+0000] {processor.py:157} INFO - Started process (PID=9359) to work on /opt/airflow/dags/ingest_local_folder_dag.py
[2026-03-17T21:22:14.017+0000] {processor.py:829} INFO - Processing file /opt/airflow/dags/ingest_local_folder_dag.py for tasks to queue
[2026-03-17T21:22:14.019+0000] {logging_mixin.py:151} INFO - [2026-03-17T21:22:14.018+0000] {dagbag.py:539} INFO - Filling up the DagBag from /opt/airflow/dags/ingest_local_folder_dag.py
[2026-03-17T21:22:14.571+0000] {processor.py:839} INFO - DAG(s) dict_keys(['ingestionDAG']) retrieved from /opt/airflow/dags/ingest_local_folder_dag.py
[2026-03-17T21:22:14.664+0000] {logging_mixin.py:151} INFO - [2026-03-17T21:22:14.663+0000] {dag.py:2915} INFO - Sync 1 DAGs
[2026-03-17T21:22:14.725+0000] {logging_mixin.py:151} INFO - [2026-03-17T21:22:14.725+0000] {dag.py:3696} INFO - Setting next_dagrun for ingestionDAG to 2026-03-17T21:21:44.724439+00:00, run_after=2026-03-17T21:22:14.724439+00:00
[2026-03-17T21:22:14.769+0000] {processor.py:179} INFO - Processing /opt/airflow/dags/ingest_local_folder_dag.py took 0.767 seconds
[2026-03-17T21:22:45.500+0000] {processor.py:157} INFO - Started process (PID=9377) to work on /opt/airflow/dags/ingest_local_folder_dag.py
[2026-03-17T21:22:45.502+0000] {processor.py:829} INFO - Processing file /opt/airflow/dags/ingest_local_folder_dag.py for tasks to queue
[2026-03-17T21:22:45.505+0000] {logging_mixin.py:151} INFO - [2026-03-17T21:22:45.503+0000] {dagbag.py:539} INFO - Filling up the DagBag from /opt/airflow/dags/ingest_local_folder_dag.py
[2026-03-17T21:22:46.044+0000] {processor.py:839} INFO - DAG(s) dict_keys(['ingestionDAG']) retrieved from /opt/airflow/dags/ingest_local_folder_dag.py
[2026-03-17T21:22:46.132+0000] {logging_mixin.py:151} INFO - [2026-03-17T21:22:46.131+0000] {dag.py:2915} INFO - Sync 1 DAGs
[2026-03-17T21:22:46.193+0000] {logging_mixin.py:151} INFO - [2026-03-17T21:22:46.193+0000] {dag.py:3696} INFO - Setting next_dagrun for ingestionDAG to 2026-03-17T21:22:16.192508+00:00, run_after=2026-03-17T21:22:46.192508+00:00
[2026-03-17T21:22:46.234+0000] {processor.py:179} INFO - Processing /opt/airflow/dags/ingest_local_folder_dag.py took 0.746 seconds
[2026-03-17T21:23:16.339+0000] {processor.py:157} INFO - Started process (PID=9395) to work on /opt/airflow/dags/ingest_local_folder_dag.py
[2026-03-17T21:23:16.342+0000] {processor.py:829} INFO - Processing file /opt/airflow/dags/ingest_local_folder_dag.py for tasks to queue
[2026-03-17T21:23:16.344+0000] {logging_mixin.py:151} INFO - [2026-03-17T21:23:16.343+0000] {dagbag.py:539} INFO - Filling up the DagBag from /opt/airflow/dags/ingest_local_folder_dag.py
[2026-03-17T21:23:16.883+0000] {processor.py:839} INFO - DAG(s) dict_keys(['ingestionDAG']) retrieved from /opt/airflow/dags/ingest_local_folder_dag.py
[2026-03-17T21:23:16.969+0000] {logging_mixin.py:151} INFO - [2026-03-17T21:23:16.968+0000] {dag.py:2915} INFO - Sync 1 DAGs
[2026-03-17T21:23:17.026+0000] {logging_mixin.py:151} INFO - [2026-03-17T21:23:17.025+0000] {dag.py:3696} INFO - Setting next_dagrun for ingestionDAG to 2026-03-17T21:22:47.025385+00:00, run_after=2026-03-17T21:23:17.025385+00:00
[2026-03-17T21:23:17.067+0000] {processor.py:179} INFO - Processing /opt/airflow/dags/ingest_local_folder_dag.py took 0.739 seconds
[2026-03-17T21:23:47.675+0000] {processor.py:157} INFO - Started process (PID=9413) to work on /opt/airflow/dags/ingest_local_folder_dag.py
[2026-03-17T21:23:47.677+0000] {processor.py:829} INFO - Processing file /opt/airflow/dags/ingest_local_folder_dag.py for tasks to queue
[2026-03-17T21:23:47.679+0000] {logging_mixin.py:151} INFO - [2026-03-17T21:23:47.678+0000] {dagbag.py:539} INFO - Filling up the DagBag from /opt/airflow/dags/ingest_local_folder_dag.py
[2026-03-17T21:23:48.215+0000] {processor.py:839} INFO - DAG(s) dict_keys(['ingestionDAG']) retrieved from /opt/airflow/dags/ingest_local_folder_dag.py
[2026-03-17T21:23:48.300+0000] {logging_mixin.py:151} INFO - [2026-03-17T21:23:48.300+0000] {dag.py:2915} INFO - Sync 1 DAGs
[2026-03-17T21:23:48.358+0000] {logging_mixin.py:151} INFO - [2026-03-17T21:23:48.357+0000] {dag.py:3696} INFO - Setting next_dagrun for ingestionDAG to 2026-03-17T21:23:18.357312+00:00, run_after=2026-03-17T21:23:48.357312+00:00
[2026-03-17T21:23:48.399+0000] {processor.py:179} INFO - Processing /opt/airflow/dags/ingest_local_folder_dag.py took 0.734 seconds
[2026-03-17T21:24:18.585+0000] {processor.py:157} INFO - Started process (PID=9431) to work on /opt/airflow/dags/ingest_local_folder_dag.py
[2026-03-17T21:24:18.587+0000] {processor.py:829} INFO - Processing file /opt/airflow/dags/ingest_local_folder_dag.py for tasks to queue
[2026-03-17T21:24:18.589+0000] {logging_mixin.py:151} INFO - [2026-03-17T21:24:18.588+0000] {dagbag.py:539} INFO - Filling up the DagBag from /opt/airflow/dags/ingest_local_folder_dag.py
[2026-03-17T21:24:19.130+0000] {processor.py:839} INFO - DAG(s) dict_keys(['ingestionDAG']) retrieved from /opt/airflow/dags/ingest_local_folder_dag.py
[2026-03-17T21:24:19.217+0000] {logging_mixin.py:151} INFO - [2026-03-17T21:24:19.216+0000] {dag.py:2915} INFO - Sync 1 DAGs
[2026-03-17T21:24:19.276+0000] {logging_mixin.py:151} INFO - [2026-03-17T21:24:19.276+0000] {dag.py:3696} INFO - Setting next_dagrun for ingestionDAG to 2026-03-17T21:23:49.275676+00:00, run_after=2026-03-17T21:24:19.275676+00:00
[2026-03-17T21:24:19.317+0000] {processor.py:179} INFO - Processing /opt/airflow/dags/ingest_local_folder_dag.py took 0.742 seconds
[2026-03-17T21:24:49.579+0000] {processor.py:157} INFO - Started process (PID=9447) to work on /opt/airflow/dags/ingest_local_folder_dag.py
[2026-03-17T21:24:49.582+0000] {processor.py:829} INFO - Processing file /opt/airflow/dags/ingest_local_folder_dag.py for tasks to queue
[2026-03-17T21:24:49.584+0000] {logging_mixin.py:151} INFO - [2026-03-17T21:24:49.583+0000] {dagbag.py:539} INFO - Filling up the DagBag from /opt/airflow/dags/ingest_local_folder_dag.py
[2026-03-17T21:24:50.141+0000] {processor.py:839} INFO - DAG(s) dict_keys(['ingestionDAG']) retrieved from /opt/airflow/dags/ingest_local_folder_dag.py
[2026-03-17T21:24:50.229+0000] {logging_mixin.py:151} INFO - [2026-03-17T21:24:50.229+0000] {dag.py:2915} INFO - Sync 1 DAGs
[2026-03-17T21:24:50.287+0000] {logging_mixin.py:151} INFO - [2026-03-17T21:24:50.287+0000] {dag.py:3696} INFO - Setting next_dagrun for ingestionDAG to 2026-03-17T21:24:20.286851+00:00, run_after=2026-03-17T21:24:50.286851+00:00
[2026-03-17T21:24:50.328+0000] {processor.py:179} INFO - Processing /opt/airflow/dags/ingest_local_folder_dag.py took 0.761 seconds
[2026-03-17T21:25:20.790+0000] {processor.py:157} INFO - Started process (PID=9464) to work on /opt/airflow/dags/ingest_local_folder_dag.py
[2026-03-17T21:25:20.793+0000] {processor.py:829} INFO - Processing file /opt/airflow/dags/ingest_local_folder_dag.py for tasks to queue
[2026-03-17T21:25:20.795+0000] {logging_mixin.py:151} INFO - [2026-03-17T21:25:20.794+0000] {dagbag.py:539} INFO - Filling up the DagBag from /opt/airflow/dags/ingest_local_folder_dag.py
[2026-03-17T21:25:21.370+0000] {processor.py:839} INFO - DAG(s) dict_keys(['ingestionDAG']) retrieved from /opt/airflow/dags/ingest_local_folder_dag.py
[2026-03-17T21:25:21.463+0000] {logging_mixin.py:151} INFO - [2026-03-17T21:25:21.463+0000] {dag.py:2915} INFO - Sync 1 DAGs
[2026-03-17T21:25:21.521+0000] {logging_mixin.py:151} INFO - [2026-03-17T21:25:21.521+0000] {dag.py:3696} INFO - Setting next_dagrun for ingestionDAG to 2026-03-17T21:24:51.520665+00:00, run_after=2026-03-17T21:25:21.520665+00:00
[2026-03-17T21:25:21.563+0000] {processor.py:179} INFO - Processing /opt/airflow/dags/ingest_local_folder_dag.py took 0.784 seconds
[2026-03-17T21:25:51.966+0000] {processor.py:157} INFO - Started process (PID=9479) to work on /opt/airflow/dags/ingest_local_folder_dag.py
[2026-03-17T21:25:51.969+0000] {processor.py:829} INFO - Processing file /opt/airflow/dags/ingest_local_folder_dag.py for tasks to queue
[2026-03-17T21:25:51.971+0000] {logging_mixin.py:151} INFO - [2026-03-17T21:25:51.970+0000] {dagbag.py:539} INFO - Filling up the DagBag from /opt/airflow/dags/ingest_local_folder_dag.py
[2026-03-17T21:25:52.534+0000] {processor.py:839} INFO - DAG(s) dict_keys(['ingestionDAG']) retrieved from /opt/airflow/dags/ingest_local_folder_dag.py
[2026-03-17T21:25:52.620+0000] {logging_mixin.py:151} INFO - [2026-03-17T21:25:52.619+0000] {dag.py:2915} INFO - Sync 1 DAGs
[2026-03-17T21:25:52.677+0000] {logging_mixin.py:151} INFO - [2026-03-17T21:25:52.676+0000] {dag.py:3696} INFO - Setting next_dagrun for ingestionDAG to 2026-03-17T21:25:22.676155+00:00, run_after=2026-03-17T21:25:52.676155+00:00
[2026-03-17T21:25:52.717+0000] {processor.py:179} INFO - Processing /opt/airflow/dags/ingest_local_folder_dag.py took 0.763 seconds
[2026-03-17T21:26:22.835+0000] {processor.py:157} INFO - Started process (PID=9497) to work on /opt/airflow/dags/ingest_local_folder_dag.py
[2026-03-17T21:26:22.837+0000] {processor.py:829} INFO - Processing file /opt/airflow/dags/ingest_local_folder_dag.py for tasks to queue
[2026-03-17T21:26:22.840+0000] {logging_mixin.py:151} INFO - [2026-03-17T21:26:22.839+0000] {dagbag.py:539} INFO - Filling up the DagBag from /opt/airflow/dags/ingest_local_folder_dag.py
[2026-03-17T21:26:23.408+0000] {processor.py:839} INFO - DAG(s) dict_keys(['ingestionDAG']) retrieved from /opt/airflow/dags/ingest_local_folder_dag.py
[2026-03-17T21:26:23.504+0000] {logging_mixin.py:151} INFO - [2026-03-17T21:26:23.504+0000] {dag.py:2915} INFO - Sync 1 DAGs
[2026-03-17T21:26:23.861+0000] {logging_mixin.py:151} INFO - [2026-03-17T21:26:23.860+0000] {dag.py:3696} INFO - Setting next_dagrun for ingestionDAG to 2026-03-17T21:25:53.860072+00:00, run_after=2026-03-17T21:26:23.860072+00:00
[2026-03-17T21:26:23.903+0000] {processor.py:179} INFO - Processing /opt/airflow/dags/ingest_local_folder_dag.py took 1.080 seconds
[2026-03-17T21:26:54.164+0000] {processor.py:157} INFO - Started process (PID=9515) to work on /opt/airflow/dags/ingest_local_folder_dag.py
[2026-03-17T21:26:54.167+0000] {processor.py:829} INFO - Processing file /opt/airflow/dags/ingest_local_folder_dag.py for tasks to queue
[2026-03-17T21:26:54.169+0000] {logging_mixin.py:151} INFO - [2026-03-17T21:26:54.168+0000] {dagbag.py:539} INFO - Filling up the DagBag from /opt/airflow/dags/ingest_local_folder_dag.py
[2026-03-17T21:26:54.738+0000] {processor.py:839} INFO - DAG(s) dict_keys(['ingestionDAG']) retrieved from /opt/airflow/dags/ingest_local_folder_dag.py
[2026-03-17T21:26:54.837+0000] {logging_mixin.py:151} INFO - [2026-03-17T21:26:54.836+0000] {dag.py:2915} INFO - Sync 1 DAGs
[2026-03-17T21:26:54.901+0000] {logging_mixin.py:151} INFO - [2026-03-17T21:26:54.901+0000] {dag.py:3696} INFO - Setting next_dagrun for ingestionDAG to 2026-03-17T21:26:24.900453+00:00, run_after=2026-03-17T21:26:54.900453+00:00
[2026-03-17T21:26:54.947+0000] {processor.py:179} INFO - Processing /opt/airflow/dags/ingest_local_folder_dag.py took 0.794 seconds
[2026-03-17T21:27:25.536+0000] {processor.py:157} INFO - Started process (PID=9533) to work on /opt/airflow/dags/ingest_local_folder_dag.py
[2026-03-17T21:27:25.538+0000] {processor.py:829} INFO - Processing file /opt/airflow/dags/ingest_local_folder_dag.py for tasks to queue
[2026-03-17T21:27:25.541+0000] {logging_mixin.py:151} INFO - [2026-03-17T21:27:25.540+0000] {dagbag.py:539} INFO - Filling up the DagBag from /opt/airflow/dags/ingest_local_folder_dag.py
[2026-03-17T21:27:26.109+0000] {processor.py:839} INFO - DAG(s) dict_keys(['ingestionDAG']) retrieved from /opt/airflow/dags/ingest_local_folder_dag.py
[2026-03-17T21:27:26.195+0000] {logging_mixin.py:151} INFO - [2026-03-17T21:27:26.195+0000] {dag.py:2915} INFO - Sync 1 DAGs
[2026-03-17T21:27:26.253+0000] {logging_mixin.py:151} INFO - [2026-03-17T21:27:26.252+0000] {dag.py:3696} INFO - Setting next_dagrun for ingestionDAG to 2026-03-17T21:26:56.252183+00:00, run_after=2026-03-17T21:27:26.252183+00:00
[2026-03-17T21:27:26.294+0000] {processor.py:179} INFO - Processing /opt/airflow/dags/ingest_local_folder_dag.py took 0.769 seconds
[2026-03-17T21:27:56.397+0000] {processor.py:157} INFO - Started process (PID=9551) to work on /opt/airflow/dags/ingest_local_folder_dag.py
[2026-03-17T21:27:56.399+0000] {processor.py:829} INFO - Processing file /opt/airflow/dags/ingest_local_folder_dag.py for tasks to queue
[2026-03-17T21:27:56.401+0000] {logging_mixin.py:151} INFO - [2026-03-17T21:27:56.400+0000] {dagbag.py:539} INFO - Filling up the DagBag from /opt/airflow/dags/ingest_local_folder_dag.py
[2026-03-17T21:27:56.966+0000] {processor.py:839} INFO - DAG(s) dict_keys(['ingestionDAG']) retrieved from /opt/airflow/dags/ingest_local_folder_dag.py
[2026-03-17T21:27:57.063+0000] {logging_mixin.py:151} INFO - [2026-03-17T21:27:57.063+0000] {dag.py:2915} INFO - Sync 1 DAGs
[2026-03-17T21:27:57.125+0000] {logging_mixin.py:151} INFO - [2026-03-17T21:27:57.125+0000] {dag.py:3696} INFO - Setting next_dagrun for ingestionDAG to 2026-03-17T21:27:27.124525+00:00, run_after=2026-03-17T21:27:57.124525+00:00
[2026-03-17T21:27:57.166+0000] {processor.py:179} INFO - Processing /opt/airflow/dags/ingest_local_folder_dag.py took 0.781 seconds
[2026-03-17T21:28:27.436+0000] {processor.py:157} INFO - Started process (PID=9569) to work on /opt/airflow/dags/ingest_local_folder_dag.py
[2026-03-17T21:28:27.438+0000] {processor.py:829} INFO - Processing file /opt/airflow/dags/ingest_local_folder_dag.py for tasks to queue
[2026-03-17T21:28:27.441+0000] {logging_mixin.py:151} INFO - [2026-03-17T21:28:27.440+0000] {dagbag.py:539} INFO - Filling up the DagBag from /opt/airflow/dags/ingest_local_folder_dag.py
[2026-03-17T21:28:28.011+0000] {processor.py:839} INFO - DAG(s) dict_keys(['ingestionDAG']) retrieved from /opt/airflow/dags/ingest_local_folder_dag.py
[2026-03-17T21:28:28.108+0000] {logging_mixin.py:151} INFO - [2026-03-17T21:28:28.108+0000] {dag.py:2915} INFO - Sync 1 DAGs
[2026-03-17T21:28:28.466+0000] {logging_mixin.py:151} INFO - [2026-03-17T21:28:28.466+0000] {dag.py:3696} INFO - Setting next_dagrun for ingestionDAG to 2026-03-17T21:27:58.466042+00:00, run_after=2026-03-17T21:28:28.466042+00:00
[2026-03-17T21:28:28.509+0000] {processor.py:179} INFO - Processing /opt/airflow/dags/ingest_local_folder_dag.py took 1.084 seconds
[2026-03-17T21:28:58.782+0000] {processor.py:157} INFO - Started process (PID=9587) to work on /opt/airflow/dags/ingest_local_folder_dag.py
[2026-03-17T21:28:58.785+0000] {processor.py:829} INFO - Processing file /opt/airflow/dags/ingest_local_folder_dag.py for tasks to queue
[2026-03-17T21:28:58.787+0000] {logging_mixin.py:151} INFO - [2026-03-17T21:28:58.786+0000] {dagbag.py:539} INFO - Filling up the DagBag from /opt/airflow/dags/ingest_local_folder_dag.py
[2026-03-17T21:28:59.358+0000] {processor.py:839} INFO - DAG(s) dict_keys(['ingestionDAG']) retrieved from /opt/airflow/dags/ingest_local_folder_dag.py
[2026-03-17T21:28:59.456+0000] {logging_mixin.py:151} INFO - [2026-03-17T21:28:59.455+0000] {dag.py:2915} INFO - Sync 1 DAGs
[2026-03-17T21:28:59.520+0000] {logging_mixin.py:151} INFO - [2026-03-17T21:28:59.519+0000] {dag.py:3696} INFO - Setting next_dagrun for ingestionDAG to 2026-03-17T21:28:29.519245+00:00, run_after=2026-03-17T21:28:59.519245+00:00
[2026-03-17T21:28:59.565+0000] {processor.py:179} INFO - Processing /opt/airflow/dags/ingest_local_folder_dag.py took 0.794 seconds
[2026-03-17T21:29:29.683+0000] {processor.py:157} INFO - Started process (PID=9605) to work on /opt/airflow/dags/ingest_local_folder_dag.py
[2026-03-17T21:29:29.686+0000] {processor.py:829} INFO - Processing file /opt/airflow/dags/ingest_local_folder_dag.py for tasks to queue
[2026-03-17T21:29:29.688+0000] {logging_mixin.py:151} INFO - [2026-03-17T21:29:29.687+0000] {dagbag.py:539} INFO - Filling up the DagBag from /opt/airflow/dags/ingest_local_folder_dag.py
[2026-03-17T21:29:30.268+0000] {processor.py:839} INFO - DAG(s) dict_keys(['ingestionDAG']) retrieved from /opt/airflow/dags/ingest_local_folder_dag.py
[2026-03-17T21:29:30.355+0000] {logging_mixin.py:151} INFO - [2026-03-17T21:29:30.355+0000] {dag.py:2915} INFO - Sync 1 DAGs
[2026-03-17T21:29:30.413+0000] {logging_mixin.py:151} INFO - [2026-03-17T21:29:30.413+0000] {dag.py:3696} INFO - Setting next_dagrun for ingestionDAG to 2026-03-17T21:29:00.412685+00:00, run_after=2026-03-17T21:29:30.412685+00:00
[2026-03-17T21:29:30.454+0000] {processor.py:179} INFO - Processing /opt/airflow/dags/ingest_local_folder_dag.py took 0.783 seconds
[2026-03-17T21:30:00.599+0000] {processor.py:157} INFO - Started process (PID=9623) to work on /opt/airflow/dags/ingest_local_folder_dag.py
[2026-03-17T21:30:00.601+0000] {processor.py:829} INFO - Processing file /opt/airflow/dags/ingest_local_folder_dag.py for tasks to queue
[2026-03-17T21:30:00.603+0000] {logging_mixin.py:151} INFO - [2026-03-17T21:30:00.602+0000] {dagbag.py:539} INFO - Filling up the DagBag from /opt/airflow/dags/ingest_local_folder_dag.py
[2026-03-17T21:30:01.178+0000] {processor.py:839} INFO - DAG(s) dict_keys(['ingestionDAG']) retrieved from /opt/airflow/dags/ingest_local_folder_dag.py
[2026-03-17T21:30:01.272+0000] {logging_mixin.py:151} INFO - [2026-03-17T21:30:01.271+0000] {dag.py:2915} INFO - Sync 1 DAGs
[2026-03-17T21:30:01.329+0000] {logging_mixin.py:151} INFO - [2026-03-17T21:30:01.329+0000] {dag.py:3696} INFO - Setting next_dagrun for ingestionDAG to 2026-03-17T21:29:31.328474+00:00, run_after=2026-03-17T21:30:01.328474+00:00
[2026-03-17T21:30:01.373+0000] {processor.py:179} INFO - Processing /opt/airflow/dags/ingest_local_folder_dag.py took 0.786 seconds
[2026-03-17T21:30:31.684+0000] {processor.py:157} INFO - Started process (PID=9641) to work on /opt/airflow/dags/ingest_local_folder_dag.py
[2026-03-17T21:30:31.686+0000] {processor.py:829} INFO - Processing file /opt/airflow/dags/ingest_local_folder_dag.py for tasks to queue
[2026-03-17T21:30:31.688+0000] {logging_mixin.py:151} INFO - [2026-03-17T21:30:31.687+0000] {dagbag.py:539} INFO - Filling up the DagBag from /opt/airflow/dags/ingest_local_folder_dag.py
[2026-03-17T21:30:32.268+0000] {processor.py:839} INFO - DAG(s) dict_keys(['ingestionDAG']) retrieved from /opt/airflow/dags/ingest_local_folder_dag.py
[2026-03-17T21:30:32.356+0000] {logging_mixin.py:151} INFO - [2026-03-17T21:30:32.356+0000] {dag.py:2915} INFO - Sync 1 DAGs
[2026-03-17T21:30:32.416+0000] {logging_mixin.py:151} INFO - [2026-03-17T21:30:32.416+0000] {dag.py:3696} INFO - Setting next_dagrun for ingestionDAG to 2026-03-17T21:30:02.415657+00:00, run_after=2026-03-17T21:30:32.415657+00:00
[2026-03-17T21:30:32.457+0000] {processor.py:179} INFO - Processing /opt/airflow/dags/ingest_local_folder_dag.py took 0.785 seconds
[2026-03-17T21:31:03.194+0000] {processor.py:157} INFO - Started process (PID=9659) to work on /opt/airflow/dags/ingest_local_folder_dag.py
[2026-03-17T21:31:03.197+0000] {processor.py:829} INFO - Processing file /opt/airflow/dags/ingest_local_folder_dag.py for tasks to queue
[2026-03-17T21:31:03.199+0000] {logging_mixin.py:151} INFO - [2026-03-17T21:31:03.198+0000] {dagbag.py:539} INFO - Filling up the DagBag from /opt/airflow/dags/ingest_local_folder_dag.py
[2026-03-17T21:31:03.768+0000] {processor.py:839} INFO - DAG(s) dict_keys(['ingestionDAG']) retrieved from /opt/airflow/dags/ingest_local_folder_dag.py
[2026-03-17T21:31:03.860+0000] {logging_mixin.py:151} INFO - [2026-03-17T21:31:03.860+0000] {dag.py:2915} INFO - Sync 1 DAGs
[2026-03-17T21:31:03.918+0000] {logging_mixin.py:151} INFO - [2026-03-17T21:31:03.918+0000] {dag.py:3696} INFO - Setting next_dagrun for ingestionDAG to 2026-03-17T21:30:33.917510+00:00, run_after=2026-03-17T21:31:03.917510+00:00
[2026-03-17T21:31:03.959+0000] {processor.py:179} INFO - Processing /opt/airflow/dags/ingest_local_folder_dag.py took 0.777 seconds
[2026-03-17T21:31:34.044+0000] {processor.py:157} INFO - Started process (PID=9677) to work on /opt/airflow/dags/ingest_local_folder_dag.py
[2026-03-17T21:31:34.047+0000] {processor.py:829} INFO - Processing file /opt/airflow/dags/ingest_local_folder_dag.py for tasks to queue
[2026-03-17T21:31:34.049+0000] {logging_mixin.py:151} INFO - [2026-03-17T21:31:34.048+0000] {dagbag.py:539} INFO - Filling up the DagBag from /opt/airflow/dags/ingest_local_folder_dag.py
[2026-03-17T21:31:34.621+0000] {processor.py:839} INFO - DAG(s) dict_keys(['ingestionDAG']) retrieved from /opt/airflow/dags/ingest_local_folder_dag.py
[2026-03-17T21:31:34.718+0000] {logging_mixin.py:151} INFO - [2026-03-17T21:31:34.718+0000] {dag.py:2915} INFO - Sync 1 DAGs
[2026-03-17T21:31:34.782+0000] {logging_mixin.py:151} INFO - [2026-03-17T21:31:34.782+0000] {dag.py:3696} INFO - Setting next_dagrun for ingestionDAG to 2026-03-17T21:31:04.781561+00:00, run_after=2026-03-17T21:31:34.781561+00:00
[2026-03-17T21:31:34.828+0000] {processor.py:179} INFO - Processing /opt/airflow/dags/ingest_local_folder_dag.py took 0.796 seconds
[2026-03-17T21:32:05.097+0000] {processor.py:157} INFO - Started process (PID=9695) to work on /opt/airflow/dags/ingest_local_folder_dag.py
[2026-03-17T21:32:05.100+0000] {processor.py:829} INFO - Processing file /opt/airflow/dags/ingest_local_folder_dag.py for tasks to queue
[2026-03-17T21:32:05.102+0000] {logging_mixin.py:151} INFO - [2026-03-17T21:32:05.101+0000] {dagbag.py:539} INFO - Filling up the DagBag from /opt/airflow/dags/ingest_local_folder_dag.py
[2026-03-17T21:32:05.679+0000] {processor.py:839} INFO - DAG(s) dict_keys(['ingestionDAG']) retrieved from /opt/airflow/dags/ingest_local_folder_dag.py
[2026-03-17T21:32:05.774+0000] {logging_mixin.py:151} INFO - [2026-03-17T21:32:05.774+0000] {dag.py:2915} INFO - Sync 1 DAGs
[2026-03-17T21:32:05.838+0000] {logging_mixin.py:151} INFO - [2026-03-17T21:32:05.838+0000] {dag.py:3696} INFO - Setting next_dagrun for ingestionDAG to 2026-03-17T21:31:35.837692+00:00, run_after=2026-03-17T21:32:05.837692+00:00
[2026-03-17T21:32:05.887+0000] {processor.py:179} INFO - Processing /opt/airflow/dags/ingest_local_folder_dag.py took 0.802 seconds
[2026-03-17T21:32:36.195+0000] {processor.py:157} INFO - Started process (PID=9713) to work on /opt/airflow/dags/ingest_local_folder_dag.py
[2026-03-17T21:32:36.198+0000] {processor.py:829} INFO - Processing file /opt/airflow/dags/ingest_local_folder_dag.py for tasks to queue
[2026-03-17T21:32:36.200+0000] {logging_mixin.py:151} INFO - [2026-03-17T21:32:36.199+0000] {dagbag.py:539} INFO - Filling up the DagBag from /opt/airflow/dags/ingest_local_folder_dag.py
[2026-03-17T21:32:36.784+0000] {processor.py:839} INFO - DAG(s) dict_keys(['ingestionDAG']) retrieved from /opt/airflow/dags/ingest_local_folder_dag.py
[2026-03-17T21:32:36.881+0000] {logging_mixin.py:151} INFO - [2026-03-17T21:32:36.880+0000] {dag.py:2915} INFO - Sync 1 DAGs
[2026-03-17T21:32:37.243+0000] {logging_mixin.py:151} INFO - [2026-03-17T21:32:37.242+0000] {dag.py:3696} INFO - Setting next_dagrun for ingestionDAG to 2026-03-17T21:32:07.242305+00:00, run_after=2026-03-17T21:32:37.242305+00:00
[2026-03-17T21:32:37.283+0000] {processor.py:179} INFO - Processing /opt/airflow/dags/ingest_local_folder_dag.py took 1.099 seconds
[2026-03-17T21:33:07.557+0000] {processor.py:157} INFO - Started process (PID=9731) to work on /opt/airflow/dags/ingest_local_folder_dag.py
[2026-03-17T21:33:07.559+0000] {processor.py:829} INFO - Processing file /opt/airflow/dags/ingest_local_folder_dag.py for tasks to queue
[2026-03-17T21:33:07.562+0000] {logging_mixin.py:151} INFO - [2026-03-17T21:33:07.560+0000] {dagbag.py:539} INFO - Filling up the DagBag from /opt/airflow/dags/ingest_local_folder_dag.py
[2026-03-17T21:33:08.135+0000] {processor.py:839} INFO - DAG(s) dict_keys(['ingestionDAG']) retrieved from /opt/airflow/dags/ingest_local_folder_dag.py
[2026-03-17T21:33:08.233+0000] {logging_mixin.py:151} INFO - [2026-03-17T21:33:08.233+0000] {dag.py:2915} INFO - Sync 1 DAGs
[2026-03-17T21:33:08.298+0000] {logging_mixin.py:151} INFO - [2026-03-17T21:33:08.297+0000] {dag.py:3696} INFO - Setting next_dagrun for ingestionDAG to 2026-03-17T21:32:38.297032+00:00, run_after=2026-03-17T21:33:08.297032+00:00
[2026-03-17T21:33:08.344+0000] {processor.py:179} INFO - Processing /opt/airflow/dags/ingest_local_folder_dag.py took 0.798 seconds
[2026-03-17T21:33:39.036+0000] {processor.py:157} INFO - Started process (PID=9749) to work on /opt/airflow/dags/ingest_local_folder_dag.py
[2026-03-17T21:33:39.039+0000] {processor.py:829} INFO - Processing file /opt/airflow/dags/ingest_local_folder_dag.py for tasks to queue
[2026-03-17T21:33:39.041+0000] {logging_mixin.py:151} INFO - [2026-03-17T21:33:39.040+0000] {dagbag.py:539} INFO - Filling up the DagBag from /opt/airflow/dags/ingest_local_folder_dag.py
[2026-03-17T21:33:39.610+0000] {processor.py:839} INFO - DAG(s) dict_keys(['ingestionDAG']) retrieved from /opt/airflow/dags/ingest_local_folder_dag.py
[2026-03-17T21:33:39.695+0000] {logging_mixin.py:151} INFO - [2026-03-17T21:33:39.694+0000] {dag.py:2915} INFO - Sync 1 DAGs
[2026-03-17T21:33:39.752+0000] {logging_mixin.py:151} INFO - [2026-03-17T21:33:39.752+0000] {dag.py:3696} INFO - Setting next_dagrun for ingestionDAG to 2026-03-17T21:33:09.751465+00:00, run_after=2026-03-17T21:33:39.751465+00:00
[2026-03-17T21:33:39.793+0000] {processor.py:179} INFO - Processing /opt/airflow/dags/ingest_local_folder_dag.py took 0.769 seconds
[2026-03-17T21:34:09.953+0000] {processor.py:157} INFO - Started process (PID=9767) to work on /opt/airflow/dags/ingest_local_folder_dag.py
[2026-03-17T21:34:09.955+0000] {processor.py:829} INFO - Processing file /opt/airflow/dags/ingest_local_folder_dag.py for tasks to queue
[2026-03-17T21:34:09.957+0000] {logging_mixin.py:151} INFO - [2026-03-17T21:34:09.956+0000] {dagbag.py:539} INFO - Filling up the DagBag from /opt/airflow/dags/ingest_local_folder_dag.py
[2026-03-17T21:34:10.535+0000] {processor.py:839} INFO - DAG(s) dict_keys(['ingestionDAG']) retrieved from /opt/airflow/dags/ingest_local_folder_dag.py
[2026-03-17T21:34:10.622+0000] {logging_mixin.py:151} INFO - [2026-03-17T21:34:10.622+0000] {dag.py:2915} INFO - Sync 1 DAGs
[2026-03-17T21:34:10.680+0000] {logging_mixin.py:151} INFO - [2026-03-17T21:34:10.679+0000] {dag.py:3696} INFO - Setting next_dagrun for ingestionDAG to 2026-03-17T21:33:40.679322+00:00, run_after=2026-03-17T21:34:10.679322+00:00
[2026-03-17T21:34:10.724+0000] {processor.py:179} INFO - Processing /opt/airflow/dags/ingest_local_folder_dag.py took 0.783 seconds
[2026-03-17T21:34:40.984+0000] {processor.py:157} INFO - Started process (PID=9785) to work on /opt/airflow/dags/ingest_local_folder_dag.py
[2026-03-17T21:34:40.987+0000] {processor.py:829} INFO - Processing file /opt/airflow/dags/ingest_local_folder_dag.py for tasks to queue
[2026-03-17T21:34:40.989+0000] {logging_mixin.py:151} INFO - [2026-03-17T21:34:40.988+0000] {dagbag.py:539} INFO - Filling up the DagBag from /opt/airflow/dags/ingest_local_folder_dag.py
[2026-03-17T21:34:41.527+0000] {processor.py:839} INFO - DAG(s) dict_keys(['ingestionDAG']) retrieved from /opt/airflow/dags/ingest_local_folder_dag.py
[2026-03-17T21:34:41.613+0000] {logging_mixin.py:151} INFO - [2026-03-17T21:34:41.612+0000] {dag.py:2915} INFO - Sync 1 DAGs
[2026-03-17T21:34:41.965+0000] {logging_mixin.py:151} INFO - [2026-03-17T21:34:41.965+0000] {dag.py:3696} INFO - Setting next_dagrun for ingestionDAG to 2026-03-17T21:34:11.964544+00:00, run_after=2026-03-17T21:34:41.964544+00:00
[2026-03-17T21:34:42.005+0000] {processor.py:179} INFO - Processing /opt/airflow/dags/ingest_local_folder_dag.py took 1.032 seconds
[2026-03-17T21:35:12.279+0000] {processor.py:157} INFO - Started process (PID=9803) to work on /opt/airflow/dags/ingest_local_folder_dag.py
[2026-03-17T21:35:12.281+0000] {processor.py:829} INFO - Processing file /opt/airflow/dags/ingest_local_folder_dag.py for tasks to queue
[2026-03-17T21:35:12.284+0000] {logging_mixin.py:151} INFO - [2026-03-17T21:35:12.282+0000] {dagbag.py:539} INFO - Filling up the DagBag from /opt/airflow/dags/ingest_local_folder_dag.py
[2026-03-17T21:35:12.826+0000] {processor.py:839} INFO - DAG(s) dict_keys(['ingestionDAG']) retrieved from /opt/airflow/dags/ingest_local_folder_dag.py
[2026-03-17T21:35:12.923+0000] {logging_mixin.py:151} INFO - [2026-03-17T21:35:12.922+0000] {dag.py:2915} INFO - Sync 1 DAGs
[2026-03-17T21:35:12.987+0000] {logging_mixin.py:151} INFO - [2026-03-17T21:35:12.986+0000] {dag.py:3696} INFO - Setting next_dagrun for ingestionDAG to 2026-03-17T21:34:42.986275+00:00, run_after=2026-03-17T21:35:12.986275+00:00
[2026-03-17T21:35:13.033+0000] {processor.py:179} INFO - Processing /opt/airflow/dags/ingest_local_folder_dag.py took 0.765 seconds
[2026-03-17T21:35:43.739+0000] {processor.py:157} INFO - Started process (PID=9821) to work on /opt/airflow/dags/ingest_local_folder_dag.py
[2026-03-17T21:35:43.742+0000] {processor.py:829} INFO - Processing file /opt/airflow/dags/ingest_local_folder_dag.py for tasks to queue
[2026-03-17T21:35:43.744+0000] {logging_mixin.py:151} INFO - [2026-03-17T21:35:43.743+0000] {dagbag.py:539} INFO - Filling up the DagBag from /opt/airflow/dags/ingest_local_folder_dag.py
[2026-03-17T21:35:44.314+0000] {processor.py:839} INFO - DAG(s) dict_keys(['ingestionDAG']) retrieved from /opt/airflow/dags/ingest_local_folder_dag.py
[2026-03-17T21:35:44.411+0000] {logging_mixin.py:151} INFO - [2026-03-17T21:35:44.410+0000] {dag.py:2915} INFO - Sync 1 DAGs
[2026-03-17T21:35:44.476+0000] {logging_mixin.py:151} INFO - [2026-03-17T21:35:44.475+0000] {dag.py:3696} INFO - Setting next_dagrun for ingestionDAG to 2026-03-17T21:35:14.475038+00:00, run_after=2026-03-17T21:35:44.475038+00:00
[2026-03-17T21:35:44.521+0000] {processor.py:179} INFO - Processing /opt/airflow/dags/ingest_local_folder_dag.py took 0.794 seconds
[2026-03-17T21:36:14.603+0000] {processor.py:157} INFO - Started process (PID=9839) to work on /opt/airflow/dags/ingest_local_folder_dag.py
[2026-03-17T21:36:14.605+0000] {processor.py:829} INFO - Processing file /opt/airflow/dags/ingest_local_folder_dag.py for tasks to queue
[2026-03-17T21:36:14.608+0000] {logging_mixin.py:151} INFO - [2026-03-17T21:36:14.606+0000] {dagbag.py:539} INFO - Filling up the DagBag from /opt/airflow/dags/ingest_local_folder_dag.py
[2026-03-17T21:36:15.156+0000] {processor.py:839} INFO - DAG(s) dict_keys(['ingestionDAG']) retrieved from /opt/airflow/dags/ingest_local_folder_dag.py
[2026-03-17T21:36:15.243+0000] {logging_mixin.py:151} INFO - [2026-03-17T21:36:15.242+0000] {dag.py:2915} INFO - Sync 1 DAGs
[2026-03-17T21:36:15.303+0000] {logging_mixin.py:151} INFO - [2026-03-17T21:36:15.303+0000] {dag.py:3696} INFO - Setting next_dagrun for ingestionDAG to 2026-03-17T21:35:45.302815+00:00, run_after=2026-03-17T21:36:15.302815+00:00
[2026-03-17T21:36:15.640+0000] {processor.py:179} INFO - Processing /opt/airflow/dags/ingest_local_folder_dag.py took 1.049 seconds
[2026-03-17T21:36:45.921+0000] {processor.py:157} INFO - Started process (PID=9857) to work on /opt/airflow/dags/ingest_local_folder_dag.py
[2026-03-17T21:36:45.923+0000] {processor.py:829} INFO - Processing file /opt/airflow/dags/ingest_local_folder_dag.py for tasks to queue
[2026-03-17T21:36:45.925+0000] {logging_mixin.py:151} INFO - [2026-03-17T21:36:45.924+0000] {dagbag.py:539} INFO - Filling up the DagBag from /opt/airflow/dags/ingest_local_folder_dag.py
[2026-03-17T21:36:46.466+0000] {processor.py:839} INFO - DAG(s) dict_keys(['ingestionDAG']) retrieved from /opt/airflow/dags/ingest_local_folder_dag.py
[2026-03-17T21:36:46.554+0000] {logging_mixin.py:151} INFO - [2026-03-17T21:36:46.553+0000] {dag.py:2915} INFO - Sync 1 DAGs
[2026-03-17T21:36:46.611+0000] {logging_mixin.py:151} INFO - [2026-03-17T21:36:46.611+0000] {dag.py:3696} INFO - Setting next_dagrun for ingestionDAG to 2026-03-17T21:36:16.610575+00:00, run_after=2026-03-17T21:36:46.610575+00:00
[2026-03-17T21:36:46.652+0000] {processor.py:179} INFO - Processing /opt/airflow/dags/ingest_local_folder_dag.py took 0.741 seconds
[2026-03-17T21:37:17.166+0000] {processor.py:157} INFO - Started process (PID=9875) to work on /opt/airflow/dags/ingest_local_folder_dag.py
[2026-03-17T21:37:17.168+0000] {processor.py:829} INFO - Processing file /opt/airflow/dags/ingest_local_folder_dag.py for tasks to queue
[2026-03-17T21:37:17.171+0000] {logging_mixin.py:151} INFO - [2026-03-17T21:37:17.170+0000] {dagbag.py:539} INFO - Filling up the DagBag from /opt/airflow/dags/ingest_local_folder_dag.py
[2026-03-17T21:37:17.713+0000] {processor.py:839} INFO - DAG(s) dict_keys(['ingestionDAG']) retrieved from /opt/airflow/dags/ingest_local_folder_dag.py
[2026-03-17T21:37:17.800+0000] {logging_mixin.py:151} INFO - [2026-03-17T21:37:17.799+0000] {dag.py:2915} INFO - Sync 1 DAGs
[2026-03-17T21:37:17.857+0000] {logging_mixin.py:151} INFO - [2026-03-17T21:37:17.857+0000] {dag.py:3696} INFO - Setting next_dagrun for ingestionDAG to 2026-03-17T21:36:47.856765+00:00, run_after=2026-03-17T21:37:17.856765+00:00
[2026-03-17T21:37:17.899+0000] {processor.py:179} INFO - Processing /opt/airflow/dags/ingest_local_folder_dag.py took 0.743 seconds
[2026-03-17T21:37:48.469+0000] {processor.py:157} INFO - Started process (PID=9893) to work on /opt/airflow/dags/ingest_local_folder_dag.py
[2026-03-17T21:37:48.471+0000] {processor.py:829} INFO - Processing file /opt/airflow/dags/ingest_local_folder_dag.py for tasks to queue
[2026-03-17T21:37:48.473+0000] {logging_mixin.py:151} INFO - [2026-03-17T21:37:48.472+0000] {dagbag.py:539} INFO - Filling up the DagBag from /opt/airflow/dags/ingest_local_folder_dag.py
[2026-03-17T21:37:49.010+0000] {processor.py:839} INFO - DAG(s) dict_keys(['ingestionDAG']) retrieved from /opt/airflow/dags/ingest_local_folder_dag.py
[2026-03-17T21:37:49.096+0000] {logging_mixin.py:151} INFO - [2026-03-17T21:37:49.095+0000] {dag.py:2915} INFO - Sync 1 DAGs
[2026-03-17T21:37:49.153+0000] {logging_mixin.py:151} INFO - [2026-03-17T21:37:49.153+0000] {dag.py:3696} INFO - Setting next_dagrun for ingestionDAG to 2026-03-17T21:37:19.152669+00:00, run_after=2026-03-17T21:37:49.152669+00:00
[2026-03-17T21:37:49.194+0000] {processor.py:179} INFO - Processing /opt/airflow/dags/ingest_local_folder_dag.py took 0.735 seconds
[2026-03-17T21:38:19.702+0000] {processor.py:157} INFO - Started process (PID=9911) to work on /opt/airflow/dags/ingest_local_folder_dag.py
[2026-03-17T21:38:19.704+0000] {processor.py:829} INFO - Processing file /opt/airflow/dags/ingest_local_folder_dag.py for tasks to queue
[2026-03-17T21:38:19.706+0000] {logging_mixin.py:151} INFO - [2026-03-17T21:38:19.705+0000] {dagbag.py:539} INFO - Filling up the DagBag from /opt/airflow/dags/ingest_local_folder_dag.py
[2026-03-17T21:38:20.244+0000] {processor.py:839} INFO - DAG(s) dict_keys(['ingestionDAG']) retrieved from /opt/airflow/dags/ingest_local_folder_dag.py
[2026-03-17T21:38:20.328+0000] {logging_mixin.py:151} INFO - [2026-03-17T21:38:20.328+0000] {dag.py:2915} INFO - Sync 1 DAGs
[2026-03-17T21:38:20.388+0000] {logging_mixin.py:151} INFO - [2026-03-17T21:38:20.388+0000] {dag.py:3696} INFO - Setting next_dagrun for ingestionDAG to 2026-03-17T21:37:50.387538+00:00, run_after=2026-03-17T21:38:20.387538+00:00
[2026-03-17T21:38:20.710+0000] {processor.py:179} INFO - Processing /opt/airflow/dags/ingest_local_folder_dag.py took 1.018 seconds
[2026-03-17T21:38:50.984+0000] {processor.py:157} INFO - Started process (PID=9927) to work on /opt/airflow/dags/ingest_local_folder_dag.py
[2026-03-17T21:38:50.987+0000] {processor.py:829} INFO - Processing file /opt/airflow/dags/ingest_local_folder_dag.py for tasks to queue
[2026-03-17T21:38:50.989+0000] {logging_mixin.py:151} INFO - [2026-03-17T21:38:50.988+0000] {dagbag.py:539} INFO - Filling up the DagBag from /opt/airflow/dags/ingest_local_folder_dag.py
[2026-03-17T21:38:51.564+0000] {processor.py:839} INFO - DAG(s) dict_keys(['ingestionDAG']) retrieved from /opt/airflow/dags/ingest_local_folder_dag.py
[2026-03-17T21:38:51.652+0000] {logging_mixin.py:151} INFO - [2026-03-17T21:38:51.651+0000] {dag.py:2915} INFO - Sync 1 DAGs
[2026-03-17T21:38:51.996+0000] {logging_mixin.py:151} INFO - [2026-03-17T21:38:51.996+0000] {dag.py:3696} INFO - Setting next_dagrun for ingestionDAG to 2026-03-17T21:38:21.995951+00:00, run_after=2026-03-17T21:38:51.995951+00:00
[2026-03-17T21:38:52.042+0000] {processor.py:179} INFO - Processing /opt/airflow/dags/ingest_local_folder_dag.py took 1.069 seconds
[2026-03-17T21:39:22.361+0000] {processor.py:157} INFO - Started process (PID=9944) to work on /opt/airflow/dags/ingest_local_folder_dag.py
[2026-03-17T21:39:22.364+0000] {processor.py:829} INFO - Processing file /opt/airflow/dags/ingest_local_folder_dag.py for tasks to queue
[2026-03-17T21:39:22.366+0000] {logging_mixin.py:151} INFO - [2026-03-17T21:39:22.365+0000] {dagbag.py:539} INFO - Filling up the DagBag from /opt/airflow/dags/ingest_local_folder_dag.py
