[2026-02-12T00:35:11.146+0000] {processor.py:157} INFO - Started process (PID=10681) to work on /opt/airflow/dags/ingest_local_folder_dag.py
[2026-02-12T00:35:11.150+0000] {processor.py:829} INFO - Processing file /opt/airflow/dags/ingest_local_folder_dag.py for tasks to queue
[2026-02-12T00:35:11.153+0000] {logging_mixin.py:151} INFO - [2026-02-12T00:35:11.151+0000] {dagbag.py:539} INFO - Filling up the DagBag from /opt/airflow/dags/ingest_local_folder_dag.py
[2026-02-12T00:35:13.358+0000] {processor.py:839} INFO - DAG(s) dict_keys(['ingestionDAG']) retrieved from /opt/airflow/dags/ingest_local_folder_dag.py
[2026-02-12T00:35:13.473+0000] {logging_mixin.py:151} INFO - [2026-02-12T00:35:13.472+0000] {dag.py:2915} INFO - Sync 1 DAGs
[2026-02-12T00:35:13.679+0000] {logging_mixin.py:151} INFO - [2026-02-12T00:35:13.677+0000] {dag.py:3696} INFO - Setting next_dagrun for ingestionDAG to 2026-02-12T00:34:43.674624+00:00, run_after=2026-02-12T00:35:13.674624+00:00
[2026-02-12T00:35:13.817+0000] {processor.py:179} INFO - Processing /opt/airflow/dags/ingest_local_folder_dag.py took 3.117 seconds
[2026-02-12T13:54:12.670+0000] {processor.py:157} INFO - Started process (PID=167) to work on /opt/airflow/dags/ingest_local_folder_dag.py
[2026-02-12T13:54:12.677+0000] {processor.py:829} INFO - Processing file /opt/airflow/dags/ingest_local_folder_dag.py for tasks to queue
[2026-02-12T13:54:12.691+0000] {logging_mixin.py:151} INFO - [2026-02-12T13:54:12.684+0000] {dagbag.py:539} INFO - Filling up the DagBag from /opt/airflow/dags/ingest_local_folder_dag.py
[2026-02-12T13:54:13.591+0000] {processor.py:839} INFO - DAG(s) dict_keys(['ingestionDAG']) retrieved from /opt/airflow/dags/ingest_local_folder_dag.py
[2026-02-12T13:54:14.041+0000] {logging_mixin.py:151} INFO - [2026-02-12T13:54:14.040+0000] {dag.py:2915} INFO - Sync 1 DAGs
[2026-02-12T13:54:14.220+0000] {logging_mixin.py:151} INFO - [2026-02-12T13:54:14.220+0000] {dag.py:3696} INFO - Setting next_dagrun for ingestionDAG to 2026-02-12T13:53:44.219417+00:00, run_after=2026-02-12T13:54:14.219417+00:00
[2026-02-12T13:54:14.308+0000] {processor.py:179} INFO - Processing /opt/airflow/dags/ingest_local_folder_dag.py took 1.692 seconds
[2026-02-12T13:54:44.866+0000] {processor.py:157} INFO - Started process (PID=187) to work on /opt/airflow/dags/ingest_local_folder_dag.py
[2026-02-12T13:54:44.874+0000] {processor.py:829} INFO - Processing file /opt/airflow/dags/ingest_local_folder_dag.py for tasks to queue
[2026-02-12T13:54:44.878+0000] {logging_mixin.py:151} INFO - [2026-02-12T13:54:44.877+0000] {dagbag.py:539} INFO - Filling up the DagBag from /opt/airflow/dags/ingest_local_folder_dag.py
[2026-02-12T13:54:45.930+0000] {processor.py:839} INFO - DAG(s) dict_keys(['ingestionDAG']) retrieved from /opt/airflow/dags/ingest_local_folder_dag.py
[2026-02-12T13:54:46.136+0000] {logging_mixin.py:151} INFO - [2026-02-12T13:54:46.135+0000] {dag.py:2915} INFO - Sync 1 DAGs
[2026-02-12T13:54:46.244+0000] {logging_mixin.py:151} INFO - [2026-02-12T13:54:46.244+0000] {dag.py:3696} INFO - Setting next_dagrun for ingestionDAG to 2026-02-12T13:54:16.243601+00:00, run_after=2026-02-12T13:54:46.243601+00:00
[2026-02-12T13:54:46.314+0000] {processor.py:179} INFO - Processing /opt/airflow/dags/ingest_local_folder_dag.py took 1.493 seconds
[2026-02-12T13:55:16.419+0000] {processor.py:157} INFO - Started process (PID=200) to work on /opt/airflow/dags/ingest_local_folder_dag.py
[2026-02-12T13:55:16.421+0000] {processor.py:829} INFO - Processing file /opt/airflow/dags/ingest_local_folder_dag.py for tasks to queue
[2026-02-12T13:55:16.423+0000] {logging_mixin.py:151} INFO - [2026-02-12T13:55:16.422+0000] {dagbag.py:539} INFO - Filling up the DagBag from /opt/airflow/dags/ingest_local_folder_dag.py
[2026-02-12T13:55:16.978+0000] {processor.py:839} INFO - DAG(s) dict_keys(['ingestionDAG']) retrieved from /opt/airflow/dags/ingest_local_folder_dag.py
[2026-02-12T13:55:17.067+0000] {logging_mixin.py:151} INFO - [2026-02-12T13:55:17.066+0000] {dag.py:2915} INFO - Sync 1 DAGs
[2026-02-12T13:55:17.128+0000] {logging_mixin.py:151} INFO - [2026-02-12T13:55:17.127+0000] {dag.py:3696} INFO - Setting next_dagrun for ingestionDAG to 2026-02-12T13:54:47.127332+00:00, run_after=2026-02-12T13:55:17.127332+00:00
[2026-02-12T13:55:17.179+0000] {processor.py:179} INFO - Processing /opt/airflow/dags/ingest_local_folder_dag.py took 0.770 seconds
[2026-02-12T13:55:47.805+0000] {processor.py:157} INFO - Started process (PID=213) to work on /opt/airflow/dags/ingest_local_folder_dag.py
[2026-02-12T13:55:47.808+0000] {processor.py:829} INFO - Processing file /opt/airflow/dags/ingest_local_folder_dag.py for tasks to queue
[2026-02-12T13:55:47.810+0000] {logging_mixin.py:151} INFO - [2026-02-12T13:55:47.809+0000] {dagbag.py:539} INFO - Filling up the DagBag from /opt/airflow/dags/ingest_local_folder_dag.py
[2026-02-12T13:55:48.362+0000] {processor.py:839} INFO - DAG(s) dict_keys(['ingestionDAG']) retrieved from /opt/airflow/dags/ingest_local_folder_dag.py
[2026-02-12T13:55:48.449+0000] {logging_mixin.py:151} INFO - [2026-02-12T13:55:48.449+0000] {dag.py:2915} INFO - Sync 1 DAGs
[2026-02-12T13:55:48.507+0000] {logging_mixin.py:151} INFO - [2026-02-12T13:55:48.507+0000] {dag.py:3696} INFO - Setting next_dagrun for ingestionDAG to 2026-02-12T13:55:18.506901+00:00, run_after=2026-02-12T13:55:48.506901+00:00
[2026-02-12T13:55:48.555+0000] {processor.py:179} INFO - Processing /opt/airflow/dags/ingest_local_folder_dag.py took 0.760 seconds
[2026-02-12T13:56:18.734+0000] {processor.py:157} INFO - Started process (PID=226) to work on /opt/airflow/dags/ingest_local_folder_dag.py
[2026-02-12T13:56:18.740+0000] {processor.py:829} INFO - Processing file /opt/airflow/dags/ingest_local_folder_dag.py for tasks to queue
[2026-02-12T13:56:18.744+0000] {logging_mixin.py:151} INFO - [2026-02-12T13:56:18.743+0000] {dagbag.py:539} INFO - Filling up the DagBag from /opt/airflow/dags/ingest_local_folder_dag.py
[2026-02-12T13:56:19.367+0000] {processor.py:839} INFO - DAG(s) dict_keys(['ingestionDAG']) retrieved from /opt/airflow/dags/ingest_local_folder_dag.py
[2026-02-12T13:56:19.476+0000] {logging_mixin.py:151} INFO - [2026-02-12T13:56:19.476+0000] {dag.py:2915} INFO - Sync 1 DAGs
[2026-02-12T13:56:19.612+0000] {logging_mixin.py:151} INFO - [2026-02-12T13:56:19.610+0000] {dag.py:3696} INFO - Setting next_dagrun for ingestionDAG to 2026-02-12T13:55:49.610114+00:00, run_after=2026-02-12T13:56:19.610114+00:00
[2026-02-12T13:56:19.721+0000] {processor.py:179} INFO - Processing /opt/airflow/dags/ingest_local_folder_dag.py took 1.009 seconds
[2026-02-12T13:56:50.048+0000] {processor.py:157} INFO - Started process (PID=239) to work on /opt/airflow/dags/ingest_local_folder_dag.py
[2026-02-12T13:56:50.051+0000] {processor.py:829} INFO - Processing file /opt/airflow/dags/ingest_local_folder_dag.py for tasks to queue
[2026-02-12T13:56:50.054+0000] {logging_mixin.py:151} INFO - [2026-02-12T13:56:50.052+0000] {dagbag.py:539} INFO - Filling up the DagBag from /opt/airflow/dags/ingest_local_folder_dag.py
[2026-02-12T13:56:50.637+0000] {processor.py:839} INFO - DAG(s) dict_keys(['ingestionDAG']) retrieved from /opt/airflow/dags/ingest_local_folder_dag.py
[2026-02-12T13:56:50.738+0000] {logging_mixin.py:151} INFO - [2026-02-12T13:56:50.737+0000] {dag.py:2915} INFO - Sync 1 DAGs
[2026-02-12T13:56:50.806+0000] {logging_mixin.py:151} INFO - [2026-02-12T13:56:50.806+0000] {dag.py:3696} INFO - Setting next_dagrun for ingestionDAG to 2026-02-12T13:56:20.805422+00:00, run_after=2026-02-12T13:56:50.805422+00:00
[2026-02-12T13:56:50.852+0000] {processor.py:179} INFO - Processing /opt/airflow/dags/ingest_local_folder_dag.py took 0.813 seconds
[2026-02-12T13:57:21.540+0000] {processor.py:157} INFO - Started process (PID=252) to work on /opt/airflow/dags/ingest_local_folder_dag.py
[2026-02-12T13:57:21.545+0000] {processor.py:829} INFO - Processing file /opt/airflow/dags/ingest_local_folder_dag.py for tasks to queue
[2026-02-12T13:57:21.552+0000] {logging_mixin.py:151} INFO - [2026-02-12T13:57:21.546+0000] {dagbag.py:539} INFO - Filling up the DagBag from /opt/airflow/dags/ingest_local_folder_dag.py
[2026-02-12T13:57:22.174+0000] {processor.py:839} INFO - DAG(s) dict_keys(['ingestionDAG']) retrieved from /opt/airflow/dags/ingest_local_folder_dag.py
[2026-02-12T13:57:22.286+0000] {logging_mixin.py:151} INFO - [2026-02-12T13:57:22.285+0000] {dag.py:2915} INFO - Sync 1 DAGs
[2026-02-12T13:57:22.356+0000] {logging_mixin.py:151} INFO - [2026-02-12T13:57:22.356+0000] {dag.py:3696} INFO - Setting next_dagrun for ingestionDAG to 2026-02-12T13:56:52.355529+00:00, run_after=2026-02-12T13:57:22.355529+00:00
[2026-02-12T13:57:22.406+0000] {processor.py:179} INFO - Processing /opt/airflow/dags/ingest_local_folder_dag.py took 0.885 seconds
[2026-02-12T13:57:52.747+0000] {processor.py:157} INFO - Started process (PID=265) to work on /opt/airflow/dags/ingest_local_folder_dag.py
[2026-02-12T13:57:52.751+0000] {processor.py:829} INFO - Processing file /opt/airflow/dags/ingest_local_folder_dag.py for tasks to queue
[2026-02-12T13:57:52.753+0000] {logging_mixin.py:151} INFO - [2026-02-12T13:57:52.752+0000] {dagbag.py:539} INFO - Filling up the DagBag from /opt/airflow/dags/ingest_local_folder_dag.py
[2026-02-12T13:57:53.394+0000] {processor.py:839} INFO - DAG(s) dict_keys(['ingestionDAG']) retrieved from /opt/airflow/dags/ingest_local_folder_dag.py
[2026-02-12T13:57:53.490+0000] {logging_mixin.py:151} INFO - [2026-02-12T13:57:53.490+0000] {dag.py:2915} INFO - Sync 1 DAGs
[2026-02-12T13:57:53.552+0000] {logging_mixin.py:151} INFO - [2026-02-12T13:57:53.552+0000] {dag.py:3696} INFO - Setting next_dagrun for ingestionDAG to 2026-02-12T13:57:23.551441+00:00, run_after=2026-02-12T13:57:53.551441+00:00
[2026-02-12T13:57:53.599+0000] {processor.py:179} INFO - Processing /opt/airflow/dags/ingest_local_folder_dag.py took 0.866 seconds
[2026-02-12T13:58:24.114+0000] {processor.py:157} INFO - Started process (PID=278) to work on /opt/airflow/dags/ingest_local_folder_dag.py
[2026-02-12T13:58:24.117+0000] {processor.py:829} INFO - Processing file /opt/airflow/dags/ingest_local_folder_dag.py for tasks to queue
[2026-02-12T13:58:24.120+0000] {logging_mixin.py:151} INFO - [2026-02-12T13:58:24.119+0000] {dagbag.py:539} INFO - Filling up the DagBag from /opt/airflow/dags/ingest_local_folder_dag.py
[2026-02-12T13:58:24.799+0000] {processor.py:839} INFO - DAG(s) dict_keys(['ingestionDAG']) retrieved from /opt/airflow/dags/ingest_local_folder_dag.py
[2026-02-12T13:58:24.903+0000] {logging_mixin.py:151} INFO - [2026-02-12T13:58:24.903+0000] {dag.py:2915} INFO - Sync 1 DAGs
[2026-02-12T13:58:24.975+0000] {logging_mixin.py:151} INFO - [2026-02-12T13:58:24.974+0000] {dag.py:3696} INFO - Setting next_dagrun for ingestionDAG to 2026-02-12T13:57:54.974232+00:00, run_after=2026-02-12T13:58:24.974232+00:00
[2026-02-12T13:58:25.036+0000] {processor.py:179} INFO - Processing /opt/airflow/dags/ingest_local_folder_dag.py took 0.935 seconds
[2026-02-12T13:58:55.415+0000] {processor.py:157} INFO - Started process (PID=291) to work on /opt/airflow/dags/ingest_local_folder_dag.py
[2026-02-12T13:58:55.418+0000] {processor.py:829} INFO - Processing file /opt/airflow/dags/ingest_local_folder_dag.py for tasks to queue
[2026-02-12T13:58:55.421+0000] {logging_mixin.py:151} INFO - [2026-02-12T13:58:55.420+0000] {dagbag.py:539} INFO - Filling up the DagBag from /opt/airflow/dags/ingest_local_folder_dag.py
[2026-02-12T13:58:56.067+0000] {processor.py:839} INFO - DAG(s) dict_keys(['ingestionDAG']) retrieved from /opt/airflow/dags/ingest_local_folder_dag.py
[2026-02-12T13:58:56.168+0000] {logging_mixin.py:151} INFO - [2026-02-12T13:58:56.168+0000] {dag.py:2915} INFO - Sync 1 DAGs
[2026-02-12T13:58:56.242+0000] {logging_mixin.py:151} INFO - [2026-02-12T13:58:56.241+0000] {dag.py:3696} INFO - Setting next_dagrun for ingestionDAG to 2026-02-12T13:58:26.241195+00:00, run_after=2026-02-12T13:58:56.241195+00:00
[2026-02-12T13:58:56.293+0000] {processor.py:179} INFO - Processing /opt/airflow/dags/ingest_local_folder_dag.py took 0.890 seconds
[2026-02-12T13:59:26.744+0000] {processor.py:157} INFO - Started process (PID=304) to work on /opt/airflow/dags/ingest_local_folder_dag.py
[2026-02-12T13:59:26.746+0000] {processor.py:829} INFO - Processing file /opt/airflow/dags/ingest_local_folder_dag.py for tasks to queue
[2026-02-12T13:59:26.748+0000] {logging_mixin.py:151} INFO - [2026-02-12T13:59:26.747+0000] {dagbag.py:539} INFO - Filling up the DagBag from /opt/airflow/dags/ingest_local_folder_dag.py
[2026-02-12T13:59:27.365+0000] {processor.py:839} INFO - DAG(s) dict_keys(['ingestionDAG']) retrieved from /opt/airflow/dags/ingest_local_folder_dag.py
[2026-02-12T13:59:27.460+0000] {logging_mixin.py:151} INFO - [2026-02-12T13:59:27.459+0000] {dag.py:2915} INFO - Sync 1 DAGs
[2026-02-12T13:59:27.524+0000] {logging_mixin.py:151} INFO - [2026-02-12T13:59:27.523+0000] {dag.py:3696} INFO - Setting next_dagrun for ingestionDAG to 2026-02-12T13:58:57.523021+00:00, run_after=2026-02-12T13:59:27.523021+00:00
[2026-02-12T13:59:27.577+0000] {processor.py:179} INFO - Processing /opt/airflow/dags/ingest_local_folder_dag.py took 0.844 seconds
[2026-02-12T13:59:58.004+0000] {processor.py:157} INFO - Started process (PID=317) to work on /opt/airflow/dags/ingest_local_folder_dag.py
[2026-02-12T13:59:58.007+0000] {processor.py:829} INFO - Processing file /opt/airflow/dags/ingest_local_folder_dag.py for tasks to queue
[2026-02-12T13:59:58.010+0000] {logging_mixin.py:151} INFO - [2026-02-12T13:59:58.009+0000] {dagbag.py:539} INFO - Filling up the DagBag from /opt/airflow/dags/ingest_local_folder_dag.py
[2026-02-12T13:59:58.645+0000] {processor.py:839} INFO - DAG(s) dict_keys(['ingestionDAG']) retrieved from /opt/airflow/dags/ingest_local_folder_dag.py
[2026-02-12T13:59:58.748+0000] {logging_mixin.py:151} INFO - [2026-02-12T13:59:58.747+0000] {dag.py:2915} INFO - Sync 1 DAGs
[2026-02-12T13:59:58.817+0000] {logging_mixin.py:151} INFO - [2026-02-12T13:59:58.817+0000] {dag.py:3696} INFO - Setting next_dagrun for ingestionDAG to 2026-02-12T13:59:28.816714+00:00, run_after=2026-02-12T13:59:58.816714+00:00
[2026-02-12T13:59:58.870+0000] {processor.py:179} INFO - Processing /opt/airflow/dags/ingest_local_folder_dag.py took 0.877 seconds
[2026-02-12T14:00:29.471+0000] {processor.py:157} INFO - Started process (PID=330) to work on /opt/airflow/dags/ingest_local_folder_dag.py
[2026-02-12T14:00:29.473+0000] {processor.py:829} INFO - Processing file /opt/airflow/dags/ingest_local_folder_dag.py for tasks to queue
[2026-02-12T14:00:29.476+0000] {logging_mixin.py:151} INFO - [2026-02-12T14:00:29.475+0000] {dagbag.py:539} INFO - Filling up the DagBag from /opt/airflow/dags/ingest_local_folder_dag.py
[2026-02-12T14:00:30.141+0000] {processor.py:839} INFO - DAG(s) dict_keys(['ingestionDAG']) retrieved from /opt/airflow/dags/ingest_local_folder_dag.py
[2026-02-12T14:00:30.243+0000] {logging_mixin.py:151} INFO - [2026-02-12T14:00:30.242+0000] {dag.py:2915} INFO - Sync 1 DAGs
[2026-02-12T14:00:30.312+0000] {logging_mixin.py:151} INFO - [2026-02-12T14:00:30.311+0000] {dag.py:3696} INFO - Setting next_dagrun for ingestionDAG to 2026-02-12T14:00:00.311199+00:00, run_after=2026-02-12T14:00:30.311199+00:00
[2026-02-12T14:00:30.364+0000] {processor.py:179} INFO - Processing /opt/airflow/dags/ingest_local_folder_dag.py took 0.905 seconds
[2026-02-12T14:01:00.897+0000] {processor.py:157} INFO - Started process (PID=343) to work on /opt/airflow/dags/ingest_local_folder_dag.py
[2026-02-12T14:01:00.900+0000] {processor.py:829} INFO - Processing file /opt/airflow/dags/ingest_local_folder_dag.py for tasks to queue
[2026-02-12T14:01:00.903+0000] {logging_mixin.py:151} INFO - [2026-02-12T14:01:00.902+0000] {dagbag.py:539} INFO - Filling up the DagBag from /opt/airflow/dags/ingest_local_folder_dag.py
[2026-02-12T14:01:01.531+0000] {processor.py:839} INFO - DAG(s) dict_keys(['ingestionDAG']) retrieved from /opt/airflow/dags/ingest_local_folder_dag.py
[2026-02-12T14:01:01.633+0000] {logging_mixin.py:151} INFO - [2026-02-12T14:01:01.632+0000] {dag.py:2915} INFO - Sync 1 DAGs
[2026-02-12T14:01:01.703+0000] {logging_mixin.py:151} INFO - [2026-02-12T14:01:01.703+0000] {dag.py:3696} INFO - Setting next_dagrun for ingestionDAG to 2026-02-12T14:00:31.702341+00:00, run_after=2026-02-12T14:01:01.702341+00:00
[2026-02-12T14:01:01.761+0000] {processor.py:179} INFO - Processing /opt/airflow/dags/ingest_local_folder_dag.py took 0.876 seconds
[2026-02-12T14:01:32.452+0000] {processor.py:157} INFO - Started process (PID=356) to work on /opt/airflow/dags/ingest_local_folder_dag.py
[2026-02-12T14:01:32.456+0000] {processor.py:829} INFO - Processing file /opt/airflow/dags/ingest_local_folder_dag.py for tasks to queue
[2026-02-12T14:01:32.458+0000] {logging_mixin.py:151} INFO - [2026-02-12T14:01:32.457+0000] {dagbag.py:539} INFO - Filling up the DagBag from /opt/airflow/dags/ingest_local_folder_dag.py
[2026-02-12T14:01:33.093+0000] {processor.py:839} INFO - DAG(s) dict_keys(['ingestionDAG']) retrieved from /opt/airflow/dags/ingest_local_folder_dag.py
[2026-02-12T14:01:33.198+0000] {logging_mixin.py:151} INFO - [2026-02-12T14:01:33.198+0000] {dag.py:2915} INFO - Sync 1 DAGs
[2026-02-12T14:01:33.270+0000] {logging_mixin.py:151} INFO - [2026-02-12T14:01:33.270+0000] {dag.py:3696} INFO - Setting next_dagrun for ingestionDAG to 2026-02-12T14:01:03.269585+00:00, run_after=2026-02-12T14:01:33.269585+00:00
[2026-02-12T14:01:33.325+0000] {processor.py:179} INFO - Processing /opt/airflow/dags/ingest_local_folder_dag.py took 0.885 seconds
[2026-02-12T14:02:03.893+0000] {processor.py:157} INFO - Started process (PID=369) to work on /opt/airflow/dags/ingest_local_folder_dag.py
[2026-02-12T14:02:03.896+0000] {processor.py:829} INFO - Processing file /opt/airflow/dags/ingest_local_folder_dag.py for tasks to queue
[2026-02-12T14:02:03.898+0000] {logging_mixin.py:151} INFO - [2026-02-12T14:02:03.897+0000] {dagbag.py:539} INFO - Filling up the DagBag from /opt/airflow/dags/ingest_local_folder_dag.py
[2026-02-12T14:02:04.549+0000] {processor.py:839} INFO - DAG(s) dict_keys(['ingestionDAG']) retrieved from /opt/airflow/dags/ingest_local_folder_dag.py
[2026-02-12T14:02:04.655+0000] {logging_mixin.py:151} INFO - [2026-02-12T14:02:04.654+0000] {dag.py:2915} INFO - Sync 1 DAGs
[2026-02-12T14:02:04.724+0000] {logging_mixin.py:151} INFO - [2026-02-12T14:02:04.723+0000] {dag.py:3696} INFO - Setting next_dagrun for ingestionDAG to 2026-02-12T14:01:34.723143+00:00, run_after=2026-02-12T14:02:04.723143+00:00
[2026-02-12T14:02:04.777+0000] {processor.py:179} INFO - Processing /opt/airflow/dags/ingest_local_folder_dag.py took 0.896 seconds
[2026-02-12T14:02:35.465+0000] {processor.py:157} INFO - Started process (PID=382) to work on /opt/airflow/dags/ingest_local_folder_dag.py
[2026-02-12T14:02:35.469+0000] {processor.py:829} INFO - Processing file /opt/airflow/dags/ingest_local_folder_dag.py for tasks to queue
[2026-02-12T14:02:35.471+0000] {logging_mixin.py:151} INFO - [2026-02-12T14:02:35.470+0000] {dagbag.py:539} INFO - Filling up the DagBag from /opt/airflow/dags/ingest_local_folder_dag.py
[2026-02-12T14:02:36.117+0000] {processor.py:839} INFO - DAG(s) dict_keys(['ingestionDAG']) retrieved from /opt/airflow/dags/ingest_local_folder_dag.py
[2026-02-12T14:02:36.229+0000] {logging_mixin.py:151} INFO - [2026-02-12T14:02:36.229+0000] {dag.py:2915} INFO - Sync 1 DAGs
[2026-02-12T14:02:36.301+0000] {logging_mixin.py:151} INFO - [2026-02-12T14:02:36.301+0000] {dag.py:3696} INFO - Setting next_dagrun for ingestionDAG to 2026-02-12T14:02:06.300702+00:00, run_after=2026-02-12T14:02:36.300702+00:00
[2026-02-12T14:02:36.357+0000] {processor.py:179} INFO - Processing /opt/airflow/dags/ingest_local_folder_dag.py took 0.904 seconds
[2026-02-12T14:03:06.862+0000] {processor.py:157} INFO - Started process (PID=395) to work on /opt/airflow/dags/ingest_local_folder_dag.py
[2026-02-12T14:03:06.864+0000] {processor.py:829} INFO - Processing file /opt/airflow/dags/ingest_local_folder_dag.py for tasks to queue
[2026-02-12T14:03:06.867+0000] {logging_mixin.py:151} INFO - [2026-02-12T14:03:06.866+0000] {dagbag.py:539} INFO - Filling up the DagBag from /opt/airflow/dags/ingest_local_folder_dag.py
[2026-02-12T14:03:07.530+0000] {processor.py:839} INFO - DAG(s) dict_keys(['ingestionDAG']) retrieved from /opt/airflow/dags/ingest_local_folder_dag.py
[2026-02-12T14:03:07.622+0000] {logging_mixin.py:151} INFO - [2026-02-12T14:03:07.621+0000] {dag.py:2915} INFO - Sync 1 DAGs
[2026-02-12T14:03:07.682+0000] {logging_mixin.py:151} INFO - [2026-02-12T14:03:07.682+0000] {dag.py:3696} INFO - Setting next_dagrun for ingestionDAG to 2026-02-12T14:02:37.681360+00:00, run_after=2026-02-12T14:03:07.681360+00:00
[2026-02-12T14:03:07.733+0000] {processor.py:179} INFO - Processing /opt/airflow/dags/ingest_local_folder_dag.py took 0.883 seconds
[2026-02-12T14:03:38.414+0000] {processor.py:157} INFO - Started process (PID=408) to work on /opt/airflow/dags/ingest_local_folder_dag.py
[2026-02-12T14:03:38.418+0000] {processor.py:829} INFO - Processing file /opt/airflow/dags/ingest_local_folder_dag.py for tasks to queue
[2026-02-12T14:03:38.420+0000] {logging_mixin.py:151} INFO - [2026-02-12T14:03:38.419+0000] {dagbag.py:539} INFO - Filling up the DagBag from /opt/airflow/dags/ingest_local_folder_dag.py
[2026-02-12T14:03:39.050+0000] {processor.py:839} INFO - DAG(s) dict_keys(['ingestionDAG']) retrieved from /opt/airflow/dags/ingest_local_folder_dag.py
[2026-02-12T14:03:39.140+0000] {logging_mixin.py:151} INFO - [2026-02-12T14:03:39.139+0000] {dag.py:2915} INFO - Sync 1 DAGs
[2026-02-12T14:03:39.201+0000] {logging_mixin.py:151} INFO - [2026-02-12T14:03:39.201+0000] {dag.py:3696} INFO - Setting next_dagrun for ingestionDAG to 2026-02-12T14:03:09.200351+00:00, run_after=2026-02-12T14:03:39.200351+00:00
[2026-02-12T14:03:39.258+0000] {processor.py:179} INFO - Processing /opt/airflow/dags/ingest_local_folder_dag.py took 0.855 seconds
[2026-02-12T14:04:09.884+0000] {processor.py:157} INFO - Started process (PID=421) to work on /opt/airflow/dags/ingest_local_folder_dag.py
[2026-02-12T14:04:09.888+0000] {processor.py:829} INFO - Processing file /opt/airflow/dags/ingest_local_folder_dag.py for tasks to queue
[2026-02-12T14:04:09.890+0000] {logging_mixin.py:151} INFO - [2026-02-12T14:04:09.889+0000] {dagbag.py:539} INFO - Filling up the DagBag from /opt/airflow/dags/ingest_local_folder_dag.py
[2026-02-12T14:04:10.521+0000] {processor.py:839} INFO - DAG(s) dict_keys(['ingestionDAG']) retrieved from /opt/airflow/dags/ingest_local_folder_dag.py
[2026-02-12T14:04:10.623+0000] {logging_mixin.py:151} INFO - [2026-02-12T14:04:10.623+0000] {dag.py:2915} INFO - Sync 1 DAGs
[2026-02-12T14:04:10.689+0000] {logging_mixin.py:151} INFO - [2026-02-12T14:04:10.688+0000] {dag.py:3696} INFO - Setting next_dagrun for ingestionDAG to 2026-02-12T14:03:40.688044+00:00, run_after=2026-02-12T14:04:10.688044+00:00
[2026-02-12T14:04:10.736+0000] {processor.py:179} INFO - Processing /opt/airflow/dags/ingest_local_folder_dag.py took 0.863 seconds
[2026-02-12T14:04:41.392+0000] {processor.py:157} INFO - Started process (PID=434) to work on /opt/airflow/dags/ingest_local_folder_dag.py
[2026-02-12T14:04:41.395+0000] {processor.py:829} INFO - Processing file /opt/airflow/dags/ingest_local_folder_dag.py for tasks to queue
[2026-02-12T14:04:41.397+0000] {logging_mixin.py:151} INFO - [2026-02-12T14:04:41.396+0000] {dagbag.py:539} INFO - Filling up the DagBag from /opt/airflow/dags/ingest_local_folder_dag.py
[2026-02-12T14:04:42.031+0000] {processor.py:839} INFO - DAG(s) dict_keys(['ingestionDAG']) retrieved from /opt/airflow/dags/ingest_local_folder_dag.py
[2026-02-12T14:04:42.135+0000] {logging_mixin.py:151} INFO - [2026-02-12T14:04:42.135+0000] {dag.py:2915} INFO - Sync 1 DAGs
[2026-02-12T14:04:42.196+0000] {logging_mixin.py:151} INFO - [2026-02-12T14:04:42.196+0000] {dag.py:3696} INFO - Setting next_dagrun for ingestionDAG to 2026-02-12T14:04:12.195529+00:00, run_after=2026-02-12T14:04:42.195529+00:00
[2026-02-12T14:04:42.245+0000] {processor.py:179} INFO - Processing /opt/airflow/dags/ingest_local_folder_dag.py took 0.865 seconds
[2026-02-12T14:05:12.855+0000] {processor.py:157} INFO - Started process (PID=447) to work on /opt/airflow/dags/ingest_local_folder_dag.py
[2026-02-12T14:05:12.858+0000] {processor.py:829} INFO - Processing file /opt/airflow/dags/ingest_local_folder_dag.py for tasks to queue
[2026-02-12T14:05:12.860+0000] {logging_mixin.py:151} INFO - [2026-02-12T14:05:12.859+0000] {dagbag.py:539} INFO - Filling up the DagBag from /opt/airflow/dags/ingest_local_folder_dag.py
[2026-02-12T14:05:13.491+0000] {processor.py:839} INFO - DAG(s) dict_keys(['ingestionDAG']) retrieved from /opt/airflow/dags/ingest_local_folder_dag.py
[2026-02-12T14:05:13.594+0000] {logging_mixin.py:151} INFO - [2026-02-12T14:05:13.593+0000] {dag.py:2915} INFO - Sync 1 DAGs
[2026-02-12T14:05:13.662+0000] {logging_mixin.py:151} INFO - [2026-02-12T14:05:13.662+0000] {dag.py:3696} INFO - Setting next_dagrun for ingestionDAG to 2026-02-12T14:04:43.661538+00:00, run_after=2026-02-12T14:05:13.661538+00:00
[2026-02-12T14:05:13.714+0000] {processor.py:179} INFO - Processing /opt/airflow/dags/ingest_local_folder_dag.py took 0.871 seconds
[2026-02-12T14:05:44.269+0000] {processor.py:157} INFO - Started process (PID=460) to work on /opt/airflow/dags/ingest_local_folder_dag.py
[2026-02-12T14:05:44.272+0000] {processor.py:829} INFO - Processing file /opt/airflow/dags/ingest_local_folder_dag.py for tasks to queue
[2026-02-12T14:05:44.275+0000] {logging_mixin.py:151} INFO - [2026-02-12T14:05:44.274+0000] {dagbag.py:539} INFO - Filling up the DagBag from /opt/airflow/dags/ingest_local_folder_dag.py
[2026-02-12T14:05:44.882+0000] {processor.py:839} INFO - DAG(s) dict_keys(['ingestionDAG']) retrieved from /opt/airflow/dags/ingest_local_folder_dag.py
[2026-02-12T14:05:44.976+0000] {logging_mixin.py:151} INFO - [2026-02-12T14:05:44.976+0000] {dag.py:2915} INFO - Sync 1 DAGs
[2026-02-12T14:05:45.040+0000] {logging_mixin.py:151} INFO - [2026-02-12T14:05:45.040+0000] {dag.py:3696} INFO - Setting next_dagrun for ingestionDAG to 2026-02-12T14:05:15.039442+00:00, run_after=2026-02-12T14:05:45.039442+00:00
[2026-02-12T14:05:45.092+0000] {processor.py:179} INFO - Processing /opt/airflow/dags/ingest_local_folder_dag.py took 0.834 seconds
[2026-02-12T14:06:15.852+0000] {processor.py:157} INFO - Started process (PID=473) to work on /opt/airflow/dags/ingest_local_folder_dag.py
[2026-02-12T14:06:15.855+0000] {processor.py:829} INFO - Processing file /opt/airflow/dags/ingest_local_folder_dag.py for tasks to queue
[2026-02-12T14:06:15.857+0000] {logging_mixin.py:151} INFO - [2026-02-12T14:06:15.856+0000] {dagbag.py:539} INFO - Filling up the DagBag from /opt/airflow/dags/ingest_local_folder_dag.py
[2026-02-12T14:06:16.488+0000] {processor.py:839} INFO - DAG(s) dict_keys(['ingestionDAG']) retrieved from /opt/airflow/dags/ingest_local_folder_dag.py
[2026-02-12T14:06:16.578+0000] {logging_mixin.py:151} INFO - [2026-02-12T14:06:16.577+0000] {dag.py:2915} INFO - Sync 1 DAGs
[2026-02-12T14:06:16.641+0000] {logging_mixin.py:151} INFO - [2026-02-12T14:06:16.641+0000] {dag.py:3696} INFO - Setting next_dagrun for ingestionDAG to 2026-02-12T14:05:46.640804+00:00, run_after=2026-02-12T14:06:16.640804+00:00
[2026-02-12T14:06:16.689+0000] {processor.py:179} INFO - Processing /opt/airflow/dags/ingest_local_folder_dag.py took 0.849 seconds
[2026-02-12T14:06:47.258+0000] {processor.py:157} INFO - Started process (PID=486) to work on /opt/airflow/dags/ingest_local_folder_dag.py
[2026-02-12T14:06:47.261+0000] {processor.py:829} INFO - Processing file /opt/airflow/dags/ingest_local_folder_dag.py for tasks to queue
[2026-02-12T14:06:47.264+0000] {logging_mixin.py:151} INFO - [2026-02-12T14:06:47.263+0000] {dagbag.py:539} INFO - Filling up the DagBag from /opt/airflow/dags/ingest_local_folder_dag.py
[2026-02-12T14:06:47.897+0000] {processor.py:839} INFO - DAG(s) dict_keys(['ingestionDAG']) retrieved from /opt/airflow/dags/ingest_local_folder_dag.py
[2026-02-12T14:06:47.989+0000] {logging_mixin.py:151} INFO - [2026-02-12T14:06:47.988+0000] {dag.py:2915} INFO - Sync 1 DAGs
[2026-02-12T14:06:48.060+0000] {logging_mixin.py:151} INFO - [2026-02-12T14:06:48.059+0000] {dag.py:3696} INFO - Setting next_dagrun for ingestionDAG to 2026-02-12T14:06:18.059027+00:00, run_after=2026-02-12T14:06:48.059027+00:00
[2026-02-12T14:06:48.106+0000] {processor.py:179} INFO - Processing /opt/airflow/dags/ingest_local_folder_dag.py took 0.860 seconds
[2026-02-12T14:07:18.835+0000] {processor.py:157} INFO - Started process (PID=499) to work on /opt/airflow/dags/ingest_local_folder_dag.py
[2026-02-12T14:07:18.838+0000] {processor.py:829} INFO - Processing file /opt/airflow/dags/ingest_local_folder_dag.py for tasks to queue
[2026-02-12T14:07:18.840+0000] {logging_mixin.py:151} INFO - [2026-02-12T14:07:18.839+0000] {dagbag.py:539} INFO - Filling up the DagBag from /opt/airflow/dags/ingest_local_folder_dag.py
[2026-02-12T14:07:19.430+0000] {processor.py:839} INFO - DAG(s) dict_keys(['ingestionDAG']) retrieved from /opt/airflow/dags/ingest_local_folder_dag.py
[2026-02-12T14:07:19.520+0000] {logging_mixin.py:151} INFO - [2026-02-12T14:07:19.519+0000] {dag.py:2915} INFO - Sync 1 DAGs
[2026-02-12T14:07:19.587+0000] {logging_mixin.py:151} INFO - [2026-02-12T14:07:19.587+0000] {dag.py:3696} INFO - Setting next_dagrun for ingestionDAG to 2026-02-12T14:06:49.586426+00:00, run_after=2026-02-12T14:07:19.586426+00:00
[2026-02-12T14:07:19.634+0000] {processor.py:179} INFO - Processing /opt/airflow/dags/ingest_local_folder_dag.py took 0.810 seconds
[2026-02-12T14:07:50.247+0000] {processor.py:157} INFO - Started process (PID=512) to work on /opt/airflow/dags/ingest_local_folder_dag.py
[2026-02-12T14:07:50.250+0000] {processor.py:829} INFO - Processing file /opt/airflow/dags/ingest_local_folder_dag.py for tasks to queue
[2026-02-12T14:07:50.253+0000] {logging_mixin.py:151} INFO - [2026-02-12T14:07:50.252+0000] {dagbag.py:539} INFO - Filling up the DagBag from /opt/airflow/dags/ingest_local_folder_dag.py
[2026-02-12T14:07:50.864+0000] {processor.py:839} INFO - DAG(s) dict_keys(['ingestionDAG']) retrieved from /opt/airflow/dags/ingest_local_folder_dag.py
[2026-02-12T14:07:50.967+0000] {logging_mixin.py:151} INFO - [2026-02-12T14:07:50.966+0000] {dag.py:2915} INFO - Sync 1 DAGs
[2026-02-12T14:07:51.038+0000] {logging_mixin.py:151} INFO - [2026-02-12T14:07:51.037+0000] {dag.py:3696} INFO - Setting next_dagrun for ingestionDAG to 2026-02-12T14:07:21.036998+00:00, run_after=2026-02-12T14:07:51.036998+00:00
[2026-02-12T14:07:51.091+0000] {processor.py:179} INFO - Processing /opt/airflow/dags/ingest_local_folder_dag.py took 0.856 seconds
[2026-02-12T14:08:21.658+0000] {processor.py:157} INFO - Started process (PID=525) to work on /opt/airflow/dags/ingest_local_folder_dag.py
[2026-02-12T14:08:21.661+0000] {processor.py:829} INFO - Processing file /opt/airflow/dags/ingest_local_folder_dag.py for tasks to queue
[2026-02-12T14:08:21.664+0000] {logging_mixin.py:151} INFO - [2026-02-12T14:08:21.663+0000] {dagbag.py:539} INFO - Filling up the DagBag from /opt/airflow/dags/ingest_local_folder_dag.py
[2026-02-12T14:08:22.285+0000] {processor.py:839} INFO - DAG(s) dict_keys(['ingestionDAG']) retrieved from /opt/airflow/dags/ingest_local_folder_dag.py
[2026-02-12T14:08:22.393+0000] {logging_mixin.py:151} INFO - [2026-02-12T14:08:22.392+0000] {dag.py:2915} INFO - Sync 1 DAGs
[2026-02-12T14:08:22.468+0000] {logging_mixin.py:151} INFO - [2026-02-12T14:08:22.467+0000] {dag.py:3696} INFO - Setting next_dagrun for ingestionDAG to 2026-02-12T14:07:52.467192+00:00, run_after=2026-02-12T14:08:22.467192+00:00
[2026-02-12T14:08:22.521+0000] {processor.py:179} INFO - Processing /opt/airflow/dags/ingest_local_folder_dag.py took 0.874 seconds
[2026-02-12T14:08:53.061+0000] {processor.py:157} INFO - Started process (PID=538) to work on /opt/airflow/dags/ingest_local_folder_dag.py
[2026-02-12T14:08:53.063+0000] {processor.py:829} INFO - Processing file /opt/airflow/dags/ingest_local_folder_dag.py for tasks to queue
[2026-02-12T14:08:53.066+0000] {logging_mixin.py:151} INFO - [2026-02-12T14:08:53.065+0000] {dagbag.py:539} INFO - Filling up the DagBag from /opt/airflow/dags/ingest_local_folder_dag.py
[2026-02-12T14:08:53.696+0000] {processor.py:839} INFO - DAG(s) dict_keys(['ingestionDAG']) retrieved from /opt/airflow/dags/ingest_local_folder_dag.py
[2026-02-12T14:08:53.803+0000] {logging_mixin.py:151} INFO - [2026-02-12T14:08:53.803+0000] {dag.py:2915} INFO - Sync 1 DAGs
[2026-02-12T14:08:53.877+0000] {logging_mixin.py:151} INFO - [2026-02-12T14:08:53.877+0000] {dag.py:3696} INFO - Setting next_dagrun for ingestionDAG to 2026-02-12T14:08:23.876369+00:00, run_after=2026-02-12T14:08:53.876369+00:00
[2026-02-12T14:08:53.929+0000] {processor.py:179} INFO - Processing /opt/airflow/dags/ingest_local_folder_dag.py took 0.880 seconds
[2026-02-12T14:09:24.269+0000] {processor.py:157} INFO - Started process (PID=549) to work on /opt/airflow/dags/ingest_local_folder_dag.py
[2026-02-12T14:09:24.273+0000] {processor.py:829} INFO - Processing file /opt/airflow/dags/ingest_local_folder_dag.py for tasks to queue
[2026-02-12T14:09:24.276+0000] {logging_mixin.py:151} INFO - [2026-02-12T14:09:24.274+0000] {dagbag.py:539} INFO - Filling up the DagBag from /opt/airflow/dags/ingest_local_folder_dag.py
[2026-02-12T14:09:24.875+0000] {processor.py:839} INFO - DAG(s) dict_keys(['ingestionDAG']) retrieved from /opt/airflow/dags/ingest_local_folder_dag.py
[2026-02-12T14:09:24.973+0000] {logging_mixin.py:151} INFO - [2026-02-12T14:09:24.972+0000] {dag.py:2915} INFO - Sync 1 DAGs
[2026-02-12T14:09:25.035+0000] {logging_mixin.py:151} INFO - [2026-02-12T14:09:25.034+0000] {dag.py:3696} INFO - Setting next_dagrun for ingestionDAG to 2026-02-12T14:08:55.034151+00:00, run_after=2026-02-12T14:09:25.034151+00:00
[2026-02-12T14:09:25.082+0000] {processor.py:179} INFO - Processing /opt/airflow/dags/ingest_local_folder_dag.py took 0.825 seconds
[2026-02-12T14:09:55.389+0000] {processor.py:157} INFO - Started process (PID=561) to work on /opt/airflow/dags/ingest_local_folder_dag.py
[2026-02-12T14:09:55.391+0000] {processor.py:829} INFO - Processing file /opt/airflow/dags/ingest_local_folder_dag.py for tasks to queue
[2026-02-12T14:09:55.393+0000] {logging_mixin.py:151} INFO - [2026-02-12T14:09:55.392+0000] {dagbag.py:539} INFO - Filling up the DagBag from /opt/airflow/dags/ingest_local_folder_dag.py
[2026-02-12T14:09:55.987+0000] {processor.py:839} INFO - DAG(s) dict_keys(['ingestionDAG']) retrieved from /opt/airflow/dags/ingest_local_folder_dag.py
[2026-02-12T14:09:56.111+0000] {logging_mixin.py:151} INFO - [2026-02-12T14:09:56.111+0000] {dag.py:2915} INFO - Sync 1 DAGs
[2026-02-12T14:09:56.211+0000] {logging_mixin.py:151} INFO - [2026-02-12T14:09:56.210+0000] {dag.py:3696} INFO - Setting next_dagrun for ingestionDAG to 2026-02-12T14:09:26.210190+00:00, run_after=2026-02-12T14:09:56.210190+00:00
[2026-02-12T14:09:56.289+0000] {processor.py:179} INFO - Processing /opt/airflow/dags/ingest_local_folder_dag.py took 0.915 seconds
[2026-02-12T14:10:27.103+0000] {processor.py:157} INFO - Started process (PID=571) to work on /opt/airflow/dags/ingest_local_folder_dag.py
[2026-02-12T14:10:27.108+0000] {processor.py:829} INFO - Processing file /opt/airflow/dags/ingest_local_folder_dag.py for tasks to queue
[2026-02-12T14:10:27.113+0000] {logging_mixin.py:151} INFO - [2026-02-12T14:10:27.111+0000] {dagbag.py:539} INFO - Filling up the DagBag from /opt/airflow/dags/ingest_local_folder_dag.py
[2026-02-12T14:10:27.767+0000] {processor.py:839} INFO - DAG(s) dict_keys(['ingestionDAG']) retrieved from /opt/airflow/dags/ingest_local_folder_dag.py
[2026-02-12T14:10:27.875+0000] {logging_mixin.py:151} INFO - [2026-02-12T14:10:27.874+0000] {dag.py:2915} INFO - Sync 1 DAGs
[2026-02-12T14:10:27.956+0000] {logging_mixin.py:151} INFO - [2026-02-12T14:10:27.956+0000] {dag.py:3696} INFO - Setting next_dagrun for ingestionDAG to 2026-02-12T14:09:57.955716+00:00, run_after=2026-02-12T14:10:27.955716+00:00
[2026-02-12T14:10:28.023+0000] {processor.py:179} INFO - Processing /opt/airflow/dags/ingest_local_folder_dag.py took 0.932 seconds
[2026-02-12T14:10:58.425+0000] {processor.py:157} INFO - Started process (PID=584) to work on /opt/airflow/dags/ingest_local_folder_dag.py
[2026-02-12T14:10:58.427+0000] {processor.py:829} INFO - Processing file /opt/airflow/dags/ingest_local_folder_dag.py for tasks to queue
[2026-02-12T14:10:58.429+0000] {logging_mixin.py:151} INFO - [2026-02-12T14:10:58.428+0000] {dagbag.py:539} INFO - Filling up the DagBag from /opt/airflow/dags/ingest_local_folder_dag.py
[2026-02-12T14:10:59.086+0000] {processor.py:839} INFO - DAG(s) dict_keys(['ingestionDAG']) retrieved from /opt/airflow/dags/ingest_local_folder_dag.py
[2026-02-12T14:10:59.199+0000] {logging_mixin.py:151} INFO - [2026-02-12T14:10:59.198+0000] {dag.py:2915} INFO - Sync 1 DAGs
[2026-02-12T14:10:59.268+0000] {logging_mixin.py:151} INFO - [2026-02-12T14:10:59.267+0000] {dag.py:3696} INFO - Setting next_dagrun for ingestionDAG to 2026-02-12T14:10:29.267100+00:00, run_after=2026-02-12T14:10:59.267100+00:00
[2026-02-12T14:10:59.323+0000] {processor.py:179} INFO - Processing /opt/airflow/dags/ingest_local_folder_dag.py took 0.910 seconds
[2026-02-12T14:11:29.754+0000] {processor.py:157} INFO - Started process (PID=597) to work on /opt/airflow/dags/ingest_local_folder_dag.py
[2026-02-12T14:11:29.757+0000] {processor.py:829} INFO - Processing file /opt/airflow/dags/ingest_local_folder_dag.py for tasks to queue
[2026-02-12T14:11:29.759+0000] {logging_mixin.py:151} INFO - [2026-02-12T14:11:29.758+0000] {dagbag.py:539} INFO - Filling up the DagBag from /opt/airflow/dags/ingest_local_folder_dag.py
[2026-02-12T14:11:30.356+0000] {processor.py:839} INFO - DAG(s) dict_keys(['ingestionDAG']) retrieved from /opt/airflow/dags/ingest_local_folder_dag.py
[2026-02-12T14:11:30.450+0000] {logging_mixin.py:151} INFO - [2026-02-12T14:11:30.450+0000] {dag.py:2915} INFO - Sync 1 DAGs
[2026-02-12T14:11:30.518+0000] {logging_mixin.py:151} INFO - [2026-02-12T14:11:30.517+0000] {dag.py:3696} INFO - Setting next_dagrun for ingestionDAG to 2026-02-12T14:11:00.516998+00:00, run_after=2026-02-12T14:11:30.516998+00:00
[2026-02-12T14:11:30.565+0000] {processor.py:179} INFO - Processing /opt/airflow/dags/ingest_local_folder_dag.py took 0.822 seconds
[2026-02-12T14:12:00.991+0000] {processor.py:157} INFO - Started process (PID=610) to work on /opt/airflow/dags/ingest_local_folder_dag.py
[2026-02-12T14:12:00.994+0000] {processor.py:829} INFO - Processing file /opt/airflow/dags/ingest_local_folder_dag.py for tasks to queue
[2026-02-12T14:12:00.997+0000] {logging_mixin.py:151} INFO - [2026-02-12T14:12:00.996+0000] {dagbag.py:539} INFO - Filling up the DagBag from /opt/airflow/dags/ingest_local_folder_dag.py
[2026-02-12T14:12:01.619+0000] {processor.py:839} INFO - DAG(s) dict_keys(['ingestionDAG']) retrieved from /opt/airflow/dags/ingest_local_folder_dag.py
[2026-02-12T14:12:01.728+0000] {logging_mixin.py:151} INFO - [2026-02-12T14:12:01.728+0000] {dag.py:2915} INFO - Sync 1 DAGs
[2026-02-12T14:12:01.799+0000] {logging_mixin.py:151} INFO - [2026-02-12T14:12:01.798+0000] {dag.py:3696} INFO - Setting next_dagrun for ingestionDAG to 2026-02-12T14:11:31.798224+00:00, run_after=2026-02-12T14:12:01.798224+00:00
[2026-02-12T14:12:01.877+0000] {processor.py:179} INFO - Processing /opt/airflow/dags/ingest_local_folder_dag.py took 0.896 seconds
[2026-02-12T14:12:32.268+0000] {processor.py:157} INFO - Started process (PID=623) to work on /opt/airflow/dags/ingest_local_folder_dag.py
[2026-02-12T14:12:32.272+0000] {processor.py:829} INFO - Processing file /opt/airflow/dags/ingest_local_folder_dag.py for tasks to queue
[2026-02-12T14:12:32.274+0000] {logging_mixin.py:151} INFO - [2026-02-12T14:12:32.273+0000] {dagbag.py:539} INFO - Filling up the DagBag from /opt/airflow/dags/ingest_local_folder_dag.py
[2026-02-12T14:12:32.897+0000] {processor.py:839} INFO - DAG(s) dict_keys(['ingestionDAG']) retrieved from /opt/airflow/dags/ingest_local_folder_dag.py
[2026-02-12T14:12:32.988+0000] {logging_mixin.py:151} INFO - [2026-02-12T14:12:32.987+0000] {dag.py:2915} INFO - Sync 1 DAGs
[2026-02-12T14:12:33.048+0000] {logging_mixin.py:151} INFO - [2026-02-12T14:12:33.048+0000] {dag.py:3696} INFO - Setting next_dagrun for ingestionDAG to 2026-02-12T14:12:03.047595+00:00, run_after=2026-02-12T14:12:33.047595+00:00
[2026-02-12T14:12:33.093+0000] {processor.py:179} INFO - Processing /opt/airflow/dags/ingest_local_folder_dag.py took 0.837 seconds
[2026-02-12T14:13:03.493+0000] {processor.py:157} INFO - Started process (PID=636) to work on /opt/airflow/dags/ingest_local_folder_dag.py
[2026-02-12T14:13:03.496+0000] {processor.py:829} INFO - Processing file /opt/airflow/dags/ingest_local_folder_dag.py for tasks to queue
[2026-02-12T14:13:03.498+0000] {logging_mixin.py:151} INFO - [2026-02-12T14:13:03.497+0000] {dagbag.py:539} INFO - Filling up the DagBag from /opt/airflow/dags/ingest_local_folder_dag.py
[2026-02-12T14:13:04.110+0000] {processor.py:839} INFO - DAG(s) dict_keys(['ingestionDAG']) retrieved from /opt/airflow/dags/ingest_local_folder_dag.py
[2026-02-12T14:13:04.217+0000] {logging_mixin.py:151} INFO - [2026-02-12T14:13:04.217+0000] {dag.py:2915} INFO - Sync 1 DAGs
[2026-02-12T14:13:04.287+0000] {logging_mixin.py:151} INFO - [2026-02-12T14:13:04.286+0000] {dag.py:3696} INFO - Setting next_dagrun for ingestionDAG to 2026-02-12T14:12:34.285784+00:00, run_after=2026-02-12T14:13:04.285784+00:00
[2026-02-12T14:13:04.341+0000] {processor.py:179} INFO - Processing /opt/airflow/dags/ingest_local_folder_dag.py took 0.859 seconds
[2026-02-12T14:13:34.753+0000] {processor.py:157} INFO - Started process (PID=649) to work on /opt/airflow/dags/ingest_local_folder_dag.py
[2026-02-12T14:13:34.756+0000] {processor.py:829} INFO - Processing file /opt/airflow/dags/ingest_local_folder_dag.py for tasks to queue
[2026-02-12T14:13:34.759+0000] {logging_mixin.py:151} INFO - [2026-02-12T14:13:34.758+0000] {dagbag.py:539} INFO - Filling up the DagBag from /opt/airflow/dags/ingest_local_folder_dag.py
[2026-02-12T14:13:35.385+0000] {processor.py:839} INFO - DAG(s) dict_keys(['ingestionDAG']) retrieved from /opt/airflow/dags/ingest_local_folder_dag.py
[2026-02-12T14:13:35.484+0000] {logging_mixin.py:151} INFO - [2026-02-12T14:13:35.483+0000] {dag.py:2915} INFO - Sync 1 DAGs
[2026-02-12T14:13:35.552+0000] {logging_mixin.py:151} INFO - [2026-02-12T14:13:35.551+0000] {dag.py:3696} INFO - Setting next_dagrun for ingestionDAG to 2026-02-12T14:13:05.550891+00:00, run_after=2026-02-12T14:13:35.550891+00:00
[2026-02-12T14:13:35.613+0000] {processor.py:179} INFO - Processing /opt/airflow/dags/ingest_local_folder_dag.py took 0.871 seconds
[2026-02-12T14:14:06.103+0000] {processor.py:157} INFO - Started process (PID=662) to work on /opt/airflow/dags/ingest_local_folder_dag.py
[2026-02-12T14:14:06.106+0000] {processor.py:829} INFO - Processing file /opt/airflow/dags/ingest_local_folder_dag.py for tasks to queue
[2026-02-12T14:14:06.109+0000] {logging_mixin.py:151} INFO - [2026-02-12T14:14:06.108+0000] {dagbag.py:539} INFO - Filling up the DagBag from /opt/airflow/dags/ingest_local_folder_dag.py
[2026-02-12T14:14:06.707+0000] {processor.py:839} INFO - DAG(s) dict_keys(['ingestionDAG']) retrieved from /opt/airflow/dags/ingest_local_folder_dag.py
[2026-02-12T14:14:06.812+0000] {logging_mixin.py:151} INFO - [2026-02-12T14:14:06.811+0000] {dag.py:2915} INFO - Sync 1 DAGs
[2026-02-12T14:14:06.886+0000] {logging_mixin.py:151} INFO - [2026-02-12T14:14:06.885+0000] {dag.py:3696} INFO - Setting next_dagrun for ingestionDAG to 2026-02-12T14:13:36.885018+00:00, run_after=2026-02-12T14:14:06.885018+00:00
[2026-02-12T14:14:06.930+0000] {processor.py:179} INFO - Processing /opt/airflow/dags/ingest_local_folder_dag.py took 0.838 seconds
[2026-02-12T14:14:37.489+0000] {processor.py:157} INFO - Started process (PID=675) to work on /opt/airflow/dags/ingest_local_folder_dag.py
[2026-02-12T14:14:37.492+0000] {processor.py:829} INFO - Processing file /opt/airflow/dags/ingest_local_folder_dag.py for tasks to queue
[2026-02-12T14:14:37.495+0000] {logging_mixin.py:151} INFO - [2026-02-12T14:14:37.494+0000] {dagbag.py:539} INFO - Filling up the DagBag from /opt/airflow/dags/ingest_local_folder_dag.py
[2026-02-12T14:14:38.094+0000] {processor.py:839} INFO - DAG(s) dict_keys(['ingestionDAG']) retrieved from /opt/airflow/dags/ingest_local_folder_dag.py
[2026-02-12T14:14:38.186+0000] {logging_mixin.py:151} INFO - [2026-02-12T14:14:38.185+0000] {dag.py:2915} INFO - Sync 1 DAGs
[2026-02-12T14:14:38.247+0000] {logging_mixin.py:151} INFO - [2026-02-12T14:14:38.247+0000] {dag.py:3696} INFO - Setting next_dagrun for ingestionDAG to 2026-02-12T14:14:08.246687+00:00, run_after=2026-02-12T14:14:38.246687+00:00
[2026-02-12T14:14:38.294+0000] {processor.py:179} INFO - Processing /opt/airflow/dags/ingest_local_folder_dag.py took 0.817 seconds
[2026-02-12T14:15:08.850+0000] {processor.py:157} INFO - Started process (PID=688) to work on /opt/airflow/dags/ingest_local_folder_dag.py
[2026-02-12T14:15:08.854+0000] {processor.py:829} INFO - Processing file /opt/airflow/dags/ingest_local_folder_dag.py for tasks to queue
[2026-02-12T14:15:08.858+0000] {logging_mixin.py:151} INFO - [2026-02-12T14:15:08.855+0000] {dagbag.py:539} INFO - Filling up the DagBag from /opt/airflow/dags/ingest_local_folder_dag.py
[2026-02-12T14:15:09.461+0000] {processor.py:839} INFO - DAG(s) dict_keys(['ingestionDAG']) retrieved from /opt/airflow/dags/ingest_local_folder_dag.py
[2026-02-12T14:15:09.551+0000] {logging_mixin.py:151} INFO - [2026-02-12T14:15:09.550+0000] {dag.py:2915} INFO - Sync 1 DAGs
[2026-02-12T14:15:09.611+0000] {logging_mixin.py:151} INFO - [2026-02-12T14:15:09.611+0000] {dag.py:3696} INFO - Setting next_dagrun for ingestionDAG to 2026-02-12T14:14:39.610956+00:00, run_after=2026-02-12T14:15:09.610956+00:00
[2026-02-12T14:15:09.658+0000] {processor.py:179} INFO - Processing /opt/airflow/dags/ingest_local_folder_dag.py took 0.820 seconds
[2026-02-12T14:15:40.227+0000] {processor.py:157} INFO - Started process (PID=701) to work on /opt/airflow/dags/ingest_local_folder_dag.py
[2026-02-12T14:15:40.230+0000] {processor.py:829} INFO - Processing file /opt/airflow/dags/ingest_local_folder_dag.py for tasks to queue
[2026-02-12T14:15:40.233+0000] {logging_mixin.py:151} INFO - [2026-02-12T14:15:40.232+0000] {dagbag.py:539} INFO - Filling up the DagBag from /opt/airflow/dags/ingest_local_folder_dag.py
[2026-02-12T14:15:40.837+0000] {processor.py:839} INFO - DAG(s) dict_keys(['ingestionDAG']) retrieved from /opt/airflow/dags/ingest_local_folder_dag.py
[2026-02-12T14:15:40.933+0000] {logging_mixin.py:151} INFO - [2026-02-12T14:15:40.932+0000] {dag.py:2915} INFO - Sync 1 DAGs
[2026-02-12T14:15:40.994+0000] {logging_mixin.py:151} INFO - [2026-02-12T14:15:40.993+0000] {dag.py:3696} INFO - Setting next_dagrun for ingestionDAG to 2026-02-12T14:15:10.993160+00:00, run_after=2026-02-12T14:15:40.993160+00:00
[2026-02-12T14:15:41.043+0000] {processor.py:179} INFO - Processing /opt/airflow/dags/ingest_local_folder_dag.py took 0.826 seconds
[2026-02-12T14:16:11.593+0000] {processor.py:157} INFO - Started process (PID=714) to work on /opt/airflow/dags/ingest_local_folder_dag.py
[2026-02-12T14:16:11.596+0000] {processor.py:829} INFO - Processing file /opt/airflow/dags/ingest_local_folder_dag.py for tasks to queue
[2026-02-12T14:16:11.599+0000] {logging_mixin.py:151} INFO - [2026-02-12T14:16:11.598+0000] {dagbag.py:539} INFO - Filling up the DagBag from /opt/airflow/dags/ingest_local_folder_dag.py
[2026-02-12T14:16:12.177+0000] {processor.py:839} INFO - DAG(s) dict_keys(['ingestionDAG']) retrieved from /opt/airflow/dags/ingest_local_folder_dag.py
[2026-02-12T14:16:12.278+0000] {logging_mixin.py:151} INFO - [2026-02-12T14:16:12.277+0000] {dag.py:2915} INFO - Sync 1 DAGs
[2026-02-12T14:16:12.350+0000] {logging_mixin.py:151} INFO - [2026-02-12T14:16:12.349+0000] {dag.py:3696} INFO - Setting next_dagrun for ingestionDAG to 2026-02-12T14:15:42.349110+00:00, run_after=2026-02-12T14:16:12.349110+00:00
[2026-02-12T14:16:12.400+0000] {processor.py:179} INFO - Processing /opt/airflow/dags/ingest_local_folder_dag.py took 0.818 seconds
[2026-02-12T14:16:42.903+0000] {processor.py:157} INFO - Started process (PID=727) to work on /opt/airflow/dags/ingest_local_folder_dag.py
[2026-02-12T14:16:42.906+0000] {processor.py:829} INFO - Processing file /opt/airflow/dags/ingest_local_folder_dag.py for tasks to queue
[2026-02-12T14:16:42.909+0000] {logging_mixin.py:151} INFO - [2026-02-12T14:16:42.908+0000] {dagbag.py:539} INFO - Filling up the DagBag from /opt/airflow/dags/ingest_local_folder_dag.py
[2026-02-12T14:16:43.538+0000] {processor.py:839} INFO - DAG(s) dict_keys(['ingestionDAG']) retrieved from /opt/airflow/dags/ingest_local_folder_dag.py
[2026-02-12T14:16:43.645+0000] {logging_mixin.py:151} INFO - [2026-02-12T14:16:43.644+0000] {dag.py:2915} INFO - Sync 1 DAGs
[2026-02-12T14:16:43.716+0000] {logging_mixin.py:151} INFO - [2026-02-12T14:16:43.715+0000] {dag.py:3696} INFO - Setting next_dagrun for ingestionDAG to 2026-02-12T14:16:13.715317+00:00, run_after=2026-02-12T14:16:43.715317+00:00
[2026-02-12T14:16:43.771+0000] {processor.py:179} INFO - Processing /opt/airflow/dags/ingest_local_folder_dag.py took 0.880 seconds
[2026-02-12T14:17:14.320+0000] {processor.py:157} INFO - Started process (PID=740) to work on /opt/airflow/dags/ingest_local_folder_dag.py
[2026-02-12T14:17:14.323+0000] {processor.py:829} INFO - Processing file /opt/airflow/dags/ingest_local_folder_dag.py for tasks to queue
[2026-02-12T14:17:14.326+0000] {logging_mixin.py:151} INFO - [2026-02-12T14:17:14.324+0000] {dagbag.py:539} INFO - Filling up the DagBag from /opt/airflow/dags/ingest_local_folder_dag.py
[2026-02-12T14:17:14.987+0000] {processor.py:839} INFO - DAG(s) dict_keys(['ingestionDAG']) retrieved from /opt/airflow/dags/ingest_local_folder_dag.py
[2026-02-12T14:17:15.092+0000] {logging_mixin.py:151} INFO - [2026-02-12T14:17:15.091+0000] {dag.py:2915} INFO - Sync 1 DAGs
[2026-02-12T14:17:15.161+0000] {logging_mixin.py:151} INFO - [2026-02-12T14:17:15.161+0000] {dag.py:3696} INFO - Setting next_dagrun for ingestionDAG to 2026-02-12T14:16:45.160811+00:00, run_after=2026-02-12T14:17:15.160811+00:00
[2026-02-12T14:17:15.213+0000] {processor.py:179} INFO - Processing /opt/airflow/dags/ingest_local_folder_dag.py took 0.905 seconds
[2026-02-12T14:17:45.806+0000] {processor.py:157} INFO - Started process (PID=753) to work on /opt/airflow/dags/ingest_local_folder_dag.py
[2026-02-12T14:17:45.810+0000] {processor.py:829} INFO - Processing file /opt/airflow/dags/ingest_local_folder_dag.py for tasks to queue
[2026-02-12T14:17:45.813+0000] {logging_mixin.py:151} INFO - [2026-02-12T14:17:45.812+0000] {dagbag.py:539} INFO - Filling up the DagBag from /opt/airflow/dags/ingest_local_folder_dag.py
[2026-02-12T14:17:46.477+0000] {processor.py:839} INFO - DAG(s) dict_keys(['ingestionDAG']) retrieved from /opt/airflow/dags/ingest_local_folder_dag.py
[2026-02-12T14:17:46.586+0000] {logging_mixin.py:151} INFO - [2026-02-12T14:17:46.586+0000] {dag.py:2915} INFO - Sync 1 DAGs
[2026-02-12T14:17:46.658+0000] {logging_mixin.py:151} INFO - [2026-02-12T14:17:46.657+0000] {dag.py:3696} INFO - Setting next_dagrun for ingestionDAG to 2026-02-12T14:17:16.656773+00:00, run_after=2026-02-12T14:17:46.656773+00:00
[2026-02-12T14:17:46.708+0000] {processor.py:179} INFO - Processing /opt/airflow/dags/ingest_local_folder_dag.py took 0.914 seconds
[2026-02-12T14:18:17.208+0000] {processor.py:157} INFO - Started process (PID=766) to work on /opt/airflow/dags/ingest_local_folder_dag.py
[2026-02-12T14:18:17.211+0000] {processor.py:829} INFO - Processing file /opt/airflow/dags/ingest_local_folder_dag.py for tasks to queue
[2026-02-12T14:18:17.213+0000] {logging_mixin.py:151} INFO - [2026-02-12T14:18:17.212+0000] {dagbag.py:539} INFO - Filling up the DagBag from /opt/airflow/dags/ingest_local_folder_dag.py
[2026-02-12T14:18:17.805+0000] {processor.py:839} INFO - DAG(s) dict_keys(['ingestionDAG']) retrieved from /opt/airflow/dags/ingest_local_folder_dag.py
[2026-02-12T14:18:17.898+0000] {logging_mixin.py:151} INFO - [2026-02-12T14:18:17.898+0000] {dag.py:2915} INFO - Sync 1 DAGs
[2026-02-12T14:18:17.965+0000] {logging_mixin.py:151} INFO - [2026-02-12T14:18:17.965+0000] {dag.py:3696} INFO - Setting next_dagrun for ingestionDAG to 2026-02-12T14:17:47.964676+00:00, run_after=2026-02-12T14:18:17.964676+00:00
[2026-02-12T14:18:18.020+0000] {processor.py:179} INFO - Processing /opt/airflow/dags/ingest_local_folder_dag.py took 0.822 seconds
[2026-02-12T14:18:48.552+0000] {processor.py:157} INFO - Started process (PID=779) to work on /opt/airflow/dags/ingest_local_folder_dag.py
[2026-02-12T14:18:48.554+0000] {processor.py:829} INFO - Processing file /opt/airflow/dags/ingest_local_folder_dag.py for tasks to queue
[2026-02-12T14:18:48.557+0000] {logging_mixin.py:151} INFO - [2026-02-12T14:18:48.556+0000] {dagbag.py:539} INFO - Filling up the DagBag from /opt/airflow/dags/ingest_local_folder_dag.py
[2026-02-12T14:18:49.207+0000] {processor.py:839} INFO - DAG(s) dict_keys(['ingestionDAG']) retrieved from /opt/airflow/dags/ingest_local_folder_dag.py
[2026-02-12T14:18:49.297+0000] {logging_mixin.py:151} INFO - [2026-02-12T14:18:49.296+0000] {dag.py:2915} INFO - Sync 1 DAGs
[2026-02-12T14:18:49.361+0000] {logging_mixin.py:151} INFO - [2026-02-12T14:18:49.360+0000] {dag.py:3696} INFO - Setting next_dagrun for ingestionDAG to 2026-02-12T14:18:19.360204+00:00, run_after=2026-02-12T14:18:49.360204+00:00
[2026-02-12T14:18:49.407+0000] {processor.py:179} INFO - Processing /opt/airflow/dags/ingest_local_folder_dag.py took 0.868 seconds
[2026-02-12T14:19:20.071+0000] {processor.py:157} INFO - Started process (PID=792) to work on /opt/airflow/dags/ingest_local_folder_dag.py
[2026-02-12T14:19:20.074+0000] {processor.py:829} INFO - Processing file /opt/airflow/dags/ingest_local_folder_dag.py for tasks to queue
[2026-02-12T14:19:20.076+0000] {logging_mixin.py:151} INFO - [2026-02-12T14:19:20.075+0000] {dagbag.py:539} INFO - Filling up the DagBag from /opt/airflow/dags/ingest_local_folder_dag.py
[2026-02-12T14:19:20.740+0000] {processor.py:839} INFO - DAG(s) dict_keys(['ingestionDAG']) retrieved from /opt/airflow/dags/ingest_local_folder_dag.py
[2026-02-12T14:19:20.845+0000] {logging_mixin.py:151} INFO - [2026-02-12T14:19:20.845+0000] {dag.py:2915} INFO - Sync 1 DAGs
[2026-02-12T14:19:20.917+0000] {logging_mixin.py:151} INFO - [2026-02-12T14:19:20.916+0000] {dag.py:3696} INFO - Setting next_dagrun for ingestionDAG to 2026-02-12T14:18:50.915583+00:00, run_after=2026-02-12T14:19:20.915583+00:00
[2026-02-12T14:19:20.967+0000] {processor.py:179} INFO - Processing /opt/airflow/dags/ingest_local_folder_dag.py took 0.908 seconds
[2026-02-12T14:19:51.482+0000] {processor.py:157} INFO - Started process (PID=805) to work on /opt/airflow/dags/ingest_local_folder_dag.py
[2026-02-12T14:19:51.485+0000] {processor.py:829} INFO - Processing file /opt/airflow/dags/ingest_local_folder_dag.py for tasks to queue
[2026-02-12T14:19:51.488+0000] {logging_mixin.py:151} INFO - [2026-02-12T14:19:51.487+0000] {dagbag.py:539} INFO - Filling up the DagBag from /opt/airflow/dags/ingest_local_folder_dag.py
[2026-02-12T14:19:52.135+0000] {processor.py:839} INFO - DAG(s) dict_keys(['ingestionDAG']) retrieved from /opt/airflow/dags/ingest_local_folder_dag.py
[2026-02-12T14:19:52.240+0000] {logging_mixin.py:151} INFO - [2026-02-12T14:19:52.239+0000] {dag.py:2915} INFO - Sync 1 DAGs
[2026-02-12T14:19:52.311+0000] {logging_mixin.py:151} INFO - [2026-02-12T14:19:52.310+0000] {dag.py:3696} INFO - Setting next_dagrun for ingestionDAG to 2026-02-12T14:19:22.310156+00:00, run_after=2026-02-12T14:19:52.310156+00:00
[2026-02-12T14:19:52.364+0000] {processor.py:179} INFO - Processing /opt/airflow/dags/ingest_local_folder_dag.py took 0.893 seconds
[2026-02-12T14:20:22.713+0000] {processor.py:157} INFO - Started process (PID=818) to work on /opt/airflow/dags/ingest_local_folder_dag.py
[2026-02-12T14:20:22.716+0000] {processor.py:829} INFO - Processing file /opt/airflow/dags/ingest_local_folder_dag.py for tasks to queue
[2026-02-12T14:20:22.718+0000] {logging_mixin.py:151} INFO - [2026-02-12T14:20:22.717+0000] {dagbag.py:539} INFO - Filling up the DagBag from /opt/airflow/dags/ingest_local_folder_dag.py
[2026-02-12T14:20:23.364+0000] {processor.py:839} INFO - DAG(s) dict_keys(['ingestionDAG']) retrieved from /opt/airflow/dags/ingest_local_folder_dag.py
[2026-02-12T14:20:23.453+0000] {logging_mixin.py:151} INFO - [2026-02-12T14:20:23.452+0000] {dag.py:2915} INFO - Sync 1 DAGs
[2026-02-12T14:20:23.515+0000] {logging_mixin.py:151} INFO - [2026-02-12T14:20:23.514+0000] {dag.py:3696} INFO - Setting next_dagrun for ingestionDAG to 2026-02-12T14:19:53.513823+00:00, run_after=2026-02-12T14:20:23.513823+00:00
[2026-02-12T14:20:23.570+0000] {processor.py:179} INFO - Processing /opt/airflow/dags/ingest_local_folder_dag.py took 0.868 seconds
[2026-02-12T14:20:53.868+0000] {processor.py:157} INFO - Started process (PID=831) to work on /opt/airflow/dags/ingest_local_folder_dag.py
[2026-02-12T14:20:53.871+0000] {processor.py:829} INFO - Processing file /opt/airflow/dags/ingest_local_folder_dag.py for tasks to queue
[2026-02-12T14:20:53.874+0000] {logging_mixin.py:151} INFO - [2026-02-12T14:20:53.873+0000] {dagbag.py:539} INFO - Filling up the DagBag from /opt/airflow/dags/ingest_local_folder_dag.py
[2026-02-12T14:20:54.509+0000] {processor.py:839} INFO - DAG(s) dict_keys(['ingestionDAG']) retrieved from /opt/airflow/dags/ingest_local_folder_dag.py
[2026-02-12T14:20:54.602+0000] {logging_mixin.py:151} INFO - [2026-02-12T14:20:54.601+0000] {dag.py:2915} INFO - Sync 1 DAGs
[2026-02-12T14:20:54.666+0000] {logging_mixin.py:151} INFO - [2026-02-12T14:20:54.665+0000] {dag.py:3696} INFO - Setting next_dagrun for ingestionDAG to 2026-02-12T14:20:24.665042+00:00, run_after=2026-02-12T14:20:54.665042+00:00
[2026-02-12T14:20:54.715+0000] {processor.py:179} INFO - Processing /opt/airflow/dags/ingest_local_folder_dag.py took 0.858 seconds
[2026-02-12T14:21:25.193+0000] {processor.py:157} INFO - Started process (PID=844) to work on /opt/airflow/dags/ingest_local_folder_dag.py
[2026-02-12T14:21:25.196+0000] {processor.py:829} INFO - Processing file /opt/airflow/dags/ingest_local_folder_dag.py for tasks to queue
[2026-02-12T14:21:25.198+0000] {logging_mixin.py:151} INFO - [2026-02-12T14:21:25.197+0000] {dagbag.py:539} INFO - Filling up the DagBag from /opt/airflow/dags/ingest_local_folder_dag.py
[2026-02-12T14:21:25.825+0000] {processor.py:839} INFO - DAG(s) dict_keys(['ingestionDAG']) retrieved from /opt/airflow/dags/ingest_local_folder_dag.py
[2026-02-12T14:21:25.916+0000] {logging_mixin.py:151} INFO - [2026-02-12T14:21:25.916+0000] {dag.py:2915} INFO - Sync 1 DAGs
[2026-02-12T14:21:25.981+0000] {logging_mixin.py:151} INFO - [2026-02-12T14:21:25.981+0000] {dag.py:3696} INFO - Setting next_dagrun for ingestionDAG to 2026-02-12T14:20:55.980746+00:00, run_after=2026-02-12T14:21:25.980746+00:00
[2026-02-12T14:21:26.031+0000] {processor.py:179} INFO - Processing /opt/airflow/dags/ingest_local_folder_dag.py took 0.849 seconds
[2026-02-12T14:21:56.464+0000] {processor.py:157} INFO - Started process (PID=857) to work on /opt/airflow/dags/ingest_local_folder_dag.py
[2026-02-12T14:21:56.467+0000] {processor.py:829} INFO - Processing file /opt/airflow/dags/ingest_local_folder_dag.py for tasks to queue
[2026-02-12T14:21:56.470+0000] {logging_mixin.py:151} INFO - [2026-02-12T14:21:56.468+0000] {dagbag.py:539} INFO - Filling up the DagBag from /opt/airflow/dags/ingest_local_folder_dag.py
[2026-02-12T14:21:57.104+0000] {processor.py:839} INFO - DAG(s) dict_keys(['ingestionDAG']) retrieved from /opt/airflow/dags/ingest_local_folder_dag.py
[2026-02-12T14:21:57.208+0000] {logging_mixin.py:151} INFO - [2026-02-12T14:21:57.207+0000] {dag.py:2915} INFO - Sync 1 DAGs
[2026-02-12T14:21:57.278+0000] {logging_mixin.py:151} INFO - [2026-02-12T14:21:57.278+0000] {dag.py:3696} INFO - Setting next_dagrun for ingestionDAG to 2026-02-12T14:21:27.277732+00:00, run_after=2026-02-12T14:21:57.277732+00:00
[2026-02-12T14:21:57.330+0000] {processor.py:179} INFO - Processing /opt/airflow/dags/ingest_local_folder_dag.py took 0.877 seconds
[2026-02-12T14:22:27.617+0000] {processor.py:157} INFO - Started process (PID=870) to work on /opt/airflow/dags/ingest_local_folder_dag.py
[2026-02-12T14:22:27.620+0000] {processor.py:829} INFO - Processing file /opt/airflow/dags/ingest_local_folder_dag.py for tasks to queue
[2026-02-12T14:22:27.622+0000] {logging_mixin.py:151} INFO - [2026-02-12T14:22:27.621+0000] {dagbag.py:539} INFO - Filling up the DagBag from /opt/airflow/dags/ingest_local_folder_dag.py
[2026-02-12T14:22:28.287+0000] {processor.py:839} INFO - DAG(s) dict_keys(['ingestionDAG']) retrieved from /opt/airflow/dags/ingest_local_folder_dag.py
[2026-02-12T14:22:28.391+0000] {logging_mixin.py:151} INFO - [2026-02-12T14:22:28.391+0000] {dag.py:2915} INFO - Sync 1 DAGs
[2026-02-12T14:22:28.455+0000] {logging_mixin.py:151} INFO - [2026-02-12T14:22:28.455+0000] {dag.py:3696} INFO - Setting next_dagrun for ingestionDAG to 2026-02-12T14:21:58.454468+00:00, run_after=2026-02-12T14:22:28.454468+00:00
[2026-02-12T14:22:28.504+0000] {processor.py:179} INFO - Processing /opt/airflow/dags/ingest_local_folder_dag.py took 0.898 seconds
[2026-02-12T14:22:58.945+0000] {processor.py:157} INFO - Started process (PID=883) to work on /opt/airflow/dags/ingest_local_folder_dag.py
[2026-02-12T14:22:58.949+0000] {processor.py:829} INFO - Processing file /opt/airflow/dags/ingest_local_folder_dag.py for tasks to queue
[2026-02-12T14:22:58.952+0000] {logging_mixin.py:151} INFO - [2026-02-12T14:22:58.951+0000] {dagbag.py:539} INFO - Filling up the DagBag from /opt/airflow/dags/ingest_local_folder_dag.py
[2026-02-12T14:22:59.604+0000] {processor.py:839} INFO - DAG(s) dict_keys(['ingestionDAG']) retrieved from /opt/airflow/dags/ingest_local_folder_dag.py
[2026-02-12T14:22:59.708+0000] {logging_mixin.py:151} INFO - [2026-02-12T14:22:59.707+0000] {dag.py:2915} INFO - Sync 1 DAGs
[2026-02-12T14:22:59.782+0000] {logging_mixin.py:151} INFO - [2026-02-12T14:22:59.781+0000] {dag.py:3696} INFO - Setting next_dagrun for ingestionDAG to 2026-02-12T14:22:29.780768+00:00, run_after=2026-02-12T14:22:59.780768+00:00
[2026-02-12T14:22:59.835+0000] {processor.py:179} INFO - Processing /opt/airflow/dags/ingest_local_folder_dag.py took 0.901 seconds
[2026-02-12T14:23:30.124+0000] {processor.py:157} INFO - Started process (PID=896) to work on /opt/airflow/dags/ingest_local_folder_dag.py
[2026-02-12T14:23:30.126+0000] {processor.py:829} INFO - Processing file /opt/airflow/dags/ingest_local_folder_dag.py for tasks to queue
[2026-02-12T14:23:30.129+0000] {logging_mixin.py:151} INFO - [2026-02-12T14:23:30.128+0000] {dagbag.py:539} INFO - Filling up the DagBag from /opt/airflow/dags/ingest_local_folder_dag.py
[2026-02-12T14:23:30.760+0000] {processor.py:839} INFO - DAG(s) dict_keys(['ingestionDAG']) retrieved from /opt/airflow/dags/ingest_local_folder_dag.py
[2026-02-12T14:23:30.865+0000] {logging_mixin.py:151} INFO - [2026-02-12T14:23:30.865+0000] {dag.py:2915} INFO - Sync 1 DAGs
[2026-02-12T14:23:30.935+0000] {logging_mixin.py:151} INFO - [2026-02-12T14:23:30.935+0000] {dag.py:3696} INFO - Setting next_dagrun for ingestionDAG to 2026-02-12T14:23:00.934573+00:00, run_after=2026-02-12T14:23:30.934573+00:00
[2026-02-12T14:23:30.987+0000] {processor.py:179} INFO - Processing /opt/airflow/dags/ingest_local_folder_dag.py took 0.874 seconds
[2026-02-12T14:24:01.416+0000] {processor.py:157} INFO - Started process (PID=909) to work on /opt/airflow/dags/ingest_local_folder_dag.py
[2026-02-12T14:24:01.419+0000] {processor.py:829} INFO - Processing file /opt/airflow/dags/ingest_local_folder_dag.py for tasks to queue
[2026-02-12T14:24:01.422+0000] {logging_mixin.py:151} INFO - [2026-02-12T14:24:01.420+0000] {dagbag.py:539} INFO - Filling up the DagBag from /opt/airflow/dags/ingest_local_folder_dag.py
[2026-02-12T14:24:02.045+0000] {processor.py:839} INFO - DAG(s) dict_keys(['ingestionDAG']) retrieved from /opt/airflow/dags/ingest_local_folder_dag.py
[2026-02-12T14:24:02.135+0000] {logging_mixin.py:151} INFO - [2026-02-12T14:24:02.135+0000] {dag.py:2915} INFO - Sync 1 DAGs
[2026-02-12T14:24:02.199+0000] {logging_mixin.py:151} INFO - [2026-02-12T14:24:02.198+0000] {dag.py:3696} INFO - Setting next_dagrun for ingestionDAG to 2026-02-12T14:23:32.197947+00:00, run_after=2026-02-12T14:24:02.197947+00:00
[2026-02-12T14:24:02.247+0000] {processor.py:179} INFO - Processing /opt/airflow/dags/ingest_local_folder_dag.py took 0.842 seconds
[2026-02-12T14:24:32.676+0000] {processor.py:157} INFO - Started process (PID=922) to work on /opt/airflow/dags/ingest_local_folder_dag.py
[2026-02-12T14:24:32.678+0000] {processor.py:829} INFO - Processing file /opt/airflow/dags/ingest_local_folder_dag.py for tasks to queue
[2026-02-12T14:24:32.680+0000] {logging_mixin.py:151} INFO - [2026-02-12T14:24:32.680+0000] {dagbag.py:539} INFO - Filling up the DagBag from /opt/airflow/dags/ingest_local_folder_dag.py
[2026-02-12T14:24:33.268+0000] {processor.py:839} INFO - DAG(s) dict_keys(['ingestionDAG']) retrieved from /opt/airflow/dags/ingest_local_folder_dag.py
[2026-02-12T14:24:33.359+0000] {logging_mixin.py:151} INFO - [2026-02-12T14:24:33.359+0000] {dag.py:2915} INFO - Sync 1 DAGs
[2026-02-12T14:24:33.427+0000] {logging_mixin.py:151} INFO - [2026-02-12T14:24:33.426+0000] {dag.py:3696} INFO - Setting next_dagrun for ingestionDAG to 2026-02-12T14:24:03.425994+00:00, run_after=2026-02-12T14:24:33.425994+00:00
[2026-02-12T14:24:33.475+0000] {processor.py:179} INFO - Processing /opt/airflow/dags/ingest_local_folder_dag.py took 0.810 seconds
[2026-02-12T14:25:03.915+0000] {processor.py:157} INFO - Started process (PID=935) to work on /opt/airflow/dags/ingest_local_folder_dag.py
[2026-02-12T14:25:03.918+0000] {processor.py:829} INFO - Processing file /opt/airflow/dags/ingest_local_folder_dag.py for tasks to queue
[2026-02-12T14:25:03.921+0000] {logging_mixin.py:151} INFO - [2026-02-12T14:25:03.920+0000] {dagbag.py:539} INFO - Filling up the DagBag from /opt/airflow/dags/ingest_local_folder_dag.py
[2026-02-12T14:25:04.532+0000] {processor.py:839} INFO - DAG(s) dict_keys(['ingestionDAG']) retrieved from /opt/airflow/dags/ingest_local_folder_dag.py
[2026-02-12T14:25:04.634+0000] {logging_mixin.py:151} INFO - [2026-02-12T14:25:04.633+0000] {dag.py:2915} INFO - Sync 1 DAGs
[2026-02-12T14:25:04.707+0000] {logging_mixin.py:151} INFO - [2026-02-12T14:25:04.706+0000] {dag.py:3696} INFO - Setting next_dagrun for ingestionDAG to 2026-02-12T14:24:34.705768+00:00, run_after=2026-02-12T14:25:04.705768+00:00
[2026-02-12T14:25:04.759+0000] {processor.py:179} INFO - Processing /opt/airflow/dags/ingest_local_folder_dag.py took 0.854 seconds
[2026-02-12T14:25:35.198+0000] {processor.py:157} INFO - Started process (PID=948) to work on /opt/airflow/dags/ingest_local_folder_dag.py
[2026-02-12T14:25:35.201+0000] {processor.py:829} INFO - Processing file /opt/airflow/dags/ingest_local_folder_dag.py for tasks to queue
[2026-02-12T14:25:35.204+0000] {logging_mixin.py:151} INFO - [2026-02-12T14:25:35.202+0000] {dagbag.py:539} INFO - Filling up the DagBag from /opt/airflow/dags/ingest_local_folder_dag.py
[2026-02-12T14:25:35.794+0000] {processor.py:839} INFO - DAG(s) dict_keys(['ingestionDAG']) retrieved from /opt/airflow/dags/ingest_local_folder_dag.py
[2026-02-12T14:25:35.888+0000] {logging_mixin.py:151} INFO - [2026-02-12T14:25:35.887+0000] {dag.py:2915} INFO - Sync 1 DAGs
[2026-02-12T14:25:35.952+0000] {logging_mixin.py:151} INFO - [2026-02-12T14:25:35.951+0000] {dag.py:3696} INFO - Setting next_dagrun for ingestionDAG to 2026-02-12T14:25:05.950990+00:00, run_after=2026-02-12T14:25:35.950990+00:00
[2026-02-12T14:25:36.003+0000] {processor.py:179} INFO - Processing /opt/airflow/dags/ingest_local_folder_dag.py took 0.824 seconds
[2026-02-12T14:26:06.296+0000] {processor.py:157} INFO - Started process (PID=959) to work on /opt/airflow/dags/ingest_local_folder_dag.py
[2026-02-12T14:26:06.299+0000] {processor.py:829} INFO - Processing file /opt/airflow/dags/ingest_local_folder_dag.py for tasks to queue
[2026-02-12T14:26:06.302+0000] {logging_mixin.py:151} INFO - [2026-02-12T14:26:06.301+0000] {dagbag.py:539} INFO - Filling up the DagBag from /opt/airflow/dags/ingest_local_folder_dag.py
[2026-02-12T14:26:06.893+0000] {processor.py:839} INFO - DAG(s) dict_keys(['ingestionDAG']) retrieved from /opt/airflow/dags/ingest_local_folder_dag.py
[2026-02-12T14:26:06.987+0000] {logging_mixin.py:151} INFO - [2026-02-12T14:26:06.987+0000] {dag.py:2915} INFO - Sync 1 DAGs
[2026-02-12T14:26:07.066+0000] {logging_mixin.py:151} INFO - [2026-02-12T14:26:07.065+0000] {dag.py:3696} INFO - Setting next_dagrun for ingestionDAG to 2026-02-12T14:25:37.065157+00:00, run_after=2026-02-12T14:26:07.065157+00:00
[2026-02-12T14:26:07.120+0000] {processor.py:179} INFO - Processing /opt/airflow/dags/ingest_local_folder_dag.py took 0.834 seconds
[2026-02-12T14:26:37.434+0000] {processor.py:157} INFO - Started process (PID=972) to work on /opt/airflow/dags/ingest_local_folder_dag.py
[2026-02-12T14:26:37.437+0000] {processor.py:829} INFO - Processing file /opt/airflow/dags/ingest_local_folder_dag.py for tasks to queue
[2026-02-12T14:26:37.441+0000] {logging_mixin.py:151} INFO - [2026-02-12T14:26:37.439+0000] {dagbag.py:539} INFO - Filling up the DagBag from /opt/airflow/dags/ingest_local_folder_dag.py
[2026-02-12T14:26:38.146+0000] {processor.py:839} INFO - DAG(s) dict_keys(['ingestionDAG']) retrieved from /opt/airflow/dags/ingest_local_folder_dag.py
[2026-02-12T14:26:38.259+0000] {logging_mixin.py:151} INFO - [2026-02-12T14:26:38.259+0000] {dag.py:2915} INFO - Sync 1 DAGs
[2026-02-12T14:26:38.331+0000] {logging_mixin.py:151} INFO - [2026-02-12T14:26:38.330+0000] {dag.py:3696} INFO - Setting next_dagrun for ingestionDAG to 2026-02-12T14:26:08.329953+00:00, run_after=2026-02-12T14:26:38.329953+00:00
[2026-02-12T14:26:38.381+0000] {processor.py:179} INFO - Processing /opt/airflow/dags/ingest_local_folder_dag.py took 0.960 seconds
[2026-02-12T17:02:36.539+0000] {processor.py:157} INFO - Started process (PID=983) to work on /opt/airflow/dags/ingest_local_folder_dag.py
[2026-02-12T17:02:36.576+0000] {processor.py:829} INFO - Processing file /opt/airflow/dags/ingest_local_folder_dag.py for tasks to queue
[2026-02-12T17:02:36.613+0000] {logging_mixin.py:151} INFO - [2026-02-12T17:02:36.612+0000] {dagbag.py:539} INFO - Filling up the DagBag from /opt/airflow/dags/ingest_local_folder_dag.py
[2026-02-12T17:02:38.680+0000] {processor.py:839} INFO - DAG(s) dict_keys(['ingestionDAG']) retrieved from /opt/airflow/dags/ingest_local_folder_dag.py
[2026-02-12T17:02:38.838+0000] {logging_mixin.py:151} INFO - [2026-02-12T17:02:38.837+0000] {dag.py:2915} INFO - Sync 1 DAGs
[2026-02-12T17:02:38.953+0000] {logging_mixin.py:151} INFO - [2026-02-12T17:02:38.952+0000] {dag.py:3696} INFO - Setting next_dagrun for ingestionDAG to 2026-02-12T17:02:08.952073+00:00, run_after=2026-02-12T17:02:38.952073+00:00
[2026-02-12T17:02:39.052+0000] {processor.py:179} INFO - Processing /opt/airflow/dags/ingest_local_folder_dag.py took 2.700 seconds
[2026-02-12T17:03:09.306+0000] {processor.py:157} INFO - Started process (PID=996) to work on /opt/airflow/dags/ingest_local_folder_dag.py
[2026-02-12T17:03:09.308+0000] {processor.py:829} INFO - Processing file /opt/airflow/dags/ingest_local_folder_dag.py for tasks to queue
[2026-02-12T17:03:09.310+0000] {logging_mixin.py:151} INFO - [2026-02-12T17:03:09.309+0000] {dagbag.py:539} INFO - Filling up the DagBag from /opt/airflow/dags/ingest_local_folder_dag.py
[2026-02-12T17:03:09.914+0000] {processor.py:839} INFO - DAG(s) dict_keys(['ingestionDAG']) retrieved from /opt/airflow/dags/ingest_local_folder_dag.py
[2026-02-12T17:03:10.016+0000] {logging_mixin.py:151} INFO - [2026-02-12T17:03:10.015+0000] {dag.py:2915} INFO - Sync 1 DAGs
[2026-02-12T17:03:10.076+0000] {logging_mixin.py:151} INFO - [2026-02-12T17:03:10.076+0000] {dag.py:3696} INFO - Setting next_dagrun for ingestionDAG to 2026-02-12T17:02:40.075832+00:00, run_after=2026-02-12T17:03:10.075832+00:00
[2026-02-12T17:03:10.129+0000] {processor.py:179} INFO - Processing /opt/airflow/dags/ingest_local_folder_dag.py took 0.833 seconds
[2026-02-12T17:03:40.417+0000] {processor.py:157} INFO - Started process (PID=1009) to work on /opt/airflow/dags/ingest_local_folder_dag.py
[2026-02-12T17:03:40.420+0000] {processor.py:829} INFO - Processing file /opt/airflow/dags/ingest_local_folder_dag.py for tasks to queue
[2026-02-12T17:03:40.422+0000] {logging_mixin.py:151} INFO - [2026-02-12T17:03:40.421+0000] {dagbag.py:539} INFO - Filling up the DagBag from /opt/airflow/dags/ingest_local_folder_dag.py
[2026-02-12T17:03:41.030+0000] {processor.py:839} INFO - DAG(s) dict_keys(['ingestionDAG']) retrieved from /opt/airflow/dags/ingest_local_folder_dag.py
[2026-02-12T17:03:41.127+0000] {logging_mixin.py:151} INFO - [2026-02-12T17:03:41.126+0000] {dag.py:2915} INFO - Sync 1 DAGs
[2026-02-12T17:03:41.195+0000] {logging_mixin.py:151} INFO - [2026-02-12T17:03:41.194+0000] {dag.py:3696} INFO - Setting next_dagrun for ingestionDAG to 2026-02-12T17:03:11.193896+00:00, run_after=2026-02-12T17:03:41.193896+00:00
[2026-02-12T17:03:41.240+0000] {processor.py:179} INFO - Processing /opt/airflow/dags/ingest_local_folder_dag.py took 0.833 seconds
[2026-02-12T17:04:11.686+0000] {processor.py:157} INFO - Started process (PID=1022) to work on /opt/airflow/dags/ingest_local_folder_dag.py
[2026-02-12T17:04:11.688+0000] {processor.py:829} INFO - Processing file /opt/airflow/dags/ingest_local_folder_dag.py for tasks to queue
[2026-02-12T17:04:11.691+0000] {logging_mixin.py:151} INFO - [2026-02-12T17:04:11.689+0000] {dagbag.py:539} INFO - Filling up the DagBag from /opt/airflow/dags/ingest_local_folder_dag.py
[2026-02-12T17:04:12.415+0000] {processor.py:839} INFO - DAG(s) dict_keys(['ingestionDAG']) retrieved from /opt/airflow/dags/ingest_local_folder_dag.py
[2026-02-12T17:04:12.594+0000] {logging_mixin.py:151} INFO - [2026-02-12T17:04:12.594+0000] {dag.py:2915} INFO - Sync 1 DAGs
[2026-02-12T17:04:12.688+0000] {logging_mixin.py:151} INFO - [2026-02-12T17:04:12.687+0000] {dag.py:3696} INFO - Setting next_dagrun for ingestionDAG to 2026-02-12T17:03:42.684133+00:00, run_after=2026-02-12T17:04:12.684133+00:00
[2026-02-12T17:04:12.745+0000] {processor.py:179} INFO - Processing /opt/airflow/dags/ingest_local_folder_dag.py took 1.071 seconds
[2026-02-12T17:04:43.066+0000] {processor.py:157} INFO - Started process (PID=1035) to work on /opt/airflow/dags/ingest_local_folder_dag.py
[2026-02-12T17:04:43.069+0000] {processor.py:829} INFO - Processing file /opt/airflow/dags/ingest_local_folder_dag.py for tasks to queue
[2026-02-12T17:04:43.071+0000] {logging_mixin.py:151} INFO - [2026-02-12T17:04:43.070+0000] {dagbag.py:539} INFO - Filling up the DagBag from /opt/airflow/dags/ingest_local_folder_dag.py
[2026-02-12T17:04:43.721+0000] {processor.py:839} INFO - DAG(s) dict_keys(['ingestionDAG']) retrieved from /opt/airflow/dags/ingest_local_folder_dag.py
[2026-02-12T17:04:43.821+0000] {logging_mixin.py:151} INFO - [2026-02-12T17:04:43.821+0000] {dag.py:2915} INFO - Sync 1 DAGs
[2026-02-12T17:04:43.888+0000] {logging_mixin.py:151} INFO - [2026-02-12T17:04:43.887+0000] {dag.py:3696} INFO - Setting next_dagrun for ingestionDAG to 2026-02-12T17:04:13.886760+00:00, run_after=2026-02-12T17:04:43.886760+00:00
[2026-02-12T17:04:43.939+0000] {processor.py:179} INFO - Processing /opt/airflow/dags/ingest_local_folder_dag.py took 0.884 seconds
[2026-02-12T17:05:14.390+0000] {processor.py:157} INFO - Started process (PID=1048) to work on /opt/airflow/dags/ingest_local_folder_dag.py
[2026-02-12T17:05:14.393+0000] {processor.py:829} INFO - Processing file /opt/airflow/dags/ingest_local_folder_dag.py for tasks to queue
[2026-02-12T17:05:14.396+0000] {logging_mixin.py:151} INFO - [2026-02-12T17:05:14.395+0000] {dagbag.py:539} INFO - Filling up the DagBag from /opt/airflow/dags/ingest_local_folder_dag.py
[2026-02-12T17:05:15.021+0000] {processor.py:839} INFO - DAG(s) dict_keys(['ingestionDAG']) retrieved from /opt/airflow/dags/ingest_local_folder_dag.py
[2026-02-12T17:05:15.124+0000] {logging_mixin.py:151} INFO - [2026-02-12T17:05:15.124+0000] {dag.py:2915} INFO - Sync 1 DAGs
[2026-02-12T17:05:15.193+0000] {logging_mixin.py:151} INFO - [2026-02-12T17:05:15.193+0000] {dag.py:3696} INFO - Setting next_dagrun for ingestionDAG to 2026-02-12T17:04:45.192691+00:00, run_after=2026-02-12T17:05:15.192691+00:00
[2026-02-12T17:05:15.242+0000] {processor.py:179} INFO - Processing /opt/airflow/dags/ingest_local_folder_dag.py took 0.863 seconds
[2026-02-12T17:05:45.687+0000] {processor.py:157} INFO - Started process (PID=1061) to work on /opt/airflow/dags/ingest_local_folder_dag.py
[2026-02-12T17:05:45.690+0000] {processor.py:829} INFO - Processing file /opt/airflow/dags/ingest_local_folder_dag.py for tasks to queue
[2026-02-12T17:05:45.692+0000] {logging_mixin.py:151} INFO - [2026-02-12T17:05:45.691+0000] {dagbag.py:539} INFO - Filling up the DagBag from /opt/airflow/dags/ingest_local_folder_dag.py
[2026-02-12T17:05:46.342+0000] {processor.py:839} INFO - DAG(s) dict_keys(['ingestionDAG']) retrieved from /opt/airflow/dags/ingest_local_folder_dag.py
[2026-02-12T17:05:46.444+0000] {logging_mixin.py:151} INFO - [2026-02-12T17:05:46.444+0000] {dag.py:2915} INFO - Sync 1 DAGs
[2026-02-12T17:05:46.514+0000] {logging_mixin.py:151} INFO - [2026-02-12T17:05:46.513+0000] {dag.py:3696} INFO - Setting next_dagrun for ingestionDAG to 2026-02-12T17:05:16.513227+00:00, run_after=2026-02-12T17:05:46.513227+00:00
[2026-02-12T17:05:46.567+0000] {processor.py:179} INFO - Processing /opt/airflow/dags/ingest_local_folder_dag.py took 0.891 seconds
[2026-02-12T17:06:17.020+0000] {processor.py:157} INFO - Started process (PID=1074) to work on /opt/airflow/dags/ingest_local_folder_dag.py
[2026-02-12T17:06:17.023+0000] {processor.py:829} INFO - Processing file /opt/airflow/dags/ingest_local_folder_dag.py for tasks to queue
[2026-02-12T17:06:17.025+0000] {logging_mixin.py:151} INFO - [2026-02-12T17:06:17.024+0000] {dagbag.py:539} INFO - Filling up the DagBag from /opt/airflow/dags/ingest_local_folder_dag.py
[2026-02-12T17:06:17.753+0000] {processor.py:839} INFO - DAG(s) dict_keys(['ingestionDAG']) retrieved from /opt/airflow/dags/ingest_local_folder_dag.py
[2026-02-12T17:06:17.893+0000] {logging_mixin.py:151} INFO - [2026-02-12T17:06:17.892+0000] {dag.py:2915} INFO - Sync 1 DAGs
[2026-02-12T17:06:17.971+0000] {logging_mixin.py:151} INFO - [2026-02-12T17:06:17.970+0000] {dag.py:3696} INFO - Setting next_dagrun for ingestionDAG to 2026-02-12T17:05:47.970166+00:00, run_after=2026-02-12T17:06:17.970166+00:00
[2026-02-12T17:06:18.030+0000] {processor.py:179} INFO - Processing /opt/airflow/dags/ingest_local_folder_dag.py took 1.022 seconds
[2026-02-12T17:06:48.362+0000] {processor.py:157} INFO - Started process (PID=1087) to work on /opt/airflow/dags/ingest_local_folder_dag.py
[2026-02-12T17:06:48.365+0000] {processor.py:829} INFO - Processing file /opt/airflow/dags/ingest_local_folder_dag.py for tasks to queue
[2026-02-12T17:06:48.367+0000] {logging_mixin.py:151} INFO - [2026-02-12T17:06:48.366+0000] {dagbag.py:539} INFO - Filling up the DagBag from /opt/airflow/dags/ingest_local_folder_dag.py
[2026-02-12T17:06:48.964+0000] {processor.py:839} INFO - DAG(s) dict_keys(['ingestionDAG']) retrieved from /opt/airflow/dags/ingest_local_folder_dag.py
[2026-02-12T17:06:49.072+0000] {logging_mixin.py:151} INFO - [2026-02-12T17:06:49.071+0000] {dag.py:2915} INFO - Sync 1 DAGs
[2026-02-12T17:06:49.144+0000] {logging_mixin.py:151} INFO - [2026-02-12T17:06:49.143+0000] {dag.py:3696} INFO - Setting next_dagrun for ingestionDAG to 2026-02-12T17:06:19.141407+00:00, run_after=2026-02-12T17:06:49.141407+00:00
[2026-02-12T17:06:49.193+0000] {processor.py:179} INFO - Processing /opt/airflow/dags/ingest_local_folder_dag.py took 0.844 seconds
[2026-02-12T17:07:19.685+0000] {processor.py:157} INFO - Started process (PID=1100) to work on /opt/airflow/dags/ingest_local_folder_dag.py
[2026-02-12T17:07:19.687+0000] {processor.py:829} INFO - Processing file /opt/airflow/dags/ingest_local_folder_dag.py for tasks to queue
[2026-02-12T17:07:19.689+0000] {logging_mixin.py:151} INFO - [2026-02-12T17:07:19.688+0000] {dagbag.py:539} INFO - Filling up the DagBag from /opt/airflow/dags/ingest_local_folder_dag.py
[2026-02-12T17:07:20.382+0000] {processor.py:839} INFO - DAG(s) dict_keys(['ingestionDAG']) retrieved from /opt/airflow/dags/ingest_local_folder_dag.py
[2026-02-12T17:07:20.514+0000] {logging_mixin.py:151} INFO - [2026-02-12T17:07:20.514+0000] {dag.py:2915} INFO - Sync 1 DAGs
[2026-02-12T17:07:20.596+0000] {logging_mixin.py:151} INFO - [2026-02-12T17:07:20.595+0000] {dag.py:3696} INFO - Setting next_dagrun for ingestionDAG to 2026-02-12T17:06:50.594814+00:00, run_after=2026-02-12T17:07:20.594814+00:00
[2026-02-12T17:07:20.652+0000] {processor.py:179} INFO - Processing /opt/airflow/dags/ingest_local_folder_dag.py took 0.978 seconds
[2026-02-12T17:07:51.048+0000] {processor.py:157} INFO - Started process (PID=1113) to work on /opt/airflow/dags/ingest_local_folder_dag.py
[2026-02-12T17:07:51.051+0000] {processor.py:829} INFO - Processing file /opt/airflow/dags/ingest_local_folder_dag.py for tasks to queue
[2026-02-12T17:07:51.053+0000] {logging_mixin.py:151} INFO - [2026-02-12T17:07:51.052+0000] {dagbag.py:539} INFO - Filling up the DagBag from /opt/airflow/dags/ingest_local_folder_dag.py
[2026-02-12T17:07:51.653+0000] {processor.py:839} INFO - DAG(s) dict_keys(['ingestionDAG']) retrieved from /opt/airflow/dags/ingest_local_folder_dag.py
[2026-02-12T17:07:51.763+0000] {logging_mixin.py:151} INFO - [2026-02-12T17:07:51.763+0000] {dag.py:2915} INFO - Sync 1 DAGs
[2026-02-12T17:07:51.829+0000] {logging_mixin.py:151} INFO - [2026-02-12T17:07:51.829+0000] {dag.py:3696} INFO - Setting next_dagrun for ingestionDAG to 2026-02-12T17:07:21.828697+00:00, run_after=2026-02-12T17:07:51.828697+00:00
[2026-02-12T17:07:51.895+0000] {processor.py:179} INFO - Processing /opt/airflow/dags/ingest_local_folder_dag.py took 0.859 seconds
[2026-02-12T17:08:22.486+0000] {processor.py:157} INFO - Started process (PID=1126) to work on /opt/airflow/dags/ingest_local_folder_dag.py
[2026-02-12T17:08:22.491+0000] {processor.py:829} INFO - Processing file /opt/airflow/dags/ingest_local_folder_dag.py for tasks to queue
[2026-02-12T17:08:22.494+0000] {logging_mixin.py:151} INFO - [2026-02-12T17:08:22.493+0000] {dagbag.py:539} INFO - Filling up the DagBag from /opt/airflow/dags/ingest_local_folder_dag.py
[2026-02-12T17:08:23.139+0000] {processor.py:839} INFO - DAG(s) dict_keys(['ingestionDAG']) retrieved from /opt/airflow/dags/ingest_local_folder_dag.py
[2026-02-12T17:08:23.232+0000] {logging_mixin.py:151} INFO - [2026-02-12T17:08:23.232+0000] {dag.py:2915} INFO - Sync 1 DAGs
[2026-02-12T17:08:23.317+0000] {logging_mixin.py:151} INFO - [2026-02-12T17:08:23.316+0000] {dag.py:3696} INFO - Setting next_dagrun for ingestionDAG to 2026-02-12T17:07:53.316264+00:00, run_after=2026-02-12T17:08:23.316264+00:00
[2026-02-12T17:08:23.371+0000] {processor.py:179} INFO - Processing /opt/airflow/dags/ingest_local_folder_dag.py took 0.899 seconds
[2026-02-12T17:08:54.060+0000] {processor.py:157} INFO - Started process (PID=1139) to work on /opt/airflow/dags/ingest_local_folder_dag.py
[2026-02-12T17:08:54.062+0000] {processor.py:829} INFO - Processing file /opt/airflow/dags/ingest_local_folder_dag.py for tasks to queue
[2026-02-12T17:08:54.065+0000] {logging_mixin.py:151} INFO - [2026-02-12T17:08:54.064+0000] {dagbag.py:539} INFO - Filling up the DagBag from /opt/airflow/dags/ingest_local_folder_dag.py
[2026-02-12T17:08:54.726+0000] {processor.py:839} INFO - DAG(s) dict_keys(['ingestionDAG']) retrieved from /opt/airflow/dags/ingest_local_folder_dag.py
[2026-02-12T17:08:54.825+0000] {logging_mixin.py:151} INFO - [2026-02-12T17:08:54.824+0000] {dag.py:2915} INFO - Sync 1 DAGs
[2026-02-12T17:08:54.889+0000] {logging_mixin.py:151} INFO - [2026-02-12T17:08:54.889+0000] {dag.py:3696} INFO - Setting next_dagrun for ingestionDAG to 2026-02-12T17:08:24.888444+00:00, run_after=2026-02-12T17:08:54.888444+00:00
[2026-02-12T17:08:54.936+0000] {processor.py:179} INFO - Processing /opt/airflow/dags/ingest_local_folder_dag.py took 0.889 seconds
[2026-02-12T17:09:25.580+0000] {processor.py:157} INFO - Started process (PID=1152) to work on /opt/airflow/dags/ingest_local_folder_dag.py
[2026-02-12T17:09:25.582+0000] {processor.py:829} INFO - Processing file /opt/airflow/dags/ingest_local_folder_dag.py for tasks to queue
[2026-02-12T17:09:25.585+0000] {logging_mixin.py:151} INFO - [2026-02-12T17:09:25.583+0000] {dagbag.py:539} INFO - Filling up the DagBag from /opt/airflow/dags/ingest_local_folder_dag.py
[2026-02-12T17:09:26.316+0000] {processor.py:839} INFO - DAG(s) dict_keys(['ingestionDAG']) retrieved from /opt/airflow/dags/ingest_local_folder_dag.py
[2026-02-12T17:09:26.413+0000] {logging_mixin.py:151} INFO - [2026-02-12T17:09:26.412+0000] {dag.py:2915} INFO - Sync 1 DAGs
[2026-02-12T17:09:26.480+0000] {logging_mixin.py:151} INFO - [2026-02-12T17:09:26.479+0000] {dag.py:3696} INFO - Setting next_dagrun for ingestionDAG to 2026-02-12T17:08:56.479103+00:00, run_after=2026-02-12T17:09:26.479103+00:00
[2026-02-12T17:09:26.548+0000] {processor.py:179} INFO - Processing /opt/airflow/dags/ingest_local_folder_dag.py took 0.979 seconds
[2026-02-12T17:09:56.893+0000] {processor.py:157} INFO - Started process (PID=1165) to work on /opt/airflow/dags/ingest_local_folder_dag.py
[2026-02-12T17:09:56.896+0000] {processor.py:829} INFO - Processing file /opt/airflow/dags/ingest_local_folder_dag.py for tasks to queue
[2026-02-12T17:09:56.898+0000] {logging_mixin.py:151} INFO - [2026-02-12T17:09:56.897+0000] {dagbag.py:539} INFO - Filling up the DagBag from /opt/airflow/dags/ingest_local_folder_dag.py
[2026-02-12T17:09:57.584+0000] {processor.py:839} INFO - DAG(s) dict_keys(['ingestionDAG']) retrieved from /opt/airflow/dags/ingest_local_folder_dag.py
[2026-02-12T17:09:57.691+0000] {logging_mixin.py:151} INFO - [2026-02-12T17:09:57.691+0000] {dag.py:2915} INFO - Sync 1 DAGs
[2026-02-12T17:09:57.757+0000] {logging_mixin.py:151} INFO - [2026-02-12T17:09:57.757+0000] {dag.py:3696} INFO - Setting next_dagrun for ingestionDAG to 2026-02-12T17:09:27.756912+00:00, run_after=2026-02-12T17:09:57.756912+00:00
[2026-02-12T17:09:57.841+0000] {processor.py:179} INFO - Processing /opt/airflow/dags/ingest_local_folder_dag.py took 0.961 seconds
[2026-02-12T17:10:28.166+0000] {processor.py:157} INFO - Started process (PID=1178) to work on /opt/airflow/dags/ingest_local_folder_dag.py
[2026-02-12T17:10:28.169+0000] {processor.py:829} INFO - Processing file /opt/airflow/dags/ingest_local_folder_dag.py for tasks to queue
[2026-02-12T17:10:28.171+0000] {logging_mixin.py:151} INFO - [2026-02-12T17:10:28.170+0000] {dagbag.py:539} INFO - Filling up the DagBag from /opt/airflow/dags/ingest_local_folder_dag.py
[2026-02-12T17:10:28.805+0000] {processor.py:839} INFO - DAG(s) dict_keys(['ingestionDAG']) retrieved from /opt/airflow/dags/ingest_local_folder_dag.py
[2026-02-12T17:10:28.905+0000] {logging_mixin.py:151} INFO - [2026-02-12T17:10:28.904+0000] {dag.py:2915} INFO - Sync 1 DAGs
[2026-02-12T17:10:28.977+0000] {logging_mixin.py:151} INFO - [2026-02-12T17:10:28.976+0000] {dag.py:3696} INFO - Setting next_dagrun for ingestionDAG to 2026-02-12T17:09:58.975714+00:00, run_after=2026-02-12T17:10:28.975714+00:00
[2026-02-12T17:10:29.025+0000] {processor.py:179} INFO - Processing /opt/airflow/dags/ingest_local_folder_dag.py took 0.870 seconds
[2026-02-12T17:10:59.576+0000] {processor.py:157} INFO - Started process (PID=1191) to work on /opt/airflow/dags/ingest_local_folder_dag.py
[2026-02-12T17:10:59.581+0000] {processor.py:829} INFO - Processing file /opt/airflow/dags/ingest_local_folder_dag.py for tasks to queue
[2026-02-12T17:10:59.587+0000] {logging_mixin.py:151} INFO - [2026-02-12T17:10:59.586+0000] {dagbag.py:539} INFO - Filling up the DagBag from /opt/airflow/dags/ingest_local_folder_dag.py
[2026-02-12T17:11:00.229+0000] {processor.py:839} INFO - DAG(s) dict_keys(['ingestionDAG']) retrieved from /opt/airflow/dags/ingest_local_folder_dag.py
[2026-02-12T17:11:00.348+0000] {logging_mixin.py:151} INFO - [2026-02-12T17:11:00.348+0000] {dag.py:2915} INFO - Sync 1 DAGs
[2026-02-12T17:11:00.412+0000] {logging_mixin.py:151} INFO - [2026-02-12T17:11:00.411+0000] {dag.py:3696} INFO - Setting next_dagrun for ingestionDAG to 2026-02-12T17:10:30.411057+00:00, run_after=2026-02-12T17:11:00.411057+00:00
[2026-02-12T17:11:00.468+0000] {processor.py:179} INFO - Processing /opt/airflow/dags/ingest_local_folder_dag.py took 0.916 seconds
[2026-02-12T17:11:30.832+0000] {processor.py:157} INFO - Started process (PID=1204) to work on /opt/airflow/dags/ingest_local_folder_dag.py
[2026-02-12T17:11:30.834+0000] {processor.py:829} INFO - Processing file /opt/airflow/dags/ingest_local_folder_dag.py for tasks to queue
[2026-02-12T17:11:30.837+0000] {logging_mixin.py:151} INFO - [2026-02-12T17:11:30.836+0000] {dagbag.py:539} INFO - Filling up the DagBag from /opt/airflow/dags/ingest_local_folder_dag.py
[2026-02-12T17:11:31.475+0000] {processor.py:839} INFO - DAG(s) dict_keys(['ingestionDAG']) retrieved from /opt/airflow/dags/ingest_local_folder_dag.py
[2026-02-12T17:11:31.614+0000] {logging_mixin.py:151} INFO - [2026-02-12T17:11:31.613+0000] {dag.py:2915} INFO - Sync 1 DAGs
[2026-02-12T17:11:31.697+0000] {logging_mixin.py:151} INFO - [2026-02-12T17:11:31.696+0000] {dag.py:3696} INFO - Setting next_dagrun for ingestionDAG to 2026-02-12T17:11:01.695832+00:00, run_after=2026-02-12T17:11:31.695832+00:00
[2026-02-12T17:11:31.765+0000] {processor.py:179} INFO - Processing /opt/airflow/dags/ingest_local_folder_dag.py took 0.944 seconds
[2026-02-12T17:12:02.236+0000] {processor.py:157} INFO - Started process (PID=1217) to work on /opt/airflow/dags/ingest_local_folder_dag.py
[2026-02-12T17:12:02.239+0000] {processor.py:829} INFO - Processing file /opt/airflow/dags/ingest_local_folder_dag.py for tasks to queue
[2026-02-12T17:12:02.241+0000] {logging_mixin.py:151} INFO - [2026-02-12T17:12:02.240+0000] {dagbag.py:539} INFO - Filling up the DagBag from /opt/airflow/dags/ingest_local_folder_dag.py
[2026-02-12T17:12:02.945+0000] {processor.py:839} INFO - DAG(s) dict_keys(['ingestionDAG']) retrieved from /opt/airflow/dags/ingest_local_folder_dag.py
[2026-02-12T17:12:03.082+0000] {logging_mixin.py:151} INFO - [2026-02-12T17:12:03.081+0000] {dag.py:2915} INFO - Sync 1 DAGs
[2026-02-12T17:12:03.185+0000] {logging_mixin.py:151} INFO - [2026-02-12T17:12:03.184+0000] {dag.py:3696} INFO - Setting next_dagrun for ingestionDAG to 2026-02-12T17:11:33.182906+00:00, run_after=2026-02-12T17:12:03.182906+00:00
[2026-02-12T17:12:03.264+0000] {processor.py:179} INFO - Processing /opt/airflow/dags/ingest_local_folder_dag.py took 1.041 seconds
[2026-02-12T17:12:33.627+0000] {processor.py:157} INFO - Started process (PID=1230) to work on /opt/airflow/dags/ingest_local_folder_dag.py
[2026-02-12T17:12:33.630+0000] {processor.py:829} INFO - Processing file /opt/airflow/dags/ingest_local_folder_dag.py for tasks to queue
[2026-02-12T17:12:33.634+0000] {logging_mixin.py:151} INFO - [2026-02-12T17:12:33.633+0000] {dagbag.py:539} INFO - Filling up the DagBag from /opt/airflow/dags/ingest_local_folder_dag.py
[2026-02-12T17:12:34.356+0000] {processor.py:839} INFO - DAG(s) dict_keys(['ingestionDAG']) retrieved from /opt/airflow/dags/ingest_local_folder_dag.py
[2026-02-12T17:12:34.520+0000] {logging_mixin.py:151} INFO - [2026-02-12T17:12:34.520+0000] {dag.py:2915} INFO - Sync 1 DAGs
[2026-02-12T17:12:34.619+0000] {logging_mixin.py:151} INFO - [2026-02-12T17:12:34.619+0000] {dag.py:3696} INFO - Setting next_dagrun for ingestionDAG to 2026-02-12T17:12:04.618489+00:00, run_after=2026-02-12T17:12:34.618489+00:00
[2026-02-12T17:12:34.688+0000] {processor.py:179} INFO - Processing /opt/airflow/dags/ingest_local_folder_dag.py took 1.074 seconds
[2026-02-12T17:13:04.981+0000] {processor.py:157} INFO - Started process (PID=1243) to work on /opt/airflow/dags/ingest_local_folder_dag.py
[2026-02-12T17:13:04.983+0000] {processor.py:829} INFO - Processing file /opt/airflow/dags/ingest_local_folder_dag.py for tasks to queue
[2026-02-12T17:13:04.985+0000] {logging_mixin.py:151} INFO - [2026-02-12T17:13:04.984+0000] {dagbag.py:539} INFO - Filling up the DagBag from /opt/airflow/dags/ingest_local_folder_dag.py
[2026-02-12T17:13:05.589+0000] {processor.py:839} INFO - DAG(s) dict_keys(['ingestionDAG']) retrieved from /opt/airflow/dags/ingest_local_folder_dag.py
[2026-02-12T17:13:05.696+0000] {logging_mixin.py:151} INFO - [2026-02-12T17:13:05.696+0000] {dag.py:2915} INFO - Sync 1 DAGs
[2026-02-12T17:13:05.779+0000] {logging_mixin.py:151} INFO - [2026-02-12T17:13:05.778+0000] {dag.py:3696} INFO - Setting next_dagrun for ingestionDAG to 2026-02-12T17:12:35.777931+00:00, run_after=2026-02-12T17:13:05.777931+00:00
[2026-02-12T17:13:05.836+0000] {processor.py:179} INFO - Processing /opt/airflow/dags/ingest_local_folder_dag.py took 0.867 seconds
[2026-02-12T17:14:14.903+0000] {processor.py:157} INFO - Started process (PID=168) to work on /opt/airflow/dags/ingest_local_folder_dag.py
[2026-02-12T17:14:14.907+0000] {processor.py:829} INFO - Processing file /opt/airflow/dags/ingest_local_folder_dag.py for tasks to queue
[2026-02-12T17:14:14.912+0000] {logging_mixin.py:151} INFO - [2026-02-12T17:14:14.910+0000] {dagbag.py:539} INFO - Filling up the DagBag from /opt/airflow/dags/ingest_local_folder_dag.py
[2026-02-12T17:14:16.447+0000] {processor.py:839} INFO - DAG(s) dict_keys(['ingestionDAG']) retrieved from /opt/airflow/dags/ingest_local_folder_dag.py
[2026-02-12T17:14:16.829+0000] {logging_mixin.py:151} INFO - [2026-02-12T17:14:16.829+0000] {dag.py:2915} INFO - Sync 1 DAGs
[2026-02-12T17:14:17.023+0000] {logging_mixin.py:151} INFO - [2026-02-12T17:14:17.021+0000] {dag.py:3696} INFO - Setting next_dagrun for ingestionDAG to 2026-02-12T17:13:47.020638+00:00, run_after=2026-02-12T17:14:17.020638+00:00
[2026-02-12T17:14:17.156+0000] {processor.py:179} INFO - Processing /opt/airflow/dags/ingest_local_folder_dag.py took 2.269 seconds
[2026-02-12T17:14:47.592+0000] {processor.py:157} INFO - Started process (PID=188) to work on /opt/airflow/dags/ingest_local_folder_dag.py
[2026-02-12T17:14:47.597+0000] {processor.py:829} INFO - Processing file /opt/airflow/dags/ingest_local_folder_dag.py for tasks to queue
[2026-02-12T17:14:47.601+0000] {logging_mixin.py:151} INFO - [2026-02-12T17:14:47.599+0000] {dagbag.py:539} INFO - Filling up the DagBag from /opt/airflow/dags/ingest_local_folder_dag.py
[2026-02-12T17:14:48.567+0000] {processor.py:839} INFO - DAG(s) dict_keys(['ingestionDAG']) retrieved from /opt/airflow/dags/ingest_local_folder_dag.py
[2026-02-12T17:14:48.659+0000] {logging_mixin.py:151} INFO - [2026-02-12T17:14:48.658+0000] {dag.py:2915} INFO - Sync 1 DAGs
[2026-02-12T17:14:48.784+0000] {logging_mixin.py:151} INFO - [2026-02-12T17:14:48.784+0000] {dag.py:3696} INFO - Setting next_dagrun for ingestionDAG to 2026-02-12T17:14:18.781833+00:00, run_after=2026-02-12T17:14:48.781833+00:00
[2026-02-12T17:14:48.851+0000] {processor.py:179} INFO - Processing /opt/airflow/dags/ingest_local_folder_dag.py took 1.283 seconds
[2026-02-12T17:15:18.993+0000] {processor.py:157} INFO - Started process (PID=205) to work on /opt/airflow/dags/ingest_local_folder_dag.py
[2026-02-12T17:15:18.998+0000] {processor.py:829} INFO - Processing file /opt/airflow/dags/ingest_local_folder_dag.py for tasks to queue
[2026-02-12T17:15:19.001+0000] {logging_mixin.py:151} INFO - [2026-02-12T17:15:18.999+0000] {dagbag.py:539} INFO - Filling up the DagBag from /opt/airflow/dags/ingest_local_folder_dag.py
[2026-02-12T17:15:19.661+0000] {processor.py:839} INFO - DAG(s) dict_keys(['ingestionDAG']) retrieved from /opt/airflow/dags/ingest_local_folder_dag.py
[2026-02-12T17:15:19.870+0000] {logging_mixin.py:151} INFO - [2026-02-12T17:15:19.869+0000] {dag.py:2915} INFO - Sync 1 DAGs
[2026-02-12T17:15:20.002+0000] {logging_mixin.py:151} INFO - [2026-02-12T17:15:20.002+0000] {dag.py:3696} INFO - Setting next_dagrun for ingestionDAG to 2026-02-12T17:14:50.001334+00:00, run_after=2026-02-12T17:15:20.001334+00:00
[2026-02-12T17:15:20.656+0000] {processor.py:179} INFO - Processing /opt/airflow/dags/ingest_local_folder_dag.py took 1.676 seconds
[2026-02-12T17:15:51.097+0000] {processor.py:157} INFO - Started process (PID=225) to work on /opt/airflow/dags/ingest_local_folder_dag.py
[2026-02-12T17:15:51.100+0000] {processor.py:829} INFO - Processing file /opt/airflow/dags/ingest_local_folder_dag.py for tasks to queue
[2026-02-12T17:15:51.104+0000] {logging_mixin.py:151} INFO - [2026-02-12T17:15:51.103+0000] {dagbag.py:539} INFO - Filling up the DagBag from /opt/airflow/dags/ingest_local_folder_dag.py
[2026-02-12T17:15:51.809+0000] {processor.py:839} INFO - DAG(s) dict_keys(['ingestionDAG']) retrieved from /opt/airflow/dags/ingest_local_folder_dag.py
[2026-02-12T17:15:51.924+0000] {logging_mixin.py:151} INFO - [2026-02-12T17:15:51.924+0000] {dag.py:2915} INFO - Sync 1 DAGs
[2026-02-12T17:15:52.451+0000] {logging_mixin.py:151} INFO - [2026-02-12T17:15:52.450+0000] {dag.py:3696} INFO - Setting next_dagrun for ingestionDAG to 2026-02-12T17:15:22.450110+00:00, run_after=2026-02-12T17:15:52.450110+00:00
[2026-02-12T17:15:52.527+0000] {processor.py:179} INFO - Processing /opt/airflow/dags/ingest_local_folder_dag.py took 1.445 seconds
[2026-02-12T17:16:22.888+0000] {processor.py:157} INFO - Started process (PID=238) to work on /opt/airflow/dags/ingest_local_folder_dag.py
[2026-02-12T17:16:22.890+0000] {processor.py:829} INFO - Processing file /opt/airflow/dags/ingest_local_folder_dag.py for tasks to queue
[2026-02-12T17:16:22.893+0000] {logging_mixin.py:151} INFO - [2026-02-12T17:16:22.892+0000] {dagbag.py:539} INFO - Filling up the DagBag from /opt/airflow/dags/ingest_local_folder_dag.py
[2026-02-12T17:16:23.494+0000] {processor.py:839} INFO - DAG(s) dict_keys(['ingestionDAG']) retrieved from /opt/airflow/dags/ingest_local_folder_dag.py
[2026-02-12T17:16:23.946+0000] {logging_mixin.py:151} INFO - [2026-02-12T17:16:23.945+0000] {dag.py:2915} INFO - Sync 1 DAGs
[2026-02-12T17:16:24.012+0000] {logging_mixin.py:151} INFO - [2026-02-12T17:16:24.012+0000] {dag.py:3696} INFO - Setting next_dagrun for ingestionDAG to 2026-02-12T17:15:54.011884+00:00, run_after=2026-02-12T17:16:24.011884+00:00
[2026-02-12T17:16:24.069+0000] {processor.py:179} INFO - Processing /opt/airflow/dags/ingest_local_folder_dag.py took 1.192 seconds
[2026-02-12T17:16:54.417+0000] {processor.py:157} INFO - Started process (PID=252) to work on /opt/airflow/dags/ingest_local_folder_dag.py
[2026-02-12T17:16:54.420+0000] {processor.py:829} INFO - Processing file /opt/airflow/dags/ingest_local_folder_dag.py for tasks to queue
[2026-02-12T17:16:54.425+0000] {logging_mixin.py:151} INFO - [2026-02-12T17:16:54.424+0000] {dagbag.py:539} INFO - Filling up the DagBag from /opt/airflow/dags/ingest_local_folder_dag.py
[2026-02-12T17:16:55.428+0000] {processor.py:839} INFO - DAG(s) dict_keys(['ingestionDAG']) retrieved from /opt/airflow/dags/ingest_local_folder_dag.py
[2026-02-12T17:16:55.513+0000] {logging_mixin.py:151} INFO - [2026-02-12T17:16:55.513+0000] {dag.py:2915} INFO - Sync 1 DAGs
[2026-02-12T17:16:55.572+0000] {logging_mixin.py:151} INFO - [2026-02-12T17:16:55.572+0000] {dag.py:3696} INFO - Setting next_dagrun for ingestionDAG to 2026-02-12T17:16:25.571617+00:00, run_after=2026-02-12T17:16:55.571617+00:00
[2026-02-12T17:16:55.618+0000] {processor.py:179} INFO - Processing /opt/airflow/dags/ingest_local_folder_dag.py took 1.211 seconds
[2026-02-12T17:17:25.959+0000] {processor.py:157} INFO - Started process (PID=265) to work on /opt/airflow/dags/ingest_local_folder_dag.py
[2026-02-12T17:17:25.961+0000] {processor.py:829} INFO - Processing file /opt/airflow/dags/ingest_local_folder_dag.py for tasks to queue
[2026-02-12T17:17:25.964+0000] {logging_mixin.py:151} INFO - [2026-02-12T17:17:25.962+0000] {dagbag.py:539} INFO - Filling up the DagBag from /opt/airflow/dags/ingest_local_folder_dag.py
[2026-02-12T17:17:26.949+0000] {processor.py:839} INFO - DAG(s) dict_keys(['ingestionDAG']) retrieved from /opt/airflow/dags/ingest_local_folder_dag.py
[2026-02-12T17:17:27.033+0000] {logging_mixin.py:151} INFO - [2026-02-12T17:17:27.032+0000] {dag.py:2915} INFO - Sync 1 DAGs
[2026-02-12T17:17:27.091+0000] {logging_mixin.py:151} INFO - [2026-02-12T17:17:27.090+0000] {dag.py:3696} INFO - Setting next_dagrun for ingestionDAG to 2026-02-12T17:16:57.090126+00:00, run_after=2026-02-12T17:17:27.090126+00:00
[2026-02-12T17:17:27.157+0000] {processor.py:179} INFO - Processing /opt/airflow/dags/ingest_local_folder_dag.py took 1.211 seconds
[2026-02-12T17:17:57.527+0000] {processor.py:157} INFO - Started process (PID=278) to work on /opt/airflow/dags/ingest_local_folder_dag.py
[2026-02-12T17:17:57.531+0000] {processor.py:829} INFO - Processing file /opt/airflow/dags/ingest_local_folder_dag.py for tasks to queue
[2026-02-12T17:17:57.533+0000] {logging_mixin.py:151} INFO - [2026-02-12T17:17:57.532+0000] {dagbag.py:539} INFO - Filling up the DagBag from /opt/airflow/dags/ingest_local_folder_dag.py
[2026-02-12T17:17:58.471+0000] {processor.py:839} INFO - DAG(s) dict_keys(['ingestionDAG']) retrieved from /opt/airflow/dags/ingest_local_folder_dag.py
[2026-02-12T17:17:58.562+0000] {logging_mixin.py:151} INFO - [2026-02-12T17:17:58.562+0000] {dag.py:2915} INFO - Sync 1 DAGs
[2026-02-12T17:17:58.631+0000] {logging_mixin.py:151} INFO - [2026-02-12T17:17:58.630+0000] {dag.py:3696} INFO - Setting next_dagrun for ingestionDAG to 2026-02-12T17:17:28.630394+00:00, run_after=2026-02-12T17:17:58.630394+00:00
[2026-02-12T17:17:58.679+0000] {processor.py:179} INFO - Processing /opt/airflow/dags/ingest_local_folder_dag.py took 1.166 seconds
[2026-02-12T17:18:29.083+0000] {processor.py:157} INFO - Started process (PID=291) to work on /opt/airflow/dags/ingest_local_folder_dag.py
[2026-02-12T17:18:29.089+0000] {processor.py:829} INFO - Processing file /opt/airflow/dags/ingest_local_folder_dag.py for tasks to queue
[2026-02-12T17:18:29.094+0000] {logging_mixin.py:151} INFO - [2026-02-12T17:18:29.090+0000] {dagbag.py:539} INFO - Filling up the DagBag from /opt/airflow/dags/ingest_local_folder_dag.py
[2026-02-12T17:18:30.089+0000] {processor.py:839} INFO - DAG(s) dict_keys(['ingestionDAG']) retrieved from /opt/airflow/dags/ingest_local_folder_dag.py
[2026-02-12T17:18:30.178+0000] {logging_mixin.py:151} INFO - [2026-02-12T17:18:30.178+0000] {dag.py:2915} INFO - Sync 1 DAGs
[2026-02-12T17:18:30.251+0000] {logging_mixin.py:151} INFO - [2026-02-12T17:18:30.251+0000] {dag.py:3696} INFO - Setting next_dagrun for ingestionDAG to 2026-02-12T17:18:00.250662+00:00, run_after=2026-02-12T17:18:30.250662+00:00
[2026-02-12T17:18:30.302+0000] {processor.py:179} INFO - Processing /opt/airflow/dags/ingest_local_folder_dag.py took 1.237 seconds
[2026-02-12T17:19:00.628+0000] {processor.py:157} INFO - Started process (PID=304) to work on /opt/airflow/dags/ingest_local_folder_dag.py
[2026-02-12T17:19:00.631+0000] {processor.py:829} INFO - Processing file /opt/airflow/dags/ingest_local_folder_dag.py for tasks to queue
[2026-02-12T17:19:00.634+0000] {logging_mixin.py:151} INFO - [2026-02-12T17:19:00.633+0000] {dagbag.py:539} INFO - Filling up the DagBag from /opt/airflow/dags/ingest_local_folder_dag.py
[2026-02-12T17:19:01.345+0000] {processor.py:839} INFO - DAG(s) dict_keys(['ingestionDAG']) retrieved from /opt/airflow/dags/ingest_local_folder_dag.py
[2026-02-12T17:19:01.809+0000] {logging_mixin.py:151} INFO - [2026-02-12T17:19:01.809+0000] {dag.py:2915} INFO - Sync 1 DAGs
[2026-02-12T17:19:01.871+0000] {logging_mixin.py:151} INFO - [2026-02-12T17:19:01.871+0000] {dag.py:3696} INFO - Setting next_dagrun for ingestionDAG to 2026-02-12T17:18:31.870584+00:00, run_after=2026-02-12T17:19:01.870584+00:00
[2026-02-12T17:19:01.916+0000] {processor.py:179} INFO - Processing /opt/airflow/dags/ingest_local_folder_dag.py took 1.303 seconds
[2026-02-12T17:19:32.251+0000] {processor.py:157} INFO - Started process (PID=317) to work on /opt/airflow/dags/ingest_local_folder_dag.py
[2026-02-12T17:19:32.255+0000] {processor.py:829} INFO - Processing file /opt/airflow/dags/ingest_local_folder_dag.py for tasks to queue
[2026-02-12T17:19:32.258+0000] {logging_mixin.py:151} INFO - [2026-02-12T17:19:32.256+0000] {dagbag.py:539} INFO - Filling up the DagBag from /opt/airflow/dags/ingest_local_folder_dag.py
[2026-02-12T17:19:33.221+0000] {processor.py:839} INFO - DAG(s) dict_keys(['ingestionDAG']) retrieved from /opt/airflow/dags/ingest_local_folder_dag.py
[2026-02-12T17:19:33.324+0000] {logging_mixin.py:151} INFO - [2026-02-12T17:19:33.324+0000] {dag.py:2915} INFO - Sync 1 DAGs
[2026-02-12T17:19:33.398+0000] {logging_mixin.py:151} INFO - [2026-02-12T17:19:33.397+0000] {dag.py:3696} INFO - Setting next_dagrun for ingestionDAG to 2026-02-12T17:19:03.396875+00:00, run_after=2026-02-12T17:19:33.396875+00:00
[2026-02-12T17:19:33.476+0000] {processor.py:179} INFO - Processing /opt/airflow/dags/ingest_local_folder_dag.py took 1.239 seconds
[2026-02-12T17:20:03.840+0000] {processor.py:157} INFO - Started process (PID=330) to work on /opt/airflow/dags/ingest_local_folder_dag.py
[2026-02-12T17:20:03.843+0000] {processor.py:829} INFO - Processing file /opt/airflow/dags/ingest_local_folder_dag.py for tasks to queue
[2026-02-12T17:20:03.846+0000] {logging_mixin.py:151} INFO - [2026-02-12T17:20:03.844+0000] {dagbag.py:539} INFO - Filling up the DagBag from /opt/airflow/dags/ingest_local_folder_dag.py
[2026-02-12T17:20:04.884+0000] {processor.py:839} INFO - DAG(s) dict_keys(['ingestionDAG']) retrieved from /opt/airflow/dags/ingest_local_folder_dag.py
[2026-02-12T17:20:04.970+0000] {logging_mixin.py:151} INFO - [2026-02-12T17:20:04.969+0000] {dag.py:2915} INFO - Sync 1 DAGs
[2026-02-12T17:20:05.029+0000] {logging_mixin.py:151} INFO - [2026-02-12T17:20:05.029+0000] {dag.py:3696} INFO - Setting next_dagrun for ingestionDAG to 2026-02-12T17:19:35.028688+00:00, run_after=2026-02-12T17:20:05.028688+00:00
[2026-02-12T17:20:05.085+0000] {processor.py:179} INFO - Processing /opt/airflow/dags/ingest_local_folder_dag.py took 1.256 seconds
[2026-02-12T17:20:35.453+0000] {processor.py:157} INFO - Started process (PID=343) to work on /opt/airflow/dags/ingest_local_folder_dag.py
[2026-02-12T17:20:35.456+0000] {processor.py:829} INFO - Processing file /opt/airflow/dags/ingest_local_folder_dag.py for tasks to queue
[2026-02-12T17:20:35.459+0000] {logging_mixin.py:151} INFO - [2026-02-12T17:20:35.457+0000] {dagbag.py:539} INFO - Filling up the DagBag from /opt/airflow/dags/ingest_local_folder_dag.py
[2026-02-12T17:20:36.513+0000] {processor.py:839} INFO - DAG(s) dict_keys(['ingestionDAG']) retrieved from /opt/airflow/dags/ingest_local_folder_dag.py
[2026-02-12T17:20:36.615+0000] {logging_mixin.py:151} INFO - [2026-02-12T17:20:36.614+0000] {dag.py:2915} INFO - Sync 1 DAGs
[2026-02-12T17:20:36.678+0000] {logging_mixin.py:151} INFO - [2026-02-12T17:20:36.677+0000] {dag.py:3696} INFO - Setting next_dagrun for ingestionDAG to 2026-02-12T17:20:06.677382+00:00, run_after=2026-02-12T17:20:36.677382+00:00
[2026-02-12T17:20:36.728+0000] {processor.py:179} INFO - Processing /opt/airflow/dags/ingest_local_folder_dag.py took 1.288 seconds
[2026-02-12T17:21:07.056+0000] {processor.py:157} INFO - Started process (PID=356) to work on /opt/airflow/dags/ingest_local_folder_dag.py
[2026-02-12T17:21:07.059+0000] {processor.py:829} INFO - Processing file /opt/airflow/dags/ingest_local_folder_dag.py for tasks to queue
[2026-02-12T17:21:07.061+0000] {logging_mixin.py:151} INFO - [2026-02-12T17:21:07.060+0000] {dagbag.py:539} INFO - Filling up the DagBag from /opt/airflow/dags/ingest_local_folder_dag.py
[2026-02-12T17:21:08.179+0000] {processor.py:839} INFO - DAG(s) dict_keys(['ingestionDAG']) retrieved from /opt/airflow/dags/ingest_local_folder_dag.py
[2026-02-12T17:21:08.272+0000] {logging_mixin.py:151} INFO - [2026-02-12T17:21:08.272+0000] {dag.py:2915} INFO - Sync 1 DAGs
[2026-02-12T17:21:08.328+0000] {logging_mixin.py:151} INFO - [2026-02-12T17:21:08.328+0000] {dag.py:3696} INFO - Setting next_dagrun for ingestionDAG to 2026-02-12T17:20:38.327822+00:00, run_after=2026-02-12T17:21:08.327822+00:00
[2026-02-12T17:21:08.372+0000] {processor.py:179} INFO - Processing /opt/airflow/dags/ingest_local_folder_dag.py took 1.327 seconds
[2026-02-12T17:21:38.479+0000] {processor.py:157} INFO - Started process (PID=369) to work on /opt/airflow/dags/ingest_local_folder_dag.py
[2026-02-12T17:21:38.483+0000] {processor.py:829} INFO - Processing file /opt/airflow/dags/ingest_local_folder_dag.py for tasks to queue
[2026-02-12T17:21:38.487+0000] {logging_mixin.py:151} INFO - [2026-02-12T17:21:38.484+0000] {dagbag.py:539} INFO - Filling up the DagBag from /opt/airflow/dags/ingest_local_folder_dag.py
[2026-02-12T17:21:39.459+0000] {processor.py:839} INFO - DAG(s) dict_keys(['ingestionDAG']) retrieved from /opt/airflow/dags/ingest_local_folder_dag.py
[2026-02-12T17:21:39.547+0000] {logging_mixin.py:151} INFO - [2026-02-12T17:21:39.547+0000] {dag.py:2915} INFO - Sync 1 DAGs
[2026-02-12T17:21:39.611+0000] {logging_mixin.py:151} INFO - [2026-02-12T17:21:39.610+0000] {dag.py:3696} INFO - Setting next_dagrun for ingestionDAG to 2026-02-12T17:21:09.610065+00:00, run_after=2026-02-12T17:21:39.610065+00:00
[2026-02-12T17:21:39.661+0000] {processor.py:179} INFO - Processing /opt/airflow/dags/ingest_local_folder_dag.py took 1.197 seconds
[2026-02-12T17:22:09.973+0000] {processor.py:157} INFO - Started process (PID=382) to work on /opt/airflow/dags/ingest_local_folder_dag.py
[2026-02-12T17:22:09.975+0000] {processor.py:829} INFO - Processing file /opt/airflow/dags/ingest_local_folder_dag.py for tasks to queue
[2026-02-12T17:22:09.977+0000] {logging_mixin.py:151} INFO - [2026-02-12T17:22:09.976+0000] {dagbag.py:539} INFO - Filling up the DagBag from /opt/airflow/dags/ingest_local_folder_dag.py
[2026-02-12T17:22:10.920+0000] {processor.py:839} INFO - DAG(s) dict_keys(['ingestionDAG']) retrieved from /opt/airflow/dags/ingest_local_folder_dag.py
[2026-02-12T17:22:11.020+0000] {logging_mixin.py:151} INFO - [2026-02-12T17:22:11.019+0000] {dag.py:2915} INFO - Sync 1 DAGs
[2026-02-12T17:22:11.079+0000] {logging_mixin.py:151} INFO - [2026-02-12T17:22:11.079+0000] {dag.py:3696} INFO - Setting next_dagrun for ingestionDAG to 2026-02-12T17:21:41.078904+00:00, run_after=2026-02-12T17:22:11.078904+00:00
[2026-02-12T17:22:11.128+0000] {processor.py:179} INFO - Processing /opt/airflow/dags/ingest_local_folder_dag.py took 1.166 seconds
[2026-02-12T17:22:41.448+0000] {processor.py:157} INFO - Started process (PID=395) to work on /opt/airflow/dags/ingest_local_folder_dag.py
[2026-02-12T17:22:41.451+0000] {processor.py:829} INFO - Processing file /opt/airflow/dags/ingest_local_folder_dag.py for tasks to queue
[2026-02-12T17:22:41.454+0000] {logging_mixin.py:151} INFO - [2026-02-12T17:22:41.452+0000] {dagbag.py:539} INFO - Filling up the DagBag from /opt/airflow/dags/ingest_local_folder_dag.py
[2026-02-12T17:22:42.531+0000] {processor.py:839} INFO - DAG(s) dict_keys(['ingestionDAG']) retrieved from /opt/airflow/dags/ingest_local_folder_dag.py
[2026-02-12T17:22:42.627+0000] {logging_mixin.py:151} INFO - [2026-02-12T17:22:42.626+0000] {dag.py:2915} INFO - Sync 1 DAGs
[2026-02-12T17:22:42.688+0000] {logging_mixin.py:151} INFO - [2026-02-12T17:22:42.688+0000] {dag.py:3696} INFO - Setting next_dagrun for ingestionDAG to 2026-02-12T17:22:12.687546+00:00, run_after=2026-02-12T17:22:42.687546+00:00
[2026-02-12T17:22:42.741+0000] {processor.py:179} INFO - Processing /opt/airflow/dags/ingest_local_folder_dag.py took 1.306 seconds
[2026-02-12T17:23:13.080+0000] {processor.py:157} INFO - Started process (PID=408) to work on /opt/airflow/dags/ingest_local_folder_dag.py
[2026-02-12T17:23:13.083+0000] {processor.py:829} INFO - Processing file /opt/airflow/dags/ingest_local_folder_dag.py for tasks to queue
[2026-02-12T17:23:13.086+0000] {logging_mixin.py:151} INFO - [2026-02-12T17:23:13.084+0000] {dagbag.py:539} INFO - Filling up the DagBag from /opt/airflow/dags/ingest_local_folder_dag.py
[2026-02-12T17:23:14.060+0000] {processor.py:839} INFO - DAG(s) dict_keys(['ingestionDAG']) retrieved from /opt/airflow/dags/ingest_local_folder_dag.py
[2026-02-12T17:23:14.144+0000] {logging_mixin.py:151} INFO - [2026-02-12T17:23:14.143+0000] {dag.py:2915} INFO - Sync 1 DAGs
[2026-02-12T17:23:14.213+0000] {logging_mixin.py:151} INFO - [2026-02-12T17:23:14.212+0000] {dag.py:3696} INFO - Setting next_dagrun for ingestionDAG to 2026-02-12T17:22:44.212253+00:00, run_after=2026-02-12T17:23:14.212253+00:00
[2026-02-12T17:23:14.271+0000] {processor.py:179} INFO - Processing /opt/airflow/dags/ingest_local_folder_dag.py took 1.205 seconds
[2026-02-12T17:23:44.604+0000] {processor.py:157} INFO - Started process (PID=421) to work on /opt/airflow/dags/ingest_local_folder_dag.py
[2026-02-12T17:23:44.608+0000] {processor.py:829} INFO - Processing file /opt/airflow/dags/ingest_local_folder_dag.py for tasks to queue
[2026-02-12T17:23:44.612+0000] {logging_mixin.py:151} INFO - [2026-02-12T17:23:44.610+0000] {dagbag.py:539} INFO - Filling up the DagBag from /opt/airflow/dags/ingest_local_folder_dag.py
[2026-02-12T17:23:45.594+0000] {processor.py:839} INFO - DAG(s) dict_keys(['ingestionDAG']) retrieved from /opt/airflow/dags/ingest_local_folder_dag.py
[2026-02-12T17:23:45.681+0000] {logging_mixin.py:151} INFO - [2026-02-12T17:23:45.680+0000] {dag.py:2915} INFO - Sync 1 DAGs
[2026-02-12T17:23:45.741+0000] {logging_mixin.py:151} INFO - [2026-02-12T17:23:45.740+0000] {dag.py:3696} INFO - Setting next_dagrun for ingestionDAG to 2026-02-12T17:23:15.740470+00:00, run_after=2026-02-12T17:23:45.740470+00:00
[2026-02-12T17:23:45.811+0000] {processor.py:179} INFO - Processing /opt/airflow/dags/ingest_local_folder_dag.py took 1.223 seconds
[2026-02-12T17:24:16.160+0000] {processor.py:157} INFO - Started process (PID=434) to work on /opt/airflow/dags/ingest_local_folder_dag.py
[2026-02-12T17:24:16.163+0000] {processor.py:829} INFO - Processing file /opt/airflow/dags/ingest_local_folder_dag.py for tasks to queue
[2026-02-12T17:24:16.166+0000] {logging_mixin.py:151} INFO - [2026-02-12T17:24:16.164+0000] {dagbag.py:539} INFO - Filling up the DagBag from /opt/airflow/dags/ingest_local_folder_dag.py
[2026-02-12T17:24:17.124+0000] {processor.py:839} INFO - DAG(s) dict_keys(['ingestionDAG']) retrieved from /opt/airflow/dags/ingest_local_folder_dag.py
[2026-02-12T17:24:17.213+0000] {logging_mixin.py:151} INFO - [2026-02-12T17:24:17.213+0000] {dag.py:2915} INFO - Sync 1 DAGs
[2026-02-12T17:24:17.275+0000] {logging_mixin.py:151} INFO - [2026-02-12T17:24:17.274+0000] {dag.py:3696} INFO - Setting next_dagrun for ingestionDAG to 2026-02-12T17:23:47.274157+00:00, run_after=2026-02-12T17:24:17.274157+00:00
[2026-02-12T17:24:17.323+0000] {processor.py:179} INFO - Processing /opt/airflow/dags/ingest_local_folder_dag.py took 1.173 seconds
[2026-02-12T17:24:47.644+0000] {processor.py:157} INFO - Started process (PID=447) to work on /opt/airflow/dags/ingest_local_folder_dag.py
[2026-02-12T17:24:47.648+0000] {processor.py:829} INFO - Processing file /opt/airflow/dags/ingest_local_folder_dag.py for tasks to queue
[2026-02-12T17:24:47.651+0000] {logging_mixin.py:151} INFO - [2026-02-12T17:24:47.650+0000] {dagbag.py:539} INFO - Filling up the DagBag from /opt/airflow/dags/ingest_local_folder_dag.py
[2026-02-12T17:24:48.757+0000] {processor.py:839} INFO - DAG(s) dict_keys(['ingestionDAG']) retrieved from /opt/airflow/dags/ingest_local_folder_dag.py
[2026-02-12T17:24:48.841+0000] {logging_mixin.py:151} INFO - [2026-02-12T17:24:48.841+0000] {dag.py:2915} INFO - Sync 1 DAGs
[2026-02-12T17:24:48.901+0000] {logging_mixin.py:151} INFO - [2026-02-12T17:24:48.901+0000] {dag.py:3696} INFO - Setting next_dagrun for ingestionDAG to 2026-02-12T17:24:18.900699+00:00, run_after=2026-02-12T17:24:48.900699+00:00
[2026-02-12T17:24:48.950+0000] {processor.py:179} INFO - Processing /opt/airflow/dags/ingest_local_folder_dag.py took 1.320 seconds
[2026-02-12T17:25:19.297+0000] {processor.py:157} INFO - Started process (PID=460) to work on /opt/airflow/dags/ingest_local_folder_dag.py
[2026-02-12T17:25:19.299+0000] {processor.py:829} INFO - Processing file /opt/airflow/dags/ingest_local_folder_dag.py for tasks to queue
[2026-02-12T17:25:19.303+0000] {logging_mixin.py:151} INFO - [2026-02-12T17:25:19.302+0000] {dagbag.py:539} INFO - Filling up the DagBag from /opt/airflow/dags/ingest_local_folder_dag.py
[2026-02-12T17:25:20.311+0000] {processor.py:839} INFO - DAG(s) dict_keys(['ingestionDAG']) retrieved from /opt/airflow/dags/ingest_local_folder_dag.py
[2026-02-12T17:25:20.417+0000] {logging_mixin.py:151} INFO - [2026-02-12T17:25:20.417+0000] {dag.py:2915} INFO - Sync 1 DAGs
[2026-02-12T17:25:20.512+0000] {logging_mixin.py:151} INFO - [2026-02-12T17:25:20.511+0000] {dag.py:3696} INFO - Setting next_dagrun for ingestionDAG to 2026-02-12T17:24:50.511441+00:00, run_after=2026-02-12T17:25:20.511441+00:00
[2026-02-12T17:25:20.564+0000] {processor.py:179} INFO - Processing /opt/airflow/dags/ingest_local_folder_dag.py took 1.281 seconds
[2026-02-12T17:25:50.927+0000] {processor.py:157} INFO - Started process (PID=473) to work on /opt/airflow/dags/ingest_local_folder_dag.py
[2026-02-12T17:25:50.940+0000] {processor.py:829} INFO - Processing file /opt/airflow/dags/ingest_local_folder_dag.py for tasks to queue
[2026-02-12T17:25:50.943+0000] {logging_mixin.py:151} INFO - [2026-02-12T17:25:50.942+0000] {dagbag.py:539} INFO - Filling up the DagBag from /opt/airflow/dags/ingest_local_folder_dag.py
[2026-02-12T17:25:51.907+0000] {processor.py:839} INFO - DAG(s) dict_keys(['ingestionDAG']) retrieved from /opt/airflow/dags/ingest_local_folder_dag.py
[2026-02-12T17:25:52.001+0000] {logging_mixin.py:151} INFO - [2026-02-12T17:25:52.000+0000] {dag.py:2915} INFO - Sync 1 DAGs
[2026-02-12T17:25:52.061+0000] {logging_mixin.py:151} INFO - [2026-02-12T17:25:52.060+0000] {dag.py:3696} INFO - Setting next_dagrun for ingestionDAG to 2026-02-12T17:25:22.060447+00:00, run_after=2026-02-12T17:25:52.060447+00:00
[2026-02-12T17:25:52.122+0000] {processor.py:179} INFO - Processing /opt/airflow/dags/ingest_local_folder_dag.py took 1.207 seconds
[2026-02-12T17:26:22.417+0000] {processor.py:157} INFO - Started process (PID=486) to work on /opt/airflow/dags/ingest_local_folder_dag.py
[2026-02-12T17:26:22.419+0000] {processor.py:829} INFO - Processing file /opt/airflow/dags/ingest_local_folder_dag.py for tasks to queue
[2026-02-12T17:26:22.422+0000] {logging_mixin.py:151} INFO - [2026-02-12T17:26:22.420+0000] {dagbag.py:539} INFO - Filling up the DagBag from /opt/airflow/dags/ingest_local_folder_dag.py
[2026-02-12T17:26:23.360+0000] {processor.py:839} INFO - DAG(s) dict_keys(['ingestionDAG']) retrieved from /opt/airflow/dags/ingest_local_folder_dag.py
[2026-02-12T17:26:23.451+0000] {logging_mixin.py:151} INFO - [2026-02-12T17:26:23.450+0000] {dag.py:2915} INFO - Sync 1 DAGs
[2026-02-12T17:26:23.508+0000] {logging_mixin.py:151} INFO - [2026-02-12T17:26:23.507+0000] {dag.py:3696} INFO - Setting next_dagrun for ingestionDAG to 2026-02-12T17:25:53.507035+00:00, run_after=2026-02-12T17:26:23.507035+00:00
[2026-02-12T17:26:23.558+0000] {processor.py:179} INFO - Processing /opt/airflow/dags/ingest_local_folder_dag.py took 1.151 seconds
[2026-02-12T17:26:53.894+0000] {processor.py:157} INFO - Started process (PID=499) to work on /opt/airflow/dags/ingest_local_folder_dag.py
[2026-02-12T17:26:53.897+0000] {processor.py:829} INFO - Processing file /opt/airflow/dags/ingest_local_folder_dag.py for tasks to queue
[2026-02-12T17:26:53.902+0000] {logging_mixin.py:151} INFO - [2026-02-12T17:26:53.900+0000] {dagbag.py:539} INFO - Filling up the DagBag from /opt/airflow/dags/ingest_local_folder_dag.py
[2026-02-12T17:26:55.032+0000] {processor.py:839} INFO - DAG(s) dict_keys(['ingestionDAG']) retrieved from /opt/airflow/dags/ingest_local_folder_dag.py
[2026-02-12T17:26:55.145+0000] {logging_mixin.py:151} INFO - [2026-02-12T17:26:55.144+0000] {dag.py:2915} INFO - Sync 1 DAGs
[2026-02-12T17:26:55.203+0000] {logging_mixin.py:151} INFO - [2026-02-12T17:26:55.203+0000] {dag.py:3696} INFO - Setting next_dagrun for ingestionDAG to 2026-02-12T17:26:25.202958+00:00, run_after=2026-02-12T17:26:55.202958+00:00
[2026-02-12T17:26:55.257+0000] {processor.py:179} INFO - Processing /opt/airflow/dags/ingest_local_folder_dag.py took 1.378 seconds
[2026-02-12T17:27:25.601+0000] {processor.py:157} INFO - Started process (PID=512) to work on /opt/airflow/dags/ingest_local_folder_dag.py
[2026-02-12T17:27:25.603+0000] {processor.py:829} INFO - Processing file /opt/airflow/dags/ingest_local_folder_dag.py for tasks to queue
[2026-02-12T17:27:25.608+0000] {logging_mixin.py:151} INFO - [2026-02-12T17:27:25.606+0000] {dagbag.py:539} INFO - Filling up the DagBag from /opt/airflow/dags/ingest_local_folder_dag.py
[2026-02-12T17:27:26.495+0000] {processor.py:839} INFO - DAG(s) dict_keys(['ingestionDAG']) retrieved from /opt/airflow/dags/ingest_local_folder_dag.py
[2026-02-12T17:27:26.579+0000] {logging_mixin.py:151} INFO - [2026-02-12T17:27:26.579+0000] {dag.py:2915} INFO - Sync 1 DAGs
[2026-02-12T17:27:26.652+0000] {logging_mixin.py:151} INFO - [2026-02-12T17:27:26.652+0000] {dag.py:3696} INFO - Setting next_dagrun for ingestionDAG to 2026-02-12T17:26:56.651673+00:00, run_after=2026-02-12T17:27:26.651673+00:00
[2026-02-12T17:27:26.700+0000] {processor.py:179} INFO - Processing /opt/airflow/dags/ingest_local_folder_dag.py took 1.110 seconds
[2026-02-12T17:27:56.888+0000] {processor.py:157} INFO - Started process (PID=523) to work on /opt/airflow/dags/ingest_local_folder_dag.py
[2026-02-12T17:27:56.891+0000] {processor.py:829} INFO - Processing file /opt/airflow/dags/ingest_local_folder_dag.py for tasks to queue
[2026-02-12T17:27:56.894+0000] {logging_mixin.py:151} INFO - [2026-02-12T17:27:56.893+0000] {dagbag.py:539} INFO - Filling up the DagBag from /opt/airflow/dags/ingest_local_folder_dag.py
[2026-02-12T17:27:57.831+0000] {processor.py:839} INFO - DAG(s) dict_keys(['ingestionDAG']) retrieved from /opt/airflow/dags/ingest_local_folder_dag.py
[2026-02-12T17:27:57.930+0000] {logging_mixin.py:151} INFO - [2026-02-12T17:27:57.929+0000] {dag.py:2915} INFO - Sync 1 DAGs
[2026-02-12T17:27:57.993+0000] {logging_mixin.py:151} INFO - [2026-02-12T17:27:57.992+0000] {dag.py:3696} INFO - Setting next_dagrun for ingestionDAG to 2026-02-12T17:27:27.992360+00:00, run_after=2026-02-12T17:27:57.992360+00:00
[2026-02-12T17:27:58.042+0000] {processor.py:179} INFO - Processing /opt/airflow/dags/ingest_local_folder_dag.py took 1.164 seconds
[2026-02-12T17:28:28.348+0000] {processor.py:157} INFO - Started process (PID=536) to work on /opt/airflow/dags/ingest_local_folder_dag.py
[2026-02-12T17:28:28.353+0000] {processor.py:829} INFO - Processing file /opt/airflow/dags/ingest_local_folder_dag.py for tasks to queue
[2026-02-12T17:28:28.355+0000] {logging_mixin.py:151} INFO - [2026-02-12T17:28:28.354+0000] {dagbag.py:539} INFO - Filling up the DagBag from /opt/airflow/dags/ingest_local_folder_dag.py
[2026-02-12T17:28:29.403+0000] {processor.py:839} INFO - DAG(s) dict_keys(['ingestionDAG']) retrieved from /opt/airflow/dags/ingest_local_folder_dag.py
[2026-02-12T17:28:29.496+0000] {logging_mixin.py:151} INFO - [2026-02-12T17:28:29.495+0000] {dag.py:2915} INFO - Sync 1 DAGs
[2026-02-12T17:28:29.559+0000] {logging_mixin.py:151} INFO - [2026-02-12T17:28:29.558+0000] {dag.py:3696} INFO - Setting next_dagrun for ingestionDAG to 2026-02-12T17:27:59.558217+00:00, run_after=2026-02-12T17:28:29.558217+00:00
[2026-02-12T17:28:29.608+0000] {processor.py:179} INFO - Processing /opt/airflow/dags/ingest_local_folder_dag.py took 1.271 seconds
[2026-02-12T17:28:59.884+0000] {processor.py:157} INFO - Started process (PID=545) to work on /opt/airflow/dags/ingest_local_folder_dag.py
[2026-02-12T17:28:59.887+0000] {processor.py:829} INFO - Processing file /opt/airflow/dags/ingest_local_folder_dag.py for tasks to queue
[2026-02-12T17:28:59.890+0000] {logging_mixin.py:151} INFO - [2026-02-12T17:28:59.888+0000] {dagbag.py:539} INFO - Filling up the DagBag from /opt/airflow/dags/ingest_local_folder_dag.py
[2026-02-12T17:29:01.352+0000] {processor.py:839} INFO - DAG(s) dict_keys(['ingestionDAG']) retrieved from /opt/airflow/dags/ingest_local_folder_dag.py
[2026-02-12T17:29:01.481+0000] {logging_mixin.py:151} INFO - [2026-02-12T17:29:01.480+0000] {dag.py:2915} INFO - Sync 1 DAGs
[2026-02-12T17:29:01.570+0000] {logging_mixin.py:151} INFO - [2026-02-12T17:29:01.570+0000] {dag.py:3696} INFO - Setting next_dagrun for ingestionDAG to 2026-02-12T17:28:31.569675+00:00, run_after=2026-02-12T17:29:01.569675+00:00
[2026-02-12T17:29:01.658+0000] {processor.py:179} INFO - Processing /opt/airflow/dags/ingest_local_folder_dag.py took 1.789 seconds
[2026-02-12T17:29:31.887+0000] {processor.py:157} INFO - Started process (PID=558) to work on /opt/airflow/dags/ingest_local_folder_dag.py
[2026-02-12T17:29:31.890+0000] {processor.py:829} INFO - Processing file /opt/airflow/dags/ingest_local_folder_dag.py for tasks to queue
[2026-02-12T17:29:31.893+0000] {logging_mixin.py:151} INFO - [2026-02-12T17:29:31.892+0000] {dagbag.py:539} INFO - Filling up the DagBag from /opt/airflow/dags/ingest_local_folder_dag.py
[2026-02-12T17:29:32.872+0000] {processor.py:839} INFO - DAG(s) dict_keys(['ingestionDAG']) retrieved from /opt/airflow/dags/ingest_local_folder_dag.py
[2026-02-12T17:29:33.046+0000] {logging_mixin.py:151} INFO - [2026-02-12T17:29:33.045+0000] {dag.py:2915} INFO - Sync 1 DAGs
[2026-02-12T17:29:33.123+0000] {logging_mixin.py:151} INFO - [2026-02-12T17:29:33.123+0000] {dag.py:3696} INFO - Setting next_dagrun for ingestionDAG to 2026-02-12T17:29:03.122850+00:00, run_after=2026-02-12T17:29:33.122850+00:00
[2026-02-12T17:29:33.187+0000] {processor.py:179} INFO - Processing /opt/airflow/dags/ingest_local_folder_dag.py took 1.313 seconds
[2026-02-12T17:30:03.399+0000] {processor.py:157} INFO - Started process (PID=571) to work on /opt/airflow/dags/ingest_local_folder_dag.py
[2026-02-12T17:30:03.402+0000] {processor.py:829} INFO - Processing file /opt/airflow/dags/ingest_local_folder_dag.py for tasks to queue
[2026-02-12T17:30:03.405+0000] {logging_mixin.py:151} INFO - [2026-02-12T17:30:03.404+0000] {dagbag.py:539} INFO - Filling up the DagBag from /opt/airflow/dags/ingest_local_folder_dag.py
[2026-02-12T17:30:04.435+0000] {processor.py:839} INFO - DAG(s) dict_keys(['ingestionDAG']) retrieved from /opt/airflow/dags/ingest_local_folder_dag.py
[2026-02-12T17:30:04.548+0000] {logging_mixin.py:151} INFO - [2026-02-12T17:30:04.548+0000] {dag.py:2915} INFO - Sync 1 DAGs
[2026-02-12T17:30:04.617+0000] {logging_mixin.py:151} INFO - [2026-02-12T17:30:04.616+0000] {dag.py:3696} INFO - Setting next_dagrun for ingestionDAG to 2026-02-12T17:29:34.616118+00:00, run_after=2026-02-12T17:30:04.616118+00:00
[2026-02-12T17:30:04.673+0000] {processor.py:179} INFO - Processing /opt/airflow/dags/ingest_local_folder_dag.py took 1.289 seconds
[2026-02-12T17:30:34.821+0000] {processor.py:157} INFO - Started process (PID=584) to work on /opt/airflow/dags/ingest_local_folder_dag.py
[2026-02-12T17:30:34.824+0000] {processor.py:829} INFO - Processing file /opt/airflow/dags/ingest_local_folder_dag.py for tasks to queue
[2026-02-12T17:30:34.827+0000] {logging_mixin.py:151} INFO - [2026-02-12T17:30:34.825+0000] {dagbag.py:539} INFO - Filling up the DagBag from /opt/airflow/dags/ingest_local_folder_dag.py
[2026-02-12T17:30:35.791+0000] {processor.py:839} INFO - DAG(s) dict_keys(['ingestionDAG']) retrieved from /opt/airflow/dags/ingest_local_folder_dag.py
[2026-02-12T17:30:35.876+0000] {logging_mixin.py:151} INFO - [2026-02-12T17:30:35.876+0000] {dag.py:2915} INFO - Sync 1 DAGs
[2026-02-12T17:30:35.950+0000] {logging_mixin.py:151} INFO - [2026-02-12T17:30:35.949+0000] {dag.py:3696} INFO - Setting next_dagrun for ingestionDAG to 2026-02-12T17:30:05.949296+00:00, run_after=2026-02-12T17:30:35.949296+00:00
[2026-02-12T17:30:36.006+0000] {processor.py:179} INFO - Processing /opt/airflow/dags/ingest_local_folder_dag.py took 1.196 seconds
[2026-02-12T17:31:06.331+0000] {processor.py:157} INFO - Started process (PID=597) to work on /opt/airflow/dags/ingest_local_folder_dag.py
[2026-02-12T17:31:06.334+0000] {processor.py:829} INFO - Processing file /opt/airflow/dags/ingest_local_folder_dag.py for tasks to queue
[2026-02-12T17:31:06.337+0000] {logging_mixin.py:151} INFO - [2026-02-12T17:31:06.336+0000] {dagbag.py:539} INFO - Filling up the DagBag from /opt/airflow/dags/ingest_local_folder_dag.py
[2026-02-12T17:31:07.371+0000] {processor.py:839} INFO - DAG(s) dict_keys(['ingestionDAG']) retrieved from /opt/airflow/dags/ingest_local_folder_dag.py
[2026-02-12T17:31:07.474+0000] {logging_mixin.py:151} INFO - [2026-02-12T17:31:07.474+0000] {dag.py:2915} INFO - Sync 1 DAGs
[2026-02-12T17:31:07.544+0000] {logging_mixin.py:151} INFO - [2026-02-12T17:31:07.544+0000] {dag.py:3696} INFO - Setting next_dagrun for ingestionDAG to 2026-02-12T17:30:37.543799+00:00, run_after=2026-02-12T17:31:07.543799+00:00
[2026-02-12T17:31:07.599+0000] {processor.py:179} INFO - Processing /opt/airflow/dags/ingest_local_folder_dag.py took 1.279 seconds
[2026-02-12T17:31:37.827+0000] {processor.py:157} INFO - Started process (PID=610) to work on /opt/airflow/dags/ingest_local_folder_dag.py
[2026-02-12T17:31:37.830+0000] {processor.py:829} INFO - Processing file /opt/airflow/dags/ingest_local_folder_dag.py for tasks to queue
[2026-02-12T17:31:37.833+0000] {logging_mixin.py:151} INFO - [2026-02-12T17:31:37.831+0000] {dagbag.py:539} INFO - Filling up the DagBag from /opt/airflow/dags/ingest_local_folder_dag.py
[2026-02-12T17:31:38.825+0000] {processor.py:839} INFO - DAG(s) dict_keys(['ingestionDAG']) retrieved from /opt/airflow/dags/ingest_local_folder_dag.py
[2026-02-12T17:31:38.949+0000] {logging_mixin.py:151} INFO - [2026-02-12T17:31:38.948+0000] {dag.py:2915} INFO - Sync 1 DAGs
[2026-02-12T17:31:39.046+0000] {logging_mixin.py:151} INFO - [2026-02-12T17:31:39.046+0000] {dag.py:3696} INFO - Setting next_dagrun for ingestionDAG to 2026-02-12T17:31:09.045529+00:00, run_after=2026-02-12T17:31:39.045529+00:00
[2026-02-12T17:31:39.119+0000] {processor.py:179} INFO - Processing /opt/airflow/dags/ingest_local_folder_dag.py took 1.304 seconds
[2026-02-12T17:32:09.329+0000] {processor.py:157} INFO - Started process (PID=623) to work on /opt/airflow/dags/ingest_local_folder_dag.py
[2026-02-12T17:32:09.333+0000] {processor.py:829} INFO - Processing file /opt/airflow/dags/ingest_local_folder_dag.py for tasks to queue
[2026-02-12T17:32:09.336+0000] {logging_mixin.py:151} INFO - [2026-02-12T17:32:09.335+0000] {dagbag.py:539} INFO - Filling up the DagBag from /opt/airflow/dags/ingest_local_folder_dag.py
[2026-02-12T17:32:10.431+0000] {processor.py:839} INFO - DAG(s) dict_keys(['ingestionDAG']) retrieved from /opt/airflow/dags/ingest_local_folder_dag.py
[2026-02-12T17:32:10.571+0000] {logging_mixin.py:151} INFO - [2026-02-12T17:32:10.570+0000] {dag.py:2915} INFO - Sync 1 DAGs
[2026-02-12T17:32:10.652+0000] {logging_mixin.py:151} INFO - [2026-02-12T17:32:10.652+0000] {dag.py:3696} INFO - Setting next_dagrun for ingestionDAG to 2026-02-12T17:31:40.651667+00:00, run_after=2026-02-12T17:32:10.651667+00:00
[2026-02-12T17:32:10.738+0000] {processor.py:179} INFO - Processing /opt/airflow/dags/ingest_local_folder_dag.py took 1.420 seconds
[2026-02-12T17:32:41.066+0000] {processor.py:157} INFO - Started process (PID=636) to work on /opt/airflow/dags/ingest_local_folder_dag.py
[2026-02-12T17:32:41.070+0000] {processor.py:829} INFO - Processing file /opt/airflow/dags/ingest_local_folder_dag.py for tasks to queue
[2026-02-12T17:32:41.073+0000] {logging_mixin.py:151} INFO - [2026-02-12T17:32:41.072+0000] {dagbag.py:539} INFO - Filling up the DagBag from /opt/airflow/dags/ingest_local_folder_dag.py
[2026-02-12T17:32:42.037+0000] {processor.py:839} INFO - DAG(s) dict_keys(['ingestionDAG']) retrieved from /opt/airflow/dags/ingest_local_folder_dag.py
[2026-02-12T17:32:42.147+0000] {logging_mixin.py:151} INFO - [2026-02-12T17:32:42.147+0000] {dag.py:2915} INFO - Sync 1 DAGs
[2026-02-12T17:32:42.208+0000] {logging_mixin.py:151} INFO - [2026-02-12T17:32:42.207+0000] {dag.py:3696} INFO - Setting next_dagrun for ingestionDAG to 2026-02-12T17:32:12.207278+00:00, run_after=2026-02-12T17:32:42.207278+00:00
[2026-02-12T17:32:42.255+0000] {processor.py:179} INFO - Processing /opt/airflow/dags/ingest_local_folder_dag.py took 1.203 seconds
[2026-02-12T17:33:12.649+0000] {processor.py:157} INFO - Started process (PID=649) to work on /opt/airflow/dags/ingest_local_folder_dag.py
[2026-02-12T17:33:12.654+0000] {processor.py:829} INFO - Processing file /opt/airflow/dags/ingest_local_folder_dag.py for tasks to queue
[2026-02-12T17:33:12.657+0000] {logging_mixin.py:151} INFO - [2026-02-12T17:33:12.656+0000] {dagbag.py:539} INFO - Filling up the DagBag from /opt/airflow/dags/ingest_local_folder_dag.py
[2026-02-12T17:33:13.648+0000] {processor.py:839} INFO - DAG(s) dict_keys(['ingestionDAG']) retrieved from /opt/airflow/dags/ingest_local_folder_dag.py
[2026-02-12T17:33:13.745+0000] {logging_mixin.py:151} INFO - [2026-02-12T17:33:13.745+0000] {dag.py:2915} INFO - Sync 1 DAGs
[2026-02-12T17:33:13.833+0000] {logging_mixin.py:151} INFO - [2026-02-12T17:33:13.833+0000] {dag.py:3696} INFO - Setting next_dagrun for ingestionDAG to 2026-02-12T17:32:43.832228+00:00, run_after=2026-02-12T17:33:13.832228+00:00
[2026-02-12T17:33:13.891+0000] {processor.py:179} INFO - Processing /opt/airflow/dags/ingest_local_folder_dag.py took 1.254 seconds
[2026-02-12T17:33:44.063+0000] {processor.py:157} INFO - Started process (PID=662) to work on /opt/airflow/dags/ingest_local_folder_dag.py
[2026-02-12T17:33:44.066+0000] {processor.py:829} INFO - Processing file /opt/airflow/dags/ingest_local_folder_dag.py for tasks to queue
[2026-02-12T17:33:44.069+0000] {logging_mixin.py:151} INFO - [2026-02-12T17:33:44.067+0000] {dagbag.py:539} INFO - Filling up the DagBag from /opt/airflow/dags/ingest_local_folder_dag.py
[2026-02-12T17:33:45.089+0000] {processor.py:839} INFO - DAG(s) dict_keys(['ingestionDAG']) retrieved from /opt/airflow/dags/ingest_local_folder_dag.py
[2026-02-12T17:33:45.176+0000] {logging_mixin.py:151} INFO - [2026-02-12T17:33:45.176+0000] {dag.py:2915} INFO - Sync 1 DAGs
[2026-02-12T17:33:45.237+0000] {logging_mixin.py:151} INFO - [2026-02-12T17:33:45.237+0000] {dag.py:3696} INFO - Setting next_dagrun for ingestionDAG to 2026-02-12T17:33:15.236874+00:00, run_after=2026-02-12T17:33:45.236874+00:00
[2026-02-12T17:33:45.286+0000] {processor.py:179} INFO - Processing /opt/airflow/dags/ingest_local_folder_dag.py took 1.235 seconds
[2026-02-12T17:34:15.654+0000] {processor.py:157} INFO - Started process (PID=675) to work on /opt/airflow/dags/ingest_local_folder_dag.py
[2026-02-12T17:34:15.657+0000] {processor.py:829} INFO - Processing file /opt/airflow/dags/ingest_local_folder_dag.py for tasks to queue
[2026-02-12T17:34:15.661+0000] {logging_mixin.py:151} INFO - [2026-02-12T17:34:15.659+0000] {dagbag.py:539} INFO - Filling up the DagBag from /opt/airflow/dags/ingest_local_folder_dag.py
[2026-02-12T17:34:16.864+0000] {processor.py:839} INFO - DAG(s) dict_keys(['ingestionDAG']) retrieved from /opt/airflow/dags/ingest_local_folder_dag.py
[2026-02-12T17:34:16.968+0000] {logging_mixin.py:151} INFO - [2026-02-12T17:34:16.967+0000] {dag.py:2915} INFO - Sync 1 DAGs
[2026-02-12T17:34:17.028+0000] {logging_mixin.py:151} INFO - [2026-02-12T17:34:17.027+0000] {dag.py:3696} INFO - Setting next_dagrun for ingestionDAG to 2026-02-12T17:33:47.027294+00:00, run_after=2026-02-12T17:34:17.027294+00:00
[2026-02-12T17:34:17.078+0000] {processor.py:179} INFO - Processing /opt/airflow/dags/ingest_local_folder_dag.py took 1.436 seconds
[2026-02-12T17:34:47.967+0000] {processor.py:157} INFO - Started process (PID=688) to work on /opt/airflow/dags/ingest_local_folder_dag.py
[2026-02-12T17:34:47.970+0000] {processor.py:829} INFO - Processing file /opt/airflow/dags/ingest_local_folder_dag.py for tasks to queue
[2026-02-12T17:34:47.973+0000] {logging_mixin.py:151} INFO - [2026-02-12T17:34:47.971+0000] {dagbag.py:539} INFO - Filling up the DagBag from /opt/airflow/dags/ingest_local_folder_dag.py
[2026-02-12T17:34:49.071+0000] {processor.py:839} INFO - DAG(s) dict_keys(['ingestionDAG']) retrieved from /opt/airflow/dags/ingest_local_folder_dag.py
[2026-02-12T17:34:49.169+0000] {logging_mixin.py:151} INFO - [2026-02-12T17:34:49.169+0000] {dag.py:2915} INFO - Sync 1 DAGs
[2026-02-12T17:34:49.235+0000] {logging_mixin.py:151} INFO - [2026-02-12T17:34:49.234+0000] {dag.py:3696} INFO - Setting next_dagrun for ingestionDAG to 2026-02-12T17:34:19.234338+00:00, run_after=2026-02-12T17:34:49.234338+00:00
[2026-02-12T17:34:49.280+0000] {processor.py:179} INFO - Processing /opt/airflow/dags/ingest_local_folder_dag.py took 1.326 seconds
[2026-02-12T17:35:19.635+0000] {processor.py:157} INFO - Started process (PID=701) to work on /opt/airflow/dags/ingest_local_folder_dag.py
[2026-02-12T17:35:19.638+0000] {processor.py:829} INFO - Processing file /opt/airflow/dags/ingest_local_folder_dag.py for tasks to queue
[2026-02-12T17:35:19.642+0000] {logging_mixin.py:151} INFO - [2026-02-12T17:35:19.641+0000] {dagbag.py:539} INFO - Filling up the DagBag from /opt/airflow/dags/ingest_local_folder_dag.py
[2026-02-12T17:35:20.548+0000] {processor.py:839} INFO - DAG(s) dict_keys(['ingestionDAG']) retrieved from /opt/airflow/dags/ingest_local_folder_dag.py
[2026-02-12T17:35:20.633+0000] {logging_mixin.py:151} INFO - [2026-02-12T17:35:20.633+0000] {dag.py:2915} INFO - Sync 1 DAGs
[2026-02-12T17:35:20.690+0000] {logging_mixin.py:151} INFO - [2026-02-12T17:35:20.690+0000] {dag.py:3696} INFO - Setting next_dagrun for ingestionDAG to 2026-02-12T17:34:50.689577+00:00, run_after=2026-02-12T17:35:20.689577+00:00
[2026-02-12T17:35:20.734+0000] {processor.py:179} INFO - Processing /opt/airflow/dags/ingest_local_folder_dag.py took 1.118 seconds
[2026-02-12T17:35:51.098+0000] {processor.py:157} INFO - Started process (PID=714) to work on /opt/airflow/dags/ingest_local_folder_dag.py
[2026-02-12T17:35:51.102+0000] {processor.py:829} INFO - Processing file /opt/airflow/dags/ingest_local_folder_dag.py for tasks to queue
[2026-02-12T17:35:51.107+0000] {logging_mixin.py:151} INFO - [2026-02-12T17:35:51.103+0000] {dagbag.py:539} INFO - Filling up the DagBag from /opt/airflow/dags/ingest_local_folder_dag.py
[2026-02-12T17:35:52.247+0000] {processor.py:839} INFO - DAG(s) dict_keys(['ingestionDAG']) retrieved from /opt/airflow/dags/ingest_local_folder_dag.py
[2026-02-12T17:35:52.337+0000] {logging_mixin.py:151} INFO - [2026-02-12T17:35:52.337+0000] {dag.py:2915} INFO - Sync 1 DAGs
[2026-02-12T17:35:52.396+0000] {logging_mixin.py:151} INFO - [2026-02-12T17:35:52.396+0000] {dag.py:3696} INFO - Setting next_dagrun for ingestionDAG to 2026-02-12T17:35:22.395626+00:00, run_after=2026-02-12T17:35:52.395626+00:00
[2026-02-12T17:35:52.444+0000] {processor.py:179} INFO - Processing /opt/airflow/dags/ingest_local_folder_dag.py took 1.366 seconds
[2026-02-12T17:36:22.829+0000] {processor.py:157} INFO - Started process (PID=727) to work on /opt/airflow/dags/ingest_local_folder_dag.py
[2026-02-12T17:36:22.833+0000] {processor.py:829} INFO - Processing file /opt/airflow/dags/ingest_local_folder_dag.py for tasks to queue
[2026-02-12T17:36:22.837+0000] {logging_mixin.py:151} INFO - [2026-02-12T17:36:22.835+0000] {dagbag.py:539} INFO - Filling up the DagBag from /opt/airflow/dags/ingest_local_folder_dag.py
[2026-02-12T17:36:23.962+0000] {processor.py:839} INFO - DAG(s) dict_keys(['ingestionDAG']) retrieved from /opt/airflow/dags/ingest_local_folder_dag.py
[2026-02-12T17:36:24.096+0000] {logging_mixin.py:151} INFO - [2026-02-12T17:36:24.095+0000] {dag.py:2915} INFO - Sync 1 DAGs
[2026-02-12T17:36:24.192+0000] {logging_mixin.py:151} INFO - [2026-02-12T17:36:24.192+0000] {dag.py:3696} INFO - Setting next_dagrun for ingestionDAG to 2026-02-12T17:35:54.191524+00:00, run_after=2026-02-12T17:36:24.191524+00:00
[2026-02-12T17:36:24.265+0000] {processor.py:179} INFO - Processing /opt/airflow/dags/ingest_local_folder_dag.py took 1.450 seconds
[2026-02-12T17:36:54.649+0000] {processor.py:157} INFO - Started process (PID=740) to work on /opt/airflow/dags/ingest_local_folder_dag.py
[2026-02-12T17:36:54.653+0000] {processor.py:829} INFO - Processing file /opt/airflow/dags/ingest_local_folder_dag.py for tasks to queue
[2026-02-12T17:36:54.657+0000] {logging_mixin.py:151} INFO - [2026-02-12T17:36:54.655+0000] {dagbag.py:539} INFO - Filling up the DagBag from /opt/airflow/dags/ingest_local_folder_dag.py
[2026-02-12T17:36:55.740+0000] {processor.py:839} INFO - DAG(s) dict_keys(['ingestionDAG']) retrieved from /opt/airflow/dags/ingest_local_folder_dag.py
[2026-02-12T17:36:55.834+0000] {logging_mixin.py:151} INFO - [2026-02-12T17:36:55.834+0000] {dag.py:2915} INFO - Sync 1 DAGs
[2026-02-12T17:36:55.895+0000] {logging_mixin.py:151} INFO - [2026-02-12T17:36:55.895+0000] {dag.py:3696} INFO - Setting next_dagrun for ingestionDAG to 2026-02-12T17:36:25.894928+00:00, run_after=2026-02-12T17:36:55.894928+00:00
[2026-02-12T17:36:55.945+0000] {processor.py:179} INFO - Processing /opt/airflow/dags/ingest_local_folder_dag.py took 1.309 seconds
[2026-02-12T17:37:26.320+0000] {processor.py:157} INFO - Started process (PID=753) to work on /opt/airflow/dags/ingest_local_folder_dag.py
[2026-02-12T17:37:26.323+0000] {processor.py:829} INFO - Processing file /opt/airflow/dags/ingest_local_folder_dag.py for tasks to queue
[2026-02-12T17:37:26.326+0000] {logging_mixin.py:151} INFO - [2026-02-12T17:37:26.325+0000] {dagbag.py:539} INFO - Filling up the DagBag from /opt/airflow/dags/ingest_local_folder_dag.py
[2026-02-12T17:37:27.365+0000] {processor.py:839} INFO - DAG(s) dict_keys(['ingestionDAG']) retrieved from /opt/airflow/dags/ingest_local_folder_dag.py
[2026-02-12T17:37:27.463+0000] {logging_mixin.py:151} INFO - [2026-02-12T17:37:27.463+0000] {dag.py:2915} INFO - Sync 1 DAGs
[2026-02-12T17:37:27.531+0000] {logging_mixin.py:151} INFO - [2026-02-12T17:37:27.530+0000] {dag.py:3696} INFO - Setting next_dagrun for ingestionDAG to 2026-02-12T17:36:57.530187+00:00, run_after=2026-02-12T17:37:27.530187+00:00
[2026-02-12T17:37:27.577+0000] {processor.py:179} INFO - Processing /opt/airflow/dags/ingest_local_folder_dag.py took 1.269 seconds
[2026-02-12T17:37:57.973+0000] {processor.py:157} INFO - Started process (PID=766) to work on /opt/airflow/dags/ingest_local_folder_dag.py
[2026-02-12T17:37:57.976+0000] {processor.py:829} INFO - Processing file /opt/airflow/dags/ingest_local_folder_dag.py for tasks to queue
[2026-02-12T17:37:57.979+0000] {logging_mixin.py:151} INFO - [2026-02-12T17:37:57.977+0000] {dagbag.py:539} INFO - Filling up the DagBag from /opt/airflow/dags/ingest_local_folder_dag.py
[2026-02-12T17:37:59.068+0000] {processor.py:839} INFO - DAG(s) dict_keys(['ingestionDAG']) retrieved from /opt/airflow/dags/ingest_local_folder_dag.py
[2026-02-12T17:37:59.174+0000] {logging_mixin.py:151} INFO - [2026-02-12T17:37:59.174+0000] {dag.py:2915} INFO - Sync 1 DAGs
[2026-02-12T17:37:59.246+0000] {logging_mixin.py:151} INFO - [2026-02-12T17:37:59.246+0000] {dag.py:3696} INFO - Setting next_dagrun for ingestionDAG to 2026-02-12T17:37:29.245435+00:00, run_after=2026-02-12T17:37:59.245435+00:00
[2026-02-12T17:37:59.296+0000] {processor.py:179} INFO - Processing /opt/airflow/dags/ingest_local_folder_dag.py took 1.336 seconds
[2026-02-12T17:38:29.677+0000] {processor.py:157} INFO - Started process (PID=779) to work on /opt/airflow/dags/ingest_local_folder_dag.py
[2026-02-12T17:38:29.680+0000] {processor.py:829} INFO - Processing file /opt/airflow/dags/ingest_local_folder_dag.py for tasks to queue
[2026-02-12T17:38:29.683+0000] {logging_mixin.py:151} INFO - [2026-02-12T17:38:29.682+0000] {dagbag.py:539} INFO - Filling up the DagBag from /opt/airflow/dags/ingest_local_folder_dag.py
[2026-02-12T17:38:30.749+0000] {processor.py:839} INFO - DAG(s) dict_keys(['ingestionDAG']) retrieved from /opt/airflow/dags/ingest_local_folder_dag.py
[2026-02-12T17:38:30.843+0000] {logging_mixin.py:151} INFO - [2026-02-12T17:38:30.842+0000] {dag.py:2915} INFO - Sync 1 DAGs
[2026-02-12T17:38:30.906+0000] {logging_mixin.py:151} INFO - [2026-02-12T17:38:30.906+0000] {dag.py:3696} INFO - Setting next_dagrun for ingestionDAG to 2026-02-12T17:38:00.905483+00:00, run_after=2026-02-12T17:38:30.905483+00:00
[2026-02-12T17:38:30.969+0000] {processor.py:179} INFO - Processing /opt/airflow/dags/ingest_local_folder_dag.py took 1.304 seconds
[2026-02-12T17:39:01.349+0000] {processor.py:157} INFO - Started process (PID=792) to work on /opt/airflow/dags/ingest_local_folder_dag.py
[2026-02-12T17:39:01.353+0000] {processor.py:829} INFO - Processing file /opt/airflow/dags/ingest_local_folder_dag.py for tasks to queue
[2026-02-12T17:39:01.356+0000] {logging_mixin.py:151} INFO - [2026-02-12T17:39:01.354+0000] {dagbag.py:539} INFO - Filling up the DagBag from /opt/airflow/dags/ingest_local_folder_dag.py
[2026-02-12T17:39:02.587+0000] {processor.py:839} INFO - DAG(s) dict_keys(['ingestionDAG']) retrieved from /opt/airflow/dags/ingest_local_folder_dag.py
[2026-02-12T17:39:02.695+0000] {logging_mixin.py:151} INFO - [2026-02-12T17:39:02.695+0000] {dag.py:2915} INFO - Sync 1 DAGs
[2026-02-12T17:39:02.777+0000] {logging_mixin.py:151} INFO - [2026-02-12T17:39:02.776+0000] {dag.py:3696} INFO - Setting next_dagrun for ingestionDAG to 2026-02-12T17:38:32.775815+00:00, run_after=2026-02-12T17:39:02.775815+00:00
[2026-02-12T17:39:02.841+0000] {processor.py:179} INFO - Processing /opt/airflow/dags/ingest_local_folder_dag.py took 1.506 seconds
[2026-02-12T17:39:33.722+0000] {processor.py:157} INFO - Started process (PID=805) to work on /opt/airflow/dags/ingest_local_folder_dag.py
[2026-02-12T17:39:33.726+0000] {processor.py:829} INFO - Processing file /opt/airflow/dags/ingest_local_folder_dag.py for tasks to queue
[2026-02-12T17:39:33.730+0000] {logging_mixin.py:151} INFO - [2026-02-12T17:39:33.728+0000] {dagbag.py:539} INFO - Filling up the DagBag from /opt/airflow/dags/ingest_local_folder_dag.py
[2026-02-12T17:39:34.860+0000] {processor.py:839} INFO - DAG(s) dict_keys(['ingestionDAG']) retrieved from /opt/airflow/dags/ingest_local_folder_dag.py
[2026-02-12T17:39:34.959+0000] {logging_mixin.py:151} INFO - [2026-02-12T17:39:34.959+0000] {dag.py:2915} INFO - Sync 1 DAGs
[2026-02-12T17:39:35.035+0000] {logging_mixin.py:151} INFO - [2026-02-12T17:39:35.034+0000] {dag.py:3696} INFO - Setting next_dagrun for ingestionDAG to 2026-02-12T17:39:05.034004+00:00, run_after=2026-02-12T17:39:35.034004+00:00
[2026-02-12T17:39:35.102+0000] {processor.py:179} INFO - Processing /opt/airflow/dags/ingest_local_folder_dag.py took 1.394 seconds
[2026-02-12T17:40:05.508+0000] {processor.py:157} INFO - Started process (PID=818) to work on /opt/airflow/dags/ingest_local_folder_dag.py
[2026-02-12T17:40:05.511+0000] {processor.py:829} INFO - Processing file /opt/airflow/dags/ingest_local_folder_dag.py for tasks to queue
[2026-02-12T17:40:05.514+0000] {logging_mixin.py:151} INFO - [2026-02-12T17:40:05.513+0000] {dagbag.py:539} INFO - Filling up the DagBag from /opt/airflow/dags/ingest_local_folder_dag.py
[2026-02-12T17:40:06.644+0000] {processor.py:839} INFO - DAG(s) dict_keys(['ingestionDAG']) retrieved from /opt/airflow/dags/ingest_local_folder_dag.py
[2026-02-12T17:40:06.743+0000] {logging_mixin.py:151} INFO - [2026-02-12T17:40:06.743+0000] {dag.py:2915} INFO - Sync 1 DAGs
[2026-02-12T17:40:06.816+0000] {logging_mixin.py:151} INFO - [2026-02-12T17:40:06.816+0000] {dag.py:3696} INFO - Setting next_dagrun for ingestionDAG to 2026-02-12T17:39:36.815722+00:00, run_after=2026-02-12T17:40:06.815722+00:00
[2026-02-12T17:40:06.869+0000] {processor.py:179} INFO - Processing /opt/airflow/dags/ingest_local_folder_dag.py took 1.375 seconds
[2026-02-12T17:40:37.810+0000] {processor.py:157} INFO - Started process (PID=831) to work on /opt/airflow/dags/ingest_local_folder_dag.py
[2026-02-12T17:40:37.813+0000] {processor.py:829} INFO - Processing file /opt/airflow/dags/ingest_local_folder_dag.py for tasks to queue
[2026-02-12T17:40:37.815+0000] {logging_mixin.py:151} INFO - [2026-02-12T17:40:37.814+0000] {dagbag.py:539} INFO - Filling up the DagBag from /opt/airflow/dags/ingest_local_folder_dag.py
[2026-02-12T17:40:38.826+0000] {processor.py:839} INFO - DAG(s) dict_keys(['ingestionDAG']) retrieved from /opt/airflow/dags/ingest_local_folder_dag.py
[2026-02-12T17:40:38.925+0000] {logging_mixin.py:151} INFO - [2026-02-12T17:40:38.925+0000] {dag.py:2915} INFO - Sync 1 DAGs
[2026-02-12T17:40:38.985+0000] {logging_mixin.py:151} INFO - [2026-02-12T17:40:38.984+0000] {dag.py:3696} INFO - Setting next_dagrun for ingestionDAG to 2026-02-12T17:40:08.984400+00:00, run_after=2026-02-12T17:40:38.984400+00:00
[2026-02-12T17:40:39.037+0000] {processor.py:179} INFO - Processing /opt/airflow/dags/ingest_local_folder_dag.py took 1.238 seconds
[2026-02-12T17:41:09.217+0000] {processor.py:157} INFO - Started process (PID=844) to work on /opt/airflow/dags/ingest_local_folder_dag.py
[2026-02-12T17:41:09.220+0000] {processor.py:829} INFO - Processing file /opt/airflow/dags/ingest_local_folder_dag.py for tasks to queue
[2026-02-12T17:41:09.222+0000] {logging_mixin.py:151} INFO - [2026-02-12T17:41:09.221+0000] {dagbag.py:539} INFO - Filling up the DagBag from /opt/airflow/dags/ingest_local_folder_dag.py
[2026-02-12T17:41:10.277+0000] {processor.py:839} INFO - DAG(s) dict_keys(['ingestionDAG']) retrieved from /opt/airflow/dags/ingest_local_folder_dag.py
[2026-02-12T17:41:10.369+0000] {logging_mixin.py:151} INFO - [2026-02-12T17:41:10.369+0000] {dag.py:2915} INFO - Sync 1 DAGs
[2026-02-12T17:41:10.426+0000] {logging_mixin.py:151} INFO - [2026-02-12T17:41:10.425+0000] {dag.py:3696} INFO - Setting next_dagrun for ingestionDAG to 2026-02-12T17:40:40.425256+00:00, run_after=2026-02-12T17:41:10.425256+00:00
[2026-02-12T17:41:10.475+0000] {processor.py:179} INFO - Processing /opt/airflow/dags/ingest_local_folder_dag.py took 1.270 seconds
[2026-02-12T17:41:40.714+0000] {processor.py:157} INFO - Started process (PID=857) to work on /opt/airflow/dags/ingest_local_folder_dag.py
[2026-02-12T17:41:40.716+0000] {processor.py:829} INFO - Processing file /opt/airflow/dags/ingest_local_folder_dag.py for tasks to queue
[2026-02-12T17:41:40.718+0000] {logging_mixin.py:151} INFO - [2026-02-12T17:41:40.717+0000] {dagbag.py:539} INFO - Filling up the DagBag from /opt/airflow/dags/ingest_local_folder_dag.py
[2026-02-12T17:41:41.617+0000] {processor.py:839} INFO - DAG(s) dict_keys(['ingestionDAG']) retrieved from /opt/airflow/dags/ingest_local_folder_dag.py
[2026-02-12T17:41:41.706+0000] {logging_mixin.py:151} INFO - [2026-02-12T17:41:41.706+0000] {dag.py:2915} INFO - Sync 1 DAGs
[2026-02-12T17:41:41.766+0000] {logging_mixin.py:151} INFO - [2026-02-12T17:41:41.766+0000] {dag.py:3696} INFO - Setting next_dagrun for ingestionDAG to 2026-02-12T17:41:11.765407+00:00, run_after=2026-02-12T17:41:41.765407+00:00
[2026-02-12T17:41:41.819+0000] {processor.py:179} INFO - Processing /opt/airflow/dags/ingest_local_folder_dag.py took 1.115 seconds
[2026-02-12T17:42:12.115+0000] {processor.py:157} INFO - Started process (PID=870) to work on /opt/airflow/dags/ingest_local_folder_dag.py
[2026-02-12T17:42:12.117+0000] {processor.py:829} INFO - Processing file /opt/airflow/dags/ingest_local_folder_dag.py for tasks to queue
[2026-02-12T17:42:12.119+0000] {logging_mixin.py:151} INFO - [2026-02-12T17:42:12.118+0000] {dagbag.py:539} INFO - Filling up the DagBag from /opt/airflow/dags/ingest_local_folder_dag.py
[2026-02-12T17:42:13.096+0000] {processor.py:839} INFO - DAG(s) dict_keys(['ingestionDAG']) retrieved from /opt/airflow/dags/ingest_local_folder_dag.py
[2026-02-12T17:42:13.185+0000] {logging_mixin.py:151} INFO - [2026-02-12T17:42:13.185+0000] {dag.py:2915} INFO - Sync 1 DAGs
[2026-02-12T17:42:13.248+0000] {logging_mixin.py:151} INFO - [2026-02-12T17:42:13.247+0000] {dag.py:3696} INFO - Setting next_dagrun for ingestionDAG to 2026-02-12T17:41:43.247380+00:00, run_after=2026-02-12T17:42:13.247380+00:00
[2026-02-12T17:42:13.296+0000] {processor.py:179} INFO - Processing /opt/airflow/dags/ingest_local_folder_dag.py took 1.192 seconds
[2026-02-12T17:42:43.391+0000] {processor.py:157} INFO - Started process (PID=883) to work on /opt/airflow/dags/ingest_local_folder_dag.py
[2026-02-12T17:42:43.395+0000] {processor.py:829} INFO - Processing file /opt/airflow/dags/ingest_local_folder_dag.py for tasks to queue
[2026-02-12T17:42:43.397+0000] {logging_mixin.py:151} INFO - [2026-02-12T17:42:43.396+0000] {dagbag.py:539} INFO - Filling up the DagBag from /opt/airflow/dags/ingest_local_folder_dag.py
[2026-02-12T17:42:44.337+0000] {processor.py:839} INFO - DAG(s) dict_keys(['ingestionDAG']) retrieved from /opt/airflow/dags/ingest_local_folder_dag.py
[2026-02-12T17:42:44.426+0000] {logging_mixin.py:151} INFO - [2026-02-12T17:42:44.426+0000] {dag.py:2915} INFO - Sync 1 DAGs
[2026-02-12T17:42:44.483+0000] {logging_mixin.py:151} INFO - [2026-02-12T17:42:44.483+0000] {dag.py:3696} INFO - Setting next_dagrun for ingestionDAG to 2026-02-12T17:42:14.481795+00:00, run_after=2026-02-12T17:42:44.481795+00:00
[2026-02-12T17:42:44.538+0000] {processor.py:179} INFO - Processing /opt/airflow/dags/ingest_local_folder_dag.py took 1.158 seconds
[2026-02-12T17:43:14.840+0000] {processor.py:157} INFO - Started process (PID=896) to work on /opt/airflow/dags/ingest_local_folder_dag.py
[2026-02-12T17:43:14.842+0000] {processor.py:829} INFO - Processing file /opt/airflow/dags/ingest_local_folder_dag.py for tasks to queue
[2026-02-12T17:43:14.845+0000] {logging_mixin.py:151} INFO - [2026-02-12T17:43:14.844+0000] {dagbag.py:539} INFO - Filling up the DagBag from /opt/airflow/dags/ingest_local_folder_dag.py
[2026-02-12T17:43:15.797+0000] {processor.py:839} INFO - DAG(s) dict_keys(['ingestionDAG']) retrieved from /opt/airflow/dags/ingest_local_folder_dag.py
[2026-02-12T17:43:15.893+0000] {logging_mixin.py:151} INFO - [2026-02-12T17:43:15.893+0000] {dag.py:2915} INFO - Sync 1 DAGs
[2026-02-12T17:43:15.975+0000] {logging_mixin.py:151} INFO - [2026-02-12T17:43:15.974+0000] {dag.py:3696} INFO - Setting next_dagrun for ingestionDAG to 2026-02-12T17:42:45.973562+00:00, run_after=2026-02-12T17:43:15.973562+00:00
[2026-02-12T17:43:16.042+0000] {processor.py:179} INFO - Processing /opt/airflow/dags/ingest_local_folder_dag.py took 1.212 seconds
[2026-02-12T17:43:46.390+0000] {processor.py:157} INFO - Started process (PID=909) to work on /opt/airflow/dags/ingest_local_folder_dag.py
[2026-02-12T17:43:46.393+0000] {processor.py:829} INFO - Processing file /opt/airflow/dags/ingest_local_folder_dag.py for tasks to queue
[2026-02-12T17:43:46.396+0000] {logging_mixin.py:151} INFO - [2026-02-12T17:43:46.394+0000] {dagbag.py:539} INFO - Filling up the DagBag from /opt/airflow/dags/ingest_local_folder_dag.py
[2026-02-12T17:43:47.607+0000] {processor.py:839} INFO - DAG(s) dict_keys(['ingestionDAG']) retrieved from /opt/airflow/dags/ingest_local_folder_dag.py
[2026-02-12T17:43:47.745+0000] {logging_mixin.py:151} INFO - [2026-02-12T17:43:47.745+0000] {dag.py:2915} INFO - Sync 1 DAGs
[2026-02-12T17:43:47.822+0000] {logging_mixin.py:151} INFO - [2026-02-12T17:43:47.821+0000] {dag.py:3696} INFO - Setting next_dagrun for ingestionDAG to 2026-02-12T17:43:17.820688+00:00, run_after=2026-02-12T17:43:47.820688+00:00
[2026-02-12T17:43:47.891+0000] {processor.py:179} INFO - Processing /opt/airflow/dags/ingest_local_folder_dag.py took 1.513 seconds
[2026-02-12T17:44:18.367+0000] {processor.py:157} INFO - Started process (PID=920) to work on /opt/airflow/dags/ingest_local_folder_dag.py
[2026-02-12T17:44:18.369+0000] {processor.py:829} INFO - Processing file /opt/airflow/dags/ingest_local_folder_dag.py for tasks to queue
[2026-02-12T17:44:18.377+0000] {logging_mixin.py:151} INFO - [2026-02-12T17:44:18.373+0000] {dagbag.py:539} INFO - Filling up the DagBag from /opt/airflow/dags/ingest_local_folder_dag.py
[2026-02-12T17:44:19.540+0000] {processor.py:839} INFO - DAG(s) dict_keys(['ingestionDAG']) retrieved from /opt/airflow/dags/ingest_local_folder_dag.py
[2026-02-12T17:44:19.659+0000] {logging_mixin.py:151} INFO - [2026-02-12T17:44:19.659+0000] {dag.py:2915} INFO - Sync 1 DAGs
[2026-02-12T17:44:19.753+0000] {logging_mixin.py:151} INFO - [2026-02-12T17:44:19.752+0000] {dag.py:3696} INFO - Setting next_dagrun for ingestionDAG to 2026-02-12T17:43:49.752136+00:00, run_after=2026-02-12T17:44:19.752136+00:00
[2026-02-12T17:44:19.863+0000] {processor.py:179} INFO - Processing /opt/airflow/dags/ingest_local_folder_dag.py took 1.529 seconds
[2026-02-12T17:44:50.113+0000] {processor.py:157} INFO - Started process (PID=932) to work on /opt/airflow/dags/ingest_local_folder_dag.py
[2026-02-12T17:44:50.116+0000] {processor.py:829} INFO - Processing file /opt/airflow/dags/ingest_local_folder_dag.py for tasks to queue
[2026-02-12T17:44:50.118+0000] {logging_mixin.py:151} INFO - [2026-02-12T17:44:50.117+0000] {dagbag.py:539} INFO - Filling up the DagBag from /opt/airflow/dags/ingest_local_folder_dag.py
[2026-02-12T17:44:51.248+0000] {processor.py:839} INFO - DAG(s) dict_keys(['ingestionDAG']) retrieved from /opt/airflow/dags/ingest_local_folder_dag.py
[2026-02-12T17:44:51.369+0000] {logging_mixin.py:151} INFO - [2026-02-12T17:44:51.369+0000] {dag.py:2915} INFO - Sync 1 DAGs
[2026-02-12T17:44:51.455+0000] {logging_mixin.py:151} INFO - [2026-02-12T17:44:51.454+0000] {dag.py:3696} INFO - Setting next_dagrun for ingestionDAG to 2026-02-12T17:44:21.454107+00:00, run_after=2026-02-12T17:44:51.454107+00:00
[2026-02-12T17:44:51.516+0000] {processor.py:179} INFO - Processing /opt/airflow/dags/ingest_local_folder_dag.py took 1.414 seconds
[2026-02-12T17:45:21.782+0000] {processor.py:157} INFO - Started process (PID=942) to work on /opt/airflow/dags/ingest_local_folder_dag.py
[2026-02-12T17:45:21.787+0000] {processor.py:829} INFO - Processing file /opt/airflow/dags/ingest_local_folder_dag.py for tasks to queue
[2026-02-12T17:45:21.793+0000] {logging_mixin.py:151} INFO - [2026-02-12T17:45:21.789+0000] {dagbag.py:539} INFO - Filling up the DagBag from /opt/airflow/dags/ingest_local_folder_dag.py
[2026-02-12T17:45:22.971+0000] {processor.py:839} INFO - DAG(s) dict_keys(['ingestionDAG']) retrieved from /opt/airflow/dags/ingest_local_folder_dag.py
[2026-02-12T17:45:23.121+0000] {logging_mixin.py:151} INFO - [2026-02-12T17:45:23.120+0000] {dag.py:2915} INFO - Sync 1 DAGs
[2026-02-12T17:45:23.186+0000] {logging_mixin.py:151} INFO - [2026-02-12T17:45:23.186+0000] {dag.py:3696} INFO - Setting next_dagrun for ingestionDAG to 2026-02-12T17:44:53.185723+00:00, run_after=2026-02-12T17:45:23.185723+00:00
[2026-02-12T17:45:23.237+0000] {processor.py:179} INFO - Processing /opt/airflow/dags/ingest_local_folder_dag.py took 1.472 seconds
[2026-02-12T17:45:53.565+0000] {processor.py:157} INFO - Started process (PID=955) to work on /opt/airflow/dags/ingest_local_folder_dag.py
[2026-02-12T17:45:53.567+0000] {processor.py:829} INFO - Processing file /opt/airflow/dags/ingest_local_folder_dag.py for tasks to queue
[2026-02-12T17:45:53.570+0000] {logging_mixin.py:151} INFO - [2026-02-12T17:45:53.569+0000] {dagbag.py:539} INFO - Filling up the DagBag from /opt/airflow/dags/ingest_local_folder_dag.py
[2026-02-12T17:45:54.577+0000] {processor.py:839} INFO - DAG(s) dict_keys(['ingestionDAG']) retrieved from /opt/airflow/dags/ingest_local_folder_dag.py
[2026-02-12T17:45:54.698+0000] {logging_mixin.py:151} INFO - [2026-02-12T17:45:54.697+0000] {dag.py:2915} INFO - Sync 1 DAGs
[2026-02-12T17:45:54.795+0000] {logging_mixin.py:151} INFO - [2026-02-12T17:45:54.794+0000] {dag.py:3696} INFO - Setting next_dagrun for ingestionDAG to 2026-02-12T17:45:24.793568+00:00, run_after=2026-02-12T17:45:54.793568+00:00
[2026-02-12T17:45:54.885+0000] {processor.py:179} INFO - Processing /opt/airflow/dags/ingest_local_folder_dag.py took 1.332 seconds
[2026-02-12T17:46:25.030+0000] {processor.py:157} INFO - Started process (PID=968) to work on /opt/airflow/dags/ingest_local_folder_dag.py
[2026-02-12T17:46:25.035+0000] {processor.py:829} INFO - Processing file /opt/airflow/dags/ingest_local_folder_dag.py for tasks to queue
[2026-02-12T17:46:25.038+0000] {logging_mixin.py:151} INFO - [2026-02-12T17:46:25.037+0000] {dagbag.py:539} INFO - Filling up the DagBag from /opt/airflow/dags/ingest_local_folder_dag.py
[2026-02-12T17:46:26.070+0000] {processor.py:839} INFO - DAG(s) dict_keys(['ingestionDAG']) retrieved from /opt/airflow/dags/ingest_local_folder_dag.py
[2026-02-12T17:46:26.161+0000] {logging_mixin.py:151} INFO - [2026-02-12T17:46:26.160+0000] {dag.py:2915} INFO - Sync 1 DAGs
[2026-02-12T17:46:26.229+0000] {logging_mixin.py:151} INFO - [2026-02-12T17:46:26.229+0000] {dag.py:3696} INFO - Setting next_dagrun for ingestionDAG to 2026-02-12T17:45:56.228622+00:00, run_after=2026-02-12T17:46:26.228622+00:00
[2026-02-12T17:46:26.279+0000] {processor.py:179} INFO - Processing /opt/airflow/dags/ingest_local_folder_dag.py took 1.265 seconds
[2026-02-12T17:46:56.502+0000] {processor.py:157} INFO - Started process (PID=981) to work on /opt/airflow/dags/ingest_local_folder_dag.py
[2026-02-12T17:46:56.505+0000] {processor.py:829} INFO - Processing file /opt/airflow/dags/ingest_local_folder_dag.py for tasks to queue
[2026-02-12T17:46:56.508+0000] {logging_mixin.py:151} INFO - [2026-02-12T17:46:56.506+0000] {dagbag.py:539} INFO - Filling up the DagBag from /opt/airflow/dags/ingest_local_folder_dag.py
[2026-02-12T17:46:57.533+0000] {processor.py:839} INFO - DAG(s) dict_keys(['ingestionDAG']) retrieved from /opt/airflow/dags/ingest_local_folder_dag.py
[2026-02-12T17:46:57.621+0000] {logging_mixin.py:151} INFO - [2026-02-12T17:46:57.620+0000] {dag.py:2915} INFO - Sync 1 DAGs
[2026-02-12T17:46:57.688+0000] {logging_mixin.py:151} INFO - [2026-02-12T17:46:57.687+0000] {dag.py:3696} INFO - Setting next_dagrun for ingestionDAG to 2026-02-12T17:46:27.686703+00:00, run_after=2026-02-12T17:46:57.686703+00:00
[2026-02-12T17:46:57.741+0000] {processor.py:179} INFO - Processing /opt/airflow/dags/ingest_local_folder_dag.py took 1.252 seconds
[2026-02-12T17:47:28.101+0000] {processor.py:157} INFO - Started process (PID=994) to work on /opt/airflow/dags/ingest_local_folder_dag.py
[2026-02-12T17:47:28.104+0000] {processor.py:829} INFO - Processing file /opt/airflow/dags/ingest_local_folder_dag.py for tasks to queue
[2026-02-12T17:47:28.106+0000] {logging_mixin.py:151} INFO - [2026-02-12T17:47:28.105+0000] {dagbag.py:539} INFO - Filling up the DagBag from /opt/airflow/dags/ingest_local_folder_dag.py
[2026-02-12T17:47:29.113+0000] {processor.py:839} INFO - DAG(s) dict_keys(['ingestionDAG']) retrieved from /opt/airflow/dags/ingest_local_folder_dag.py
[2026-02-12T17:47:29.218+0000] {logging_mixin.py:151} INFO - [2026-02-12T17:47:29.218+0000] {dag.py:2915} INFO - Sync 1 DAGs
[2026-02-12T17:47:29.290+0000] {logging_mixin.py:151} INFO - [2026-02-12T17:47:29.290+0000] {dag.py:3696} INFO - Setting next_dagrun for ingestionDAG to 2026-02-12T17:46:59.289767+00:00, run_after=2026-02-12T17:47:29.289767+00:00
[2026-02-12T17:47:29.344+0000] {processor.py:179} INFO - Processing /opt/airflow/dags/ingest_local_folder_dag.py took 1.255 seconds
[2026-02-12T17:47:59.561+0000] {processor.py:157} INFO - Started process (PID=1007) to work on /opt/airflow/dags/ingest_local_folder_dag.py
[2026-02-12T17:47:59.563+0000] {processor.py:829} INFO - Processing file /opt/airflow/dags/ingest_local_folder_dag.py for tasks to queue
[2026-02-12T17:47:59.566+0000] {logging_mixin.py:151} INFO - [2026-02-12T17:47:59.565+0000] {dagbag.py:539} INFO - Filling up the DagBag from /opt/airflow/dags/ingest_local_folder_dag.py
[2026-02-12T17:48:00.592+0000] {processor.py:839} INFO - DAG(s) dict_keys(['ingestionDAG']) retrieved from /opt/airflow/dags/ingest_local_folder_dag.py
[2026-02-12T17:48:00.682+0000] {logging_mixin.py:151} INFO - [2026-02-12T17:48:00.681+0000] {dag.py:2915} INFO - Sync 1 DAGs
[2026-02-12T17:48:00.748+0000] {logging_mixin.py:151} INFO - [2026-02-12T17:48:00.748+0000] {dag.py:3696} INFO - Setting next_dagrun for ingestionDAG to 2026-02-12T17:47:30.747901+00:00, run_after=2026-02-12T17:48:00.747901+00:00
[2026-02-12T17:48:00.807+0000] {processor.py:179} INFO - Processing /opt/airflow/dags/ingest_local_folder_dag.py took 1.256 seconds
[2026-02-12T17:48:31.108+0000] {processor.py:157} INFO - Started process (PID=1020) to work on /opt/airflow/dags/ingest_local_folder_dag.py
[2026-02-12T17:48:31.111+0000] {processor.py:829} INFO - Processing file /opt/airflow/dags/ingest_local_folder_dag.py for tasks to queue
[2026-02-12T17:48:31.115+0000] {logging_mixin.py:151} INFO - [2026-02-12T17:48:31.113+0000] {dagbag.py:539} INFO - Filling up the DagBag from /opt/airflow/dags/ingest_local_folder_dag.py
[2026-02-12T17:48:32.097+0000] {processor.py:839} INFO - DAG(s) dict_keys(['ingestionDAG']) retrieved from /opt/airflow/dags/ingest_local_folder_dag.py
[2026-02-12T17:48:32.189+0000] {logging_mixin.py:151} INFO - [2026-02-12T17:48:32.188+0000] {dag.py:2915} INFO - Sync 1 DAGs
[2026-02-12T17:48:32.249+0000] {logging_mixin.py:151} INFO - [2026-02-12T17:48:32.249+0000] {dag.py:3696} INFO - Setting next_dagrun for ingestionDAG to 2026-02-12T17:48:02.248537+00:00, run_after=2026-02-12T17:48:32.248537+00:00
[2026-02-12T17:48:32.341+0000] {processor.py:179} INFO - Processing /opt/airflow/dags/ingest_local_folder_dag.py took 1.244 seconds
[2026-02-12T17:49:02.593+0000] {processor.py:157} INFO - Started process (PID=1033) to work on /opt/airflow/dags/ingest_local_folder_dag.py
[2026-02-12T17:49:02.596+0000] {processor.py:829} INFO - Processing file /opt/airflow/dags/ingest_local_folder_dag.py for tasks to queue
[2026-02-12T17:49:02.600+0000] {logging_mixin.py:151} INFO - [2026-02-12T17:49:02.597+0000] {dagbag.py:539} INFO - Filling up the DagBag from /opt/airflow/dags/ingest_local_folder_dag.py
[2026-02-12T17:49:03.588+0000] {processor.py:839} INFO - DAG(s) dict_keys(['ingestionDAG']) retrieved from /opt/airflow/dags/ingest_local_folder_dag.py
[2026-02-12T17:49:03.670+0000] {logging_mixin.py:151} INFO - [2026-02-12T17:49:03.670+0000] {dag.py:2915} INFO - Sync 1 DAGs
[2026-02-12T17:49:03.727+0000] {logging_mixin.py:151} INFO - [2026-02-12T17:49:03.726+0000] {dag.py:3696} INFO - Setting next_dagrun for ingestionDAG to 2026-02-12T17:48:33.726466+00:00, run_after=2026-02-12T17:49:03.726466+00:00
[2026-02-12T17:49:03.786+0000] {processor.py:179} INFO - Processing /opt/airflow/dags/ingest_local_folder_dag.py took 1.205 seconds
[2026-02-12T17:49:34.168+0000] {processor.py:157} INFO - Started process (PID=1046) to work on /opt/airflow/dags/ingest_local_folder_dag.py
[2026-02-12T17:49:34.173+0000] {processor.py:829} INFO - Processing file /opt/airflow/dags/ingest_local_folder_dag.py for tasks to queue
[2026-02-12T17:49:34.178+0000] {logging_mixin.py:151} INFO - [2026-02-12T17:49:34.174+0000] {dagbag.py:539} INFO - Filling up the DagBag from /opt/airflow/dags/ingest_local_folder_dag.py
[2026-02-12T17:49:35.256+0000] {processor.py:839} INFO - DAG(s) dict_keys(['ingestionDAG']) retrieved from /opt/airflow/dags/ingest_local_folder_dag.py
[2026-02-12T17:49:35.346+0000] {logging_mixin.py:151} INFO - [2026-02-12T17:49:35.346+0000] {dag.py:2915} INFO - Sync 1 DAGs
[2026-02-12T17:49:35.415+0000] {logging_mixin.py:151} INFO - [2026-02-12T17:49:35.414+0000] {dag.py:3696} INFO - Setting next_dagrun for ingestionDAG to 2026-02-12T17:49:05.414046+00:00, run_after=2026-02-12T17:49:35.414046+00:00
[2026-02-12T17:49:35.492+0000] {processor.py:179} INFO - Processing /opt/airflow/dags/ingest_local_folder_dag.py took 1.341 seconds
[2026-02-12T17:50:05.846+0000] {processor.py:157} INFO - Started process (PID=1059) to work on /opt/airflow/dags/ingest_local_folder_dag.py
[2026-02-12T17:50:05.850+0000] {processor.py:829} INFO - Processing file /opt/airflow/dags/ingest_local_folder_dag.py for tasks to queue
[2026-02-12T17:50:05.855+0000] {logging_mixin.py:151} INFO - [2026-02-12T17:50:05.853+0000] {dagbag.py:539} INFO - Filling up the DagBag from /opt/airflow/dags/ingest_local_folder_dag.py
[2026-02-12T17:50:06.903+0000] {processor.py:839} INFO - DAG(s) dict_keys(['ingestionDAG']) retrieved from /opt/airflow/dags/ingest_local_folder_dag.py
[2026-02-12T17:50:07.027+0000] {logging_mixin.py:151} INFO - [2026-02-12T17:50:07.026+0000] {dag.py:2915} INFO - Sync 1 DAGs
[2026-02-12T17:50:07.127+0000] {logging_mixin.py:151} INFO - [2026-02-12T17:50:07.126+0000] {dag.py:3696} INFO - Setting next_dagrun for ingestionDAG to 2026-02-12T17:49:37.126047+00:00, run_after=2026-02-12T17:50:07.126047+00:00
[2026-02-12T17:50:07.219+0000] {processor.py:179} INFO - Processing /opt/airflow/dags/ingest_local_folder_dag.py took 1.389 seconds
[2026-02-12T17:50:37.614+0000] {processor.py:157} INFO - Started process (PID=1072) to work on /opt/airflow/dags/ingest_local_folder_dag.py
[2026-02-12T17:50:37.617+0000] {processor.py:829} INFO - Processing file /opt/airflow/dags/ingest_local_folder_dag.py for tasks to queue
[2026-02-12T17:50:37.619+0000] {logging_mixin.py:151} INFO - [2026-02-12T17:50:37.618+0000] {dagbag.py:539} INFO - Filling up the DagBag from /opt/airflow/dags/ingest_local_folder_dag.py
[2026-02-12T17:50:38.623+0000] {processor.py:839} INFO - DAG(s) dict_keys(['ingestionDAG']) retrieved from /opt/airflow/dags/ingest_local_folder_dag.py
[2026-02-12T17:50:38.710+0000] {logging_mixin.py:151} INFO - [2026-02-12T17:50:38.710+0000] {dag.py:2915} INFO - Sync 1 DAGs
[2026-02-12T17:50:38.786+0000] {logging_mixin.py:151} INFO - [2026-02-12T17:50:38.785+0000] {dag.py:3696} INFO - Setting next_dagrun for ingestionDAG to 2026-02-12T17:50:08.784389+00:00, run_after=2026-02-12T17:50:38.784389+00:00
[2026-02-12T17:50:38.841+0000] {processor.py:179} INFO - Processing /opt/airflow/dags/ingest_local_folder_dag.py took 1.237 seconds
[2026-02-12T17:51:09.185+0000] {processor.py:157} INFO - Started process (PID=1085) to work on /opt/airflow/dags/ingest_local_folder_dag.py
[2026-02-12T17:51:09.190+0000] {processor.py:829} INFO - Processing file /opt/airflow/dags/ingest_local_folder_dag.py for tasks to queue
[2026-02-12T17:51:09.194+0000] {logging_mixin.py:151} INFO - [2026-02-12T17:51:09.192+0000] {dagbag.py:539} INFO - Filling up the DagBag from /opt/airflow/dags/ingest_local_folder_dag.py
[2026-02-12T17:51:10.215+0000] {processor.py:839} INFO - DAG(s) dict_keys(['ingestionDAG']) retrieved from /opt/airflow/dags/ingest_local_folder_dag.py
[2026-02-12T17:51:10.309+0000] {logging_mixin.py:151} INFO - [2026-02-12T17:51:10.308+0000] {dag.py:2915} INFO - Sync 1 DAGs
[2026-02-12T17:51:10.371+0000] {logging_mixin.py:151} INFO - [2026-02-12T17:51:10.370+0000] {dag.py:3696} INFO - Setting next_dagrun for ingestionDAG to 2026-02-12T17:50:40.370247+00:00, run_after=2026-02-12T17:51:10.370247+00:00
[2026-02-12T17:51:10.432+0000] {processor.py:179} INFO - Processing /opt/airflow/dags/ingest_local_folder_dag.py took 1.261 seconds
[2026-02-12T17:51:40.733+0000] {processor.py:157} INFO - Started process (PID=1098) to work on /opt/airflow/dags/ingest_local_folder_dag.py
[2026-02-12T17:51:40.736+0000] {processor.py:829} INFO - Processing file /opt/airflow/dags/ingest_local_folder_dag.py for tasks to queue
[2026-02-12T17:51:40.738+0000] {logging_mixin.py:151} INFO - [2026-02-12T17:51:40.737+0000] {dagbag.py:539} INFO - Filling up the DagBag from /opt/airflow/dags/ingest_local_folder_dag.py
[2026-02-12T17:51:41.635+0000] {processor.py:839} INFO - DAG(s) dict_keys(['ingestionDAG']) retrieved from /opt/airflow/dags/ingest_local_folder_dag.py
[2026-02-12T17:51:41.718+0000] {logging_mixin.py:151} INFO - [2026-02-12T17:51:41.718+0000] {dag.py:2915} INFO - Sync 1 DAGs
[2026-02-12T17:51:41.780+0000] {logging_mixin.py:151} INFO - [2026-02-12T17:51:41.780+0000] {dag.py:3696} INFO - Setting next_dagrun for ingestionDAG to 2026-02-12T17:51:11.779703+00:00, run_after=2026-02-12T17:51:41.779703+00:00
[2026-02-12T17:51:41.830+0000] {processor.py:179} INFO - Processing /opt/airflow/dags/ingest_local_folder_dag.py took 1.107 seconds
[2026-02-12T17:52:12.003+0000] {processor.py:157} INFO - Started process (PID=1111) to work on /opt/airflow/dags/ingest_local_folder_dag.py
[2026-02-12T17:52:12.006+0000] {processor.py:829} INFO - Processing file /opt/airflow/dags/ingest_local_folder_dag.py for tasks to queue
[2026-02-12T17:52:12.009+0000] {logging_mixin.py:151} INFO - [2026-02-12T17:52:12.007+0000] {dagbag.py:539} INFO - Filling up the DagBag from /opt/airflow/dags/ingest_local_folder_dag.py
[2026-02-12T17:52:12.991+0000] {processor.py:839} INFO - DAG(s) dict_keys(['ingestionDAG']) retrieved from /opt/airflow/dags/ingest_local_folder_dag.py
[2026-02-12T17:52:13.074+0000] {logging_mixin.py:151} INFO - [2026-02-12T17:52:13.073+0000] {dag.py:2915} INFO - Sync 1 DAGs
[2026-02-12T17:52:13.131+0000] {logging_mixin.py:151} INFO - [2026-02-12T17:52:13.131+0000] {dag.py:3696} INFO - Setting next_dagrun for ingestionDAG to 2026-02-12T17:51:43.130650+00:00, run_after=2026-02-12T17:52:13.130650+00:00
[2026-02-12T17:52:13.173+0000] {processor.py:179} INFO - Processing /opt/airflow/dags/ingest_local_folder_dag.py took 1.182 seconds
[2026-02-12T17:52:43.451+0000] {processor.py:157} INFO - Started process (PID=1124) to work on /opt/airflow/dags/ingest_local_folder_dag.py
[2026-02-12T17:52:43.454+0000] {processor.py:829} INFO - Processing file /opt/airflow/dags/ingest_local_folder_dag.py for tasks to queue
[2026-02-12T17:52:43.456+0000] {logging_mixin.py:151} INFO - [2026-02-12T17:52:43.455+0000] {dagbag.py:539} INFO - Filling up the DagBag from /opt/airflow/dags/ingest_local_folder_dag.py
[2026-02-12T17:52:44.417+0000] {processor.py:839} INFO - DAG(s) dict_keys(['ingestionDAG']) retrieved from /opt/airflow/dags/ingest_local_folder_dag.py
[2026-02-12T17:52:44.499+0000] {logging_mixin.py:151} INFO - [2026-02-12T17:52:44.498+0000] {dag.py:2915} INFO - Sync 1 DAGs
[2026-02-12T17:52:44.556+0000] {logging_mixin.py:151} INFO - [2026-02-12T17:52:44.555+0000] {dag.py:3696} INFO - Setting next_dagrun for ingestionDAG to 2026-02-12T17:52:14.555225+00:00, run_after=2026-02-12T17:52:44.555225+00:00
[2026-02-12T17:52:44.599+0000] {processor.py:179} INFO - Processing /opt/airflow/dags/ingest_local_folder_dag.py took 1.159 seconds
[2026-02-12T17:53:14.862+0000] {processor.py:157} INFO - Started process (PID=1137) to work on /opt/airflow/dags/ingest_local_folder_dag.py
[2026-02-12T17:53:14.865+0000] {processor.py:829} INFO - Processing file /opt/airflow/dags/ingest_local_folder_dag.py for tasks to queue
[2026-02-12T17:53:14.867+0000] {logging_mixin.py:151} INFO - [2026-02-12T17:53:14.866+0000] {dagbag.py:539} INFO - Filling up the DagBag from /opt/airflow/dags/ingest_local_folder_dag.py
[2026-02-12T17:53:15.755+0000] {processor.py:839} INFO - DAG(s) dict_keys(['ingestionDAG']) retrieved from /opt/airflow/dags/ingest_local_folder_dag.py
[2026-02-12T17:53:15.831+0000] {logging_mixin.py:151} INFO - [2026-02-12T17:53:15.831+0000] {dag.py:2915} INFO - Sync 1 DAGs
[2026-02-12T17:53:15.883+0000] {logging_mixin.py:151} INFO - [2026-02-12T17:53:15.883+0000] {dag.py:3696} INFO - Setting next_dagrun for ingestionDAG to 2026-02-12T17:52:45.882549+00:00, run_after=2026-02-12T17:53:15.882549+00:00
[2026-02-12T17:53:15.923+0000] {processor.py:179} INFO - Processing /opt/airflow/dags/ingest_local_folder_dag.py took 1.072 seconds
[2026-02-12T17:53:46.088+0000] {processor.py:157} INFO - Started process (PID=1150) to work on /opt/airflow/dags/ingest_local_folder_dag.py
[2026-02-12T17:53:46.091+0000] {processor.py:829} INFO - Processing file /opt/airflow/dags/ingest_local_folder_dag.py for tasks to queue
[2026-02-12T17:53:46.093+0000] {logging_mixin.py:151} INFO - [2026-02-12T17:53:46.092+0000] {dagbag.py:539} INFO - Filling up the DagBag from /opt/airflow/dags/ingest_local_folder_dag.py
[2026-02-12T17:53:46.961+0000] {processor.py:839} INFO - DAG(s) dict_keys(['ingestionDAG']) retrieved from /opt/airflow/dags/ingest_local_folder_dag.py
[2026-02-12T17:53:47.036+0000] {logging_mixin.py:151} INFO - [2026-02-12T17:53:47.036+0000] {dag.py:2915} INFO - Sync 1 DAGs
[2026-02-12T17:53:47.088+0000] {logging_mixin.py:151} INFO - [2026-02-12T17:53:47.088+0000] {dag.py:3696} INFO - Setting next_dagrun for ingestionDAG to 2026-02-12T17:53:17.087768+00:00, run_after=2026-02-12T17:53:47.087768+00:00
[2026-02-12T17:53:47.131+0000] {processor.py:179} INFO - Processing /opt/airflow/dags/ingest_local_folder_dag.py took 1.053 seconds
[2026-02-12T17:54:17.356+0000] {processor.py:157} INFO - Started process (PID=1163) to work on /opt/airflow/dags/ingest_local_folder_dag.py
[2026-02-12T17:54:17.359+0000] {processor.py:829} INFO - Processing file /opt/airflow/dags/ingest_local_folder_dag.py for tasks to queue
[2026-02-12T17:54:17.361+0000] {logging_mixin.py:151} INFO - [2026-02-12T17:54:17.360+0000] {dagbag.py:539} INFO - Filling up the DagBag from /opt/airflow/dags/ingest_local_folder_dag.py
[2026-02-12T17:54:18.252+0000] {processor.py:839} INFO - DAG(s) dict_keys(['ingestionDAG']) retrieved from /opt/airflow/dags/ingest_local_folder_dag.py
[2026-02-12T17:54:18.327+0000] {logging_mixin.py:151} INFO - [2026-02-12T17:54:18.327+0000] {dag.py:2915} INFO - Sync 1 DAGs
[2026-02-12T17:54:18.383+0000] {logging_mixin.py:151} INFO - [2026-02-12T17:54:18.383+0000] {dag.py:3696} INFO - Setting next_dagrun for ingestionDAG to 2026-02-12T17:53:48.382956+00:00, run_after=2026-02-12T17:54:18.382956+00:00
[2026-02-12T17:54:18.423+0000] {processor.py:179} INFO - Processing /opt/airflow/dags/ingest_local_folder_dag.py took 1.078 seconds
[2026-02-12T17:54:48.603+0000] {processor.py:157} INFO - Started process (PID=1176) to work on /opt/airflow/dags/ingest_local_folder_dag.py
[2026-02-12T17:54:48.606+0000] {processor.py:829} INFO - Processing file /opt/airflow/dags/ingest_local_folder_dag.py for tasks to queue
[2026-02-12T17:54:48.608+0000] {logging_mixin.py:151} INFO - [2026-02-12T17:54:48.607+0000] {dagbag.py:539} INFO - Filling up the DagBag from /opt/airflow/dags/ingest_local_folder_dag.py
[2026-02-12T17:54:49.499+0000] {processor.py:839} INFO - DAG(s) dict_keys(['ingestionDAG']) retrieved from /opt/airflow/dags/ingest_local_folder_dag.py
[2026-02-12T17:54:49.574+0000] {logging_mixin.py:151} INFO - [2026-02-12T17:54:49.574+0000] {dag.py:2915} INFO - Sync 1 DAGs
[2026-02-12T17:54:49.629+0000] {logging_mixin.py:151} INFO - [2026-02-12T17:54:49.628+0000] {dag.py:3696} INFO - Setting next_dagrun for ingestionDAG to 2026-02-12T17:54:19.628505+00:00, run_after=2026-02-12T17:54:49.628505+00:00
[2026-02-12T17:54:49.668+0000] {processor.py:179} INFO - Processing /opt/airflow/dags/ingest_local_folder_dag.py took 1.075 seconds
[2026-02-12T17:55:19.932+0000] {processor.py:157} INFO - Started process (PID=1189) to work on /opt/airflow/dags/ingest_local_folder_dag.py
[2026-02-12T17:55:19.934+0000] {processor.py:829} INFO - Processing file /opt/airflow/dags/ingest_local_folder_dag.py for tasks to queue
[2026-02-12T17:55:19.937+0000] {logging_mixin.py:151} INFO - [2026-02-12T17:55:19.935+0000] {dagbag.py:539} INFO - Filling up the DagBag from /opt/airflow/dags/ingest_local_folder_dag.py
[2026-02-12T17:55:20.933+0000] {processor.py:839} INFO - DAG(s) dict_keys(['ingestionDAG']) retrieved from /opt/airflow/dags/ingest_local_folder_dag.py
[2026-02-12T17:55:21.022+0000] {logging_mixin.py:151} INFO - [2026-02-12T17:55:21.022+0000] {dag.py:2915} INFO - Sync 1 DAGs
[2026-02-12T17:55:21.083+0000] {logging_mixin.py:151} INFO - [2026-02-12T17:55:21.083+0000] {dag.py:3696} INFO - Setting next_dagrun for ingestionDAG to 2026-02-12T17:54:51.082615+00:00, run_after=2026-02-12T17:55:21.082615+00:00
[2026-02-12T17:55:21.132+0000] {processor.py:179} INFO - Processing /opt/airflow/dags/ingest_local_folder_dag.py took 1.211 seconds
[2026-02-12T17:55:51.261+0000] {processor.py:157} INFO - Started process (PID=1202) to work on /opt/airflow/dags/ingest_local_folder_dag.py
[2026-02-12T17:55:51.263+0000] {processor.py:829} INFO - Processing file /opt/airflow/dags/ingest_local_folder_dag.py for tasks to queue
[2026-02-12T17:55:51.266+0000] {logging_mixin.py:151} INFO - [2026-02-12T17:55:51.265+0000] {dagbag.py:539} INFO - Filling up the DagBag from /opt/airflow/dags/ingest_local_folder_dag.py
[2026-02-12T17:55:52.187+0000] {processor.py:839} INFO - DAG(s) dict_keys(['ingestionDAG']) retrieved from /opt/airflow/dags/ingest_local_folder_dag.py
[2026-02-12T17:55:52.274+0000] {logging_mixin.py:151} INFO - [2026-02-12T17:55:52.274+0000] {dag.py:2915} INFO - Sync 1 DAGs
[2026-02-12T17:55:52.327+0000] {logging_mixin.py:151} INFO - [2026-02-12T17:55:52.327+0000] {dag.py:3696} INFO - Setting next_dagrun for ingestionDAG to 2026-02-12T17:55:22.326706+00:00, run_after=2026-02-12T17:55:52.326706+00:00
[2026-02-12T17:55:52.374+0000] {processor.py:179} INFO - Processing /opt/airflow/dags/ingest_local_folder_dag.py took 1.123 seconds
[2026-02-12T17:56:22.505+0000] {processor.py:157} INFO - Started process (PID=1215) to work on /opt/airflow/dags/ingest_local_folder_dag.py
[2026-02-12T17:56:22.507+0000] {processor.py:829} INFO - Processing file /opt/airflow/dags/ingest_local_folder_dag.py for tasks to queue
[2026-02-12T17:56:22.510+0000] {logging_mixin.py:151} INFO - [2026-02-12T17:56:22.508+0000] {dagbag.py:539} INFO - Filling up the DagBag from /opt/airflow/dags/ingest_local_folder_dag.py
[2026-02-12T17:56:23.397+0000] {processor.py:839} INFO - DAG(s) dict_keys(['ingestionDAG']) retrieved from /opt/airflow/dags/ingest_local_folder_dag.py
[2026-02-12T17:56:23.472+0000] {logging_mixin.py:151} INFO - [2026-02-12T17:56:23.472+0000] {dag.py:2915} INFO - Sync 1 DAGs
[2026-02-12T17:56:23.524+0000] {logging_mixin.py:151} INFO - [2026-02-12T17:56:23.523+0000] {dag.py:3696} INFO - Setting next_dagrun for ingestionDAG to 2026-02-12T17:55:53.523491+00:00, run_after=2026-02-12T17:56:23.523491+00:00
[2026-02-12T17:56:23.611+0000] {processor.py:179} INFO - Processing /opt/airflow/dags/ingest_local_folder_dag.py took 1.116 seconds
[2026-02-12T17:56:53.759+0000] {processor.py:157} INFO - Started process (PID=1228) to work on /opt/airflow/dags/ingest_local_folder_dag.py
[2026-02-12T17:56:53.761+0000] {processor.py:829} INFO - Processing file /opt/airflow/dags/ingest_local_folder_dag.py for tasks to queue
[2026-02-12T17:56:53.763+0000] {logging_mixin.py:151} INFO - [2026-02-12T17:56:53.762+0000] {dagbag.py:539} INFO - Filling up the DagBag from /opt/airflow/dags/ingest_local_folder_dag.py
[2026-02-12T17:56:54.661+0000] {processor.py:839} INFO - DAG(s) dict_keys(['ingestionDAG']) retrieved from /opt/airflow/dags/ingest_local_folder_dag.py
[2026-02-12T17:56:54.741+0000] {logging_mixin.py:151} INFO - [2026-02-12T17:56:54.741+0000] {dag.py:2915} INFO - Sync 1 DAGs
[2026-02-12T17:56:54.802+0000] {logging_mixin.py:151} INFO - [2026-02-12T17:56:54.802+0000] {dag.py:3696} INFO - Setting next_dagrun for ingestionDAG to 2026-02-12T17:56:24.801976+00:00, run_after=2026-02-12T17:56:54.801976+00:00
[2026-02-12T17:56:54.844+0000] {processor.py:179} INFO - Processing /opt/airflow/dags/ingest_local_folder_dag.py took 1.094 seconds
[2026-02-12T17:57:25.017+0000] {processor.py:157} INFO - Started process (PID=1241) to work on /opt/airflow/dags/ingest_local_folder_dag.py
[2026-02-12T17:57:25.019+0000] {processor.py:829} INFO - Processing file /opt/airflow/dags/ingest_local_folder_dag.py for tasks to queue
[2026-02-12T17:57:25.021+0000] {logging_mixin.py:151} INFO - [2026-02-12T17:57:25.020+0000] {dagbag.py:539} INFO - Filling up the DagBag from /opt/airflow/dags/ingest_local_folder_dag.py
[2026-02-12T17:57:25.909+0000] {processor.py:839} INFO - DAG(s) dict_keys(['ingestionDAG']) retrieved from /opt/airflow/dags/ingest_local_folder_dag.py
[2026-02-12T17:57:25.989+0000] {logging_mixin.py:151} INFO - [2026-02-12T17:57:25.989+0000] {dag.py:2915} INFO - Sync 1 DAGs
[2026-02-12T17:57:26.044+0000] {logging_mixin.py:151} INFO - [2026-02-12T17:57:26.044+0000] {dag.py:3696} INFO - Setting next_dagrun for ingestionDAG to 2026-02-12T17:56:56.043842+00:00, run_after=2026-02-12T17:57:26.043842+00:00
[2026-02-12T17:57:26.085+0000] {processor.py:179} INFO - Processing /opt/airflow/dags/ingest_local_folder_dag.py took 1.078 seconds
[2026-02-12T17:57:56.342+0000] {processor.py:157} INFO - Started process (PID=1254) to work on /opt/airflow/dags/ingest_local_folder_dag.py
[2026-02-12T17:57:56.345+0000] {processor.py:829} INFO - Processing file /opt/airflow/dags/ingest_local_folder_dag.py for tasks to queue
[2026-02-12T17:57:56.347+0000] {logging_mixin.py:151} INFO - [2026-02-12T17:57:56.346+0000] {dagbag.py:539} INFO - Filling up the DagBag from /opt/airflow/dags/ingest_local_folder_dag.py
[2026-02-12T17:57:57.259+0000] {processor.py:839} INFO - DAG(s) dict_keys(['ingestionDAG']) retrieved from /opt/airflow/dags/ingest_local_folder_dag.py
[2026-02-12T17:57:57.335+0000] {logging_mixin.py:151} INFO - [2026-02-12T17:57:57.334+0000] {dag.py:2915} INFO - Sync 1 DAGs
[2026-02-12T17:57:57.388+0000] {logging_mixin.py:151} INFO - [2026-02-12T17:57:57.387+0000] {dag.py:3696} INFO - Setting next_dagrun for ingestionDAG to 2026-02-12T17:57:27.387348+00:00, run_after=2026-02-12T17:57:57.387348+00:00
[2026-02-12T17:57:57.427+0000] {processor.py:179} INFO - Processing /opt/airflow/dags/ingest_local_folder_dag.py took 1.095 seconds
[2026-02-12T17:58:27.580+0000] {processor.py:157} INFO - Started process (PID=1267) to work on /opt/airflow/dags/ingest_local_folder_dag.py
[2026-02-12T17:58:27.583+0000] {processor.py:829} INFO - Processing file /opt/airflow/dags/ingest_local_folder_dag.py for tasks to queue
[2026-02-12T17:58:27.585+0000] {logging_mixin.py:151} INFO - [2026-02-12T17:58:27.584+0000] {dagbag.py:539} INFO - Filling up the DagBag from /opt/airflow/dags/ingest_local_folder_dag.py
[2026-02-12T17:58:28.478+0000] {processor.py:839} INFO - DAG(s) dict_keys(['ingestionDAG']) retrieved from /opt/airflow/dags/ingest_local_folder_dag.py
[2026-02-12T17:58:28.555+0000] {logging_mixin.py:151} INFO - [2026-02-12T17:58:28.554+0000] {dag.py:2915} INFO - Sync 1 DAGs
[2026-02-12T17:58:28.610+0000] {logging_mixin.py:151} INFO - [2026-02-12T17:58:28.609+0000] {dag.py:3696} INFO - Setting next_dagrun for ingestionDAG to 2026-02-12T17:57:58.609506+00:00, run_after=2026-02-12T17:58:28.609506+00:00
[2026-02-12T17:58:28.649+0000] {processor.py:179} INFO - Processing /opt/airflow/dags/ingest_local_folder_dag.py took 1.079 seconds
[2026-02-12T17:58:58.838+0000] {processor.py:157} INFO - Started process (PID=1280) to work on /opt/airflow/dags/ingest_local_folder_dag.py
[2026-02-12T17:58:58.841+0000] {processor.py:829} INFO - Processing file /opt/airflow/dags/ingest_local_folder_dag.py for tasks to queue
[2026-02-12T17:58:58.843+0000] {logging_mixin.py:151} INFO - [2026-02-12T17:58:58.842+0000] {dagbag.py:539} INFO - Filling up the DagBag from /opt/airflow/dags/ingest_local_folder_dag.py
[2026-02-12T17:58:59.730+0000] {processor.py:839} INFO - DAG(s) dict_keys(['ingestionDAG']) retrieved from /opt/airflow/dags/ingest_local_folder_dag.py
[2026-02-12T17:58:59.808+0000] {logging_mixin.py:151} INFO - [2026-02-12T17:58:59.808+0000] {dag.py:2915} INFO - Sync 1 DAGs
[2026-02-12T17:58:59.860+0000] {logging_mixin.py:151} INFO - [2026-02-12T17:58:59.859+0000] {dag.py:3696} INFO - Setting next_dagrun for ingestionDAG to 2026-02-12T17:58:29.859130+00:00, run_after=2026-02-12T17:58:59.859130+00:00
[2026-02-12T17:58:59.899+0000] {processor.py:179} INFO - Processing /opt/airflow/dags/ingest_local_folder_dag.py took 1.071 seconds
[2026-02-12T17:59:30.091+0000] {processor.py:157} INFO - Started process (PID=1293) to work on /opt/airflow/dags/ingest_local_folder_dag.py
[2026-02-12T17:59:30.093+0000] {processor.py:829} INFO - Processing file /opt/airflow/dags/ingest_local_folder_dag.py for tasks to queue
[2026-02-12T17:59:30.096+0000] {logging_mixin.py:151} INFO - [2026-02-12T17:59:30.095+0000] {dagbag.py:539} INFO - Filling up the DagBag from /opt/airflow/dags/ingest_local_folder_dag.py
[2026-02-12T17:59:31.133+0000] {processor.py:839} INFO - DAG(s) dict_keys(['ingestionDAG']) retrieved from /opt/airflow/dags/ingest_local_folder_dag.py
[2026-02-12T17:59:31.231+0000] {logging_mixin.py:151} INFO - [2026-02-12T17:59:31.230+0000] {dag.py:2915} INFO - Sync 1 DAGs
[2026-02-12T17:59:31.292+0000] {logging_mixin.py:151} INFO - [2026-02-12T17:59:31.292+0000] {dag.py:3696} INFO - Setting next_dagrun for ingestionDAG to 2026-02-12T17:59:01.291854+00:00, run_after=2026-02-12T17:59:31.291854+00:00
[2026-02-12T17:59:31.342+0000] {processor.py:179} INFO - Processing /opt/airflow/dags/ingest_local_folder_dag.py took 1.260 seconds
[2026-02-12T18:00:01.600+0000] {processor.py:157} INFO - Started process (PID=1306) to work on /opt/airflow/dags/ingest_local_folder_dag.py
[2026-02-12T18:00:01.603+0000] {processor.py:829} INFO - Processing file /opt/airflow/dags/ingest_local_folder_dag.py for tasks to queue
[2026-02-12T18:00:01.606+0000] {logging_mixin.py:151} INFO - [2026-02-12T18:00:01.605+0000] {dagbag.py:539} INFO - Filling up the DagBag from /opt/airflow/dags/ingest_local_folder_dag.py
[2026-02-12T18:00:02.510+0000] {processor.py:839} INFO - DAG(s) dict_keys(['ingestionDAG']) retrieved from /opt/airflow/dags/ingest_local_folder_dag.py
[2026-02-12T18:00:02.589+0000] {logging_mixin.py:151} INFO - [2026-02-12T18:00:02.588+0000] {dag.py:2915} INFO - Sync 1 DAGs
[2026-02-12T18:00:02.644+0000] {logging_mixin.py:151} INFO - [2026-02-12T18:00:02.644+0000] {dag.py:3696} INFO - Setting next_dagrun for ingestionDAG to 2026-02-12T17:59:32.643985+00:00, run_after=2026-02-12T18:00:02.643985+00:00
[2026-02-12T18:00:02.684+0000] {processor.py:179} INFO - Processing /opt/airflow/dags/ingest_local_folder_dag.py took 1.095 seconds
[2026-02-12T18:00:32.821+0000] {processor.py:157} INFO - Started process (PID=1319) to work on /opt/airflow/dags/ingest_local_folder_dag.py
[2026-02-12T18:00:32.824+0000] {processor.py:829} INFO - Processing file /opt/airflow/dags/ingest_local_folder_dag.py for tasks to queue
[2026-02-12T18:00:32.826+0000] {logging_mixin.py:151} INFO - [2026-02-12T18:00:32.825+0000] {dagbag.py:539} INFO - Filling up the DagBag from /opt/airflow/dags/ingest_local_folder_dag.py
[2026-02-12T18:00:33.700+0000] {processor.py:839} INFO - DAG(s) dict_keys(['ingestionDAG']) retrieved from /opt/airflow/dags/ingest_local_folder_dag.py
[2026-02-12T18:00:33.776+0000] {logging_mixin.py:151} INFO - [2026-02-12T18:00:33.776+0000] {dag.py:2915} INFO - Sync 1 DAGs
[2026-02-12T18:00:33.829+0000] {logging_mixin.py:151} INFO - [2026-02-12T18:00:33.828+0000] {dag.py:3696} INFO - Setting next_dagrun for ingestionDAG to 2026-02-12T18:00:03.828459+00:00, run_after=2026-02-12T18:00:33.828459+00:00
[2026-02-12T18:00:33.872+0000] {processor.py:179} INFO - Processing /opt/airflow/dags/ingest_local_folder_dag.py took 1.060 seconds
[2026-02-12T18:01:04.038+0000] {processor.py:157} INFO - Started process (PID=1332) to work on /opt/airflow/dags/ingest_local_folder_dag.py
[2026-02-12T18:01:04.040+0000] {processor.py:829} INFO - Processing file /opt/airflow/dags/ingest_local_folder_dag.py for tasks to queue
[2026-02-12T18:01:04.042+0000] {logging_mixin.py:151} INFO - [2026-02-12T18:01:04.041+0000] {dagbag.py:539} INFO - Filling up the DagBag from /opt/airflow/dags/ingest_local_folder_dag.py
[2026-02-12T18:01:04.921+0000] {processor.py:839} INFO - DAG(s) dict_keys(['ingestionDAG']) retrieved from /opt/airflow/dags/ingest_local_folder_dag.py
[2026-02-12T18:01:04.998+0000] {logging_mixin.py:151} INFO - [2026-02-12T18:01:04.998+0000] {dag.py:2915} INFO - Sync 1 DAGs
[2026-02-12T18:01:05.053+0000] {logging_mixin.py:151} INFO - [2026-02-12T18:01:05.052+0000] {dag.py:3696} INFO - Setting next_dagrun for ingestionDAG to 2026-02-12T18:00:35.052308+00:00, run_after=2026-02-12T18:01:05.052308+00:00
[2026-02-12T18:01:05.093+0000] {processor.py:179} INFO - Processing /opt/airflow/dags/ingest_local_folder_dag.py took 1.065 seconds
[2026-02-12T18:01:35.370+0000] {processor.py:157} INFO - Started process (PID=1343) to work on /opt/airflow/dags/ingest_local_folder_dag.py
[2026-02-12T18:01:35.374+0000] {processor.py:829} INFO - Processing file /opt/airflow/dags/ingest_local_folder_dag.py for tasks to queue
[2026-02-12T18:01:35.376+0000] {logging_mixin.py:151} INFO - [2026-02-12T18:01:35.375+0000] {dagbag.py:539} INFO - Filling up the DagBag from /opt/airflow/dags/ingest_local_folder_dag.py
[2026-02-12T18:01:36.526+0000] {processor.py:839} INFO - DAG(s) dict_keys(['ingestionDAG']) retrieved from /opt/airflow/dags/ingest_local_folder_dag.py
[2026-02-12T18:01:36.614+0000] {logging_mixin.py:151} INFO - [2026-02-12T18:01:36.613+0000] {dag.py:2915} INFO - Sync 1 DAGs
[2026-02-12T18:01:36.684+0000] {logging_mixin.py:151} INFO - [2026-02-12T18:01:36.683+0000] {dag.py:3696} INFO - Setting next_dagrun for ingestionDAG to 2026-02-12T18:01:06.683150+00:00, run_after=2026-02-12T18:01:36.683150+00:00
[2026-02-12T18:01:36.738+0000] {processor.py:179} INFO - Processing /opt/airflow/dags/ingest_local_folder_dag.py took 1.379 seconds
[2026-02-12T18:02:07.020+0000] {processor.py:157} INFO - Started process (PID=1355) to work on /opt/airflow/dags/ingest_local_folder_dag.py
[2026-02-12T18:02:07.022+0000] {processor.py:829} INFO - Processing file /opt/airflow/dags/ingest_local_folder_dag.py for tasks to queue
[2026-02-12T18:02:07.025+0000] {logging_mixin.py:151} INFO - [2026-02-12T18:02:07.024+0000] {dagbag.py:539} INFO - Filling up the DagBag from /opt/airflow/dags/ingest_local_folder_dag.py
[2026-02-12T18:02:08.126+0000] {processor.py:839} INFO - DAG(s) dict_keys(['ingestionDAG']) retrieved from /opt/airflow/dags/ingest_local_folder_dag.py
[2026-02-12T18:02:08.245+0000] {logging_mixin.py:151} INFO - [2026-02-12T18:02:08.244+0000] {dag.py:2915} INFO - Sync 1 DAGs
[2026-02-12T18:02:08.317+0000] {logging_mixin.py:151} INFO - [2026-02-12T18:02:08.316+0000] {dag.py:3696} INFO - Setting next_dagrun for ingestionDAG to 2026-02-12T18:01:38.316321+00:00, run_after=2026-02-12T18:02:08.316321+00:00
[2026-02-12T18:02:08.420+0000] {processor.py:179} INFO - Processing /opt/airflow/dags/ingest_local_folder_dag.py took 1.412 seconds
[2026-02-12T18:02:39.230+0000] {processor.py:157} INFO - Started process (PID=1365) to work on /opt/airflow/dags/ingest_local_folder_dag.py
[2026-02-12T18:02:39.233+0000] {processor.py:829} INFO - Processing file /opt/airflow/dags/ingest_local_folder_dag.py for tasks to queue
[2026-02-12T18:02:39.235+0000] {logging_mixin.py:151} INFO - [2026-02-12T18:02:39.234+0000] {dagbag.py:539} INFO - Filling up the DagBag from /opt/airflow/dags/ingest_local_folder_dag.py
[2026-02-12T18:02:40.158+0000] {processor.py:839} INFO - DAG(s) dict_keys(['ingestionDAG']) retrieved from /opt/airflow/dags/ingest_local_folder_dag.py
[2026-02-12T18:02:40.235+0000] {logging_mixin.py:151} INFO - [2026-02-12T18:02:40.234+0000] {dag.py:2915} INFO - Sync 1 DAGs
[2026-02-12T18:02:40.287+0000] {logging_mixin.py:151} INFO - [2026-02-12T18:02:40.287+0000] {dag.py:3696} INFO - Setting next_dagrun for ingestionDAG to 2026-02-12T18:02:10.286715+00:00, run_after=2026-02-12T18:02:40.286715+00:00
[2026-02-12T18:02:40.327+0000] {processor.py:179} INFO - Processing /opt/airflow/dags/ingest_local_folder_dag.py took 1.108 seconds
[2026-02-12T18:03:10.508+0000] {processor.py:157} INFO - Started process (PID=1378) to work on /opt/airflow/dags/ingest_local_folder_dag.py
[2026-02-12T18:03:10.510+0000] {processor.py:829} INFO - Processing file /opt/airflow/dags/ingest_local_folder_dag.py for tasks to queue
[2026-02-12T18:03:10.513+0000] {logging_mixin.py:151} INFO - [2026-02-12T18:03:10.512+0000] {dagbag.py:539} INFO - Filling up the DagBag from /opt/airflow/dags/ingest_local_folder_dag.py
[2026-02-12T18:03:11.493+0000] {processor.py:839} INFO - DAG(s) dict_keys(['ingestionDAG']) retrieved from /opt/airflow/dags/ingest_local_folder_dag.py
[2026-02-12T18:03:11.644+0000] {logging_mixin.py:151} INFO - [2026-02-12T18:03:11.644+0000] {dag.py:2915} INFO - Sync 1 DAGs
[2026-02-12T18:03:11.727+0000] {logging_mixin.py:151} INFO - [2026-02-12T18:03:11.726+0000] {dag.py:3696} INFO - Setting next_dagrun for ingestionDAG to 2026-02-12T18:02:41.725647+00:00, run_after=2026-02-12T18:03:11.725647+00:00
[2026-02-12T18:03:11.803+0000] {processor.py:179} INFO - Processing /opt/airflow/dags/ingest_local_folder_dag.py took 1.306 seconds
[2026-02-12T18:03:42.016+0000] {processor.py:157} INFO - Started process (PID=1391) to work on /opt/airflow/dags/ingest_local_folder_dag.py
[2026-02-12T18:03:42.019+0000] {processor.py:829} INFO - Processing file /opt/airflow/dags/ingest_local_folder_dag.py for tasks to queue
[2026-02-12T18:03:42.021+0000] {logging_mixin.py:151} INFO - [2026-02-12T18:03:42.020+0000] {dagbag.py:539} INFO - Filling up the DagBag from /opt/airflow/dags/ingest_local_folder_dag.py
[2026-02-12T18:03:42.988+0000] {processor.py:839} INFO - DAG(s) dict_keys(['ingestionDAG']) retrieved from /opt/airflow/dags/ingest_local_folder_dag.py
[2026-02-12T18:03:43.076+0000] {logging_mixin.py:151} INFO - [2026-02-12T18:03:43.076+0000] {dag.py:2915} INFO - Sync 1 DAGs
[2026-02-12T18:03:43.138+0000] {logging_mixin.py:151} INFO - [2026-02-12T18:03:43.138+0000] {dag.py:3696} INFO - Setting next_dagrun for ingestionDAG to 2026-02-12T18:03:13.137627+00:00, run_after=2026-02-12T18:03:43.137627+00:00
[2026-02-12T18:03:43.186+0000] {processor.py:179} INFO - Processing /opt/airflow/dags/ingest_local_folder_dag.py took 1.182 seconds
[2026-02-12T18:04:13.408+0000] {processor.py:157} INFO - Started process (PID=1404) to work on /opt/airflow/dags/ingest_local_folder_dag.py
[2026-02-12T18:04:13.411+0000] {processor.py:829} INFO - Processing file /opt/airflow/dags/ingest_local_folder_dag.py for tasks to queue
[2026-02-12T18:04:13.413+0000] {logging_mixin.py:151} INFO - [2026-02-12T18:04:13.412+0000] {dagbag.py:539} INFO - Filling up the DagBag from /opt/airflow/dags/ingest_local_folder_dag.py
[2026-02-12T18:04:14.297+0000] {processor.py:839} INFO - DAG(s) dict_keys(['ingestionDAG']) retrieved from /opt/airflow/dags/ingest_local_folder_dag.py
[2026-02-12T18:04:14.375+0000] {logging_mixin.py:151} INFO - [2026-02-12T18:04:14.374+0000] {dag.py:2915} INFO - Sync 1 DAGs
[2026-02-12T18:04:14.427+0000] {logging_mixin.py:151} INFO - [2026-02-12T18:04:14.426+0000] {dag.py:3696} INFO - Setting next_dagrun for ingestionDAG to 2026-02-12T18:03:44.426365+00:00, run_after=2026-02-12T18:04:14.426365+00:00
[2026-02-12T18:04:14.467+0000] {processor.py:179} INFO - Processing /opt/airflow/dags/ingest_local_folder_dag.py took 1.070 seconds
[2026-02-12T18:04:44.763+0000] {processor.py:157} INFO - Started process (PID=1417) to work on /opt/airflow/dags/ingest_local_folder_dag.py
[2026-02-12T18:04:44.765+0000] {processor.py:829} INFO - Processing file /opt/airflow/dags/ingest_local_folder_dag.py for tasks to queue
[2026-02-12T18:04:44.767+0000] {logging_mixin.py:151} INFO - [2026-02-12T18:04:44.766+0000] {dagbag.py:539} INFO - Filling up the DagBag from /opt/airflow/dags/ingest_local_folder_dag.py
[2026-02-12T18:04:45.669+0000] {processor.py:839} INFO - DAG(s) dict_keys(['ingestionDAG']) retrieved from /opt/airflow/dags/ingest_local_folder_dag.py
[2026-02-12T18:04:45.748+0000] {logging_mixin.py:151} INFO - [2026-02-12T18:04:45.748+0000] {dag.py:2915} INFO - Sync 1 DAGs
[2026-02-12T18:04:45.800+0000] {logging_mixin.py:151} INFO - [2026-02-12T18:04:45.800+0000] {dag.py:3696} INFO - Setting next_dagrun for ingestionDAG to 2026-02-12T18:04:15.799719+00:00, run_after=2026-02-12T18:04:45.799719+00:00
[2026-02-12T18:04:45.842+0000] {processor.py:179} INFO - Processing /opt/airflow/dags/ingest_local_folder_dag.py took 1.089 seconds
[2026-02-12T18:05:16.133+0000] {processor.py:157} INFO - Started process (PID=1430) to work on /opt/airflow/dags/ingest_local_folder_dag.py
[2026-02-12T18:05:16.135+0000] {processor.py:829} INFO - Processing file /opt/airflow/dags/ingest_local_folder_dag.py for tasks to queue
[2026-02-12T18:05:16.137+0000] {logging_mixin.py:151} INFO - [2026-02-12T18:05:16.136+0000] {dagbag.py:539} INFO - Filling up the DagBag from /opt/airflow/dags/ingest_local_folder_dag.py
[2026-02-12T18:05:16.705+0000] {processor.py:839} INFO - DAG(s) dict_keys(['ingestionDAG']) retrieved from /opt/airflow/dags/ingest_local_folder_dag.py
[2026-02-12T18:05:16.792+0000] {logging_mixin.py:151} INFO - [2026-02-12T18:05:16.791+0000] {dag.py:2915} INFO - Sync 1 DAGs
[2026-02-12T18:05:16.850+0000] {logging_mixin.py:151} INFO - [2026-02-12T18:05:16.849+0000] {dag.py:3696} INFO - Setting next_dagrun for ingestionDAG to 2026-02-12T18:04:46.849134+00:00, run_after=2026-02-12T18:05:16.849134+00:00
[2026-02-12T18:05:16.895+0000] {processor.py:179} INFO - Processing /opt/airflow/dags/ingest_local_folder_dag.py took 0.774 seconds
[2026-02-12T18:05:47.178+0000] {processor.py:157} INFO - Started process (PID=1443) to work on /opt/airflow/dags/ingest_local_folder_dag.py
[2026-02-12T18:05:47.181+0000] {processor.py:829} INFO - Processing file /opt/airflow/dags/ingest_local_folder_dag.py for tasks to queue
[2026-02-12T18:05:47.183+0000] {logging_mixin.py:151} INFO - [2026-02-12T18:05:47.182+0000] {dagbag.py:539} INFO - Filling up the DagBag from /opt/airflow/dags/ingest_local_folder_dag.py
[2026-02-12T18:05:47.794+0000] {processor.py:839} INFO - DAG(s) dict_keys(['ingestionDAG']) retrieved from /opt/airflow/dags/ingest_local_folder_dag.py
[2026-02-12T18:05:47.884+0000] {logging_mixin.py:151} INFO - [2026-02-12T18:05:47.883+0000] {dag.py:2915} INFO - Sync 1 DAGs
[2026-02-12T18:05:47.948+0000] {logging_mixin.py:151} INFO - [2026-02-12T18:05:47.947+0000] {dag.py:3696} INFO - Setting next_dagrun for ingestionDAG to 2026-02-12T18:05:17.947165+00:00, run_after=2026-02-12T18:05:47.947165+00:00
[2026-02-12T18:05:47.994+0000] {processor.py:179} INFO - Processing /opt/airflow/dags/ingest_local_folder_dag.py took 0.828 seconds
[2026-02-12T18:06:18.257+0000] {processor.py:157} INFO - Started process (PID=1456) to work on /opt/airflow/dags/ingest_local_folder_dag.py
[2026-02-12T18:06:18.260+0000] {processor.py:829} INFO - Processing file /opt/airflow/dags/ingest_local_folder_dag.py for tasks to queue
[2026-02-12T18:06:18.262+0000] {logging_mixin.py:151} INFO - [2026-02-12T18:06:18.261+0000] {dagbag.py:539} INFO - Filling up the DagBag from /opt/airflow/dags/ingest_local_folder_dag.py
[2026-02-12T18:06:18.879+0000] {processor.py:839} INFO - DAG(s) dict_keys(['ingestionDAG']) retrieved from /opt/airflow/dags/ingest_local_folder_dag.py
[2026-02-12T18:06:18.972+0000] {logging_mixin.py:151} INFO - [2026-02-12T18:06:18.972+0000] {dag.py:2915} INFO - Sync 1 DAGs
[2026-02-12T18:06:19.034+0000] {logging_mixin.py:151} INFO - [2026-02-12T18:06:19.034+0000] {dag.py:3696} INFO - Setting next_dagrun for ingestionDAG to 2026-02-12T18:05:49.033706+00:00, run_after=2026-02-12T18:06:19.033706+00:00
[2026-02-12T18:06:19.079+0000] {processor.py:179} INFO - Processing /opt/airflow/dags/ingest_local_folder_dag.py took 0.833 seconds
[2026-02-12T18:06:49.355+0000] {processor.py:157} INFO - Started process (PID=1469) to work on /opt/airflow/dags/ingest_local_folder_dag.py
[2026-02-12T18:06:49.358+0000] {processor.py:829} INFO - Processing file /opt/airflow/dags/ingest_local_folder_dag.py for tasks to queue
[2026-02-12T18:06:49.361+0000] {logging_mixin.py:151} INFO - [2026-02-12T18:06:49.360+0000] {dagbag.py:539} INFO - Filling up the DagBag from /opt/airflow/dags/ingest_local_folder_dag.py
[2026-02-12T18:06:49.991+0000] {processor.py:839} INFO - DAG(s) dict_keys(['ingestionDAG']) retrieved from /opt/airflow/dags/ingest_local_folder_dag.py
[2026-02-12T18:06:50.114+0000] {logging_mixin.py:151} INFO - [2026-02-12T18:06:50.114+0000] {dag.py:2915} INFO - Sync 1 DAGs
[2026-02-12T18:06:50.183+0000] {logging_mixin.py:151} INFO - [2026-02-12T18:06:50.182+0000] {dag.py:3696} INFO - Setting next_dagrun for ingestionDAG to 2026-02-12T18:06:20.182096+00:00, run_after=2026-02-12T18:06:50.182096+00:00
[2026-02-12T18:06:50.244+0000] {processor.py:179} INFO - Processing /opt/airflow/dags/ingest_local_folder_dag.py took 0.901 seconds
[2026-02-12T18:07:20.524+0000] {processor.py:157} INFO - Started process (PID=1482) to work on /opt/airflow/dags/ingest_local_folder_dag.py
[2026-02-12T18:07:20.526+0000] {processor.py:829} INFO - Processing file /opt/airflow/dags/ingest_local_folder_dag.py for tasks to queue
[2026-02-12T18:07:20.529+0000] {logging_mixin.py:151} INFO - [2026-02-12T18:07:20.528+0000] {dagbag.py:539} INFO - Filling up the DagBag from /opt/airflow/dags/ingest_local_folder_dag.py
[2026-02-12T18:07:21.179+0000] {processor.py:839} INFO - DAG(s) dict_keys(['ingestionDAG']) retrieved from /opt/airflow/dags/ingest_local_folder_dag.py
[2026-02-12T18:07:21.281+0000] {logging_mixin.py:151} INFO - [2026-02-12T18:07:21.280+0000] {dag.py:2915} INFO - Sync 1 DAGs
[2026-02-12T18:07:21.346+0000] {logging_mixin.py:151} INFO - [2026-02-12T18:07:21.346+0000] {dag.py:3696} INFO - Setting next_dagrun for ingestionDAG to 2026-02-12T18:06:51.345797+00:00, run_after=2026-02-12T18:07:21.345797+00:00
[2026-02-12T18:07:21.393+0000] {processor.py:179} INFO - Processing /opt/airflow/dags/ingest_local_folder_dag.py took 0.881 seconds
[2026-02-12T18:07:51.670+0000] {processor.py:157} INFO - Started process (PID=1495) to work on /opt/airflow/dags/ingest_local_folder_dag.py
[2026-02-12T18:07:51.673+0000] {processor.py:829} INFO - Processing file /opt/airflow/dags/ingest_local_folder_dag.py for tasks to queue
[2026-02-12T18:07:51.676+0000] {logging_mixin.py:151} INFO - [2026-02-12T18:07:51.675+0000] {dagbag.py:539} INFO - Filling up the DagBag from /opt/airflow/dags/ingest_local_folder_dag.py
[2026-02-12T18:07:52.340+0000] {processor.py:839} INFO - DAG(s) dict_keys(['ingestionDAG']) retrieved from /opt/airflow/dags/ingest_local_folder_dag.py
[2026-02-12T18:07:52.435+0000] {logging_mixin.py:151} INFO - [2026-02-12T18:07:52.435+0000] {dag.py:2915} INFO - Sync 1 DAGs
[2026-02-12T18:07:52.501+0000] {logging_mixin.py:151} INFO - [2026-02-12T18:07:52.500+0000] {dag.py:3696} INFO - Setting next_dagrun for ingestionDAG to 2026-02-12T18:07:22.500314+00:00, run_after=2026-02-12T18:07:52.500314+00:00
[2026-02-12T18:07:52.546+0000] {processor.py:179} INFO - Processing /opt/airflow/dags/ingest_local_folder_dag.py took 0.888 seconds
[2026-02-12T18:08:22.824+0000] {processor.py:157} INFO - Started process (PID=1508) to work on /opt/airflow/dags/ingest_local_folder_dag.py
[2026-02-12T18:08:22.827+0000] {processor.py:829} INFO - Processing file /opt/airflow/dags/ingest_local_folder_dag.py for tasks to queue
[2026-02-12T18:08:22.829+0000] {logging_mixin.py:151} INFO - [2026-02-12T18:08:22.828+0000] {dagbag.py:539} INFO - Filling up the DagBag from /opt/airflow/dags/ingest_local_folder_dag.py
[2026-02-12T18:08:23.471+0000] {processor.py:839} INFO - DAG(s) dict_keys(['ingestionDAG']) retrieved from /opt/airflow/dags/ingest_local_folder_dag.py
[2026-02-12T18:08:23.571+0000] {logging_mixin.py:151} INFO - [2026-02-12T18:08:23.570+0000] {dag.py:2915} INFO - Sync 1 DAGs
[2026-02-12T18:08:23.635+0000] {logging_mixin.py:151} INFO - [2026-02-12T18:08:23.635+0000] {dag.py:3696} INFO - Setting next_dagrun for ingestionDAG to 2026-02-12T18:07:53.634356+00:00, run_after=2026-02-12T18:08:23.634356+00:00
[2026-02-12T18:08:23.681+0000] {processor.py:179} INFO - Processing /opt/airflow/dags/ingest_local_folder_dag.py took 0.869 seconds
[2026-02-12T18:08:53.958+0000] {processor.py:157} INFO - Started process (PID=1521) to work on /opt/airflow/dags/ingest_local_folder_dag.py
[2026-02-12T18:08:53.961+0000] {processor.py:829} INFO - Processing file /opt/airflow/dags/ingest_local_folder_dag.py for tasks to queue
[2026-02-12T18:08:53.964+0000] {logging_mixin.py:151} INFO - [2026-02-12T18:08:53.962+0000] {dagbag.py:539} INFO - Filling up the DagBag from /opt/airflow/dags/ingest_local_folder_dag.py
[2026-02-12T18:08:54.600+0000] {processor.py:839} INFO - DAG(s) dict_keys(['ingestionDAG']) retrieved from /opt/airflow/dags/ingest_local_folder_dag.py
[2026-02-12T18:08:54.690+0000] {logging_mixin.py:151} INFO - [2026-02-12T18:08:54.689+0000] {dag.py:2915} INFO - Sync 1 DAGs
[2026-02-12T18:08:54.750+0000] {logging_mixin.py:151} INFO - [2026-02-12T18:08:54.750+0000] {dag.py:3696} INFO - Setting next_dagrun for ingestionDAG to 2026-02-12T18:08:24.749644+00:00, run_after=2026-02-12T18:08:54.749644+00:00
[2026-02-12T18:08:54.795+0000] {processor.py:179} INFO - Processing /opt/airflow/dags/ingest_local_folder_dag.py took 0.849 seconds
[2026-02-12T18:09:24.916+0000] {processor.py:157} INFO - Started process (PID=1534) to work on /opt/airflow/dags/ingest_local_folder_dag.py
[2026-02-12T18:09:24.919+0000] {processor.py:829} INFO - Processing file /opt/airflow/dags/ingest_local_folder_dag.py for tasks to queue
[2026-02-12T18:09:24.921+0000] {logging_mixin.py:151} INFO - [2026-02-12T18:09:24.920+0000] {dagbag.py:539} INFO - Filling up the DagBag from /opt/airflow/dags/ingest_local_folder_dag.py
[2026-02-12T18:09:25.576+0000] {processor.py:839} INFO - DAG(s) dict_keys(['ingestionDAG']) retrieved from /opt/airflow/dags/ingest_local_folder_dag.py
[2026-02-12T18:09:25.667+0000] {logging_mixin.py:151} INFO - [2026-02-12T18:09:25.667+0000] {dag.py:2915} INFO - Sync 1 DAGs
[2026-02-12T18:09:25.729+0000] {logging_mixin.py:151} INFO - [2026-02-12T18:09:25.729+0000] {dag.py:3696} INFO - Setting next_dagrun for ingestionDAG to 2026-02-12T18:08:55.728710+00:00, run_after=2026-02-12T18:09:25.728710+00:00
[2026-02-12T18:09:25.776+0000] {processor.py:179} INFO - Processing /opt/airflow/dags/ingest_local_folder_dag.py took 0.872 seconds
[2026-02-12T20:10:21.432+0000] {processor.py:157} INFO - Started process (PID=1541) to work on /opt/airflow/dags/ingest_local_folder_dag.py
[2026-02-12T20:10:21.438+0000] {processor.py:829} INFO - Processing file /opt/airflow/dags/ingest_local_folder_dag.py for tasks to queue
[2026-02-12T20:10:21.443+0000] {logging_mixin.py:151} INFO - [2026-02-12T20:10:21.442+0000] {dagbag.py:539} INFO - Filling up the DagBag from /opt/airflow/dags/ingest_local_folder_dag.py
[2026-02-12T20:10:22.393+0000] {processor.py:839} INFO - DAG(s) dict_keys(['ingestionDAG']) retrieved from /opt/airflow/dags/ingest_local_folder_dag.py
[2026-02-12T20:10:22.550+0000] {logging_mixin.py:151} INFO - [2026-02-12T20:10:22.549+0000] {dag.py:2915} INFO - Sync 1 DAGs
[2026-02-12T20:10:22.644+0000] {logging_mixin.py:151} INFO - [2026-02-12T20:10:22.644+0000] {dag.py:3696} INFO - Setting next_dagrun for ingestionDAG to 2026-02-12T20:09:52.643511+00:00, run_after=2026-02-12T20:10:22.643511+00:00
[2026-02-12T20:10:22.710+0000] {processor.py:179} INFO - Processing /opt/airflow/dags/ingest_local_folder_dag.py took 1.588 seconds
[2026-02-12T20:10:52.907+0000] {processor.py:157} INFO - Started process (PID=1558) to work on /opt/airflow/dags/ingest_local_folder_dag.py
[2026-02-12T20:10:52.909+0000] {processor.py:829} INFO - Processing file /opt/airflow/dags/ingest_local_folder_dag.py for tasks to queue
[2026-02-12T20:10:52.912+0000] {logging_mixin.py:151} INFO - [2026-02-12T20:10:52.911+0000] {dagbag.py:539} INFO - Filling up the DagBag from /opt/airflow/dags/ingest_local_folder_dag.py
[2026-02-12T20:10:53.518+0000] {processor.py:839} INFO - DAG(s) dict_keys(['ingestionDAG']) retrieved from /opt/airflow/dags/ingest_local_folder_dag.py
[2026-02-12T20:10:53.615+0000] {logging_mixin.py:151} INFO - [2026-02-12T20:10:53.615+0000] {dag.py:2915} INFO - Sync 1 DAGs
[2026-02-12T20:10:53.685+0000] {logging_mixin.py:151} INFO - [2026-02-12T20:10:53.684+0000] {dag.py:3696} INFO - Setting next_dagrun for ingestionDAG to 2026-02-12T20:10:23.684089+00:00, run_after=2026-02-12T20:10:53.684089+00:00
[2026-02-12T20:10:53.732+0000] {processor.py:179} INFO - Processing /opt/airflow/dags/ingest_local_folder_dag.py took 0.837 seconds
[2026-02-12T20:11:24.591+0000] {processor.py:157} INFO - Started process (PID=1571) to work on /opt/airflow/dags/ingest_local_folder_dag.py
[2026-02-12T20:11:24.595+0000] {processor.py:829} INFO - Processing file /opt/airflow/dags/ingest_local_folder_dag.py for tasks to queue
[2026-02-12T20:11:24.597+0000] {logging_mixin.py:151} INFO - [2026-02-12T20:11:24.596+0000] {dagbag.py:539} INFO - Filling up the DagBag from /opt/airflow/dags/ingest_local_folder_dag.py
[2026-02-12T20:11:25.293+0000] {processor.py:839} INFO - DAG(s) dict_keys(['ingestionDAG']) retrieved from /opt/airflow/dags/ingest_local_folder_dag.py
[2026-02-12T20:11:25.397+0000] {logging_mixin.py:151} INFO - [2026-02-12T20:11:25.397+0000] {dag.py:2915} INFO - Sync 1 DAGs
[2026-02-12T20:11:25.471+0000] {logging_mixin.py:151} INFO - [2026-02-12T20:11:25.470+0000] {dag.py:3696} INFO - Setting next_dagrun for ingestionDAG to 2026-02-12T20:10:55.470213+00:00, run_after=2026-02-12T20:11:25.470213+00:00
[2026-02-12T20:11:25.526+0000] {processor.py:179} INFO - Processing /opt/airflow/dags/ingest_local_folder_dag.py took 0.947 seconds
[2026-02-12T20:11:55.862+0000] {processor.py:157} INFO - Started process (PID=1584) to work on /opt/airflow/dags/ingest_local_folder_dag.py
[2026-02-12T20:11:55.871+0000] {processor.py:829} INFO - Processing file /opt/airflow/dags/ingest_local_folder_dag.py for tasks to queue
[2026-02-12T20:11:55.874+0000] {logging_mixin.py:151} INFO - [2026-02-12T20:11:55.873+0000] {dagbag.py:539} INFO - Filling up the DagBag from /opt/airflow/dags/ingest_local_folder_dag.py
[2026-02-12T20:11:56.649+0000] {processor.py:839} INFO - DAG(s) dict_keys(['ingestionDAG']) retrieved from /opt/airflow/dags/ingest_local_folder_dag.py
[2026-02-12T20:11:56.803+0000] {logging_mixin.py:151} INFO - [2026-02-12T20:11:56.802+0000] {dag.py:2915} INFO - Sync 1 DAGs
[2026-02-12T20:11:56.894+0000] {logging_mixin.py:151} INFO - [2026-02-12T20:11:56.893+0000] {dag.py:3696} INFO - Setting next_dagrun for ingestionDAG to 2026-02-12T20:11:26.892493+00:00, run_after=2026-02-12T20:11:56.892493+00:00
[2026-02-12T20:11:56.969+0000] {processor.py:179} INFO - Processing /opt/airflow/dags/ingest_local_folder_dag.py took 1.141 seconds
[2026-02-12T20:12:27.275+0000] {processor.py:157} INFO - Started process (PID=1597) to work on /opt/airflow/dags/ingest_local_folder_dag.py
[2026-02-12T20:12:27.278+0000] {processor.py:829} INFO - Processing file /opt/airflow/dags/ingest_local_folder_dag.py for tasks to queue
[2026-02-12T20:12:27.280+0000] {logging_mixin.py:151} INFO - [2026-02-12T20:12:27.279+0000] {dagbag.py:539} INFO - Filling up the DagBag from /opt/airflow/dags/ingest_local_folder_dag.py
[2026-02-12T20:12:27.848+0000] {processor.py:839} INFO - DAG(s) dict_keys(['ingestionDAG']) retrieved from /opt/airflow/dags/ingest_local_folder_dag.py
[2026-02-12T20:12:27.947+0000] {logging_mixin.py:151} INFO - [2026-02-12T20:12:27.947+0000] {dag.py:2915} INFO - Sync 1 DAGs
[2026-02-12T20:12:28.013+0000] {logging_mixin.py:151} INFO - [2026-02-12T20:12:28.013+0000] {dag.py:3696} INFO - Setting next_dagrun for ingestionDAG to 2026-02-12T20:11:58.012409+00:00, run_after=2026-02-12T20:12:28.012409+00:00
[2026-02-12T20:12:28.058+0000] {processor.py:179} INFO - Processing /opt/airflow/dags/ingest_local_folder_dag.py took 0.793 seconds
[2026-02-12T20:12:58.316+0000] {processor.py:157} INFO - Started process (PID=1610) to work on /opt/airflow/dags/ingest_local_folder_dag.py
[2026-02-12T20:12:58.318+0000] {processor.py:829} INFO - Processing file /opt/airflow/dags/ingest_local_folder_dag.py for tasks to queue
[2026-02-12T20:12:58.321+0000] {logging_mixin.py:151} INFO - [2026-02-12T20:12:58.320+0000] {dagbag.py:539} INFO - Filling up the DagBag from /opt/airflow/dags/ingest_local_folder_dag.py
[2026-02-12T20:12:58.919+0000] {processor.py:839} INFO - DAG(s) dict_keys(['ingestionDAG']) retrieved from /opt/airflow/dags/ingest_local_folder_dag.py
[2026-02-12T20:12:59.006+0000] {logging_mixin.py:151} INFO - [2026-02-12T20:12:59.006+0000] {dag.py:2915} INFO - Sync 1 DAGs
[2026-02-12T20:12:59.064+0000] {logging_mixin.py:151} INFO - [2026-02-12T20:12:59.063+0000] {dag.py:3696} INFO - Setting next_dagrun for ingestionDAG to 2026-02-12T20:12:29.063357+00:00, run_after=2026-02-12T20:12:59.063357+00:00
[2026-02-12T20:12:59.105+0000] {processor.py:179} INFO - Processing /opt/airflow/dags/ingest_local_folder_dag.py took 0.801 seconds
[2026-02-12T20:13:29.367+0000] {processor.py:157} INFO - Started process (PID=1623) to work on /opt/airflow/dags/ingest_local_folder_dag.py
[2026-02-12T20:13:29.369+0000] {processor.py:829} INFO - Processing file /opt/airflow/dags/ingest_local_folder_dag.py for tasks to queue
[2026-02-12T20:13:29.372+0000] {logging_mixin.py:151} INFO - [2026-02-12T20:13:29.371+0000] {dagbag.py:539} INFO - Filling up the DagBag from /opt/airflow/dags/ingest_local_folder_dag.py
[2026-02-12T20:13:29.986+0000] {processor.py:839} INFO - DAG(s) dict_keys(['ingestionDAG']) retrieved from /opt/airflow/dags/ingest_local_folder_dag.py
[2026-02-12T20:13:30.073+0000] {logging_mixin.py:151} INFO - [2026-02-12T20:13:30.072+0000] {dag.py:2915} INFO - Sync 1 DAGs
[2026-02-12T20:13:30.131+0000] {logging_mixin.py:151} INFO - [2026-02-12T20:13:30.130+0000] {dag.py:3696} INFO - Setting next_dagrun for ingestionDAG to 2026-02-12T20:13:00.130290+00:00, run_after=2026-02-12T20:13:30.130290+00:00
[2026-02-12T20:13:30.176+0000] {processor.py:179} INFO - Processing /opt/airflow/dags/ingest_local_folder_dag.py took 0.821 seconds
[2026-02-12T20:14:00.443+0000] {processor.py:157} INFO - Started process (PID=1636) to work on /opt/airflow/dags/ingest_local_folder_dag.py
[2026-02-12T20:14:00.445+0000] {processor.py:829} INFO - Processing file /opt/airflow/dags/ingest_local_folder_dag.py for tasks to queue
[2026-02-12T20:14:00.448+0000] {logging_mixin.py:151} INFO - [2026-02-12T20:14:00.446+0000] {dagbag.py:539} INFO - Filling up the DagBag from /opt/airflow/dags/ingest_local_folder_dag.py
[2026-02-12T20:14:01.074+0000] {processor.py:839} INFO - DAG(s) dict_keys(['ingestionDAG']) retrieved from /opt/airflow/dags/ingest_local_folder_dag.py
[2026-02-12T20:14:01.160+0000] {logging_mixin.py:151} INFO - [2026-02-12T20:14:01.160+0000] {dag.py:2915} INFO - Sync 1 DAGs
[2026-02-12T20:14:01.221+0000] {logging_mixin.py:151} INFO - [2026-02-12T20:14:01.220+0000] {dag.py:3696} INFO - Setting next_dagrun for ingestionDAG to 2026-02-12T20:13:31.220146+00:00, run_after=2026-02-12T20:14:01.220146+00:00
[2026-02-12T20:14:01.262+0000] {processor.py:179} INFO - Processing /opt/airflow/dags/ingest_local_folder_dag.py took 0.832 seconds
[2026-02-12T20:14:31.527+0000] {processor.py:157} INFO - Started process (PID=1649) to work on /opt/airflow/dags/ingest_local_folder_dag.py
[2026-02-12T20:14:31.530+0000] {processor.py:829} INFO - Processing file /opt/airflow/dags/ingest_local_folder_dag.py for tasks to queue
[2026-02-12T20:14:31.533+0000] {logging_mixin.py:151} INFO - [2026-02-12T20:14:31.531+0000] {dagbag.py:539} INFO - Filling up the DagBag from /opt/airflow/dags/ingest_local_folder_dag.py
[2026-02-12T20:14:32.138+0000] {processor.py:839} INFO - DAG(s) dict_keys(['ingestionDAG']) retrieved from /opt/airflow/dags/ingest_local_folder_dag.py
[2026-02-12T20:14:32.227+0000] {logging_mixin.py:151} INFO - [2026-02-12T20:14:32.227+0000] {dag.py:2915} INFO - Sync 1 DAGs
[2026-02-12T20:14:32.285+0000] {logging_mixin.py:151} INFO - [2026-02-12T20:14:32.285+0000] {dag.py:3696} INFO - Setting next_dagrun for ingestionDAG to 2026-02-12T20:14:02.284430+00:00, run_after=2026-02-12T20:14:32.284430+00:00
[2026-02-12T20:14:32.327+0000] {processor.py:179} INFO - Processing /opt/airflow/dags/ingest_local_folder_dag.py took 0.811 seconds
[2026-02-12T20:15:02.582+0000] {processor.py:157} INFO - Started process (PID=1662) to work on /opt/airflow/dags/ingest_local_folder_dag.py
[2026-02-12T20:15:02.584+0000] {processor.py:829} INFO - Processing file /opt/airflow/dags/ingest_local_folder_dag.py for tasks to queue
[2026-02-12T20:15:02.586+0000] {logging_mixin.py:151} INFO - [2026-02-12T20:15:02.585+0000] {dagbag.py:539} INFO - Filling up the DagBag from /opt/airflow/dags/ingest_local_folder_dag.py
[2026-02-12T20:15:03.189+0000] {processor.py:839} INFO - DAG(s) dict_keys(['ingestionDAG']) retrieved from /opt/airflow/dags/ingest_local_folder_dag.py
[2026-02-12T20:15:03.276+0000] {logging_mixin.py:151} INFO - [2026-02-12T20:15:03.275+0000] {dag.py:2915} INFO - Sync 1 DAGs
[2026-02-12T20:15:03.334+0000] {logging_mixin.py:151} INFO - [2026-02-12T20:15:03.334+0000] {dag.py:3696} INFO - Setting next_dagrun for ingestionDAG to 2026-02-12T20:14:33.333395+00:00, run_after=2026-02-12T20:15:03.333395+00:00
[2026-02-12T20:15:03.376+0000] {processor.py:179} INFO - Processing /opt/airflow/dags/ingest_local_folder_dag.py took 0.806 seconds
[2026-02-12T20:15:33.607+0000] {processor.py:157} INFO - Started process (PID=1675) to work on /opt/airflow/dags/ingest_local_folder_dag.py
[2026-02-12T20:15:33.610+0000] {processor.py:829} INFO - Processing file /opt/airflow/dags/ingest_local_folder_dag.py for tasks to queue
[2026-02-12T20:15:33.612+0000] {logging_mixin.py:151} INFO - [2026-02-12T20:15:33.611+0000] {dagbag.py:539} INFO - Filling up the DagBag from /opt/airflow/dags/ingest_local_folder_dag.py
[2026-02-12T20:15:34.188+0000] {processor.py:839} INFO - DAG(s) dict_keys(['ingestionDAG']) retrieved from /opt/airflow/dags/ingest_local_folder_dag.py
[2026-02-12T20:15:34.285+0000] {logging_mixin.py:151} INFO - [2026-02-12T20:15:34.284+0000] {dag.py:2915} INFO - Sync 1 DAGs
[2026-02-12T20:15:34.358+0000] {logging_mixin.py:151} INFO - [2026-02-12T20:15:34.357+0000] {dag.py:3696} INFO - Setting next_dagrun for ingestionDAG to 2026-02-12T20:15:04.357222+00:00, run_after=2026-02-12T20:15:34.357222+00:00
[2026-02-12T20:15:34.406+0000] {processor.py:179} INFO - Processing /opt/airflow/dags/ingest_local_folder_dag.py took 0.810 seconds
[2026-02-12T20:16:04.573+0000] {processor.py:157} INFO - Started process (PID=1688) to work on /opt/airflow/dags/ingest_local_folder_dag.py
[2026-02-12T20:16:04.575+0000] {processor.py:829} INFO - Processing file /opt/airflow/dags/ingest_local_folder_dag.py for tasks to queue
[2026-02-12T20:16:04.577+0000] {logging_mixin.py:151} INFO - [2026-02-12T20:16:04.576+0000] {dagbag.py:539} INFO - Filling up the DagBag from /opt/airflow/dags/ingest_local_folder_dag.py
[2026-02-12T20:16:05.147+0000] {processor.py:839} INFO - DAG(s) dict_keys(['ingestionDAG']) retrieved from /opt/airflow/dags/ingest_local_folder_dag.py
[2026-02-12T20:16:05.264+0000] {logging_mixin.py:151} INFO - [2026-02-12T20:16:05.263+0000] {dag.py:2915} INFO - Sync 1 DAGs
[2026-02-12T20:16:05.344+0000] {logging_mixin.py:151} INFO - [2026-02-12T20:16:05.343+0000] {dag.py:3696} INFO - Setting next_dagrun for ingestionDAG to 2026-02-12T20:15:35.342903+00:00, run_after=2026-02-12T20:16:05.342903+00:00
[2026-02-12T20:16:05.399+0000] {processor.py:179} INFO - Processing /opt/airflow/dags/ingest_local_folder_dag.py took 0.837 seconds
[2026-02-12T20:16:35.498+0000] {processor.py:157} INFO - Started process (PID=1701) to work on /opt/airflow/dags/ingest_local_folder_dag.py
[2026-02-12T20:16:35.501+0000] {processor.py:829} INFO - Processing file /opt/airflow/dags/ingest_local_folder_dag.py for tasks to queue
[2026-02-12T20:16:35.504+0000] {logging_mixin.py:151} INFO - [2026-02-12T20:16:35.502+0000] {dagbag.py:539} INFO - Filling up the DagBag from /opt/airflow/dags/ingest_local_folder_dag.py
[2026-02-12T20:16:36.130+0000] {processor.py:839} INFO - DAG(s) dict_keys(['ingestionDAG']) retrieved from /opt/airflow/dags/ingest_local_folder_dag.py
[2026-02-12T20:16:36.229+0000] {logging_mixin.py:151} INFO - [2026-02-12T20:16:36.228+0000] {dag.py:2915} INFO - Sync 1 DAGs
[2026-02-12T20:16:36.297+0000] {logging_mixin.py:151} INFO - [2026-02-12T20:16:36.297+0000] {dag.py:3696} INFO - Setting next_dagrun for ingestionDAG to 2026-02-12T20:16:06.296528+00:00, run_after=2026-02-12T20:16:36.296528+00:00
[2026-02-12T20:16:36.346+0000] {processor.py:179} INFO - Processing /opt/airflow/dags/ingest_local_folder_dag.py took 0.859 seconds
[2026-02-12T20:17:06.574+0000] {processor.py:157} INFO - Started process (PID=1714) to work on /opt/airflow/dags/ingest_local_folder_dag.py
[2026-02-12T20:17:06.577+0000] {processor.py:829} INFO - Processing file /opt/airflow/dags/ingest_local_folder_dag.py for tasks to queue
[2026-02-12T20:17:06.579+0000] {logging_mixin.py:151} INFO - [2026-02-12T20:17:06.578+0000] {dagbag.py:539} INFO - Filling up the DagBag from /opt/airflow/dags/ingest_local_folder_dag.py
[2026-02-12T20:17:07.149+0000] {processor.py:839} INFO - DAG(s) dict_keys(['ingestionDAG']) retrieved from /opt/airflow/dags/ingest_local_folder_dag.py
[2026-02-12T20:17:07.237+0000] {logging_mixin.py:151} INFO - [2026-02-12T20:17:07.237+0000] {dag.py:2915} INFO - Sync 1 DAGs
[2026-02-12T20:17:07.297+0000] {logging_mixin.py:151} INFO - [2026-02-12T20:17:07.297+0000] {dag.py:3696} INFO - Setting next_dagrun for ingestionDAG to 2026-02-12T20:16:37.296899+00:00, run_after=2026-02-12T20:17:07.296899+00:00
[2026-02-12T20:17:07.341+0000] {processor.py:179} INFO - Processing /opt/airflow/dags/ingest_local_folder_dag.py took 0.780 seconds
[2026-02-12T20:17:37.551+0000] {processor.py:157} INFO - Started process (PID=1727) to work on /opt/airflow/dags/ingest_local_folder_dag.py
[2026-02-12T20:17:37.554+0000] {processor.py:829} INFO - Processing file /opt/airflow/dags/ingest_local_folder_dag.py for tasks to queue
[2026-02-12T20:17:37.557+0000] {logging_mixin.py:151} INFO - [2026-02-12T20:17:37.555+0000] {dagbag.py:539} INFO - Filling up the DagBag from /opt/airflow/dags/ingest_local_folder_dag.py
[2026-02-12T20:17:38.257+0000] {processor.py:839} INFO - DAG(s) dict_keys(['ingestionDAG']) retrieved from /opt/airflow/dags/ingest_local_folder_dag.py
[2026-02-12T20:17:38.367+0000] {logging_mixin.py:151} INFO - [2026-02-12T20:17:38.367+0000] {dag.py:2915} INFO - Sync 1 DAGs
[2026-02-12T20:17:38.447+0000] {logging_mixin.py:151} INFO - [2026-02-12T20:17:38.447+0000] {dag.py:3696} INFO - Setting next_dagrun for ingestionDAG to 2026-02-12T20:17:08.446177+00:00, run_after=2026-02-12T20:17:38.446177+00:00
[2026-02-12T20:17:38.508+0000] {processor.py:179} INFO - Processing /opt/airflow/dags/ingest_local_folder_dag.py took 0.970 seconds
[2026-02-12T20:18:08.732+0000] {processor.py:157} INFO - Started process (PID=1740) to work on /opt/airflow/dags/ingest_local_folder_dag.py
[2026-02-12T20:18:08.734+0000] {processor.py:829} INFO - Processing file /opt/airflow/dags/ingest_local_folder_dag.py for tasks to queue
[2026-02-12T20:18:08.737+0000] {logging_mixin.py:151} INFO - [2026-02-12T20:18:08.736+0000] {dagbag.py:539} INFO - Filling up the DagBag from /opt/airflow/dags/ingest_local_folder_dag.py
[2026-02-12T20:18:09.340+0000] {processor.py:839} INFO - DAG(s) dict_keys(['ingestionDAG']) retrieved from /opt/airflow/dags/ingest_local_folder_dag.py
[2026-02-12T20:18:09.437+0000] {logging_mixin.py:151} INFO - [2026-02-12T20:18:09.437+0000] {dag.py:2915} INFO - Sync 1 DAGs
[2026-02-12T20:18:09.497+0000] {logging_mixin.py:151} INFO - [2026-02-12T20:18:09.497+0000] {dag.py:3696} INFO - Setting next_dagrun for ingestionDAG to 2026-02-12T20:17:39.496895+00:00, run_after=2026-02-12T20:18:09.496895+00:00
[2026-02-12T20:18:09.547+0000] {processor.py:179} INFO - Processing /opt/airflow/dags/ingest_local_folder_dag.py took 0.827 seconds
[2026-02-12T20:18:39.669+0000] {processor.py:157} INFO - Started process (PID=1753) to work on /opt/airflow/dags/ingest_local_folder_dag.py
[2026-02-12T20:18:39.672+0000] {processor.py:829} INFO - Processing file /opt/airflow/dags/ingest_local_folder_dag.py for tasks to queue
[2026-02-12T20:18:39.674+0000] {logging_mixin.py:151} INFO - [2026-02-12T20:18:39.673+0000] {dagbag.py:539} INFO - Filling up the DagBag from /opt/airflow/dags/ingest_local_folder_dag.py
[2026-02-12T20:18:40.241+0000] {processor.py:839} INFO - DAG(s) dict_keys(['ingestionDAG']) retrieved from /opt/airflow/dags/ingest_local_folder_dag.py
[2026-02-12T20:18:40.329+0000] {logging_mixin.py:151} INFO - [2026-02-12T20:18:40.328+0000] {dag.py:2915} INFO - Sync 1 DAGs
[2026-02-12T20:18:40.389+0000] {logging_mixin.py:151} INFO - [2026-02-12T20:18:40.389+0000] {dag.py:3696} INFO - Setting next_dagrun for ingestionDAG to 2026-02-12T20:18:10.388759+00:00, run_after=2026-02-12T20:18:40.388759+00:00
[2026-02-12T20:18:40.431+0000] {processor.py:179} INFO - Processing /opt/airflow/dags/ingest_local_folder_dag.py took 0.773 seconds
[2026-02-12T20:19:10.636+0000] {processor.py:157} INFO - Started process (PID=1766) to work on /opt/airflow/dags/ingest_local_folder_dag.py
[2026-02-12T20:19:10.639+0000] {processor.py:829} INFO - Processing file /opt/airflow/dags/ingest_local_folder_dag.py for tasks to queue
[2026-02-12T20:19:10.641+0000] {logging_mixin.py:151} INFO - [2026-02-12T20:19:10.640+0000] {dagbag.py:539} INFO - Filling up the DagBag from /opt/airflow/dags/ingest_local_folder_dag.py
[2026-02-12T20:19:11.246+0000] {processor.py:839} INFO - DAG(s) dict_keys(['ingestionDAG']) retrieved from /opt/airflow/dags/ingest_local_folder_dag.py
[2026-02-12T20:19:11.356+0000] {logging_mixin.py:151} INFO - [2026-02-12T20:19:11.355+0000] {dag.py:2915} INFO - Sync 1 DAGs
[2026-02-12T20:19:11.428+0000] {logging_mixin.py:151} INFO - [2026-02-12T20:19:11.427+0000] {dag.py:3696} INFO - Setting next_dagrun for ingestionDAG to 2026-02-12T20:18:41.425577+00:00, run_after=2026-02-12T20:19:11.425577+00:00
[2026-02-12T20:19:11.491+0000] {processor.py:179} INFO - Processing /opt/airflow/dags/ingest_local_folder_dag.py took 0.865 seconds
[2026-02-12T20:19:41.774+0000] {processor.py:157} INFO - Started process (PID=1779) to work on /opt/airflow/dags/ingest_local_folder_dag.py
[2026-02-12T20:19:41.776+0000] {processor.py:829} INFO - Processing file /opt/airflow/dags/ingest_local_folder_dag.py for tasks to queue
[2026-02-12T20:19:41.779+0000] {logging_mixin.py:151} INFO - [2026-02-12T20:19:41.778+0000] {dagbag.py:539} INFO - Filling up the DagBag from /opt/airflow/dags/ingest_local_folder_dag.py
[2026-02-12T20:19:42.351+0000] {processor.py:839} INFO - DAG(s) dict_keys(['ingestionDAG']) retrieved from /opt/airflow/dags/ingest_local_folder_dag.py
[2026-02-12T20:19:42.473+0000] {logging_mixin.py:151} INFO - [2026-02-12T20:19:42.472+0000] {dag.py:2915} INFO - Sync 1 DAGs
[2026-02-12T20:19:42.553+0000] {logging_mixin.py:151} INFO - [2026-02-12T20:19:42.553+0000] {dag.py:3696} INFO - Setting next_dagrun for ingestionDAG to 2026-02-12T20:19:12.552468+00:00, run_after=2026-02-12T20:19:42.552468+00:00
[2026-02-12T20:19:42.609+0000] {processor.py:179} INFO - Processing /opt/airflow/dags/ingest_local_folder_dag.py took 0.847 seconds
[2026-02-12T20:20:13.065+0000] {processor.py:157} INFO - Started process (PID=1792) to work on /opt/airflow/dags/ingest_local_folder_dag.py
[2026-02-12T20:20:13.068+0000] {processor.py:829} INFO - Processing file /opt/airflow/dags/ingest_local_folder_dag.py for tasks to queue
[2026-02-12T20:20:13.070+0000] {logging_mixin.py:151} INFO - [2026-02-12T20:20:13.069+0000] {dagbag.py:539} INFO - Filling up the DagBag from /opt/airflow/dags/ingest_local_folder_dag.py
[2026-02-12T20:20:13.719+0000] {processor.py:839} INFO - DAG(s) dict_keys(['ingestionDAG']) retrieved from /opt/airflow/dags/ingest_local_folder_dag.py
[2026-02-12T20:20:13.816+0000] {logging_mixin.py:151} INFO - [2026-02-12T20:20:13.815+0000] {dag.py:2915} INFO - Sync 1 DAGs
[2026-02-12T20:20:13.876+0000] {logging_mixin.py:151} INFO - [2026-02-12T20:20:13.876+0000] {dag.py:3696} INFO - Setting next_dagrun for ingestionDAG to 2026-02-12T20:19:43.875695+00:00, run_after=2026-02-12T20:20:13.875695+00:00
[2026-02-12T20:20:13.919+0000] {processor.py:179} INFO - Processing /opt/airflow/dags/ingest_local_folder_dag.py took 0.865 seconds
[2026-02-12T20:20:44.179+0000] {processor.py:157} INFO - Started process (PID=1805) to work on /opt/airflow/dags/ingest_local_folder_dag.py
[2026-02-12T20:20:44.182+0000] {processor.py:829} INFO - Processing file /opt/airflow/dags/ingest_local_folder_dag.py for tasks to queue
[2026-02-12T20:20:44.185+0000] {logging_mixin.py:151} INFO - [2026-02-12T20:20:44.184+0000] {dagbag.py:539} INFO - Filling up the DagBag from /opt/airflow/dags/ingest_local_folder_dag.py
[2026-02-12T20:20:44.809+0000] {processor.py:839} INFO - DAG(s) dict_keys(['ingestionDAG']) retrieved from /opt/airflow/dags/ingest_local_folder_dag.py
[2026-02-12T20:20:44.902+0000] {logging_mixin.py:151} INFO - [2026-02-12T20:20:44.901+0000] {dag.py:2915} INFO - Sync 1 DAGs
[2026-02-12T20:20:44.962+0000] {logging_mixin.py:151} INFO - [2026-02-12T20:20:44.962+0000] {dag.py:3696} INFO - Setting next_dagrun for ingestionDAG to 2026-02-12T20:20:14.961717+00:00, run_after=2026-02-12T20:20:44.961717+00:00
[2026-02-12T20:20:45.010+0000] {processor.py:179} INFO - Processing /opt/airflow/dags/ingest_local_folder_dag.py took 0.842 seconds
[2026-02-12T20:21:15.276+0000] {processor.py:157} INFO - Started process (PID=1818) to work on /opt/airflow/dags/ingest_local_folder_dag.py
[2026-02-12T20:21:15.278+0000] {processor.py:829} INFO - Processing file /opt/airflow/dags/ingest_local_folder_dag.py for tasks to queue
[2026-02-12T20:21:15.281+0000] {logging_mixin.py:151} INFO - [2026-02-12T20:21:15.280+0000] {dagbag.py:539} INFO - Filling up the DagBag from /opt/airflow/dags/ingest_local_folder_dag.py
[2026-02-12T20:21:15.904+0000] {processor.py:839} INFO - DAG(s) dict_keys(['ingestionDAG']) retrieved from /opt/airflow/dags/ingest_local_folder_dag.py
[2026-02-12T20:21:16.018+0000] {logging_mixin.py:151} INFO - [2026-02-12T20:21:16.018+0000] {dag.py:2915} INFO - Sync 1 DAGs
[2026-02-12T20:21:16.091+0000] {logging_mixin.py:151} INFO - [2026-02-12T20:21:16.090+0000] {dag.py:3696} INFO - Setting next_dagrun for ingestionDAG to 2026-02-12T20:20:46.089936+00:00, run_after=2026-02-12T20:21:16.089936+00:00
[2026-02-12T20:21:16.140+0000] {processor.py:179} INFO - Processing /opt/airflow/dags/ingest_local_folder_dag.py took 0.876 seconds
[2026-02-12T20:21:46.423+0000] {processor.py:157} INFO - Started process (PID=1831) to work on /opt/airflow/dags/ingest_local_folder_dag.py
[2026-02-12T20:21:46.426+0000] {processor.py:829} INFO - Processing file /opt/airflow/dags/ingest_local_folder_dag.py for tasks to queue
[2026-02-12T20:21:46.429+0000] {logging_mixin.py:151} INFO - [2026-02-12T20:21:46.427+0000] {dagbag.py:539} INFO - Filling up the DagBag from /opt/airflow/dags/ingest_local_folder_dag.py
[2026-02-12T20:21:47.046+0000] {processor.py:839} INFO - DAG(s) dict_keys(['ingestionDAG']) retrieved from /opt/airflow/dags/ingest_local_folder_dag.py
[2026-02-12T20:21:47.155+0000] {logging_mixin.py:151} INFO - [2026-02-12T20:21:47.155+0000] {dag.py:2915} INFO - Sync 1 DAGs
[2026-02-12T20:21:47.229+0000] {logging_mixin.py:151} INFO - [2026-02-12T20:21:47.229+0000] {dag.py:3696} INFO - Setting next_dagrun for ingestionDAG to 2026-02-12T20:21:17.228666+00:00, run_after=2026-02-12T20:21:47.228666+00:00
[2026-02-12T20:21:47.281+0000] {processor.py:179} INFO - Processing /opt/airflow/dags/ingest_local_folder_dag.py took 0.870 seconds
[2026-02-12T20:22:17.548+0000] {processor.py:157} INFO - Started process (PID=1844) to work on /opt/airflow/dags/ingest_local_folder_dag.py
[2026-02-12T20:22:17.550+0000] {processor.py:829} INFO - Processing file /opt/airflow/dags/ingest_local_folder_dag.py for tasks to queue
[2026-02-12T20:22:17.552+0000] {logging_mixin.py:151} INFO - [2026-02-12T20:22:17.551+0000] {dagbag.py:539} INFO - Filling up the DagBag from /opt/airflow/dags/ingest_local_folder_dag.py
[2026-02-12T20:22:18.112+0000] {processor.py:839} INFO - DAG(s) dict_keys(['ingestionDAG']) retrieved from /opt/airflow/dags/ingest_local_folder_dag.py
[2026-02-12T20:22:18.201+0000] {logging_mixin.py:151} INFO - [2026-02-12T20:22:18.200+0000] {dag.py:2915} INFO - Sync 1 DAGs
[2026-02-12T20:22:18.259+0000] {logging_mixin.py:151} INFO - [2026-02-12T20:22:18.259+0000] {dag.py:3696} INFO - Setting next_dagrun for ingestionDAG to 2026-02-12T20:21:48.258892+00:00, run_after=2026-02-12T20:22:18.258892+00:00
[2026-02-12T20:22:18.301+0000] {processor.py:179} INFO - Processing /opt/airflow/dags/ingest_local_folder_dag.py took 0.763 seconds
[2026-02-12T20:22:48.566+0000] {processor.py:157} INFO - Started process (PID=1857) to work on /opt/airflow/dags/ingest_local_folder_dag.py
[2026-02-12T20:22:48.569+0000] {processor.py:829} INFO - Processing file /opt/airflow/dags/ingest_local_folder_dag.py for tasks to queue
[2026-02-12T20:22:48.571+0000] {logging_mixin.py:151} INFO - [2026-02-12T20:22:48.570+0000] {dagbag.py:539} INFO - Filling up the DagBag from /opt/airflow/dags/ingest_local_folder_dag.py
[2026-02-12T20:22:49.171+0000] {processor.py:839} INFO - DAG(s) dict_keys(['ingestionDAG']) retrieved from /opt/airflow/dags/ingest_local_folder_dag.py
[2026-02-12T20:22:49.258+0000] {logging_mixin.py:151} INFO - [2026-02-12T20:22:49.257+0000] {dag.py:2915} INFO - Sync 1 DAGs
[2026-02-12T20:22:49.318+0000] {logging_mixin.py:151} INFO - [2026-02-12T20:22:49.317+0000] {dag.py:3696} INFO - Setting next_dagrun for ingestionDAG to 2026-02-12T20:22:19.317374+00:00, run_after=2026-02-12T20:22:49.317374+00:00
[2026-02-12T20:22:49.360+0000] {processor.py:179} INFO - Processing /opt/airflow/dags/ingest_local_folder_dag.py took 0.807 seconds
[2026-02-12T20:23:19.620+0000] {processor.py:157} INFO - Started process (PID=1870) to work on /opt/airflow/dags/ingest_local_folder_dag.py
[2026-02-12T20:23:19.622+0000] {processor.py:829} INFO - Processing file /opt/airflow/dags/ingest_local_folder_dag.py for tasks to queue
[2026-02-12T20:23:19.625+0000] {logging_mixin.py:151} INFO - [2026-02-12T20:23:19.624+0000] {dagbag.py:539} INFO - Filling up the DagBag from /opt/airflow/dags/ingest_local_folder_dag.py
[2026-02-12T20:23:20.249+0000] {processor.py:839} INFO - DAG(s) dict_keys(['ingestionDAG']) retrieved from /opt/airflow/dags/ingest_local_folder_dag.py
[2026-02-12T20:23:20.351+0000] {logging_mixin.py:151} INFO - [2026-02-12T20:23:20.350+0000] {dag.py:2915} INFO - Sync 1 DAGs
[2026-02-12T20:23:20.422+0000] {logging_mixin.py:151} INFO - [2026-02-12T20:23:20.421+0000] {dag.py:3696} INFO - Setting next_dagrun for ingestionDAG to 2026-02-12T20:22:50.420881+00:00, run_after=2026-02-12T20:23:20.420881+00:00
[2026-02-12T20:23:20.474+0000] {processor.py:179} INFO - Processing /opt/airflow/dags/ingest_local_folder_dag.py took 0.866 seconds
[2026-02-12T20:23:50.756+0000] {processor.py:157} INFO - Started process (PID=1883) to work on /opt/airflow/dags/ingest_local_folder_dag.py
[2026-02-12T20:23:50.758+0000] {processor.py:829} INFO - Processing file /opt/airflow/dags/ingest_local_folder_dag.py for tasks to queue
[2026-02-12T20:23:50.761+0000] {logging_mixin.py:151} INFO - [2026-02-12T20:23:50.759+0000] {dagbag.py:539} INFO - Filling up the DagBag from /opt/airflow/dags/ingest_local_folder_dag.py
[2026-02-12T20:23:51.328+0000] {processor.py:839} INFO - DAG(s) dict_keys(['ingestionDAG']) retrieved from /opt/airflow/dags/ingest_local_folder_dag.py
[2026-02-12T20:23:51.423+0000] {logging_mixin.py:151} INFO - [2026-02-12T20:23:51.422+0000] {dag.py:2915} INFO - Sync 1 DAGs
[2026-02-12T20:23:51.488+0000] {logging_mixin.py:151} INFO - [2026-02-12T20:23:51.487+0000] {dag.py:3696} INFO - Setting next_dagrun for ingestionDAG to 2026-02-12T20:23:21.486888+00:00, run_after=2026-02-12T20:23:51.486888+00:00
[2026-02-12T20:23:51.532+0000] {processor.py:179} INFO - Processing /opt/airflow/dags/ingest_local_folder_dag.py took 0.789 seconds
[2026-02-12T20:24:21.804+0000] {processor.py:157} INFO - Started process (PID=1896) to work on /opt/airflow/dags/ingest_local_folder_dag.py
[2026-02-12T20:24:21.806+0000] {processor.py:829} INFO - Processing file /opt/airflow/dags/ingest_local_folder_dag.py for tasks to queue
[2026-02-12T20:24:21.808+0000] {logging_mixin.py:151} INFO - [2026-02-12T20:24:21.807+0000] {dagbag.py:539} INFO - Filling up the DagBag from /opt/airflow/dags/ingest_local_folder_dag.py
[2026-02-12T20:24:22.375+0000] {processor.py:839} INFO - DAG(s) dict_keys(['ingestionDAG']) retrieved from /opt/airflow/dags/ingest_local_folder_dag.py
[2026-02-12T20:24:22.468+0000] {logging_mixin.py:151} INFO - [2026-02-12T20:24:22.468+0000] {dag.py:2915} INFO - Sync 1 DAGs
[2026-02-12T20:24:22.536+0000] {logging_mixin.py:151} INFO - [2026-02-12T20:24:22.536+0000] {dag.py:3696} INFO - Setting next_dagrun for ingestionDAG to 2026-02-12T20:23:52.535638+00:00, run_after=2026-02-12T20:24:22.535638+00:00
[2026-02-12T20:24:22.598+0000] {processor.py:179} INFO - Processing /opt/airflow/dags/ingest_local_folder_dag.py took 0.803 seconds
[2026-02-12T20:24:53.012+0000] {processor.py:157} INFO - Started process (PID=1909) to work on /opt/airflow/dags/ingest_local_folder_dag.py
[2026-02-12T20:24:53.014+0000] {processor.py:829} INFO - Processing file /opt/airflow/dags/ingest_local_folder_dag.py for tasks to queue
[2026-02-12T20:24:53.017+0000] {logging_mixin.py:151} INFO - [2026-02-12T20:24:53.016+0000] {dagbag.py:539} INFO - Filling up the DagBag from /opt/airflow/dags/ingest_local_folder_dag.py
[2026-02-12T20:24:53.642+0000] {processor.py:839} INFO - DAG(s) dict_keys(['ingestionDAG']) retrieved from /opt/airflow/dags/ingest_local_folder_dag.py
[2026-02-12T20:24:53.735+0000] {logging_mixin.py:151} INFO - [2026-02-12T20:24:53.735+0000] {dag.py:2915} INFO - Sync 1 DAGs
[2026-02-12T20:24:53.800+0000] {logging_mixin.py:151} INFO - [2026-02-12T20:24:53.799+0000] {dag.py:3696} INFO - Setting next_dagrun for ingestionDAG to 2026-02-12T20:24:23.798972+00:00, run_after=2026-02-12T20:24:53.798972+00:00
[2026-02-12T20:24:53.842+0000] {processor.py:179} INFO - Processing /opt/airflow/dags/ingest_local_folder_dag.py took 0.842 seconds
[2026-02-12T20:25:24.127+0000] {processor.py:157} INFO - Started process (PID=1922) to work on /opt/airflow/dags/ingest_local_folder_dag.py
[2026-02-12T20:25:24.129+0000] {processor.py:829} INFO - Processing file /opt/airflow/dags/ingest_local_folder_dag.py for tasks to queue
[2026-02-12T20:25:24.131+0000] {logging_mixin.py:151} INFO - [2026-02-12T20:25:24.130+0000] {dagbag.py:539} INFO - Filling up the DagBag from /opt/airflow/dags/ingest_local_folder_dag.py
[2026-02-12T20:25:24.686+0000] {processor.py:839} INFO - DAG(s) dict_keys(['ingestionDAG']) retrieved from /opt/airflow/dags/ingest_local_folder_dag.py
[2026-02-12T20:25:24.776+0000] {logging_mixin.py:151} INFO - [2026-02-12T20:25:24.776+0000] {dag.py:2915} INFO - Sync 1 DAGs
[2026-02-12T20:25:24.838+0000] {logging_mixin.py:151} INFO - [2026-02-12T20:25:24.837+0000] {dag.py:3696} INFO - Setting next_dagrun for ingestionDAG to 2026-02-12T20:24:54.837054+00:00, run_after=2026-02-12T20:25:24.837054+00:00
[2026-02-12T20:25:24.879+0000] {processor.py:179} INFO - Processing /opt/airflow/dags/ingest_local_folder_dag.py took 0.763 seconds
[2026-02-12T20:25:55.130+0000] {processor.py:157} INFO - Started process (PID=1935) to work on /opt/airflow/dags/ingest_local_folder_dag.py
[2026-02-12T20:25:55.133+0000] {processor.py:829} INFO - Processing file /opt/airflow/dags/ingest_local_folder_dag.py for tasks to queue
[2026-02-12T20:25:55.135+0000] {logging_mixin.py:151} INFO - [2026-02-12T20:25:55.134+0000] {dagbag.py:539} INFO - Filling up the DagBag from /opt/airflow/dags/ingest_local_folder_dag.py
[2026-02-12T20:25:55.684+0000] {processor.py:839} INFO - DAG(s) dict_keys(['ingestionDAG']) retrieved from /opt/airflow/dags/ingest_local_folder_dag.py
[2026-02-12T20:25:55.771+0000] {logging_mixin.py:151} INFO - [2026-02-12T20:25:55.770+0000] {dag.py:2915} INFO - Sync 1 DAGs
[2026-02-12T20:25:55.832+0000] {logging_mixin.py:151} INFO - [2026-02-12T20:25:55.831+0000] {dag.py:3696} INFO - Setting next_dagrun for ingestionDAG to 2026-02-12T20:25:25.831274+00:00, run_after=2026-02-12T20:25:55.831274+00:00
[2026-02-12T20:25:55.873+0000] {processor.py:179} INFO - Processing /opt/airflow/dags/ingest_local_folder_dag.py took 0.753 seconds
[2026-02-12T20:26:26.127+0000] {processor.py:157} INFO - Started process (PID=1948) to work on /opt/airflow/dags/ingest_local_folder_dag.py
[2026-02-12T20:26:26.129+0000] {processor.py:829} INFO - Processing file /opt/airflow/dags/ingest_local_folder_dag.py for tasks to queue
[2026-02-12T20:26:26.132+0000] {logging_mixin.py:151} INFO - [2026-02-12T20:26:26.130+0000] {dagbag.py:539} INFO - Filling up the DagBag from /opt/airflow/dags/ingest_local_folder_dag.py
[2026-02-12T20:26:26.681+0000] {processor.py:839} INFO - DAG(s) dict_keys(['ingestionDAG']) retrieved from /opt/airflow/dags/ingest_local_folder_dag.py
[2026-02-12T20:26:26.767+0000] {logging_mixin.py:151} INFO - [2026-02-12T20:26:26.767+0000] {dag.py:2915} INFO - Sync 1 DAGs
[2026-02-12T20:26:26.826+0000] {logging_mixin.py:151} INFO - [2026-02-12T20:26:26.825+0000] {dag.py:3696} INFO - Setting next_dagrun for ingestionDAG to 2026-02-12T20:25:56.824970+00:00, run_after=2026-02-12T20:26:26.824970+00:00
[2026-02-12T20:26:26.867+0000] {processor.py:179} INFO - Processing /opt/airflow/dags/ingest_local_folder_dag.py took 0.750 seconds
[2026-02-12T20:26:57.117+0000] {processor.py:157} INFO - Started process (PID=1961) to work on /opt/airflow/dags/ingest_local_folder_dag.py
[2026-02-12T20:26:57.119+0000] {processor.py:829} INFO - Processing file /opt/airflow/dags/ingest_local_folder_dag.py for tasks to queue
[2026-02-12T20:26:57.122+0000] {logging_mixin.py:151} INFO - [2026-02-12T20:26:57.121+0000] {dagbag.py:539} INFO - Filling up the DagBag from /opt/airflow/dags/ingest_local_folder_dag.py
[2026-02-12T20:26:57.673+0000] {processor.py:839} INFO - DAG(s) dict_keys(['ingestionDAG']) retrieved from /opt/airflow/dags/ingest_local_folder_dag.py
[2026-02-12T20:26:57.760+0000] {logging_mixin.py:151} INFO - [2026-02-12T20:26:57.759+0000] {dag.py:2915} INFO - Sync 1 DAGs
[2026-02-12T20:26:57.818+0000] {logging_mixin.py:151} INFO - [2026-02-12T20:26:57.817+0000] {dag.py:3696} INFO - Setting next_dagrun for ingestionDAG to 2026-02-12T20:26:27.817355+00:00, run_after=2026-02-12T20:26:57.817355+00:00
[2026-02-12T20:26:57.859+0000] {processor.py:179} INFO - Processing /opt/airflow/dags/ingest_local_folder_dag.py took 0.753 seconds
[2026-02-12T20:27:28.107+0000] {processor.py:157} INFO - Started process (PID=1972) to work on /opt/airflow/dags/ingest_local_folder_dag.py
[2026-02-12T20:27:28.109+0000] {processor.py:829} INFO - Processing file /opt/airflow/dags/ingest_local_folder_dag.py for tasks to queue
[2026-02-12T20:27:28.111+0000] {logging_mixin.py:151} INFO - [2026-02-12T20:27:28.110+0000] {dagbag.py:539} INFO - Filling up the DagBag from /opt/airflow/dags/ingest_local_folder_dag.py
[2026-02-12T20:27:28.664+0000] {processor.py:839} INFO - DAG(s) dict_keys(['ingestionDAG']) retrieved from /opt/airflow/dags/ingest_local_folder_dag.py
[2026-02-12T20:27:28.751+0000] {logging_mixin.py:151} INFO - [2026-02-12T20:27:28.750+0000] {dag.py:2915} INFO - Sync 1 DAGs
[2026-02-12T20:27:28.809+0000] {logging_mixin.py:151} INFO - [2026-02-12T20:27:28.808+0000] {dag.py:3696} INFO - Setting next_dagrun for ingestionDAG to 2026-02-12T20:26:58.808190+00:00, run_after=2026-02-12T20:27:28.808190+00:00
[2026-02-12T20:27:28.853+0000] {processor.py:179} INFO - Processing /opt/airflow/dags/ingest_local_folder_dag.py took 0.757 seconds
[2026-02-12T20:27:59.109+0000] {processor.py:157} INFO - Started process (PID=1984) to work on /opt/airflow/dags/ingest_local_folder_dag.py
[2026-02-12T20:27:59.112+0000] {processor.py:829} INFO - Processing file /opt/airflow/dags/ingest_local_folder_dag.py for tasks to queue
[2026-02-12T20:27:59.114+0000] {logging_mixin.py:151} INFO - [2026-02-12T20:27:59.113+0000] {dagbag.py:539} INFO - Filling up the DagBag from /opt/airflow/dags/ingest_local_folder_dag.py
[2026-02-12T20:27:59.688+0000] {processor.py:839} INFO - DAG(s) dict_keys(['ingestionDAG']) retrieved from /opt/airflow/dags/ingest_local_folder_dag.py
[2026-02-12T20:27:59.775+0000] {logging_mixin.py:151} INFO - [2026-02-12T20:27:59.775+0000] {dag.py:2915} INFO - Sync 1 DAGs
[2026-02-12T20:27:59.837+0000] {logging_mixin.py:151} INFO - [2026-02-12T20:27:59.836+0000] {dag.py:3696} INFO - Setting next_dagrun for ingestionDAG to 2026-02-12T20:27:29.836232+00:00, run_after=2026-02-12T20:27:59.836232+00:00
[2026-02-12T20:27:59.879+0000] {processor.py:179} INFO - Processing /opt/airflow/dags/ingest_local_folder_dag.py took 0.781 seconds
[2026-02-12T20:28:30.123+0000] {processor.py:157} INFO - Started process (PID=1994) to work on /opt/airflow/dags/ingest_local_folder_dag.py
[2026-02-12T20:28:30.125+0000] {processor.py:829} INFO - Processing file /opt/airflow/dags/ingest_local_folder_dag.py for tasks to queue
[2026-02-12T20:28:30.128+0000] {logging_mixin.py:151} INFO - [2026-02-12T20:28:30.127+0000] {dagbag.py:539} INFO - Filling up the DagBag from /opt/airflow/dags/ingest_local_folder_dag.py
[2026-02-12T20:28:30.701+0000] {processor.py:839} INFO - DAG(s) dict_keys(['ingestionDAG']) retrieved from /opt/airflow/dags/ingest_local_folder_dag.py
[2026-02-12T20:28:30.791+0000] {logging_mixin.py:151} INFO - [2026-02-12T20:28:30.790+0000] {dag.py:2915} INFO - Sync 1 DAGs
[2026-02-12T20:28:30.853+0000] {logging_mixin.py:151} INFO - [2026-02-12T20:28:30.853+0000] {dag.py:3696} INFO - Setting next_dagrun for ingestionDAG to 2026-02-12T20:28:00.852718+00:00, run_after=2026-02-12T20:28:30.852718+00:00
[2026-02-12T20:28:30.895+0000] {processor.py:179} INFO - Processing /opt/airflow/dags/ingest_local_folder_dag.py took 0.784 seconds
[2026-02-12T20:29:01.151+0000] {processor.py:157} INFO - Started process (PID=2007) to work on /opt/airflow/dags/ingest_local_folder_dag.py
[2026-02-12T20:29:01.154+0000] {processor.py:829} INFO - Processing file /opt/airflow/dags/ingest_local_folder_dag.py for tasks to queue
[2026-02-12T20:29:01.156+0000] {logging_mixin.py:151} INFO - [2026-02-12T20:29:01.155+0000] {dagbag.py:539} INFO - Filling up the DagBag from /opt/airflow/dags/ingest_local_folder_dag.py
[2026-02-12T20:29:01.741+0000] {processor.py:839} INFO - DAG(s) dict_keys(['ingestionDAG']) retrieved from /opt/airflow/dags/ingest_local_folder_dag.py
[2026-02-12T20:29:01.841+0000] {logging_mixin.py:151} INFO - [2026-02-12T20:29:01.840+0000] {dag.py:2915} INFO - Sync 1 DAGs
[2026-02-12T20:29:01.902+0000] {logging_mixin.py:151} INFO - [2026-02-12T20:29:01.902+0000] {dag.py:3696} INFO - Setting next_dagrun for ingestionDAG to 2026-02-12T20:28:31.901893+00:00, run_after=2026-02-12T20:29:01.901893+00:00
[2026-02-12T20:29:01.944+0000] {processor.py:179} INFO - Processing /opt/airflow/dags/ingest_local_folder_dag.py took 0.804 seconds
[2026-02-12T20:29:32.211+0000] {processor.py:157} INFO - Started process (PID=2020) to work on /opt/airflow/dags/ingest_local_folder_dag.py
[2026-02-12T20:29:32.214+0000] {processor.py:829} INFO - Processing file /opt/airflow/dags/ingest_local_folder_dag.py for tasks to queue
[2026-02-12T20:29:32.216+0000] {logging_mixin.py:151} INFO - [2026-02-12T20:29:32.215+0000] {dagbag.py:539} INFO - Filling up the DagBag from /opt/airflow/dags/ingest_local_folder_dag.py
[2026-02-12T20:29:32.802+0000] {processor.py:839} INFO - DAG(s) dict_keys(['ingestionDAG']) retrieved from /opt/airflow/dags/ingest_local_folder_dag.py
[2026-02-12T20:29:32.899+0000] {logging_mixin.py:151} INFO - [2026-02-12T20:29:32.898+0000] {dag.py:2915} INFO - Sync 1 DAGs
[2026-02-12T20:29:32.959+0000] {logging_mixin.py:151} INFO - [2026-02-12T20:29:32.959+0000] {dag.py:3696} INFO - Setting next_dagrun for ingestionDAG to 2026-02-12T20:29:02.958470+00:00, run_after=2026-02-12T20:29:32.958470+00:00
[2026-02-12T20:29:33.000+0000] {processor.py:179} INFO - Processing /opt/airflow/dags/ingest_local_folder_dag.py took 0.801 seconds
[2026-02-12T20:30:03.175+0000] {processor.py:157} INFO - Started process (PID=2033) to work on /opt/airflow/dags/ingest_local_folder_dag.py
[2026-02-12T20:30:03.178+0000] {processor.py:829} INFO - Processing file /opt/airflow/dags/ingest_local_folder_dag.py for tasks to queue
[2026-02-12T20:30:03.180+0000] {logging_mixin.py:151} INFO - [2026-02-12T20:30:03.179+0000] {dagbag.py:539} INFO - Filling up the DagBag from /opt/airflow/dags/ingest_local_folder_dag.py
[2026-02-12T20:30:03.761+0000] {processor.py:839} INFO - DAG(s) dict_keys(['ingestionDAG']) retrieved from /opt/airflow/dags/ingest_local_folder_dag.py
[2026-02-12T20:30:03.858+0000] {logging_mixin.py:151} INFO - [2026-02-12T20:30:03.858+0000] {dag.py:2915} INFO - Sync 1 DAGs
[2026-02-12T20:30:03.924+0000] {logging_mixin.py:151} INFO - [2026-02-12T20:30:03.924+0000] {dag.py:3696} INFO - Setting next_dagrun for ingestionDAG to 2026-02-12T20:29:33.923765+00:00, run_after=2026-02-12T20:30:03.923765+00:00
[2026-02-12T20:30:03.968+0000] {processor.py:179} INFO - Processing /opt/airflow/dags/ingest_local_folder_dag.py took 0.804 seconds
[2026-02-12T20:30:34.719+0000] {processor.py:157} INFO - Started process (PID=2046) to work on /opt/airflow/dags/ingest_local_folder_dag.py
[2026-02-12T20:30:34.721+0000] {processor.py:829} INFO - Processing file /opt/airflow/dags/ingest_local_folder_dag.py for tasks to queue
[2026-02-12T20:30:34.724+0000] {logging_mixin.py:151} INFO - [2026-02-12T20:30:34.723+0000] {dagbag.py:539} INFO - Filling up the DagBag from /opt/airflow/dags/ingest_local_folder_dag.py
[2026-02-12T20:30:35.327+0000] {processor.py:839} INFO - DAG(s) dict_keys(['ingestionDAG']) retrieved from /opt/airflow/dags/ingest_local_folder_dag.py
[2026-02-12T20:30:35.424+0000] {logging_mixin.py:151} INFO - [2026-02-12T20:30:35.423+0000] {dag.py:2915} INFO - Sync 1 DAGs
[2026-02-12T20:30:35.492+0000] {logging_mixin.py:151} INFO - [2026-02-12T20:30:35.491+0000] {dag.py:3696} INFO - Setting next_dagrun for ingestionDAG to 2026-02-12T20:30:05.491134+00:00, run_after=2026-02-12T20:30:35.491134+00:00
[2026-02-12T20:30:35.535+0000] {processor.py:179} INFO - Processing /opt/airflow/dags/ingest_local_folder_dag.py took 0.828 seconds
[2026-02-12T20:31:05.803+0000] {processor.py:157} INFO - Started process (PID=2059) to work on /opt/airflow/dags/ingest_local_folder_dag.py
[2026-02-12T20:31:05.805+0000] {processor.py:829} INFO - Processing file /opt/airflow/dags/ingest_local_folder_dag.py for tasks to queue
[2026-02-12T20:31:05.808+0000] {logging_mixin.py:151} INFO - [2026-02-12T20:31:05.806+0000] {dagbag.py:539} INFO - Filling up the DagBag from /opt/airflow/dags/ingest_local_folder_dag.py
[2026-02-12T20:31:06.382+0000] {processor.py:839} INFO - DAG(s) dict_keys(['ingestionDAG']) retrieved from /opt/airflow/dags/ingest_local_folder_dag.py
[2026-02-12T20:31:06.481+0000] {logging_mixin.py:151} INFO - [2026-02-12T20:31:06.481+0000] {dag.py:2915} INFO - Sync 1 DAGs
[2026-02-12T20:31:06.545+0000] {logging_mixin.py:151} INFO - [2026-02-12T20:31:06.545+0000] {dag.py:3696} INFO - Setting next_dagrun for ingestionDAG to 2026-02-12T20:30:36.544896+00:00, run_after=2026-02-12T20:31:06.544896+00:00
[2026-02-12T20:31:06.588+0000] {processor.py:179} INFO - Processing /opt/airflow/dags/ingest_local_folder_dag.py took 0.797 seconds
[2026-02-12T20:31:36.770+0000] {processor.py:157} INFO - Started process (PID=2072) to work on /opt/airflow/dags/ingest_local_folder_dag.py
[2026-02-12T20:31:36.773+0000] {processor.py:829} INFO - Processing file /opt/airflow/dags/ingest_local_folder_dag.py for tasks to queue
[2026-02-12T20:31:36.775+0000] {logging_mixin.py:151} INFO - [2026-02-12T20:31:36.774+0000] {dagbag.py:539} INFO - Filling up the DagBag from /opt/airflow/dags/ingest_local_folder_dag.py
[2026-02-12T20:31:37.353+0000] {processor.py:839} INFO - DAG(s) dict_keys(['ingestionDAG']) retrieved from /opt/airflow/dags/ingest_local_folder_dag.py
[2026-02-12T20:31:37.452+0000] {logging_mixin.py:151} INFO - [2026-02-12T20:31:37.452+0000] {dag.py:2915} INFO - Sync 1 DAGs
[2026-02-12T20:31:37.518+0000] {logging_mixin.py:151} INFO - [2026-02-12T20:31:37.517+0000] {dag.py:3696} INFO - Setting next_dagrun for ingestionDAG to 2026-02-12T20:31:07.516899+00:00, run_after=2026-02-12T20:31:37.516899+00:00
[2026-02-12T20:31:37.562+0000] {processor.py:179} INFO - Processing /opt/airflow/dags/ingest_local_folder_dag.py took 0.803 seconds
[2026-02-12T20:32:08.257+0000] {processor.py:157} INFO - Started process (PID=2085) to work on /opt/airflow/dags/ingest_local_folder_dag.py
[2026-02-12T20:32:08.259+0000] {processor.py:829} INFO - Processing file /opt/airflow/dags/ingest_local_folder_dag.py for tasks to queue
[2026-02-12T20:32:08.262+0000] {logging_mixin.py:151} INFO - [2026-02-12T20:32:08.260+0000] {dagbag.py:539} INFO - Filling up the DagBag from /opt/airflow/dags/ingest_local_folder_dag.py
[2026-02-12T20:32:08.853+0000] {processor.py:839} INFO - DAG(s) dict_keys(['ingestionDAG']) retrieved from /opt/airflow/dags/ingest_local_folder_dag.py
[2026-02-12T20:32:08.949+0000] {logging_mixin.py:151} INFO - [2026-02-12T20:32:08.949+0000] {dag.py:2915} INFO - Sync 1 DAGs
[2026-02-12T20:32:09.015+0000] {logging_mixin.py:151} INFO - [2026-02-12T20:32:09.014+0000] {dag.py:3696} INFO - Setting next_dagrun for ingestionDAG to 2026-02-12T20:31:39.014176+00:00, run_after=2026-02-12T20:32:09.014176+00:00
[2026-02-12T20:32:09.061+0000] {processor.py:179} INFO - Processing /opt/airflow/dags/ingest_local_folder_dag.py took 0.816 seconds
[2026-02-12T20:32:39.332+0000] {processor.py:157} INFO - Started process (PID=2098) to work on /opt/airflow/dags/ingest_local_folder_dag.py
[2026-02-12T20:32:39.335+0000] {processor.py:829} INFO - Processing file /opt/airflow/dags/ingest_local_folder_dag.py for tasks to queue
[2026-02-12T20:32:39.338+0000] {logging_mixin.py:151} INFO - [2026-02-12T20:32:39.336+0000] {dagbag.py:539} INFO - Filling up the DagBag from /opt/airflow/dags/ingest_local_folder_dag.py
[2026-02-12T20:32:39.907+0000] {processor.py:839} INFO - DAG(s) dict_keys(['ingestionDAG']) retrieved from /opt/airflow/dags/ingest_local_folder_dag.py
[2026-02-12T20:32:39.997+0000] {logging_mixin.py:151} INFO - [2026-02-12T20:32:39.997+0000] {dag.py:2915} INFO - Sync 1 DAGs
[2026-02-12T20:32:40.059+0000] {logging_mixin.py:151} INFO - [2026-02-12T20:32:40.059+0000] {dag.py:3696} INFO - Setting next_dagrun for ingestionDAG to 2026-02-12T20:32:10.058708+00:00, run_after=2026-02-12T20:32:40.058708+00:00
[2026-02-12T20:32:40.103+0000] {processor.py:179} INFO - Processing /opt/airflow/dags/ingest_local_folder_dag.py took 0.782 seconds
[2026-02-12T20:33:10.460+0000] {processor.py:157} INFO - Started process (PID=2114) to work on /opt/airflow/dags/ingest_local_folder_dag.py
[2026-02-12T20:33:10.465+0000] {processor.py:829} INFO - Processing file /opt/airflow/dags/ingest_local_folder_dag.py for tasks to queue
[2026-02-12T20:33:10.469+0000] {logging_mixin.py:151} INFO - [2026-02-12T20:33:10.468+0000] {dagbag.py:539} INFO - Filling up the DagBag from /opt/airflow/dags/ingest_local_folder_dag.py
[2026-02-12T20:33:11.163+0000] {processor.py:839} INFO - DAG(s) dict_keys(['ingestionDAG']) retrieved from /opt/airflow/dags/ingest_local_folder_dag.py
[2026-02-12T20:33:11.276+0000] {logging_mixin.py:151} INFO - [2026-02-12T20:33:11.275+0000] {dag.py:2915} INFO - Sync 1 DAGs
[2026-02-12T20:33:11.345+0000] {logging_mixin.py:151} INFO - [2026-02-12T20:33:11.344+0000] {dag.py:3696} INFO - Setting next_dagrun for ingestionDAG to 2026-02-12T20:32:41.344219+00:00, run_after=2026-02-12T20:33:11.344219+00:00
[2026-02-12T20:33:11.401+0000] {processor.py:179} INFO - Processing /opt/airflow/dags/ingest_local_folder_dag.py took 0.971 seconds
[2026-02-12T20:33:41.555+0000] {processor.py:157} INFO - Started process (PID=2130) to work on /opt/airflow/dags/ingest_local_folder_dag.py
[2026-02-12T20:33:41.557+0000] {processor.py:829} INFO - Processing file /opt/airflow/dags/ingest_local_folder_dag.py for tasks to queue
[2026-02-12T20:33:41.559+0000] {logging_mixin.py:151} INFO - [2026-02-12T20:33:41.558+0000] {dagbag.py:539} INFO - Filling up the DagBag from /opt/airflow/dags/ingest_local_folder_dag.py
[2026-02-12T20:33:42.110+0000] {processor.py:839} INFO - DAG(s) dict_keys(['ingestionDAG']) retrieved from /opt/airflow/dags/ingest_local_folder_dag.py
[2026-02-12T20:33:42.198+0000] {logging_mixin.py:151} INFO - [2026-02-12T20:33:42.197+0000] {dag.py:2915} INFO - Sync 1 DAGs
[2026-02-12T20:33:42.260+0000] {logging_mixin.py:151} INFO - [2026-02-12T20:33:42.259+0000] {dag.py:3696} INFO - Setting next_dagrun for ingestionDAG to 2026-02-12T20:33:12.258942+00:00, run_after=2026-02-12T20:33:42.258942+00:00
[2026-02-12T20:33:42.301+0000] {processor.py:179} INFO - Processing /opt/airflow/dags/ingest_local_folder_dag.py took 0.757 seconds
[2026-02-12T20:34:12.560+0000] {processor.py:157} INFO - Started process (PID=2143) to work on /opt/airflow/dags/ingest_local_folder_dag.py
[2026-02-12T20:34:12.563+0000] {processor.py:829} INFO - Processing file /opt/airflow/dags/ingest_local_folder_dag.py for tasks to queue
[2026-02-12T20:34:12.565+0000] {logging_mixin.py:151} INFO - [2026-02-12T20:34:12.564+0000] {dagbag.py:539} INFO - Filling up the DagBag from /opt/airflow/dags/ingest_local_folder_dag.py
[2026-02-12T20:34:13.127+0000] {processor.py:839} INFO - DAG(s) dict_keys(['ingestionDAG']) retrieved from /opt/airflow/dags/ingest_local_folder_dag.py
[2026-02-12T20:34:13.223+0000] {logging_mixin.py:151} INFO - [2026-02-12T20:34:13.223+0000] {dag.py:2915} INFO - Sync 1 DAGs
[2026-02-12T20:34:13.281+0000] {logging_mixin.py:151} INFO - [2026-02-12T20:34:13.281+0000] {dag.py:3696} INFO - Setting next_dagrun for ingestionDAG to 2026-02-12T20:33:43.280765+00:00, run_after=2026-02-12T20:34:13.280765+00:00
[2026-02-12T20:34:13.323+0000] {processor.py:179} INFO - Processing /opt/airflow/dags/ingest_local_folder_dag.py took 0.773 seconds
[2026-02-12T20:34:43.806+0000] {processor.py:157} INFO - Started process (PID=2159) to work on /opt/airflow/dags/ingest_local_folder_dag.py
[2026-02-12T20:34:43.809+0000] {processor.py:829} INFO - Processing file /opt/airflow/dags/ingest_local_folder_dag.py for tasks to queue
[2026-02-12T20:34:43.811+0000] {logging_mixin.py:151} INFO - [2026-02-12T20:34:43.810+0000] {dagbag.py:539} INFO - Filling up the DagBag from /opt/airflow/dags/ingest_local_folder_dag.py
[2026-02-12T20:34:44.371+0000] {processor.py:839} INFO - DAG(s) dict_keys(['ingestionDAG']) retrieved from /opt/airflow/dags/ingest_local_folder_dag.py
[2026-02-12T20:34:44.458+0000] {logging_mixin.py:151} INFO - [2026-02-12T20:34:44.457+0000] {dag.py:2915} INFO - Sync 1 DAGs
[2026-02-12T20:34:44.517+0000] {logging_mixin.py:151} INFO - [2026-02-12T20:34:44.516+0000] {dag.py:3696} INFO - Setting next_dagrun for ingestionDAG to 2026-02-12T20:34:14.516368+00:00, run_after=2026-02-12T20:34:44.516368+00:00
[2026-02-12T20:34:44.559+0000] {processor.py:179} INFO - Processing /opt/airflow/dags/ingest_local_folder_dag.py took 0.765 seconds
[2026-02-12T20:35:14.809+0000] {processor.py:157} INFO - Started process (PID=2175) to work on /opt/airflow/dags/ingest_local_folder_dag.py
[2026-02-12T20:35:14.811+0000] {processor.py:829} INFO - Processing file /opt/airflow/dags/ingest_local_folder_dag.py for tasks to queue
[2026-02-12T20:35:14.814+0000] {logging_mixin.py:151} INFO - [2026-02-12T20:35:14.813+0000] {dagbag.py:539} INFO - Filling up the DagBag from /opt/airflow/dags/ingest_local_folder_dag.py
[2026-02-12T20:35:15.369+0000] {processor.py:839} INFO - DAG(s) dict_keys(['ingestionDAG']) retrieved from /opt/airflow/dags/ingest_local_folder_dag.py
[2026-02-12T20:35:15.456+0000] {logging_mixin.py:151} INFO - [2026-02-12T20:35:15.455+0000] {dag.py:2915} INFO - Sync 1 DAGs
[2026-02-12T20:35:15.515+0000] {logging_mixin.py:151} INFO - [2026-02-12T20:35:15.515+0000] {dag.py:3696} INFO - Setting next_dagrun for ingestionDAG to 2026-02-12T20:34:45.514881+00:00, run_after=2026-02-12T20:35:15.514881+00:00
[2026-02-12T20:35:15.561+0000] {processor.py:179} INFO - Processing /opt/airflow/dags/ingest_local_folder_dag.py took 0.763 seconds
[2026-02-12T20:35:45.852+0000] {processor.py:157} INFO - Started process (PID=2188) to work on /opt/airflow/dags/ingest_local_folder_dag.py
[2026-02-12T20:35:45.855+0000] {processor.py:829} INFO - Processing file /opt/airflow/dags/ingest_local_folder_dag.py for tasks to queue
[2026-02-12T20:35:45.857+0000] {logging_mixin.py:151} INFO - [2026-02-12T20:35:45.856+0000] {dagbag.py:539} INFO - Filling up the DagBag from /opt/airflow/dags/ingest_local_folder_dag.py
[2026-02-12T20:35:46.433+0000] {processor.py:839} INFO - DAG(s) dict_keys(['ingestionDAG']) retrieved from /opt/airflow/dags/ingest_local_folder_dag.py
[2026-02-12T20:35:46.521+0000] {logging_mixin.py:151} INFO - [2026-02-12T20:35:46.520+0000] {dag.py:2915} INFO - Sync 1 DAGs
[2026-02-12T20:35:46.582+0000] {logging_mixin.py:151} INFO - [2026-02-12T20:35:46.582+0000] {dag.py:3696} INFO - Setting next_dagrun for ingestionDAG to 2026-02-12T20:35:16.581865+00:00, run_after=2026-02-12T20:35:46.581865+00:00
[2026-02-12T20:35:46.624+0000] {processor.py:179} INFO - Processing /opt/airflow/dags/ingest_local_folder_dag.py took 0.783 seconds
[2026-02-12T20:36:16.886+0000] {processor.py:157} INFO - Started process (PID=2204) to work on /opt/airflow/dags/ingest_local_folder_dag.py
[2026-02-12T20:36:16.888+0000] {processor.py:829} INFO - Processing file /opt/airflow/dags/ingest_local_folder_dag.py for tasks to queue
[2026-02-12T20:36:16.891+0000] {logging_mixin.py:151} INFO - [2026-02-12T20:36:16.890+0000] {dagbag.py:539} INFO - Filling up the DagBag from /opt/airflow/dags/ingest_local_folder_dag.py
[2026-02-12T20:36:17.464+0000] {processor.py:839} INFO - DAG(s) dict_keys(['ingestionDAG']) retrieved from /opt/airflow/dags/ingest_local_folder_dag.py
[2026-02-12T20:36:17.552+0000] {logging_mixin.py:151} INFO - [2026-02-12T20:36:17.551+0000] {dag.py:2915} INFO - Sync 1 DAGs
[2026-02-12T20:36:17.611+0000] {logging_mixin.py:151} INFO - [2026-02-12T20:36:17.610+0000] {dag.py:3696} INFO - Setting next_dagrun for ingestionDAG to 2026-02-12T20:35:47.610003+00:00, run_after=2026-02-12T20:36:17.610003+00:00
[2026-02-12T20:36:17.652+0000] {processor.py:179} INFO - Processing /opt/airflow/dags/ingest_local_folder_dag.py took 0.778 seconds
[2026-02-12T20:36:47.880+0000] {processor.py:157} INFO - Started process (PID=2220) to work on /opt/airflow/dags/ingest_local_folder_dag.py
[2026-02-12T20:36:47.882+0000] {processor.py:829} INFO - Processing file /opt/airflow/dags/ingest_local_folder_dag.py for tasks to queue
[2026-02-12T20:36:47.885+0000] {logging_mixin.py:151} INFO - [2026-02-12T20:36:47.884+0000] {dagbag.py:539} INFO - Filling up the DagBag from /opt/airflow/dags/ingest_local_folder_dag.py
[2026-02-12T20:36:48.434+0000] {processor.py:839} INFO - DAG(s) dict_keys(['ingestionDAG']) retrieved from /opt/airflow/dags/ingest_local_folder_dag.py
[2026-02-12T20:36:48.520+0000] {logging_mixin.py:151} INFO - [2026-02-12T20:36:48.520+0000] {dag.py:2915} INFO - Sync 1 DAGs
[2026-02-12T20:36:48.584+0000] {logging_mixin.py:151} INFO - [2026-02-12T20:36:48.583+0000] {dag.py:3696} INFO - Setting next_dagrun for ingestionDAG to 2026-02-12T20:36:18.583225+00:00, run_after=2026-02-12T20:36:48.583225+00:00
[2026-02-12T20:36:48.625+0000] {processor.py:179} INFO - Processing /opt/airflow/dags/ingest_local_folder_dag.py took 0.755 seconds
[2026-02-12T20:37:18.886+0000] {processor.py:157} INFO - Started process (PID=2234) to work on /opt/airflow/dags/ingest_local_folder_dag.py
[2026-02-12T20:37:18.888+0000] {processor.py:829} INFO - Processing file /opt/airflow/dags/ingest_local_folder_dag.py for tasks to queue
[2026-02-12T20:37:18.890+0000] {logging_mixin.py:151} INFO - [2026-02-12T20:37:18.889+0000] {dagbag.py:539} INFO - Filling up the DagBag from /opt/airflow/dags/ingest_local_folder_dag.py
[2026-02-12T20:37:19.488+0000] {processor.py:839} INFO - DAG(s) dict_keys(['ingestionDAG']) retrieved from /opt/airflow/dags/ingest_local_folder_dag.py
[2026-02-12T20:37:19.578+0000] {logging_mixin.py:151} INFO - [2026-02-12T20:37:19.577+0000] {dag.py:2915} INFO - Sync 1 DAGs
[2026-02-12T20:37:19.645+0000] {logging_mixin.py:151} INFO - [2026-02-12T20:37:19.645+0000] {dag.py:3696} INFO - Setting next_dagrun for ingestionDAG to 2026-02-12T20:36:49.644462+00:00, run_after=2026-02-12T20:37:19.644462+00:00
[2026-02-12T20:37:19.687+0000] {processor.py:179} INFO - Processing /opt/airflow/dags/ingest_local_folder_dag.py took 0.812 seconds
[2026-02-12T20:37:49.962+0000] {processor.py:157} INFO - Started process (PID=2249) to work on /opt/airflow/dags/ingest_local_folder_dag.py
[2026-02-12T20:37:49.965+0000] {processor.py:829} INFO - Processing file /opt/airflow/dags/ingest_local_folder_dag.py for tasks to queue
[2026-02-12T20:37:49.968+0000] {logging_mixin.py:151} INFO - [2026-02-12T20:37:49.967+0000] {dagbag.py:539} INFO - Filling up the DagBag from /opt/airflow/dags/ingest_local_folder_dag.py
[2026-02-12T20:37:50.617+0000] {processor.py:839} INFO - DAG(s) dict_keys(['ingestionDAG']) retrieved from /opt/airflow/dags/ingest_local_folder_dag.py
[2026-02-12T20:37:50.719+0000] {logging_mixin.py:151} INFO - [2026-02-12T20:37:50.719+0000] {dag.py:2915} INFO - Sync 1 DAGs
[2026-02-12T20:37:50.800+0000] {logging_mixin.py:151} INFO - [2026-02-12T20:37:50.796+0000] {dag.py:3696} INFO - Setting next_dagrun for ingestionDAG to 2026-02-12T20:37:20.795777+00:00, run_after=2026-02-12T20:37:50.795777+00:00
[2026-02-12T20:37:50.862+0000] {processor.py:179} INFO - Processing /opt/airflow/dags/ingest_local_folder_dag.py took 0.912 seconds
[2026-02-12T20:38:21.192+0000] {processor.py:157} INFO - Started process (PID=2265) to work on /opt/airflow/dags/ingest_local_folder_dag.py
[2026-02-12T20:38:21.194+0000] {processor.py:829} INFO - Processing file /opt/airflow/dags/ingest_local_folder_dag.py for tasks to queue
[2026-02-12T20:38:21.197+0000] {logging_mixin.py:151} INFO - [2026-02-12T20:38:21.196+0000] {dagbag.py:539} INFO - Filling up the DagBag from /opt/airflow/dags/ingest_local_folder_dag.py
[2026-02-12T20:38:21.795+0000] {processor.py:839} INFO - DAG(s) dict_keys(['ingestionDAG']) retrieved from /opt/airflow/dags/ingest_local_folder_dag.py
[2026-02-12T20:38:21.908+0000] {logging_mixin.py:151} INFO - [2026-02-12T20:38:21.908+0000] {dag.py:2915} INFO - Sync 1 DAGs
[2026-02-12T20:38:21.992+0000] {logging_mixin.py:151} INFO - [2026-02-12T20:38:21.991+0000] {dag.py:3696} INFO - Setting next_dagrun for ingestionDAG to 2026-02-12T20:37:51.991052+00:00, run_after=2026-02-12T20:38:21.991052+00:00
[2026-02-12T20:38:22.056+0000] {processor.py:179} INFO - Processing /opt/airflow/dags/ingest_local_folder_dag.py took 0.874 seconds
[2026-02-12T20:38:52.284+0000] {processor.py:157} INFO - Started process (PID=2281) to work on /opt/airflow/dags/ingest_local_folder_dag.py
[2026-02-12T20:38:52.289+0000] {processor.py:829} INFO - Processing file /opt/airflow/dags/ingest_local_folder_dag.py for tasks to queue
[2026-02-12T20:38:52.293+0000] {logging_mixin.py:151} INFO - [2026-02-12T20:38:52.292+0000] {dagbag.py:539} INFO - Filling up the DagBag from /opt/airflow/dags/ingest_local_folder_dag.py
[2026-02-12T20:38:52.956+0000] {processor.py:839} INFO - DAG(s) dict_keys(['ingestionDAG']) retrieved from /opt/airflow/dags/ingest_local_folder_dag.py
[2026-02-12T20:38:53.062+0000] {logging_mixin.py:151} INFO - [2026-02-12T20:38:53.061+0000] {dag.py:2915} INFO - Sync 1 DAGs
[2026-02-12T20:38:53.139+0000] {logging_mixin.py:151} INFO - [2026-02-12T20:38:53.138+0000] {dag.py:3696} INFO - Setting next_dagrun for ingestionDAG to 2026-02-12T20:38:23.138309+00:00, run_after=2026-02-12T20:38:53.138309+00:00
[2026-02-12T20:38:53.196+0000] {processor.py:179} INFO - Processing /opt/airflow/dags/ingest_local_folder_dag.py took 0.924 seconds
[2026-02-12T20:39:23.648+0000] {processor.py:157} INFO - Started process (PID=2294) to work on /opt/airflow/dags/ingest_local_folder_dag.py
[2026-02-12T20:39:23.651+0000] {processor.py:829} INFO - Processing file /opt/airflow/dags/ingest_local_folder_dag.py for tasks to queue
[2026-02-12T20:39:23.654+0000] {logging_mixin.py:151} INFO - [2026-02-12T20:39:23.652+0000] {dagbag.py:539} INFO - Filling up the DagBag from /opt/airflow/dags/ingest_local_folder_dag.py
[2026-02-12T20:39:24.290+0000] {processor.py:839} INFO - DAG(s) dict_keys(['ingestionDAG']) retrieved from /opt/airflow/dags/ingest_local_folder_dag.py
[2026-02-12T20:39:24.455+0000] {logging_mixin.py:151} INFO - [2026-02-12T20:39:24.454+0000] {dag.py:2915} INFO - Sync 1 DAGs
[2026-02-12T20:39:24.543+0000] {logging_mixin.py:151} INFO - [2026-02-12T20:39:24.541+0000] {dag.py:3696} INFO - Setting next_dagrun for ingestionDAG to 2026-02-12T20:38:54.540682+00:00, run_after=2026-02-12T20:39:24.540682+00:00
[2026-02-12T20:39:24.642+0000] {processor.py:179} INFO - Processing /opt/airflow/dags/ingest_local_folder_dag.py took 1.005 seconds
[2026-02-12T20:39:54.984+0000] {processor.py:157} INFO - Started process (PID=2310) to work on /opt/airflow/dags/ingest_local_folder_dag.py
[2026-02-12T20:39:54.986+0000] {processor.py:829} INFO - Processing file /opt/airflow/dags/ingest_local_folder_dag.py for tasks to queue
[2026-02-12T20:39:54.988+0000] {logging_mixin.py:151} INFO - [2026-02-12T20:39:54.987+0000] {dagbag.py:539} INFO - Filling up the DagBag from /opt/airflow/dags/ingest_local_folder_dag.py
[2026-02-12T20:39:55.554+0000] {processor.py:839} INFO - DAG(s) dict_keys(['ingestionDAG']) retrieved from /opt/airflow/dags/ingest_local_folder_dag.py
[2026-02-12T20:39:55.641+0000] {logging_mixin.py:151} INFO - [2026-02-12T20:39:55.641+0000] {dag.py:2915} INFO - Sync 1 DAGs
[2026-02-12T20:39:55.700+0000] {logging_mixin.py:151} INFO - [2026-02-12T20:39:55.700+0000] {dag.py:3696} INFO - Setting next_dagrun for ingestionDAG to 2026-02-12T20:39:25.699710+00:00, run_after=2026-02-12T20:39:55.699710+00:00
[2026-02-12T20:39:55.742+0000] {processor.py:179} INFO - Processing /opt/airflow/dags/ingest_local_folder_dag.py took 0.769 seconds
[2026-02-12T20:40:26.119+0000] {processor.py:157} INFO - Started process (PID=2326) to work on /opt/airflow/dags/ingest_local_folder_dag.py
[2026-02-12T20:40:26.121+0000] {processor.py:829} INFO - Processing file /opt/airflow/dags/ingest_local_folder_dag.py for tasks to queue
[2026-02-12T20:40:26.123+0000] {logging_mixin.py:151} INFO - [2026-02-12T20:40:26.122+0000] {dagbag.py:539} INFO - Filling up the DagBag from /opt/airflow/dags/ingest_local_folder_dag.py
[2026-02-12T20:40:26.703+0000] {processor.py:839} INFO - DAG(s) dict_keys(['ingestionDAG']) retrieved from /opt/airflow/dags/ingest_local_folder_dag.py
[2026-02-12T20:40:26.798+0000] {logging_mixin.py:151} INFO - [2026-02-12T20:40:26.798+0000] {dag.py:2915} INFO - Sync 1 DAGs
[2026-02-12T20:40:26.863+0000] {logging_mixin.py:151} INFO - [2026-02-12T20:40:26.862+0000] {dag.py:3696} INFO - Setting next_dagrun for ingestionDAG to 2026-02-12T20:39:56.862290+00:00, run_after=2026-02-12T20:40:26.862290+00:00
[2026-02-12T20:40:26.910+0000] {processor.py:179} INFO - Processing /opt/airflow/dags/ingest_local_folder_dag.py took 0.802 seconds
[2026-02-12T20:40:57.186+0000] {processor.py:157} INFO - Started process (PID=2339) to work on /opt/airflow/dags/ingest_local_folder_dag.py
[2026-02-12T20:40:57.189+0000] {processor.py:829} INFO - Processing file /opt/airflow/dags/ingest_local_folder_dag.py for tasks to queue
[2026-02-12T20:40:57.191+0000] {logging_mixin.py:151} INFO - [2026-02-12T20:40:57.190+0000] {dagbag.py:539} INFO - Filling up the DagBag from /opt/airflow/dags/ingest_local_folder_dag.py
[2026-02-12T20:40:57.766+0000] {processor.py:839} INFO - DAG(s) dict_keys(['ingestionDAG']) retrieved from /opt/airflow/dags/ingest_local_folder_dag.py
[2026-02-12T20:40:57.857+0000] {logging_mixin.py:151} INFO - [2026-02-12T20:40:57.856+0000] {dag.py:2915} INFO - Sync 1 DAGs
[2026-02-12T20:40:57.922+0000] {logging_mixin.py:151} INFO - [2026-02-12T20:40:57.921+0000] {dag.py:3696} INFO - Setting next_dagrun for ingestionDAG to 2026-02-12T20:40:27.921135+00:00, run_after=2026-02-12T20:40:57.921135+00:00
[2026-02-12T20:40:57.972+0000] {processor.py:179} INFO - Processing /opt/airflow/dags/ingest_local_folder_dag.py took 0.797 seconds
[2026-02-12T20:41:28.279+0000] {processor.py:157} INFO - Started process (PID=2355) to work on /opt/airflow/dags/ingest_local_folder_dag.py
[2026-02-12T20:41:28.281+0000] {processor.py:829} INFO - Processing file /opt/airflow/dags/ingest_local_folder_dag.py for tasks to queue
[2026-02-12T20:41:28.283+0000] {logging_mixin.py:151} INFO - [2026-02-12T20:41:28.282+0000] {dagbag.py:539} INFO - Filling up the DagBag from /opt/airflow/dags/ingest_local_folder_dag.py
[2026-02-12T20:41:28.879+0000] {processor.py:839} INFO - DAG(s) dict_keys(['ingestionDAG']) retrieved from /opt/airflow/dags/ingest_local_folder_dag.py
[2026-02-12T20:41:28.980+0000] {logging_mixin.py:151} INFO - [2026-02-12T20:41:28.980+0000] {dag.py:2915} INFO - Sync 1 DAGs
[2026-02-12T20:41:29.047+0000] {logging_mixin.py:151} INFO - [2026-02-12T20:41:29.046+0000] {dag.py:3696} INFO - Setting next_dagrun for ingestionDAG to 2026-02-12T20:40:59.046060+00:00, run_after=2026-02-12T20:41:29.046060+00:00
[2026-02-12T20:41:29.092+0000] {processor.py:179} INFO - Processing /opt/airflow/dags/ingest_local_folder_dag.py took 0.825 seconds
[2026-02-12T20:41:59.405+0000] {processor.py:157} INFO - Started process (PID=2368) to work on /opt/airflow/dags/ingest_local_folder_dag.py
[2026-02-12T20:41:59.409+0000] {processor.py:829} INFO - Processing file /opt/airflow/dags/ingest_local_folder_dag.py for tasks to queue
[2026-02-12T20:41:59.412+0000] {logging_mixin.py:151} INFO - [2026-02-12T20:41:59.410+0000] {dagbag.py:539} INFO - Filling up the DagBag from /opt/airflow/dags/ingest_local_folder_dag.py
[2026-02-12T20:42:00.009+0000] {processor.py:839} INFO - DAG(s) dict_keys(['ingestionDAG']) retrieved from /opt/airflow/dags/ingest_local_folder_dag.py
[2026-02-12T20:42:00.113+0000] {logging_mixin.py:151} INFO - [2026-02-12T20:42:00.112+0000] {dag.py:2915} INFO - Sync 1 DAGs
[2026-02-12T20:42:00.180+0000] {logging_mixin.py:151} INFO - [2026-02-12T20:42:00.180+0000] {dag.py:3696} INFO - Setting next_dagrun for ingestionDAG to 2026-02-12T20:41:30.179135+00:00, run_after=2026-02-12T20:42:00.179135+00:00
[2026-02-12T20:42:00.225+0000] {processor.py:179} INFO - Processing /opt/airflow/dags/ingest_local_folder_dag.py took 0.833 seconds
[2026-02-12T20:42:30.310+0000] {processor.py:157} INFO - Started process (PID=2381) to work on /opt/airflow/dags/ingest_local_folder_dag.py
[2026-02-12T20:42:30.313+0000] {processor.py:829} INFO - Processing file /opt/airflow/dags/ingest_local_folder_dag.py for tasks to queue
[2026-02-12T20:42:30.315+0000] {logging_mixin.py:151} INFO - [2026-02-12T20:42:30.314+0000] {dagbag.py:539} INFO - Filling up the DagBag from /opt/airflow/dags/ingest_local_folder_dag.py
[2026-02-12T20:42:30.937+0000] {processor.py:839} INFO - DAG(s) dict_keys(['ingestionDAG']) retrieved from /opt/airflow/dags/ingest_local_folder_dag.py
[2026-02-12T20:42:31.041+0000] {logging_mixin.py:151} INFO - [2026-02-12T20:42:31.040+0000] {dag.py:2915} INFO - Sync 1 DAGs
[2026-02-12T20:42:31.111+0000] {logging_mixin.py:151} INFO - [2026-02-12T20:42:31.110+0000] {dag.py:3696} INFO - Setting next_dagrun for ingestionDAG to 2026-02-12T20:42:01.110214+00:00, run_after=2026-02-12T20:42:31.110214+00:00
[2026-02-12T20:42:31.155+0000] {processor.py:179} INFO - Processing /opt/airflow/dags/ingest_local_folder_dag.py took 0.857 seconds
[2026-02-12T20:43:01.872+0000] {processor.py:157} INFO - Started process (PID=2394) to work on /opt/airflow/dags/ingest_local_folder_dag.py
[2026-02-12T20:43:01.874+0000] {processor.py:829} INFO - Processing file /opt/airflow/dags/ingest_local_folder_dag.py for tasks to queue
[2026-02-12T20:43:01.877+0000] {logging_mixin.py:151} INFO - [2026-02-12T20:43:01.876+0000] {dagbag.py:539} INFO - Filling up the DagBag from /opt/airflow/dags/ingest_local_folder_dag.py
[2026-02-12T20:43:02.427+0000] {processor.py:839} INFO - DAG(s) dict_keys(['ingestionDAG']) retrieved from /opt/airflow/dags/ingest_local_folder_dag.py
[2026-02-12T20:43:02.514+0000] {logging_mixin.py:151} INFO - [2026-02-12T20:43:02.514+0000] {dag.py:2915} INFO - Sync 1 DAGs
[2026-02-12T20:43:02.576+0000] {logging_mixin.py:151} INFO - [2026-02-12T20:43:02.575+0000] {dag.py:3696} INFO - Setting next_dagrun for ingestionDAG to 2026-02-12T20:42:32.575208+00:00, run_after=2026-02-12T20:43:02.575208+00:00
[2026-02-12T20:43:02.618+0000] {processor.py:179} INFO - Processing /opt/airflow/dags/ingest_local_folder_dag.py took 0.758 seconds
[2026-02-12T20:43:32.882+0000] {processor.py:157} INFO - Started process (PID=2407) to work on /opt/airflow/dags/ingest_local_folder_dag.py
[2026-02-12T20:43:32.884+0000] {processor.py:829} INFO - Processing file /opt/airflow/dags/ingest_local_folder_dag.py for tasks to queue
[2026-02-12T20:43:32.887+0000] {logging_mixin.py:151} INFO - [2026-02-12T20:43:32.886+0000] {dagbag.py:539} INFO - Filling up the DagBag from /opt/airflow/dags/ingest_local_folder_dag.py
[2026-02-12T20:43:33.543+0000] {processor.py:839} INFO - DAG(s) dict_keys(['ingestionDAG']) retrieved from /opt/airflow/dags/ingest_local_folder_dag.py
[2026-02-12T20:43:33.662+0000] {logging_mixin.py:151} INFO - [2026-02-12T20:43:33.662+0000] {dag.py:2915} INFO - Sync 1 DAGs
[2026-02-12T20:43:33.723+0000] {logging_mixin.py:151} INFO - [2026-02-12T20:43:33.722+0000] {dag.py:3696} INFO - Setting next_dagrun for ingestionDAG to 2026-02-12T20:43:03.722208+00:00, run_after=2026-02-12T20:43:33.722208+00:00
[2026-02-12T20:43:33.771+0000] {processor.py:179} INFO - Processing /opt/airflow/dags/ingest_local_folder_dag.py took 0.902 seconds
[2026-02-12T20:44:04.034+0000] {processor.py:157} INFO - Started process (PID=2420) to work on /opt/airflow/dags/ingest_local_folder_dag.py
[2026-02-12T20:44:04.036+0000] {processor.py:829} INFO - Processing file /opt/airflow/dags/ingest_local_folder_dag.py for tasks to queue
[2026-02-12T20:44:04.038+0000] {logging_mixin.py:151} INFO - [2026-02-12T20:44:04.037+0000] {dagbag.py:539} INFO - Filling up the DagBag from /opt/airflow/dags/ingest_local_folder_dag.py
[2026-02-12T20:44:04.592+0000] {processor.py:839} INFO - DAG(s) dict_keys(['ingestionDAG']) retrieved from /opt/airflow/dags/ingest_local_folder_dag.py
[2026-02-12T20:44:04.684+0000] {logging_mixin.py:151} INFO - [2026-02-12T20:44:04.683+0000] {dag.py:2915} INFO - Sync 1 DAGs
[2026-02-12T20:44:04.744+0000] {logging_mixin.py:151} INFO - [2026-02-12T20:44:04.743+0000] {dag.py:3696} INFO - Setting next_dagrun for ingestionDAG to 2026-02-12T20:43:34.743078+00:00, run_after=2026-02-12T20:44:04.743078+00:00
[2026-02-12T20:44:04.786+0000] {processor.py:179} INFO - Processing /opt/airflow/dags/ingest_local_folder_dag.py took 0.762 seconds
[2026-02-12T20:44:35.022+0000] {processor.py:157} INFO - Started process (PID=2433) to work on /opt/airflow/dags/ingest_local_folder_dag.py
[2026-02-12T20:44:35.024+0000] {processor.py:829} INFO - Processing file /opt/airflow/dags/ingest_local_folder_dag.py for tasks to queue
[2026-02-12T20:44:35.027+0000] {logging_mixin.py:151} INFO - [2026-02-12T20:44:35.026+0000] {dagbag.py:539} INFO - Filling up the DagBag from /opt/airflow/dags/ingest_local_folder_dag.py
[2026-02-12T20:44:35.578+0000] {processor.py:839} INFO - DAG(s) dict_keys(['ingestionDAG']) retrieved from /opt/airflow/dags/ingest_local_folder_dag.py
[2026-02-12T20:44:35.665+0000] {logging_mixin.py:151} INFO - [2026-02-12T20:44:35.664+0000] {dag.py:2915} INFO - Sync 1 DAGs
[2026-02-12T20:44:35.726+0000] {logging_mixin.py:151} INFO - [2026-02-12T20:44:35.725+0000] {dag.py:3696} INFO - Setting next_dagrun for ingestionDAG to 2026-02-12T20:44:05.725372+00:00, run_after=2026-02-12T20:44:35.725372+00:00
[2026-02-12T20:44:35.767+0000] {processor.py:179} INFO - Processing /opt/airflow/dags/ingest_local_folder_dag.py took 0.756 seconds
[2026-02-12T20:45:06.517+0000] {processor.py:157} INFO - Started process (PID=2446) to work on /opt/airflow/dags/ingest_local_folder_dag.py
[2026-02-12T20:45:06.519+0000] {processor.py:829} INFO - Processing file /opt/airflow/dags/ingest_local_folder_dag.py for tasks to queue
[2026-02-12T20:45:06.522+0000] {logging_mixin.py:151} INFO - [2026-02-12T20:45:06.520+0000] {dagbag.py:539} INFO - Filling up the DagBag from /opt/airflow/dags/ingest_local_folder_dag.py
[2026-02-12T20:45:07.106+0000] {processor.py:839} INFO - DAG(s) dict_keys(['ingestionDAG']) retrieved from /opt/airflow/dags/ingest_local_folder_dag.py
[2026-02-12T20:45:07.201+0000] {logging_mixin.py:151} INFO - [2026-02-12T20:45:07.201+0000] {dag.py:2915} INFO - Sync 1 DAGs
[2026-02-12T20:45:07.272+0000] {logging_mixin.py:151} INFO - [2026-02-12T20:45:07.271+0000] {dag.py:3696} INFO - Setting next_dagrun for ingestionDAG to 2026-02-12T20:44:37.271095+00:00, run_after=2026-02-12T20:45:07.271095+00:00
[2026-02-12T20:45:07.320+0000] {processor.py:179} INFO - Processing /opt/airflow/dags/ingest_local_folder_dag.py took 0.815 seconds
[2026-02-12T20:45:37.561+0000] {processor.py:157} INFO - Started process (PID=2459) to work on /opt/airflow/dags/ingest_local_folder_dag.py
[2026-02-12T20:45:37.563+0000] {processor.py:829} INFO - Processing file /opt/airflow/dags/ingest_local_folder_dag.py for tasks to queue
[2026-02-12T20:45:37.566+0000] {logging_mixin.py:151} INFO - [2026-02-12T20:45:37.565+0000] {dagbag.py:539} INFO - Filling up the DagBag from /opt/airflow/dags/ingest_local_folder_dag.py
[2026-02-12T20:45:38.123+0000] {processor.py:839} INFO - DAG(s) dict_keys(['ingestionDAG']) retrieved from /opt/airflow/dags/ingest_local_folder_dag.py
[2026-02-12T20:45:38.212+0000] {logging_mixin.py:151} INFO - [2026-02-12T20:45:38.212+0000] {dag.py:2915} INFO - Sync 1 DAGs
[2026-02-12T20:45:38.272+0000] {logging_mixin.py:151} INFO - [2026-02-12T20:45:38.271+0000] {dag.py:3696} INFO - Setting next_dagrun for ingestionDAG to 2026-02-12T20:45:08.271064+00:00, run_after=2026-02-12T20:45:38.271064+00:00
[2026-02-12T20:45:38.315+0000] {processor.py:179} INFO - Processing /opt/airflow/dags/ingest_local_folder_dag.py took 0.764 seconds
[2026-02-12T20:46:08.617+0000] {processor.py:157} INFO - Started process (PID=2470) to work on /opt/airflow/dags/ingest_local_folder_dag.py
[2026-02-12T20:46:08.619+0000] {processor.py:829} INFO - Processing file /opt/airflow/dags/ingest_local_folder_dag.py for tasks to queue
[2026-02-12T20:46:08.622+0000] {logging_mixin.py:151} INFO - [2026-02-12T20:46:08.621+0000] {dagbag.py:539} INFO - Filling up the DagBag from /opt/airflow/dags/ingest_local_folder_dag.py
[2026-02-12T20:46:09.353+0000] {processor.py:839} INFO - DAG(s) dict_keys(['ingestionDAG']) retrieved from /opt/airflow/dags/ingest_local_folder_dag.py
[2026-02-12T20:46:09.446+0000] {logging_mixin.py:151} INFO - [2026-02-12T20:46:09.445+0000] {dag.py:2915} INFO - Sync 1 DAGs
[2026-02-12T20:46:09.510+0000] {logging_mixin.py:151} INFO - [2026-02-12T20:46:09.510+0000] {dag.py:3696} INFO - Setting next_dagrun for ingestionDAG to 2026-02-12T20:45:39.509763+00:00, run_after=2026-02-12T20:46:09.509763+00:00
[2026-02-12T20:46:09.563+0000] {processor.py:179} INFO - Processing /opt/airflow/dags/ingest_local_folder_dag.py took 0.960 seconds
[2026-02-12T20:46:39.890+0000] {processor.py:157} INFO - Started process (PID=2479) to work on /opt/airflow/dags/ingest_local_folder_dag.py
[2026-02-12T20:46:39.895+0000] {processor.py:829} INFO - Processing file /opt/airflow/dags/ingest_local_folder_dag.py for tasks to queue
[2026-02-12T20:46:39.903+0000] {logging_mixin.py:151} INFO - [2026-02-12T20:46:39.902+0000] {dagbag.py:539} INFO - Filling up the DagBag from /opt/airflow/dags/ingest_local_folder_dag.py
[2026-02-12T20:46:40.714+0000] {processor.py:839} INFO - DAG(s) dict_keys(['ingestionDAG']) retrieved from /opt/airflow/dags/ingest_local_folder_dag.py
[2026-02-12T20:46:40.829+0000] {logging_mixin.py:151} INFO - [2026-02-12T20:46:40.829+0000] {dag.py:2915} INFO - Sync 1 DAGs
[2026-02-12T20:46:40.894+0000] {logging_mixin.py:151} INFO - [2026-02-12T20:46:40.894+0000] {dag.py:3696} INFO - Setting next_dagrun for ingestionDAG to 2026-02-12T20:46:10.893507+00:00, run_after=2026-02-12T20:46:40.893507+00:00
[2026-02-12T20:46:40.949+0000] {processor.py:179} INFO - Processing /opt/airflow/dags/ingest_local_folder_dag.py took 1.092 seconds
[2026-02-12T20:47:11.228+0000] {processor.py:157} INFO - Started process (PID=2492) to work on /opt/airflow/dags/ingest_local_folder_dag.py
[2026-02-12T20:47:11.231+0000] {processor.py:829} INFO - Processing file /opt/airflow/dags/ingest_local_folder_dag.py for tasks to queue
[2026-02-12T20:47:11.233+0000] {logging_mixin.py:151} INFO - [2026-02-12T20:47:11.232+0000] {dagbag.py:539} INFO - Filling up the DagBag from /opt/airflow/dags/ingest_local_folder_dag.py
[2026-02-12T20:47:11.799+0000] {processor.py:839} INFO - DAG(s) dict_keys(['ingestionDAG']) retrieved from /opt/airflow/dags/ingest_local_folder_dag.py
[2026-02-12T20:47:11.886+0000] {logging_mixin.py:151} INFO - [2026-02-12T20:47:11.886+0000] {dag.py:2915} INFO - Sync 1 DAGs
[2026-02-12T20:47:11.945+0000] {logging_mixin.py:151} INFO - [2026-02-12T20:47:11.945+0000] {dag.py:3696} INFO - Setting next_dagrun for ingestionDAG to 2026-02-12T20:46:41.944710+00:00, run_after=2026-02-12T20:47:11.944710+00:00
[2026-02-12T20:47:11.994+0000] {processor.py:179} INFO - Processing /opt/airflow/dags/ingest_local_folder_dag.py took 0.776 seconds
[2026-02-12T20:47:42.291+0000] {processor.py:157} INFO - Started process (PID=2505) to work on /opt/airflow/dags/ingest_local_folder_dag.py
[2026-02-12T20:47:42.294+0000] {processor.py:829} INFO - Processing file /opt/airflow/dags/ingest_local_folder_dag.py for tasks to queue
[2026-02-12T20:47:42.296+0000] {logging_mixin.py:151} INFO - [2026-02-12T20:47:42.295+0000] {dagbag.py:539} INFO - Filling up the DagBag from /opt/airflow/dags/ingest_local_folder_dag.py
[2026-02-12T20:47:42.846+0000] {processor.py:839} INFO - DAG(s) dict_keys(['ingestionDAG']) retrieved from /opt/airflow/dags/ingest_local_folder_dag.py
[2026-02-12T20:47:42.935+0000] {logging_mixin.py:151} INFO - [2026-02-12T20:47:42.934+0000] {dag.py:2915} INFO - Sync 1 DAGs
[2026-02-12T20:47:43.000+0000] {logging_mixin.py:151} INFO - [2026-02-12T20:47:42.999+0000] {dag.py:3696} INFO - Setting next_dagrun for ingestionDAG to 2026-02-12T20:47:12.998932+00:00, run_after=2026-02-12T20:47:42.998932+00:00
[2026-02-12T20:47:43.043+0000] {processor.py:179} INFO - Processing /opt/airflow/dags/ingest_local_folder_dag.py took 0.762 seconds
[2026-02-12T20:48:13.342+0000] {processor.py:157} INFO - Started process (PID=2518) to work on /opt/airflow/dags/ingest_local_folder_dag.py
[2026-02-12T20:48:13.347+0000] {processor.py:829} INFO - Processing file /opt/airflow/dags/ingest_local_folder_dag.py for tasks to queue
[2026-02-12T20:48:13.350+0000] {logging_mixin.py:151} INFO - [2026-02-12T20:48:13.348+0000] {dagbag.py:539} INFO - Filling up the DagBag from /opt/airflow/dags/ingest_local_folder_dag.py
[2026-02-12T20:48:13.956+0000] {processor.py:839} INFO - DAG(s) dict_keys(['ingestionDAG']) retrieved from /opt/airflow/dags/ingest_local_folder_dag.py
[2026-02-12T20:48:14.055+0000] {logging_mixin.py:151} INFO - [2026-02-12T20:48:14.054+0000] {dag.py:2915} INFO - Sync 1 DAGs
[2026-02-12T20:48:14.116+0000] {logging_mixin.py:151} INFO - [2026-02-12T20:48:14.115+0000] {dag.py:3696} INFO - Setting next_dagrun for ingestionDAG to 2026-02-12T20:47:44.115385+00:00, run_after=2026-02-12T20:48:14.115385+00:00
[2026-02-12T20:48:14.164+0000] {processor.py:179} INFO - Processing /opt/airflow/dags/ingest_local_folder_dag.py took 0.833 seconds
[2026-02-12T20:48:44.257+0000] {processor.py:157} INFO - Started process (PID=2531) to work on /opt/airflow/dags/ingest_local_folder_dag.py
[2026-02-12T20:48:44.259+0000] {processor.py:829} INFO - Processing file /opt/airflow/dags/ingest_local_folder_dag.py for tasks to queue
[2026-02-12T20:48:44.262+0000] {logging_mixin.py:151} INFO - [2026-02-12T20:48:44.261+0000] {dagbag.py:539} INFO - Filling up the DagBag from /opt/airflow/dags/ingest_local_folder_dag.py
[2026-02-12T20:48:44.833+0000] {processor.py:839} INFO - DAG(s) dict_keys(['ingestionDAG']) retrieved from /opt/airflow/dags/ingest_local_folder_dag.py
[2026-02-12T20:48:44.951+0000] {logging_mixin.py:151} INFO - [2026-02-12T20:48:44.951+0000] {dag.py:2915} INFO - Sync 1 DAGs
[2026-02-12T20:48:45.016+0000] {logging_mixin.py:151} INFO - [2026-02-12T20:48:45.015+0000] {dag.py:3696} INFO - Setting next_dagrun for ingestionDAG to 2026-02-12T20:48:15.014922+00:00, run_after=2026-02-12T20:48:45.014922+00:00
[2026-02-12T20:48:45.065+0000] {processor.py:179} INFO - Processing /opt/airflow/dags/ingest_local_folder_dag.py took 0.820 seconds
[2026-02-12T20:49:15.774+0000] {processor.py:157} INFO - Started process (PID=2544) to work on /opt/airflow/dags/ingest_local_folder_dag.py
[2026-02-12T20:49:15.777+0000] {processor.py:829} INFO - Processing file /opt/airflow/dags/ingest_local_folder_dag.py for tasks to queue
[2026-02-12T20:49:15.780+0000] {logging_mixin.py:151} INFO - [2026-02-12T20:49:15.778+0000] {dagbag.py:539} INFO - Filling up the DagBag from /opt/airflow/dags/ingest_local_folder_dag.py
[2026-02-12T20:49:16.337+0000] {processor.py:839} INFO - DAG(s) dict_keys(['ingestionDAG']) retrieved from /opt/airflow/dags/ingest_local_folder_dag.py
[2026-02-12T20:49:16.438+0000] {logging_mixin.py:151} INFO - [2026-02-12T20:49:16.438+0000] {dag.py:2915} INFO - Sync 1 DAGs
[2026-02-12T20:49:16.497+0000] {logging_mixin.py:151} INFO - [2026-02-12T20:49:16.497+0000] {dag.py:3696} INFO - Setting next_dagrun for ingestionDAG to 2026-02-12T20:48:46.496462+00:00, run_after=2026-02-12T20:49:16.496462+00:00
[2026-02-12T20:49:16.538+0000] {processor.py:179} INFO - Processing /opt/airflow/dags/ingest_local_folder_dag.py took 0.776 seconds
[2026-02-12T20:50:17.356+0000] {processor.py:157} INFO - Started process (PID=167) to work on /opt/airflow/dags/ingest_local_folder_dag.py
[2026-02-12T20:50:17.359+0000] {processor.py:829} INFO - Processing file /opt/airflow/dags/ingest_local_folder_dag.py for tasks to queue
[2026-02-12T20:50:17.364+0000] {logging_mixin.py:151} INFO - [2026-02-12T20:50:17.363+0000] {dagbag.py:539} INFO - Filling up the DagBag from /opt/airflow/dags/ingest_local_folder_dag.py
[2026-02-12T20:50:17.965+0000] {processor.py:839} INFO - DAG(s) dict_keys(['ingestionDAG']) retrieved from /opt/airflow/dags/ingest_local_folder_dag.py
[2026-02-12T20:50:18.212+0000] {logging_mixin.py:151} INFO - [2026-02-12T20:50:18.211+0000] {dag.py:2915} INFO - Sync 1 DAGs
[2026-02-12T20:50:18.311+0000] {logging_mixin.py:151} INFO - [2026-02-12T20:50:18.310+0000] {dag.py:3696} INFO - Setting next_dagrun for ingestionDAG to 2026-02-12T20:49:48.307909+00:00, run_after=2026-02-12T20:50:18.307909+00:00
[2026-02-12T20:50:18.411+0000] {processor.py:179} INFO - Processing /opt/airflow/dags/ingest_local_folder_dag.py took 1.066 seconds
[2026-02-12T20:50:48.754+0000] {processor.py:157} INFO - Started process (PID=188) to work on /opt/airflow/dags/ingest_local_folder_dag.py
[2026-02-12T20:50:48.756+0000] {processor.py:829} INFO - Processing file /opt/airflow/dags/ingest_local_folder_dag.py for tasks to queue
[2026-02-12T20:50:48.758+0000] {logging_mixin.py:151} INFO - [2026-02-12T20:50:48.757+0000] {dagbag.py:539} INFO - Filling up the DagBag from /opt/airflow/dags/ingest_local_folder_dag.py
[2026-02-12T20:50:49.354+0000] {processor.py:839} INFO - DAG(s) dict_keys(['ingestionDAG']) retrieved from /opt/airflow/dags/ingest_local_folder_dag.py
[2026-02-12T20:50:49.415+0000] {logging_mixin.py:151} INFO - [2026-02-12T20:50:49.415+0000] {dag.py:2915} INFO - Sync 1 DAGs
[2026-02-12T20:50:49.487+0000] {logging_mixin.py:151} INFO - [2026-02-12T20:50:49.486+0000] {dag.py:3696} INFO - Setting next_dagrun for ingestionDAG to 2026-02-12T20:50:19.486289+00:00, run_after=2026-02-12T20:50:49.486289+00:00
[2026-02-12T20:50:49.542+0000] {processor.py:179} INFO - Processing /opt/airflow/dags/ingest_local_folder_dag.py took 0.798 seconds
[2026-02-12T20:51:19.634+0000] {processor.py:157} INFO - Started process (PID=206) to work on /opt/airflow/dags/ingest_local_folder_dag.py
[2026-02-12T20:51:19.637+0000] {processor.py:829} INFO - Processing file /opt/airflow/dags/ingest_local_folder_dag.py for tasks to queue
[2026-02-12T20:51:19.641+0000] {logging_mixin.py:151} INFO - [2026-02-12T20:51:19.638+0000] {dagbag.py:539} INFO - Filling up the DagBag from /opt/airflow/dags/ingest_local_folder_dag.py
[2026-02-12T20:51:20.345+0000] {processor.py:839} INFO - DAG(s) dict_keys(['ingestionDAG']) retrieved from /opt/airflow/dags/ingest_local_folder_dag.py
[2026-02-12T20:51:20.462+0000] {logging_mixin.py:151} INFO - [2026-02-12T20:51:20.461+0000] {dag.py:2915} INFO - Sync 1 DAGs
[2026-02-12T20:51:20.530+0000] {logging_mixin.py:151} INFO - [2026-02-12T20:51:20.530+0000] {dag.py:3696} INFO - Setting next_dagrun for ingestionDAG to 2026-02-12T20:50:50.529780+00:00, run_after=2026-02-12T20:51:20.529780+00:00
[2026-02-12T20:51:20.986+0000] {processor.py:179} INFO - Processing /opt/airflow/dags/ingest_local_folder_dag.py took 1.362 seconds
[2026-02-12T20:51:51.311+0000] {processor.py:157} INFO - Started process (PID=225) to work on /opt/airflow/dags/ingest_local_folder_dag.py
[2026-02-12T20:51:51.313+0000] {processor.py:829} INFO - Processing file /opt/airflow/dags/ingest_local_folder_dag.py for tasks to queue
[2026-02-12T20:51:51.315+0000] {logging_mixin.py:151} INFO - [2026-02-12T20:51:51.314+0000] {dagbag.py:539} INFO - Filling up the DagBag from /opt/airflow/dags/ingest_local_folder_dag.py
[2026-02-12T20:51:52.044+0000] {processor.py:839} INFO - DAG(s) dict_keys(['ingestionDAG']) retrieved from /opt/airflow/dags/ingest_local_folder_dag.py
[2026-02-12T20:51:52.151+0000] {logging_mixin.py:151} INFO - [2026-02-12T20:51:52.150+0000] {dag.py:2915} INFO - Sync 1 DAGs
[2026-02-12T20:51:52.558+0000] {logging_mixin.py:151} INFO - [2026-02-12T20:51:52.558+0000] {dag.py:3696} INFO - Setting next_dagrun for ingestionDAG to 2026-02-12T20:51:22.557878+00:00, run_after=2026-02-12T20:51:52.557878+00:00
[2026-02-12T20:51:52.601+0000] {processor.py:179} INFO - Processing /opt/airflow/dags/ingest_local_folder_dag.py took 1.303 seconds
[2026-02-12T20:52:22.923+0000] {processor.py:157} INFO - Started process (PID=239) to work on /opt/airflow/dags/ingest_local_folder_dag.py
[2026-02-12T20:52:22.926+0000] {processor.py:829} INFO - Processing file /opt/airflow/dags/ingest_local_folder_dag.py for tasks to queue
[2026-02-12T20:52:22.929+0000] {logging_mixin.py:151} INFO - [2026-02-12T20:52:22.928+0000] {dagbag.py:539} INFO - Filling up the DagBag from /opt/airflow/dags/ingest_local_folder_dag.py
[2026-02-12T20:52:23.552+0000] {processor.py:839} INFO - DAG(s) dict_keys(['ingestionDAG']) retrieved from /opt/airflow/dags/ingest_local_folder_dag.py
[2026-02-12T20:52:23.979+0000] {logging_mixin.py:151} INFO - [2026-02-12T20:52:23.978+0000] {dag.py:2915} INFO - Sync 1 DAGs
[2026-02-12T20:52:24.034+0000] {logging_mixin.py:151} INFO - [2026-02-12T20:52:24.033+0000] {dag.py:3696} INFO - Setting next_dagrun for ingestionDAG to 2026-02-12T20:51:54.033535+00:00, run_after=2026-02-12T20:52:24.033535+00:00
[2026-02-12T20:52:24.078+0000] {processor.py:179} INFO - Processing /opt/airflow/dags/ingest_local_folder_dag.py took 1.170 seconds
[2026-02-12T20:52:54.434+0000] {processor.py:157} INFO - Started process (PID=258) to work on /opt/airflow/dags/ingest_local_folder_dag.py
[2026-02-12T20:52:54.437+0000] {processor.py:829} INFO - Processing file /opt/airflow/dags/ingest_local_folder_dag.py for tasks to queue
[2026-02-12T20:52:54.442+0000] {logging_mixin.py:151} INFO - [2026-02-12T20:52:54.441+0000] {dagbag.py:539} INFO - Filling up the DagBag from /opt/airflow/dags/ingest_local_folder_dag.py
[2026-02-12T20:52:55.175+0000] {processor.py:839} INFO - DAG(s) dict_keys(['ingestionDAG']) retrieved from /opt/airflow/dags/ingest_local_folder_dag.py
[2026-02-12T20:52:55.616+0000] {logging_mixin.py:151} INFO - [2026-02-12T20:52:55.615+0000] {dag.py:2915} INFO - Sync 1 DAGs
[2026-02-12T20:52:55.675+0000] {logging_mixin.py:151} INFO - [2026-02-12T20:52:55.675+0000] {dag.py:3696} INFO - Setting next_dagrun for ingestionDAG to 2026-02-12T20:52:25.674780+00:00, run_after=2026-02-12T20:52:55.674780+00:00
[2026-02-12T20:52:55.721+0000] {processor.py:179} INFO - Processing /opt/airflow/dags/ingest_local_folder_dag.py took 1.298 seconds
[2026-02-12T20:53:26.047+0000] {processor.py:157} INFO - Started process (PID=271) to work on /opt/airflow/dags/ingest_local_folder_dag.py
[2026-02-12T20:53:26.049+0000] {processor.py:829} INFO - Processing file /opt/airflow/dags/ingest_local_folder_dag.py for tasks to queue
[2026-02-12T20:53:26.052+0000] {logging_mixin.py:151} INFO - [2026-02-12T20:53:26.050+0000] {dagbag.py:539} INFO - Filling up the DagBag from /opt/airflow/dags/ingest_local_folder_dag.py
[2026-02-12T20:53:26.958+0000] {processor.py:839} INFO - DAG(s) dict_keys(['ingestionDAG']) retrieved from /opt/airflow/dags/ingest_local_folder_dag.py
[2026-02-12T20:53:27.039+0000] {logging_mixin.py:151} INFO - [2026-02-12T20:53:27.039+0000] {dag.py:2915} INFO - Sync 1 DAGs
[2026-02-12T20:53:27.096+0000] {logging_mixin.py:151} INFO - [2026-02-12T20:53:27.096+0000] {dag.py:3696} INFO - Setting next_dagrun for ingestionDAG to 2026-02-12T20:52:57.096032+00:00, run_after=2026-02-12T20:53:27.096032+00:00
[2026-02-12T20:53:27.138+0000] {processor.py:179} INFO - Processing /opt/airflow/dags/ingest_local_folder_dag.py took 1.101 seconds
[2026-02-12T20:53:57.457+0000] {processor.py:157} INFO - Started process (PID=287) to work on /opt/airflow/dags/ingest_local_folder_dag.py
[2026-02-12T20:53:57.460+0000] {processor.py:829} INFO - Processing file /opt/airflow/dags/ingest_local_folder_dag.py for tasks to queue
[2026-02-12T20:53:57.462+0000] {logging_mixin.py:151} INFO - [2026-02-12T20:53:57.461+0000] {dagbag.py:539} INFO - Filling up the DagBag from /opt/airflow/dags/ingest_local_folder_dag.py
[2026-02-12T20:53:58.360+0000] {processor.py:839} INFO - DAG(s) dict_keys(['ingestionDAG']) retrieved from /opt/airflow/dags/ingest_local_folder_dag.py
[2026-02-12T20:53:58.438+0000] {logging_mixin.py:151} INFO - [2026-02-12T20:53:58.438+0000] {dag.py:2915} INFO - Sync 1 DAGs
[2026-02-12T20:53:58.495+0000] {logging_mixin.py:151} INFO - [2026-02-12T20:53:58.494+0000] {dag.py:3696} INFO - Setting next_dagrun for ingestionDAG to 2026-02-12T20:53:28.494369+00:00, run_after=2026-02-12T20:53:58.494369+00:00
[2026-02-12T20:53:58.538+0000] {processor.py:179} INFO - Processing /opt/airflow/dags/ingest_local_folder_dag.py took 1.091 seconds
[2026-02-12T20:54:28.858+0000] {processor.py:157} INFO - Started process (PID=303) to work on /opt/airflow/dags/ingest_local_folder_dag.py
[2026-02-12T20:54:28.861+0000] {processor.py:829} INFO - Processing file /opt/airflow/dags/ingest_local_folder_dag.py for tasks to queue
[2026-02-12T20:54:28.865+0000] {logging_mixin.py:151} INFO - [2026-02-12T20:54:28.863+0000] {dagbag.py:539} INFO - Filling up the DagBag from /opt/airflow/dags/ingest_local_folder_dag.py
[2026-02-12T20:54:29.507+0000] {processor.py:839} INFO - DAG(s) dict_keys(['ingestionDAG']) retrieved from /opt/airflow/dags/ingest_local_folder_dag.py
[2026-02-12T20:54:29.635+0000] {logging_mixin.py:151} INFO - [2026-02-12T20:54:29.634+0000] {dag.py:2915} INFO - Sync 1 DAGs
[2026-02-12T20:54:30.022+0000] {logging_mixin.py:151} INFO - [2026-02-12T20:54:30.021+0000] {dag.py:3696} INFO - Setting next_dagrun for ingestionDAG to 2026-02-12T20:54:00.021185+00:00, run_after=2026-02-12T20:54:30.021185+00:00
[2026-02-12T20:54:30.068+0000] {processor.py:179} INFO - Processing /opt/airflow/dags/ingest_local_folder_dag.py took 1.222 seconds
[2026-02-12T20:55:00.395+0000] {processor.py:157} INFO - Started process (PID=317) to work on /opt/airflow/dags/ingest_local_folder_dag.py
[2026-02-12T20:55:00.398+0000] {processor.py:829} INFO - Processing file /opt/airflow/dags/ingest_local_folder_dag.py for tasks to queue
[2026-02-12T20:55:00.400+0000] {logging_mixin.py:151} INFO - [2026-02-12T20:55:00.399+0000] {dagbag.py:539} INFO - Filling up the DagBag from /opt/airflow/dags/ingest_local_folder_dag.py
[2026-02-12T20:55:00.985+0000] {processor.py:839} INFO - DAG(s) dict_keys(['ingestionDAG']) retrieved from /opt/airflow/dags/ingest_local_folder_dag.py
[2026-02-12T20:55:01.493+0000] {logging_mixin.py:151} INFO - [2026-02-12T20:55:01.492+0000] {dag.py:2915} INFO - Sync 1 DAGs
[2026-02-12T20:55:01.563+0000] {logging_mixin.py:151} INFO - [2026-02-12T20:55:01.562+0000] {dag.py:3696} INFO - Setting next_dagrun for ingestionDAG to 2026-02-12T20:54:31.562059+00:00, run_after=2026-02-12T20:55:01.562059+00:00
[2026-02-12T20:55:01.608+0000] {processor.py:179} INFO - Processing /opt/airflow/dags/ingest_local_folder_dag.py took 1.223 seconds
[2026-02-12T20:55:31.760+0000] {processor.py:157} INFO - Started process (PID=332) to work on /opt/airflow/dags/ingest_local_folder_dag.py
[2026-02-12T20:55:31.763+0000] {processor.py:829} INFO - Processing file /opt/airflow/dags/ingest_local_folder_dag.py for tasks to queue
[2026-02-12T20:55:31.766+0000] {logging_mixin.py:151} INFO - [2026-02-12T20:55:31.764+0000] {dagbag.py:539} INFO - Filling up the DagBag from /opt/airflow/dags/ingest_local_folder_dag.py
[2026-02-12T20:55:32.738+0000] {processor.py:839} INFO - DAG(s) dict_keys(['ingestionDAG']) retrieved from /opt/airflow/dags/ingest_local_folder_dag.py
[2026-02-12T20:55:32.827+0000] {logging_mixin.py:151} INFO - [2026-02-12T20:55:32.827+0000] {dag.py:2915} INFO - Sync 1 DAGs
[2026-02-12T20:55:32.883+0000] {logging_mixin.py:151} INFO - [2026-02-12T20:55:32.883+0000] {dag.py:3696} INFO - Setting next_dagrun for ingestionDAG to 2026-02-12T20:55:02.882976+00:00, run_after=2026-02-12T20:55:32.882976+00:00
[2026-02-12T20:55:32.937+0000] {processor.py:179} INFO - Processing /opt/airflow/dags/ingest_local_folder_dag.py took 1.193 seconds
[2026-02-12T20:56:03.262+0000] {processor.py:157} INFO - Started process (PID=348) to work on /opt/airflow/dags/ingest_local_folder_dag.py
[2026-02-12T20:56:03.264+0000] {processor.py:829} INFO - Processing file /opt/airflow/dags/ingest_local_folder_dag.py for tasks to queue
[2026-02-12T20:56:03.267+0000] {logging_mixin.py:151} INFO - [2026-02-12T20:56:03.266+0000] {dagbag.py:539} INFO - Filling up the DagBag from /opt/airflow/dags/ingest_local_folder_dag.py
[2026-02-12T20:56:04.137+0000] {processor.py:839} INFO - DAG(s) dict_keys(['ingestionDAG']) retrieved from /opt/airflow/dags/ingest_local_folder_dag.py
[2026-02-12T20:56:04.212+0000] {logging_mixin.py:151} INFO - [2026-02-12T20:56:04.212+0000] {dag.py:2915} INFO - Sync 1 DAGs
[2026-02-12T20:56:04.264+0000] {logging_mixin.py:151} INFO - [2026-02-12T20:56:04.264+0000] {dag.py:3696} INFO - Setting next_dagrun for ingestionDAG to 2026-02-12T20:55:34.263546+00:00, run_after=2026-02-12T20:56:04.263546+00:00
[2026-02-12T20:56:04.307+0000] {processor.py:179} INFO - Processing /opt/airflow/dags/ingest_local_folder_dag.py took 1.055 seconds
[2026-02-12T20:56:34.583+0000] {processor.py:157} INFO - Started process (PID=364) to work on /opt/airflow/dags/ingest_local_folder_dag.py
[2026-02-12T20:56:34.585+0000] {processor.py:829} INFO - Processing file /opt/airflow/dags/ingest_local_folder_dag.py for tasks to queue
[2026-02-12T20:56:34.587+0000] {logging_mixin.py:151} INFO - [2026-02-12T20:56:34.586+0000] {dagbag.py:539} INFO - Filling up the DagBag from /opt/airflow/dags/ingest_local_folder_dag.py
[2026-02-12T20:56:35.464+0000] {processor.py:839} INFO - DAG(s) dict_keys(['ingestionDAG']) retrieved from /opt/airflow/dags/ingest_local_folder_dag.py
[2026-02-12T20:56:35.539+0000] {logging_mixin.py:151} INFO - [2026-02-12T20:56:35.539+0000] {dag.py:2915} INFO - Sync 1 DAGs
[2026-02-12T20:56:35.594+0000] {logging_mixin.py:151} INFO - [2026-02-12T20:56:35.594+0000] {dag.py:3696} INFO - Setting next_dagrun for ingestionDAG to 2026-02-12T20:56:05.593754+00:00, run_after=2026-02-12T20:56:35.593754+00:00
[2026-02-12T20:56:35.633+0000] {processor.py:179} INFO - Processing /opt/airflow/dags/ingest_local_folder_dag.py took 1.059 seconds
[2026-02-12T20:57:05.896+0000] {processor.py:157} INFO - Started process (PID=377) to work on /opt/airflow/dags/ingest_local_folder_dag.py
[2026-02-12T20:57:05.898+0000] {processor.py:829} INFO - Processing file /opt/airflow/dags/ingest_local_folder_dag.py for tasks to queue
[2026-02-12T20:57:05.901+0000] {logging_mixin.py:151} INFO - [2026-02-12T20:57:05.900+0000] {dagbag.py:539} INFO - Filling up the DagBag from /opt/airflow/dags/ingest_local_folder_dag.py
[2026-02-12T20:57:06.835+0000] {processor.py:839} INFO - DAG(s) dict_keys(['ingestionDAG']) retrieved from /opt/airflow/dags/ingest_local_folder_dag.py
[2026-02-12T20:57:06.919+0000] {logging_mixin.py:151} INFO - [2026-02-12T20:57:06.919+0000] {dag.py:2915} INFO - Sync 1 DAGs
[2026-02-12T20:57:06.975+0000] {logging_mixin.py:151} INFO - [2026-02-12T20:57:06.975+0000] {dag.py:3696} INFO - Setting next_dagrun for ingestionDAG to 2026-02-12T20:56:36.974739+00:00, run_after=2026-02-12T20:57:06.974739+00:00
[2026-02-12T20:57:07.019+0000] {processor.py:179} INFO - Processing /opt/airflow/dags/ingest_local_folder_dag.py took 1.134 seconds
[2026-02-12T20:57:37.294+0000] {processor.py:157} INFO - Started process (PID=393) to work on /opt/airflow/dags/ingest_local_folder_dag.py
[2026-02-12T20:57:37.296+0000] {processor.py:829} INFO - Processing file /opt/airflow/dags/ingest_local_folder_dag.py for tasks to queue
[2026-02-12T20:57:37.299+0000] {logging_mixin.py:151} INFO - [2026-02-12T20:57:37.298+0000] {dagbag.py:539} INFO - Filling up the DagBag from /opt/airflow/dags/ingest_local_folder_dag.py
[2026-02-12T20:57:37.892+0000] {processor.py:839} INFO - DAG(s) dict_keys(['ingestionDAG']) retrieved from /opt/airflow/dags/ingest_local_folder_dag.py
[2026-02-12T20:57:38.306+0000] {logging_mixin.py:151} INFO - [2026-02-12T20:57:38.306+0000] {dag.py:2915} INFO - Sync 1 DAGs
[2026-02-12T20:57:38.367+0000] {logging_mixin.py:151} INFO - [2026-02-12T20:57:38.367+0000] {dag.py:3696} INFO - Setting next_dagrun for ingestionDAG to 2026-02-12T20:57:08.366920+00:00, run_after=2026-02-12T20:57:38.366920+00:00
[2026-02-12T20:57:38.420+0000] {processor.py:179} INFO - Processing /opt/airflow/dags/ingest_local_folder_dag.py took 1.137 seconds
[2026-02-12T20:58:08.707+0000] {processor.py:157} INFO - Started process (PID=409) to work on /opt/airflow/dags/ingest_local_folder_dag.py
[2026-02-12T20:58:08.710+0000] {processor.py:829} INFO - Processing file /opt/airflow/dags/ingest_local_folder_dag.py for tasks to queue
[2026-02-12T20:58:08.713+0000] {logging_mixin.py:151} INFO - [2026-02-12T20:58:08.712+0000] {dagbag.py:539} INFO - Filling up the DagBag from /opt/airflow/dags/ingest_local_folder_dag.py
[2026-02-12T20:58:09.650+0000] {processor.py:839} INFO - DAG(s) dict_keys(['ingestionDAG']) retrieved from /opt/airflow/dags/ingest_local_folder_dag.py
[2026-02-12T20:58:09.729+0000] {logging_mixin.py:151} INFO - [2026-02-12T20:58:09.728+0000] {dag.py:2915} INFO - Sync 1 DAGs
[2026-02-12T20:58:09.783+0000] {logging_mixin.py:151} INFO - [2026-02-12T20:58:09.782+0000] {dag.py:3696} INFO - Setting next_dagrun for ingestionDAG to 2026-02-12T20:57:39.782487+00:00, run_after=2026-02-12T20:58:09.782487+00:00
[2026-02-12T20:58:09.825+0000] {processor.py:179} INFO - Processing /opt/airflow/dags/ingest_local_folder_dag.py took 1.129 seconds
[2026-02-12T20:58:40.084+0000] {processor.py:157} INFO - Started process (PID=422) to work on /opt/airflow/dags/ingest_local_folder_dag.py
[2026-02-12T20:58:40.086+0000] {processor.py:829} INFO - Processing file /opt/airflow/dags/ingest_local_folder_dag.py for tasks to queue
[2026-02-12T20:58:40.089+0000] {logging_mixin.py:151} INFO - [2026-02-12T20:58:40.088+0000] {dagbag.py:539} INFO - Filling up the DagBag from /opt/airflow/dags/ingest_local_folder_dag.py
[2026-02-12T20:58:41.074+0000] {processor.py:839} INFO - DAG(s) dict_keys(['ingestionDAG']) retrieved from /opt/airflow/dags/ingest_local_folder_dag.py
[2026-02-12T20:58:41.162+0000] {logging_mixin.py:151} INFO - [2026-02-12T20:58:41.162+0000] {dag.py:2915} INFO - Sync 1 DAGs
[2026-02-12T20:58:41.222+0000] {logging_mixin.py:151} INFO - [2026-02-12T20:58:41.222+0000] {dag.py:3696} INFO - Setting next_dagrun for ingestionDAG to 2026-02-12T20:58:11.221898+00:00, run_after=2026-02-12T20:58:41.221898+00:00
[2026-02-12T20:58:41.270+0000] {processor.py:179} INFO - Processing /opt/airflow/dags/ingest_local_folder_dag.py took 1.198 seconds
[2026-02-12T20:59:11.533+0000] {processor.py:157} INFO - Started process (PID=438) to work on /opt/airflow/dags/ingest_local_folder_dag.py
[2026-02-12T20:59:11.536+0000] {processor.py:829} INFO - Processing file /opt/airflow/dags/ingest_local_folder_dag.py for tasks to queue
[2026-02-12T20:59:11.539+0000] {logging_mixin.py:151} INFO - [2026-02-12T20:59:11.538+0000] {dagbag.py:539} INFO - Filling up the DagBag from /opt/airflow/dags/ingest_local_folder_dag.py
[2026-02-12T20:59:12.499+0000] {processor.py:839} INFO - DAG(s) dict_keys(['ingestionDAG']) retrieved from /opt/airflow/dags/ingest_local_folder_dag.py
[2026-02-12T20:59:12.582+0000] {logging_mixin.py:151} INFO - [2026-02-12T20:59:12.582+0000] {dag.py:2915} INFO - Sync 1 DAGs
[2026-02-12T20:59:12.638+0000] {logging_mixin.py:151} INFO - [2026-02-12T20:59:12.638+0000] {dag.py:3696} INFO - Setting next_dagrun for ingestionDAG to 2026-02-12T20:58:42.637996+00:00, run_after=2026-02-12T20:59:12.637996+00:00
[2026-02-12T20:59:12.687+0000] {processor.py:179} INFO - Processing /opt/airflow/dags/ingest_local_folder_dag.py took 1.165 seconds
[2026-02-12T20:59:42.986+0000] {processor.py:157} INFO - Started process (PID=454) to work on /opt/airflow/dags/ingest_local_folder_dag.py
[2026-02-12T20:59:42.989+0000] {processor.py:829} INFO - Processing file /opt/airflow/dags/ingest_local_folder_dag.py for tasks to queue
[2026-02-12T20:59:42.991+0000] {logging_mixin.py:151} INFO - [2026-02-12T20:59:42.990+0000] {dagbag.py:539} INFO - Filling up the DagBag from /opt/airflow/dags/ingest_local_folder_dag.py
[2026-02-12T20:59:43.893+0000] {processor.py:839} INFO - DAG(s) dict_keys(['ingestionDAG']) retrieved from /opt/airflow/dags/ingest_local_folder_dag.py
[2026-02-12T20:59:43.983+0000] {logging_mixin.py:151} INFO - [2026-02-12T20:59:43.983+0000] {dag.py:2915} INFO - Sync 1 DAGs
[2026-02-12T20:59:44.052+0000] {logging_mixin.py:151} INFO - [2026-02-12T20:59:44.052+0000] {dag.py:3696} INFO - Setting next_dagrun for ingestionDAG to 2026-02-12T20:59:14.051777+00:00, run_after=2026-02-12T20:59:44.051777+00:00
[2026-02-12T20:59:44.125+0000] {processor.py:179} INFO - Processing /opt/airflow/dags/ingest_local_folder_dag.py took 1.148 seconds
[2026-02-12T21:00:14.431+0000] {processor.py:157} INFO - Started process (PID=467) to work on /opt/airflow/dags/ingest_local_folder_dag.py
[2026-02-12T21:00:14.434+0000] {processor.py:829} INFO - Processing file /opt/airflow/dags/ingest_local_folder_dag.py for tasks to queue
[2026-02-12T21:00:14.436+0000] {logging_mixin.py:151} INFO - [2026-02-12T21:00:14.435+0000] {dagbag.py:539} INFO - Filling up the DagBag from /opt/airflow/dags/ingest_local_folder_dag.py
[2026-02-12T21:00:15.444+0000] {processor.py:839} INFO - DAG(s) dict_keys(['ingestionDAG']) retrieved from /opt/airflow/dags/ingest_local_folder_dag.py
[2026-02-12T21:00:15.542+0000] {logging_mixin.py:151} INFO - [2026-02-12T21:00:15.541+0000] {dag.py:2915} INFO - Sync 1 DAGs
[2026-02-12T21:00:15.606+0000] {logging_mixin.py:151} INFO - [2026-02-12T21:00:15.606+0000] {dag.py:3696} INFO - Setting next_dagrun for ingestionDAG to 2026-02-12T20:59:45.605873+00:00, run_after=2026-02-12T21:00:15.605873+00:00
[2026-02-12T21:00:15.655+0000] {processor.py:179} INFO - Processing /opt/airflow/dags/ingest_local_folder_dag.py took 1.236 seconds
[2026-02-12T21:00:45.846+0000] {processor.py:157} INFO - Started process (PID=483) to work on /opt/airflow/dags/ingest_local_folder_dag.py
[2026-02-12T21:00:45.849+0000] {processor.py:829} INFO - Processing file /opt/airflow/dags/ingest_local_folder_dag.py for tasks to queue
[2026-02-12T21:00:45.851+0000] {logging_mixin.py:151} INFO - [2026-02-12T21:00:45.850+0000] {dagbag.py:539} INFO - Filling up the DagBag from /opt/airflow/dags/ingest_local_folder_dag.py
[2026-02-12T21:00:46.860+0000] {processor.py:839} INFO - DAG(s) dict_keys(['ingestionDAG']) retrieved from /opt/airflow/dags/ingest_local_folder_dag.py
[2026-02-12T21:00:46.941+0000] {logging_mixin.py:151} INFO - [2026-02-12T21:00:46.940+0000] {dag.py:2915} INFO - Sync 1 DAGs
[2026-02-12T21:00:46.996+0000] {logging_mixin.py:151} INFO - [2026-02-12T21:00:46.996+0000] {dag.py:3696} INFO - Setting next_dagrun for ingestionDAG to 2026-02-12T21:00:16.995924+00:00, run_after=2026-02-12T21:00:46.995924+00:00
[2026-02-12T21:00:47.042+0000] {processor.py:179} INFO - Processing /opt/airflow/dags/ingest_local_folder_dag.py took 1.208 seconds
[2026-02-12T21:01:17.271+0000] {processor.py:157} INFO - Started process (PID=499) to work on /opt/airflow/dags/ingest_local_folder_dag.py
[2026-02-12T21:01:17.274+0000] {processor.py:829} INFO - Processing file /opt/airflow/dags/ingest_local_folder_dag.py for tasks to queue
[2026-02-12T21:01:17.276+0000] {logging_mixin.py:151} INFO - [2026-02-12T21:01:17.275+0000] {dagbag.py:539} INFO - Filling up the DagBag from /opt/airflow/dags/ingest_local_folder_dag.py
[2026-02-12T21:01:18.260+0000] {processor.py:839} INFO - DAG(s) dict_keys(['ingestionDAG']) retrieved from /opt/airflow/dags/ingest_local_folder_dag.py
[2026-02-12T21:01:18.341+0000] {logging_mixin.py:151} INFO - [2026-02-12T21:01:18.340+0000] {dag.py:2915} INFO - Sync 1 DAGs
[2026-02-12T21:01:18.398+0000] {logging_mixin.py:151} INFO - [2026-02-12T21:01:18.397+0000] {dag.py:3696} INFO - Setting next_dagrun for ingestionDAG to 2026-02-12T21:00:48.397474+00:00, run_after=2026-02-12T21:01:18.397474+00:00
[2026-02-12T21:01:18.439+0000] {processor.py:179} INFO - Processing /opt/airflow/dags/ingest_local_folder_dag.py took 1.180 seconds
[2026-02-12T21:01:48.526+0000] {processor.py:157} INFO - Started process (PID=515) to work on /opt/airflow/dags/ingest_local_folder_dag.py
[2026-02-12T21:01:48.529+0000] {processor.py:829} INFO - Processing file /opt/airflow/dags/ingest_local_folder_dag.py for tasks to queue
[2026-02-12T21:01:48.531+0000] {logging_mixin.py:151} INFO - [2026-02-12T21:01:48.530+0000] {dagbag.py:539} INFO - Filling up the DagBag from /opt/airflow/dags/ingest_local_folder_dag.py
[2026-02-12T21:01:49.443+0000] {processor.py:839} INFO - DAG(s) dict_keys(['ingestionDAG']) retrieved from /opt/airflow/dags/ingest_local_folder_dag.py
[2026-02-12T21:01:49.526+0000] {logging_mixin.py:151} INFO - [2026-02-12T21:01:49.525+0000] {dag.py:2915} INFO - Sync 1 DAGs
[2026-02-12T21:01:49.581+0000] {logging_mixin.py:151} INFO - [2026-02-12T21:01:49.580+0000] {dag.py:3696} INFO - Setting next_dagrun for ingestionDAG to 2026-02-12T21:01:19.580345+00:00, run_after=2026-02-12T21:01:49.580345+00:00
[2026-02-12T21:01:49.622+0000] {processor.py:179} INFO - Processing /opt/airflow/dags/ingest_local_folder_dag.py took 1.106 seconds
[2026-02-12T21:02:19.886+0000] {processor.py:157} INFO - Started process (PID=528) to work on /opt/airflow/dags/ingest_local_folder_dag.py
[2026-02-12T21:02:19.889+0000] {processor.py:829} INFO - Processing file /opt/airflow/dags/ingest_local_folder_dag.py for tasks to queue
[2026-02-12T21:02:19.892+0000] {logging_mixin.py:151} INFO - [2026-02-12T21:02:19.891+0000] {dagbag.py:539} INFO - Filling up the DagBag from /opt/airflow/dags/ingest_local_folder_dag.py
[2026-02-12T21:02:20.881+0000] {processor.py:839} INFO - DAG(s) dict_keys(['ingestionDAG']) retrieved from /opt/airflow/dags/ingest_local_folder_dag.py
[2026-02-12T21:02:20.966+0000] {logging_mixin.py:151} INFO - [2026-02-12T21:02:20.966+0000] {dag.py:2915} INFO - Sync 1 DAGs
[2026-02-12T21:02:21.020+0000] {logging_mixin.py:151} INFO - [2026-02-12T21:02:21.019+0000] {dag.py:3696} INFO - Setting next_dagrun for ingestionDAG to 2026-02-12T21:01:51.019186+00:00, run_after=2026-02-12T21:02:21.019186+00:00
[2026-02-12T21:02:21.062+0000] {processor.py:179} INFO - Processing /opt/airflow/dags/ingest_local_folder_dag.py took 1.187 seconds
[2026-02-12T21:02:51.328+0000] {processor.py:157} INFO - Started process (PID=544) to work on /opt/airflow/dags/ingest_local_folder_dag.py
[2026-02-12T21:02:51.331+0000] {processor.py:829} INFO - Processing file /opt/airflow/dags/ingest_local_folder_dag.py for tasks to queue
[2026-02-12T21:02:51.333+0000] {logging_mixin.py:151} INFO - [2026-02-12T21:02:51.332+0000] {dagbag.py:539} INFO - Filling up the DagBag from /opt/airflow/dags/ingest_local_folder_dag.py
[2026-02-12T21:02:52.224+0000] {processor.py:839} INFO - DAG(s) dict_keys(['ingestionDAG']) retrieved from /opt/airflow/dags/ingest_local_folder_dag.py
[2026-02-12T21:02:52.303+0000] {logging_mixin.py:151} INFO - [2026-02-12T21:02:52.302+0000] {dag.py:2915} INFO - Sync 1 DAGs
[2026-02-12T21:02:52.358+0000] {logging_mixin.py:151} INFO - [2026-02-12T21:02:52.358+0000] {dag.py:3696} INFO - Setting next_dagrun for ingestionDAG to 2026-02-12T21:02:22.357936+00:00, run_after=2026-02-12T21:02:52.357936+00:00
[2026-02-12T21:02:52.421+0000] {processor.py:179} INFO - Processing /opt/airflow/dags/ingest_local_folder_dag.py took 1.102 seconds
[2026-02-12T21:03:22.695+0000] {processor.py:157} INFO - Started process (PID=560) to work on /opt/airflow/dags/ingest_local_folder_dag.py
[2026-02-12T21:03:22.697+0000] {processor.py:829} INFO - Processing file /opt/airflow/dags/ingest_local_folder_dag.py for tasks to queue
[2026-02-12T21:03:22.700+0000] {logging_mixin.py:151} INFO - [2026-02-12T21:03:22.699+0000] {dagbag.py:539} INFO - Filling up the DagBag from /opt/airflow/dags/ingest_local_folder_dag.py
[2026-02-12T21:03:23.587+0000] {processor.py:839} INFO - DAG(s) dict_keys(['ingestionDAG']) retrieved from /opt/airflow/dags/ingest_local_folder_dag.py
[2026-02-12T21:03:23.668+0000] {logging_mixin.py:151} INFO - [2026-02-12T21:03:23.668+0000] {dag.py:2915} INFO - Sync 1 DAGs
[2026-02-12T21:03:23.725+0000] {logging_mixin.py:151} INFO - [2026-02-12T21:03:23.724+0000] {dag.py:3696} INFO - Setting next_dagrun for ingestionDAG to 2026-02-12T21:02:53.724487+00:00, run_after=2026-02-12T21:03:23.724487+00:00
[2026-02-12T21:03:23.767+0000] {processor.py:179} INFO - Processing /opt/airflow/dags/ingest_local_folder_dag.py took 1.081 seconds
[2026-02-12T21:03:54.030+0000] {processor.py:157} INFO - Started process (PID=573) to work on /opt/airflow/dags/ingest_local_folder_dag.py
[2026-02-12T21:03:54.032+0000] {processor.py:829} INFO - Processing file /opt/airflow/dags/ingest_local_folder_dag.py for tasks to queue
[2026-02-12T21:03:54.034+0000] {logging_mixin.py:151} INFO - [2026-02-12T21:03:54.033+0000] {dagbag.py:539} INFO - Filling up the DagBag from /opt/airflow/dags/ingest_local_folder_dag.py
[2026-02-12T21:03:54.924+0000] {processor.py:839} INFO - DAG(s) dict_keys(['ingestionDAG']) retrieved from /opt/airflow/dags/ingest_local_folder_dag.py
[2026-02-12T21:03:55.006+0000] {logging_mixin.py:151} INFO - [2026-02-12T21:03:55.006+0000] {dag.py:2915} INFO - Sync 1 DAGs
[2026-02-12T21:03:55.062+0000] {logging_mixin.py:151} INFO - [2026-02-12T21:03:55.062+0000] {dag.py:3696} INFO - Setting next_dagrun for ingestionDAG to 2026-02-12T21:03:25.061932+00:00, run_after=2026-02-12T21:03:55.061932+00:00
[2026-02-12T21:03:55.104+0000] {processor.py:179} INFO - Processing /opt/airflow/dags/ingest_local_folder_dag.py took 1.083 seconds
[2026-02-12T21:04:25.276+0000] {processor.py:157} INFO - Started process (PID=587) to work on /opt/airflow/dags/ingest_local_folder_dag.py
[2026-02-12T21:04:25.278+0000] {processor.py:829} INFO - Processing file /opt/airflow/dags/ingest_local_folder_dag.py for tasks to queue
[2026-02-12T21:04:25.281+0000] {logging_mixin.py:151} INFO - [2026-02-12T21:04:25.279+0000] {dagbag.py:539} INFO - Filling up the DagBag from /opt/airflow/dags/ingest_local_folder_dag.py
[2026-02-12T21:04:26.206+0000] {processor.py:839} INFO - DAG(s) dict_keys(['ingestionDAG']) retrieved from /opt/airflow/dags/ingest_local_folder_dag.py
[2026-02-12T21:04:26.288+0000] {logging_mixin.py:151} INFO - [2026-02-12T21:04:26.288+0000] {dag.py:2915} INFO - Sync 1 DAGs
[2026-02-12T21:04:26.343+0000] {logging_mixin.py:151} INFO - [2026-02-12T21:04:26.342+0000] {dag.py:3696} INFO - Setting next_dagrun for ingestionDAG to 2026-02-12T21:03:56.342107+00:00, run_after=2026-02-12T21:04:26.342107+00:00
[2026-02-12T21:04:26.385+0000] {processor.py:179} INFO - Processing /opt/airflow/dags/ingest_local_folder_dag.py took 1.119 seconds
[2026-02-12T21:04:56.594+0000] {processor.py:157} INFO - Started process (PID=603) to work on /opt/airflow/dags/ingest_local_folder_dag.py
[2026-02-12T21:04:56.597+0000] {processor.py:829} INFO - Processing file /opt/airflow/dags/ingest_local_folder_dag.py for tasks to queue
[2026-02-12T21:04:56.599+0000] {logging_mixin.py:151} INFO - [2026-02-12T21:04:56.598+0000] {dagbag.py:539} INFO - Filling up the DagBag from /opt/airflow/dags/ingest_local_folder_dag.py
[2026-02-12T21:04:57.542+0000] {processor.py:839} INFO - DAG(s) dict_keys(['ingestionDAG']) retrieved from /opt/airflow/dags/ingest_local_folder_dag.py
[2026-02-12T21:04:57.630+0000] {logging_mixin.py:151} INFO - [2026-02-12T21:04:57.630+0000] {dag.py:2915} INFO - Sync 1 DAGs
[2026-02-12T21:04:57.685+0000] {logging_mixin.py:151} INFO - [2026-02-12T21:04:57.684+0000] {dag.py:3696} INFO - Setting next_dagrun for ingestionDAG to 2026-02-12T21:04:27.683968+00:00, run_after=2026-02-12T21:04:57.683968+00:00
[2026-02-12T21:04:57.731+0000] {processor.py:179} INFO - Processing /opt/airflow/dags/ingest_local_folder_dag.py took 1.147 seconds
[2026-02-12T21:05:27.985+0000] {processor.py:157} INFO - Started process (PID=612) to work on /opt/airflow/dags/ingest_local_folder_dag.py
[2026-02-12T21:05:27.989+0000] {processor.py:829} INFO - Processing file /opt/airflow/dags/ingest_local_folder_dag.py for tasks to queue
[2026-02-12T21:05:27.992+0000] {logging_mixin.py:151} INFO - [2026-02-12T21:05:27.990+0000] {dagbag.py:539} INFO - Filling up the DagBag from /opt/airflow/dags/ingest_local_folder_dag.py
[2026-02-12T21:05:29.057+0000] {processor.py:839} INFO - DAG(s) dict_keys(['ingestionDAG']) retrieved from /opt/airflow/dags/ingest_local_folder_dag.py
[2026-02-12T21:05:29.141+0000] {logging_mixin.py:151} INFO - [2026-02-12T21:05:29.140+0000] {dag.py:2915} INFO - Sync 1 DAGs
[2026-02-12T21:05:29.200+0000] {logging_mixin.py:151} INFO - [2026-02-12T21:05:29.199+0000] {dag.py:3696} INFO - Setting next_dagrun for ingestionDAG to 2026-02-12T21:04:59.199359+00:00, run_after=2026-02-12T21:05:29.199359+00:00
[2026-02-12T21:05:29.249+0000] {processor.py:179} INFO - Processing /opt/airflow/dags/ingest_local_folder_dag.py took 1.277 seconds
[2026-02-12T21:05:59.473+0000] {processor.py:157} INFO - Started process (PID=628) to work on /opt/airflow/dags/ingest_local_folder_dag.py
[2026-02-12T21:05:59.476+0000] {processor.py:829} INFO - Processing file /opt/airflow/dags/ingest_local_folder_dag.py for tasks to queue
[2026-02-12T21:05:59.479+0000] {logging_mixin.py:151} INFO - [2026-02-12T21:05:59.477+0000] {dagbag.py:539} INFO - Filling up the DagBag from /opt/airflow/dags/ingest_local_folder_dag.py
[2026-02-12T21:06:00.452+0000] {processor.py:839} INFO - DAG(s) dict_keys(['ingestionDAG']) retrieved from /opt/airflow/dags/ingest_local_folder_dag.py
[2026-02-12T21:06:00.543+0000] {logging_mixin.py:151} INFO - [2026-02-12T21:06:00.543+0000] {dag.py:2915} INFO - Sync 1 DAGs
[2026-02-12T21:06:00.603+0000] {logging_mixin.py:151} INFO - [2026-02-12T21:06:00.602+0000] {dag.py:3696} INFO - Setting next_dagrun for ingestionDAG to 2026-02-12T21:05:30.602484+00:00, run_after=2026-02-12T21:06:00.602484+00:00
[2026-02-12T21:06:00.646+0000] {processor.py:179} INFO - Processing /opt/airflow/dags/ingest_local_folder_dag.py took 1.185 seconds
[2026-02-12T21:06:30.728+0000] {processor.py:157} INFO - Started process (PID=644) to work on /opt/airflow/dags/ingest_local_folder_dag.py
[2026-02-12T21:06:30.731+0000] {processor.py:829} INFO - Processing file /opt/airflow/dags/ingest_local_folder_dag.py for tasks to queue
[2026-02-12T21:06:30.733+0000] {logging_mixin.py:151} INFO - [2026-02-12T21:06:30.732+0000] {dagbag.py:539} INFO - Filling up the DagBag from /opt/airflow/dags/ingest_local_folder_dag.py
[2026-02-12T21:06:31.718+0000] {processor.py:839} INFO - DAG(s) dict_keys(['ingestionDAG']) retrieved from /opt/airflow/dags/ingest_local_folder_dag.py
[2026-02-12T21:06:31.801+0000] {logging_mixin.py:151} INFO - [2026-02-12T21:06:31.801+0000] {dag.py:2915} INFO - Sync 1 DAGs
[2026-02-12T21:06:31.857+0000] {logging_mixin.py:151} INFO - [2026-02-12T21:06:31.857+0000] {dag.py:3696} INFO - Setting next_dagrun for ingestionDAG to 2026-02-12T21:06:01.856754+00:00, run_after=2026-02-12T21:06:31.856754+00:00
[2026-02-12T21:06:31.901+0000] {processor.py:179} INFO - Processing /opt/airflow/dags/ingest_local_folder_dag.py took 1.185 seconds
[2026-02-12T21:07:02.973+0000] {processor.py:157} INFO - Started process (PID=660) to work on /opt/airflow/dags/ingest_local_folder_dag.py
[2026-02-12T21:07:02.975+0000] {processor.py:829} INFO - Processing file /opt/airflow/dags/ingest_local_folder_dag.py for tasks to queue
[2026-02-12T21:07:02.977+0000] {logging_mixin.py:151} INFO - [2026-02-12T21:07:02.976+0000] {dagbag.py:539} INFO - Filling up the DagBag from /opt/airflow/dags/ingest_local_folder_dag.py
[2026-02-12T21:07:03.913+0000] {processor.py:839} INFO - DAG(s) dict_keys(['ingestionDAG']) retrieved from /opt/airflow/dags/ingest_local_folder_dag.py
[2026-02-12T21:07:03.996+0000] {logging_mixin.py:151} INFO - [2026-02-12T21:07:03.995+0000] {dag.py:2915} INFO - Sync 1 DAGs
[2026-02-12T21:07:04.057+0000] {logging_mixin.py:151} INFO - [2026-02-12T21:07:04.057+0000] {dag.py:3696} INFO - Setting next_dagrun for ingestionDAG to 2026-02-12T21:06:34.056561+00:00, run_after=2026-02-12T21:07:04.056561+00:00
[2026-02-12T21:07:04.102+0000] {processor.py:179} INFO - Processing /opt/airflow/dags/ingest_local_folder_dag.py took 1.139 seconds
[2026-02-12T21:07:34.210+0000] {processor.py:157} INFO - Started process (PID=673) to work on /opt/airflow/dags/ingest_local_folder_dag.py
[2026-02-12T21:07:34.213+0000] {processor.py:829} INFO - Processing file /opt/airflow/dags/ingest_local_folder_dag.py for tasks to queue
[2026-02-12T21:07:34.215+0000] {logging_mixin.py:151} INFO - [2026-02-12T21:07:34.214+0000] {dagbag.py:539} INFO - Filling up the DagBag from /opt/airflow/dags/ingest_local_folder_dag.py
[2026-02-12T21:07:35.214+0000] {processor.py:839} INFO - DAG(s) dict_keys(['ingestionDAG']) retrieved from /opt/airflow/dags/ingest_local_folder_dag.py
[2026-02-12T21:07:35.298+0000] {logging_mixin.py:151} INFO - [2026-02-12T21:07:35.298+0000] {dag.py:2915} INFO - Sync 1 DAGs
[2026-02-12T21:07:35.351+0000] {logging_mixin.py:151} INFO - [2026-02-12T21:07:35.351+0000] {dag.py:3696} INFO - Setting next_dagrun for ingestionDAG to 2026-02-12T21:07:05.350700+00:00, run_after=2026-02-12T21:07:35.350700+00:00
[2026-02-12T21:07:35.393+0000] {processor.py:179} INFO - Processing /opt/airflow/dags/ingest_local_folder_dag.py took 1.194 seconds
[2026-02-12T21:08:05.585+0000] {processor.py:157} INFO - Started process (PID=689) to work on /opt/airflow/dags/ingest_local_folder_dag.py
[2026-02-12T21:08:05.587+0000] {processor.py:829} INFO - Processing file /opt/airflow/dags/ingest_local_folder_dag.py for tasks to queue
[2026-02-12T21:08:05.590+0000] {logging_mixin.py:151} INFO - [2026-02-12T21:08:05.588+0000] {dagbag.py:539} INFO - Filling up the DagBag from /opt/airflow/dags/ingest_local_folder_dag.py
[2026-02-12T21:08:06.529+0000] {processor.py:839} INFO - DAG(s) dict_keys(['ingestionDAG']) retrieved from /opt/airflow/dags/ingest_local_folder_dag.py
[2026-02-12T21:08:06.608+0000] {logging_mixin.py:151} INFO - [2026-02-12T21:08:06.607+0000] {dag.py:2915} INFO - Sync 1 DAGs
[2026-02-12T21:08:06.664+0000] {logging_mixin.py:151} INFO - [2026-02-12T21:08:06.664+0000] {dag.py:3696} INFO - Setting next_dagrun for ingestionDAG to 2026-02-12T21:07:36.663659+00:00, run_after=2026-02-12T21:08:06.663659+00:00
[2026-02-12T21:08:06.709+0000] {processor.py:179} INFO - Processing /opt/airflow/dags/ingest_local_folder_dag.py took 1.135 seconds
[2026-02-12T21:08:36.833+0000] {processor.py:157} INFO - Started process (PID=705) to work on /opt/airflow/dags/ingest_local_folder_dag.py
[2026-02-12T21:08:36.835+0000] {processor.py:829} INFO - Processing file /opt/airflow/dags/ingest_local_folder_dag.py for tasks to queue
[2026-02-12T21:08:36.837+0000] {logging_mixin.py:151} INFO - [2026-02-12T21:08:36.836+0000] {dagbag.py:539} INFO - Filling up the DagBag from /opt/airflow/dags/ingest_local_folder_dag.py
[2026-02-12T21:08:37.738+0000] {processor.py:839} INFO - DAG(s) dict_keys(['ingestionDAG']) retrieved from /opt/airflow/dags/ingest_local_folder_dag.py
[2026-02-12T21:08:37.819+0000] {logging_mixin.py:151} INFO - [2026-02-12T21:08:37.818+0000] {dag.py:2915} INFO - Sync 1 DAGs
[2026-02-12T21:08:37.875+0000] {logging_mixin.py:151} INFO - [2026-02-12T21:08:37.874+0000] {dag.py:3696} INFO - Setting next_dagrun for ingestionDAG to 2026-02-12T21:08:07.874375+00:00, run_after=2026-02-12T21:08:37.874375+00:00
[2026-02-12T21:08:37.918+0000] {processor.py:179} INFO - Processing /opt/airflow/dags/ingest_local_folder_dag.py took 1.095 seconds
[2026-02-12T21:09:08.194+0000] {processor.py:157} INFO - Started process (PID=718) to work on /opt/airflow/dags/ingest_local_folder_dag.py
[2026-02-12T21:09:08.197+0000] {processor.py:829} INFO - Processing file /opt/airflow/dags/ingest_local_folder_dag.py for tasks to queue
[2026-02-12T21:09:08.200+0000] {logging_mixin.py:151} INFO - [2026-02-12T21:09:08.199+0000] {dagbag.py:539} INFO - Filling up the DagBag from /opt/airflow/dags/ingest_local_folder_dag.py
[2026-02-12T21:09:09.166+0000] {processor.py:839} INFO - DAG(s) dict_keys(['ingestionDAG']) retrieved from /opt/airflow/dags/ingest_local_folder_dag.py
[2026-02-12T21:09:09.251+0000] {logging_mixin.py:151} INFO - [2026-02-12T21:09:09.250+0000] {dag.py:2915} INFO - Sync 1 DAGs
[2026-02-12T21:09:09.306+0000] {logging_mixin.py:151} INFO - [2026-02-12T21:09:09.306+0000] {dag.py:3696} INFO - Setting next_dagrun for ingestionDAG to 2026-02-12T21:08:39.305952+00:00, run_after=2026-02-12T21:09:09.305952+00:00
[2026-02-12T21:09:09.349+0000] {processor.py:179} INFO - Processing /opt/airflow/dags/ingest_local_folder_dag.py took 1.166 seconds
[2026-02-12T21:09:39.640+0000] {processor.py:157} INFO - Started process (PID=734) to work on /opt/airflow/dags/ingest_local_folder_dag.py
[2026-02-12T21:09:39.643+0000] {processor.py:829} INFO - Processing file /opt/airflow/dags/ingest_local_folder_dag.py for tasks to queue
[2026-02-12T21:09:39.645+0000] {logging_mixin.py:151} INFO - [2026-02-12T21:09:39.644+0000] {dagbag.py:539} INFO - Filling up the DagBag from /opt/airflow/dags/ingest_local_folder_dag.py
[2026-02-12T21:09:40.606+0000] {processor.py:839} INFO - DAG(s) dict_keys(['ingestionDAG']) retrieved from /opt/airflow/dags/ingest_local_folder_dag.py
[2026-02-12T21:09:40.688+0000] {logging_mixin.py:151} INFO - [2026-02-12T21:09:40.688+0000] {dag.py:2915} INFO - Sync 1 DAGs
[2026-02-12T21:09:40.745+0000] {logging_mixin.py:151} INFO - [2026-02-12T21:09:40.744+0000] {dag.py:3696} INFO - Setting next_dagrun for ingestionDAG to 2026-02-12T21:09:10.744122+00:00, run_after=2026-02-12T21:09:40.744122+00:00
[2026-02-12T21:09:40.787+0000] {processor.py:179} INFO - Processing /opt/airflow/dags/ingest_local_folder_dag.py took 1.158 seconds
[2026-02-12T21:10:11.075+0000] {processor.py:157} INFO - Started process (PID=750) to work on /opt/airflow/dags/ingest_local_folder_dag.py
[2026-02-12T21:10:11.078+0000] {processor.py:829} INFO - Processing file /opt/airflow/dags/ingest_local_folder_dag.py for tasks to queue
[2026-02-12T21:10:11.080+0000] {logging_mixin.py:151} INFO - [2026-02-12T21:10:11.079+0000] {dagbag.py:539} INFO - Filling up the DagBag from /opt/airflow/dags/ingest_local_folder_dag.py
[2026-02-12T21:10:12.032+0000] {processor.py:839} INFO - DAG(s) dict_keys(['ingestionDAG']) retrieved from /opt/airflow/dags/ingest_local_folder_dag.py
[2026-02-12T21:10:12.112+0000] {logging_mixin.py:151} INFO - [2026-02-12T21:10:12.111+0000] {dag.py:2915} INFO - Sync 1 DAGs
[2026-02-12T21:10:12.165+0000] {logging_mixin.py:151} INFO - [2026-02-12T21:10:12.165+0000] {dag.py:3696} INFO - Setting next_dagrun for ingestionDAG to 2026-02-12T21:09:42.164688+00:00, run_after=2026-02-12T21:10:12.164688+00:00
[2026-02-12T21:10:12.208+0000] {processor.py:179} INFO - Processing /opt/airflow/dags/ingest_local_folder_dag.py took 1.143 seconds
[2026-02-12T21:10:42.483+0000] {processor.py:157} INFO - Started process (PID=763) to work on /opt/airflow/dags/ingest_local_folder_dag.py
[2026-02-12T21:10:42.485+0000] {processor.py:829} INFO - Processing file /opt/airflow/dags/ingest_local_folder_dag.py for tasks to queue
[2026-02-12T21:10:42.487+0000] {logging_mixin.py:151} INFO - [2026-02-12T21:10:42.486+0000] {dagbag.py:539} INFO - Filling up the DagBag from /opt/airflow/dags/ingest_local_folder_dag.py
[2026-02-12T21:10:43.416+0000] {processor.py:839} INFO - DAG(s) dict_keys(['ingestionDAG']) retrieved from /opt/airflow/dags/ingest_local_folder_dag.py
[2026-02-12T21:10:43.497+0000] {logging_mixin.py:151} INFO - [2026-02-12T21:10:43.497+0000] {dag.py:2915} INFO - Sync 1 DAGs
[2026-02-12T21:10:43.555+0000] {logging_mixin.py:151} INFO - [2026-02-12T21:10:43.554+0000] {dag.py:3696} INFO - Setting next_dagrun for ingestionDAG to 2026-02-12T21:10:13.554466+00:00, run_after=2026-02-12T21:10:43.554466+00:00
[2026-02-12T21:10:43.599+0000] {processor.py:179} INFO - Processing /opt/airflow/dags/ingest_local_folder_dag.py took 1.126 seconds
[2026-02-12T21:11:13.767+0000] {processor.py:157} INFO - Started process (PID=779) to work on /opt/airflow/dags/ingest_local_folder_dag.py
[2026-02-12T21:11:13.770+0000] {processor.py:829} INFO - Processing file /opt/airflow/dags/ingest_local_folder_dag.py for tasks to queue
[2026-02-12T21:11:13.773+0000] {logging_mixin.py:151} INFO - [2026-02-12T21:11:13.772+0000] {dagbag.py:539} INFO - Filling up the DagBag from /opt/airflow/dags/ingest_local_folder_dag.py
[2026-02-12T21:11:14.740+0000] {processor.py:839} INFO - DAG(s) dict_keys(['ingestionDAG']) retrieved from /opt/airflow/dags/ingest_local_folder_dag.py
[2026-02-12T21:11:14.823+0000] {logging_mixin.py:151} INFO - [2026-02-12T21:11:14.822+0000] {dag.py:2915} INFO - Sync 1 DAGs
[2026-02-12T21:11:14.892+0000] {logging_mixin.py:151} INFO - [2026-02-12T21:11:14.891+0000] {dag.py:3696} INFO - Setting next_dagrun for ingestionDAG to 2026-02-12T21:10:44.891434+00:00, run_after=2026-02-12T21:11:14.891434+00:00
[2026-02-12T21:11:14.952+0000] {processor.py:179} INFO - Processing /opt/airflow/dags/ingest_local_folder_dag.py took 1.197 seconds
[2026-02-12T21:11:45.066+0000] {processor.py:157} INFO - Started process (PID=795) to work on /opt/airflow/dags/ingest_local_folder_dag.py
[2026-02-12T21:11:45.069+0000] {processor.py:829} INFO - Processing file /opt/airflow/dags/ingest_local_folder_dag.py for tasks to queue
[2026-02-12T21:11:45.071+0000] {logging_mixin.py:151} INFO - [2026-02-12T21:11:45.070+0000] {dagbag.py:539} INFO - Filling up the DagBag from /opt/airflow/dags/ingest_local_folder_dag.py
[2026-02-12T21:11:46.007+0000] {processor.py:839} INFO - DAG(s) dict_keys(['ingestionDAG']) retrieved from /opt/airflow/dags/ingest_local_folder_dag.py
[2026-02-12T21:11:46.086+0000] {logging_mixin.py:151} INFO - [2026-02-12T21:11:46.085+0000] {dag.py:2915} INFO - Sync 1 DAGs
[2026-02-12T21:11:46.140+0000] {logging_mixin.py:151} INFO - [2026-02-12T21:11:46.140+0000] {dag.py:3696} INFO - Setting next_dagrun for ingestionDAG to 2026-02-12T21:11:16.139696+00:00, run_after=2026-02-12T21:11:46.139696+00:00
[2026-02-12T21:11:46.181+0000] {processor.py:179} INFO - Processing /opt/airflow/dags/ingest_local_folder_dag.py took 1.125 seconds
[2026-02-12T21:12:16.459+0000] {processor.py:157} INFO - Started process (PID=810) to work on /opt/airflow/dags/ingest_local_folder_dag.py
[2026-02-12T21:12:16.462+0000] {processor.py:829} INFO - Processing file /opt/airflow/dags/ingest_local_folder_dag.py for tasks to queue
[2026-02-12T21:12:16.464+0000] {logging_mixin.py:151} INFO - [2026-02-12T21:12:16.463+0000] {dagbag.py:539} INFO - Filling up the DagBag from /opt/airflow/dags/ingest_local_folder_dag.py
[2026-02-12T21:12:17.406+0000] {processor.py:839} INFO - DAG(s) dict_keys(['ingestionDAG']) retrieved from /opt/airflow/dags/ingest_local_folder_dag.py
[2026-02-12T21:12:17.499+0000] {logging_mixin.py:151} INFO - [2026-02-12T21:12:17.499+0000] {dag.py:2915} INFO - Sync 1 DAGs
[2026-02-12T21:12:17.569+0000] {logging_mixin.py:151} INFO - [2026-02-12T21:12:17.568+0000] {dag.py:3696} INFO - Setting next_dagrun for ingestionDAG to 2026-02-12T21:11:47.567821+00:00, run_after=2026-02-12T21:12:17.567821+00:00
[2026-02-12T21:12:17.622+0000] {processor.py:179} INFO - Processing /opt/airflow/dags/ingest_local_folder_dag.py took 1.173 seconds
[2026-02-12T21:12:47.891+0000] {processor.py:157} INFO - Started process (PID=824) to work on /opt/airflow/dags/ingest_local_folder_dag.py
[2026-02-12T21:12:47.895+0000] {processor.py:829} INFO - Processing file /opt/airflow/dags/ingest_local_folder_dag.py for tasks to queue
[2026-02-12T21:12:47.898+0000] {logging_mixin.py:151} INFO - [2026-02-12T21:12:47.896+0000] {dagbag.py:539} INFO - Filling up the DagBag from /opt/airflow/dags/ingest_local_folder_dag.py
[2026-02-12T21:12:48.836+0000] {processor.py:839} INFO - DAG(s) dict_keys(['ingestionDAG']) retrieved from /opt/airflow/dags/ingest_local_folder_dag.py
[2026-02-12T21:12:48.914+0000] {logging_mixin.py:151} INFO - [2026-02-12T21:12:48.914+0000] {dag.py:2915} INFO - Sync 1 DAGs
[2026-02-12T21:12:48.974+0000] {logging_mixin.py:151} INFO - [2026-02-12T21:12:48.973+0000] {dag.py:3696} INFO - Setting next_dagrun for ingestionDAG to 2026-02-12T21:12:18.972963+00:00, run_after=2026-02-12T21:12:48.972963+00:00
[2026-02-12T21:12:49.017+0000] {processor.py:179} INFO - Processing /opt/airflow/dags/ingest_local_folder_dag.py took 1.137 seconds
[2026-02-12T21:13:19.289+0000] {processor.py:157} INFO - Started process (PID=840) to work on /opt/airflow/dags/ingest_local_folder_dag.py
[2026-02-12T21:13:19.292+0000] {processor.py:829} INFO - Processing file /opt/airflow/dags/ingest_local_folder_dag.py for tasks to queue
[2026-02-12T21:13:19.295+0000] {logging_mixin.py:151} INFO - [2026-02-12T21:13:19.294+0000] {dagbag.py:539} INFO - Filling up the DagBag from /opt/airflow/dags/ingest_local_folder_dag.py
[2026-02-12T21:13:20.271+0000] {processor.py:839} INFO - DAG(s) dict_keys(['ingestionDAG']) retrieved from /opt/airflow/dags/ingest_local_folder_dag.py
[2026-02-12T21:13:20.353+0000] {logging_mixin.py:151} INFO - [2026-02-12T21:13:20.352+0000] {dag.py:2915} INFO - Sync 1 DAGs
[2026-02-12T21:13:20.440+0000] {logging_mixin.py:151} INFO - [2026-02-12T21:13:20.440+0000] {dag.py:3696} INFO - Setting next_dagrun for ingestionDAG to 2026-02-12T21:12:50.438978+00:00, run_after=2026-02-12T21:13:20.438978+00:00
[2026-02-12T21:13:20.504+0000] {processor.py:179} INFO - Processing /opt/airflow/dags/ingest_local_folder_dag.py took 1.225 seconds
[2026-02-12T21:13:50.701+0000] {processor.py:157} INFO - Started process (PID=856) to work on /opt/airflow/dags/ingest_local_folder_dag.py
[2026-02-12T21:13:50.703+0000] {processor.py:829} INFO - Processing file /opt/airflow/dags/ingest_local_folder_dag.py for tasks to queue
[2026-02-12T21:13:50.705+0000] {logging_mixin.py:151} INFO - [2026-02-12T21:13:50.704+0000] {dagbag.py:539} INFO - Filling up the DagBag from /opt/airflow/dags/ingest_local_folder_dag.py
[2026-02-12T21:13:51.600+0000] {processor.py:839} INFO - DAG(s) dict_keys(['ingestionDAG']) retrieved from /opt/airflow/dags/ingest_local_folder_dag.py
[2026-02-12T21:13:51.682+0000] {logging_mixin.py:151} INFO - [2026-02-12T21:13:51.681+0000] {dag.py:2915} INFO - Sync 1 DAGs
[2026-02-12T21:13:51.735+0000] {logging_mixin.py:151} INFO - [2026-02-12T21:13:51.735+0000] {dag.py:3696} INFO - Setting next_dagrun for ingestionDAG to 2026-02-12T21:13:21.734556+00:00, run_after=2026-02-12T21:13:51.734556+00:00
[2026-02-12T21:13:51.777+0000] {processor.py:179} INFO - Processing /opt/airflow/dags/ingest_local_folder_dag.py took 1.087 seconds
[2026-02-12T21:14:21.925+0000] {processor.py:157} INFO - Started process (PID=869) to work on /opt/airflow/dags/ingest_local_folder_dag.py
[2026-02-12T21:14:21.928+0000] {processor.py:829} INFO - Processing file /opt/airflow/dags/ingest_local_folder_dag.py for tasks to queue
[2026-02-12T21:14:21.930+0000] {logging_mixin.py:151} INFO - [2026-02-12T21:14:21.929+0000] {dagbag.py:539} INFO - Filling up the DagBag from /opt/airflow/dags/ingest_local_folder_dag.py
[2026-02-12T21:14:22.909+0000] {processor.py:839} INFO - DAG(s) dict_keys(['ingestionDAG']) retrieved from /opt/airflow/dags/ingest_local_folder_dag.py
[2026-02-12T21:14:22.991+0000] {logging_mixin.py:151} INFO - [2026-02-12T21:14:22.991+0000] {dag.py:2915} INFO - Sync 1 DAGs
[2026-02-12T21:14:23.047+0000] {logging_mixin.py:151} INFO - [2026-02-12T21:14:23.046+0000] {dag.py:3696} INFO - Setting next_dagrun for ingestionDAG to 2026-02-12T21:13:53.046088+00:00, run_after=2026-02-12T21:14:23.046088+00:00
[2026-02-12T21:14:23.091+0000] {processor.py:179} INFO - Processing /opt/airflow/dags/ingest_local_folder_dag.py took 1.178 seconds
[2026-02-12T21:14:53.259+0000] {processor.py:157} INFO - Started process (PID=885) to work on /opt/airflow/dags/ingest_local_folder_dag.py
[2026-02-12T21:14:53.261+0000] {processor.py:829} INFO - Processing file /opt/airflow/dags/ingest_local_folder_dag.py for tasks to queue
[2026-02-12T21:14:53.264+0000] {logging_mixin.py:151} INFO - [2026-02-12T21:14:53.262+0000] {dagbag.py:539} INFO - Filling up the DagBag from /opt/airflow/dags/ingest_local_folder_dag.py
[2026-02-12T21:14:54.189+0000] {processor.py:839} INFO - DAG(s) dict_keys(['ingestionDAG']) retrieved from /opt/airflow/dags/ingest_local_folder_dag.py
[2026-02-12T21:14:54.272+0000] {logging_mixin.py:151} INFO - [2026-02-12T21:14:54.272+0000] {dag.py:2915} INFO - Sync 1 DAGs
[2026-02-12T21:14:54.331+0000] {logging_mixin.py:151} INFO - [2026-02-12T21:14:54.331+0000] {dag.py:3696} INFO - Setting next_dagrun for ingestionDAG to 2026-02-12T21:14:24.330591+00:00, run_after=2026-02-12T21:14:54.330591+00:00
[2026-02-12T21:14:54.379+0000] {processor.py:179} INFO - Processing /opt/airflow/dags/ingest_local_folder_dag.py took 1.131 seconds
[2026-02-12T21:15:24.670+0000] {processor.py:157} INFO - Started process (PID=901) to work on /opt/airflow/dags/ingest_local_folder_dag.py
[2026-02-12T21:15:24.672+0000] {processor.py:829} INFO - Processing file /opt/airflow/dags/ingest_local_folder_dag.py for tasks to queue
[2026-02-12T21:15:24.675+0000] {logging_mixin.py:151} INFO - [2026-02-12T21:15:24.673+0000] {dagbag.py:539} INFO - Filling up the DagBag from /opt/airflow/dags/ingest_local_folder_dag.py
[2026-02-12T21:15:25.640+0000] {processor.py:839} INFO - DAG(s) dict_keys(['ingestionDAG']) retrieved from /opt/airflow/dags/ingest_local_folder_dag.py
[2026-02-12T21:15:25.722+0000] {logging_mixin.py:151} INFO - [2026-02-12T21:15:25.721+0000] {dag.py:2915} INFO - Sync 1 DAGs
[2026-02-12T21:15:25.778+0000] {logging_mixin.py:151} INFO - [2026-02-12T21:15:25.777+0000] {dag.py:3696} INFO - Setting next_dagrun for ingestionDAG to 2026-02-12T21:14:55.777469+00:00, run_after=2026-02-12T21:15:25.777469+00:00
[2026-02-12T21:15:25.820+0000] {processor.py:179} INFO - Processing /opt/airflow/dags/ingest_local_folder_dag.py took 1.161 seconds
[2026-02-12T21:15:56.103+0000] {processor.py:157} INFO - Started process (PID=914) to work on /opt/airflow/dags/ingest_local_folder_dag.py
[2026-02-12T21:15:56.105+0000] {processor.py:829} INFO - Processing file /opt/airflow/dags/ingest_local_folder_dag.py for tasks to queue
[2026-02-12T21:15:56.107+0000] {logging_mixin.py:151} INFO - [2026-02-12T21:15:56.106+0000] {dagbag.py:539} INFO - Filling up the DagBag from /opt/airflow/dags/ingest_local_folder_dag.py
[2026-02-12T21:15:57.029+0000] {processor.py:839} INFO - DAG(s) dict_keys(['ingestionDAG']) retrieved from /opt/airflow/dags/ingest_local_folder_dag.py
[2026-02-12T21:15:57.109+0000] {logging_mixin.py:151} INFO - [2026-02-12T21:15:57.109+0000] {dag.py:2915} INFO - Sync 1 DAGs
[2026-02-12T21:15:57.175+0000] {logging_mixin.py:151} INFO - [2026-02-12T21:15:57.175+0000] {dag.py:3696} INFO - Setting next_dagrun for ingestionDAG to 2026-02-12T21:15:27.174553+00:00, run_after=2026-02-12T21:15:57.174553+00:00
[2026-02-12T21:15:57.222+0000] {processor.py:179} INFO - Processing /opt/airflow/dags/ingest_local_folder_dag.py took 1.129 seconds
[2026-02-12T21:16:27.352+0000] {processor.py:157} INFO - Started process (PID=930) to work on /opt/airflow/dags/ingest_local_folder_dag.py
[2026-02-12T21:16:27.355+0000] {processor.py:829} INFO - Processing file /opt/airflow/dags/ingest_local_folder_dag.py for tasks to queue
[2026-02-12T21:16:27.358+0000] {logging_mixin.py:151} INFO - [2026-02-12T21:16:27.357+0000] {dagbag.py:539} INFO - Filling up the DagBag from /opt/airflow/dags/ingest_local_folder_dag.py
[2026-02-12T21:16:28.442+0000] {processor.py:839} INFO - DAG(s) dict_keys(['ingestionDAG']) retrieved from /opt/airflow/dags/ingest_local_folder_dag.py
[2026-02-12T21:16:28.528+0000] {logging_mixin.py:151} INFO - [2026-02-12T21:16:28.528+0000] {dag.py:2915} INFO - Sync 1 DAGs
[2026-02-12T21:16:28.601+0000] {logging_mixin.py:151} INFO - [2026-02-12T21:16:28.601+0000] {dag.py:3696} INFO - Setting next_dagrun for ingestionDAG to 2026-02-12T21:15:58.600926+00:00, run_after=2026-02-12T21:16:28.600926+00:00
[2026-02-12T21:16:28.670+0000] {processor.py:179} INFO - Processing /opt/airflow/dags/ingest_local_folder_dag.py took 1.329 seconds
[2026-02-12T21:16:58.776+0000] {processor.py:157} INFO - Started process (PID=946) to work on /opt/airflow/dags/ingest_local_folder_dag.py
[2026-02-12T21:16:58.778+0000] {processor.py:829} INFO - Processing file /opt/airflow/dags/ingest_local_folder_dag.py for tasks to queue
[2026-02-12T21:16:58.781+0000] {logging_mixin.py:151} INFO - [2026-02-12T21:16:58.780+0000] {dagbag.py:539} INFO - Filling up the DagBag from /opt/airflow/dags/ingest_local_folder_dag.py
[2026-02-12T21:16:59.680+0000] {processor.py:839} INFO - DAG(s) dict_keys(['ingestionDAG']) retrieved from /opt/airflow/dags/ingest_local_folder_dag.py
[2026-02-12T21:16:59.804+0000] {logging_mixin.py:151} INFO - [2026-02-12T21:16:59.804+0000] {dag.py:2915} INFO - Sync 1 DAGs
[2026-02-12T21:16:59.863+0000] {logging_mixin.py:151} INFO - [2026-02-12T21:16:59.862+0000] {dag.py:3696} INFO - Setting next_dagrun for ingestionDAG to 2026-02-12T21:16:29.861649+00:00, run_after=2026-02-12T21:16:59.861649+00:00
[2026-02-12T21:16:59.909+0000] {processor.py:179} INFO - Processing /opt/airflow/dags/ingest_local_folder_dag.py took 1.143 seconds
[2026-02-12T21:17:30.248+0000] {processor.py:157} INFO - Started process (PID=960) to work on /opt/airflow/dags/ingest_local_folder_dag.py
[2026-02-12T21:17:30.252+0000] {processor.py:829} INFO - Processing file /opt/airflow/dags/ingest_local_folder_dag.py for tasks to queue
[2026-02-12T21:17:30.255+0000] {logging_mixin.py:151} INFO - [2026-02-12T21:17:30.253+0000] {dagbag.py:539} INFO - Filling up the DagBag from /opt/airflow/dags/ingest_local_folder_dag.py
[2026-02-12T21:17:31.322+0000] {processor.py:839} INFO - DAG(s) dict_keys(['ingestionDAG']) retrieved from /opt/airflow/dags/ingest_local_folder_dag.py
[2026-02-12T21:17:31.467+0000] {logging_mixin.py:151} INFO - [2026-02-12T21:17:31.467+0000] {dag.py:2915} INFO - Sync 1 DAGs
[2026-02-12T21:17:31.549+0000] {logging_mixin.py:151} INFO - [2026-02-12T21:17:31.549+0000] {dag.py:3696} INFO - Setting next_dagrun for ingestionDAG to 2026-02-12T21:17:01.548876+00:00, run_after=2026-02-12T21:17:31.548876+00:00
[2026-02-12T21:17:31.601+0000] {processor.py:179} INFO - Processing /opt/airflow/dags/ingest_local_folder_dag.py took 1.367 seconds
[2026-02-12T21:18:01.674+0000] {processor.py:157} INFO - Started process (PID=975) to work on /opt/airflow/dags/ingest_local_folder_dag.py
[2026-02-12T21:18:01.676+0000] {processor.py:829} INFO - Processing file /opt/airflow/dags/ingest_local_folder_dag.py for tasks to queue
[2026-02-12T21:18:01.678+0000] {logging_mixin.py:151} INFO - [2026-02-12T21:18:01.677+0000] {dagbag.py:539} INFO - Filling up the DagBag from /opt/airflow/dags/ingest_local_folder_dag.py
[2026-02-12T21:18:02.534+0000] {processor.py:839} INFO - DAG(s) dict_keys(['ingestionDAG']) retrieved from /opt/airflow/dags/ingest_local_folder_dag.py
[2026-02-12T21:18:02.611+0000] {logging_mixin.py:151} INFO - [2026-02-12T21:18:02.611+0000] {dag.py:2915} INFO - Sync 1 DAGs
[2026-02-12T21:18:02.666+0000] {logging_mixin.py:151} INFO - [2026-02-12T21:18:02.665+0000] {dag.py:3696} INFO - Setting next_dagrun for ingestionDAG to 2026-02-12T21:17:32.665243+00:00, run_after=2026-02-12T21:18:02.665243+00:00
[2026-02-12T21:18:02.705+0000] {processor.py:179} INFO - Processing /opt/airflow/dags/ingest_local_folder_dag.py took 1.041 seconds
[2026-02-12T21:18:32.884+0000] {processor.py:157} INFO - Started process (PID=991) to work on /opt/airflow/dags/ingest_local_folder_dag.py
[2026-02-12T21:18:32.886+0000] {processor.py:829} INFO - Processing file /opt/airflow/dags/ingest_local_folder_dag.py for tasks to queue
[2026-02-12T21:18:32.888+0000] {logging_mixin.py:151} INFO - [2026-02-12T21:18:32.887+0000] {dagbag.py:539} INFO - Filling up the DagBag from /opt/airflow/dags/ingest_local_folder_dag.py
[2026-02-12T21:18:33.752+0000] {processor.py:839} INFO - DAG(s) dict_keys(['ingestionDAG']) retrieved from /opt/airflow/dags/ingest_local_folder_dag.py
[2026-02-12T21:18:33.829+0000] {logging_mixin.py:151} INFO - [2026-02-12T21:18:33.829+0000] {dag.py:2915} INFO - Sync 1 DAGs
[2026-02-12T21:18:33.881+0000] {logging_mixin.py:151} INFO - [2026-02-12T21:18:33.881+0000] {dag.py:3696} INFO - Setting next_dagrun for ingestionDAG to 2026-02-12T21:18:03.880750+00:00, run_after=2026-02-12T21:18:33.880750+00:00
[2026-02-12T21:18:33.921+0000] {processor.py:179} INFO - Processing /opt/airflow/dags/ingest_local_folder_dag.py took 1.046 seconds
[2026-02-12T21:19:04.200+0000] {processor.py:157} INFO - Started process (PID=1007) to work on /opt/airflow/dags/ingest_local_folder_dag.py
[2026-02-12T21:19:04.203+0000] {processor.py:829} INFO - Processing file /opt/airflow/dags/ingest_local_folder_dag.py for tasks to queue
[2026-02-12T21:19:04.205+0000] {logging_mixin.py:151} INFO - [2026-02-12T21:19:04.204+0000] {dagbag.py:539} INFO - Filling up the DagBag from /opt/airflow/dags/ingest_local_folder_dag.py
[2026-02-12T21:19:05.158+0000] {processor.py:839} INFO - DAG(s) dict_keys(['ingestionDAG']) retrieved from /opt/airflow/dags/ingest_local_folder_dag.py
[2026-02-12T21:19:05.243+0000] {logging_mixin.py:151} INFO - [2026-02-12T21:19:05.242+0000] {dag.py:2915} INFO - Sync 1 DAGs
[2026-02-12T21:19:05.306+0000] {logging_mixin.py:151} INFO - [2026-02-12T21:19:05.306+0000] {dag.py:3696} INFO - Setting next_dagrun for ingestionDAG to 2026-02-12T21:18:35.306038+00:00, run_after=2026-02-12T21:19:05.306038+00:00
[2026-02-12T21:19:05.359+0000] {processor.py:179} INFO - Processing /opt/airflow/dags/ingest_local_folder_dag.py took 1.170 seconds
[2026-02-12T21:19:35.475+0000] {processor.py:157} INFO - Started process (PID=1020) to work on /opt/airflow/dags/ingest_local_folder_dag.py
[2026-02-12T21:19:35.478+0000] {processor.py:829} INFO - Processing file /opt/airflow/dags/ingest_local_folder_dag.py for tasks to queue
[2026-02-12T21:19:35.481+0000] {logging_mixin.py:151} INFO - [2026-02-12T21:19:35.479+0000] {dagbag.py:539} INFO - Filling up the DagBag from /opt/airflow/dags/ingest_local_folder_dag.py
[2026-02-12T21:19:36.390+0000] {processor.py:839} INFO - DAG(s) dict_keys(['ingestionDAG']) retrieved from /opt/airflow/dags/ingest_local_folder_dag.py
[2026-02-12T21:19:36.505+0000] {logging_mixin.py:151} INFO - [2026-02-12T21:19:36.504+0000] {dag.py:2915} INFO - Sync 1 DAGs
[2026-02-12T21:19:36.570+0000] {logging_mixin.py:151} INFO - [2026-02-12T21:19:36.570+0000] {dag.py:3696} INFO - Setting next_dagrun for ingestionDAG to 2026-02-12T21:19:06.569244+00:00, run_after=2026-02-12T21:19:36.569244+00:00
[2026-02-12T21:19:36.627+0000] {processor.py:179} INFO - Processing /opt/airflow/dags/ingest_local_folder_dag.py took 1.163 seconds
[2026-02-12T21:20:06.712+0000] {processor.py:157} INFO - Started process (PID=1033) to work on /opt/airflow/dags/ingest_local_folder_dag.py
[2026-02-12T21:20:06.714+0000] {processor.py:829} INFO - Processing file /opt/airflow/dags/ingest_local_folder_dag.py for tasks to queue
[2026-02-12T21:20:06.716+0000] {logging_mixin.py:151} INFO - [2026-02-12T21:20:06.715+0000] {dagbag.py:539} INFO - Filling up the DagBag from /opt/airflow/dags/ingest_local_folder_dag.py
[2026-02-12T21:20:07.640+0000] {processor.py:839} INFO - DAG(s) dict_keys(['ingestionDAG']) retrieved from /opt/airflow/dags/ingest_local_folder_dag.py
[2026-02-12T21:20:07.731+0000] {logging_mixin.py:151} INFO - [2026-02-12T21:20:07.730+0000] {dag.py:2915} INFO - Sync 1 DAGs
[2026-02-12T21:20:07.796+0000] {logging_mixin.py:151} INFO - [2026-02-12T21:20:07.795+0000] {dag.py:3696} INFO - Setting next_dagrun for ingestionDAG to 2026-02-12T21:19:37.795410+00:00, run_after=2026-02-12T21:20:07.795410+00:00
[2026-02-12T21:20:07.857+0000] {processor.py:179} INFO - Processing /opt/airflow/dags/ingest_local_folder_dag.py took 1.156 seconds
[2026-02-12T21:20:38.131+0000] {processor.py:157} INFO - Started process (PID=1044) to work on /opt/airflow/dags/ingest_local_folder_dag.py
[2026-02-12T21:20:38.134+0000] {processor.py:829} INFO - Processing file /opt/airflow/dags/ingest_local_folder_dag.py for tasks to queue
[2026-02-12T21:20:38.137+0000] {logging_mixin.py:151} INFO - [2026-02-12T21:20:38.135+0000] {dagbag.py:539} INFO - Filling up the DagBag from /opt/airflow/dags/ingest_local_folder_dag.py
[2026-02-12T21:20:39.083+0000] {processor.py:839} INFO - DAG(s) dict_keys(['ingestionDAG']) retrieved from /opt/airflow/dags/ingest_local_folder_dag.py
[2026-02-12T21:20:39.172+0000] {logging_mixin.py:151} INFO - [2026-02-12T21:20:39.171+0000] {dag.py:2915} INFO - Sync 1 DAGs
[2026-02-12T21:20:39.228+0000] {logging_mixin.py:151} INFO - [2026-02-12T21:20:39.227+0000] {dag.py:3696} INFO - Setting next_dagrun for ingestionDAG to 2026-02-12T21:20:09.227165+00:00, run_after=2026-02-12T21:20:39.227165+00:00
[2026-02-12T21:20:39.269+0000] {processor.py:179} INFO - Processing /opt/airflow/dags/ingest_local_folder_dag.py took 1.148 seconds
[2026-02-12T21:21:09.438+0000] {processor.py:157} INFO - Started process (PID=1057) to work on /opt/airflow/dags/ingest_local_folder_dag.py
[2026-02-12T21:21:09.440+0000] {processor.py:829} INFO - Processing file /opt/airflow/dags/ingest_local_folder_dag.py for tasks to queue
[2026-02-12T21:21:09.442+0000] {logging_mixin.py:151} INFO - [2026-02-12T21:21:09.441+0000] {dagbag.py:539} INFO - Filling up the DagBag from /opt/airflow/dags/ingest_local_folder_dag.py
[2026-02-12T21:21:10.379+0000] {processor.py:839} INFO - DAG(s) dict_keys(['ingestionDAG']) retrieved from /opt/airflow/dags/ingest_local_folder_dag.py
[2026-02-12T21:21:10.456+0000] {logging_mixin.py:151} INFO - [2026-02-12T21:21:10.455+0000] {dag.py:2915} INFO - Sync 1 DAGs
[2026-02-12T21:21:10.509+0000] {logging_mixin.py:151} INFO - [2026-02-12T21:21:10.508+0000] {dag.py:3696} INFO - Setting next_dagrun for ingestionDAG to 2026-02-12T21:20:40.508309+00:00, run_after=2026-02-12T21:21:10.508309+00:00
[2026-02-12T21:21:10.556+0000] {processor.py:179} INFO - Processing /opt/airflow/dags/ingest_local_folder_dag.py took 1.128 seconds
[2026-02-12T21:21:40.777+0000] {processor.py:157} INFO - Started process (PID=1066) to work on /opt/airflow/dags/ingest_local_folder_dag.py
[2026-02-12T21:21:40.780+0000] {processor.py:829} INFO - Processing file /opt/airflow/dags/ingest_local_folder_dag.py for tasks to queue
[2026-02-12T21:21:40.784+0000] {logging_mixin.py:151} INFO - [2026-02-12T21:21:40.781+0000] {dagbag.py:539} INFO - Filling up the DagBag from /opt/airflow/dags/ingest_local_folder_dag.py
[2026-02-12T21:21:41.719+0000] {processor.py:839} INFO - DAG(s) dict_keys(['ingestionDAG']) retrieved from /opt/airflow/dags/ingest_local_folder_dag.py
[2026-02-12T21:21:41.809+0000] {logging_mixin.py:151} INFO - [2026-02-12T21:21:41.809+0000] {dag.py:2915} INFO - Sync 1 DAGs
[2026-02-12T21:21:41.887+0000] {logging_mixin.py:151} INFO - [2026-02-12T21:21:41.887+0000] {dag.py:3696} INFO - Setting next_dagrun for ingestionDAG to 2026-02-12T21:21:11.885917+00:00, run_after=2026-02-12T21:21:41.885917+00:00
[2026-02-12T21:21:41.948+0000] {processor.py:179} INFO - Processing /opt/airflow/dags/ingest_local_folder_dag.py took 1.182 seconds
[2026-02-12T21:22:12.054+0000] {processor.py:157} INFO - Started process (PID=1079) to work on /opt/airflow/dags/ingest_local_folder_dag.py
[2026-02-12T21:22:12.056+0000] {processor.py:829} INFO - Processing file /opt/airflow/dags/ingest_local_folder_dag.py for tasks to queue
[2026-02-12T21:22:12.058+0000] {logging_mixin.py:151} INFO - [2026-02-12T21:22:12.057+0000] {dagbag.py:539} INFO - Filling up the DagBag from /opt/airflow/dags/ingest_local_folder_dag.py
[2026-02-12T21:22:12.953+0000] {processor.py:839} INFO - DAG(s) dict_keys(['ingestionDAG']) retrieved from /opt/airflow/dags/ingest_local_folder_dag.py
[2026-02-12T21:22:13.031+0000] {logging_mixin.py:151} INFO - [2026-02-12T21:22:13.031+0000] {dag.py:2915} INFO - Sync 1 DAGs
[2026-02-12T21:22:13.086+0000] {logging_mixin.py:151} INFO - [2026-02-12T21:22:13.086+0000] {dag.py:3696} INFO - Setting next_dagrun for ingestionDAG to 2026-02-12T21:21:43.085869+00:00, run_after=2026-02-12T21:22:13.085869+00:00
[2026-02-12T21:22:13.132+0000] {processor.py:179} INFO - Processing /opt/airflow/dags/ingest_local_folder_dag.py took 1.089 seconds
[2026-02-12T21:22:43.274+0000] {processor.py:157} INFO - Started process (PID=1092) to work on /opt/airflow/dags/ingest_local_folder_dag.py
[2026-02-12T21:22:43.277+0000] {processor.py:829} INFO - Processing file /opt/airflow/dags/ingest_local_folder_dag.py for tasks to queue
[2026-02-12T21:22:43.279+0000] {logging_mixin.py:151} INFO - [2026-02-12T21:22:43.278+0000] {dagbag.py:539} INFO - Filling up the DagBag from /opt/airflow/dags/ingest_local_folder_dag.py
[2026-02-12T21:22:44.161+0000] {processor.py:839} INFO - DAG(s) dict_keys(['ingestionDAG']) retrieved from /opt/airflow/dags/ingest_local_folder_dag.py
[2026-02-12T21:22:44.237+0000] {logging_mixin.py:151} INFO - [2026-02-12T21:22:44.237+0000] {dag.py:2915} INFO - Sync 1 DAGs
[2026-02-12T21:22:44.292+0000] {logging_mixin.py:151} INFO - [2026-02-12T21:22:44.292+0000] {dag.py:3696} INFO - Setting next_dagrun for ingestionDAG to 2026-02-12T21:22:14.291818+00:00, run_after=2026-02-12T21:22:44.291818+00:00
[2026-02-12T21:22:44.332+0000] {processor.py:179} INFO - Processing /opt/airflow/dags/ingest_local_folder_dag.py took 1.067 seconds
[2026-02-12T21:23:14.612+0000] {processor.py:157} INFO - Started process (PID=1105) to work on /opt/airflow/dags/ingest_local_folder_dag.py
[2026-02-12T21:23:14.615+0000] {processor.py:829} INFO - Processing file /opt/airflow/dags/ingest_local_folder_dag.py for tasks to queue
[2026-02-12T21:23:14.618+0000] {logging_mixin.py:151} INFO - [2026-02-12T21:23:14.616+0000] {dagbag.py:539} INFO - Filling up the DagBag from /opt/airflow/dags/ingest_local_folder_dag.py
[2026-02-12T21:23:15.491+0000] {processor.py:839} INFO - DAG(s) dict_keys(['ingestionDAG']) retrieved from /opt/airflow/dags/ingest_local_folder_dag.py
[2026-02-12T21:23:15.568+0000] {logging_mixin.py:151} INFO - [2026-02-12T21:23:15.568+0000] {dag.py:2915} INFO - Sync 1 DAGs
[2026-02-12T21:23:15.619+0000] {logging_mixin.py:151} INFO - [2026-02-12T21:23:15.619+0000] {dag.py:3696} INFO - Setting next_dagrun for ingestionDAG to 2026-02-12T21:22:45.618877+00:00, run_after=2026-02-12T21:23:15.618877+00:00
[2026-02-12T21:23:15.658+0000] {processor.py:179} INFO - Processing /opt/airflow/dags/ingest_local_folder_dag.py took 1.058 seconds
[2026-02-12T21:23:45.950+0000] {processor.py:157} INFO - Started process (PID=1118) to work on /opt/airflow/dags/ingest_local_folder_dag.py
[2026-02-12T21:23:45.952+0000] {processor.py:829} INFO - Processing file /opt/airflow/dags/ingest_local_folder_dag.py for tasks to queue
[2026-02-12T21:23:45.954+0000] {logging_mixin.py:151} INFO - [2026-02-12T21:23:45.953+0000] {dagbag.py:539} INFO - Filling up the DagBag from /opt/airflow/dags/ingest_local_folder_dag.py
[2026-02-12T21:23:46.839+0000] {processor.py:839} INFO - DAG(s) dict_keys(['ingestionDAG']) retrieved from /opt/airflow/dags/ingest_local_folder_dag.py
[2026-02-12T21:23:46.915+0000] {logging_mixin.py:151} INFO - [2026-02-12T21:23:46.915+0000] {dag.py:2915} INFO - Sync 1 DAGs
[2026-02-12T21:23:46.967+0000] {logging_mixin.py:151} INFO - [2026-02-12T21:23:46.967+0000] {dag.py:3696} INFO - Setting next_dagrun for ingestionDAG to 2026-02-12T21:23:16.966646+00:00, run_after=2026-02-12T21:23:46.966646+00:00
[2026-02-12T21:23:47.007+0000] {processor.py:179} INFO - Processing /opt/airflow/dags/ingest_local_folder_dag.py took 1.068 seconds
[2026-02-12T21:24:17.281+0000] {processor.py:157} INFO - Started process (PID=1131) to work on /opt/airflow/dags/ingest_local_folder_dag.py
[2026-02-12T21:24:17.283+0000] {processor.py:829} INFO - Processing file /opt/airflow/dags/ingest_local_folder_dag.py for tasks to queue
[2026-02-12T21:24:17.286+0000] {logging_mixin.py:151} INFO - [2026-02-12T21:24:17.284+0000] {dagbag.py:539} INFO - Filling up the DagBag from /opt/airflow/dags/ingest_local_folder_dag.py
[2026-02-12T21:24:18.193+0000] {processor.py:839} INFO - DAG(s) dict_keys(['ingestionDAG']) retrieved from /opt/airflow/dags/ingest_local_folder_dag.py
[2026-02-12T21:24:18.269+0000] {logging_mixin.py:151} INFO - [2026-02-12T21:24:18.268+0000] {dag.py:2915} INFO - Sync 1 DAGs
[2026-02-12T21:24:18.322+0000] {logging_mixin.py:151} INFO - [2026-02-12T21:24:18.321+0000] {dag.py:3696} INFO - Setting next_dagrun for ingestionDAG to 2026-02-12T21:23:48.321237+00:00, run_after=2026-02-12T21:24:18.321237+00:00
[2026-02-12T21:24:18.361+0000] {processor.py:179} INFO - Processing /opt/airflow/dags/ingest_local_folder_dag.py took 1.091 seconds
[2026-02-12T21:24:48.521+0000] {processor.py:157} INFO - Started process (PID=1144) to work on /opt/airflow/dags/ingest_local_folder_dag.py
[2026-02-12T21:24:48.524+0000] {processor.py:829} INFO - Processing file /opt/airflow/dags/ingest_local_folder_dag.py for tasks to queue
[2026-02-12T21:24:48.526+0000] {logging_mixin.py:151} INFO - [2026-02-12T21:24:48.525+0000] {dagbag.py:539} INFO - Filling up the DagBag from /opt/airflow/dags/ingest_local_folder_dag.py
[2026-02-12T21:24:49.459+0000] {processor.py:839} INFO - DAG(s) dict_keys(['ingestionDAG']) retrieved from /opt/airflow/dags/ingest_local_folder_dag.py
[2026-02-12T21:24:49.551+0000] {logging_mixin.py:151} INFO - [2026-02-12T21:24:49.551+0000] {dag.py:2915} INFO - Sync 1 DAGs
[2026-02-12T21:24:49.611+0000] {logging_mixin.py:151} INFO - [2026-02-12T21:24:49.611+0000] {dag.py:3696} INFO - Setting next_dagrun for ingestionDAG to 2026-02-12T21:24:19.610784+00:00, run_after=2026-02-12T21:24:49.610784+00:00
[2026-02-12T21:24:49.663+0000] {processor.py:179} INFO - Processing /opt/airflow/dags/ingest_local_folder_dag.py took 1.153 seconds
[2026-02-12T21:25:19.810+0000] {processor.py:157} INFO - Started process (PID=1157) to work on /opt/airflow/dags/ingest_local_folder_dag.py
[2026-02-12T21:25:19.814+0000] {processor.py:829} INFO - Processing file /opt/airflow/dags/ingest_local_folder_dag.py for tasks to queue
[2026-02-12T21:25:19.817+0000] {logging_mixin.py:151} INFO - [2026-02-12T21:25:19.815+0000] {dagbag.py:539} INFO - Filling up the DagBag from /opt/airflow/dags/ingest_local_folder_dag.py
[2026-02-12T21:25:20.747+0000] {processor.py:839} INFO - DAG(s) dict_keys(['ingestionDAG']) retrieved from /opt/airflow/dags/ingest_local_folder_dag.py
[2026-02-12T21:25:20.834+0000] {logging_mixin.py:151} INFO - [2026-02-12T21:25:20.833+0000] {dag.py:2915} INFO - Sync 1 DAGs
[2026-02-12T21:25:20.891+0000] {logging_mixin.py:151} INFO - [2026-02-12T21:25:20.891+0000] {dag.py:3696} INFO - Setting next_dagrun for ingestionDAG to 2026-02-12T21:24:50.890916+00:00, run_after=2026-02-12T21:25:20.890916+00:00
[2026-02-12T21:25:20.932+0000] {processor.py:179} INFO - Processing /opt/airflow/dags/ingest_local_folder_dag.py took 1.134 seconds
[2026-02-12T21:25:51.221+0000] {processor.py:157} INFO - Started process (PID=1170) to work on /opt/airflow/dags/ingest_local_folder_dag.py
[2026-02-12T21:25:51.224+0000] {processor.py:829} INFO - Processing file /opt/airflow/dags/ingest_local_folder_dag.py for tasks to queue
[2026-02-12T21:25:51.227+0000] {logging_mixin.py:151} INFO - [2026-02-12T21:25:51.225+0000] {dagbag.py:539} INFO - Filling up the DagBag from /opt/airflow/dags/ingest_local_folder_dag.py
[2026-02-12T21:25:52.131+0000] {processor.py:839} INFO - DAG(s) dict_keys(['ingestionDAG']) retrieved from /opt/airflow/dags/ingest_local_folder_dag.py
[2026-02-12T21:25:52.213+0000] {logging_mixin.py:151} INFO - [2026-02-12T21:25:52.213+0000] {dag.py:2915} INFO - Sync 1 DAGs
[2026-02-12T21:25:52.266+0000] {logging_mixin.py:151} INFO - [2026-02-12T21:25:52.266+0000] {dag.py:3696} INFO - Setting next_dagrun for ingestionDAG to 2026-02-12T21:25:22.265744+00:00, run_after=2026-02-12T21:25:52.265744+00:00
[2026-02-12T21:25:52.309+0000] {processor.py:179} INFO - Processing /opt/airflow/dags/ingest_local_folder_dag.py took 1.100 seconds
[2026-02-12T21:26:22.583+0000] {processor.py:157} INFO - Started process (PID=1183) to work on /opt/airflow/dags/ingest_local_folder_dag.py
[2026-02-12T21:26:22.585+0000] {processor.py:829} INFO - Processing file /opt/airflow/dags/ingest_local_folder_dag.py for tasks to queue
[2026-02-12T21:26:22.587+0000] {logging_mixin.py:151} INFO - [2026-02-12T21:26:22.586+0000] {dagbag.py:539} INFO - Filling up the DagBag from /opt/airflow/dags/ingest_local_folder_dag.py
[2026-02-12T21:26:23.481+0000] {processor.py:839} INFO - DAG(s) dict_keys(['ingestionDAG']) retrieved from /opt/airflow/dags/ingest_local_folder_dag.py
[2026-02-12T21:26:23.557+0000] {logging_mixin.py:151} INFO - [2026-02-12T21:26:23.557+0000] {dag.py:2915} INFO - Sync 1 DAGs
[2026-02-12T21:26:23.614+0000] {logging_mixin.py:151} INFO - [2026-02-12T21:26:23.614+0000] {dag.py:3696} INFO - Setting next_dagrun for ingestionDAG to 2026-02-12T21:25:53.613625+00:00, run_after=2026-02-12T21:26:23.613625+00:00
[2026-02-12T21:26:23.656+0000] {processor.py:179} INFO - Processing /opt/airflow/dags/ingest_local_folder_dag.py took 1.084 seconds
[2026-02-12T21:26:53.929+0000] {processor.py:157} INFO - Started process (PID=1196) to work on /opt/airflow/dags/ingest_local_folder_dag.py
[2026-02-12T21:26:53.932+0000] {processor.py:829} INFO - Processing file /opt/airflow/dags/ingest_local_folder_dag.py for tasks to queue
[2026-02-12T21:26:53.934+0000] {logging_mixin.py:151} INFO - [2026-02-12T21:26:53.933+0000] {dagbag.py:539} INFO - Filling up the DagBag from /opt/airflow/dags/ingest_local_folder_dag.py
[2026-02-12T21:26:54.857+0000] {processor.py:839} INFO - DAG(s) dict_keys(['ingestionDAG']) retrieved from /opt/airflow/dags/ingest_local_folder_dag.py
[2026-02-12T21:26:54.935+0000] {logging_mixin.py:151} INFO - [2026-02-12T21:26:54.934+0000] {dag.py:2915} INFO - Sync 1 DAGs
[2026-02-12T21:26:54.988+0000] {logging_mixin.py:151} INFO - [2026-02-12T21:26:54.987+0000] {dag.py:3696} INFO - Setting next_dagrun for ingestionDAG to 2026-02-12T21:26:24.987256+00:00, run_after=2026-02-12T21:26:54.987256+00:00
[2026-02-12T21:26:55.032+0000] {processor.py:179} INFO - Processing /opt/airflow/dags/ingest_local_folder_dag.py took 1.113 seconds
[2026-02-12T21:27:25.180+0000] {processor.py:157} INFO - Started process (PID=1209) to work on /opt/airflow/dags/ingest_local_folder_dag.py
[2026-02-12T21:27:25.183+0000] {processor.py:829} INFO - Processing file /opt/airflow/dags/ingest_local_folder_dag.py for tasks to queue
[2026-02-12T21:27:25.185+0000] {logging_mixin.py:151} INFO - [2026-02-12T21:27:25.184+0000] {dagbag.py:539} INFO - Filling up the DagBag from /opt/airflow/dags/ingest_local_folder_dag.py
[2026-02-12T21:27:26.101+0000] {processor.py:839} INFO - DAG(s) dict_keys(['ingestionDAG']) retrieved from /opt/airflow/dags/ingest_local_folder_dag.py
[2026-02-12T21:27:26.179+0000] {logging_mixin.py:151} INFO - [2026-02-12T21:27:26.179+0000] {dag.py:2915} INFO - Sync 1 DAGs
[2026-02-12T21:27:26.234+0000] {logging_mixin.py:151} INFO - [2026-02-12T21:27:26.234+0000] {dag.py:3696} INFO - Setting next_dagrun for ingestionDAG to 2026-02-12T21:26:56.233978+00:00, run_after=2026-02-12T21:27:26.233978+00:00
[2026-02-12T21:27:26.275+0000] {processor.py:179} INFO - Processing /opt/airflow/dags/ingest_local_folder_dag.py took 1.106 seconds
[2026-02-12T21:27:56.468+0000] {processor.py:157} INFO - Started process (PID=1222) to work on /opt/airflow/dags/ingest_local_folder_dag.py
[2026-02-12T21:27:56.470+0000] {processor.py:829} INFO - Processing file /opt/airflow/dags/ingest_local_folder_dag.py for tasks to queue
[2026-02-12T21:27:56.472+0000] {logging_mixin.py:151} INFO - [2026-02-12T21:27:56.471+0000] {dagbag.py:539} INFO - Filling up the DagBag from /opt/airflow/dags/ingest_local_folder_dag.py
[2026-02-12T21:27:57.398+0000] {processor.py:839} INFO - DAG(s) dict_keys(['ingestionDAG']) retrieved from /opt/airflow/dags/ingest_local_folder_dag.py
[2026-02-12T21:27:57.479+0000] {logging_mixin.py:151} INFO - [2026-02-12T21:27:57.478+0000] {dag.py:2915} INFO - Sync 1 DAGs
[2026-02-12T21:27:57.532+0000] {logging_mixin.py:151} INFO - [2026-02-12T21:27:57.531+0000] {dag.py:3696} INFO - Setting next_dagrun for ingestionDAG to 2026-02-12T21:27:27.531409+00:00, run_after=2026-02-12T21:27:57.531409+00:00
[2026-02-12T21:27:57.573+0000] {processor.py:179} INFO - Processing /opt/airflow/dags/ingest_local_folder_dag.py took 1.115 seconds
[2026-02-12T21:28:27.713+0000] {processor.py:157} INFO - Started process (PID=1235) to work on /opt/airflow/dags/ingest_local_folder_dag.py
[2026-02-12T21:28:27.715+0000] {processor.py:829} INFO - Processing file /opt/airflow/dags/ingest_local_folder_dag.py for tasks to queue
[2026-02-12T21:28:27.717+0000] {logging_mixin.py:151} INFO - [2026-02-12T21:28:27.716+0000] {dagbag.py:539} INFO - Filling up the DagBag from /opt/airflow/dags/ingest_local_folder_dag.py
[2026-02-12T21:28:28.622+0000] {processor.py:839} INFO - DAG(s) dict_keys(['ingestionDAG']) retrieved from /opt/airflow/dags/ingest_local_folder_dag.py
[2026-02-12T21:28:28.700+0000] {logging_mixin.py:151} INFO - [2026-02-12T21:28:28.700+0000] {dag.py:2915} INFO - Sync 1 DAGs
[2026-02-12T21:28:28.753+0000] {logging_mixin.py:151} INFO - [2026-02-12T21:28:28.752+0000] {dag.py:3696} INFO - Setting next_dagrun for ingestionDAG to 2026-02-12T21:27:58.752480+00:00, run_after=2026-02-12T21:28:28.752480+00:00
[2026-02-12T21:28:28.794+0000] {processor.py:179} INFO - Processing /opt/airflow/dags/ingest_local_folder_dag.py took 1.092 seconds
[2026-02-12T21:28:58.996+0000] {processor.py:157} INFO - Started process (PID=1248) to work on /opt/airflow/dags/ingest_local_folder_dag.py
[2026-02-12T21:28:58.999+0000] {processor.py:829} INFO - Processing file /opt/airflow/dags/ingest_local_folder_dag.py for tasks to queue
[2026-02-12T21:28:59.001+0000] {logging_mixin.py:151} INFO - [2026-02-12T21:28:59.000+0000] {dagbag.py:539} INFO - Filling up the DagBag from /opt/airflow/dags/ingest_local_folder_dag.py
[2026-02-12T21:28:59.931+0000] {processor.py:839} INFO - DAG(s) dict_keys(['ingestionDAG']) retrieved from /opt/airflow/dags/ingest_local_folder_dag.py
[2026-02-12T21:29:00.010+0000] {logging_mixin.py:151} INFO - [2026-02-12T21:29:00.009+0000] {dag.py:2915} INFO - Sync 1 DAGs
[2026-02-12T21:29:00.064+0000] {logging_mixin.py:151} INFO - [2026-02-12T21:29:00.064+0000] {dag.py:3696} INFO - Setting next_dagrun for ingestionDAG to 2026-02-12T21:28:30.063757+00:00, run_after=2026-02-12T21:29:00.063757+00:00
[2026-02-12T21:29:00.109+0000] {processor.py:179} INFO - Processing /opt/airflow/dags/ingest_local_folder_dag.py took 1.124 seconds
[2026-02-12T21:29:30.259+0000] {processor.py:157} INFO - Started process (PID=1261) to work on /opt/airflow/dags/ingest_local_folder_dag.py
[2026-02-12T21:29:30.262+0000] {processor.py:829} INFO - Processing file /opt/airflow/dags/ingest_local_folder_dag.py for tasks to queue
[2026-02-12T21:29:30.265+0000] {logging_mixin.py:151} INFO - [2026-02-12T21:29:30.263+0000] {dagbag.py:539} INFO - Filling up the DagBag from /opt/airflow/dags/ingest_local_folder_dag.py
[2026-02-12T21:29:31.171+0000] {processor.py:839} INFO - DAG(s) dict_keys(['ingestionDAG']) retrieved from /opt/airflow/dags/ingest_local_folder_dag.py
[2026-02-12T21:29:31.251+0000] {logging_mixin.py:151} INFO - [2026-02-12T21:29:31.251+0000] {dag.py:2915} INFO - Sync 1 DAGs
[2026-02-12T21:29:31.307+0000] {logging_mixin.py:151} INFO - [2026-02-12T21:29:31.306+0000] {dag.py:3696} INFO - Setting next_dagrun for ingestionDAG to 2026-02-12T21:29:01.306476+00:00, run_after=2026-02-12T21:29:31.306476+00:00
[2026-02-12T21:29:31.348+0000] {processor.py:179} INFO - Processing /opt/airflow/dags/ingest_local_folder_dag.py took 1.099 seconds
[2026-02-12T21:30:01.545+0000] {processor.py:157} INFO - Started process (PID=1274) to work on /opt/airflow/dags/ingest_local_folder_dag.py
[2026-02-12T21:30:01.547+0000] {processor.py:829} INFO - Processing file /opt/airflow/dags/ingest_local_folder_dag.py for tasks to queue
[2026-02-12T21:30:01.550+0000] {logging_mixin.py:151} INFO - [2026-02-12T21:30:01.549+0000] {dagbag.py:539} INFO - Filling up the DagBag from /opt/airflow/dags/ingest_local_folder_dag.py
[2026-02-12T21:30:02.508+0000] {processor.py:839} INFO - DAG(s) dict_keys(['ingestionDAG']) retrieved from /opt/airflow/dags/ingest_local_folder_dag.py
[2026-02-12T21:30:02.591+0000] {logging_mixin.py:151} INFO - [2026-02-12T21:30:02.590+0000] {dag.py:2915} INFO - Sync 1 DAGs
[2026-02-12T21:30:02.647+0000] {logging_mixin.py:151} INFO - [2026-02-12T21:30:02.646+0000] {dag.py:3696} INFO - Setting next_dagrun for ingestionDAG to 2026-02-12T21:29:32.646401+00:00, run_after=2026-02-12T21:30:02.646401+00:00
[2026-02-12T21:30:02.691+0000] {processor.py:179} INFO - Processing /opt/airflow/dags/ingest_local_folder_dag.py took 1.157 seconds
[2026-02-12T21:30:32.838+0000] {processor.py:157} INFO - Started process (PID=1287) to work on /opt/airflow/dags/ingest_local_folder_dag.py
[2026-02-12T21:30:32.841+0000] {processor.py:829} INFO - Processing file /opt/airflow/dags/ingest_local_folder_dag.py for tasks to queue
[2026-02-12T21:30:32.843+0000] {logging_mixin.py:151} INFO - [2026-02-12T21:30:32.842+0000] {dagbag.py:539} INFO - Filling up the DagBag from /opt/airflow/dags/ingest_local_folder_dag.py
[2026-02-12T21:30:33.852+0000] {processor.py:839} INFO - DAG(s) dict_keys(['ingestionDAG']) retrieved from /opt/airflow/dags/ingest_local_folder_dag.py
[2026-02-12T21:30:33.963+0000] {logging_mixin.py:151} INFO - [2026-02-12T21:30:33.962+0000] {dag.py:2915} INFO - Sync 1 DAGs
[2026-02-12T21:30:34.030+0000] {logging_mixin.py:151} INFO - [2026-02-12T21:30:34.029+0000] {dag.py:3696} INFO - Setting next_dagrun for ingestionDAG to 2026-02-12T21:30:04.029365+00:00, run_after=2026-02-12T21:30:34.029365+00:00
[2026-02-12T21:30:34.079+0000] {processor.py:179} INFO - Processing /opt/airflow/dags/ingest_local_folder_dag.py took 1.253 seconds
[2026-02-12T21:31:04.233+0000] {processor.py:157} INFO - Started process (PID=1300) to work on /opt/airflow/dags/ingest_local_folder_dag.py
[2026-02-12T21:31:04.235+0000] {processor.py:829} INFO - Processing file /opt/airflow/dags/ingest_local_folder_dag.py for tasks to queue
[2026-02-12T21:31:04.238+0000] {logging_mixin.py:151} INFO - [2026-02-12T21:31:04.237+0000] {dagbag.py:539} INFO - Filling up the DagBag from /opt/airflow/dags/ingest_local_folder_dag.py
[2026-02-12T21:31:05.186+0000] {processor.py:839} INFO - DAG(s) dict_keys(['ingestionDAG']) retrieved from /opt/airflow/dags/ingest_local_folder_dag.py
[2026-02-12T21:31:05.283+0000] {logging_mixin.py:151} INFO - [2026-02-12T21:31:05.282+0000] {dag.py:2915} INFO - Sync 1 DAGs
[2026-02-12T21:31:05.350+0000] {logging_mixin.py:151} INFO - [2026-02-12T21:31:05.350+0000] {dag.py:3696} INFO - Setting next_dagrun for ingestionDAG to 2026-02-12T21:30:35.349626+00:00, run_after=2026-02-12T21:31:05.349626+00:00
[2026-02-12T21:31:05.400+0000] {processor.py:179} INFO - Processing /opt/airflow/dags/ingest_local_folder_dag.py took 1.178 seconds
[2026-02-12T21:31:35.506+0000] {processor.py:157} INFO - Started process (PID=1313) to work on /opt/airflow/dags/ingest_local_folder_dag.py
[2026-02-12T21:31:35.509+0000] {processor.py:829} INFO - Processing file /opt/airflow/dags/ingest_local_folder_dag.py for tasks to queue
[2026-02-12T21:31:35.511+0000] {logging_mixin.py:151} INFO - [2026-02-12T21:31:35.510+0000] {dagbag.py:539} INFO - Filling up the DagBag from /opt/airflow/dags/ingest_local_folder_dag.py
[2026-02-12T21:31:36.399+0000] {processor.py:839} INFO - DAG(s) dict_keys(['ingestionDAG']) retrieved from /opt/airflow/dags/ingest_local_folder_dag.py
[2026-02-12T21:31:36.486+0000] {logging_mixin.py:151} INFO - [2026-02-12T21:31:36.486+0000] {dag.py:2915} INFO - Sync 1 DAGs
[2026-02-12T21:31:36.548+0000] {logging_mixin.py:151} INFO - [2026-02-12T21:31:36.547+0000] {dag.py:3696} INFO - Setting next_dagrun for ingestionDAG to 2026-02-12T21:31:06.547332+00:00, run_after=2026-02-12T21:31:36.547332+00:00
[2026-02-12T21:31:36.602+0000] {processor.py:179} INFO - Processing /opt/airflow/dags/ingest_local_folder_dag.py took 1.106 seconds
[2026-02-12T21:32:06.845+0000] {processor.py:157} INFO - Started process (PID=1326) to work on /opt/airflow/dags/ingest_local_folder_dag.py
[2026-02-12T21:32:06.848+0000] {processor.py:829} INFO - Processing file /opt/airflow/dags/ingest_local_folder_dag.py for tasks to queue
[2026-02-12T21:32:06.850+0000] {logging_mixin.py:151} INFO - [2026-02-12T21:32:06.849+0000] {dagbag.py:539} INFO - Filling up the DagBag from /opt/airflow/dags/ingest_local_folder_dag.py
[2026-02-12T21:32:07.718+0000] {processor.py:839} INFO - DAG(s) dict_keys(['ingestionDAG']) retrieved from /opt/airflow/dags/ingest_local_folder_dag.py
[2026-02-12T21:32:07.795+0000] {logging_mixin.py:151} INFO - [2026-02-12T21:32:07.794+0000] {dag.py:2915} INFO - Sync 1 DAGs
[2026-02-12T21:32:07.850+0000] {logging_mixin.py:151} INFO - [2026-02-12T21:32:07.850+0000] {dag.py:3696} INFO - Setting next_dagrun for ingestionDAG to 2026-02-12T21:31:37.849854+00:00, run_after=2026-02-12T21:32:07.849854+00:00
[2026-02-12T21:32:07.890+0000] {processor.py:179} INFO - Processing /opt/airflow/dags/ingest_local_folder_dag.py took 1.054 seconds
[2026-02-12T21:32:38.050+0000] {processor.py:157} INFO - Started process (PID=1339) to work on /opt/airflow/dags/ingest_local_folder_dag.py
[2026-02-12T21:32:38.052+0000] {processor.py:829} INFO - Processing file /opt/airflow/dags/ingest_local_folder_dag.py for tasks to queue
[2026-02-12T21:32:38.054+0000] {logging_mixin.py:151} INFO - [2026-02-12T21:32:38.053+0000] {dagbag.py:539} INFO - Filling up the DagBag from /opt/airflow/dags/ingest_local_folder_dag.py
[2026-02-12T21:32:38.957+0000] {processor.py:839} INFO - DAG(s) dict_keys(['ingestionDAG']) retrieved from /opt/airflow/dags/ingest_local_folder_dag.py
[2026-02-12T21:32:39.053+0000] {logging_mixin.py:151} INFO - [2026-02-12T21:32:39.053+0000] {dag.py:2915} INFO - Sync 1 DAGs
[2026-02-12T21:32:39.111+0000] {logging_mixin.py:151} INFO - [2026-02-12T21:32:39.111+0000] {dag.py:3696} INFO - Setting next_dagrun for ingestionDAG to 2026-02-12T21:32:09.111007+00:00, run_after=2026-02-12T21:32:39.111007+00:00
[2026-02-12T21:32:39.152+0000] {processor.py:179} INFO - Processing /opt/airflow/dags/ingest_local_folder_dag.py took 1.113 seconds
[2026-02-12T21:33:09.337+0000] {processor.py:157} INFO - Started process (PID=1352) to work on /opt/airflow/dags/ingest_local_folder_dag.py
[2026-02-12T21:33:09.339+0000] {processor.py:829} INFO - Processing file /opt/airflow/dags/ingest_local_folder_dag.py for tasks to queue
[2026-02-12T21:33:09.342+0000] {logging_mixin.py:151} INFO - [2026-02-12T21:33:09.341+0000] {dagbag.py:539} INFO - Filling up the DagBag from /opt/airflow/dags/ingest_local_folder_dag.py
[2026-02-12T21:33:10.203+0000] {processor.py:839} INFO - DAG(s) dict_keys(['ingestionDAG']) retrieved from /opt/airflow/dags/ingest_local_folder_dag.py
[2026-02-12T21:33:10.281+0000] {logging_mixin.py:151} INFO - [2026-02-12T21:33:10.281+0000] {dag.py:2915} INFO - Sync 1 DAGs
[2026-02-12T21:33:10.332+0000] {logging_mixin.py:151} INFO - [2026-02-12T21:33:10.332+0000] {dag.py:3696} INFO - Setting next_dagrun for ingestionDAG to 2026-02-12T21:32:40.332002+00:00, run_after=2026-02-12T21:33:10.332002+00:00
[2026-02-12T21:33:10.372+0000] {processor.py:179} INFO - Processing /opt/airflow/dags/ingest_local_folder_dag.py took 1.045 seconds
[2026-02-12T21:33:40.628+0000] {processor.py:157} INFO - Started process (PID=1365) to work on /opt/airflow/dags/ingest_local_folder_dag.py
[2026-02-12T21:33:40.630+0000] {processor.py:829} INFO - Processing file /opt/airflow/dags/ingest_local_folder_dag.py for tasks to queue
[2026-02-12T21:33:40.633+0000] {logging_mixin.py:151} INFO - [2026-02-12T21:33:40.632+0000] {dagbag.py:539} INFO - Filling up the DagBag from /opt/airflow/dags/ingest_local_folder_dag.py
[2026-02-12T21:33:41.531+0000] {processor.py:839} INFO - DAG(s) dict_keys(['ingestionDAG']) retrieved from /opt/airflow/dags/ingest_local_folder_dag.py
[2026-02-12T21:33:41.622+0000] {logging_mixin.py:151} INFO - [2026-02-12T21:33:41.621+0000] {dag.py:2915} INFO - Sync 1 DAGs
[2026-02-12T21:33:41.679+0000] {logging_mixin.py:151} INFO - [2026-02-12T21:33:41.678+0000] {dag.py:3696} INFO - Setting next_dagrun for ingestionDAG to 2026-02-12T21:33:11.678401+00:00, run_after=2026-02-12T21:33:41.678401+00:00
[2026-02-12T21:33:41.719+0000] {processor.py:179} INFO - Processing /opt/airflow/dags/ingest_local_folder_dag.py took 1.101 seconds
[2026-02-12T21:34:11.980+0000] {processor.py:157} INFO - Started process (PID=1378) to work on /opt/airflow/dags/ingest_local_folder_dag.py
[2026-02-12T21:34:11.983+0000] {processor.py:829} INFO - Processing file /opt/airflow/dags/ingest_local_folder_dag.py for tasks to queue
[2026-02-12T21:34:11.985+0000] {logging_mixin.py:151} INFO - [2026-02-12T21:34:11.984+0000] {dagbag.py:539} INFO - Filling up the DagBag from /opt/airflow/dags/ingest_local_folder_dag.py
[2026-02-12T21:34:12.926+0000] {processor.py:839} INFO - DAG(s) dict_keys(['ingestionDAG']) retrieved from /opt/airflow/dags/ingest_local_folder_dag.py
[2026-02-12T21:34:13.013+0000] {logging_mixin.py:151} INFO - [2026-02-12T21:34:13.012+0000] {dag.py:2915} INFO - Sync 1 DAGs
[2026-02-12T21:34:13.063+0000] {logging_mixin.py:151} INFO - [2026-02-12T21:34:13.063+0000] {dag.py:3696} INFO - Setting next_dagrun for ingestionDAG to 2026-02-12T21:33:43.062996+00:00, run_after=2026-02-12T21:34:13.062996+00:00
[2026-02-12T21:34:13.106+0000] {processor.py:179} INFO - Processing /opt/airflow/dags/ingest_local_folder_dag.py took 1.136 seconds
[2026-02-12T21:34:43.224+0000] {processor.py:157} INFO - Started process (PID=1391) to work on /opt/airflow/dags/ingest_local_folder_dag.py
[2026-02-12T21:34:43.226+0000] {processor.py:829} INFO - Processing file /opt/airflow/dags/ingest_local_folder_dag.py for tasks to queue
[2026-02-12T21:34:43.229+0000] {logging_mixin.py:151} INFO - [2026-02-12T21:34:43.228+0000] {dagbag.py:539} INFO - Filling up the DagBag from /opt/airflow/dags/ingest_local_folder_dag.py
[2026-02-12T21:34:44.171+0000] {processor.py:839} INFO - DAG(s) dict_keys(['ingestionDAG']) retrieved from /opt/airflow/dags/ingest_local_folder_dag.py
[2026-02-12T21:34:44.248+0000] {logging_mixin.py:151} INFO - [2026-02-12T21:34:44.247+0000] {dag.py:2915} INFO - Sync 1 DAGs
[2026-02-12T21:34:44.308+0000] {logging_mixin.py:151} INFO - [2026-02-12T21:34:44.308+0000] {dag.py:3696} INFO - Setting next_dagrun for ingestionDAG to 2026-02-12T21:34:14.308007+00:00, run_after=2026-02-12T21:34:44.308007+00:00
[2026-02-12T21:34:44.352+0000] {processor.py:179} INFO - Processing /opt/airflow/dags/ingest_local_folder_dag.py took 1.140 seconds
[2026-02-12T21:35:14.484+0000] {processor.py:157} INFO - Started process (PID=1404) to work on /opt/airflow/dags/ingest_local_folder_dag.py
[2026-02-12T21:35:14.486+0000] {processor.py:829} INFO - Processing file /opt/airflow/dags/ingest_local_folder_dag.py for tasks to queue
[2026-02-12T21:35:14.489+0000] {logging_mixin.py:151} INFO - [2026-02-12T21:35:14.488+0000] {dagbag.py:539} INFO - Filling up the DagBag from /opt/airflow/dags/ingest_local_folder_dag.py
[2026-02-12T21:35:15.397+0000] {processor.py:839} INFO - DAG(s) dict_keys(['ingestionDAG']) retrieved from /opt/airflow/dags/ingest_local_folder_dag.py
[2026-02-12T21:35:15.475+0000] {logging_mixin.py:151} INFO - [2026-02-12T21:35:15.474+0000] {dag.py:2915} INFO - Sync 1 DAGs
[2026-02-12T21:35:15.527+0000] {logging_mixin.py:151} INFO - [2026-02-12T21:35:15.526+0000] {dag.py:3696} INFO - Setting next_dagrun for ingestionDAG to 2026-02-12T21:34:45.526086+00:00, run_after=2026-02-12T21:35:15.526086+00:00
[2026-02-12T21:35:15.566+0000] {processor.py:179} INFO - Processing /opt/airflow/dags/ingest_local_folder_dag.py took 1.093 seconds
[2026-02-12T21:35:45.791+0000] {processor.py:157} INFO - Started process (PID=1417) to work on /opt/airflow/dags/ingest_local_folder_dag.py
[2026-02-12T21:35:45.794+0000] {processor.py:829} INFO - Processing file /opt/airflow/dags/ingest_local_folder_dag.py for tasks to queue
[2026-02-12T21:35:45.796+0000] {logging_mixin.py:151} INFO - [2026-02-12T21:35:45.795+0000] {dagbag.py:539} INFO - Filling up the DagBag from /opt/airflow/dags/ingest_local_folder_dag.py
[2026-02-12T21:35:46.680+0000] {processor.py:839} INFO - DAG(s) dict_keys(['ingestionDAG']) retrieved from /opt/airflow/dags/ingest_local_folder_dag.py
[2026-02-12T21:35:46.756+0000] {logging_mixin.py:151} INFO - [2026-02-12T21:35:46.756+0000] {dag.py:2915} INFO - Sync 1 DAGs
[2026-02-12T21:35:46.808+0000] {logging_mixin.py:151} INFO - [2026-02-12T21:35:46.808+0000] {dag.py:3696} INFO - Setting next_dagrun for ingestionDAG to 2026-02-12T21:35:16.808051+00:00, run_after=2026-02-12T21:35:46.808051+00:00
[2026-02-12T21:35:46.847+0000] {processor.py:179} INFO - Processing /opt/airflow/dags/ingest_local_folder_dag.py took 1.067 seconds
[2026-02-12T21:36:17.016+0000] {processor.py:157} INFO - Started process (PID=1430) to work on /opt/airflow/dags/ingest_local_folder_dag.py
[2026-02-12T21:36:17.019+0000] {processor.py:829} INFO - Processing file /opt/airflow/dags/ingest_local_folder_dag.py for tasks to queue
[2026-02-12T21:36:17.021+0000] {logging_mixin.py:151} INFO - [2026-02-12T21:36:17.020+0000] {dagbag.py:539} INFO - Filling up the DagBag from /opt/airflow/dags/ingest_local_folder_dag.py
[2026-02-12T21:36:17.935+0000] {processor.py:839} INFO - DAG(s) dict_keys(['ingestionDAG']) retrieved from /opt/airflow/dags/ingest_local_folder_dag.py
[2026-02-12T21:36:18.020+0000] {logging_mixin.py:151} INFO - [2026-02-12T21:36:18.019+0000] {dag.py:2915} INFO - Sync 1 DAGs
[2026-02-12T21:36:18.074+0000] {logging_mixin.py:151} INFO - [2026-02-12T21:36:18.073+0000] {dag.py:3696} INFO - Setting next_dagrun for ingestionDAG to 2026-02-12T21:35:48.073414+00:00, run_after=2026-02-12T21:36:18.073414+00:00
[2026-02-12T21:36:18.125+0000] {processor.py:179} INFO - Processing /opt/airflow/dags/ingest_local_folder_dag.py took 1.118 seconds
[2026-02-12T21:36:48.299+0000] {processor.py:157} INFO - Started process (PID=1443) to work on /opt/airflow/dags/ingest_local_folder_dag.py
[2026-02-12T21:36:48.301+0000] {processor.py:829} INFO - Processing file /opt/airflow/dags/ingest_local_folder_dag.py for tasks to queue
[2026-02-12T21:36:48.303+0000] {logging_mixin.py:151} INFO - [2026-02-12T21:36:48.302+0000] {dagbag.py:539} INFO - Filling up the DagBag from /opt/airflow/dags/ingest_local_folder_dag.py
[2026-02-12T21:36:49.167+0000] {processor.py:839} INFO - DAG(s) dict_keys(['ingestionDAG']) retrieved from /opt/airflow/dags/ingest_local_folder_dag.py
[2026-02-12T21:36:49.243+0000] {logging_mixin.py:151} INFO - [2026-02-12T21:36:49.243+0000] {dag.py:2915} INFO - Sync 1 DAGs
[2026-02-12T21:36:49.298+0000] {logging_mixin.py:151} INFO - [2026-02-12T21:36:49.298+0000] {dag.py:3696} INFO - Setting next_dagrun for ingestionDAG to 2026-02-12T21:36:19.297661+00:00, run_after=2026-02-12T21:36:49.297661+00:00
[2026-02-12T21:36:49.337+0000] {processor.py:179} INFO - Processing /opt/airflow/dags/ingest_local_folder_dag.py took 1.048 seconds
[2026-02-12T21:37:19.562+0000] {processor.py:157} INFO - Started process (PID=1456) to work on /opt/airflow/dags/ingest_local_folder_dag.py
[2026-02-12T21:37:19.563+0000] {processor.py:829} INFO - Processing file /opt/airflow/dags/ingest_local_folder_dag.py for tasks to queue
[2026-02-12T21:37:19.566+0000] {logging_mixin.py:151} INFO - [2026-02-12T21:37:19.565+0000] {dagbag.py:539} INFO - Filling up the DagBag from /opt/airflow/dags/ingest_local_folder_dag.py
[2026-02-12T21:37:20.502+0000] {processor.py:839} INFO - DAG(s) dict_keys(['ingestionDAG']) retrieved from /opt/airflow/dags/ingest_local_folder_dag.py
[2026-02-12T21:37:20.586+0000] {logging_mixin.py:151} INFO - [2026-02-12T21:37:20.585+0000] {dag.py:2915} INFO - Sync 1 DAGs
[2026-02-12T21:37:20.639+0000] {logging_mixin.py:151} INFO - [2026-02-12T21:37:20.638+0000] {dag.py:3696} INFO - Setting next_dagrun for ingestionDAG to 2026-02-12T21:36:50.638175+00:00, run_after=2026-02-12T21:37:20.638175+00:00
[2026-02-12T21:37:20.679+0000] {processor.py:179} INFO - Processing /opt/airflow/dags/ingest_local_folder_dag.py took 1.127 seconds
[2026-02-12T21:37:50.830+0000] {processor.py:157} INFO - Started process (PID=1467) to work on /opt/airflow/dags/ingest_local_folder_dag.py
[2026-02-12T21:37:50.833+0000] {processor.py:829} INFO - Processing file /opt/airflow/dags/ingest_local_folder_dag.py for tasks to queue
[2026-02-12T21:37:50.837+0000] {logging_mixin.py:151} INFO - [2026-02-12T21:37:50.835+0000] {dagbag.py:539} INFO - Filling up the DagBag from /opt/airflow/dags/ingest_local_folder_dag.py
[2026-02-12T21:37:51.738+0000] {processor.py:839} INFO - DAG(s) dict_keys(['ingestionDAG']) retrieved from /opt/airflow/dags/ingest_local_folder_dag.py
[2026-02-12T21:37:51.834+0000] {logging_mixin.py:151} INFO - [2026-02-12T21:37:51.834+0000] {dag.py:2915} INFO - Sync 1 DAGs
[2026-02-12T21:37:51.890+0000] {logging_mixin.py:151} INFO - [2026-02-12T21:37:51.889+0000] {dag.py:3696} INFO - Setting next_dagrun for ingestionDAG to 2026-02-12T21:37:21.889177+00:00, run_after=2026-02-12T21:37:51.889177+00:00
[2026-02-12T21:37:51.938+0000] {processor.py:179} INFO - Processing /opt/airflow/dags/ingest_local_folder_dag.py took 1.117 seconds
[2026-02-12T21:38:22.098+0000] {processor.py:157} INFO - Started process (PID=1476) to work on /opt/airflow/dags/ingest_local_folder_dag.py
[2026-02-12T21:38:22.101+0000] {processor.py:829} INFO - Processing file /opt/airflow/dags/ingest_local_folder_dag.py for tasks to queue
[2026-02-12T21:38:22.103+0000] {logging_mixin.py:151} INFO - [2026-02-12T21:38:22.102+0000] {dagbag.py:539} INFO - Filling up the DagBag from /opt/airflow/dags/ingest_local_folder_dag.py
[2026-02-12T21:38:23.009+0000] {processor.py:839} INFO - DAG(s) dict_keys(['ingestionDAG']) retrieved from /opt/airflow/dags/ingest_local_folder_dag.py
[2026-02-12T21:38:23.086+0000] {logging_mixin.py:151} INFO - [2026-02-12T21:38:23.085+0000] {dag.py:2915} INFO - Sync 1 DAGs
[2026-02-12T21:38:23.138+0000] {logging_mixin.py:151} INFO - [2026-02-12T21:38:23.138+0000] {dag.py:3696} INFO - Setting next_dagrun for ingestionDAG to 2026-02-12T21:37:53.138009+00:00, run_after=2026-02-12T21:38:23.138009+00:00
[2026-02-12T21:38:23.179+0000] {processor.py:179} INFO - Processing /opt/airflow/dags/ingest_local_folder_dag.py took 1.092 seconds
[2026-02-12T21:38:53.352+0000] {processor.py:157} INFO - Started process (PID=1489) to work on /opt/airflow/dags/ingest_local_folder_dag.py
[2026-02-12T21:38:53.355+0000] {processor.py:829} INFO - Processing file /opt/airflow/dags/ingest_local_folder_dag.py for tasks to queue
[2026-02-12T21:38:53.358+0000] {logging_mixin.py:151} INFO - [2026-02-12T21:38:53.356+0000] {dagbag.py:539} INFO - Filling up the DagBag from /opt/airflow/dags/ingest_local_folder_dag.py
[2026-02-12T21:38:54.243+0000] {processor.py:839} INFO - DAG(s) dict_keys(['ingestionDAG']) retrieved from /opt/airflow/dags/ingest_local_folder_dag.py
[2026-02-12T21:38:54.318+0000] {logging_mixin.py:151} INFO - [2026-02-12T21:38:54.318+0000] {dag.py:2915} INFO - Sync 1 DAGs
[2026-02-12T21:38:54.370+0000] {logging_mixin.py:151} INFO - [2026-02-12T21:38:54.370+0000] {dag.py:3696} INFO - Setting next_dagrun for ingestionDAG to 2026-02-12T21:38:24.369619+00:00, run_after=2026-02-12T21:38:54.369619+00:00
[2026-02-12T21:38:54.413+0000] {processor.py:179} INFO - Processing /opt/airflow/dags/ingest_local_folder_dag.py took 1.072 seconds
[2026-02-12T21:39:24.538+0000] {processor.py:157} INFO - Started process (PID=1502) to work on /opt/airflow/dags/ingest_local_folder_dag.py
[2026-02-12T21:39:24.540+0000] {processor.py:829} INFO - Processing file /opt/airflow/dags/ingest_local_folder_dag.py for tasks to queue
[2026-02-12T21:39:24.543+0000] {logging_mixin.py:151} INFO - [2026-02-12T21:39:24.541+0000] {dagbag.py:539} INFO - Filling up the DagBag from /opt/airflow/dags/ingest_local_folder_dag.py
[2026-02-12T21:39:25.418+0000] {processor.py:839} INFO - DAG(s) dict_keys(['ingestionDAG']) retrieved from /opt/airflow/dags/ingest_local_folder_dag.py
[2026-02-12T21:39:25.494+0000] {logging_mixin.py:151} INFO - [2026-02-12T21:39:25.494+0000] {dag.py:2915} INFO - Sync 1 DAGs
[2026-02-12T21:39:25.548+0000] {logging_mixin.py:151} INFO - [2026-02-12T21:39:25.548+0000] {dag.py:3696} INFO - Setting next_dagrun for ingestionDAG to 2026-02-12T21:38:55.547680+00:00, run_after=2026-02-12T21:39:25.547680+00:00
[2026-02-12T21:39:25.588+0000] {processor.py:179} INFO - Processing /opt/airflow/dags/ingest_local_folder_dag.py took 1.059 seconds
[2026-02-12T21:39:55.769+0000] {processor.py:157} INFO - Started process (PID=1515) to work on /opt/airflow/dags/ingest_local_folder_dag.py
[2026-02-12T21:39:55.771+0000] {processor.py:829} INFO - Processing file /opt/airflow/dags/ingest_local_folder_dag.py for tasks to queue
[2026-02-12T21:39:55.773+0000] {logging_mixin.py:151} INFO - [2026-02-12T21:39:55.772+0000] {dagbag.py:539} INFO - Filling up the DagBag from /opt/airflow/dags/ingest_local_folder_dag.py
[2026-02-12T21:39:56.672+0000] {processor.py:839} INFO - DAG(s) dict_keys(['ingestionDAG']) retrieved from /opt/airflow/dags/ingest_local_folder_dag.py
[2026-02-12T21:39:56.750+0000] {logging_mixin.py:151} INFO - [2026-02-12T21:39:56.749+0000] {dag.py:2915} INFO - Sync 1 DAGs
[2026-02-12T21:39:56.801+0000] {logging_mixin.py:151} INFO - [2026-02-12T21:39:56.801+0000] {dag.py:3696} INFO - Setting next_dagrun for ingestionDAG to 2026-02-12T21:39:26.800973+00:00, run_after=2026-02-12T21:39:56.800973+00:00
[2026-02-12T21:39:56.841+0000] {processor.py:179} INFO - Processing /opt/airflow/dags/ingest_local_folder_dag.py took 1.082 seconds
[2026-02-12T21:40:27.035+0000] {processor.py:157} INFO - Started process (PID=1528) to work on /opt/airflow/dags/ingest_local_folder_dag.py
[2026-02-12T21:40:27.038+0000] {processor.py:829} INFO - Processing file /opt/airflow/dags/ingest_local_folder_dag.py for tasks to queue
[2026-02-12T21:40:27.040+0000] {logging_mixin.py:151} INFO - [2026-02-12T21:40:27.039+0000] {dagbag.py:539} INFO - Filling up the DagBag from /opt/airflow/dags/ingest_local_folder_dag.py
[2026-02-12T21:40:27.935+0000] {processor.py:839} INFO - DAG(s) dict_keys(['ingestionDAG']) retrieved from /opt/airflow/dags/ingest_local_folder_dag.py
[2026-02-12T21:40:28.015+0000] {logging_mixin.py:151} INFO - [2026-02-12T21:40:28.014+0000] {dag.py:2915} INFO - Sync 1 DAGs
[2026-02-12T21:40:28.073+0000] {logging_mixin.py:151} INFO - [2026-02-12T21:40:28.073+0000] {dag.py:3696} INFO - Setting next_dagrun for ingestionDAG to 2026-02-12T21:39:58.072697+00:00, run_after=2026-02-12T21:40:28.072697+00:00
[2026-02-12T21:40:28.118+0000] {processor.py:179} INFO - Processing /opt/airflow/dags/ingest_local_folder_dag.py took 1.092 seconds
[2026-02-12T21:40:58.276+0000] {processor.py:157} INFO - Started process (PID=1541) to work on /opt/airflow/dags/ingest_local_folder_dag.py
[2026-02-12T21:40:58.279+0000] {processor.py:829} INFO - Processing file /opt/airflow/dags/ingest_local_folder_dag.py for tasks to queue
[2026-02-12T21:40:58.282+0000] {logging_mixin.py:151} INFO - [2026-02-12T21:40:58.280+0000] {dagbag.py:539} INFO - Filling up the DagBag from /opt/airflow/dags/ingest_local_folder_dag.py
[2026-02-12T21:40:59.186+0000] {processor.py:839} INFO - DAG(s) dict_keys(['ingestionDAG']) retrieved from /opt/airflow/dags/ingest_local_folder_dag.py
[2026-02-12T21:40:59.262+0000] {logging_mixin.py:151} INFO - [2026-02-12T21:40:59.262+0000] {dag.py:2915} INFO - Sync 1 DAGs
[2026-02-12T21:40:59.314+0000] {logging_mixin.py:151} INFO - [2026-02-12T21:40:59.313+0000] {dag.py:3696} INFO - Setting next_dagrun for ingestionDAG to 2026-02-12T21:40:29.313515+00:00, run_after=2026-02-12T21:40:59.313515+00:00
[2026-02-12T21:40:59.354+0000] {processor.py:179} INFO - Processing /opt/airflow/dags/ingest_local_folder_dag.py took 1.088 seconds
[2026-02-12T21:41:29.571+0000] {processor.py:157} INFO - Started process (PID=1554) to work on /opt/airflow/dags/ingest_local_folder_dag.py
[2026-02-12T21:41:29.574+0000] {processor.py:829} INFO - Processing file /opt/airflow/dags/ingest_local_folder_dag.py for tasks to queue
[2026-02-12T21:41:29.576+0000] {logging_mixin.py:151} INFO - [2026-02-12T21:41:29.575+0000] {dagbag.py:539} INFO - Filling up the DagBag from /opt/airflow/dags/ingest_local_folder_dag.py
[2026-02-12T21:41:30.513+0000] {processor.py:839} INFO - DAG(s) dict_keys(['ingestionDAG']) retrieved from /opt/airflow/dags/ingest_local_folder_dag.py
[2026-02-12T21:41:30.590+0000] {logging_mixin.py:151} INFO - [2026-02-12T21:41:30.590+0000] {dag.py:2915} INFO - Sync 1 DAGs
[2026-02-12T21:41:30.646+0000] {logging_mixin.py:151} INFO - [2026-02-12T21:41:30.645+0000] {dag.py:3696} INFO - Setting next_dagrun for ingestionDAG to 2026-02-12T21:41:00.645418+00:00, run_after=2026-02-12T21:41:30.645418+00:00
[2026-02-12T21:41:30.696+0000] {processor.py:179} INFO - Processing /opt/airflow/dags/ingest_local_folder_dag.py took 1.134 seconds
[2026-02-12T21:42:00.957+0000] {processor.py:157} INFO - Started process (PID=1567) to work on /opt/airflow/dags/ingest_local_folder_dag.py
[2026-02-12T21:42:00.959+0000] {processor.py:829} INFO - Processing file /opt/airflow/dags/ingest_local_folder_dag.py for tasks to queue
[2026-02-12T21:42:00.961+0000] {logging_mixin.py:151} INFO - [2026-02-12T21:42:00.960+0000] {dagbag.py:539} INFO - Filling up the DagBag from /opt/airflow/dags/ingest_local_folder_dag.py
[2026-02-12T21:42:01.823+0000] {processor.py:839} INFO - DAG(s) dict_keys(['ingestionDAG']) retrieved from /opt/airflow/dags/ingest_local_folder_dag.py
[2026-02-12T21:42:01.916+0000] {logging_mixin.py:151} INFO - [2026-02-12T21:42:01.916+0000] {dag.py:2915} INFO - Sync 1 DAGs
[2026-02-12T21:42:01.984+0000] {logging_mixin.py:151} INFO - [2026-02-12T21:42:01.984+0000] {dag.py:3696} INFO - Setting next_dagrun for ingestionDAG to 2026-02-12T21:41:31.983546+00:00, run_after=2026-02-12T21:42:01.983546+00:00
[2026-02-12T21:42:02.034+0000] {processor.py:179} INFO - Processing /opt/airflow/dags/ingest_local_folder_dag.py took 1.087 seconds
[2026-02-12T21:42:32.190+0000] {processor.py:157} INFO - Started process (PID=1580) to work on /opt/airflow/dags/ingest_local_folder_dag.py
[2026-02-12T21:42:32.193+0000] {processor.py:829} INFO - Processing file /opt/airflow/dags/ingest_local_folder_dag.py for tasks to queue
[2026-02-12T21:42:32.195+0000] {logging_mixin.py:151} INFO - [2026-02-12T21:42:32.194+0000] {dagbag.py:539} INFO - Filling up the DagBag from /opt/airflow/dags/ingest_local_folder_dag.py
[2026-02-12T21:42:33.103+0000] {processor.py:839} INFO - DAG(s) dict_keys(['ingestionDAG']) retrieved from /opt/airflow/dags/ingest_local_folder_dag.py
[2026-02-12T21:42:33.181+0000] {logging_mixin.py:151} INFO - [2026-02-12T21:42:33.181+0000] {dag.py:2915} INFO - Sync 1 DAGs
[2026-02-12T21:42:33.233+0000] {logging_mixin.py:151} INFO - [2026-02-12T21:42:33.232+0000] {dag.py:3696} INFO - Setting next_dagrun for ingestionDAG to 2026-02-12T21:42:03.232389+00:00, run_after=2026-02-12T21:42:33.232389+00:00
[2026-02-12T21:42:33.272+0000] {processor.py:179} INFO - Processing /opt/airflow/dags/ingest_local_folder_dag.py took 1.093 seconds
[2026-02-12T21:43:03.549+0000] {processor.py:157} INFO - Started process (PID=1593) to work on /opt/airflow/dags/ingest_local_folder_dag.py
[2026-02-12T21:43:03.551+0000] {processor.py:829} INFO - Processing file /opt/airflow/dags/ingest_local_folder_dag.py for tasks to queue
[2026-02-12T21:43:03.554+0000] {logging_mixin.py:151} INFO - [2026-02-12T21:43:03.553+0000] {dagbag.py:539} INFO - Filling up the DagBag from /opt/airflow/dags/ingest_local_folder_dag.py
[2026-02-12T21:43:04.466+0000] {processor.py:839} INFO - DAG(s) dict_keys(['ingestionDAG']) retrieved from /opt/airflow/dags/ingest_local_folder_dag.py
[2026-02-12T21:43:04.544+0000] {logging_mixin.py:151} INFO - [2026-02-12T21:43:04.543+0000] {dag.py:2915} INFO - Sync 1 DAGs
[2026-02-12T21:43:04.596+0000] {logging_mixin.py:151} INFO - [2026-02-12T21:43:04.595+0000] {dag.py:3696} INFO - Setting next_dagrun for ingestionDAG to 2026-02-12T21:42:34.595191+00:00, run_after=2026-02-12T21:43:04.595191+00:00
[2026-02-12T21:43:04.640+0000] {processor.py:179} INFO - Processing /opt/airflow/dags/ingest_local_folder_dag.py took 1.101 seconds
[2026-02-12T21:43:34.866+0000] {processor.py:157} INFO - Started process (PID=1606) to work on /opt/airflow/dags/ingest_local_folder_dag.py
[2026-02-12T21:43:34.869+0000] {processor.py:829} INFO - Processing file /opt/airflow/dags/ingest_local_folder_dag.py for tasks to queue
[2026-02-12T21:43:34.872+0000] {logging_mixin.py:151} INFO - [2026-02-12T21:43:34.870+0000] {dagbag.py:539} INFO - Filling up the DagBag from /opt/airflow/dags/ingest_local_folder_dag.py
[2026-02-12T21:43:35.464+0000] {processor.py:839} INFO - DAG(s) dict_keys(['ingestionDAG']) retrieved from /opt/airflow/dags/ingest_local_folder_dag.py
[2026-02-12T21:43:35.558+0000] {logging_mixin.py:151} INFO - [2026-02-12T21:43:35.558+0000] {dag.py:2915} INFO - Sync 1 DAGs
[2026-02-12T21:43:35.621+0000] {logging_mixin.py:151} INFO - [2026-02-12T21:43:35.621+0000] {dag.py:3696} INFO - Setting next_dagrun for ingestionDAG to 2026-02-12T21:43:05.620425+00:00, run_after=2026-02-12T21:43:35.620425+00:00
[2026-02-12T21:43:35.667+0000] {processor.py:179} INFO - Processing /opt/airflow/dags/ingest_local_folder_dag.py took 0.812 seconds
[2026-02-12T21:44:06.341+0000] {processor.py:157} INFO - Started process (PID=1619) to work on /opt/airflow/dags/ingest_local_folder_dag.py
[2026-02-12T21:44:06.344+0000] {processor.py:829} INFO - Processing file /opt/airflow/dags/ingest_local_folder_dag.py for tasks to queue
[2026-02-12T21:44:06.347+0000] {logging_mixin.py:151} INFO - [2026-02-12T21:44:06.345+0000] {dagbag.py:539} INFO - Filling up the DagBag from /opt/airflow/dags/ingest_local_folder_dag.py
[2026-02-12T21:44:06.936+0000] {processor.py:839} INFO - DAG(s) dict_keys(['ingestionDAG']) retrieved from /opt/airflow/dags/ingest_local_folder_dag.py
[2026-02-12T21:44:07.023+0000] {logging_mixin.py:151} INFO - [2026-02-12T21:44:07.022+0000] {dag.py:2915} INFO - Sync 1 DAGs
[2026-02-12T21:44:07.085+0000] {logging_mixin.py:151} INFO - [2026-02-12T21:44:07.085+0000] {dag.py:3696} INFO - Setting next_dagrun for ingestionDAG to 2026-02-12T21:43:37.084456+00:00, run_after=2026-02-12T21:44:07.084456+00:00
[2026-02-12T21:44:07.130+0000] {processor.py:179} INFO - Processing /opt/airflow/dags/ingest_local_folder_dag.py took 0.801 seconds
[2026-02-12T21:44:37.401+0000] {processor.py:157} INFO - Started process (PID=1632) to work on /opt/airflow/dags/ingest_local_folder_dag.py
[2026-02-12T21:44:37.403+0000] {processor.py:829} INFO - Processing file /opt/airflow/dags/ingest_local_folder_dag.py for tasks to queue
[2026-02-12T21:44:37.406+0000] {logging_mixin.py:151} INFO - [2026-02-12T21:44:37.405+0000] {dagbag.py:539} INFO - Filling up the DagBag from /opt/airflow/dags/ingest_local_folder_dag.py
[2026-02-12T21:44:38.004+0000] {processor.py:839} INFO - DAG(s) dict_keys(['ingestionDAG']) retrieved from /opt/airflow/dags/ingest_local_folder_dag.py
[2026-02-12T21:44:38.102+0000] {logging_mixin.py:151} INFO - [2026-02-12T21:44:38.102+0000] {dag.py:2915} INFO - Sync 1 DAGs
[2026-02-12T21:44:38.167+0000] {logging_mixin.py:151} INFO - [2026-02-12T21:44:38.167+0000] {dag.py:3696} INFO - Setting next_dagrun for ingestionDAG to 2026-02-12T21:44:08.166412+00:00, run_after=2026-02-12T21:44:38.166412+00:00
[2026-02-12T21:44:38.211+0000] {processor.py:179} INFO - Processing /opt/airflow/dags/ingest_local_folder_dag.py took 0.823 seconds
[2026-02-12T21:45:08.464+0000] {processor.py:157} INFO - Started process (PID=1645) to work on /opt/airflow/dags/ingest_local_folder_dag.py
[2026-02-12T21:45:08.466+0000] {processor.py:829} INFO - Processing file /opt/airflow/dags/ingest_local_folder_dag.py for tasks to queue
[2026-02-12T21:45:08.472+0000] {logging_mixin.py:151} INFO - [2026-02-12T21:45:08.467+0000] {dagbag.py:539} INFO - Filling up the DagBag from /opt/airflow/dags/ingest_local_folder_dag.py
[2026-02-12T21:45:09.069+0000] {processor.py:839} INFO - DAG(s) dict_keys(['ingestionDAG']) retrieved from /opt/airflow/dags/ingest_local_folder_dag.py
[2026-02-12T21:45:09.166+0000] {logging_mixin.py:151} INFO - [2026-02-12T21:45:09.166+0000] {dag.py:2915} INFO - Sync 1 DAGs
[2026-02-12T21:45:09.230+0000] {logging_mixin.py:151} INFO - [2026-02-12T21:45:09.230+0000] {dag.py:3696} INFO - Setting next_dagrun for ingestionDAG to 2026-02-12T21:44:39.229806+00:00, run_after=2026-02-12T21:45:09.229806+00:00
[2026-02-12T21:45:09.281+0000] {processor.py:179} INFO - Processing /opt/airflow/dags/ingest_local_folder_dag.py took 0.828 seconds
[2026-02-12T21:45:39.548+0000] {processor.py:157} INFO - Started process (PID=1658) to work on /opt/airflow/dags/ingest_local_folder_dag.py
[2026-02-12T21:45:39.550+0000] {processor.py:829} INFO - Processing file /opt/airflow/dags/ingest_local_folder_dag.py for tasks to queue
[2026-02-12T21:45:39.554+0000] {logging_mixin.py:151} INFO - [2026-02-12T21:45:39.552+0000] {dagbag.py:539} INFO - Filling up the DagBag from /opt/airflow/dags/ingest_local_folder_dag.py
[2026-02-12T21:45:40.137+0000] {processor.py:839} INFO - DAG(s) dict_keys(['ingestionDAG']) retrieved from /opt/airflow/dags/ingest_local_folder_dag.py
[2026-02-12T21:45:40.225+0000] {logging_mixin.py:151} INFO - [2026-02-12T21:45:40.224+0000] {dag.py:2915} INFO - Sync 1 DAGs
[2026-02-12T21:45:40.283+0000] {logging_mixin.py:151} INFO - [2026-02-12T21:45:40.283+0000] {dag.py:3696} INFO - Setting next_dagrun for ingestionDAG to 2026-02-12T21:45:10.282532+00:00, run_after=2026-02-12T21:45:40.282532+00:00
[2026-02-12T21:45:40.328+0000] {processor.py:179} INFO - Processing /opt/airflow/dags/ingest_local_folder_dag.py took 0.792 seconds
[2026-02-12T21:46:10.984+0000] {processor.py:157} INFO - Started process (PID=1671) to work on /opt/airflow/dags/ingest_local_folder_dag.py
[2026-02-12T21:46:10.987+0000] {processor.py:829} INFO - Processing file /opt/airflow/dags/ingest_local_folder_dag.py for tasks to queue
[2026-02-12T21:46:10.989+0000] {logging_mixin.py:151} INFO - [2026-02-12T21:46:10.988+0000] {dagbag.py:539} INFO - Filling up the DagBag from /opt/airflow/dags/ingest_local_folder_dag.py
[2026-02-12T21:46:11.555+0000] {processor.py:839} INFO - DAG(s) dict_keys(['ingestionDAG']) retrieved from /opt/airflow/dags/ingest_local_folder_dag.py
[2026-02-12T21:46:11.649+0000] {logging_mixin.py:151} INFO - [2026-02-12T21:46:11.648+0000] {dag.py:2915} INFO - Sync 1 DAGs
[2026-02-12T21:46:11.714+0000] {logging_mixin.py:151} INFO - [2026-02-12T21:46:11.714+0000] {dag.py:3696} INFO - Setting next_dagrun for ingestionDAG to 2026-02-12T21:45:41.713326+00:00, run_after=2026-02-12T21:46:11.713326+00:00
[2026-02-12T21:46:11.762+0000] {processor.py:179} INFO - Processing /opt/airflow/dags/ingest_local_folder_dag.py took 0.788 seconds
[2026-02-12T21:46:42.043+0000] {processor.py:157} INFO - Started process (PID=1684) to work on /opt/airflow/dags/ingest_local_folder_dag.py
[2026-02-12T21:46:42.046+0000] {processor.py:829} INFO - Processing file /opt/airflow/dags/ingest_local_folder_dag.py for tasks to queue
[2026-02-12T21:46:42.048+0000] {logging_mixin.py:151} INFO - [2026-02-12T21:46:42.047+0000] {dagbag.py:539} INFO - Filling up the DagBag from /opt/airflow/dags/ingest_local_folder_dag.py
[2026-02-12T21:46:42.626+0000] {processor.py:839} INFO - DAG(s) dict_keys(['ingestionDAG']) retrieved from /opt/airflow/dags/ingest_local_folder_dag.py
[2026-02-12T21:46:42.723+0000] {logging_mixin.py:151} INFO - [2026-02-12T21:46:42.722+0000] {dag.py:2915} INFO - Sync 1 DAGs
[2026-02-12T21:46:42.781+0000] {logging_mixin.py:151} INFO - [2026-02-12T21:46:42.781+0000] {dag.py:3696} INFO - Setting next_dagrun for ingestionDAG to 2026-02-12T21:46:12.780653+00:00, run_after=2026-02-12T21:46:42.780653+00:00
[2026-02-12T21:46:42.823+0000] {processor.py:179} INFO - Processing /opt/airflow/dags/ingest_local_folder_dag.py took 0.792 seconds
[2026-02-12T21:47:13.090+0000] {processor.py:157} INFO - Started process (PID=1697) to work on /opt/airflow/dags/ingest_local_folder_dag.py
[2026-02-12T21:47:13.093+0000] {processor.py:829} INFO - Processing file /opt/airflow/dags/ingest_local_folder_dag.py for tasks to queue
[2026-02-12T21:47:13.096+0000] {logging_mixin.py:151} INFO - [2026-02-12T21:47:13.094+0000] {dagbag.py:539} INFO - Filling up the DagBag from /opt/airflow/dags/ingest_local_folder_dag.py
[2026-02-12T21:47:13.652+0000] {processor.py:839} INFO - DAG(s) dict_keys(['ingestionDAG']) retrieved from /opt/airflow/dags/ingest_local_folder_dag.py
[2026-02-12T21:47:13.744+0000] {logging_mixin.py:151} INFO - [2026-02-12T21:47:13.743+0000] {dag.py:2915} INFO - Sync 1 DAGs
[2026-02-12T21:47:13.802+0000] {logging_mixin.py:151} INFO - [2026-02-12T21:47:13.802+0000] {dag.py:3696} INFO - Setting next_dagrun for ingestionDAG to 2026-02-12T21:46:43.801584+00:00, run_after=2026-02-12T21:47:13.801584+00:00
[2026-02-12T21:47:13.843+0000] {processor.py:179} INFO - Processing /opt/airflow/dags/ingest_local_folder_dag.py took 0.764 seconds
[2026-02-12T21:47:44.106+0000] {processor.py:157} INFO - Started process (PID=1710) to work on /opt/airflow/dags/ingest_local_folder_dag.py
[2026-02-12T21:47:44.108+0000] {processor.py:829} INFO - Processing file /opt/airflow/dags/ingest_local_folder_dag.py for tasks to queue
[2026-02-12T21:47:44.111+0000] {logging_mixin.py:151} INFO - [2026-02-12T21:47:44.110+0000] {dagbag.py:539} INFO - Filling up the DagBag from /opt/airflow/dags/ingest_local_folder_dag.py
[2026-02-12T21:47:44.698+0000] {processor.py:839} INFO - DAG(s) dict_keys(['ingestionDAG']) retrieved from /opt/airflow/dags/ingest_local_folder_dag.py
[2026-02-12T21:47:44.794+0000] {logging_mixin.py:151} INFO - [2026-02-12T21:47:44.794+0000] {dag.py:2915} INFO - Sync 1 DAGs
[2026-02-12T21:47:44.853+0000] {logging_mixin.py:151} INFO - [2026-02-12T21:47:44.852+0000] {dag.py:3696} INFO - Setting next_dagrun for ingestionDAG to 2026-02-12T21:47:14.851929+00:00, run_after=2026-02-12T21:47:44.851929+00:00
[2026-02-12T21:47:44.893+0000] {processor.py:179} INFO - Processing /opt/airflow/dags/ingest_local_folder_dag.py took 0.798 seconds
[2026-02-12T21:48:15.323+0000] {processor.py:157} INFO - Started process (PID=1723) to work on /opt/airflow/dags/ingest_local_folder_dag.py
[2026-02-12T21:48:15.326+0000] {processor.py:829} INFO - Processing file /opt/airflow/dags/ingest_local_folder_dag.py for tasks to queue
[2026-02-12T21:48:15.329+0000] {logging_mixin.py:151} INFO - [2026-02-12T21:48:15.328+0000] {dagbag.py:539} INFO - Filling up the DagBag from /opt/airflow/dags/ingest_local_folder_dag.py
[2026-02-12T21:48:15.949+0000] {processor.py:839} INFO - DAG(s) dict_keys(['ingestionDAG']) retrieved from /opt/airflow/dags/ingest_local_folder_dag.py
[2026-02-12T21:48:16.039+0000] {logging_mixin.py:151} INFO - [2026-02-12T21:48:16.039+0000] {dag.py:2915} INFO - Sync 1 DAGs
[2026-02-12T21:48:16.102+0000] {logging_mixin.py:151} INFO - [2026-02-12T21:48:16.102+0000] {dag.py:3696} INFO - Setting next_dagrun for ingestionDAG to 2026-02-12T21:47:46.101687+00:00, run_after=2026-02-12T21:48:16.101687+00:00
[2026-02-12T21:48:16.146+0000] {processor.py:179} INFO - Processing /opt/airflow/dags/ingest_local_folder_dag.py took 0.834 seconds
[2026-02-12T21:48:46.408+0000] {processor.py:157} INFO - Started process (PID=1736) to work on /opt/airflow/dags/ingest_local_folder_dag.py
[2026-02-12T21:48:46.410+0000] {processor.py:829} INFO - Processing file /opt/airflow/dags/ingest_local_folder_dag.py for tasks to queue
[2026-02-12T21:48:46.412+0000] {logging_mixin.py:151} INFO - [2026-02-12T21:48:46.411+0000] {dagbag.py:539} INFO - Filling up the DagBag from /opt/airflow/dags/ingest_local_folder_dag.py
[2026-02-12T21:48:46.975+0000] {processor.py:839} INFO - DAG(s) dict_keys(['ingestionDAG']) retrieved from /opt/airflow/dags/ingest_local_folder_dag.py
[2026-02-12T21:48:47.063+0000] {logging_mixin.py:151} INFO - [2026-02-12T21:48:47.062+0000] {dag.py:2915} INFO - Sync 1 DAGs
[2026-02-12T21:48:47.121+0000] {logging_mixin.py:151} INFO - [2026-02-12T21:48:47.120+0000] {dag.py:3696} INFO - Setting next_dagrun for ingestionDAG to 2026-02-12T21:48:17.120221+00:00, run_after=2026-02-12T21:48:47.120221+00:00
[2026-02-12T21:48:47.165+0000] {processor.py:179} INFO - Processing /opt/airflow/dags/ingest_local_folder_dag.py took 0.770 seconds
[2026-02-12T21:49:17.417+0000] {processor.py:157} INFO - Started process (PID=1749) to work on /opt/airflow/dags/ingest_local_folder_dag.py
[2026-02-12T21:49:17.419+0000] {processor.py:829} INFO - Processing file /opt/airflow/dags/ingest_local_folder_dag.py for tasks to queue
[2026-02-12T21:49:17.422+0000] {logging_mixin.py:151} INFO - [2026-02-12T21:49:17.420+0000] {dagbag.py:539} INFO - Filling up the DagBag from /opt/airflow/dags/ingest_local_folder_dag.py
[2026-02-12T21:49:17.971+0000] {processor.py:839} INFO - DAG(s) dict_keys(['ingestionDAG']) retrieved from /opt/airflow/dags/ingest_local_folder_dag.py
[2026-02-12T21:49:18.058+0000] {logging_mixin.py:151} INFO - [2026-02-12T21:49:18.057+0000] {dag.py:2915} INFO - Sync 1 DAGs
[2026-02-12T21:49:18.118+0000] {logging_mixin.py:151} INFO - [2026-02-12T21:49:18.118+0000] {dag.py:3696} INFO - Setting next_dagrun for ingestionDAG to 2026-02-12T21:48:48.117394+00:00, run_after=2026-02-12T21:49:18.117394+00:00
[2026-02-12T21:49:18.160+0000] {processor.py:179} INFO - Processing /opt/airflow/dags/ingest_local_folder_dag.py took 0.754 seconds
[2026-02-12T21:49:48.419+0000] {processor.py:157} INFO - Started process (PID=1762) to work on /opt/airflow/dags/ingest_local_folder_dag.py
[2026-02-12T21:49:48.421+0000] {processor.py:829} INFO - Processing file /opt/airflow/dags/ingest_local_folder_dag.py for tasks to queue
[2026-02-12T21:49:48.424+0000] {logging_mixin.py:151} INFO - [2026-02-12T21:49:48.422+0000] {dagbag.py:539} INFO - Filling up the DagBag from /opt/airflow/dags/ingest_local_folder_dag.py
[2026-02-12T21:49:48.980+0000] {processor.py:839} INFO - DAG(s) dict_keys(['ingestionDAG']) retrieved from /opt/airflow/dags/ingest_local_folder_dag.py
[2026-02-12T21:49:49.069+0000] {logging_mixin.py:151} INFO - [2026-02-12T21:49:49.069+0000] {dag.py:2915} INFO - Sync 1 DAGs
[2026-02-12T21:49:49.127+0000] {logging_mixin.py:151} INFO - [2026-02-12T21:49:49.127+0000] {dag.py:3696} INFO - Setting next_dagrun for ingestionDAG to 2026-02-12T21:49:19.126681+00:00, run_after=2026-02-12T21:49:49.126681+00:00
[2026-02-12T21:49:49.170+0000] {processor.py:179} INFO - Processing /opt/airflow/dags/ingest_local_folder_dag.py took 0.763 seconds
[2026-02-12T21:50:19.471+0000] {processor.py:157} INFO - Started process (PID=1775) to work on /opt/airflow/dags/ingest_local_folder_dag.py
[2026-02-12T21:50:19.475+0000] {processor.py:829} INFO - Processing file /opt/airflow/dags/ingest_local_folder_dag.py for tasks to queue
[2026-02-12T21:50:19.478+0000] {logging_mixin.py:151} INFO - [2026-02-12T21:50:19.477+0000] {dagbag.py:539} INFO - Filling up the DagBag from /opt/airflow/dags/ingest_local_folder_dag.py
[2026-02-12T21:50:20.060+0000] {processor.py:839} INFO - DAG(s) dict_keys(['ingestionDAG']) retrieved from /opt/airflow/dags/ingest_local_folder_dag.py
[2026-02-12T21:50:20.157+0000] {logging_mixin.py:151} INFO - [2026-02-12T21:50:20.156+0000] {dag.py:2915} INFO - Sync 1 DAGs
[2026-02-12T21:50:20.227+0000] {logging_mixin.py:151} INFO - [2026-02-12T21:50:20.226+0000] {dag.py:3696} INFO - Setting next_dagrun for ingestionDAG to 2026-02-12T21:49:50.225803+00:00, run_after=2026-02-12T21:50:20.225803+00:00
[2026-02-12T21:50:20.277+0000] {processor.py:179} INFO - Processing /opt/airflow/dags/ingest_local_folder_dag.py took 0.817 seconds
[2026-02-12T21:50:50.538+0000] {processor.py:157} INFO - Started process (PID=1788) to work on /opt/airflow/dags/ingest_local_folder_dag.py
[2026-02-12T21:50:50.540+0000] {processor.py:829} INFO - Processing file /opt/airflow/dags/ingest_local_folder_dag.py for tasks to queue
[2026-02-12T21:50:50.542+0000] {logging_mixin.py:151} INFO - [2026-02-12T21:50:50.541+0000] {dagbag.py:539} INFO - Filling up the DagBag from /opt/airflow/dags/ingest_local_folder_dag.py
[2026-02-12T21:50:51.092+0000] {processor.py:839} INFO - DAG(s) dict_keys(['ingestionDAG']) retrieved from /opt/airflow/dags/ingest_local_folder_dag.py
[2026-02-12T21:50:51.179+0000] {logging_mixin.py:151} INFO - [2026-02-12T21:50:51.178+0000] {dag.py:2915} INFO - Sync 1 DAGs
[2026-02-12T21:50:51.240+0000] {logging_mixin.py:151} INFO - [2026-02-12T21:50:51.239+0000] {dag.py:3696} INFO - Setting next_dagrun for ingestionDAG to 2026-02-12T21:50:21.239250+00:00, run_after=2026-02-12T21:50:51.239250+00:00
[2026-02-12T21:50:51.289+0000] {processor.py:179} INFO - Processing /opt/airflow/dags/ingest_local_folder_dag.py took 0.762 seconds
[2026-02-12T21:51:21.553+0000] {processor.py:157} INFO - Started process (PID=1801) to work on /opt/airflow/dags/ingest_local_folder_dag.py
[2026-02-12T21:51:21.556+0000] {processor.py:829} INFO - Processing file /opt/airflow/dags/ingest_local_folder_dag.py for tasks to queue
[2026-02-12T21:51:21.558+0000] {logging_mixin.py:151} INFO - [2026-02-12T21:51:21.557+0000] {dagbag.py:539} INFO - Filling up the DagBag from /opt/airflow/dags/ingest_local_folder_dag.py
[2026-02-12T21:51:22.146+0000] {processor.py:839} INFO - DAG(s) dict_keys(['ingestionDAG']) retrieved from /opt/airflow/dags/ingest_local_folder_dag.py
[2026-02-12T21:51:22.244+0000] {logging_mixin.py:151} INFO - [2026-02-12T21:51:22.244+0000] {dag.py:2915} INFO - Sync 1 DAGs
[2026-02-12T21:51:22.311+0000] {logging_mixin.py:151} INFO - [2026-02-12T21:51:22.311+0000] {dag.py:3696} INFO - Setting next_dagrun for ingestionDAG to 2026-02-12T21:50:52.310583+00:00, run_after=2026-02-12T21:51:22.310583+00:00
[2026-02-12T21:51:22.365+0000] {processor.py:179} INFO - Processing /opt/airflow/dags/ingest_local_folder_dag.py took 0.823 seconds
[2026-02-12T21:51:52.639+0000] {processor.py:157} INFO - Started process (PID=1814) to work on /opt/airflow/dags/ingest_local_folder_dag.py
[2026-02-12T21:51:52.641+0000] {processor.py:829} INFO - Processing file /opt/airflow/dags/ingest_local_folder_dag.py for tasks to queue
[2026-02-12T21:51:52.644+0000] {logging_mixin.py:151} INFO - [2026-02-12T21:51:52.642+0000] {dagbag.py:539} INFO - Filling up the DagBag from /opt/airflow/dags/ingest_local_folder_dag.py
[2026-02-12T21:51:53.232+0000] {processor.py:839} INFO - DAG(s) dict_keys(['ingestionDAG']) retrieved from /opt/airflow/dags/ingest_local_folder_dag.py
[2026-02-12T21:51:53.322+0000] {logging_mixin.py:151} INFO - [2026-02-12T21:51:53.321+0000] {dag.py:2915} INFO - Sync 1 DAGs
[2026-02-12T21:51:53.382+0000] {logging_mixin.py:151} INFO - [2026-02-12T21:51:53.381+0000] {dag.py:3696} INFO - Setting next_dagrun for ingestionDAG to 2026-02-12T21:51:23.381026+00:00, run_after=2026-02-12T21:51:53.381026+00:00
[2026-02-12T21:51:53.424+0000] {processor.py:179} INFO - Processing /opt/airflow/dags/ingest_local_folder_dag.py took 0.797 seconds
[2026-02-12T21:52:23.708+0000] {processor.py:157} INFO - Started process (PID=1827) to work on /opt/airflow/dags/ingest_local_folder_dag.py
[2026-02-12T21:52:23.714+0000] {processor.py:829} INFO - Processing file /opt/airflow/dags/ingest_local_folder_dag.py for tasks to queue
[2026-02-12T21:52:23.719+0000] {logging_mixin.py:151} INFO - [2026-02-12T21:52:23.716+0000] {dagbag.py:539} INFO - Filling up the DagBag from /opt/airflow/dags/ingest_local_folder_dag.py
[2026-02-12T21:52:24.341+0000] {processor.py:839} INFO - DAG(s) dict_keys(['ingestionDAG']) retrieved from /opt/airflow/dags/ingest_local_folder_dag.py
[2026-02-12T21:52:24.433+0000] {logging_mixin.py:151} INFO - [2026-02-12T21:52:24.432+0000] {dag.py:2915} INFO - Sync 1 DAGs
[2026-02-12T21:52:24.492+0000] {logging_mixin.py:151} INFO - [2026-02-12T21:52:24.492+0000] {dag.py:3696} INFO - Setting next_dagrun for ingestionDAG to 2026-02-12T21:51:54.491555+00:00, run_after=2026-02-12T21:52:24.491555+00:00
[2026-02-12T21:52:24.535+0000] {processor.py:179} INFO - Processing /opt/airflow/dags/ingest_local_folder_dag.py took 0.853 seconds
[2026-02-12T21:52:54.816+0000] {processor.py:157} INFO - Started process (PID=1840) to work on /opt/airflow/dags/ingest_local_folder_dag.py
[2026-02-12T21:52:54.818+0000] {processor.py:829} INFO - Processing file /opt/airflow/dags/ingest_local_folder_dag.py for tasks to queue
[2026-02-12T21:52:54.821+0000] {logging_mixin.py:151} INFO - [2026-02-12T21:52:54.820+0000] {dagbag.py:539} INFO - Filling up the DagBag from /opt/airflow/dags/ingest_local_folder_dag.py
[2026-02-12T21:52:55.499+0000] {processor.py:839} INFO - DAG(s) dict_keys(['ingestionDAG']) retrieved from /opt/airflow/dags/ingest_local_folder_dag.py
[2026-02-12T21:52:55.623+0000] {logging_mixin.py:151} INFO - [2026-02-12T21:52:55.622+0000] {dag.py:2915} INFO - Sync 1 DAGs
[2026-02-12T21:52:55.698+0000] {logging_mixin.py:151} INFO - [2026-02-12T21:52:55.698+0000] {dag.py:3696} INFO - Setting next_dagrun for ingestionDAG to 2026-02-12T21:52:25.696914+00:00, run_after=2026-02-12T21:52:55.696914+00:00
[2026-02-12T21:52:55.752+0000] {processor.py:179} INFO - Processing /opt/airflow/dags/ingest_local_folder_dag.py took 0.948 seconds
[2026-02-12T21:53:26.042+0000] {processor.py:157} INFO - Started process (PID=1853) to work on /opt/airflow/dags/ingest_local_folder_dag.py
[2026-02-12T21:53:26.044+0000] {processor.py:829} INFO - Processing file /opt/airflow/dags/ingest_local_folder_dag.py for tasks to queue
[2026-02-12T21:53:26.047+0000] {logging_mixin.py:151} INFO - [2026-02-12T21:53:26.046+0000] {dagbag.py:539} INFO - Filling up the DagBag from /opt/airflow/dags/ingest_local_folder_dag.py
[2026-02-12T21:53:26.602+0000] {processor.py:839} INFO - DAG(s) dict_keys(['ingestionDAG']) retrieved from /opt/airflow/dags/ingest_local_folder_dag.py
[2026-02-12T21:53:26.692+0000] {logging_mixin.py:151} INFO - [2026-02-12T21:53:26.692+0000] {dag.py:2915} INFO - Sync 1 DAGs
[2026-02-12T21:53:26.750+0000] {logging_mixin.py:151} INFO - [2026-02-12T21:53:26.750+0000] {dag.py:3696} INFO - Setting next_dagrun for ingestionDAG to 2026-02-12T21:52:56.749767+00:00, run_after=2026-02-12T21:53:26.749767+00:00
[2026-02-12T21:53:26.796+0000] {processor.py:179} INFO - Processing /opt/airflow/dags/ingest_local_folder_dag.py took 0.765 seconds
[2026-02-12T21:53:57.000+0000] {processor.py:157} INFO - Started process (PID=1866) to work on /opt/airflow/dags/ingest_local_folder_dag.py
[2026-02-12T21:53:57.002+0000] {processor.py:829} INFO - Processing file /opt/airflow/dags/ingest_local_folder_dag.py for tasks to queue
[2026-02-12T21:53:57.005+0000] {logging_mixin.py:151} INFO - [2026-02-12T21:53:57.004+0000] {dagbag.py:539} INFO - Filling up the DagBag from /opt/airflow/dags/ingest_local_folder_dag.py
[2026-02-12T21:53:57.659+0000] {processor.py:839} INFO - DAG(s) dict_keys(['ingestionDAG']) retrieved from /opt/airflow/dags/ingest_local_folder_dag.py
[2026-02-12T21:53:57.750+0000] {logging_mixin.py:151} INFO - [2026-02-12T21:53:57.750+0000] {dag.py:2915} INFO - Sync 1 DAGs
[2026-02-12T21:53:57.818+0000] {logging_mixin.py:151} INFO - [2026-02-12T21:53:57.818+0000] {dag.py:3696} INFO - Setting next_dagrun for ingestionDAG to 2026-02-12T21:53:27.817645+00:00, run_after=2026-02-12T21:53:57.817645+00:00
[2026-02-12T21:53:57.880+0000] {processor.py:179} INFO - Processing /opt/airflow/dags/ingest_local_folder_dag.py took 0.891 seconds
[2026-02-12T21:54:28.016+0000] {processor.py:157} INFO - Started process (PID=1879) to work on /opt/airflow/dags/ingest_local_folder_dag.py
[2026-02-12T21:54:28.018+0000] {processor.py:829} INFO - Processing file /opt/airflow/dags/ingest_local_folder_dag.py for tasks to queue
[2026-02-12T21:54:28.021+0000] {logging_mixin.py:151} INFO - [2026-02-12T21:54:28.020+0000] {dagbag.py:539} INFO - Filling up the DagBag from /opt/airflow/dags/ingest_local_folder_dag.py
[2026-02-12T21:54:28.624+0000] {processor.py:839} INFO - DAG(s) dict_keys(['ingestionDAG']) retrieved from /opt/airflow/dags/ingest_local_folder_dag.py
[2026-02-12T21:54:28.713+0000] {logging_mixin.py:151} INFO - [2026-02-12T21:54:28.713+0000] {dag.py:2915} INFO - Sync 1 DAGs
[2026-02-12T21:54:28.777+0000] {logging_mixin.py:151} INFO - [2026-02-12T21:54:28.777+0000] {dag.py:3696} INFO - Setting next_dagrun for ingestionDAG to 2026-02-12T21:53:58.776386+00:00, run_after=2026-02-12T21:54:28.776386+00:00
[2026-02-12T21:54:28.819+0000] {processor.py:179} INFO - Processing /opt/airflow/dags/ingest_local_folder_dag.py took 0.814 seconds
[2026-02-12T21:54:59.467+0000] {processor.py:157} INFO - Started process (PID=1892) to work on /opt/airflow/dags/ingest_local_folder_dag.py
[2026-02-12T21:54:59.469+0000] {processor.py:829} INFO - Processing file /opt/airflow/dags/ingest_local_folder_dag.py for tasks to queue
[2026-02-12T21:54:59.471+0000] {logging_mixin.py:151} INFO - [2026-02-12T21:54:59.470+0000] {dagbag.py:539} INFO - Filling up the DagBag from /opt/airflow/dags/ingest_local_folder_dag.py
[2026-02-12T21:55:00.071+0000] {processor.py:839} INFO - DAG(s) dict_keys(['ingestionDAG']) retrieved from /opt/airflow/dags/ingest_local_folder_dag.py
[2026-02-12T21:55:00.173+0000] {logging_mixin.py:151} INFO - [2026-02-12T21:55:00.172+0000] {dag.py:2915} INFO - Sync 1 DAGs
[2026-02-12T21:55:00.245+0000] {logging_mixin.py:151} INFO - [2026-02-12T21:55:00.244+0000] {dag.py:3696} INFO - Setting next_dagrun for ingestionDAG to 2026-02-12T21:54:30.243690+00:00, run_after=2026-02-12T21:55:00.243690+00:00
[2026-02-12T21:55:00.306+0000] {processor.py:179} INFO - Processing /opt/airflow/dags/ingest_local_folder_dag.py took 0.850 seconds
[2026-02-12T21:55:30.589+0000] {processor.py:157} INFO - Started process (PID=1905) to work on /opt/airflow/dags/ingest_local_folder_dag.py
[2026-02-12T21:55:30.592+0000] {processor.py:829} INFO - Processing file /opt/airflow/dags/ingest_local_folder_dag.py for tasks to queue
[2026-02-12T21:55:30.594+0000] {logging_mixin.py:151} INFO - [2026-02-12T21:55:30.593+0000] {dagbag.py:539} INFO - Filling up the DagBag from /opt/airflow/dags/ingest_local_folder_dag.py
[2026-02-12T21:55:31.149+0000] {processor.py:839} INFO - DAG(s) dict_keys(['ingestionDAG']) retrieved from /opt/airflow/dags/ingest_local_folder_dag.py
[2026-02-12T21:55:31.235+0000] {logging_mixin.py:151} INFO - [2026-02-12T21:55:31.235+0000] {dag.py:2915} INFO - Sync 1 DAGs
[2026-02-12T21:55:31.294+0000] {logging_mixin.py:151} INFO - [2026-02-12T21:55:31.293+0000] {dag.py:3696} INFO - Setting next_dagrun for ingestionDAG to 2026-02-12T21:55:01.292911+00:00, run_after=2026-02-12T21:55:31.292911+00:00
[2026-02-12T21:55:31.335+0000] {processor.py:179} INFO - Processing /opt/airflow/dags/ingest_local_folder_dag.py took 0.755 seconds
[2026-02-12T21:56:01.618+0000] {processor.py:157} INFO - Started process (PID=1916) to work on /opt/airflow/dags/ingest_local_folder_dag.py
[2026-02-12T21:56:01.620+0000] {processor.py:829} INFO - Processing file /opt/airflow/dags/ingest_local_folder_dag.py for tasks to queue
[2026-02-12T21:56:01.623+0000] {logging_mixin.py:151} INFO - [2026-02-12T21:56:01.621+0000] {dagbag.py:539} INFO - Filling up the DagBag from /opt/airflow/dags/ingest_local_folder_dag.py
[2026-02-12T21:56:02.212+0000] {processor.py:839} INFO - DAG(s) dict_keys(['ingestionDAG']) retrieved from /opt/airflow/dags/ingest_local_folder_dag.py
[2026-02-12T21:56:02.304+0000] {logging_mixin.py:151} INFO - [2026-02-12T21:56:02.304+0000] {dag.py:2915} INFO - Sync 1 DAGs
[2026-02-12T21:56:02.366+0000] {logging_mixin.py:151} INFO - [2026-02-12T21:56:02.366+0000] {dag.py:3696} INFO - Setting next_dagrun for ingestionDAG to 2026-02-12T21:55:32.365632+00:00, run_after=2026-02-12T21:56:02.365632+00:00
[2026-02-12T21:56:02.408+0000] {processor.py:179} INFO - Processing /opt/airflow/dags/ingest_local_folder_dag.py took 0.802 seconds
[2026-02-12T21:56:32.684+0000] {processor.py:157} INFO - Started process (PID=1928) to work on /opt/airflow/dags/ingest_local_folder_dag.py
[2026-02-12T21:56:32.687+0000] {processor.py:829} INFO - Processing file /opt/airflow/dags/ingest_local_folder_dag.py for tasks to queue
[2026-02-12T21:56:32.690+0000] {logging_mixin.py:151} INFO - [2026-02-12T21:56:32.689+0000] {dagbag.py:539} INFO - Filling up the DagBag from /opt/airflow/dags/ingest_local_folder_dag.py
[2026-02-12T21:56:33.324+0000] {processor.py:839} INFO - DAG(s) dict_keys(['ingestionDAG']) retrieved from /opt/airflow/dags/ingest_local_folder_dag.py
[2026-02-12T21:56:33.446+0000] {logging_mixin.py:151} INFO - [2026-02-12T21:56:33.446+0000] {dag.py:2915} INFO - Sync 1 DAGs
[2026-02-12T21:56:33.517+0000] {logging_mixin.py:151} INFO - [2026-02-12T21:56:33.517+0000] {dag.py:3696} INFO - Setting next_dagrun for ingestionDAG to 2026-02-12T21:56:03.516315+00:00, run_after=2026-02-12T21:56:33.516315+00:00
[2026-02-12T21:56:33.588+0000] {processor.py:179} INFO - Processing /opt/airflow/dags/ingest_local_folder_dag.py took 0.918 seconds
[2026-02-12T21:57:03.886+0000] {processor.py:157} INFO - Started process (PID=1938) to work on /opt/airflow/dags/ingest_local_folder_dag.py
[2026-02-12T21:57:03.889+0000] {processor.py:829} INFO - Processing file /opt/airflow/dags/ingest_local_folder_dag.py for tasks to queue
[2026-02-12T21:57:03.891+0000] {logging_mixin.py:151} INFO - [2026-02-12T21:57:03.890+0000] {dagbag.py:539} INFO - Filling up the DagBag from /opt/airflow/dags/ingest_local_folder_dag.py
[2026-02-12T21:57:04.483+0000] {processor.py:839} INFO - DAG(s) dict_keys(['ingestionDAG']) retrieved from /opt/airflow/dags/ingest_local_folder_dag.py
[2026-02-12T21:57:04.594+0000] {logging_mixin.py:151} INFO - [2026-02-12T21:57:04.593+0000] {dag.py:2915} INFO - Sync 1 DAGs
[2026-02-12T21:57:04.665+0000] {logging_mixin.py:151} INFO - [2026-02-12T21:57:04.664+0000] {dag.py:3696} INFO - Setting next_dagrun for ingestionDAG to 2026-02-12T21:56:34.663811+00:00, run_after=2026-02-12T21:57:04.663811+00:00
[2026-02-12T21:57:04.772+0000] {processor.py:179} INFO - Processing /opt/airflow/dags/ingest_local_folder_dag.py took 0.897 seconds
[2026-02-12T21:57:35.619+0000] {processor.py:157} INFO - Started process (PID=1951) to work on /opt/airflow/dags/ingest_local_folder_dag.py
[2026-02-12T21:57:35.621+0000] {processor.py:829} INFO - Processing file /opt/airflow/dags/ingest_local_folder_dag.py for tasks to queue
[2026-02-12T21:57:35.624+0000] {logging_mixin.py:151} INFO - [2026-02-12T21:57:35.623+0000] {dagbag.py:539} INFO - Filling up the DagBag from /opt/airflow/dags/ingest_local_folder_dag.py
[2026-02-12T21:57:36.218+0000] {processor.py:839} INFO - DAG(s) dict_keys(['ingestionDAG']) retrieved from /opt/airflow/dags/ingest_local_folder_dag.py
[2026-02-12T21:57:36.317+0000] {logging_mixin.py:151} INFO - [2026-02-12T21:57:36.317+0000] {dag.py:2915} INFO - Sync 1 DAGs
[2026-02-12T21:57:36.383+0000] {logging_mixin.py:151} INFO - [2026-02-12T21:57:36.383+0000] {dag.py:3696} INFO - Setting next_dagrun for ingestionDAG to 2026-02-12T21:57:06.382512+00:00, run_after=2026-02-12T21:57:36.382512+00:00
[2026-02-12T21:57:36.431+0000] {processor.py:179} INFO - Processing /opt/airflow/dags/ingest_local_folder_dag.py took 0.825 seconds
[2026-02-12T21:58:06.719+0000] {processor.py:157} INFO - Started process (PID=1964) to work on /opt/airflow/dags/ingest_local_folder_dag.py
[2026-02-12T21:58:06.722+0000] {processor.py:829} INFO - Processing file /opt/airflow/dags/ingest_local_folder_dag.py for tasks to queue
[2026-02-12T21:58:06.725+0000] {logging_mixin.py:151} INFO - [2026-02-12T21:58:06.724+0000] {dagbag.py:539} INFO - Filling up the DagBag from /opt/airflow/dags/ingest_local_folder_dag.py
[2026-02-12T21:58:07.328+0000] {processor.py:839} INFO - DAG(s) dict_keys(['ingestionDAG']) retrieved from /opt/airflow/dags/ingest_local_folder_dag.py
[2026-02-12T21:58:07.436+0000] {logging_mixin.py:151} INFO - [2026-02-12T21:58:07.435+0000] {dag.py:2915} INFO - Sync 1 DAGs
[2026-02-12T21:58:07.503+0000] {logging_mixin.py:151} INFO - [2026-02-12T21:58:07.502+0000] {dag.py:3696} INFO - Setting next_dagrun for ingestionDAG to 2026-02-12T21:57:37.502210+00:00, run_after=2026-02-12T21:58:07.502210+00:00
[2026-02-12T21:58:07.563+0000] {processor.py:179} INFO - Processing /opt/airflow/dags/ingest_local_folder_dag.py took 0.857 seconds
[2026-02-12T21:58:37.902+0000] {processor.py:157} INFO - Started process (PID=1977) to work on /opt/airflow/dags/ingest_local_folder_dag.py
[2026-02-12T21:58:37.904+0000] {processor.py:829} INFO - Processing file /opt/airflow/dags/ingest_local_folder_dag.py for tasks to queue
[2026-02-12T21:58:37.908+0000] {logging_mixin.py:151} INFO - [2026-02-12T21:58:37.907+0000] {dagbag.py:539} INFO - Filling up the DagBag from /opt/airflow/dags/ingest_local_folder_dag.py
[2026-02-12T21:58:38.575+0000] {processor.py:839} INFO - DAG(s) dict_keys(['ingestionDAG']) retrieved from /opt/airflow/dags/ingest_local_folder_dag.py
[2026-02-12T21:58:38.668+0000] {logging_mixin.py:151} INFO - [2026-02-12T21:58:38.667+0000] {dag.py:2915} INFO - Sync 1 DAGs
[2026-02-12T21:58:38.739+0000] {logging_mixin.py:151} INFO - [2026-02-12T21:58:38.738+0000] {dag.py:3696} INFO - Setting next_dagrun for ingestionDAG to 2026-02-12T21:58:08.737974+00:00, run_after=2026-02-12T21:58:38.737974+00:00
[2026-02-12T21:58:38.788+0000] {processor.py:179} INFO - Processing /opt/airflow/dags/ingest_local_folder_dag.py took 0.903 seconds
[2026-02-12T21:59:08.890+0000] {processor.py:157} INFO - Started process (PID=1990) to work on /opt/airflow/dags/ingest_local_folder_dag.py
[2026-02-12T21:59:08.892+0000] {processor.py:829} INFO - Processing file /opt/airflow/dags/ingest_local_folder_dag.py for tasks to queue
[2026-02-12T21:59:08.894+0000] {logging_mixin.py:151} INFO - [2026-02-12T21:59:08.893+0000] {dagbag.py:539} INFO - Filling up the DagBag from /opt/airflow/dags/ingest_local_folder_dag.py
[2026-02-12T21:59:09.466+0000] {processor.py:839} INFO - DAG(s) dict_keys(['ingestionDAG']) retrieved from /opt/airflow/dags/ingest_local_folder_dag.py
[2026-02-12T21:59:09.583+0000] {logging_mixin.py:151} INFO - [2026-02-12T21:59:09.582+0000] {dag.py:2915} INFO - Sync 1 DAGs
[2026-02-12T21:59:09.648+0000] {logging_mixin.py:151} INFO - [2026-02-12T21:59:09.648+0000] {dag.py:3696} INFO - Setting next_dagrun for ingestionDAG to 2026-02-12T21:58:39.647640+00:00, run_after=2026-02-12T21:59:09.647640+00:00
[2026-02-12T21:59:09.692+0000] {processor.py:179} INFO - Processing /opt/airflow/dags/ingest_local_folder_dag.py took 0.813 seconds
[2026-02-12T21:59:39.802+0000] {processor.py:157} INFO - Started process (PID=2003) to work on /opt/airflow/dags/ingest_local_folder_dag.py
[2026-02-12T21:59:39.805+0000] {processor.py:829} INFO - Processing file /opt/airflow/dags/ingest_local_folder_dag.py for tasks to queue
[2026-02-12T21:59:39.808+0000] {logging_mixin.py:151} INFO - [2026-02-12T21:59:39.806+0000] {dagbag.py:539} INFO - Filling up the DagBag from /opt/airflow/dags/ingest_local_folder_dag.py
[2026-02-12T21:59:40.436+0000] {processor.py:839} INFO - DAG(s) dict_keys(['ingestionDAG']) retrieved from /opt/airflow/dags/ingest_local_folder_dag.py
[2026-02-12T21:59:40.554+0000] {logging_mixin.py:151} INFO - [2026-02-12T21:59:40.554+0000] {dag.py:2915} INFO - Sync 1 DAGs
[2026-02-12T21:59:40.635+0000] {logging_mixin.py:151} INFO - [2026-02-12T21:59:40.635+0000] {dag.py:3696} INFO - Setting next_dagrun for ingestionDAG to 2026-02-12T21:59:10.634091+00:00, run_after=2026-02-12T21:59:40.634091+00:00
[2026-02-12T21:59:40.685+0000] {processor.py:179} INFO - Processing /opt/airflow/dags/ingest_local_folder_dag.py took 0.895 seconds
[2026-02-12T22:00:11.557+0000] {processor.py:157} INFO - Started process (PID=2016) to work on /opt/airflow/dags/ingest_local_folder_dag.py
[2026-02-12T22:00:11.559+0000] {processor.py:829} INFO - Processing file /opt/airflow/dags/ingest_local_folder_dag.py for tasks to queue
[2026-02-12T22:00:11.562+0000] {logging_mixin.py:151} INFO - [2026-02-12T22:00:11.561+0000] {dagbag.py:539} INFO - Filling up the DagBag from /opt/airflow/dags/ingest_local_folder_dag.py
[2026-02-12T22:00:12.147+0000] {processor.py:839} INFO - DAG(s) dict_keys(['ingestionDAG']) retrieved from /opt/airflow/dags/ingest_local_folder_dag.py
[2026-02-12T22:00:12.248+0000] {logging_mixin.py:151} INFO - [2026-02-12T22:00:12.248+0000] {dag.py:2915} INFO - Sync 1 DAGs
[2026-02-12T22:00:12.308+0000] {logging_mixin.py:151} INFO - [2026-02-12T22:00:12.307+0000] {dag.py:3696} INFO - Setting next_dagrun for ingestionDAG to 2026-02-12T21:59:42.307129+00:00, run_after=2026-02-12T22:00:12.307129+00:00
[2026-02-12T22:00:12.351+0000] {processor.py:179} INFO - Processing /opt/airflow/dags/ingest_local_folder_dag.py took 0.806 seconds
[2026-02-12T22:00:42.657+0000] {processor.py:157} INFO - Started process (PID=2029) to work on /opt/airflow/dags/ingest_local_folder_dag.py
[2026-02-12T22:00:42.659+0000] {processor.py:829} INFO - Processing file /opt/airflow/dags/ingest_local_folder_dag.py for tasks to queue
[2026-02-12T22:00:42.662+0000] {logging_mixin.py:151} INFO - [2026-02-12T22:00:42.661+0000] {dagbag.py:539} INFO - Filling up the DagBag from /opt/airflow/dags/ingest_local_folder_dag.py
[2026-02-12T22:00:43.315+0000] {processor.py:839} INFO - DAG(s) dict_keys(['ingestionDAG']) retrieved from /opt/airflow/dags/ingest_local_folder_dag.py
[2026-02-12T22:00:43.416+0000] {logging_mixin.py:151} INFO - [2026-02-12T22:00:43.415+0000] {dag.py:2915} INFO - Sync 1 DAGs
[2026-02-12T22:00:43.483+0000] {logging_mixin.py:151} INFO - [2026-02-12T22:00:43.483+0000] {dag.py:3696} INFO - Setting next_dagrun for ingestionDAG to 2026-02-12T22:00:13.482319+00:00, run_after=2026-02-12T22:00:43.482319+00:00
[2026-02-12T22:00:43.531+0000] {processor.py:179} INFO - Processing /opt/airflow/dags/ingest_local_folder_dag.py took 0.885 seconds
[2026-02-12T22:01:13.759+0000] {processor.py:157} INFO - Started process (PID=2042) to work on /opt/airflow/dags/ingest_local_folder_dag.py
[2026-02-12T22:01:13.761+0000] {processor.py:829} INFO - Processing file /opt/airflow/dags/ingest_local_folder_dag.py for tasks to queue
[2026-02-12T22:01:13.763+0000] {logging_mixin.py:151} INFO - [2026-02-12T22:01:13.762+0000] {dagbag.py:539} INFO - Filling up the DagBag from /opt/airflow/dags/ingest_local_folder_dag.py
[2026-02-12T22:01:14.341+0000] {processor.py:839} INFO - DAG(s) dict_keys(['ingestionDAG']) retrieved from /opt/airflow/dags/ingest_local_folder_dag.py
[2026-02-12T22:01:14.429+0000] {logging_mixin.py:151} INFO - [2026-02-12T22:01:14.429+0000] {dag.py:2915} INFO - Sync 1 DAGs
[2026-02-12T22:01:14.487+0000] {logging_mixin.py:151} INFO - [2026-02-12T22:01:14.487+0000] {dag.py:3696} INFO - Setting next_dagrun for ingestionDAG to 2026-02-12T22:00:44.486543+00:00, run_after=2026-02-12T22:01:14.486543+00:00
[2026-02-12T22:01:14.532+0000] {processor.py:179} INFO - Processing /opt/airflow/dags/ingest_local_folder_dag.py took 0.785 seconds
[2026-02-12T22:01:45.199+0000] {processor.py:157} INFO - Started process (PID=2055) to work on /opt/airflow/dags/ingest_local_folder_dag.py
[2026-02-12T22:01:45.202+0000] {processor.py:829} INFO - Processing file /opt/airflow/dags/ingest_local_folder_dag.py for tasks to queue
[2026-02-12T22:01:45.204+0000] {logging_mixin.py:151} INFO - [2026-02-12T22:01:45.203+0000] {dagbag.py:539} INFO - Filling up the DagBag from /opt/airflow/dags/ingest_local_folder_dag.py
[2026-02-12T22:01:45.804+0000] {processor.py:839} INFO - DAG(s) dict_keys(['ingestionDAG']) retrieved from /opt/airflow/dags/ingest_local_folder_dag.py
[2026-02-12T22:01:45.891+0000] {logging_mixin.py:151} INFO - [2026-02-12T22:01:45.890+0000] {dag.py:2915} INFO - Sync 1 DAGs
[2026-02-12T22:01:45.952+0000] {logging_mixin.py:151} INFO - [2026-02-12T22:01:45.952+0000] {dag.py:3696} INFO - Setting next_dagrun for ingestionDAG to 2026-02-12T22:01:15.951379+00:00, run_after=2026-02-12T22:01:45.951379+00:00
[2026-02-12T22:01:45.994+0000] {processor.py:179} INFO - Processing /opt/airflow/dags/ingest_local_folder_dag.py took 0.806 seconds
[2026-02-12T22:02:16.262+0000] {processor.py:157} INFO - Started process (PID=2068) to work on /opt/airflow/dags/ingest_local_folder_dag.py
[2026-02-12T22:02:16.265+0000] {processor.py:829} INFO - Processing file /opt/airflow/dags/ingest_local_folder_dag.py for tasks to queue
[2026-02-12T22:02:16.267+0000] {logging_mixin.py:151} INFO - [2026-02-12T22:02:16.266+0000] {dagbag.py:539} INFO - Filling up the DagBag from /opt/airflow/dags/ingest_local_folder_dag.py
[2026-02-12T22:02:16.855+0000] {processor.py:839} INFO - DAG(s) dict_keys(['ingestionDAG']) retrieved from /opt/airflow/dags/ingest_local_folder_dag.py
[2026-02-12T22:02:16.944+0000] {logging_mixin.py:151} INFO - [2026-02-12T22:02:16.943+0000] {dag.py:2915} INFO - Sync 1 DAGs
[2026-02-12T22:02:17.003+0000] {logging_mixin.py:151} INFO - [2026-02-12T22:02:17.003+0000] {dag.py:3696} INFO - Setting next_dagrun for ingestionDAG to 2026-02-12T22:01:47.002820+00:00, run_after=2026-02-12T22:02:17.002820+00:00
[2026-02-12T22:02:17.045+0000] {processor.py:179} INFO - Processing /opt/airflow/dags/ingest_local_folder_dag.py took 0.795 seconds
[2026-02-12T22:02:47.303+0000] {processor.py:157} INFO - Started process (PID=2081) to work on /opt/airflow/dags/ingest_local_folder_dag.py
[2026-02-12T22:02:47.306+0000] {processor.py:829} INFO - Processing file /opt/airflow/dags/ingest_local_folder_dag.py for tasks to queue
[2026-02-12T22:02:47.308+0000] {logging_mixin.py:151} INFO - [2026-02-12T22:02:47.307+0000] {dagbag.py:539} INFO - Filling up the DagBag from /opt/airflow/dags/ingest_local_folder_dag.py
[2026-02-12T22:02:47.874+0000] {processor.py:839} INFO - DAG(s) dict_keys(['ingestionDAG']) retrieved from /opt/airflow/dags/ingest_local_folder_dag.py
[2026-02-12T22:02:47.961+0000] {logging_mixin.py:151} INFO - [2026-02-12T22:02:47.961+0000] {dag.py:2915} INFO - Sync 1 DAGs
[2026-02-12T22:02:48.020+0000] {logging_mixin.py:151} INFO - [2026-02-12T22:02:48.020+0000] {dag.py:3696} INFO - Setting next_dagrun for ingestionDAG to 2026-02-12T22:02:18.019428+00:00, run_after=2026-02-12T22:02:48.019428+00:00
[2026-02-12T22:02:48.062+0000] {processor.py:179} INFO - Processing /opt/airflow/dags/ingest_local_folder_dag.py took 0.771 seconds
[2026-02-12T22:03:18.330+0000] {processor.py:157} INFO - Started process (PID=2094) to work on /opt/airflow/dags/ingest_local_folder_dag.py
[2026-02-12T22:03:18.333+0000] {processor.py:829} INFO - Processing file /opt/airflow/dags/ingest_local_folder_dag.py for tasks to queue
[2026-02-12T22:03:18.335+0000] {logging_mixin.py:151} INFO - [2026-02-12T22:03:18.334+0000] {dagbag.py:539} INFO - Filling up the DagBag from /opt/airflow/dags/ingest_local_folder_dag.py
[2026-02-12T22:03:18.922+0000] {processor.py:839} INFO - DAG(s) dict_keys(['ingestionDAG']) retrieved from /opt/airflow/dags/ingest_local_folder_dag.py
[2026-02-12T22:03:19.030+0000] {logging_mixin.py:151} INFO - [2026-02-12T22:03:19.030+0000] {dag.py:2915} INFO - Sync 1 DAGs
[2026-02-12T22:03:19.090+0000] {logging_mixin.py:151} INFO - [2026-02-12T22:03:19.090+0000] {dag.py:3696} INFO - Setting next_dagrun for ingestionDAG to 2026-02-12T22:02:49.089677+00:00, run_after=2026-02-12T22:03:19.089677+00:00
[2026-02-12T22:03:19.137+0000] {processor.py:179} INFO - Processing /opt/airflow/dags/ingest_local_folder_dag.py took 0.817 seconds
[2026-02-12T22:03:49.364+0000] {processor.py:157} INFO - Started process (PID=2107) to work on /opt/airflow/dags/ingest_local_folder_dag.py
[2026-02-12T22:03:49.366+0000] {processor.py:829} INFO - Processing file /opt/airflow/dags/ingest_local_folder_dag.py for tasks to queue
[2026-02-12T22:03:49.369+0000] {logging_mixin.py:151} INFO - [2026-02-12T22:03:49.368+0000] {dagbag.py:539} INFO - Filling up the DagBag from /opt/airflow/dags/ingest_local_folder_dag.py
[2026-02-12T22:03:49.927+0000] {processor.py:839} INFO - DAG(s) dict_keys(['ingestionDAG']) retrieved from /opt/airflow/dags/ingest_local_folder_dag.py
[2026-02-12T22:03:50.039+0000] {logging_mixin.py:151} INFO - [2026-02-12T22:03:50.038+0000] {dag.py:2915} INFO - Sync 1 DAGs
[2026-02-12T22:03:50.108+0000] {logging_mixin.py:151} INFO - [2026-02-12T22:03:50.108+0000] {dag.py:3696} INFO - Setting next_dagrun for ingestionDAG to 2026-02-12T22:03:20.107427+00:00, run_after=2026-02-12T22:03:50.107427+00:00
[2026-02-12T22:03:50.150+0000] {processor.py:179} INFO - Processing /opt/airflow/dags/ingest_local_folder_dag.py took 0.797 seconds
[2026-02-12T22:04:20.413+0000] {processor.py:157} INFO - Started process (PID=2120) to work on /opt/airflow/dags/ingest_local_folder_dag.py
[2026-02-12T22:04:20.416+0000] {processor.py:829} INFO - Processing file /opt/airflow/dags/ingest_local_folder_dag.py for tasks to queue
[2026-02-12T22:04:20.418+0000] {logging_mixin.py:151} INFO - [2026-02-12T22:04:20.417+0000] {dagbag.py:539} INFO - Filling up the DagBag from /opt/airflow/dags/ingest_local_folder_dag.py
[2026-02-12T22:04:20.990+0000] {processor.py:839} INFO - DAG(s) dict_keys(['ingestionDAG']) retrieved from /opt/airflow/dags/ingest_local_folder_dag.py
[2026-02-12T22:04:21.080+0000] {logging_mixin.py:151} INFO - [2026-02-12T22:04:21.080+0000] {dag.py:2915} INFO - Sync 1 DAGs
[2026-02-12T22:04:21.139+0000] {logging_mixin.py:151} INFO - [2026-02-12T22:04:21.139+0000] {dag.py:3696} INFO - Setting next_dagrun for ingestionDAG to 2026-02-12T22:03:51.138363+00:00, run_after=2026-02-12T22:04:21.138363+00:00
[2026-02-12T22:04:21.181+0000] {processor.py:179} INFO - Processing /opt/airflow/dags/ingest_local_folder_dag.py took 0.779 seconds
[2026-02-12T22:04:51.446+0000] {processor.py:157} INFO - Started process (PID=2133) to work on /opt/airflow/dags/ingest_local_folder_dag.py
[2026-02-12T22:04:51.448+0000] {processor.py:829} INFO - Processing file /opt/airflow/dags/ingest_local_folder_dag.py for tasks to queue
[2026-02-12T22:04:51.451+0000] {logging_mixin.py:151} INFO - [2026-02-12T22:04:51.449+0000] {dagbag.py:539} INFO - Filling up the DagBag from /opt/airflow/dags/ingest_local_folder_dag.py
[2026-02-12T22:04:52.033+0000] {processor.py:839} INFO - DAG(s) dict_keys(['ingestionDAG']) retrieved from /opt/airflow/dags/ingest_local_folder_dag.py
[2026-02-12T22:04:52.122+0000] {logging_mixin.py:151} INFO - [2026-02-12T22:04:52.121+0000] {dag.py:2915} INFO - Sync 1 DAGs
[2026-02-12T22:04:52.180+0000] {logging_mixin.py:151} INFO - [2026-02-12T22:04:52.180+0000] {dag.py:3696} INFO - Setting next_dagrun for ingestionDAG to 2026-02-12T22:04:22.179630+00:00, run_after=2026-02-12T22:04:52.179630+00:00
[2026-02-12T22:04:52.223+0000] {processor.py:179} INFO - Processing /opt/airflow/dags/ingest_local_folder_dag.py took 0.787 seconds
[2026-02-12T22:05:22.406+0000] {processor.py:157} INFO - Started process (PID=2146) to work on /opt/airflow/dags/ingest_local_folder_dag.py
[2026-02-12T22:05:22.409+0000] {processor.py:829} INFO - Processing file /opt/airflow/dags/ingest_local_folder_dag.py for tasks to queue
[2026-02-12T22:05:22.412+0000] {logging_mixin.py:151} INFO - [2026-02-12T22:05:22.410+0000] {dagbag.py:539} INFO - Filling up the DagBag from /opt/airflow/dags/ingest_local_folder_dag.py
[2026-02-12T22:05:22.979+0000] {processor.py:839} INFO - DAG(s) dict_keys(['ingestionDAG']) retrieved from /opt/airflow/dags/ingest_local_folder_dag.py
[2026-02-12T22:05:23.069+0000] {logging_mixin.py:151} INFO - [2026-02-12T22:05:23.068+0000] {dag.py:2915} INFO - Sync 1 DAGs
[2026-02-12T22:05:23.128+0000] {logging_mixin.py:151} INFO - [2026-02-12T22:05:23.127+0000] {dag.py:3696} INFO - Setting next_dagrun for ingestionDAG to 2026-02-12T22:04:53.126879+00:00, run_after=2026-02-12T22:05:23.126879+00:00
[2026-02-12T22:05:23.170+0000] {processor.py:179} INFO - Processing /opt/airflow/dags/ingest_local_folder_dag.py took 0.775 seconds
[2026-02-12T22:05:53.920+0000] {processor.py:157} INFO - Started process (PID=2159) to work on /opt/airflow/dags/ingest_local_folder_dag.py
[2026-02-12T22:05:53.923+0000] {processor.py:829} INFO - Processing file /opt/airflow/dags/ingest_local_folder_dag.py for tasks to queue
[2026-02-12T22:05:53.925+0000] {logging_mixin.py:151} INFO - [2026-02-12T22:05:53.924+0000] {dagbag.py:539} INFO - Filling up the DagBag from /opt/airflow/dags/ingest_local_folder_dag.py
[2026-02-12T22:05:54.494+0000] {processor.py:839} INFO - DAG(s) dict_keys(['ingestionDAG']) retrieved from /opt/airflow/dags/ingest_local_folder_dag.py
[2026-02-12T22:05:54.590+0000] {logging_mixin.py:151} INFO - [2026-02-12T22:05:54.589+0000] {dag.py:2915} INFO - Sync 1 DAGs
[2026-02-12T22:05:54.652+0000] {logging_mixin.py:151} INFO - [2026-02-12T22:05:54.651+0000] {dag.py:3696} INFO - Setting next_dagrun for ingestionDAG to 2026-02-12T22:05:24.650939+00:00, run_after=2026-02-12T22:05:54.650939+00:00
[2026-02-12T22:05:54.692+0000] {processor.py:179} INFO - Processing /opt/airflow/dags/ingest_local_folder_dag.py took 0.784 seconds
[2026-02-12T22:06:24.953+0000] {processor.py:157} INFO - Started process (PID=2172) to work on /opt/airflow/dags/ingest_local_folder_dag.py
[2026-02-12T22:06:24.956+0000] {processor.py:829} INFO - Processing file /opt/airflow/dags/ingest_local_folder_dag.py for tasks to queue
[2026-02-12T22:06:24.958+0000] {logging_mixin.py:151} INFO - [2026-02-12T22:06:24.957+0000] {dagbag.py:539} INFO - Filling up the DagBag from /opt/airflow/dags/ingest_local_folder_dag.py
[2026-02-12T22:06:25.621+0000] {processor.py:839} INFO - DAG(s) dict_keys(['ingestionDAG']) retrieved from /opt/airflow/dags/ingest_local_folder_dag.py
[2026-02-12T22:06:25.729+0000] {logging_mixin.py:151} INFO - [2026-02-12T22:06:25.728+0000] {dag.py:2915} INFO - Sync 1 DAGs
[2026-02-12T22:06:25.794+0000] {logging_mixin.py:151} INFO - [2026-02-12T22:06:25.794+0000] {dag.py:3696} INFO - Setting next_dagrun for ingestionDAG to 2026-02-12T22:05:55.793818+00:00, run_after=2026-02-12T22:06:25.793818+00:00
[2026-02-12T22:06:25.838+0000] {processor.py:179} INFO - Processing /opt/airflow/dags/ingest_local_folder_dag.py took 0.897 seconds
[2026-02-12T22:06:56.066+0000] {processor.py:157} INFO - Started process (PID=2185) to work on /opt/airflow/dags/ingest_local_folder_dag.py
[2026-02-12T22:06:56.068+0000] {processor.py:829} INFO - Processing file /opt/airflow/dags/ingest_local_folder_dag.py for tasks to queue
[2026-02-12T22:06:56.071+0000] {logging_mixin.py:151} INFO - [2026-02-12T22:06:56.069+0000] {dagbag.py:539} INFO - Filling up the DagBag from /opt/airflow/dags/ingest_local_folder_dag.py
[2026-02-12T22:06:56.628+0000] {processor.py:839} INFO - DAG(s) dict_keys(['ingestionDAG']) retrieved from /opt/airflow/dags/ingest_local_folder_dag.py
[2026-02-12T22:06:56.716+0000] {logging_mixin.py:151} INFO - [2026-02-12T22:06:56.716+0000] {dag.py:2915} INFO - Sync 1 DAGs
[2026-02-12T22:06:56.775+0000] {logging_mixin.py:151} INFO - [2026-02-12T22:06:56.774+0000] {dag.py:3696} INFO - Setting next_dagrun for ingestionDAG to 2026-02-12T22:06:26.774330+00:00, run_after=2026-02-12T22:06:56.774330+00:00
[2026-02-12T22:06:56.816+0000] {processor.py:179} INFO - Processing /opt/airflow/dags/ingest_local_folder_dag.py took 0.760 seconds
[2026-02-12T22:07:27.074+0000] {processor.py:157} INFO - Started process (PID=2198) to work on /opt/airflow/dags/ingest_local_folder_dag.py
[2026-02-12T22:07:27.077+0000] {processor.py:829} INFO - Processing file /opt/airflow/dags/ingest_local_folder_dag.py for tasks to queue
[2026-02-12T22:07:27.079+0000] {logging_mixin.py:151} INFO - [2026-02-12T22:07:27.078+0000] {dagbag.py:539} INFO - Filling up the DagBag from /opt/airflow/dags/ingest_local_folder_dag.py
[2026-02-12T22:07:27.714+0000] {processor.py:839} INFO - DAG(s) dict_keys(['ingestionDAG']) retrieved from /opt/airflow/dags/ingest_local_folder_dag.py
[2026-02-12T22:07:27.813+0000] {logging_mixin.py:151} INFO - [2026-02-12T22:07:27.812+0000] {dag.py:2915} INFO - Sync 1 DAGs
[2026-02-12T22:07:27.878+0000] {logging_mixin.py:151} INFO - [2026-02-12T22:07:27.878+0000] {dag.py:3696} INFO - Setting next_dagrun for ingestionDAG to 2026-02-12T22:06:57.877719+00:00, run_after=2026-02-12T22:07:27.877719+00:00
[2026-02-12T22:07:27.925+0000] {processor.py:179} INFO - Processing /opt/airflow/dags/ingest_local_folder_dag.py took 0.864 seconds
[2026-02-12T22:07:58.214+0000] {processor.py:157} INFO - Started process (PID=2211) to work on /opt/airflow/dags/ingest_local_folder_dag.py
[2026-02-12T22:07:58.217+0000] {processor.py:829} INFO - Processing file /opt/airflow/dags/ingest_local_folder_dag.py for tasks to queue
[2026-02-12T22:07:58.219+0000] {logging_mixin.py:151} INFO - [2026-02-12T22:07:58.218+0000] {dagbag.py:539} INFO - Filling up the DagBag from /opt/airflow/dags/ingest_local_folder_dag.py
[2026-02-12T22:07:58.813+0000] {processor.py:839} INFO - DAG(s) dict_keys(['ingestionDAG']) retrieved from /opt/airflow/dags/ingest_local_folder_dag.py
[2026-02-12T22:07:58.904+0000] {logging_mixin.py:151} INFO - [2026-02-12T22:07:58.904+0000] {dag.py:2915} INFO - Sync 1 DAGs
[2026-02-12T22:07:58.964+0000] {logging_mixin.py:151} INFO - [2026-02-12T22:07:58.964+0000] {dag.py:3696} INFO - Setting next_dagrun for ingestionDAG to 2026-02-12T22:07:28.963801+00:00, run_after=2026-02-12T22:07:58.963801+00:00
[2026-02-12T22:07:59.006+0000] {processor.py:179} INFO - Processing /opt/airflow/dags/ingest_local_folder_dag.py took 0.803 seconds
[2026-02-12T22:08:29.095+0000] {processor.py:157} INFO - Started process (PID=2224) to work on /opt/airflow/dags/ingest_local_folder_dag.py
[2026-02-12T22:08:29.098+0000] {processor.py:829} INFO - Processing file /opt/airflow/dags/ingest_local_folder_dag.py for tasks to queue
[2026-02-12T22:08:29.100+0000] {logging_mixin.py:151} INFO - [2026-02-12T22:08:29.099+0000] {dagbag.py:539} INFO - Filling up the DagBag from /opt/airflow/dags/ingest_local_folder_dag.py
[2026-02-12T22:08:29.712+0000] {processor.py:839} INFO - DAG(s) dict_keys(['ingestionDAG']) retrieved from /opt/airflow/dags/ingest_local_folder_dag.py
[2026-02-12T22:08:29.816+0000] {logging_mixin.py:151} INFO - [2026-02-12T22:08:29.815+0000] {dag.py:2915} INFO - Sync 1 DAGs
[2026-02-12T22:08:29.893+0000] {logging_mixin.py:151} INFO - [2026-02-12T22:08:29.892+0000] {dag.py:3696} INFO - Setting next_dagrun for ingestionDAG to 2026-02-12T22:07:59.891642+00:00, run_after=2026-02-12T22:08:29.891642+00:00
[2026-02-12T22:08:29.955+0000] {processor.py:179} INFO - Processing /opt/airflow/dags/ingest_local_folder_dag.py took 0.871 seconds
[2026-02-12T22:09:00.182+0000] {processor.py:157} INFO - Started process (PID=2237) to work on /opt/airflow/dags/ingest_local_folder_dag.py
[2026-02-12T22:09:00.185+0000] {processor.py:829} INFO - Processing file /opt/airflow/dags/ingest_local_folder_dag.py for tasks to queue
[2026-02-12T22:09:00.188+0000] {logging_mixin.py:151} INFO - [2026-02-12T22:09:00.187+0000] {dagbag.py:539} INFO - Filling up the DagBag from /opt/airflow/dags/ingest_local_folder_dag.py
[2026-02-12T22:09:00.799+0000] {processor.py:839} INFO - DAG(s) dict_keys(['ingestionDAG']) retrieved from /opt/airflow/dags/ingest_local_folder_dag.py
[2026-02-12T22:09:00.897+0000] {logging_mixin.py:151} INFO - [2026-02-12T22:09:00.897+0000] {dag.py:2915} INFO - Sync 1 DAGs
[2026-02-12T22:09:00.968+0000] {logging_mixin.py:151} INFO - [2026-02-12T22:09:00.967+0000] {dag.py:3696} INFO - Setting next_dagrun for ingestionDAG to 2026-02-12T22:08:30.966919+00:00, run_after=2026-02-12T22:09:00.966919+00:00
[2026-02-12T22:09:01.017+0000] {processor.py:179} INFO - Processing /opt/airflow/dags/ingest_local_folder_dag.py took 0.847 seconds
[2026-02-12T22:09:31.853+0000] {processor.py:157} INFO - Started process (PID=2250) to work on /opt/airflow/dags/ingest_local_folder_dag.py
[2026-02-12T22:09:31.856+0000] {processor.py:829} INFO - Processing file /opt/airflow/dags/ingest_local_folder_dag.py for tasks to queue
[2026-02-12T22:09:31.858+0000] {logging_mixin.py:151} INFO - [2026-02-12T22:09:31.857+0000] {dagbag.py:539} INFO - Filling up the DagBag from /opt/airflow/dags/ingest_local_folder_dag.py
[2026-02-12T22:09:32.429+0000] {processor.py:839} INFO - DAG(s) dict_keys(['ingestionDAG']) retrieved from /opt/airflow/dags/ingest_local_folder_dag.py
[2026-02-12T22:09:32.519+0000] {logging_mixin.py:151} INFO - [2026-02-12T22:09:32.518+0000] {dag.py:2915} INFO - Sync 1 DAGs
[2026-02-12T22:09:32.583+0000] {logging_mixin.py:151} INFO - [2026-02-12T22:09:32.582+0000] {dag.py:3696} INFO - Setting next_dagrun for ingestionDAG to 2026-02-12T22:09:02.582198+00:00, run_after=2026-02-12T22:09:32.582198+00:00
[2026-02-12T22:09:32.624+0000] {processor.py:179} INFO - Processing /opt/airflow/dags/ingest_local_folder_dag.py took 0.783 seconds
[2026-02-12T22:10:02.898+0000] {processor.py:157} INFO - Started process (PID=2263) to work on /opt/airflow/dags/ingest_local_folder_dag.py
[2026-02-12T22:10:02.900+0000] {processor.py:829} INFO - Processing file /opt/airflow/dags/ingest_local_folder_dag.py for tasks to queue
[2026-02-12T22:10:02.903+0000] {logging_mixin.py:151} INFO - [2026-02-12T22:10:02.902+0000] {dagbag.py:539} INFO - Filling up the DagBag from /opt/airflow/dags/ingest_local_folder_dag.py
[2026-02-12T22:10:03.463+0000] {processor.py:839} INFO - DAG(s) dict_keys(['ingestionDAG']) retrieved from /opt/airflow/dags/ingest_local_folder_dag.py
[2026-02-12T22:10:03.550+0000] {logging_mixin.py:151} INFO - [2026-02-12T22:10:03.550+0000] {dag.py:2915} INFO - Sync 1 DAGs
[2026-02-12T22:10:03.608+0000] {logging_mixin.py:151} INFO - [2026-02-12T22:10:03.608+0000] {dag.py:3696} INFO - Setting next_dagrun for ingestionDAG to 2026-02-12T22:09:33.607606+00:00, run_after=2026-02-12T22:10:03.607606+00:00
[2026-02-12T22:10:03.649+0000] {processor.py:179} INFO - Processing /opt/airflow/dags/ingest_local_folder_dag.py took 0.762 seconds
[2026-02-12T22:10:33.941+0000] {processor.py:157} INFO - Started process (PID=2276) to work on /opt/airflow/dags/ingest_local_folder_dag.py
[2026-02-12T22:10:33.943+0000] {processor.py:829} INFO - Processing file /opt/airflow/dags/ingest_local_folder_dag.py for tasks to queue
[2026-02-12T22:10:33.946+0000] {logging_mixin.py:151} INFO - [2026-02-12T22:10:33.945+0000] {dagbag.py:539} INFO - Filling up the DagBag from /opt/airflow/dags/ingest_local_folder_dag.py
[2026-02-12T22:10:34.520+0000] {processor.py:839} INFO - DAG(s) dict_keys(['ingestionDAG']) retrieved from /opt/airflow/dags/ingest_local_folder_dag.py
[2026-02-12T22:10:34.606+0000] {logging_mixin.py:151} INFO - [2026-02-12T22:10:34.606+0000] {dag.py:2915} INFO - Sync 1 DAGs
[2026-02-12T22:10:34.665+0000] {logging_mixin.py:151} INFO - [2026-02-12T22:10:34.664+0000] {dag.py:3696} INFO - Setting next_dagrun for ingestionDAG to 2026-02-12T22:10:04.664181+00:00, run_after=2026-02-12T22:10:34.664181+00:00
[2026-02-12T22:10:34.707+0000] {processor.py:179} INFO - Processing /opt/airflow/dags/ingest_local_folder_dag.py took 0.777 seconds
[2026-02-12T22:11:04.883+0000] {processor.py:157} INFO - Started process (PID=2289) to work on /opt/airflow/dags/ingest_local_folder_dag.py
[2026-02-12T22:11:04.885+0000] {processor.py:829} INFO - Processing file /opt/airflow/dags/ingest_local_folder_dag.py for tasks to queue
[2026-02-12T22:11:04.888+0000] {logging_mixin.py:151} INFO - [2026-02-12T22:11:04.887+0000] {dagbag.py:539} INFO - Filling up the DagBag from /opt/airflow/dags/ingest_local_folder_dag.py
[2026-02-12T22:11:05.479+0000] {processor.py:839} INFO - DAG(s) dict_keys(['ingestionDAG']) retrieved from /opt/airflow/dags/ingest_local_folder_dag.py
[2026-02-12T22:11:05.576+0000] {logging_mixin.py:151} INFO - [2026-02-12T22:11:05.575+0000] {dag.py:2915} INFO - Sync 1 DAGs
[2026-02-12T22:11:05.644+0000] {logging_mixin.py:151} INFO - [2026-02-12T22:11:05.644+0000] {dag.py:3696} INFO - Setting next_dagrun for ingestionDAG to 2026-02-12T22:10:35.643456+00:00, run_after=2026-02-12T22:11:05.643456+00:00
[2026-02-12T22:11:05.691+0000] {processor.py:179} INFO - Processing /opt/airflow/dags/ingest_local_folder_dag.py took 0.820 seconds
[2026-02-12T22:11:35.866+0000] {processor.py:157} INFO - Started process (PID=2302) to work on /opt/airflow/dags/ingest_local_folder_dag.py
[2026-02-12T22:11:35.868+0000] {processor.py:829} INFO - Processing file /opt/airflow/dags/ingest_local_folder_dag.py for tasks to queue
[2026-02-12T22:11:35.870+0000] {logging_mixin.py:151} INFO - [2026-02-12T22:11:35.869+0000] {dagbag.py:539} INFO - Filling up the DagBag from /opt/airflow/dags/ingest_local_folder_dag.py
[2026-02-12T22:11:36.426+0000] {processor.py:839} INFO - DAG(s) dict_keys(['ingestionDAG']) retrieved from /opt/airflow/dags/ingest_local_folder_dag.py
[2026-02-12T22:11:36.515+0000] {logging_mixin.py:151} INFO - [2026-02-12T22:11:36.515+0000] {dag.py:2915} INFO - Sync 1 DAGs
[2026-02-12T22:11:36.574+0000] {logging_mixin.py:151} INFO - [2026-02-12T22:11:36.573+0000] {dag.py:3696} INFO - Setting next_dagrun for ingestionDAG to 2026-02-12T22:11:06.573331+00:00, run_after=2026-02-12T22:11:36.573331+00:00
[2026-02-12T22:11:36.615+0000] {processor.py:179} INFO - Processing /opt/airflow/dags/ingest_local_folder_dag.py took 0.760 seconds
[2026-02-12T22:12:06.865+0000] {processor.py:157} INFO - Started process (PID=2315) to work on /opt/airflow/dags/ingest_local_folder_dag.py
[2026-02-12T22:12:06.868+0000] {processor.py:829} INFO - Processing file /opt/airflow/dags/ingest_local_folder_dag.py for tasks to queue
[2026-02-12T22:12:06.870+0000] {logging_mixin.py:151} INFO - [2026-02-12T22:12:06.869+0000] {dagbag.py:539} INFO - Filling up the DagBag from /opt/airflow/dags/ingest_local_folder_dag.py
[2026-02-12T22:12:07.461+0000] {processor.py:839} INFO - DAG(s) dict_keys(['ingestionDAG']) retrieved from /opt/airflow/dags/ingest_local_folder_dag.py
[2026-02-12T22:12:07.554+0000] {logging_mixin.py:151} INFO - [2026-02-12T22:12:07.553+0000] {dag.py:2915} INFO - Sync 1 DAGs
[2026-02-12T22:12:07.616+0000] {logging_mixin.py:151} INFO - [2026-02-12T22:12:07.615+0000] {dag.py:3696} INFO - Setting next_dagrun for ingestionDAG to 2026-02-12T22:11:37.614980+00:00, run_after=2026-02-12T22:12:07.614980+00:00
[2026-02-12T22:12:07.657+0000] {processor.py:179} INFO - Processing /opt/airflow/dags/ingest_local_folder_dag.py took 0.803 seconds
[2026-02-12T22:12:37.932+0000] {processor.py:157} INFO - Started process (PID=2328) to work on /opt/airflow/dags/ingest_local_folder_dag.py
[2026-02-12T22:12:37.935+0000] {processor.py:829} INFO - Processing file /opt/airflow/dags/ingest_local_folder_dag.py for tasks to queue
[2026-02-12T22:12:37.937+0000] {logging_mixin.py:151} INFO - [2026-02-12T22:12:37.936+0000] {dagbag.py:539} INFO - Filling up the DagBag from /opt/airflow/dags/ingest_local_folder_dag.py
[2026-02-12T22:12:38.510+0000] {processor.py:839} INFO - DAG(s) dict_keys(['ingestionDAG']) retrieved from /opt/airflow/dags/ingest_local_folder_dag.py
[2026-02-12T22:12:38.605+0000] {logging_mixin.py:151} INFO - [2026-02-12T22:12:38.604+0000] {dag.py:2915} INFO - Sync 1 DAGs
[2026-02-12T22:12:38.666+0000] {logging_mixin.py:151} INFO - [2026-02-12T22:12:38.666+0000] {dag.py:3696} INFO - Setting next_dagrun for ingestionDAG to 2026-02-12T22:12:08.665467+00:00, run_after=2026-02-12T22:12:38.665467+00:00
[2026-02-12T22:12:38.709+0000] {processor.py:179} INFO - Processing /opt/airflow/dags/ingest_local_folder_dag.py took 0.787 seconds
[2026-02-12T22:13:08.966+0000] {processor.py:157} INFO - Started process (PID=2341) to work on /opt/airflow/dags/ingest_local_folder_dag.py
[2026-02-12T22:13:08.968+0000] {processor.py:829} INFO - Processing file /opt/airflow/dags/ingest_local_folder_dag.py for tasks to queue
[2026-02-12T22:13:08.971+0000] {logging_mixin.py:151} INFO - [2026-02-12T22:13:08.970+0000] {dagbag.py:539} INFO - Filling up the DagBag from /opt/airflow/dags/ingest_local_folder_dag.py
[2026-02-12T22:13:09.521+0000] {processor.py:839} INFO - DAG(s) dict_keys(['ingestionDAG']) retrieved from /opt/airflow/dags/ingest_local_folder_dag.py
[2026-02-12T22:13:09.608+0000] {logging_mixin.py:151} INFO - [2026-02-12T22:13:09.607+0000] {dag.py:2915} INFO - Sync 1 DAGs
[2026-02-12T22:13:09.669+0000] {logging_mixin.py:151} INFO - [2026-02-12T22:13:09.669+0000] {dag.py:3696} INFO - Setting next_dagrun for ingestionDAG to 2026-02-12T22:12:39.668839+00:00, run_after=2026-02-12T22:13:09.668839+00:00
[2026-02-12T22:13:09.711+0000] {processor.py:179} INFO - Processing /opt/airflow/dags/ingest_local_folder_dag.py took 0.755 seconds
[2026-02-12T22:13:39.956+0000] {processor.py:157} INFO - Started process (PID=2354) to work on /opt/airflow/dags/ingest_local_folder_dag.py
[2026-02-12T22:13:39.958+0000] {processor.py:829} INFO - Processing file /opt/airflow/dags/ingest_local_folder_dag.py for tasks to queue
[2026-02-12T22:13:39.960+0000] {logging_mixin.py:151} INFO - [2026-02-12T22:13:39.960+0000] {dagbag.py:539} INFO - Filling up the DagBag from /opt/airflow/dags/ingest_local_folder_dag.py
[2026-02-12T22:13:40.518+0000] {processor.py:839} INFO - DAG(s) dict_keys(['ingestionDAG']) retrieved from /opt/airflow/dags/ingest_local_folder_dag.py
[2026-02-12T22:13:40.608+0000] {logging_mixin.py:151} INFO - [2026-02-12T22:13:40.608+0000] {dag.py:2915} INFO - Sync 1 DAGs
[2026-02-12T22:13:40.668+0000] {logging_mixin.py:151} INFO - [2026-02-12T22:13:40.668+0000] {dag.py:3696} INFO - Setting next_dagrun for ingestionDAG to 2026-02-12T22:13:10.667698+00:00, run_after=2026-02-12T22:13:40.667698+00:00
[2026-02-12T22:13:40.709+0000] {processor.py:179} INFO - Processing /opt/airflow/dags/ingest_local_folder_dag.py took 0.764 seconds
[2026-02-12T22:14:10.978+0000] {processor.py:157} INFO - Started process (PID=2367) to work on /opt/airflow/dags/ingest_local_folder_dag.py
[2026-02-12T22:14:10.980+0000] {processor.py:829} INFO - Processing file /opt/airflow/dags/ingest_local_folder_dag.py for tasks to queue
[2026-02-12T22:14:10.982+0000] {logging_mixin.py:151} INFO - [2026-02-12T22:14:10.981+0000] {dagbag.py:539} INFO - Filling up the DagBag from /opt/airflow/dags/ingest_local_folder_dag.py
[2026-02-12T22:14:11.554+0000] {processor.py:839} INFO - DAG(s) dict_keys(['ingestionDAG']) retrieved from /opt/airflow/dags/ingest_local_folder_dag.py
[2026-02-12T22:14:11.651+0000] {logging_mixin.py:151} INFO - [2026-02-12T22:14:11.650+0000] {dag.py:2915} INFO - Sync 1 DAGs
[2026-02-12T22:14:11.714+0000] {logging_mixin.py:151} INFO - [2026-02-12T22:14:11.713+0000] {dag.py:3696} INFO - Setting next_dagrun for ingestionDAG to 2026-02-12T22:13:41.713013+00:00, run_after=2026-02-12T22:14:11.713013+00:00
[2026-02-12T22:14:11.757+0000] {processor.py:179} INFO - Processing /opt/airflow/dags/ingest_local_folder_dag.py took 0.789 seconds
[2026-02-12T22:14:41.990+0000] {processor.py:157} INFO - Started process (PID=2380) to work on /opt/airflow/dags/ingest_local_folder_dag.py
[2026-02-12T22:14:41.992+0000] {processor.py:829} INFO - Processing file /opt/airflow/dags/ingest_local_folder_dag.py for tasks to queue
[2026-02-12T22:14:41.994+0000] {logging_mixin.py:151} INFO - [2026-02-12T22:14:41.993+0000] {dagbag.py:539} INFO - Filling up the DagBag from /opt/airflow/dags/ingest_local_folder_dag.py
[2026-02-12T22:14:42.553+0000] {processor.py:839} INFO - DAG(s) dict_keys(['ingestionDAG']) retrieved from /opt/airflow/dags/ingest_local_folder_dag.py
[2026-02-12T22:14:42.641+0000] {logging_mixin.py:151} INFO - [2026-02-12T22:14:42.641+0000] {dag.py:2915} INFO - Sync 1 DAGs
[2026-02-12T22:14:42.701+0000] {logging_mixin.py:151} INFO - [2026-02-12T22:14:42.701+0000] {dag.py:3696} INFO - Setting next_dagrun for ingestionDAG to 2026-02-12T22:14:12.700804+00:00, run_after=2026-02-12T22:14:42.700804+00:00
[2026-02-12T22:14:42.745+0000] {processor.py:179} INFO - Processing /opt/airflow/dags/ingest_local_folder_dag.py took 0.765 seconds
[2026-02-12T22:15:12.979+0000] {processor.py:157} INFO - Started process (PID=2391) to work on /opt/airflow/dags/ingest_local_folder_dag.py
[2026-02-12T22:15:12.981+0000] {processor.py:829} INFO - Processing file /opt/airflow/dags/ingest_local_folder_dag.py for tasks to queue
[2026-02-12T22:15:12.983+0000] {logging_mixin.py:151} INFO - [2026-02-12T22:15:12.982+0000] {dagbag.py:539} INFO - Filling up the DagBag from /opt/airflow/dags/ingest_local_folder_dag.py
[2026-02-12T22:15:13.536+0000] {processor.py:839} INFO - DAG(s) dict_keys(['ingestionDAG']) retrieved from /opt/airflow/dags/ingest_local_folder_dag.py
[2026-02-12T22:15:13.624+0000] {logging_mixin.py:151} INFO - [2026-02-12T22:15:13.623+0000] {dag.py:2915} INFO - Sync 1 DAGs
[2026-02-12T22:15:13.690+0000] {logging_mixin.py:151} INFO - [2026-02-12T22:15:13.690+0000] {dag.py:3696} INFO - Setting next_dagrun for ingestionDAG to 2026-02-12T22:14:43.689820+00:00, run_after=2026-02-12T22:15:13.689820+00:00
[2026-02-12T22:15:13.736+0000] {processor.py:179} INFO - Processing /opt/airflow/dags/ingest_local_folder_dag.py took 0.768 seconds
[2026-02-12T22:15:44.045+0000] {processor.py:157} INFO - Started process (PID=2400) to work on /opt/airflow/dags/ingest_local_folder_dag.py
[2026-02-12T22:15:44.048+0000] {processor.py:829} INFO - Processing file /opt/airflow/dags/ingest_local_folder_dag.py for tasks to queue
[2026-02-12T22:15:44.051+0000] {logging_mixin.py:151} INFO - [2026-02-12T22:15:44.049+0000] {dagbag.py:539} INFO - Filling up the DagBag from /opt/airflow/dags/ingest_local_folder_dag.py
[2026-02-12T22:15:44.640+0000] {processor.py:839} INFO - DAG(s) dict_keys(['ingestionDAG']) retrieved from /opt/airflow/dags/ingest_local_folder_dag.py
[2026-02-12T22:15:44.740+0000] {logging_mixin.py:151} INFO - [2026-02-12T22:15:44.739+0000] {dag.py:2915} INFO - Sync 1 DAGs
[2026-02-12T22:15:44.805+0000] {logging_mixin.py:151} INFO - [2026-02-12T22:15:44.804+0000] {dag.py:3696} INFO - Setting next_dagrun for ingestionDAG to 2026-02-12T22:15:14.803920+00:00, run_after=2026-02-12T22:15:44.803920+00:00
[2026-02-12T22:15:44.852+0000] {processor.py:179} INFO - Processing /opt/airflow/dags/ingest_local_folder_dag.py took 0.817 seconds
[2026-02-12T22:16:15.046+0000] {processor.py:157} INFO - Started process (PID=2413) to work on /opt/airflow/dags/ingest_local_folder_dag.py
[2026-02-12T22:16:15.048+0000] {processor.py:829} INFO - Processing file /opt/airflow/dags/ingest_local_folder_dag.py for tasks to queue
[2026-02-12T22:16:15.051+0000] {logging_mixin.py:151} INFO - [2026-02-12T22:16:15.050+0000] {dagbag.py:539} INFO - Filling up the DagBag from /opt/airflow/dags/ingest_local_folder_dag.py
[2026-02-12T22:16:15.641+0000] {processor.py:839} INFO - DAG(s) dict_keys(['ingestionDAG']) retrieved from /opt/airflow/dags/ingest_local_folder_dag.py
[2026-02-12T22:16:15.742+0000] {logging_mixin.py:151} INFO - [2026-02-12T22:16:15.741+0000] {dag.py:2915} INFO - Sync 1 DAGs
[2026-02-12T22:16:15.807+0000] {logging_mixin.py:151} INFO - [2026-02-12T22:16:15.806+0000] {dag.py:3696} INFO - Setting next_dagrun for ingestionDAG to 2026-02-12T22:15:45.805876+00:00, run_after=2026-02-12T22:16:15.805876+00:00
[2026-02-12T22:16:15.848+0000] {processor.py:179} INFO - Processing /opt/airflow/dags/ingest_local_folder_dag.py took 0.813 seconds
[2026-02-12T22:16:46.490+0000] {processor.py:157} INFO - Started process (PID=2426) to work on /opt/airflow/dags/ingest_local_folder_dag.py
[2026-02-12T22:16:46.492+0000] {processor.py:829} INFO - Processing file /opt/airflow/dags/ingest_local_folder_dag.py for tasks to queue
[2026-02-12T22:16:46.495+0000] {logging_mixin.py:151} INFO - [2026-02-12T22:16:46.493+0000] {dagbag.py:539} INFO - Filling up the DagBag from /opt/airflow/dags/ingest_local_folder_dag.py
[2026-02-12T22:16:47.057+0000] {processor.py:839} INFO - DAG(s) dict_keys(['ingestionDAG']) retrieved from /opt/airflow/dags/ingest_local_folder_dag.py
[2026-02-12T22:16:47.155+0000] {logging_mixin.py:151} INFO - [2026-02-12T22:16:47.154+0000] {dag.py:2915} INFO - Sync 1 DAGs
[2026-02-12T22:16:47.220+0000] {logging_mixin.py:151} INFO - [2026-02-12T22:16:47.219+0000] {dag.py:3696} INFO - Setting next_dagrun for ingestionDAG to 2026-02-12T22:16:17.218827+00:00, run_after=2026-02-12T22:16:47.218827+00:00
[2026-02-12T22:16:47.265+0000] {processor.py:179} INFO - Processing /opt/airflow/dags/ingest_local_folder_dag.py took 0.786 seconds
[2026-02-12T22:17:17.532+0000] {processor.py:157} INFO - Started process (PID=2439) to work on /opt/airflow/dags/ingest_local_folder_dag.py
[2026-02-12T22:17:17.535+0000] {processor.py:829} INFO - Processing file /opt/airflow/dags/ingest_local_folder_dag.py for tasks to queue
[2026-02-12T22:17:17.537+0000] {logging_mixin.py:151} INFO - [2026-02-12T22:17:17.536+0000] {dagbag.py:539} INFO - Filling up the DagBag from /opt/airflow/dags/ingest_local_folder_dag.py
[2026-02-12T22:17:18.149+0000] {processor.py:839} INFO - DAG(s) dict_keys(['ingestionDAG']) retrieved from /opt/airflow/dags/ingest_local_folder_dag.py
[2026-02-12T22:17:18.248+0000] {logging_mixin.py:151} INFO - [2026-02-12T22:17:18.248+0000] {dag.py:2915} INFO - Sync 1 DAGs
[2026-02-12T22:17:18.319+0000] {logging_mixin.py:151} INFO - [2026-02-12T22:17:18.319+0000] {dag.py:3696} INFO - Setting next_dagrun for ingestionDAG to 2026-02-12T22:16:48.318484+00:00, run_after=2026-02-12T22:17:18.318484+00:00
[2026-02-12T22:17:18.367+0000] {processor.py:179} INFO - Processing /opt/airflow/dags/ingest_local_folder_dag.py took 0.848 seconds
[2026-02-12T22:17:48.626+0000] {processor.py:157} INFO - Started process (PID=2452) to work on /opt/airflow/dags/ingest_local_folder_dag.py
[2026-02-12T22:17:48.628+0000] {processor.py:829} INFO - Processing file /opt/airflow/dags/ingest_local_folder_dag.py for tasks to queue
[2026-02-12T22:17:48.630+0000] {logging_mixin.py:151} INFO - [2026-02-12T22:17:48.629+0000] {dagbag.py:539} INFO - Filling up the DagBag from /opt/airflow/dags/ingest_local_folder_dag.py
[2026-02-12T22:17:49.186+0000] {processor.py:839} INFO - DAG(s) dict_keys(['ingestionDAG']) retrieved from /opt/airflow/dags/ingest_local_folder_dag.py
[2026-02-12T22:17:49.273+0000] {logging_mixin.py:151} INFO - [2026-02-12T22:17:49.272+0000] {dag.py:2915} INFO - Sync 1 DAGs
[2026-02-12T22:17:49.332+0000] {logging_mixin.py:151} INFO - [2026-02-12T22:17:49.332+0000] {dag.py:3696} INFO - Setting next_dagrun for ingestionDAG to 2026-02-12T22:17:19.331370+00:00, run_after=2026-02-12T22:17:49.331370+00:00
[2026-02-12T22:17:49.374+0000] {processor.py:179} INFO - Processing /opt/airflow/dags/ingest_local_folder_dag.py took 0.758 seconds
[2026-02-12T22:18:19.637+0000] {processor.py:157} INFO - Started process (PID=2465) to work on /opt/airflow/dags/ingest_local_folder_dag.py
[2026-02-12T22:18:19.639+0000] {processor.py:829} INFO - Processing file /opt/airflow/dags/ingest_local_folder_dag.py for tasks to queue
[2026-02-12T22:18:19.642+0000] {logging_mixin.py:151} INFO - [2026-02-12T22:18:19.641+0000] {dagbag.py:539} INFO - Filling up the DagBag from /opt/airflow/dags/ingest_local_folder_dag.py
[2026-02-12T22:18:20.272+0000] {processor.py:839} INFO - DAG(s) dict_keys(['ingestionDAG']) retrieved from /opt/airflow/dags/ingest_local_folder_dag.py
[2026-02-12T22:18:20.367+0000] {logging_mixin.py:151} INFO - [2026-02-12T22:18:20.366+0000] {dag.py:2915} INFO - Sync 1 DAGs
[2026-02-12T22:18:20.432+0000] {logging_mixin.py:151} INFO - [2026-02-12T22:18:20.432+0000] {dag.py:3696} INFO - Setting next_dagrun for ingestionDAG to 2026-02-12T22:17:50.431354+00:00, run_after=2026-02-12T22:18:20.431354+00:00
[2026-02-12T22:18:20.474+0000] {processor.py:179} INFO - Processing /opt/airflow/dags/ingest_local_folder_dag.py took 0.847 seconds
[2026-02-12T22:18:50.708+0000] {processor.py:157} INFO - Started process (PID=2478) to work on /opt/airflow/dags/ingest_local_folder_dag.py
[2026-02-12T22:18:50.711+0000] {processor.py:829} INFO - Processing file /opt/airflow/dags/ingest_local_folder_dag.py for tasks to queue
[2026-02-12T22:18:50.713+0000] {logging_mixin.py:151} INFO - [2026-02-12T22:18:50.712+0000] {dagbag.py:539} INFO - Filling up the DagBag from /opt/airflow/dags/ingest_local_folder_dag.py
[2026-02-12T22:18:51.294+0000] {processor.py:839} INFO - DAG(s) dict_keys(['ingestionDAG']) retrieved from /opt/airflow/dags/ingest_local_folder_dag.py
[2026-02-12T22:18:51.394+0000] {logging_mixin.py:151} INFO - [2026-02-12T22:18:51.393+0000] {dag.py:2915} INFO - Sync 1 DAGs
[2026-02-12T22:18:51.462+0000] {logging_mixin.py:151} INFO - [2026-02-12T22:18:51.461+0000] {dag.py:3696} INFO - Setting next_dagrun for ingestionDAG to 2026-02-12T22:18:21.461169+00:00, run_after=2026-02-12T22:18:51.461169+00:00
[2026-02-12T22:18:51.505+0000] {processor.py:179} INFO - Processing /opt/airflow/dags/ingest_local_folder_dag.py took 0.808 seconds
[2026-02-12T22:19:22.137+0000] {processor.py:157} INFO - Started process (PID=2491) to work on /opt/airflow/dags/ingest_local_folder_dag.py
[2026-02-12T22:19:22.139+0000] {processor.py:829} INFO - Processing file /opt/airflow/dags/ingest_local_folder_dag.py for tasks to queue
[2026-02-12T22:19:22.141+0000] {logging_mixin.py:151} INFO - [2026-02-12T22:19:22.140+0000] {dagbag.py:539} INFO - Filling up the DagBag from /opt/airflow/dags/ingest_local_folder_dag.py
[2026-02-12T22:19:22.693+0000] {processor.py:839} INFO - DAG(s) dict_keys(['ingestionDAG']) retrieved from /opt/airflow/dags/ingest_local_folder_dag.py
[2026-02-12T22:19:22.783+0000] {logging_mixin.py:151} INFO - [2026-02-12T22:19:22.782+0000] {dag.py:2915} INFO - Sync 1 DAGs
[2026-02-12T22:19:22.841+0000] {logging_mixin.py:151} INFO - [2026-02-12T22:19:22.841+0000] {dag.py:3696} INFO - Setting next_dagrun for ingestionDAG to 2026-02-12T22:18:52.840414+00:00, run_after=2026-02-12T22:19:22.840414+00:00
[2026-02-12T22:19:22.882+0000] {processor.py:179} INFO - Processing /opt/airflow/dags/ingest_local_folder_dag.py took 0.756 seconds
[2026-02-12T22:19:53.133+0000] {processor.py:157} INFO - Started process (PID=2504) to work on /opt/airflow/dags/ingest_local_folder_dag.py
[2026-02-12T22:19:53.135+0000] {processor.py:829} INFO - Processing file /opt/airflow/dags/ingest_local_folder_dag.py for tasks to queue
[2026-02-12T22:19:53.137+0000] {logging_mixin.py:151} INFO - [2026-02-12T22:19:53.136+0000] {dagbag.py:539} INFO - Filling up the DagBag from /opt/airflow/dags/ingest_local_folder_dag.py
[2026-02-12T22:19:53.711+0000] {processor.py:839} INFO - DAG(s) dict_keys(['ingestionDAG']) retrieved from /opt/airflow/dags/ingest_local_folder_dag.py
[2026-02-12T22:19:53.807+0000] {logging_mixin.py:151} INFO - [2026-02-12T22:19:53.806+0000] {dag.py:2915} INFO - Sync 1 DAGs
[2026-02-12T22:19:53.871+0000] {logging_mixin.py:151} INFO - [2026-02-12T22:19:53.871+0000] {dag.py:3696} INFO - Setting next_dagrun for ingestionDAG to 2026-02-12T22:19:23.870661+00:00, run_after=2026-02-12T22:19:53.870661+00:00
[2026-02-12T22:19:53.918+0000] {processor.py:179} INFO - Processing /opt/airflow/dags/ingest_local_folder_dag.py took 0.796 seconds
[2026-02-12T22:20:24.252+0000] {processor.py:157} INFO - Started process (PID=2517) to work on /opt/airflow/dags/ingest_local_folder_dag.py
[2026-02-12T22:20:24.255+0000] {processor.py:829} INFO - Processing file /opt/airflow/dags/ingest_local_folder_dag.py for tasks to queue
[2026-02-12T22:20:24.257+0000] {logging_mixin.py:151} INFO - [2026-02-12T22:20:24.256+0000] {dagbag.py:539} INFO - Filling up the DagBag from /opt/airflow/dags/ingest_local_folder_dag.py
[2026-02-12T22:20:24.832+0000] {processor.py:839} INFO - DAG(s) dict_keys(['ingestionDAG']) retrieved from /opt/airflow/dags/ingest_local_folder_dag.py
[2026-02-12T22:20:24.925+0000] {logging_mixin.py:151} INFO - [2026-02-12T22:20:24.924+0000] {dag.py:2915} INFO - Sync 1 DAGs
[2026-02-12T22:20:24.989+0000] {logging_mixin.py:151} INFO - [2026-02-12T22:20:24.989+0000] {dag.py:3696} INFO - Setting next_dagrun for ingestionDAG to 2026-02-12T22:19:54.988368+00:00, run_after=2026-02-12T22:20:24.988368+00:00
[2026-02-12T22:20:25.036+0000] {processor.py:179} INFO - Processing /opt/airflow/dags/ingest_local_folder_dag.py took 0.795 seconds
[2026-02-12T22:20:55.194+0000] {processor.py:157} INFO - Started process (PID=2530) to work on /opt/airflow/dags/ingest_local_folder_dag.py
[2026-02-12T22:20:55.196+0000] {processor.py:829} INFO - Processing file /opt/airflow/dags/ingest_local_folder_dag.py for tasks to queue
[2026-02-12T22:20:55.198+0000] {logging_mixin.py:151} INFO - [2026-02-12T22:20:55.197+0000] {dagbag.py:539} INFO - Filling up the DagBag from /opt/airflow/dags/ingest_local_folder_dag.py
[2026-02-12T22:20:55.764+0000] {processor.py:839} INFO - DAG(s) dict_keys(['ingestionDAG']) retrieved from /opt/airflow/dags/ingest_local_folder_dag.py
[2026-02-12T22:20:55.852+0000] {logging_mixin.py:151} INFO - [2026-02-12T22:20:55.851+0000] {dag.py:2915} INFO - Sync 1 DAGs
[2026-02-12T22:20:55.916+0000] {logging_mixin.py:151} INFO - [2026-02-12T22:20:55.916+0000] {dag.py:3696} INFO - Setting next_dagrun for ingestionDAG to 2026-02-12T22:20:25.915666+00:00, run_after=2026-02-12T22:20:55.915666+00:00
[2026-02-12T22:20:55.961+0000] {processor.py:179} INFO - Processing /opt/airflow/dags/ingest_local_folder_dag.py took 0.778 seconds
[2026-02-12T22:21:26.689+0000] {processor.py:157} INFO - Started process (PID=2543) to work on /opt/airflow/dags/ingest_local_folder_dag.py
[2026-02-12T22:21:26.691+0000] {processor.py:829} INFO - Processing file /opt/airflow/dags/ingest_local_folder_dag.py for tasks to queue
[2026-02-12T22:21:26.693+0000] {logging_mixin.py:151} INFO - [2026-02-12T22:21:26.692+0000] {dagbag.py:539} INFO - Filling up the DagBag from /opt/airflow/dags/ingest_local_folder_dag.py
[2026-02-12T22:21:27.250+0000] {processor.py:839} INFO - DAG(s) dict_keys(['ingestionDAG']) retrieved from /opt/airflow/dags/ingest_local_folder_dag.py
[2026-02-12T22:21:27.341+0000] {logging_mixin.py:151} INFO - [2026-02-12T22:21:27.340+0000] {dag.py:2915} INFO - Sync 1 DAGs
[2026-02-12T22:21:27.399+0000] {logging_mixin.py:151} INFO - [2026-02-12T22:21:27.399+0000] {dag.py:3696} INFO - Setting next_dagrun for ingestionDAG to 2026-02-12T22:20:57.398638+00:00, run_after=2026-02-12T22:21:27.398638+00:00
[2026-02-12T22:21:27.441+0000] {processor.py:179} INFO - Processing /opt/airflow/dags/ingest_local_folder_dag.py took 0.762 seconds
[2026-02-12T22:36:09.969+0000] {processor.py:157} INFO - Started process (PID=167) to work on /opt/airflow/dags/ingest_local_folder_dag.py
[2026-02-12T22:36:09.974+0000] {processor.py:829} INFO - Processing file /opt/airflow/dags/ingest_local_folder_dag.py for tasks to queue
[2026-02-12T22:36:09.982+0000] {logging_mixin.py:151} INFO - [2026-02-12T22:36:09.978+0000] {dagbag.py:539} INFO - Filling up the DagBag from /opt/airflow/dags/ingest_local_folder_dag.py
[2026-02-12T22:36:10.685+0000] {processor.py:839} INFO - DAG(s) dict_keys(['ingestionDAG']) retrieved from /opt/airflow/dags/ingest_local_folder_dag.py
[2026-02-12T22:36:11.010+0000] {logging_mixin.py:151} INFO - [2026-02-12T22:36:11.010+0000] {dag.py:2915} INFO - Sync 1 DAGs
[2026-02-12T22:36:11.096+0000] {logging_mixin.py:151} INFO - [2026-02-12T22:36:11.095+0000] {dag.py:3696} INFO - Setting next_dagrun for ingestionDAG to 2026-02-12T22:35:41.094977+00:00, run_after=2026-02-12T22:36:11.094977+00:00
[2026-02-12T22:36:11.175+0000] {processor.py:179} INFO - Processing /opt/airflow/dags/ingest_local_folder_dag.py took 1.230 seconds
[2026-02-12T22:36:41.725+0000] {processor.py:157} INFO - Started process (PID=188) to work on /opt/airflow/dags/ingest_local_folder_dag.py
[2026-02-12T22:36:41.732+0000] {processor.py:829} INFO - Processing file /opt/airflow/dags/ingest_local_folder_dag.py for tasks to queue
[2026-02-12T22:36:41.736+0000] {logging_mixin.py:151} INFO - [2026-02-12T22:36:41.733+0000] {dagbag.py:539} INFO - Filling up the DagBag from /opt/airflow/dags/ingest_local_folder_dag.py
[2026-02-12T22:36:42.433+0000] {processor.py:839} INFO - DAG(s) dict_keys(['ingestionDAG']) retrieved from /opt/airflow/dags/ingest_local_folder_dag.py
[2026-02-12T22:36:42.565+0000] {logging_mixin.py:151} INFO - [2026-02-12T22:36:42.564+0000] {dag.py:2915} INFO - Sync 1 DAGs
[2026-02-12T22:36:42.784+0000] {logging_mixin.py:151} INFO - [2026-02-12T22:36:42.779+0000] {dag.py:3696} INFO - Setting next_dagrun for ingestionDAG to 2026-02-12T22:36:12.778446+00:00, run_after=2026-02-12T22:36:42.778446+00:00
[2026-02-12T22:36:42.897+0000] {processor.py:179} INFO - Processing /opt/airflow/dags/ingest_local_folder_dag.py took 1.206 seconds
[2026-02-12T22:37:13.335+0000] {processor.py:157} INFO - Started process (PID=205) to work on /opt/airflow/dags/ingest_local_folder_dag.py
[2026-02-12T22:37:13.339+0000] {processor.py:829} INFO - Processing file /opt/airflow/dags/ingest_local_folder_dag.py for tasks to queue
[2026-02-12T22:37:13.343+0000] {logging_mixin.py:151} INFO - [2026-02-12T22:37:13.341+0000] {dagbag.py:539} INFO - Filling up the DagBag from /opt/airflow/dags/ingest_local_folder_dag.py
[2026-02-12T22:37:13.974+0000] {processor.py:839} INFO - DAG(s) dict_keys(['ingestionDAG']) retrieved from /opt/airflow/dags/ingest_local_folder_dag.py
[2026-02-12T22:37:14.067+0000] {logging_mixin.py:151} INFO - [2026-02-12T22:37:14.067+0000] {dag.py:2915} INFO - Sync 1 DAGs
[2026-02-12T22:37:14.149+0000] {logging_mixin.py:151} INFO - [2026-02-12T22:37:14.149+0000] {dag.py:3696} INFO - Setting next_dagrun for ingestionDAG to 2026-02-12T22:36:44.148697+00:00, run_after=2026-02-12T22:37:14.148697+00:00
[2026-02-12T22:37:14.603+0000] {processor.py:179} INFO - Processing /opt/airflow/dags/ingest_local_folder_dag.py took 1.281 seconds
[2026-02-12T22:37:44.920+0000] {processor.py:157} INFO - Started process (PID=225) to work on /opt/airflow/dags/ingest_local_folder_dag.py
[2026-02-12T22:37:44.923+0000] {processor.py:829} INFO - Processing file /opt/airflow/dags/ingest_local_folder_dag.py for tasks to queue
[2026-02-12T22:37:44.926+0000] {logging_mixin.py:151} INFO - [2026-02-12T22:37:44.925+0000] {dagbag.py:539} INFO - Filling up the DagBag from /opt/airflow/dags/ingest_local_folder_dag.py
[2026-02-12T22:37:45.541+0000] {processor.py:839} INFO - DAG(s) dict_keys(['ingestionDAG']) retrieved from /opt/airflow/dags/ingest_local_folder_dag.py
[2026-02-12T22:37:45.630+0000] {logging_mixin.py:151} INFO - [2026-02-12T22:37:45.630+0000] {dag.py:2915} INFO - Sync 1 DAGs
[2026-02-12T22:37:46.025+0000] {logging_mixin.py:151} INFO - [2026-02-12T22:37:46.025+0000] {dag.py:3696} INFO - Setting next_dagrun for ingestionDAG to 2026-02-12T22:37:16.024861+00:00, run_after=2026-02-12T22:37:46.024861+00:00
[2026-02-12T22:37:46.087+0000] {processor.py:179} INFO - Processing /opt/airflow/dags/ingest_local_folder_dag.py took 1.176 seconds
[2026-02-12T22:38:16.268+0000] {processor.py:157} INFO - Started process (PID=238) to work on /opt/airflow/dags/ingest_local_folder_dag.py
[2026-02-12T22:38:16.271+0000] {processor.py:829} INFO - Processing file /opt/airflow/dags/ingest_local_folder_dag.py for tasks to queue
[2026-02-12T22:38:16.273+0000] {logging_mixin.py:151} INFO - [2026-02-12T22:38:16.272+0000] {dagbag.py:539} INFO - Filling up the DagBag from /opt/airflow/dags/ingest_local_folder_dag.py
[2026-02-12T22:38:16.843+0000] {processor.py:839} INFO - DAG(s) dict_keys(['ingestionDAG']) retrieved from /opt/airflow/dags/ingest_local_folder_dag.py
[2026-02-12T22:38:17.268+0000] {logging_mixin.py:151} INFO - [2026-02-12T22:38:17.267+0000] {dag.py:2915} INFO - Sync 1 DAGs
[2026-02-12T22:38:17.324+0000] {logging_mixin.py:151} INFO - [2026-02-12T22:38:17.323+0000] {dag.py:3696} INFO - Setting next_dagrun for ingestionDAG to 2026-02-12T22:37:47.323140+00:00, run_after=2026-02-12T22:38:17.323140+00:00
[2026-02-12T22:38:17.365+0000] {processor.py:179} INFO - Processing /opt/airflow/dags/ingest_local_folder_dag.py took 1.107 seconds
[2026-02-12T22:38:47.674+0000] {processor.py:157} INFO - Started process (PID=251) to work on /opt/airflow/dags/ingest_local_folder_dag.py
[2026-02-12T22:38:47.677+0000] {processor.py:829} INFO - Processing file /opt/airflow/dags/ingest_local_folder_dag.py for tasks to queue
[2026-02-12T22:38:47.679+0000] {logging_mixin.py:151} INFO - [2026-02-12T22:38:47.678+0000] {dagbag.py:539} INFO - Filling up the DagBag from /opt/airflow/dags/ingest_local_folder_dag.py
[2026-02-12T22:38:48.685+0000] {processor.py:839} INFO - DAG(s) dict_keys(['ingestionDAG']) retrieved from /opt/airflow/dags/ingest_local_folder_dag.py
[2026-02-12T22:38:48.777+0000] {logging_mixin.py:151} INFO - [2026-02-12T22:38:48.776+0000] {dag.py:2915} INFO - Sync 1 DAGs
[2026-02-12T22:38:48.842+0000] {logging_mixin.py:151} INFO - [2026-02-12T22:38:48.841+0000] {dag.py:3696} INFO - Setting next_dagrun for ingestionDAG to 2026-02-12T22:38:18.841236+00:00, run_after=2026-02-12T22:38:48.841236+00:00
[2026-02-12T22:38:48.887+0000] {processor.py:179} INFO - Processing /opt/airflow/dags/ingest_local_folder_dag.py took 1.223 seconds
[2026-02-12T22:39:19.242+0000] {processor.py:157} INFO - Started process (PID=265) to work on /opt/airflow/dags/ingest_local_folder_dag.py
[2026-02-12T22:39:19.244+0000] {processor.py:829} INFO - Processing file /opt/airflow/dags/ingest_local_folder_dag.py for tasks to queue
[2026-02-12T22:39:19.248+0000] {logging_mixin.py:151} INFO - [2026-02-12T22:39:19.246+0000] {dagbag.py:539} INFO - Filling up the DagBag from /opt/airflow/dags/ingest_local_folder_dag.py
[2026-02-12T22:39:20.255+0000] {processor.py:839} INFO - DAG(s) dict_keys(['ingestionDAG']) retrieved from /opt/airflow/dags/ingest_local_folder_dag.py
[2026-02-12T22:39:20.352+0000] {logging_mixin.py:151} INFO - [2026-02-12T22:39:20.351+0000] {dag.py:2915} INFO - Sync 1 DAGs
[2026-02-12T22:39:20.413+0000] {logging_mixin.py:151} INFO - [2026-02-12T22:39:20.413+0000] {dag.py:3696} INFO - Setting next_dagrun for ingestionDAG to 2026-02-12T22:38:50.412709+00:00, run_after=2026-02-12T22:39:20.412709+00:00
[2026-02-12T22:39:20.470+0000] {processor.py:179} INFO - Processing /opt/airflow/dags/ingest_local_folder_dag.py took 1.245 seconds
[2026-02-12T22:39:50.788+0000] {processor.py:157} INFO - Started process (PID=278) to work on /opt/airflow/dags/ingest_local_folder_dag.py
[2026-02-12T22:39:50.791+0000] {processor.py:829} INFO - Processing file /opt/airflow/dags/ingest_local_folder_dag.py for tasks to queue
[2026-02-12T22:39:50.794+0000] {logging_mixin.py:151} INFO - [2026-02-12T22:39:50.792+0000] {dagbag.py:539} INFO - Filling up the DagBag from /opt/airflow/dags/ingest_local_folder_dag.py
[2026-02-12T22:39:51.751+0000] {processor.py:839} INFO - DAG(s) dict_keys(['ingestionDAG']) retrieved from /opt/airflow/dags/ingest_local_folder_dag.py
[2026-02-12T22:39:51.838+0000] {logging_mixin.py:151} INFO - [2026-02-12T22:39:51.837+0000] {dag.py:2915} INFO - Sync 1 DAGs
[2026-02-12T22:39:51.901+0000] {logging_mixin.py:151} INFO - [2026-02-12T22:39:51.901+0000] {dag.py:3696} INFO - Setting next_dagrun for ingestionDAG to 2026-02-12T22:39:21.900809+00:00, run_after=2026-02-12T22:39:51.900809+00:00
[2026-02-12T22:39:51.951+0000] {processor.py:179} INFO - Processing /opt/airflow/dags/ingest_local_folder_dag.py took 1.175 seconds
[2026-02-12T22:40:22.230+0000] {processor.py:157} INFO - Started process (PID=291) to work on /opt/airflow/dags/ingest_local_folder_dag.py
[2026-02-12T22:40:22.233+0000] {processor.py:829} INFO - Processing file /opt/airflow/dags/ingest_local_folder_dag.py for tasks to queue
[2026-02-12T22:40:22.237+0000] {logging_mixin.py:151} INFO - [2026-02-12T22:40:22.234+0000] {dagbag.py:539} INFO - Filling up the DagBag from /opt/airflow/dags/ingest_local_folder_dag.py
[2026-02-12T22:40:23.113+0000] {processor.py:839} INFO - DAG(s) dict_keys(['ingestionDAG']) retrieved from /opt/airflow/dags/ingest_local_folder_dag.py
[2026-02-12T22:40:23.193+0000] {logging_mixin.py:151} INFO - [2026-02-12T22:40:23.191+0000] {dag.py:2915} INFO - Sync 1 DAGs
[2026-02-12T22:40:23.248+0000] {logging_mixin.py:151} INFO - [2026-02-12T22:40:23.248+0000] {dag.py:3696} INFO - Setting next_dagrun for ingestionDAG to 2026-02-12T22:39:53.248034+00:00, run_after=2026-02-12T22:40:23.248034+00:00
[2026-02-12T22:40:23.288+0000] {processor.py:179} INFO - Processing /opt/airflow/dags/ingest_local_folder_dag.py took 1.068 seconds
[2026-02-12T22:40:53.463+0000] {processor.py:157} INFO - Started process (PID=304) to work on /opt/airflow/dags/ingest_local_folder_dag.py
[2026-02-12T22:40:53.465+0000] {processor.py:829} INFO - Processing file /opt/airflow/dags/ingest_local_folder_dag.py for tasks to queue
[2026-02-12T22:40:53.468+0000] {logging_mixin.py:151} INFO - [2026-02-12T22:40:53.467+0000] {dagbag.py:539} INFO - Filling up the DagBag from /opt/airflow/dags/ingest_local_folder_dag.py
[2026-02-12T22:40:54.040+0000] {processor.py:839} INFO - DAG(s) dict_keys(['ingestionDAG']) retrieved from /opt/airflow/dags/ingest_local_folder_dag.py
[2026-02-12T22:40:54.483+0000] {logging_mixin.py:151} INFO - [2026-02-12T22:40:54.483+0000] {dag.py:2915} INFO - Sync 1 DAGs
[2026-02-12T22:40:54.542+0000] {logging_mixin.py:151} INFO - [2026-02-12T22:40:54.541+0000] {dag.py:3696} INFO - Setting next_dagrun for ingestionDAG to 2026-02-12T22:40:24.541451+00:00, run_after=2026-02-12T22:40:54.541451+00:00
[2026-02-12T22:40:54.587+0000] {processor.py:179} INFO - Processing /opt/airflow/dags/ingest_local_folder_dag.py took 1.135 seconds
[2026-02-12T22:41:24.788+0000] {processor.py:157} INFO - Started process (PID=317) to work on /opt/airflow/dags/ingest_local_folder_dag.py
[2026-02-12T22:41:24.793+0000] {processor.py:829} INFO - Processing file /opt/airflow/dags/ingest_local_folder_dag.py for tasks to queue
[2026-02-12T22:41:24.798+0000] {logging_mixin.py:151} INFO - [2026-02-12T22:41:24.797+0000] {dagbag.py:539} INFO - Filling up the DagBag from /opt/airflow/dags/ingest_local_folder_dag.py
[2026-02-12T22:41:25.863+0000] {processor.py:839} INFO - DAG(s) dict_keys(['ingestionDAG']) retrieved from /opt/airflow/dags/ingest_local_folder_dag.py
[2026-02-12T22:41:25.980+0000] {logging_mixin.py:151} INFO - [2026-02-12T22:41:25.980+0000] {dag.py:2915} INFO - Sync 1 DAGs
[2026-02-12T22:41:26.061+0000] {logging_mixin.py:151} INFO - [2026-02-12T22:41:26.060+0000] {dag.py:3696} INFO - Setting next_dagrun for ingestionDAG to 2026-02-12T22:40:56.060141+00:00, run_after=2026-02-12T22:41:26.060141+00:00
[2026-02-12T22:41:26.122+0000] {processor.py:179} INFO - Processing /opt/airflow/dags/ingest_local_folder_dag.py took 1.356 seconds
[2026-02-12T22:41:57.053+0000] {processor.py:157} INFO - Started process (PID=330) to work on /opt/airflow/dags/ingest_local_folder_dag.py
[2026-02-12T22:41:57.055+0000] {processor.py:829} INFO - Processing file /opt/airflow/dags/ingest_local_folder_dag.py for tasks to queue
[2026-02-12T22:41:57.058+0000] {logging_mixin.py:151} INFO - [2026-02-12T22:41:57.057+0000] {dagbag.py:539} INFO - Filling up the DagBag from /opt/airflow/dags/ingest_local_folder_dag.py
[2026-02-12T22:41:57.925+0000] {processor.py:839} INFO - DAG(s) dict_keys(['ingestionDAG']) retrieved from /opt/airflow/dags/ingest_local_folder_dag.py
[2026-02-12T22:41:58.004+0000] {logging_mixin.py:151} INFO - [2026-02-12T22:41:58.004+0000] {dag.py:2915} INFO - Sync 1 DAGs
[2026-02-12T22:41:58.061+0000] {logging_mixin.py:151} INFO - [2026-02-12T22:41:58.060+0000] {dag.py:3696} INFO - Setting next_dagrun for ingestionDAG to 2026-02-12T22:41:28.060311+00:00, run_after=2026-02-12T22:41:58.060311+00:00
[2026-02-12T22:41:58.102+0000] {processor.py:179} INFO - Processing /opt/airflow/dags/ingest_local_folder_dag.py took 1.059 seconds
[2026-02-12T22:42:28.252+0000] {processor.py:157} INFO - Started process (PID=343) to work on /opt/airflow/dags/ingest_local_folder_dag.py
[2026-02-12T22:42:28.254+0000] {processor.py:829} INFO - Processing file /opt/airflow/dags/ingest_local_folder_dag.py for tasks to queue
[2026-02-12T22:42:28.256+0000] {logging_mixin.py:151} INFO - [2026-02-12T22:42:28.255+0000] {dagbag.py:539} INFO - Filling up the DagBag from /opt/airflow/dags/ingest_local_folder_dag.py
[2026-02-12T22:42:29.141+0000] {processor.py:839} INFO - DAG(s) dict_keys(['ingestionDAG']) retrieved from /opt/airflow/dags/ingest_local_folder_dag.py
[2026-02-12T22:42:29.226+0000] {logging_mixin.py:151} INFO - [2026-02-12T22:42:29.225+0000] {dag.py:2915} INFO - Sync 1 DAGs
[2026-02-12T22:42:29.288+0000] {logging_mixin.py:151} INFO - [2026-02-12T22:42:29.288+0000] {dag.py:3696} INFO - Setting next_dagrun for ingestionDAG to 2026-02-12T22:41:59.287938+00:00, run_after=2026-02-12T22:42:29.287938+00:00
[2026-02-12T22:42:29.338+0000] {processor.py:179} INFO - Processing /opt/airflow/dags/ingest_local_folder_dag.py took 1.096 seconds
[2026-02-12T22:42:59.602+0000] {processor.py:157} INFO - Started process (PID=356) to work on /opt/airflow/dags/ingest_local_folder_dag.py
[2026-02-12T22:42:59.604+0000] {processor.py:829} INFO - Processing file /opt/airflow/dags/ingest_local_folder_dag.py for tasks to queue
[2026-02-12T22:42:59.607+0000] {logging_mixin.py:151} INFO - [2026-02-12T22:42:59.606+0000] {dagbag.py:539} INFO - Filling up the DagBag from /opt/airflow/dags/ingest_local_folder_dag.py
[2026-02-12T22:43:00.232+0000] {processor.py:839} INFO - DAG(s) dict_keys(['ingestionDAG']) retrieved from /opt/airflow/dags/ingest_local_folder_dag.py
[2026-02-12T22:43:00.648+0000] {logging_mixin.py:151} INFO - [2026-02-12T22:43:00.648+0000] {dag.py:2915} INFO - Sync 1 DAGs
[2026-02-12T22:43:00.704+0000] {logging_mixin.py:151} INFO - [2026-02-12T22:43:00.703+0000] {dag.py:3696} INFO - Setting next_dagrun for ingestionDAG to 2026-02-12T22:42:30.703512+00:00, run_after=2026-02-12T22:43:00.703512+00:00
[2026-02-12T22:43:00.745+0000] {processor.py:179} INFO - Processing /opt/airflow/dags/ingest_local_folder_dag.py took 1.155 seconds
[2026-02-12T22:43:31.029+0000] {processor.py:157} INFO - Started process (PID=369) to work on /opt/airflow/dags/ingest_local_folder_dag.py
[2026-02-12T22:43:31.031+0000] {processor.py:829} INFO - Processing file /opt/airflow/dags/ingest_local_folder_dag.py for tasks to queue
[2026-02-12T22:43:31.035+0000] {logging_mixin.py:151} INFO - [2026-02-12T22:43:31.033+0000] {dagbag.py:539} INFO - Filling up the DagBag from /opt/airflow/dags/ingest_local_folder_dag.py
[2026-02-12T22:43:31.993+0000] {processor.py:839} INFO - DAG(s) dict_keys(['ingestionDAG']) retrieved from /opt/airflow/dags/ingest_local_folder_dag.py
[2026-02-12T22:43:32.073+0000] {logging_mixin.py:151} INFO - [2026-02-12T22:43:32.073+0000] {dag.py:2915} INFO - Sync 1 DAGs
[2026-02-12T22:43:32.126+0000] {logging_mixin.py:151} INFO - [2026-02-12T22:43:32.125+0000] {dag.py:3696} INFO - Setting next_dagrun for ingestionDAG to 2026-02-12T22:43:02.125527+00:00, run_after=2026-02-12T22:43:32.125527+00:00
[2026-02-12T22:43:32.165+0000] {processor.py:179} INFO - Processing /opt/airflow/dags/ingest_local_folder_dag.py took 1.149 seconds
[2026-02-12T22:44:02.339+0000] {processor.py:157} INFO - Started process (PID=382) to work on /opt/airflow/dags/ingest_local_folder_dag.py
[2026-02-12T22:44:02.341+0000] {processor.py:829} INFO - Processing file /opt/airflow/dags/ingest_local_folder_dag.py for tasks to queue
[2026-02-12T22:44:02.343+0000] {logging_mixin.py:151} INFO - [2026-02-12T22:44:02.342+0000] {dagbag.py:539} INFO - Filling up the DagBag from /opt/airflow/dags/ingest_local_folder_dag.py
[2026-02-12T22:44:03.244+0000] {processor.py:839} INFO - DAG(s) dict_keys(['ingestionDAG']) retrieved from /opt/airflow/dags/ingest_local_folder_dag.py
[2026-02-12T22:44:03.319+0000] {logging_mixin.py:151} INFO - [2026-02-12T22:44:03.319+0000] {dag.py:2915} INFO - Sync 1 DAGs
[2026-02-12T22:44:03.372+0000] {logging_mixin.py:151} INFO - [2026-02-12T22:44:03.371+0000] {dag.py:3696} INFO - Setting next_dagrun for ingestionDAG to 2026-02-12T22:43:33.371475+00:00, run_after=2026-02-12T22:44:03.371475+00:00
[2026-02-12T22:44:03.411+0000] {processor.py:179} INFO - Processing /opt/airflow/dags/ingest_local_folder_dag.py took 1.084 seconds
[2026-02-12T22:44:33.690+0000] {processor.py:157} INFO - Started process (PID=395) to work on /opt/airflow/dags/ingest_local_folder_dag.py
[2026-02-12T22:44:33.692+0000] {processor.py:829} INFO - Processing file /opt/airflow/dags/ingest_local_folder_dag.py for tasks to queue
[2026-02-12T22:44:33.694+0000] {logging_mixin.py:151} INFO - [2026-02-12T22:44:33.693+0000] {dagbag.py:539} INFO - Filling up the DagBag from /opt/airflow/dags/ingest_local_folder_dag.py
[2026-02-12T22:44:34.621+0000] {processor.py:839} INFO - DAG(s) dict_keys(['ingestionDAG']) retrieved from /opt/airflow/dags/ingest_local_folder_dag.py
[2026-02-12T22:44:34.737+0000] {logging_mixin.py:151} INFO - [2026-02-12T22:44:34.736+0000] {dag.py:2915} INFO - Sync 1 DAGs
[2026-02-12T22:44:34.802+0000] {logging_mixin.py:151} INFO - [2026-02-12T22:44:34.802+0000] {dag.py:3696} INFO - Setting next_dagrun for ingestionDAG to 2026-02-12T22:44:04.801591+00:00, run_after=2026-02-12T22:44:34.801591+00:00
[2026-02-12T22:44:34.850+0000] {processor.py:179} INFO - Processing /opt/airflow/dags/ingest_local_folder_dag.py took 1.170 seconds
[2026-02-12T22:45:05.019+0000] {processor.py:157} INFO - Started process (PID=408) to work on /opt/airflow/dags/ingest_local_folder_dag.py
[2026-02-12T22:45:05.021+0000] {processor.py:829} INFO - Processing file /opt/airflow/dags/ingest_local_folder_dag.py for tasks to queue
[2026-02-12T22:45:05.024+0000] {logging_mixin.py:151} INFO - [2026-02-12T22:45:05.023+0000] {dagbag.py:539} INFO - Filling up the DagBag from /opt/airflow/dags/ingest_local_folder_dag.py
[2026-02-12T22:45:05.968+0000] {processor.py:839} INFO - DAG(s) dict_keys(['ingestionDAG']) retrieved from /opt/airflow/dags/ingest_local_folder_dag.py
[2026-02-12T22:45:06.044+0000] {logging_mixin.py:151} INFO - [2026-02-12T22:45:06.044+0000] {dag.py:2915} INFO - Sync 1 DAGs
[2026-02-12T22:45:06.101+0000] {logging_mixin.py:151} INFO - [2026-02-12T22:45:06.100+0000] {dag.py:3696} INFO - Setting next_dagrun for ingestionDAG to 2026-02-12T22:44:36.100209+00:00, run_after=2026-02-12T22:45:06.100209+00:00
[2026-02-12T22:45:06.149+0000] {processor.py:179} INFO - Processing /opt/airflow/dags/ingest_local_folder_dag.py took 1.143 seconds
[2026-02-12T22:45:36.421+0000] {processor.py:157} INFO - Started process (PID=421) to work on /opt/airflow/dags/ingest_local_folder_dag.py
[2026-02-12T22:45:36.423+0000] {processor.py:829} INFO - Processing file /opt/airflow/dags/ingest_local_folder_dag.py for tasks to queue
[2026-02-12T22:45:36.426+0000] {logging_mixin.py:151} INFO - [2026-02-12T22:45:36.425+0000] {dagbag.py:539} INFO - Filling up the DagBag from /opt/airflow/dags/ingest_local_folder_dag.py
[2026-02-12T22:45:37.038+0000] {processor.py:839} INFO - DAG(s) dict_keys(['ingestionDAG']) retrieved from /opt/airflow/dags/ingest_local_folder_dag.py
[2026-02-12T22:45:37.482+0000] {logging_mixin.py:151} INFO - [2026-02-12T22:45:37.481+0000] {dag.py:2915} INFO - Sync 1 DAGs
[2026-02-12T22:45:37.543+0000] {logging_mixin.py:151} INFO - [2026-02-12T22:45:37.542+0000] {dag.py:3696} INFO - Setting next_dagrun for ingestionDAG to 2026-02-12T22:45:07.542120+00:00, run_after=2026-02-12T22:45:37.542120+00:00
[2026-02-12T22:45:37.587+0000] {processor.py:179} INFO - Processing /opt/airflow/dags/ingest_local_folder_dag.py took 1.177 seconds
[2026-02-12T22:46:07.892+0000] {processor.py:157} INFO - Started process (PID=434) to work on /opt/airflow/dags/ingest_local_folder_dag.py
[2026-02-12T22:46:07.894+0000] {processor.py:829} INFO - Processing file /opt/airflow/dags/ingest_local_folder_dag.py for tasks to queue
[2026-02-12T22:46:07.897+0000] {logging_mixin.py:151} INFO - [2026-02-12T22:46:07.896+0000] {dagbag.py:539} INFO - Filling up the DagBag from /opt/airflow/dags/ingest_local_folder_dag.py
[2026-02-12T22:46:08.950+0000] {processor.py:839} INFO - DAG(s) dict_keys(['ingestionDAG']) retrieved from /opt/airflow/dags/ingest_local_folder_dag.py
[2026-02-12T22:46:09.080+0000] {logging_mixin.py:151} INFO - [2026-02-12T22:46:09.080+0000] {dag.py:2915} INFO - Sync 1 DAGs
[2026-02-12T22:46:09.137+0000] {logging_mixin.py:151} INFO - [2026-02-12T22:46:09.136+0000] {dag.py:3696} INFO - Setting next_dagrun for ingestionDAG to 2026-02-12T22:45:39.136218+00:00, run_after=2026-02-12T22:46:09.136218+00:00
[2026-02-12T22:46:09.186+0000] {processor.py:179} INFO - Processing /opt/airflow/dags/ingest_local_folder_dag.py took 1.306 seconds
[2026-02-12T22:46:39.470+0000] {processor.py:157} INFO - Started process (PID=447) to work on /opt/airflow/dags/ingest_local_folder_dag.py
[2026-02-12T22:46:39.473+0000] {processor.py:829} INFO - Processing file /opt/airflow/dags/ingest_local_folder_dag.py for tasks to queue
[2026-02-12T22:46:39.476+0000] {logging_mixin.py:151} INFO - [2026-02-12T22:46:39.475+0000] {dagbag.py:539} INFO - Filling up the DagBag from /opt/airflow/dags/ingest_local_folder_dag.py
[2026-02-12T22:46:40.442+0000] {processor.py:839} INFO - DAG(s) dict_keys(['ingestionDAG']) retrieved from /opt/airflow/dags/ingest_local_folder_dag.py
[2026-02-12T22:46:40.518+0000] {logging_mixin.py:151} INFO - [2026-02-12T22:46:40.517+0000] {dag.py:2915} INFO - Sync 1 DAGs
[2026-02-12T22:46:40.570+0000] {logging_mixin.py:151} INFO - [2026-02-12T22:46:40.569+0000] {dag.py:3696} INFO - Setting next_dagrun for ingestionDAG to 2026-02-12T22:46:10.569482+00:00, run_after=2026-02-12T22:46:40.569482+00:00
[2026-02-12T22:46:40.609+0000] {processor.py:179} INFO - Processing /opt/airflow/dags/ingest_local_folder_dag.py took 1.151 seconds
[2026-02-12T22:47:10.700+0000] {processor.py:157} INFO - Started process (PID=460) to work on /opt/airflow/dags/ingest_local_folder_dag.py
[2026-02-12T22:47:10.703+0000] {processor.py:829} INFO - Processing file /opt/airflow/dags/ingest_local_folder_dag.py for tasks to queue
[2026-02-12T22:47:10.705+0000] {logging_mixin.py:151} INFO - [2026-02-12T22:47:10.704+0000] {dagbag.py:539} INFO - Filling up the DagBag from /opt/airflow/dags/ingest_local_folder_dag.py
[2026-02-12T22:47:11.664+0000] {processor.py:839} INFO - DAG(s) dict_keys(['ingestionDAG']) retrieved from /opt/airflow/dags/ingest_local_folder_dag.py
[2026-02-12T22:47:11.762+0000] {logging_mixin.py:151} INFO - [2026-02-12T22:47:11.761+0000] {dag.py:2915} INFO - Sync 1 DAGs
[2026-02-12T22:47:11.826+0000] {logging_mixin.py:151} INFO - [2026-02-12T22:47:11.825+0000] {dag.py:3696} INFO - Setting next_dagrun for ingestionDAG to 2026-02-12T22:46:41.825274+00:00, run_after=2026-02-12T22:47:11.825274+00:00
[2026-02-12T22:47:11.871+0000] {processor.py:179} INFO - Processing /opt/airflow/dags/ingest_local_folder_dag.py took 1.181 seconds
[2026-02-12T22:47:42.068+0000] {processor.py:157} INFO - Started process (PID=473) to work on /opt/airflow/dags/ingest_local_folder_dag.py
[2026-02-12T22:47:42.071+0000] {processor.py:829} INFO - Processing file /opt/airflow/dags/ingest_local_folder_dag.py for tasks to queue
[2026-02-12T22:47:42.073+0000] {logging_mixin.py:151} INFO - [2026-02-12T22:47:42.072+0000] {dagbag.py:539} INFO - Filling up the DagBag from /opt/airflow/dags/ingest_local_folder_dag.py
[2026-02-12T22:47:42.987+0000] {processor.py:839} INFO - DAG(s) dict_keys(['ingestionDAG']) retrieved from /opt/airflow/dags/ingest_local_folder_dag.py
[2026-02-12T22:47:43.071+0000] {logging_mixin.py:151} INFO - [2026-02-12T22:47:43.070+0000] {dag.py:2915} INFO - Sync 1 DAGs
[2026-02-12T22:47:43.130+0000] {logging_mixin.py:151} INFO - [2026-02-12T22:47:43.130+0000] {dag.py:3696} INFO - Setting next_dagrun for ingestionDAG to 2026-02-12T22:47:13.129536+00:00, run_after=2026-02-12T22:47:43.129536+00:00
[2026-02-12T22:47:43.174+0000] {processor.py:179} INFO - Processing /opt/airflow/dags/ingest_local_folder_dag.py took 1.116 seconds
[2026-02-12T22:48:13.317+0000] {processor.py:157} INFO - Started process (PID=486) to work on /opt/airflow/dags/ingest_local_folder_dag.py
[2026-02-12T22:48:13.319+0000] {processor.py:829} INFO - Processing file /opt/airflow/dags/ingest_local_folder_dag.py for tasks to queue
[2026-02-12T22:48:13.321+0000] {logging_mixin.py:151} INFO - [2026-02-12T22:48:13.320+0000] {dagbag.py:539} INFO - Filling up the DagBag from /opt/airflow/dags/ingest_local_folder_dag.py
[2026-02-12T22:48:14.220+0000] {processor.py:839} INFO - DAG(s) dict_keys(['ingestionDAG']) retrieved from /opt/airflow/dags/ingest_local_folder_dag.py
[2026-02-12T22:48:14.302+0000] {logging_mixin.py:151} INFO - [2026-02-12T22:48:14.301+0000] {dag.py:2915} INFO - Sync 1 DAGs
[2026-02-12T22:48:14.355+0000] {logging_mixin.py:151} INFO - [2026-02-12T22:48:14.354+0000] {dag.py:3696} INFO - Setting next_dagrun for ingestionDAG to 2026-02-12T22:47:44.354527+00:00, run_after=2026-02-12T22:48:14.354527+00:00
[2026-02-12T22:48:14.395+0000] {processor.py:179} INFO - Processing /opt/airflow/dags/ingest_local_folder_dag.py took 1.088 seconds
[2026-02-12T22:48:44.675+0000] {processor.py:157} INFO - Started process (PID=499) to work on /opt/airflow/dags/ingest_local_folder_dag.py
[2026-02-12T22:48:44.677+0000] {processor.py:829} INFO - Processing file /opt/airflow/dags/ingest_local_folder_dag.py for tasks to queue
[2026-02-12T22:48:44.680+0000] {logging_mixin.py:151} INFO - [2026-02-12T22:48:44.679+0000] {dagbag.py:539} INFO - Filling up the DagBag from /opt/airflow/dags/ingest_local_folder_dag.py
[2026-02-12T22:48:45.569+0000] {processor.py:839} INFO - DAG(s) dict_keys(['ingestionDAG']) retrieved from /opt/airflow/dags/ingest_local_folder_dag.py
[2026-02-12T22:48:45.644+0000] {logging_mixin.py:151} INFO - [2026-02-12T22:48:45.644+0000] {dag.py:2915} INFO - Sync 1 DAGs
[2026-02-12T22:48:45.697+0000] {logging_mixin.py:151} INFO - [2026-02-12T22:48:45.696+0000] {dag.py:3696} INFO - Setting next_dagrun for ingestionDAG to 2026-02-12T22:48:15.696188+00:00, run_after=2026-02-12T22:48:45.696188+00:00
[2026-02-12T22:48:45.740+0000] {processor.py:179} INFO - Processing /opt/airflow/dags/ingest_local_folder_dag.py took 1.075 seconds
[2026-02-12T22:49:15.903+0000] {processor.py:157} INFO - Started process (PID=512) to work on /opt/airflow/dags/ingest_local_folder_dag.py
[2026-02-12T22:49:15.905+0000] {processor.py:829} INFO - Processing file /opt/airflow/dags/ingest_local_folder_dag.py for tasks to queue
[2026-02-12T22:49:15.908+0000] {logging_mixin.py:151} INFO - [2026-02-12T22:49:15.907+0000] {dagbag.py:539} INFO - Filling up the DagBag from /opt/airflow/dags/ingest_local_folder_dag.py
[2026-02-12T22:49:16.791+0000] {processor.py:839} INFO - DAG(s) dict_keys(['ingestionDAG']) retrieved from /opt/airflow/dags/ingest_local_folder_dag.py
[2026-02-12T22:49:16.866+0000] {logging_mixin.py:151} INFO - [2026-02-12T22:49:16.866+0000] {dag.py:2915} INFO - Sync 1 DAGs
[2026-02-12T22:49:16.921+0000] {logging_mixin.py:151} INFO - [2026-02-12T22:49:16.921+0000] {dag.py:3696} INFO - Setting next_dagrun for ingestionDAG to 2026-02-12T22:48:46.920657+00:00, run_after=2026-02-12T22:49:16.920657+00:00
[2026-02-12T22:49:16.961+0000] {processor.py:179} INFO - Processing /opt/airflow/dags/ingest_local_folder_dag.py took 1.069 seconds
[2026-02-12T22:49:47.221+0000] {processor.py:157} INFO - Started process (PID=525) to work on /opt/airflow/dags/ingest_local_folder_dag.py
[2026-02-12T22:49:47.223+0000] {processor.py:829} INFO - Processing file /opt/airflow/dags/ingest_local_folder_dag.py for tasks to queue
[2026-02-12T22:49:47.225+0000] {logging_mixin.py:151} INFO - [2026-02-12T22:49:47.224+0000] {dagbag.py:539} INFO - Filling up the DagBag from /opt/airflow/dags/ingest_local_folder_dag.py
[2026-02-12T22:49:48.114+0000] {processor.py:839} INFO - DAG(s) dict_keys(['ingestionDAG']) retrieved from /opt/airflow/dags/ingest_local_folder_dag.py
[2026-02-12T22:49:48.194+0000] {logging_mixin.py:151} INFO - [2026-02-12T22:49:48.193+0000] {dag.py:2915} INFO - Sync 1 DAGs
[2026-02-12T22:49:48.251+0000] {logging_mixin.py:151} INFO - [2026-02-12T22:49:48.251+0000] {dag.py:3696} INFO - Setting next_dagrun for ingestionDAG to 2026-02-12T22:49:18.250818+00:00, run_after=2026-02-12T22:49:48.250818+00:00
[2026-02-12T22:49:48.290+0000] {processor.py:179} INFO - Processing /opt/airflow/dags/ingest_local_folder_dag.py took 1.079 seconds
[2026-02-12T22:50:18.565+0000] {processor.py:157} INFO - Started process (PID=538) to work on /opt/airflow/dags/ingest_local_folder_dag.py
[2026-02-12T22:50:18.567+0000] {processor.py:829} INFO - Processing file /opt/airflow/dags/ingest_local_folder_dag.py for tasks to queue
[2026-02-12T22:50:18.570+0000] {logging_mixin.py:151} INFO - [2026-02-12T22:50:18.569+0000] {dagbag.py:539} INFO - Filling up the DagBag from /opt/airflow/dags/ingest_local_folder_dag.py
[2026-02-12T22:50:19.526+0000] {processor.py:839} INFO - DAG(s) dict_keys(['ingestionDAG']) retrieved from /opt/airflow/dags/ingest_local_folder_dag.py
[2026-02-12T22:50:19.647+0000] {logging_mixin.py:151} INFO - [2026-02-12T22:50:19.647+0000] {dag.py:2915} INFO - Sync 1 DAGs
[2026-02-12T22:50:19.707+0000] {logging_mixin.py:151} INFO - [2026-02-12T22:50:19.707+0000] {dag.py:3696} INFO - Setting next_dagrun for ingestionDAG to 2026-02-12T22:49:49.706719+00:00, run_after=2026-02-12T22:50:19.706719+00:00
[2026-02-12T22:50:19.765+0000] {processor.py:179} INFO - Processing /opt/airflow/dags/ingest_local_folder_dag.py took 1.209 seconds
[2026-02-12T22:50:49.953+0000] {processor.py:157} INFO - Started process (PID=551) to work on /opt/airflow/dags/ingest_local_folder_dag.py
[2026-02-12T22:50:49.955+0000] {processor.py:829} INFO - Processing file /opt/airflow/dags/ingest_local_folder_dag.py for tasks to queue
[2026-02-12T22:50:49.957+0000] {logging_mixin.py:151} INFO - [2026-02-12T22:50:49.956+0000] {dagbag.py:539} INFO - Filling up the DagBag from /opt/airflow/dags/ingest_local_folder_dag.py
[2026-02-12T22:50:50.839+0000] {processor.py:839} INFO - DAG(s) dict_keys(['ingestionDAG']) retrieved from /opt/airflow/dags/ingest_local_folder_dag.py
[2026-02-12T22:50:50.916+0000] {logging_mixin.py:151} INFO - [2026-02-12T22:50:50.916+0000] {dag.py:2915} INFO - Sync 1 DAGs
[2026-02-12T22:50:50.973+0000] {logging_mixin.py:151} INFO - [2026-02-12T22:50:50.973+0000] {dag.py:3696} INFO - Setting next_dagrun for ingestionDAG to 2026-02-12T22:50:20.972771+00:00, run_after=2026-02-12T22:50:50.972771+00:00
[2026-02-12T22:50:51.015+0000] {processor.py:179} INFO - Processing /opt/airflow/dags/ingest_local_folder_dag.py took 1.072 seconds
[2026-02-12T22:51:21.188+0000] {processor.py:157} INFO - Started process (PID=562) to work on /opt/airflow/dags/ingest_local_folder_dag.py
[2026-02-12T22:51:21.190+0000] {processor.py:829} INFO - Processing file /opt/airflow/dags/ingest_local_folder_dag.py for tasks to queue
[2026-02-12T22:51:21.192+0000] {logging_mixin.py:151} INFO - [2026-02-12T22:51:21.191+0000] {dagbag.py:539} INFO - Filling up the DagBag from /opt/airflow/dags/ingest_local_folder_dag.py
[2026-02-12T22:51:22.146+0000] {processor.py:839} INFO - DAG(s) dict_keys(['ingestionDAG']) retrieved from /opt/airflow/dags/ingest_local_folder_dag.py
[2026-02-12T22:51:22.223+0000] {logging_mixin.py:151} INFO - [2026-02-12T22:51:22.223+0000] {dag.py:2915} INFO - Sync 1 DAGs
[2026-02-12T22:51:22.282+0000] {logging_mixin.py:151} INFO - [2026-02-12T22:51:22.281+0000] {dag.py:3696} INFO - Setting next_dagrun for ingestionDAG to 2026-02-12T22:50:52.281141+00:00, run_after=2026-02-12T22:51:22.281141+00:00
[2026-02-12T22:51:22.334+0000] {processor.py:179} INFO - Processing /opt/airflow/dags/ingest_local_folder_dag.py took 1.157 seconds
[2026-02-12T22:51:52.530+0000] {processor.py:157} INFO - Started process (PID=571) to work on /opt/airflow/dags/ingest_local_folder_dag.py
[2026-02-12T22:51:52.533+0000] {processor.py:829} INFO - Processing file /opt/airflow/dags/ingest_local_folder_dag.py for tasks to queue
[2026-02-12T22:51:52.537+0000] {logging_mixin.py:151} INFO - [2026-02-12T22:51:52.535+0000] {dagbag.py:539} INFO - Filling up the DagBag from /opt/airflow/dags/ingest_local_folder_dag.py
[2026-02-12T22:51:53.445+0000] {processor.py:839} INFO - DAG(s) dict_keys(['ingestionDAG']) retrieved from /opt/airflow/dags/ingest_local_folder_dag.py
[2026-02-12T22:51:53.531+0000] {logging_mixin.py:151} INFO - [2026-02-12T22:51:53.531+0000] {dag.py:2915} INFO - Sync 1 DAGs
[2026-02-12T22:51:53.595+0000] {logging_mixin.py:151} INFO - [2026-02-12T22:51:53.594+0000] {dag.py:3696} INFO - Setting next_dagrun for ingestionDAG to 2026-02-12T22:51:23.594394+00:00, run_after=2026-02-12T22:51:53.594394+00:00
[2026-02-12T22:51:53.639+0000] {processor.py:179} INFO - Processing /opt/airflow/dags/ingest_local_folder_dag.py took 1.119 seconds
[2026-02-12T22:52:23.891+0000] {processor.py:157} INFO - Started process (PID=584) to work on /opt/airflow/dags/ingest_local_folder_dag.py
[2026-02-12T22:52:23.893+0000] {processor.py:829} INFO - Processing file /opt/airflow/dags/ingest_local_folder_dag.py for tasks to queue
[2026-02-12T22:52:23.896+0000] {logging_mixin.py:151} INFO - [2026-02-12T22:52:23.895+0000] {dagbag.py:539} INFO - Filling up the DagBag from /opt/airflow/dags/ingest_local_folder_dag.py
[2026-02-12T22:52:24.793+0000] {processor.py:839} INFO - DAG(s) dict_keys(['ingestionDAG']) retrieved from /opt/airflow/dags/ingest_local_folder_dag.py
[2026-02-12T22:52:24.877+0000] {logging_mixin.py:151} INFO - [2026-02-12T22:52:24.877+0000] {dag.py:2915} INFO - Sync 1 DAGs
[2026-02-12T22:52:24.947+0000] {logging_mixin.py:151} INFO - [2026-02-12T22:52:24.947+0000] {dag.py:3696} INFO - Setting next_dagrun for ingestionDAG to 2026-02-12T22:51:54.946960+00:00, run_after=2026-02-12T22:52:24.946960+00:00
[2026-02-12T22:52:24.988+0000] {processor.py:179} INFO - Processing /opt/airflow/dags/ingest_local_folder_dag.py took 1.107 seconds
[2026-02-12T22:52:55.157+0000] {processor.py:157} INFO - Started process (PID=597) to work on /opt/airflow/dags/ingest_local_folder_dag.py
[2026-02-12T22:52:55.159+0000] {processor.py:829} INFO - Processing file /opt/airflow/dags/ingest_local_folder_dag.py for tasks to queue
[2026-02-12T22:52:55.162+0000] {logging_mixin.py:151} INFO - [2026-02-12T22:52:55.161+0000] {dagbag.py:539} INFO - Filling up the DagBag from /opt/airflow/dags/ingest_local_folder_dag.py
[2026-02-12T22:52:56.123+0000] {processor.py:839} INFO - DAG(s) dict_keys(['ingestionDAG']) retrieved from /opt/airflow/dags/ingest_local_folder_dag.py
[2026-02-12T22:52:56.208+0000] {logging_mixin.py:151} INFO - [2026-02-12T22:52:56.208+0000] {dag.py:2915} INFO - Sync 1 DAGs
[2026-02-12T22:52:56.270+0000] {logging_mixin.py:151} INFO - [2026-02-12T22:52:56.270+0000] {dag.py:3696} INFO - Setting next_dagrun for ingestionDAG to 2026-02-12T22:52:26.269861+00:00, run_after=2026-02-12T22:52:56.269861+00:00
[2026-02-12T22:52:56.318+0000] {processor.py:179} INFO - Processing /opt/airflow/dags/ingest_local_folder_dag.py took 1.173 seconds
[2026-02-12T22:53:26.482+0000] {processor.py:157} INFO - Started process (PID=610) to work on /opt/airflow/dags/ingest_local_folder_dag.py
[2026-02-12T22:53:26.485+0000] {processor.py:829} INFO - Processing file /opt/airflow/dags/ingest_local_folder_dag.py for tasks to queue
[2026-02-12T22:53:26.488+0000] {logging_mixin.py:151} INFO - [2026-02-12T22:53:26.486+0000] {dagbag.py:539} INFO - Filling up the DagBag from /opt/airflow/dags/ingest_local_folder_dag.py
[2026-02-12T22:53:27.517+0000] {processor.py:839} INFO - DAG(s) dict_keys(['ingestionDAG']) retrieved from /opt/airflow/dags/ingest_local_folder_dag.py
[2026-02-12T22:53:27.623+0000] {logging_mixin.py:151} INFO - [2026-02-12T22:53:27.623+0000] {dag.py:2915} INFO - Sync 1 DAGs
[2026-02-12T22:53:27.693+0000] {logging_mixin.py:151} INFO - [2026-02-12T22:53:27.693+0000] {dag.py:3696} INFO - Setting next_dagrun for ingestionDAG to 2026-02-12T22:52:57.692751+00:00, run_after=2026-02-12T22:53:27.692751+00:00
[2026-02-12T22:53:27.750+0000] {processor.py:179} INFO - Processing /opt/airflow/dags/ingest_local_folder_dag.py took 1.278 seconds
[2026-02-12T22:53:58.737+0000] {processor.py:157} INFO - Started process (PID=623) to work on /opt/airflow/dags/ingest_local_folder_dag.py
[2026-02-12T22:53:58.739+0000] {processor.py:829} INFO - Processing file /opt/airflow/dags/ingest_local_folder_dag.py for tasks to queue
[2026-02-12T22:53:58.742+0000] {logging_mixin.py:151} INFO - [2026-02-12T22:53:58.740+0000] {dagbag.py:539} INFO - Filling up the DagBag from /opt/airflow/dags/ingest_local_folder_dag.py
[2026-02-12T22:53:59.728+0000] {processor.py:839} INFO - DAG(s) dict_keys(['ingestionDAG']) retrieved from /opt/airflow/dags/ingest_local_folder_dag.py
[2026-02-12T22:53:59.843+0000] {logging_mixin.py:151} INFO - [2026-02-12T22:53:59.843+0000] {dag.py:2915} INFO - Sync 1 DAGs
[2026-02-12T22:53:59.920+0000] {logging_mixin.py:151} INFO - [2026-02-12T22:53:59.920+0000] {dag.py:3696} INFO - Setting next_dagrun for ingestionDAG to 2026-02-12T22:53:29.919920+00:00, run_after=2026-02-12T22:53:59.919920+00:00
[2026-02-12T22:53:59.986+0000] {processor.py:179} INFO - Processing /opt/airflow/dags/ingest_local_folder_dag.py took 1.260 seconds
[2026-02-12T22:54:30.150+0000] {processor.py:157} INFO - Started process (PID=636) to work on /opt/airflow/dags/ingest_local_folder_dag.py
[2026-02-12T22:54:30.153+0000] {processor.py:829} INFO - Processing file /opt/airflow/dags/ingest_local_folder_dag.py for tasks to queue
[2026-02-12T22:54:30.155+0000] {logging_mixin.py:151} INFO - [2026-02-12T22:54:30.154+0000] {dagbag.py:539} INFO - Filling up the DagBag from /opt/airflow/dags/ingest_local_folder_dag.py
[2026-02-12T22:54:31.174+0000] {processor.py:839} INFO - DAG(s) dict_keys(['ingestionDAG']) retrieved from /opt/airflow/dags/ingest_local_folder_dag.py
[2026-02-12T22:54:31.274+0000] {logging_mixin.py:151} INFO - [2026-02-12T22:54:31.274+0000] {dag.py:2915} INFO - Sync 1 DAGs
[2026-02-12T22:54:31.351+0000] {logging_mixin.py:151} INFO - [2026-02-12T22:54:31.350+0000] {dag.py:3696} INFO - Setting next_dagrun for ingestionDAG to 2026-02-12T22:54:01.350193+00:00, run_after=2026-02-12T22:54:31.350193+00:00
[2026-02-12T22:54:31.412+0000] {processor.py:179} INFO - Processing /opt/airflow/dags/ingest_local_folder_dag.py took 1.273 seconds
[2026-02-12T22:55:01.672+0000] {processor.py:157} INFO - Started process (PID=649) to work on /opt/airflow/dags/ingest_local_folder_dag.py
[2026-02-12T22:55:01.675+0000] {processor.py:829} INFO - Processing file /opt/airflow/dags/ingest_local_folder_dag.py for tasks to queue
[2026-02-12T22:55:01.677+0000] {logging_mixin.py:151} INFO - [2026-02-12T22:55:01.676+0000] {dagbag.py:539} INFO - Filling up the DagBag from /opt/airflow/dags/ingest_local_folder_dag.py
[2026-02-12T22:55:02.601+0000] {processor.py:839} INFO - DAG(s) dict_keys(['ingestionDAG']) retrieved from /opt/airflow/dags/ingest_local_folder_dag.py
[2026-02-12T22:55:02.678+0000] {logging_mixin.py:151} INFO - [2026-02-12T22:55:02.678+0000] {dag.py:2915} INFO - Sync 1 DAGs
[2026-02-12T22:55:02.730+0000] {logging_mixin.py:151} INFO - [2026-02-12T22:55:02.729+0000] {dag.py:3696} INFO - Setting next_dagrun for ingestionDAG to 2026-02-12T22:54:32.729338+00:00, run_after=2026-02-12T22:55:02.729338+00:00
[2026-02-12T22:55:02.769+0000] {processor.py:179} INFO - Processing /opt/airflow/dags/ingest_local_folder_dag.py took 1.108 seconds
[2026-02-12T22:55:32.892+0000] {processor.py:157} INFO - Started process (PID=662) to work on /opt/airflow/dags/ingest_local_folder_dag.py
[2026-02-12T22:55:32.895+0000] {processor.py:829} INFO - Processing file /opt/airflow/dags/ingest_local_folder_dag.py for tasks to queue
[2026-02-12T22:55:32.899+0000] {logging_mixin.py:151} INFO - [2026-02-12T22:55:32.897+0000] {dagbag.py:539} INFO - Filling up the DagBag from /opt/airflow/dags/ingest_local_folder_dag.py
[2026-02-12T22:55:33.940+0000] {processor.py:839} INFO - DAG(s) dict_keys(['ingestionDAG']) retrieved from /opt/airflow/dags/ingest_local_folder_dag.py
[2026-02-12T22:55:34.024+0000] {logging_mixin.py:151} INFO - [2026-02-12T22:55:34.024+0000] {dag.py:2915} INFO - Sync 1 DAGs
[2026-02-12T22:55:34.088+0000] {logging_mixin.py:151} INFO - [2026-02-12T22:55:34.087+0000] {dag.py:3696} INFO - Setting next_dagrun for ingestionDAG to 2026-02-12T22:55:04.087352+00:00, run_after=2026-02-12T22:55:34.087352+00:00
[2026-02-12T22:55:34.140+0000] {processor.py:179} INFO - Processing /opt/airflow/dags/ingest_local_folder_dag.py took 1.260 seconds
[2026-02-12T22:56:04.290+0000] {processor.py:157} INFO - Started process (PID=675) to work on /opt/airflow/dags/ingest_local_folder_dag.py
[2026-02-12T22:56:04.293+0000] {processor.py:829} INFO - Processing file /opt/airflow/dags/ingest_local_folder_dag.py for tasks to queue
[2026-02-12T22:56:04.295+0000] {logging_mixin.py:151} INFO - [2026-02-12T22:56:04.294+0000] {dagbag.py:539} INFO - Filling up the DagBag from /opt/airflow/dags/ingest_local_folder_dag.py
[2026-02-12T22:56:05.188+0000] {processor.py:839} INFO - DAG(s) dict_keys(['ingestionDAG']) retrieved from /opt/airflow/dags/ingest_local_folder_dag.py
[2026-02-12T22:56:05.265+0000] {logging_mixin.py:151} INFO - [2026-02-12T22:56:05.265+0000] {dag.py:2915} INFO - Sync 1 DAGs
[2026-02-12T22:56:05.319+0000] {logging_mixin.py:151} INFO - [2026-02-12T22:56:05.318+0000] {dag.py:3696} INFO - Setting next_dagrun for ingestionDAG to 2026-02-12T22:55:35.318482+00:00, run_after=2026-02-12T22:56:05.318482+00:00
[2026-02-12T22:56:05.358+0000] {processor.py:179} INFO - Processing /opt/airflow/dags/ingest_local_folder_dag.py took 1.078 seconds
[2026-02-12T22:56:35.639+0000] {processor.py:157} INFO - Started process (PID=688) to work on /opt/airflow/dags/ingest_local_folder_dag.py
[2026-02-12T22:56:35.641+0000] {processor.py:829} INFO - Processing file /opt/airflow/dags/ingest_local_folder_dag.py for tasks to queue
[2026-02-12T22:56:35.644+0000] {logging_mixin.py:151} INFO - [2026-02-12T22:56:35.642+0000] {dagbag.py:539} INFO - Filling up the DagBag from /opt/airflow/dags/ingest_local_folder_dag.py
[2026-02-12T22:56:36.686+0000] {processor.py:839} INFO - DAG(s) dict_keys(['ingestionDAG']) retrieved from /opt/airflow/dags/ingest_local_folder_dag.py
[2026-02-12T22:56:36.779+0000] {logging_mixin.py:151} INFO - [2026-02-12T22:56:36.778+0000] {dag.py:2915} INFO - Sync 1 DAGs
[2026-02-12T22:56:36.846+0000] {logging_mixin.py:151} INFO - [2026-02-12T22:56:36.845+0000] {dag.py:3696} INFO - Setting next_dagrun for ingestionDAG to 2026-02-12T22:56:06.844624+00:00, run_after=2026-02-12T22:56:36.844624+00:00
[2026-02-12T22:56:36.904+0000] {processor.py:179} INFO - Processing /opt/airflow/dags/ingest_local_folder_dag.py took 1.275 seconds
[2026-02-12T22:57:07.889+0000] {processor.py:157} INFO - Started process (PID=701) to work on /opt/airflow/dags/ingest_local_folder_dag.py
[2026-02-12T22:57:07.891+0000] {processor.py:829} INFO - Processing file /opt/airflow/dags/ingest_local_folder_dag.py for tasks to queue
[2026-02-12T22:57:07.894+0000] {logging_mixin.py:151} INFO - [2026-02-12T22:57:07.892+0000] {dagbag.py:539} INFO - Filling up the DagBag from /opt/airflow/dags/ingest_local_folder_dag.py
[2026-02-12T22:57:08.803+0000] {processor.py:839} INFO - DAG(s) dict_keys(['ingestionDAG']) retrieved from /opt/airflow/dags/ingest_local_folder_dag.py
[2026-02-12T22:57:08.886+0000] {logging_mixin.py:151} INFO - [2026-02-12T22:57:08.886+0000] {dag.py:2915} INFO - Sync 1 DAGs
[2026-02-12T22:57:08.951+0000] {logging_mixin.py:151} INFO - [2026-02-12T22:57:08.951+0000] {dag.py:3696} INFO - Setting next_dagrun for ingestionDAG to 2026-02-12T22:56:38.950821+00:00, run_after=2026-02-12T22:57:08.950821+00:00
[2026-02-12T22:57:08.994+0000] {processor.py:179} INFO - Processing /opt/airflow/dags/ingest_local_folder_dag.py took 1.115 seconds
[2026-02-12T22:57:39.149+0000] {processor.py:157} INFO - Started process (PID=714) to work on /opt/airflow/dags/ingest_local_folder_dag.py
[2026-02-12T22:57:39.153+0000] {processor.py:829} INFO - Processing file /opt/airflow/dags/ingest_local_folder_dag.py for tasks to queue
[2026-02-12T22:57:39.156+0000] {logging_mixin.py:151} INFO - [2026-02-12T22:57:39.154+0000] {dagbag.py:539} INFO - Filling up the DagBag from /opt/airflow/dags/ingest_local_folder_dag.py
[2026-02-12T22:57:40.104+0000] {processor.py:839} INFO - DAG(s) dict_keys(['ingestionDAG']) retrieved from /opt/airflow/dags/ingest_local_folder_dag.py
[2026-02-12T22:57:40.192+0000] {logging_mixin.py:151} INFO - [2026-02-12T22:57:40.192+0000] {dag.py:2915} INFO - Sync 1 DAGs
[2026-02-12T22:57:40.247+0000] {logging_mixin.py:151} INFO - [2026-02-12T22:57:40.247+0000] {dag.py:3696} INFO - Setting next_dagrun for ingestionDAG to 2026-02-12T22:57:10.246723+00:00, run_after=2026-02-12T22:57:40.246723+00:00
[2026-02-12T22:57:40.291+0000] {processor.py:179} INFO - Processing /opt/airflow/dags/ingest_local_folder_dag.py took 1.166 seconds
[2026-02-12T22:58:10.392+0000] {processor.py:157} INFO - Started process (PID=727) to work on /opt/airflow/dags/ingest_local_folder_dag.py
[2026-02-12T22:58:10.394+0000] {processor.py:829} INFO - Processing file /opt/airflow/dags/ingest_local_folder_dag.py for tasks to queue
[2026-02-12T22:58:10.397+0000] {logging_mixin.py:151} INFO - [2026-02-12T22:58:10.396+0000] {dagbag.py:539} INFO - Filling up the DagBag from /opt/airflow/dags/ingest_local_folder_dag.py
[2026-02-12T22:58:11.391+0000] {processor.py:839} INFO - DAG(s) dict_keys(['ingestionDAG']) retrieved from /opt/airflow/dags/ingest_local_folder_dag.py
[2026-02-12T22:58:11.479+0000] {logging_mixin.py:151} INFO - [2026-02-12T22:58:11.479+0000] {dag.py:2915} INFO - Sync 1 DAGs
[2026-02-12T22:58:11.532+0000] {logging_mixin.py:151} INFO - [2026-02-12T22:58:11.531+0000] {dag.py:3696} INFO - Setting next_dagrun for ingestionDAG to 2026-02-12T22:57:41.531288+00:00, run_after=2026-02-12T22:58:11.531288+00:00
[2026-02-12T22:58:11.571+0000] {processor.py:179} INFO - Processing /opt/airflow/dags/ingest_local_folder_dag.py took 1.189 seconds
[2026-02-12T22:58:41.674+0000] {processor.py:157} INFO - Started process (PID=740) to work on /opt/airflow/dags/ingest_local_folder_dag.py
[2026-02-12T22:58:41.677+0000] {processor.py:829} INFO - Processing file /opt/airflow/dags/ingest_local_folder_dag.py for tasks to queue
[2026-02-12T22:58:41.679+0000] {logging_mixin.py:151} INFO - [2026-02-12T22:58:41.678+0000] {dagbag.py:539} INFO - Filling up the DagBag from /opt/airflow/dags/ingest_local_folder_dag.py
[2026-02-12T22:58:42.628+0000] {processor.py:839} INFO - DAG(s) dict_keys(['ingestionDAG']) retrieved from /opt/airflow/dags/ingest_local_folder_dag.py
[2026-02-12T22:58:42.709+0000] {logging_mixin.py:151} INFO - [2026-02-12T22:58:42.709+0000] {dag.py:2915} INFO - Sync 1 DAGs
[2026-02-12T22:58:42.763+0000] {logging_mixin.py:151} INFO - [2026-02-12T22:58:42.762+0000] {dag.py:3696} INFO - Setting next_dagrun for ingestionDAG to 2026-02-12T22:58:12.762285+00:00, run_after=2026-02-12T22:58:42.762285+00:00
[2026-02-12T22:58:42.813+0000] {processor.py:179} INFO - Processing /opt/airflow/dags/ingest_local_folder_dag.py took 1.150 seconds
[2026-02-12T22:59:12.916+0000] {processor.py:157} INFO - Started process (PID=753) to work on /opt/airflow/dags/ingest_local_folder_dag.py
[2026-02-12T22:59:12.919+0000] {processor.py:829} INFO - Processing file /opt/airflow/dags/ingest_local_folder_dag.py for tasks to queue
[2026-02-12T22:59:12.922+0000] {logging_mixin.py:151} INFO - [2026-02-12T22:59:12.921+0000] {dagbag.py:539} INFO - Filling up the DagBag from /opt/airflow/dags/ingest_local_folder_dag.py
[2026-02-12T22:59:13.876+0000] {processor.py:839} INFO - DAG(s) dict_keys(['ingestionDAG']) retrieved from /opt/airflow/dags/ingest_local_folder_dag.py
[2026-02-12T22:59:13.957+0000] {logging_mixin.py:151} INFO - [2026-02-12T22:59:13.957+0000] {dag.py:2915} INFO - Sync 1 DAGs
[2026-02-12T22:59:14.014+0000] {logging_mixin.py:151} INFO - [2026-02-12T22:59:14.014+0000] {dag.py:3696} INFO - Setting next_dagrun for ingestionDAG to 2026-02-12T22:58:44.013743+00:00, run_after=2026-02-12T22:59:14.013743+00:00
[2026-02-12T22:59:14.056+0000] {processor.py:179} INFO - Processing /opt/airflow/dags/ingest_local_folder_dag.py took 1.152 seconds
[2026-02-12T22:59:44.176+0000] {processor.py:157} INFO - Started process (PID=766) to work on /opt/airflow/dags/ingest_local_folder_dag.py
[2026-02-12T22:59:44.178+0000] {processor.py:829} INFO - Processing file /opt/airflow/dags/ingest_local_folder_dag.py for tasks to queue
[2026-02-12T22:59:44.181+0000] {logging_mixin.py:151} INFO - [2026-02-12T22:59:44.179+0000] {dagbag.py:539} INFO - Filling up the DagBag from /opt/airflow/dags/ingest_local_folder_dag.py
[2026-02-12T22:59:45.046+0000] {processor.py:839} INFO - DAG(s) dict_keys(['ingestionDAG']) retrieved from /opt/airflow/dags/ingest_local_folder_dag.py
[2026-02-12T22:59:45.125+0000] {logging_mixin.py:151} INFO - [2026-02-12T22:59:45.124+0000] {dag.py:2915} INFO - Sync 1 DAGs
[2026-02-12T22:59:45.178+0000] {logging_mixin.py:151} INFO - [2026-02-12T22:59:45.178+0000] {dag.py:3696} INFO - Setting next_dagrun for ingestionDAG to 2026-02-12T22:59:15.177638+00:00, run_after=2026-02-12T22:59:45.177638+00:00
[2026-02-12T22:59:45.218+0000] {processor.py:179} INFO - Processing /opt/airflow/dags/ingest_local_folder_dag.py took 1.052 seconds
[2026-02-12T23:00:15.415+0000] {processor.py:157} INFO - Started process (PID=779) to work on /opt/airflow/dags/ingest_local_folder_dag.py
[2026-02-12T23:00:15.417+0000] {processor.py:829} INFO - Processing file /opt/airflow/dags/ingest_local_folder_dag.py for tasks to queue
[2026-02-12T23:00:15.419+0000] {logging_mixin.py:151} INFO - [2026-02-12T23:00:15.418+0000] {dagbag.py:539} INFO - Filling up the DagBag from /opt/airflow/dags/ingest_local_folder_dag.py
[2026-02-12T23:00:16.280+0000] {processor.py:839} INFO - DAG(s) dict_keys(['ingestionDAG']) retrieved from /opt/airflow/dags/ingest_local_folder_dag.py
[2026-02-12T23:00:16.356+0000] {logging_mixin.py:151} INFO - [2026-02-12T23:00:16.356+0000] {dag.py:2915} INFO - Sync 1 DAGs
[2026-02-12T23:00:16.413+0000] {logging_mixin.py:151} INFO - [2026-02-12T23:00:16.412+0000] {dag.py:3696} INFO - Setting next_dagrun for ingestionDAG to 2026-02-12T22:59:46.412464+00:00, run_after=2026-02-12T23:00:16.412464+00:00
[2026-02-12T23:00:16.455+0000] {processor.py:179} INFO - Processing /opt/airflow/dags/ingest_local_folder_dag.py took 1.048 seconds
[2026-02-12T23:00:46.604+0000] {processor.py:157} INFO - Started process (PID=792) to work on /opt/airflow/dags/ingest_local_folder_dag.py
[2026-02-12T23:00:46.606+0000] {processor.py:829} INFO - Processing file /opt/airflow/dags/ingest_local_folder_dag.py for tasks to queue
[2026-02-12T23:00:46.608+0000] {logging_mixin.py:151} INFO - [2026-02-12T23:00:46.607+0000] {dagbag.py:539} INFO - Filling up the DagBag from /opt/airflow/dags/ingest_local_folder_dag.py
[2026-02-12T23:00:47.464+0000] {processor.py:839} INFO - DAG(s) dict_keys(['ingestionDAG']) retrieved from /opt/airflow/dags/ingest_local_folder_dag.py
[2026-02-12T23:00:47.540+0000] {logging_mixin.py:151} INFO - [2026-02-12T23:00:47.540+0000] {dag.py:2915} INFO - Sync 1 DAGs
[2026-02-12T23:00:47.593+0000] {logging_mixin.py:151} INFO - [2026-02-12T23:00:47.593+0000] {dag.py:3696} INFO - Setting next_dagrun for ingestionDAG to 2026-02-12T23:00:17.592755+00:00, run_after=2026-02-12T23:00:47.592755+00:00
[2026-02-12T23:00:47.638+0000] {processor.py:179} INFO - Processing /opt/airflow/dags/ingest_local_folder_dag.py took 1.044 seconds
[2026-02-12T23:01:17.943+0000] {processor.py:157} INFO - Started process (PID=805) to work on /opt/airflow/dags/ingest_local_folder_dag.py
[2026-02-12T23:01:17.946+0000] {processor.py:829} INFO - Processing file /opt/airflow/dags/ingest_local_folder_dag.py for tasks to queue
[2026-02-12T23:01:17.948+0000] {logging_mixin.py:151} INFO - [2026-02-12T23:01:17.947+0000] {dagbag.py:539} INFO - Filling up the DagBag from /opt/airflow/dags/ingest_local_folder_dag.py
[2026-02-12T23:01:18.859+0000] {processor.py:839} INFO - DAG(s) dict_keys(['ingestionDAG']) retrieved from /opt/airflow/dags/ingest_local_folder_dag.py
[2026-02-12T23:01:18.934+0000] {logging_mixin.py:151} INFO - [2026-02-12T23:01:18.934+0000] {dag.py:2915} INFO - Sync 1 DAGs
[2026-02-12T23:01:18.989+0000] {logging_mixin.py:151} INFO - [2026-02-12T23:01:18.988+0000] {dag.py:3696} INFO - Setting next_dagrun for ingestionDAG to 2026-02-12T23:00:48.988182+00:00, run_after=2026-02-12T23:01:18.988182+00:00
[2026-02-12T23:01:19.029+0000] {processor.py:179} INFO - Processing /opt/airflow/dags/ingest_local_folder_dag.py took 1.096 seconds
[2026-02-12T23:01:49.183+0000] {processor.py:157} INFO - Started process (PID=818) to work on /opt/airflow/dags/ingest_local_folder_dag.py
[2026-02-12T23:01:49.186+0000] {processor.py:829} INFO - Processing file /opt/airflow/dags/ingest_local_folder_dag.py for tasks to queue
[2026-02-12T23:01:49.189+0000] {logging_mixin.py:151} INFO - [2026-02-12T23:01:49.188+0000] {dagbag.py:539} INFO - Filling up the DagBag from /opt/airflow/dags/ingest_local_folder_dag.py
[2026-02-12T23:01:50.083+0000] {processor.py:839} INFO - DAG(s) dict_keys(['ingestionDAG']) retrieved from /opt/airflow/dags/ingest_local_folder_dag.py
[2026-02-12T23:01:50.159+0000] {logging_mixin.py:151} INFO - [2026-02-12T23:01:50.159+0000] {dag.py:2915} INFO - Sync 1 DAGs
[2026-02-12T23:01:50.214+0000] {logging_mixin.py:151} INFO - [2026-02-12T23:01:50.214+0000] {dag.py:3696} INFO - Setting next_dagrun for ingestionDAG to 2026-02-12T23:01:20.213593+00:00, run_after=2026-02-12T23:01:50.213593+00:00
[2026-02-12T23:01:50.254+0000] {processor.py:179} INFO - Processing /opt/airflow/dags/ingest_local_folder_dag.py took 1.081 seconds
[2026-02-12T23:02:20.421+0000] {processor.py:157} INFO - Started process (PID=831) to work on /opt/airflow/dags/ingest_local_folder_dag.py
[2026-02-12T23:02:20.424+0000] {processor.py:829} INFO - Processing file /opt/airflow/dags/ingest_local_folder_dag.py for tasks to queue
[2026-02-12T23:02:20.426+0000] {logging_mixin.py:151} INFO - [2026-02-12T23:02:20.425+0000] {dagbag.py:539} INFO - Filling up the DagBag from /opt/airflow/dags/ingest_local_folder_dag.py
[2026-02-12T23:02:21.378+0000] {processor.py:839} INFO - DAG(s) dict_keys(['ingestionDAG']) retrieved from /opt/airflow/dags/ingest_local_folder_dag.py
[2026-02-12T23:02:21.456+0000] {logging_mixin.py:151} INFO - [2026-02-12T23:02:21.456+0000] {dag.py:2915} INFO - Sync 1 DAGs
[2026-02-12T23:02:21.508+0000] {logging_mixin.py:151} INFO - [2026-02-12T23:02:21.508+0000] {dag.py:3696} INFO - Setting next_dagrun for ingestionDAG to 2026-02-12T23:01:51.507570+00:00, run_after=2026-02-12T23:02:21.507570+00:00
[2026-02-12T23:02:21.552+0000] {processor.py:179} INFO - Processing /opt/airflow/dags/ingest_local_folder_dag.py took 1.140 seconds
[2026-02-12T23:02:51.674+0000] {processor.py:157} INFO - Started process (PID=844) to work on /opt/airflow/dags/ingest_local_folder_dag.py
[2026-02-12T23:02:51.677+0000] {processor.py:829} INFO - Processing file /opt/airflow/dags/ingest_local_folder_dag.py for tasks to queue
[2026-02-12T23:02:51.679+0000] {logging_mixin.py:151} INFO - [2026-02-12T23:02:51.678+0000] {dagbag.py:539} INFO - Filling up the DagBag from /opt/airflow/dags/ingest_local_folder_dag.py
[2026-02-12T23:02:52.619+0000] {processor.py:839} INFO - DAG(s) dict_keys(['ingestionDAG']) retrieved from /opt/airflow/dags/ingest_local_folder_dag.py
[2026-02-12T23:02:52.704+0000] {logging_mixin.py:151} INFO - [2026-02-12T23:02:52.704+0000] {dag.py:2915} INFO - Sync 1 DAGs
[2026-02-12T23:02:52.759+0000] {logging_mixin.py:151} INFO - [2026-02-12T23:02:52.759+0000] {dag.py:3696} INFO - Setting next_dagrun for ingestionDAG to 2026-02-12T23:02:22.758598+00:00, run_after=2026-02-12T23:02:52.758598+00:00
[2026-02-12T23:02:52.800+0000] {processor.py:179} INFO - Processing /opt/airflow/dags/ingest_local_folder_dag.py took 1.137 seconds
[2026-02-12T23:03:23.066+0000] {processor.py:157} INFO - Started process (PID=857) to work on /opt/airflow/dags/ingest_local_folder_dag.py
[2026-02-12T23:03:23.069+0000] {processor.py:829} INFO - Processing file /opt/airflow/dags/ingest_local_folder_dag.py for tasks to queue
[2026-02-12T23:03:23.071+0000] {logging_mixin.py:151} INFO - [2026-02-12T23:03:23.070+0000] {dagbag.py:539} INFO - Filling up the DagBag from /opt/airflow/dags/ingest_local_folder_dag.py
[2026-02-12T23:03:24.009+0000] {processor.py:839} INFO - DAG(s) dict_keys(['ingestionDAG']) retrieved from /opt/airflow/dags/ingest_local_folder_dag.py
[2026-02-12T23:03:24.099+0000] {logging_mixin.py:151} INFO - [2026-02-12T23:03:24.098+0000] {dag.py:2915} INFO - Sync 1 DAGs
[2026-02-12T23:03:24.162+0000] {logging_mixin.py:151} INFO - [2026-02-12T23:03:24.162+0000] {dag.py:3696} INFO - Setting next_dagrun for ingestionDAG to 2026-02-12T23:02:54.161612+00:00, run_after=2026-02-12T23:03:24.161612+00:00
[2026-02-12T23:03:24.211+0000] {processor.py:179} INFO - Processing /opt/airflow/dags/ingest_local_folder_dag.py took 1.155 seconds
[2026-02-12T23:03:54.309+0000] {processor.py:157} INFO - Started process (PID=870) to work on /opt/airflow/dags/ingest_local_folder_dag.py
[2026-02-12T23:03:54.311+0000] {processor.py:829} INFO - Processing file /opt/airflow/dags/ingest_local_folder_dag.py for tasks to queue
[2026-02-12T23:03:54.314+0000] {logging_mixin.py:151} INFO - [2026-02-12T23:03:54.313+0000] {dagbag.py:539} INFO - Filling up the DagBag from /opt/airflow/dags/ingest_local_folder_dag.py
[2026-02-12T23:03:55.238+0000] {processor.py:839} INFO - DAG(s) dict_keys(['ingestionDAG']) retrieved from /opt/airflow/dags/ingest_local_folder_dag.py
[2026-02-12T23:03:55.319+0000] {logging_mixin.py:151} INFO - [2026-02-12T23:03:55.319+0000] {dag.py:2915} INFO - Sync 1 DAGs
[2026-02-12T23:03:55.374+0000] {logging_mixin.py:151} INFO - [2026-02-12T23:03:55.374+0000] {dag.py:3696} INFO - Setting next_dagrun for ingestionDAG to 2026-02-12T23:03:25.373834+00:00, run_after=2026-02-12T23:03:55.373834+00:00
[2026-02-12T23:03:55.414+0000] {processor.py:179} INFO - Processing /opt/airflow/dags/ingest_local_folder_dag.py took 1.117 seconds
[2026-02-12T23:04:25.651+0000] {processor.py:157} INFO - Started process (PID=883) to work on /opt/airflow/dags/ingest_local_folder_dag.py
[2026-02-12T23:04:25.653+0000] {processor.py:829} INFO - Processing file /opt/airflow/dags/ingest_local_folder_dag.py for tasks to queue
[2026-02-12T23:04:25.656+0000] {logging_mixin.py:151} INFO - [2026-02-12T23:04:25.655+0000] {dagbag.py:539} INFO - Filling up the DagBag from /opt/airflow/dags/ingest_local_folder_dag.py
[2026-02-12T23:04:26.567+0000] {processor.py:839} INFO - DAG(s) dict_keys(['ingestionDAG']) retrieved from /opt/airflow/dags/ingest_local_folder_dag.py
[2026-02-12T23:04:26.642+0000] {logging_mixin.py:151} INFO - [2026-02-12T23:04:26.642+0000] {dag.py:2915} INFO - Sync 1 DAGs
[2026-02-12T23:04:26.698+0000] {logging_mixin.py:151} INFO - [2026-02-12T23:04:26.698+0000] {dag.py:3696} INFO - Setting next_dagrun for ingestionDAG to 2026-02-12T23:03:56.697973+00:00, run_after=2026-02-12T23:04:26.697973+00:00
[2026-02-12T23:04:26.738+0000] {processor.py:179} INFO - Processing /opt/airflow/dags/ingest_local_folder_dag.py took 1.097 seconds
[2026-02-12T23:04:56.882+0000] {processor.py:157} INFO - Started process (PID=896) to work on /opt/airflow/dags/ingest_local_folder_dag.py
[2026-02-12T23:04:56.884+0000] {processor.py:829} INFO - Processing file /opt/airflow/dags/ingest_local_folder_dag.py for tasks to queue
[2026-02-12T23:04:56.887+0000] {logging_mixin.py:151} INFO - [2026-02-12T23:04:56.886+0000] {dagbag.py:539} INFO - Filling up the DagBag from /opt/airflow/dags/ingest_local_folder_dag.py
[2026-02-12T23:04:57.772+0000] {processor.py:839} INFO - DAG(s) dict_keys(['ingestionDAG']) retrieved from /opt/airflow/dags/ingest_local_folder_dag.py
[2026-02-12T23:04:57.848+0000] {logging_mixin.py:151} INFO - [2026-02-12T23:04:57.848+0000] {dag.py:2915} INFO - Sync 1 DAGs
[2026-02-12T23:04:57.900+0000] {logging_mixin.py:151} INFO - [2026-02-12T23:04:57.899+0000] {dag.py:3696} INFO - Setting next_dagrun for ingestionDAG to 2026-02-12T23:04:27.899300+00:00, run_after=2026-02-12T23:04:57.899300+00:00
[2026-02-12T23:04:57.939+0000] {processor.py:179} INFO - Processing /opt/airflow/dags/ingest_local_folder_dag.py took 1.067 seconds
[2026-02-12T23:05:28.122+0000] {processor.py:157} INFO - Started process (PID=909) to work on /opt/airflow/dags/ingest_local_folder_dag.py
[2026-02-12T23:05:28.124+0000] {processor.py:829} INFO - Processing file /opt/airflow/dags/ingest_local_folder_dag.py for tasks to queue
[2026-02-12T23:05:28.127+0000] {logging_mixin.py:151} INFO - [2026-02-12T23:05:28.126+0000] {dagbag.py:539} INFO - Filling up the DagBag from /opt/airflow/dags/ingest_local_folder_dag.py
[2026-02-12T23:05:29.021+0000] {processor.py:839} INFO - DAG(s) dict_keys(['ingestionDAG']) retrieved from /opt/airflow/dags/ingest_local_folder_dag.py
[2026-02-12T23:05:29.096+0000] {logging_mixin.py:151} INFO - [2026-02-12T23:05:29.096+0000] {dag.py:2915} INFO - Sync 1 DAGs
[2026-02-12T23:05:29.148+0000] {logging_mixin.py:151} INFO - [2026-02-12T23:05:29.147+0000] {dag.py:3696} INFO - Setting next_dagrun for ingestionDAG to 2026-02-12T23:04:59.147461+00:00, run_after=2026-02-12T23:05:29.147461+00:00
[2026-02-12T23:05:29.191+0000] {processor.py:179} INFO - Processing /opt/airflow/dags/ingest_local_folder_dag.py took 1.078 seconds
[2026-02-12T23:05:59.345+0000] {processor.py:157} INFO - Started process (PID=922) to work on /opt/airflow/dags/ingest_local_folder_dag.py
[2026-02-12T23:05:59.348+0000] {processor.py:829} INFO - Processing file /opt/airflow/dags/ingest_local_folder_dag.py for tasks to queue
[2026-02-12T23:05:59.350+0000] {logging_mixin.py:151} INFO - [2026-02-12T23:05:59.349+0000] {dagbag.py:539} INFO - Filling up the DagBag from /opt/airflow/dags/ingest_local_folder_dag.py
[2026-02-12T23:06:00.232+0000] {processor.py:839} INFO - DAG(s) dict_keys(['ingestionDAG']) retrieved from /opt/airflow/dags/ingest_local_folder_dag.py
[2026-02-12T23:06:00.309+0000] {logging_mixin.py:151} INFO - [2026-02-12T23:06:00.308+0000] {dag.py:2915} INFO - Sync 1 DAGs
[2026-02-12T23:06:00.363+0000] {logging_mixin.py:151} INFO - [2026-02-12T23:06:00.363+0000] {dag.py:3696} INFO - Setting next_dagrun for ingestionDAG to 2026-02-12T23:05:30.363058+00:00, run_after=2026-02-12T23:06:00.363058+00:00
[2026-02-12T23:06:00.403+0000] {processor.py:179} INFO - Processing /opt/airflow/dags/ingest_local_folder_dag.py took 1.069 seconds
[2026-02-12T23:06:30.733+0000] {processor.py:157} INFO - Started process (PID=935) to work on /opt/airflow/dags/ingest_local_folder_dag.py
[2026-02-12T23:06:30.736+0000] {processor.py:829} INFO - Processing file /opt/airflow/dags/ingest_local_folder_dag.py for tasks to queue
[2026-02-12T23:06:30.738+0000] {logging_mixin.py:151} INFO - [2026-02-12T23:06:30.737+0000] {dagbag.py:539} INFO - Filling up the DagBag from /opt/airflow/dags/ingest_local_folder_dag.py
[2026-02-12T23:06:31.618+0000] {processor.py:839} INFO - DAG(s) dict_keys(['ingestionDAG']) retrieved from /opt/airflow/dags/ingest_local_folder_dag.py
[2026-02-12T23:06:31.696+0000] {logging_mixin.py:151} INFO - [2026-02-12T23:06:31.695+0000] {dag.py:2915} INFO - Sync 1 DAGs
[2026-02-12T23:06:31.748+0000] {logging_mixin.py:151} INFO - [2026-02-12T23:06:31.747+0000] {dag.py:3696} INFO - Setting next_dagrun for ingestionDAG to 2026-02-12T23:06:01.747517+00:00, run_after=2026-02-12T23:06:31.747517+00:00
[2026-02-12T23:06:31.787+0000] {processor.py:179} INFO - Processing /opt/airflow/dags/ingest_local_folder_dag.py took 1.064 seconds
[2026-02-12T23:07:01.968+0000] {processor.py:157} INFO - Started process (PID=948) to work on /opt/airflow/dags/ingest_local_folder_dag.py
[2026-02-12T23:07:01.969+0000] {processor.py:829} INFO - Processing file /opt/airflow/dags/ingest_local_folder_dag.py for tasks to queue
[2026-02-12T23:07:01.972+0000] {logging_mixin.py:151} INFO - [2026-02-12T23:07:01.971+0000] {dagbag.py:539} INFO - Filling up the DagBag from /opt/airflow/dags/ingest_local_folder_dag.py
[2026-02-12T23:07:02.851+0000] {processor.py:839} INFO - DAG(s) dict_keys(['ingestionDAG']) retrieved from /opt/airflow/dags/ingest_local_folder_dag.py
[2026-02-12T23:07:02.927+0000] {logging_mixin.py:151} INFO - [2026-02-12T23:07:02.926+0000] {dag.py:2915} INFO - Sync 1 DAGs
[2026-02-12T23:07:02.978+0000] {logging_mixin.py:151} INFO - [2026-02-12T23:07:02.978+0000] {dag.py:3696} INFO - Setting next_dagrun for ingestionDAG to 2026-02-12T23:06:32.977947+00:00, run_after=2026-02-12T23:07:02.977947+00:00
[2026-02-12T23:07:03.018+0000] {processor.py:179} INFO - Processing /opt/airflow/dags/ingest_local_folder_dag.py took 1.060 seconds
[2026-02-12T23:07:33.209+0000] {processor.py:157} INFO - Started process (PID=961) to work on /opt/airflow/dags/ingest_local_folder_dag.py
[2026-02-12T23:07:33.212+0000] {processor.py:829} INFO - Processing file /opt/airflow/dags/ingest_local_folder_dag.py for tasks to queue
[2026-02-12T23:07:33.214+0000] {logging_mixin.py:151} INFO - [2026-02-12T23:07:33.213+0000] {dagbag.py:539} INFO - Filling up the DagBag from /opt/airflow/dags/ingest_local_folder_dag.py
[2026-02-12T23:07:34.083+0000] {processor.py:839} INFO - DAG(s) dict_keys(['ingestionDAG']) retrieved from /opt/airflow/dags/ingest_local_folder_dag.py
[2026-02-12T23:07:34.159+0000] {logging_mixin.py:151} INFO - [2026-02-12T23:07:34.158+0000] {dag.py:2915} INFO - Sync 1 DAGs
[2026-02-12T23:07:34.210+0000] {logging_mixin.py:151} INFO - [2026-02-12T23:07:34.210+0000] {dag.py:3696} INFO - Setting next_dagrun for ingestionDAG to 2026-02-12T23:07:04.210084+00:00, run_after=2026-02-12T23:07:34.210084+00:00
[2026-02-12T23:07:34.253+0000] {processor.py:179} INFO - Processing /opt/airflow/dags/ingest_local_folder_dag.py took 1.053 seconds
[2026-02-12T23:08:04.503+0000] {processor.py:157} INFO - Started process (PID=974) to work on /opt/airflow/dags/ingest_local_folder_dag.py
[2026-02-12T23:08:04.506+0000] {processor.py:829} INFO - Processing file /opt/airflow/dags/ingest_local_folder_dag.py for tasks to queue
[2026-02-12T23:08:04.508+0000] {logging_mixin.py:151} INFO - [2026-02-12T23:08:04.507+0000] {dagbag.py:539} INFO - Filling up the DagBag from /opt/airflow/dags/ingest_local_folder_dag.py
[2026-02-12T23:08:05.459+0000] {processor.py:839} INFO - DAG(s) dict_keys(['ingestionDAG']) retrieved from /opt/airflow/dags/ingest_local_folder_dag.py
[2026-02-12T23:08:05.557+0000] {logging_mixin.py:151} INFO - [2026-02-12T23:08:05.557+0000] {dag.py:2915} INFO - Sync 1 DAGs
[2026-02-12T23:08:05.629+0000] {logging_mixin.py:151} INFO - [2026-02-12T23:08:05.629+0000] {dag.py:3696} INFO - Setting next_dagrun for ingestionDAG to 2026-02-12T23:07:35.628763+00:00, run_after=2026-02-12T23:08:05.628763+00:00
[2026-02-12T23:08:05.680+0000] {processor.py:179} INFO - Processing /opt/airflow/dags/ingest_local_folder_dag.py took 1.186 seconds
[2026-02-12T23:08:35.824+0000] {processor.py:157} INFO - Started process (PID=985) to work on /opt/airflow/dags/ingest_local_folder_dag.py
[2026-02-12T23:08:35.829+0000] {processor.py:829} INFO - Processing file /opt/airflow/dags/ingest_local_folder_dag.py for tasks to queue
[2026-02-12T23:08:35.832+0000] {logging_mixin.py:151} INFO - [2026-02-12T23:08:35.830+0000] {dagbag.py:539} INFO - Filling up the DagBag from /opt/airflow/dags/ingest_local_folder_dag.py
[2026-02-12T23:08:36.786+0000] {processor.py:839} INFO - DAG(s) dict_keys(['ingestionDAG']) retrieved from /opt/airflow/dags/ingest_local_folder_dag.py
[2026-02-12T23:08:36.865+0000] {logging_mixin.py:151} INFO - [2026-02-12T23:08:36.864+0000] {dag.py:2915} INFO - Sync 1 DAGs
[2026-02-12T23:08:36.923+0000] {logging_mixin.py:151} INFO - [2026-02-12T23:08:36.923+0000] {dag.py:3696} INFO - Setting next_dagrun for ingestionDAG to 2026-02-12T23:08:06.922577+00:00, run_after=2026-02-12T23:08:36.922577+00:00
[2026-02-12T23:08:36.969+0000] {processor.py:179} INFO - Processing /opt/airflow/dags/ingest_local_folder_dag.py took 1.157 seconds
