[2025-11-29T04:04:44.072+0000] {processor.py:157} INFO - Started process (PID=8783) to work on /opt/airflow/dags/dispatcher_pipeline_dag.py
[2025-11-29T04:04:44.078+0000] {processor.py:829} INFO - Processing file /opt/airflow/dags/dispatcher_pipeline_dag.py for tasks to queue
[2025-11-29T04:04:44.086+0000] {logging_mixin.py:151} INFO - [2025-11-29T04:04:44.079+0000] {dagbag.py:539} INFO - Filling up the DagBag from /opt/airflow/dags/dispatcher_pipeline_dag.py
[2025-11-29T04:04:47.426+0000] {processor.py:839} INFO - DAG(s) dict_keys(['distillationDAG']) retrieved from /opt/airflow/dags/dispatcher_pipeline_dag.py
[2025-11-29T04:04:47.527+0000] {logging_mixin.py:151} INFO - [2025-11-29T04:04:47.526+0000] {dag.py:2915} INFO - Sync 1 DAGs
[2025-11-29T04:04:47.601+0000] {logging_mixin.py:151} INFO - [2025-11-29T04:04:47.601+0000] {dag.py:3696} INFO - Setting next_dagrun for distillationDAG to 2025-11-29T04:04:02.600930+00:00, run_after=2025-11-29T04:04:47.600930+00:00
[2025-11-29T04:04:47.664+0000] {processor.py:179} INFO - Processing /opt/airflow/dags/dispatcher_pipeline_dag.py took 3.784 seconds
[2025-11-29T08:13:01.563+0000] {processor.py:157} INFO - Started process (PID=165) to work on /opt/airflow/dags/dispatcher_pipeline_dag.py
[2025-11-29T08:13:01.579+0000] {processor.py:829} INFO - Processing file /opt/airflow/dags/dispatcher_pipeline_dag.py for tasks to queue
[2025-11-29T08:13:01.588+0000] {logging_mixin.py:151} INFO - [2025-11-29T08:13:01.587+0000] {dagbag.py:539} INFO - Filling up the DagBag from /opt/airflow/dags/dispatcher_pipeline_dag.py
[2025-11-29T08:13:04.377+0000] {processor.py:839} INFO - DAG(s) dict_keys(['distillationDAG']) retrieved from /opt/airflow/dags/dispatcher_pipeline_dag.py
[2025-11-29T08:13:04.497+0000] {logging_mixin.py:151} INFO - [2025-11-29T08:13:04.496+0000] {dag.py:2915} INFO - Sync 1 DAGs
[2025-11-29T08:13:04.553+0000] {logging_mixin.py:151} INFO - [2025-11-29T08:13:04.552+0000] {dag.py:3696} INFO - Setting next_dagrun for distillationDAG to 2025-11-29T08:12:19.552360+00:00, run_after=2025-11-29T08:13:04.552360+00:00
[2025-11-29T08:13:04.598+0000] {processor.py:179} INFO - Processing /opt/airflow/dags/dispatcher_pipeline_dag.py took 3.077 seconds
[2025-11-29T08:13:35.159+0000] {processor.py:157} INFO - Started process (PID=195) to work on /opt/airflow/dags/dispatcher_pipeline_dag.py
[2025-11-29T08:13:35.168+0000] {processor.py:829} INFO - Processing file /opt/airflow/dags/dispatcher_pipeline_dag.py for tasks to queue
[2025-11-29T08:13:35.170+0000] {logging_mixin.py:151} INFO - [2025-11-29T08:13:35.169+0000] {dagbag.py:539} INFO - Filling up the DagBag from /opt/airflow/dags/dispatcher_pipeline_dag.py
[2025-11-29T08:13:41.542+0000] {processor.py:839} INFO - DAG(s) dict_keys(['distillationDAG']) retrieved from /opt/airflow/dags/dispatcher_pipeline_dag.py
[2025-11-29T08:13:41.717+0000] {logging_mixin.py:151} INFO - [2025-11-29T08:13:41.710+0000] {dag.py:2915} INFO - Sync 1 DAGs
[2025-11-29T08:13:41.892+0000] {logging_mixin.py:151} INFO - [2025-11-29T08:13:41.892+0000] {dag.py:3696} INFO - Setting next_dagrun for distillationDAG to 2025-11-29T08:12:56.892066+00:00, run_after=2025-11-29T08:13:41.892066+00:00
[2025-11-29T08:13:42.083+0000] {processor.py:179} INFO - Processing /opt/airflow/dags/dispatcher_pipeline_dag.py took 6.939 seconds
[2025-11-29T08:14:13.034+0000] {processor.py:157} INFO - Started process (PID=218) to work on /opt/airflow/dags/dispatcher_pipeline_dag.py
[2025-11-29T08:14:13.036+0000] {processor.py:829} INFO - Processing file /opt/airflow/dags/dispatcher_pipeline_dag.py for tasks to queue
[2025-11-29T08:14:13.038+0000] {logging_mixin.py:151} INFO - [2025-11-29T08:14:13.037+0000] {dagbag.py:539} INFO - Filling up the DagBag from /opt/airflow/dags/dispatcher_pipeline_dag.py
[2025-11-29T08:14:18.399+0000] {processor.py:839} INFO - DAG(s) dict_keys(['distillationDAG']) retrieved from /opt/airflow/dags/dispatcher_pipeline_dag.py
[2025-11-29T08:14:18.537+0000] {logging_mixin.py:151} INFO - [2025-11-29T08:14:18.536+0000] {dag.py:2915} INFO - Sync 1 DAGs
[2025-11-29T08:14:18.637+0000] {logging_mixin.py:151} INFO - [2025-11-29T08:14:18.635+0000] {dag.py:3696} INFO - Setting next_dagrun for distillationDAG to 2025-11-29T08:13:33.633189+00:00, run_after=2025-11-29T08:14:18.633189+00:00
[2025-11-29T08:14:18.855+0000] {processor.py:179} INFO - Processing /opt/airflow/dags/dispatcher_pipeline_dag.py took 5.831 seconds
[2025-11-29T08:14:49.557+0000] {processor.py:157} INFO - Started process (PID=240) to work on /opt/airflow/dags/dispatcher_pipeline_dag.py
[2025-11-29T08:14:49.560+0000] {processor.py:829} INFO - Processing file /opt/airflow/dags/dispatcher_pipeline_dag.py for tasks to queue
[2025-11-29T08:14:49.562+0000] {logging_mixin.py:151} INFO - [2025-11-29T08:14:49.561+0000] {dagbag.py:539} INFO - Filling up the DagBag from /opt/airflow/dags/dispatcher_pipeline_dag.py
[2025-11-29T08:14:51.352+0000] {processor.py:839} INFO - DAG(s) dict_keys(['distillationDAG']) retrieved from /opt/airflow/dags/dispatcher_pipeline_dag.py
[2025-11-29T08:14:51.430+0000] {logging_mixin.py:151} INFO - [2025-11-29T08:14:51.429+0000] {dag.py:2915} INFO - Sync 1 DAGs
[2025-11-29T08:14:51.482+0000] {logging_mixin.py:151} INFO - [2025-11-29T08:14:51.482+0000] {dag.py:3696} INFO - Setting next_dagrun for distillationDAG to 2025-11-29T08:14:06.481685+00:00, run_after=2025-11-29T08:14:51.481685+00:00
[2025-11-29T08:14:51.522+0000] {processor.py:179} INFO - Processing /opt/airflow/dags/dispatcher_pipeline_dag.py took 1.975 seconds
[2025-11-29T08:15:21.790+0000] {processor.py:157} INFO - Started process (PID=257) to work on /opt/airflow/dags/dispatcher_pipeline_dag.py
[2025-11-29T08:15:21.793+0000] {processor.py:829} INFO - Processing file /opt/airflow/dags/dispatcher_pipeline_dag.py for tasks to queue
[2025-11-29T08:15:21.795+0000] {logging_mixin.py:151} INFO - [2025-11-29T08:15:21.794+0000] {dagbag.py:539} INFO - Filling up the DagBag from /opt/airflow/dags/dispatcher_pipeline_dag.py
[2025-11-29T08:15:23.542+0000] {processor.py:839} INFO - DAG(s) dict_keys(['distillationDAG']) retrieved from /opt/airflow/dags/dispatcher_pipeline_dag.py
[2025-11-29T08:15:23.621+0000] {logging_mixin.py:151} INFO - [2025-11-29T08:15:23.620+0000] {dag.py:2915} INFO - Sync 1 DAGs
[2025-11-29T08:15:23.676+0000] {logging_mixin.py:151} INFO - [2025-11-29T08:15:23.675+0000] {dag.py:3696} INFO - Setting next_dagrun for distillationDAG to 2025-11-29T08:14:38.675471+00:00, run_after=2025-11-29T08:15:23.675471+00:00
[2025-11-29T08:15:23.716+0000] {processor.py:179} INFO - Processing /opt/airflow/dags/dispatcher_pipeline_dag.py took 1.935 seconds
[2025-11-29T08:15:54.060+0000] {processor.py:157} INFO - Started process (PID=274) to work on /opt/airflow/dags/dispatcher_pipeline_dag.py
[2025-11-29T08:15:54.063+0000] {processor.py:829} INFO - Processing file /opt/airflow/dags/dispatcher_pipeline_dag.py for tasks to queue
[2025-11-29T08:15:54.066+0000] {logging_mixin.py:151} INFO - [2025-11-29T08:15:54.065+0000] {dagbag.py:539} INFO - Filling up the DagBag from /opt/airflow/dags/dispatcher_pipeline_dag.py
[2025-11-29T08:15:55.919+0000] {processor.py:839} INFO - DAG(s) dict_keys(['distillationDAG']) retrieved from /opt/airflow/dags/dispatcher_pipeline_dag.py
[2025-11-29T08:15:56.005+0000] {logging_mixin.py:151} INFO - [2025-11-29T08:15:56.004+0000] {dag.py:2915} INFO - Sync 1 DAGs
[2025-11-29T08:15:56.059+0000] {logging_mixin.py:151} INFO - [2025-11-29T08:15:56.058+0000] {dag.py:3696} INFO - Setting next_dagrun for distillationDAG to 2025-11-29T08:15:11.058469+00:00, run_after=2025-11-29T08:15:56.058469+00:00
[2025-11-29T08:15:56.098+0000] {processor.py:179} INFO - Processing /opt/airflow/dags/dispatcher_pipeline_dag.py took 2.050 seconds
[2025-11-29T08:16:26.380+0000] {processor.py:157} INFO - Started process (PID=291) to work on /opt/airflow/dags/dispatcher_pipeline_dag.py
[2025-11-29T08:16:26.384+0000] {processor.py:829} INFO - Processing file /opt/airflow/dags/dispatcher_pipeline_dag.py for tasks to queue
[2025-11-29T08:16:26.386+0000] {logging_mixin.py:151} INFO - [2025-11-29T08:16:26.385+0000] {dagbag.py:539} INFO - Filling up the DagBag from /opt/airflow/dags/dispatcher_pipeline_dag.py
[2025-11-29T08:16:28.104+0000] {processor.py:839} INFO - DAG(s) dict_keys(['distillationDAG']) retrieved from /opt/airflow/dags/dispatcher_pipeline_dag.py
[2025-11-29T08:16:28.181+0000] {logging_mixin.py:151} INFO - [2025-11-29T08:16:28.180+0000] {dag.py:2915} INFO - Sync 1 DAGs
[2025-11-29T08:16:28.233+0000] {logging_mixin.py:151} INFO - [2025-11-29T08:16:28.232+0000] {dag.py:3696} INFO - Setting next_dagrun for distillationDAG to 2025-11-29T08:15:43.232197+00:00, run_after=2025-11-29T08:16:28.232197+00:00
[2025-11-29T08:16:28.273+0000] {processor.py:179} INFO - Processing /opt/airflow/dags/dispatcher_pipeline_dag.py took 1.903 seconds
[2025-11-29T08:16:58.559+0000] {processor.py:157} INFO - Started process (PID=308) to work on /opt/airflow/dags/dispatcher_pipeline_dag.py
[2025-11-29T08:16:58.562+0000] {processor.py:829} INFO - Processing file /opt/airflow/dags/dispatcher_pipeline_dag.py for tasks to queue
[2025-11-29T08:16:58.564+0000] {logging_mixin.py:151} INFO - [2025-11-29T08:16:58.563+0000] {dagbag.py:539} INFO - Filling up the DagBag from /opt/airflow/dags/dispatcher_pipeline_dag.py
[2025-11-29T08:17:00.325+0000] {processor.py:839} INFO - DAG(s) dict_keys(['distillationDAG']) retrieved from /opt/airflow/dags/dispatcher_pipeline_dag.py
[2025-11-29T08:17:00.401+0000] {logging_mixin.py:151} INFO - [2025-11-29T08:17:00.400+0000] {dag.py:2915} INFO - Sync 1 DAGs
[2025-11-29T08:17:00.452+0000] {logging_mixin.py:151} INFO - [2025-11-29T08:17:00.452+0000] {dag.py:3696} INFO - Setting next_dagrun for distillationDAG to 2025-11-29T08:16:15.451773+00:00, run_after=2025-11-29T08:17:00.451773+00:00
[2025-11-29T08:17:00.491+0000] {processor.py:179} INFO - Processing /opt/airflow/dags/dispatcher_pipeline_dag.py took 1.943 seconds
[2025-11-29T08:17:30.810+0000] {processor.py:157} INFO - Started process (PID=325) to work on /opt/airflow/dags/dispatcher_pipeline_dag.py
[2025-11-29T08:17:30.812+0000] {processor.py:829} INFO - Processing file /opt/airflow/dags/dispatcher_pipeline_dag.py for tasks to queue
[2025-11-29T08:17:30.814+0000] {logging_mixin.py:151} INFO - [2025-11-29T08:17:30.813+0000] {dagbag.py:539} INFO - Filling up the DagBag from /opt/airflow/dags/dispatcher_pipeline_dag.py
[2025-11-29T08:17:32.558+0000] {processor.py:839} INFO - DAG(s) dict_keys(['distillationDAG']) retrieved from /opt/airflow/dags/dispatcher_pipeline_dag.py
[2025-11-29T08:17:32.633+0000] {logging_mixin.py:151} INFO - [2025-11-29T08:17:32.632+0000] {dag.py:2915} INFO - Sync 1 DAGs
[2025-11-29T08:17:32.683+0000] {logging_mixin.py:151} INFO - [2025-11-29T08:17:32.683+0000] {dag.py:3696} INFO - Setting next_dagrun for distillationDAG to 2025-11-29T08:16:47.682981+00:00, run_after=2025-11-29T08:17:32.682981+00:00
[2025-11-29T08:17:32.722+0000] {processor.py:179} INFO - Processing /opt/airflow/dags/dispatcher_pipeline_dag.py took 1.923 seconds
[2025-11-29T08:18:03.137+0000] {processor.py:157} INFO - Started process (PID=342) to work on /opt/airflow/dags/dispatcher_pipeline_dag.py
[2025-11-29T08:18:03.139+0000] {processor.py:829} INFO - Processing file /opt/airflow/dags/dispatcher_pipeline_dag.py for tasks to queue
[2025-11-29T08:18:03.141+0000] {logging_mixin.py:151} INFO - [2025-11-29T08:18:03.140+0000] {dagbag.py:539} INFO - Filling up the DagBag from /opt/airflow/dags/dispatcher_pipeline_dag.py
[2025-11-29T08:18:04.839+0000] {processor.py:839} INFO - DAG(s) dict_keys(['distillationDAG']) retrieved from /opt/airflow/dags/dispatcher_pipeline_dag.py
[2025-11-29T08:18:04.958+0000] {logging_mixin.py:151} INFO - [2025-11-29T08:18:04.956+0000] {dag.py:2915} INFO - Sync 1 DAGs
[2025-11-29T08:18:05.013+0000] {logging_mixin.py:151} INFO - [2025-11-29T08:18:05.012+0000] {dag.py:3696} INFO - Setting next_dagrun for distillationDAG to 2025-11-29T08:17:20.012159+00:00, run_after=2025-11-29T08:18:05.012159+00:00
[2025-11-29T08:18:05.052+0000] {processor.py:179} INFO - Processing /opt/airflow/dags/dispatcher_pipeline_dag.py took 1.926 seconds
[2025-11-29T08:18:35.153+0000] {processor.py:157} INFO - Started process (PID=359) to work on /opt/airflow/dags/dispatcher_pipeline_dag.py
[2025-11-29T08:18:35.156+0000] {processor.py:829} INFO - Processing file /opt/airflow/dags/dispatcher_pipeline_dag.py for tasks to queue
[2025-11-29T08:18:35.159+0000] {logging_mixin.py:151} INFO - [2025-11-29T08:18:35.158+0000] {dagbag.py:539} INFO - Filling up the DagBag from /opt/airflow/dags/dispatcher_pipeline_dag.py
[2025-11-29T08:18:37.141+0000] {processor.py:839} INFO - DAG(s) dict_keys(['distillationDAG']) retrieved from /opt/airflow/dags/dispatcher_pipeline_dag.py
[2025-11-29T08:18:37.254+0000] {logging_mixin.py:151} INFO - [2025-11-29T08:18:37.251+0000] {dag.py:2915} INFO - Sync 1 DAGs
[2025-11-29T08:18:37.324+0000] {logging_mixin.py:151} INFO - [2025-11-29T08:18:37.323+0000] {dag.py:3696} INFO - Setting next_dagrun for distillationDAG to 2025-11-29T08:17:52.323336+00:00, run_after=2025-11-29T08:18:37.323336+00:00
[2025-11-29T08:18:37.387+0000] {processor.py:179} INFO - Processing /opt/airflow/dags/dispatcher_pipeline_dag.py took 2.245 seconds
[2025-11-29T08:19:07.494+0000] {processor.py:157} INFO - Started process (PID=376) to work on /opt/airflow/dags/dispatcher_pipeline_dag.py
[2025-11-29T08:19:07.496+0000] {processor.py:829} INFO - Processing file /opt/airflow/dags/dispatcher_pipeline_dag.py for tasks to queue
[2025-11-29T08:19:07.502+0000] {logging_mixin.py:151} INFO - [2025-11-29T08:19:07.498+0000] {dagbag.py:539} INFO - Filling up the DagBag from /opt/airflow/dags/dispatcher_pipeline_dag.py
[2025-11-29T08:19:09.510+0000] {processor.py:839} INFO - DAG(s) dict_keys(['distillationDAG']) retrieved from /opt/airflow/dags/dispatcher_pipeline_dag.py
[2025-11-29T08:19:09.597+0000] {logging_mixin.py:151} INFO - [2025-11-29T08:19:09.596+0000] {dag.py:2915} INFO - Sync 1 DAGs
[2025-11-29T08:19:09.652+0000] {logging_mixin.py:151} INFO - [2025-11-29T08:19:09.652+0000] {dag.py:3696} INFO - Setting next_dagrun for distillationDAG to 2025-11-29T08:18:24.651557+00:00, run_after=2025-11-29T08:19:09.651557+00:00
[2025-11-29T08:19:09.696+0000] {processor.py:179} INFO - Processing /opt/airflow/dags/dispatcher_pipeline_dag.py took 2.214 seconds
[2025-11-29T08:19:40.001+0000] {processor.py:157} INFO - Started process (PID=393) to work on /opt/airflow/dags/dispatcher_pipeline_dag.py
[2025-11-29T08:19:40.004+0000] {processor.py:829} INFO - Processing file /opt/airflow/dags/dispatcher_pipeline_dag.py for tasks to queue
[2025-11-29T08:19:40.007+0000] {logging_mixin.py:151} INFO - [2025-11-29T08:19:40.005+0000] {dagbag.py:539} INFO - Filling up the DagBag from /opt/airflow/dags/dispatcher_pipeline_dag.py
[2025-11-29T08:19:41.961+0000] {processor.py:839} INFO - DAG(s) dict_keys(['distillationDAG']) retrieved from /opt/airflow/dags/dispatcher_pipeline_dag.py
[2025-11-29T08:19:42.043+0000] {logging_mixin.py:151} INFO - [2025-11-29T08:19:42.042+0000] {dag.py:2915} INFO - Sync 1 DAGs
[2025-11-29T08:19:42.097+0000] {logging_mixin.py:151} INFO - [2025-11-29T08:19:42.096+0000] {dag.py:3696} INFO - Setting next_dagrun for distillationDAG to 2025-11-29T08:18:57.096240+00:00, run_after=2025-11-29T08:19:42.096240+00:00
[2025-11-29T08:19:42.139+0000] {processor.py:179} INFO - Processing /opt/airflow/dags/dispatcher_pipeline_dag.py took 2.150 seconds
[2025-11-29T08:20:12.438+0000] {processor.py:157} INFO - Started process (PID=410) to work on /opt/airflow/dags/dispatcher_pipeline_dag.py
[2025-11-29T08:20:12.441+0000] {processor.py:829} INFO - Processing file /opt/airflow/dags/dispatcher_pipeline_dag.py for tasks to queue
[2025-11-29T08:20:12.444+0000] {logging_mixin.py:151} INFO - [2025-11-29T08:20:12.442+0000] {dagbag.py:539} INFO - Filling up the DagBag from /opt/airflow/dags/dispatcher_pipeline_dag.py
[2025-11-29T08:20:14.359+0000] {processor.py:839} INFO - DAG(s) dict_keys(['distillationDAG']) retrieved from /opt/airflow/dags/dispatcher_pipeline_dag.py
[2025-11-29T08:20:14.446+0000] {logging_mixin.py:151} INFO - [2025-11-29T08:20:14.445+0000] {dag.py:2915} INFO - Sync 1 DAGs
[2025-11-29T08:20:14.502+0000] {logging_mixin.py:151} INFO - [2025-11-29T08:20:14.501+0000] {dag.py:3696} INFO - Setting next_dagrun for distillationDAG to 2025-11-29T08:19:29.501362+00:00, run_after=2025-11-29T08:20:14.501362+00:00
[2025-11-29T08:20:14.549+0000] {processor.py:179} INFO - Processing /opt/airflow/dags/dispatcher_pipeline_dag.py took 2.122 seconds
[2025-11-29T08:20:44.847+0000] {processor.py:157} INFO - Started process (PID=427) to work on /opt/airflow/dags/dispatcher_pipeline_dag.py
[2025-11-29T08:20:44.850+0000] {processor.py:829} INFO - Processing file /opt/airflow/dags/dispatcher_pipeline_dag.py for tasks to queue
[2025-11-29T08:20:44.852+0000] {logging_mixin.py:151} INFO - [2025-11-29T08:20:44.851+0000] {dagbag.py:539} INFO - Filling up the DagBag from /opt/airflow/dags/dispatcher_pipeline_dag.py
[2025-11-29T08:20:46.697+0000] {processor.py:839} INFO - DAG(s) dict_keys(['distillationDAG']) retrieved from /opt/airflow/dags/dispatcher_pipeline_dag.py
[2025-11-29T08:20:46.791+0000] {logging_mixin.py:151} INFO - [2025-11-29T08:20:46.790+0000] {dag.py:2915} INFO - Sync 1 DAGs
[2025-11-29T08:20:46.850+0000] {logging_mixin.py:151} INFO - [2025-11-29T08:20:46.850+0000] {dag.py:3696} INFO - Setting next_dagrun for distillationDAG to 2025-11-29T08:20:01.850067+00:00, run_after=2025-11-29T08:20:46.850067+00:00
[2025-11-29T08:20:46.905+0000] {processor.py:179} INFO - Processing /opt/airflow/dags/dispatcher_pipeline_dag.py took 2.070 seconds
[2025-11-29T08:21:17.260+0000] {processor.py:157} INFO - Started process (PID=444) to work on /opt/airflow/dags/dispatcher_pipeline_dag.py
[2025-11-29T08:21:17.263+0000] {processor.py:829} INFO - Processing file /opt/airflow/dags/dispatcher_pipeline_dag.py for tasks to queue
[2025-11-29T08:21:17.266+0000] {logging_mixin.py:151} INFO - [2025-11-29T08:21:17.264+0000] {dagbag.py:539} INFO - Filling up the DagBag from /opt/airflow/dags/dispatcher_pipeline_dag.py
[2025-11-29T08:21:19.162+0000] {processor.py:839} INFO - DAG(s) dict_keys(['distillationDAG']) retrieved from /opt/airflow/dags/dispatcher_pipeline_dag.py
[2025-11-29T08:21:19.241+0000] {logging_mixin.py:151} INFO - [2025-11-29T08:21:19.240+0000] {dag.py:2915} INFO - Sync 1 DAGs
[2025-11-29T08:21:19.295+0000] {logging_mixin.py:151} INFO - [2025-11-29T08:21:19.295+0000] {dag.py:3696} INFO - Setting next_dagrun for distillationDAG to 2025-11-29T08:20:34.294600+00:00, run_after=2025-11-29T08:21:19.294600+00:00
[2025-11-29T08:21:19.339+0000] {processor.py:179} INFO - Processing /opt/airflow/dags/dispatcher_pipeline_dag.py took 2.094 seconds
[2025-11-29T08:21:49.627+0000] {processor.py:157} INFO - Started process (PID=461) to work on /opt/airflow/dags/dispatcher_pipeline_dag.py
[2025-11-29T08:21:49.631+0000] {processor.py:829} INFO - Processing file /opt/airflow/dags/dispatcher_pipeline_dag.py for tasks to queue
[2025-11-29T08:21:49.633+0000] {logging_mixin.py:151} INFO - [2025-11-29T08:21:49.632+0000] {dagbag.py:539} INFO - Filling up the DagBag from /opt/airflow/dags/dispatcher_pipeline_dag.py
[2025-11-29T08:21:51.533+0000] {processor.py:839} INFO - DAG(s) dict_keys(['distillationDAG']) retrieved from /opt/airflow/dags/dispatcher_pipeline_dag.py
[2025-11-29T08:21:51.618+0000] {logging_mixin.py:151} INFO - [2025-11-29T08:21:51.616+0000] {dag.py:2915} INFO - Sync 1 DAGs
[2025-11-29T08:21:51.680+0000] {logging_mixin.py:151} INFO - [2025-11-29T08:21:51.679+0000] {dag.py:3696} INFO - Setting next_dagrun for distillationDAG to 2025-11-29T08:21:06.679085+00:00, run_after=2025-11-29T08:21:51.679085+00:00
[2025-11-29T08:21:51.726+0000] {processor.py:179} INFO - Processing /opt/airflow/dags/dispatcher_pipeline_dag.py took 2.109 seconds
[2025-11-29T08:22:22.009+0000] {processor.py:157} INFO - Started process (PID=478) to work on /opt/airflow/dags/dispatcher_pipeline_dag.py
[2025-11-29T08:22:22.011+0000] {processor.py:829} INFO - Processing file /opt/airflow/dags/dispatcher_pipeline_dag.py for tasks to queue
[2025-11-29T08:22:22.014+0000] {logging_mixin.py:151} INFO - [2025-11-29T08:22:22.012+0000] {dagbag.py:539} INFO - Filling up the DagBag from /opt/airflow/dags/dispatcher_pipeline_dag.py
[2025-11-29T08:22:23.923+0000] {processor.py:839} INFO - DAG(s) dict_keys(['distillationDAG']) retrieved from /opt/airflow/dags/dispatcher_pipeline_dag.py
[2025-11-29T08:22:24.008+0000] {logging_mixin.py:151} INFO - [2025-11-29T08:22:24.007+0000] {dag.py:2915} INFO - Sync 1 DAGs
[2025-11-29T08:22:24.066+0000] {logging_mixin.py:151} INFO - [2025-11-29T08:22:24.065+0000] {dag.py:3696} INFO - Setting next_dagrun for distillationDAG to 2025-11-29T08:21:39.065197+00:00, run_after=2025-11-29T08:22:24.065197+00:00
[2025-11-29T08:22:24.116+0000] {processor.py:179} INFO - Processing /opt/airflow/dags/dispatcher_pipeline_dag.py took 2.118 seconds
[2025-11-29T08:22:54.447+0000] {processor.py:157} INFO - Started process (PID=495) to work on /opt/airflow/dags/dispatcher_pipeline_dag.py
[2025-11-29T08:22:54.450+0000] {processor.py:829} INFO - Processing file /opt/airflow/dags/dispatcher_pipeline_dag.py for tasks to queue
[2025-11-29T08:22:54.453+0000] {logging_mixin.py:151} INFO - [2025-11-29T08:22:54.452+0000] {dagbag.py:539} INFO - Filling up the DagBag from /opt/airflow/dags/dispatcher_pipeline_dag.py
[2025-11-29T08:22:56.430+0000] {processor.py:839} INFO - DAG(s) dict_keys(['distillationDAG']) retrieved from /opt/airflow/dags/dispatcher_pipeline_dag.py
[2025-11-29T08:22:56.516+0000] {logging_mixin.py:151} INFO - [2025-11-29T08:22:56.515+0000] {dag.py:2915} INFO - Sync 1 DAGs
[2025-11-29T08:22:56.571+0000] {logging_mixin.py:151} INFO - [2025-11-29T08:22:56.571+0000] {dag.py:3696} INFO - Setting next_dagrun for distillationDAG to 2025-11-29T08:22:11.570640+00:00, run_after=2025-11-29T08:22:56.570640+00:00
[2025-11-29T08:22:56.618+0000] {processor.py:179} INFO - Processing /opt/airflow/dags/dispatcher_pipeline_dag.py took 2.185 seconds
[2025-11-29T08:23:26.938+0000] {processor.py:157} INFO - Started process (PID=517) to work on /opt/airflow/dags/dispatcher_pipeline_dag.py
[2025-11-29T08:23:26.941+0000] {processor.py:829} INFO - Processing file /opt/airflow/dags/dispatcher_pipeline_dag.py for tasks to queue
[2025-11-29T08:23:26.943+0000] {logging_mixin.py:151} INFO - [2025-11-29T08:23:26.942+0000] {dagbag.py:539} INFO - Filling up the DagBag from /opt/airflow/dags/dispatcher_pipeline_dag.py
[2025-11-29T08:23:28.791+0000] {processor.py:839} INFO - DAG(s) dict_keys(['distillationDAG']) retrieved from /opt/airflow/dags/dispatcher_pipeline_dag.py
[2025-11-29T08:23:28.874+0000] {logging_mixin.py:151} INFO - [2025-11-29T08:23:28.873+0000] {dag.py:2915} INFO - Sync 1 DAGs
[2025-11-29T08:23:28.931+0000] {logging_mixin.py:151} INFO - [2025-11-29T08:23:28.930+0000] {dag.py:3696} INFO - Setting next_dagrun for distillationDAG to 2025-11-29T08:22:43.930041+00:00, run_after=2025-11-29T08:23:28.930041+00:00
[2025-11-29T08:23:28.974+0000] {processor.py:179} INFO - Processing /opt/airflow/dags/dispatcher_pipeline_dag.py took 2.046 seconds
[2025-11-29T08:23:59.266+0000] {processor.py:157} INFO - Started process (PID=534) to work on /opt/airflow/dags/dispatcher_pipeline_dag.py
[2025-11-29T08:23:59.269+0000] {processor.py:829} INFO - Processing file /opt/airflow/dags/dispatcher_pipeline_dag.py for tasks to queue
[2025-11-29T08:23:59.272+0000] {logging_mixin.py:151} INFO - [2025-11-29T08:23:59.271+0000] {dagbag.py:539} INFO - Filling up the DagBag from /opt/airflow/dags/dispatcher_pipeline_dag.py
[2025-11-29T08:24:01.083+0000] {processor.py:839} INFO - DAG(s) dict_keys(['distillationDAG']) retrieved from /opt/airflow/dags/dispatcher_pipeline_dag.py
[2025-11-29T08:24:01.168+0000] {logging_mixin.py:151} INFO - [2025-11-29T08:24:01.167+0000] {dag.py:2915} INFO - Sync 1 DAGs
[2025-11-29T08:24:01.226+0000] {logging_mixin.py:151} INFO - [2025-11-29T08:24:01.225+0000] {dag.py:3696} INFO - Setting next_dagrun for distillationDAG to 2025-11-29T08:23:16.225489+00:00, run_after=2025-11-29T08:24:01.225489+00:00
[2025-11-29T08:24:01.268+0000] {processor.py:179} INFO - Processing /opt/airflow/dags/dispatcher_pipeline_dag.py took 2.012 seconds
[2025-11-29T08:24:31.537+0000] {processor.py:157} INFO - Started process (PID=551) to work on /opt/airflow/dags/dispatcher_pipeline_dag.py
[2025-11-29T08:24:31.541+0000] {processor.py:829} INFO - Processing file /opt/airflow/dags/dispatcher_pipeline_dag.py for tasks to queue
[2025-11-29T08:24:31.543+0000] {logging_mixin.py:151} INFO - [2025-11-29T08:24:31.542+0000] {dagbag.py:539} INFO - Filling up the DagBag from /opt/airflow/dags/dispatcher_pipeline_dag.py
[2025-11-29T08:24:33.416+0000] {processor.py:839} INFO - DAG(s) dict_keys(['distillationDAG']) retrieved from /opt/airflow/dags/dispatcher_pipeline_dag.py
[2025-11-29T08:24:33.496+0000] {logging_mixin.py:151} INFO - [2025-11-29T08:24:33.495+0000] {dag.py:2915} INFO - Sync 1 DAGs
[2025-11-29T08:24:33.554+0000] {logging_mixin.py:151} INFO - [2025-11-29T08:24:33.553+0000] {dag.py:3696} INFO - Setting next_dagrun for distillationDAG to 2025-11-29T08:23:48.553071+00:00, run_after=2025-11-29T08:24:33.553071+00:00
[2025-11-29T08:24:33.599+0000] {processor.py:179} INFO - Processing /opt/airflow/dags/dispatcher_pipeline_dag.py took 2.072 seconds
[2025-11-29T08:25:03.886+0000] {processor.py:157} INFO - Started process (PID=568) to work on /opt/airflow/dags/dispatcher_pipeline_dag.py
[2025-11-29T08:25:03.889+0000] {processor.py:829} INFO - Processing file /opt/airflow/dags/dispatcher_pipeline_dag.py for tasks to queue
[2025-11-29T08:25:03.891+0000] {logging_mixin.py:151} INFO - [2025-11-29T08:25:03.890+0000] {dagbag.py:539} INFO - Filling up the DagBag from /opt/airflow/dags/dispatcher_pipeline_dag.py
[2025-11-29T08:25:05.777+0000] {processor.py:839} INFO - DAG(s) dict_keys(['distillationDAG']) retrieved from /opt/airflow/dags/dispatcher_pipeline_dag.py
[2025-11-29T08:25:05.861+0000] {logging_mixin.py:151} INFO - [2025-11-29T08:25:05.860+0000] {dag.py:2915} INFO - Sync 1 DAGs
[2025-11-29T08:25:05.922+0000] {logging_mixin.py:151} INFO - [2025-11-29T08:25:05.922+0000] {dag.py:3696} INFO - Setting next_dagrun for distillationDAG to 2025-11-29T08:24:20.921602+00:00, run_after=2025-11-29T08:25:05.921602+00:00
[2025-11-29T08:25:05.964+0000] {processor.py:179} INFO - Processing /opt/airflow/dags/dispatcher_pipeline_dag.py took 2.090 seconds
[2025-11-29T08:25:36.242+0000] {processor.py:157} INFO - Started process (PID=585) to work on /opt/airflow/dags/dispatcher_pipeline_dag.py
[2025-11-29T08:25:36.245+0000] {processor.py:829} INFO - Processing file /opt/airflow/dags/dispatcher_pipeline_dag.py for tasks to queue
[2025-11-29T08:25:36.248+0000] {logging_mixin.py:151} INFO - [2025-11-29T08:25:36.247+0000] {dagbag.py:539} INFO - Filling up the DagBag from /opt/airflow/dags/dispatcher_pipeline_dag.py
[2025-11-29T08:25:38.123+0000] {processor.py:839} INFO - DAG(s) dict_keys(['distillationDAG']) retrieved from /opt/airflow/dags/dispatcher_pipeline_dag.py
[2025-11-29T08:25:38.207+0000] {logging_mixin.py:151} INFO - [2025-11-29T08:25:38.206+0000] {dag.py:2915} INFO - Sync 1 DAGs
[2025-11-29T08:25:38.263+0000] {logging_mixin.py:151} INFO - [2025-11-29T08:25:38.262+0000] {dag.py:3696} INFO - Setting next_dagrun for distillationDAG to 2025-11-29T08:24:53.262263+00:00, run_after=2025-11-29T08:25:38.262263+00:00
[2025-11-29T08:25:38.306+0000] {processor.py:179} INFO - Processing /opt/airflow/dags/dispatcher_pipeline_dag.py took 2.076 seconds
[2025-11-29T08:26:08.584+0000] {processor.py:157} INFO - Started process (PID=602) to work on /opt/airflow/dags/dispatcher_pipeline_dag.py
[2025-11-29T08:26:08.587+0000] {processor.py:829} INFO - Processing file /opt/airflow/dags/dispatcher_pipeline_dag.py for tasks to queue
[2025-11-29T08:26:08.590+0000] {logging_mixin.py:151} INFO - [2025-11-29T08:26:08.589+0000] {dagbag.py:539} INFO - Filling up the DagBag from /opt/airflow/dags/dispatcher_pipeline_dag.py
[2025-11-29T08:26:10.439+0000] {processor.py:839} INFO - DAG(s) dict_keys(['distillationDAG']) retrieved from /opt/airflow/dags/dispatcher_pipeline_dag.py
[2025-11-29T08:26:10.521+0000] {logging_mixin.py:151} INFO - [2025-11-29T08:26:10.520+0000] {dag.py:2915} INFO - Sync 1 DAGs
[2025-11-29T08:26:10.574+0000] {logging_mixin.py:151} INFO - [2025-11-29T08:26:10.574+0000] {dag.py:3696} INFO - Setting next_dagrun for distillationDAG to 2025-11-29T08:25:25.573572+00:00, run_after=2025-11-29T08:26:10.573572+00:00
[2025-11-29T08:26:10.620+0000] {processor.py:179} INFO - Processing /opt/airflow/dags/dispatcher_pipeline_dag.py took 2.047 seconds
[2025-11-29T08:26:40.902+0000] {processor.py:157} INFO - Started process (PID=619) to work on /opt/airflow/dags/dispatcher_pipeline_dag.py
[2025-11-29T08:26:40.905+0000] {processor.py:829} INFO - Processing file /opt/airflow/dags/dispatcher_pipeline_dag.py for tasks to queue
[2025-11-29T08:26:40.907+0000] {logging_mixin.py:151} INFO - [2025-11-29T08:26:40.906+0000] {dagbag.py:539} INFO - Filling up the DagBag from /opt/airflow/dags/dispatcher_pipeline_dag.py
[2025-11-29T08:26:42.737+0000] {processor.py:839} INFO - DAG(s) dict_keys(['distillationDAG']) retrieved from /opt/airflow/dags/dispatcher_pipeline_dag.py
[2025-11-29T08:26:42.820+0000] {logging_mixin.py:151} INFO - [2025-11-29T08:26:42.819+0000] {dag.py:2915} INFO - Sync 1 DAGs
[2025-11-29T08:26:42.876+0000] {logging_mixin.py:151} INFO - [2025-11-29T08:26:42.876+0000] {dag.py:3696} INFO - Setting next_dagrun for distillationDAG to 2025-11-29T08:25:57.875993+00:00, run_after=2025-11-29T08:26:42.875993+00:00
[2025-11-29T08:26:42.927+0000] {processor.py:179} INFO - Processing /opt/airflow/dags/dispatcher_pipeline_dag.py took 2.036 seconds
[2025-11-29T08:27:13.057+0000] {processor.py:157} INFO - Started process (PID=636) to work on /opt/airflow/dags/dispatcher_pipeline_dag.py
[2025-11-29T08:27:13.059+0000] {processor.py:829} INFO - Processing file /opt/airflow/dags/dispatcher_pipeline_dag.py for tasks to queue
[2025-11-29T08:27:13.062+0000] {logging_mixin.py:151} INFO - [2025-11-29T08:27:13.061+0000] {dagbag.py:539} INFO - Filling up the DagBag from /opt/airflow/dags/dispatcher_pipeline_dag.py
[2025-11-29T08:27:14.866+0000] {processor.py:839} INFO - DAG(s) dict_keys(['distillationDAG']) retrieved from /opt/airflow/dags/dispatcher_pipeline_dag.py
[2025-11-29T08:27:14.948+0000] {logging_mixin.py:151} INFO - [2025-11-29T08:27:14.946+0000] {dag.py:2915} INFO - Sync 1 DAGs
[2025-11-29T08:27:15.006+0000] {logging_mixin.py:151} INFO - [2025-11-29T08:27:15.006+0000] {dag.py:3696} INFO - Setting next_dagrun for distillationDAG to 2025-11-29T08:26:30.006063+00:00, run_after=2025-11-29T08:27:15.006063+00:00
[2025-11-29T08:27:15.049+0000] {processor.py:179} INFO - Processing /opt/airflow/dags/dispatcher_pipeline_dag.py took 2.004 seconds
[2025-11-29T08:27:45.338+0000] {processor.py:157} INFO - Started process (PID=653) to work on /opt/airflow/dags/dispatcher_pipeline_dag.py
[2025-11-29T08:27:45.340+0000] {processor.py:829} INFO - Processing file /opt/airflow/dags/dispatcher_pipeline_dag.py for tasks to queue
[2025-11-29T08:27:45.342+0000] {logging_mixin.py:151} INFO - [2025-11-29T08:27:45.341+0000] {dagbag.py:539} INFO - Filling up the DagBag from /opt/airflow/dags/dispatcher_pipeline_dag.py
[2025-11-29T08:27:47.187+0000] {processor.py:839} INFO - DAG(s) dict_keys(['distillationDAG']) retrieved from /opt/airflow/dags/dispatcher_pipeline_dag.py
[2025-11-29T08:27:47.272+0000] {logging_mixin.py:151} INFO - [2025-11-29T08:27:47.271+0000] {dag.py:2915} INFO - Sync 1 DAGs
[2025-11-29T08:27:47.330+0000] {logging_mixin.py:151} INFO - [2025-11-29T08:27:47.329+0000] {dag.py:3696} INFO - Setting next_dagrun for distillationDAG to 2025-11-29T08:27:02.329545+00:00, run_after=2025-11-29T08:27:47.329545+00:00
[2025-11-29T08:27:47.371+0000] {processor.py:179} INFO - Processing /opt/airflow/dags/dispatcher_pipeline_dag.py took 2.044 seconds
[2025-11-29T08:28:17.644+0000] {processor.py:157} INFO - Started process (PID=670) to work on /opt/airflow/dags/dispatcher_pipeline_dag.py
[2025-11-29T08:28:17.646+0000] {processor.py:829} INFO - Processing file /opt/airflow/dags/dispatcher_pipeline_dag.py for tasks to queue
[2025-11-29T08:28:17.648+0000] {logging_mixin.py:151} INFO - [2025-11-29T08:28:17.647+0000] {dagbag.py:539} INFO - Filling up the DagBag from /opt/airflow/dags/dispatcher_pipeline_dag.py
[2025-11-29T08:28:19.526+0000] {processor.py:839} INFO - DAG(s) dict_keys(['distillationDAG']) retrieved from /opt/airflow/dags/dispatcher_pipeline_dag.py
[2025-11-29T08:28:19.610+0000] {logging_mixin.py:151} INFO - [2025-11-29T08:28:19.609+0000] {dag.py:2915} INFO - Sync 1 DAGs
[2025-11-29T08:28:19.674+0000] {logging_mixin.py:151} INFO - [2025-11-29T08:28:19.673+0000] {dag.py:3696} INFO - Setting next_dagrun for distillationDAG to 2025-11-29T08:27:34.673488+00:00, run_after=2025-11-29T08:28:19.673488+00:00
[2025-11-29T08:28:19.718+0000] {processor.py:179} INFO - Processing /opt/airflow/dags/dispatcher_pipeline_dag.py took 2.084 seconds
[2025-11-29T08:28:49.985+0000] {processor.py:157} INFO - Started process (PID=687) to work on /opt/airflow/dags/dispatcher_pipeline_dag.py
[2025-11-29T08:28:49.988+0000] {processor.py:829} INFO - Processing file /opt/airflow/dags/dispatcher_pipeline_dag.py for tasks to queue
[2025-11-29T08:28:49.991+0000] {logging_mixin.py:151} INFO - [2025-11-29T08:28:49.990+0000] {dagbag.py:539} INFO - Filling up the DagBag from /opt/airflow/dags/dispatcher_pipeline_dag.py
[2025-11-29T08:28:51.715+0000] {processor.py:839} INFO - DAG(s) dict_keys(['distillationDAG']) retrieved from /opt/airflow/dags/dispatcher_pipeline_dag.py
[2025-11-29T08:28:51.791+0000] {logging_mixin.py:151} INFO - [2025-11-29T08:28:51.790+0000] {dag.py:2915} INFO - Sync 1 DAGs
[2025-11-29T08:28:51.842+0000] {logging_mixin.py:151} INFO - [2025-11-29T08:28:51.842+0000] {dag.py:3696} INFO - Setting next_dagrun for distillationDAG to 2025-11-29T08:28:06.841919+00:00, run_after=2025-11-29T08:28:51.841919+00:00
[2025-11-29T08:28:51.885+0000] {processor.py:179} INFO - Processing /opt/airflow/dags/dispatcher_pipeline_dag.py took 1.909 seconds
[2025-11-29T08:29:22.914+0000] {processor.py:157} INFO - Started process (PID=704) to work on /opt/airflow/dags/dispatcher_pipeline_dag.py
[2025-11-29T08:29:22.917+0000] {processor.py:829} INFO - Processing file /opt/airflow/dags/dispatcher_pipeline_dag.py for tasks to queue
[2025-11-29T08:29:22.919+0000] {logging_mixin.py:151} INFO - [2025-11-29T08:29:22.918+0000] {dagbag.py:539} INFO - Filling up the DagBag from /opt/airflow/dags/dispatcher_pipeline_dag.py
[2025-11-29T08:29:24.643+0000] {processor.py:839} INFO - DAG(s) dict_keys(['distillationDAG']) retrieved from /opt/airflow/dags/dispatcher_pipeline_dag.py
[2025-11-29T08:29:24.717+0000] {logging_mixin.py:151} INFO - [2025-11-29T08:29:24.716+0000] {dag.py:2915} INFO - Sync 1 DAGs
[2025-11-29T08:29:24.771+0000] {logging_mixin.py:151} INFO - [2025-11-29T08:29:24.770+0000] {dag.py:3696} INFO - Setting next_dagrun for distillationDAG to 2025-11-29T08:28:39.770484+00:00, run_after=2025-11-29T08:29:24.770484+00:00
[2025-11-29T08:29:24.811+0000] {processor.py:179} INFO - Processing /opt/airflow/dags/dispatcher_pipeline_dag.py took 1.907 seconds
[2025-11-29T08:29:55.164+0000] {processor.py:157} INFO - Started process (PID=721) to work on /opt/airflow/dags/dispatcher_pipeline_dag.py
[2025-11-29T08:29:55.167+0000] {processor.py:829} INFO - Processing file /opt/airflow/dags/dispatcher_pipeline_dag.py for tasks to queue
[2025-11-29T08:29:55.169+0000] {logging_mixin.py:151} INFO - [2025-11-29T08:29:55.168+0000] {dagbag.py:539} INFO - Filling up the DagBag from /opt/airflow/dags/dispatcher_pipeline_dag.py
[2025-11-29T08:29:56.886+0000] {processor.py:839} INFO - DAG(s) dict_keys(['distillationDAG']) retrieved from /opt/airflow/dags/dispatcher_pipeline_dag.py
[2025-11-29T08:29:56.964+0000] {logging_mixin.py:151} INFO - [2025-11-29T08:29:56.963+0000] {dag.py:2915} INFO - Sync 1 DAGs
[2025-11-29T08:29:57.015+0000] {logging_mixin.py:151} INFO - [2025-11-29T08:29:57.015+0000] {dag.py:3696} INFO - Setting next_dagrun for distillationDAG to 2025-11-29T08:29:12.014893+00:00, run_after=2025-11-29T08:29:57.014893+00:00
[2025-11-29T08:29:57.056+0000] {processor.py:179} INFO - Processing /opt/airflow/dags/dispatcher_pipeline_dag.py took 1.902 seconds
[2025-11-29T08:30:27.727+0000] {processor.py:157} INFO - Started process (PID=738) to work on /opt/airflow/dags/dispatcher_pipeline_dag.py
[2025-11-29T08:30:27.729+0000] {processor.py:829} INFO - Processing file /opt/airflow/dags/dispatcher_pipeline_dag.py for tasks to queue
[2025-11-29T08:30:27.732+0000] {logging_mixin.py:151} INFO - [2025-11-29T08:30:27.730+0000] {dagbag.py:539} INFO - Filling up the DagBag from /opt/airflow/dags/dispatcher_pipeline_dag.py
[2025-11-29T08:30:29.451+0000] {processor.py:839} INFO - DAG(s) dict_keys(['distillationDAG']) retrieved from /opt/airflow/dags/dispatcher_pipeline_dag.py
[2025-11-29T08:30:29.528+0000] {logging_mixin.py:151} INFO - [2025-11-29T08:30:29.527+0000] {dag.py:2915} INFO - Sync 1 DAGs
[2025-11-29T08:30:29.579+0000] {logging_mixin.py:151} INFO - [2025-11-29T08:30:29.579+0000] {dag.py:3696} INFO - Setting next_dagrun for distillationDAG to 2025-11-29T08:29:44.578927+00:00, run_after=2025-11-29T08:30:29.578927+00:00
[2025-11-29T08:30:29.618+0000] {processor.py:179} INFO - Processing /opt/airflow/dags/dispatcher_pipeline_dag.py took 1.900 seconds
[2025-11-29T08:31:00.673+0000] {processor.py:157} INFO - Started process (PID=755) to work on /opt/airflow/dags/dispatcher_pipeline_dag.py
[2025-11-29T08:31:00.676+0000] {processor.py:829} INFO - Processing file /opt/airflow/dags/dispatcher_pipeline_dag.py for tasks to queue
[2025-11-29T08:31:00.678+0000] {logging_mixin.py:151} INFO - [2025-11-29T08:31:00.677+0000] {dagbag.py:539} INFO - Filling up the DagBag from /opt/airflow/dags/dispatcher_pipeline_dag.py
[2025-11-29T08:31:02.402+0000] {processor.py:839} INFO - DAG(s) dict_keys(['distillationDAG']) retrieved from /opt/airflow/dags/dispatcher_pipeline_dag.py
[2025-11-29T08:31:02.477+0000] {logging_mixin.py:151} INFO - [2025-11-29T08:31:02.476+0000] {dag.py:2915} INFO - Sync 1 DAGs
[2025-11-29T08:31:02.528+0000] {logging_mixin.py:151} INFO - [2025-11-29T08:31:02.528+0000] {dag.py:3696} INFO - Setting next_dagrun for distillationDAG to 2025-11-29T08:30:17.527633+00:00, run_after=2025-11-29T08:31:02.527633+00:00
[2025-11-29T08:31:02.571+0000] {processor.py:179} INFO - Processing /opt/airflow/dags/dispatcher_pipeline_dag.py took 1.908 seconds
[2025-11-29T08:31:32.906+0000] {processor.py:157} INFO - Started process (PID=772) to work on /opt/airflow/dags/dispatcher_pipeline_dag.py
[2025-11-29T08:31:32.908+0000] {processor.py:829} INFO - Processing file /opt/airflow/dags/dispatcher_pipeline_dag.py for tasks to queue
[2025-11-29T08:31:32.910+0000] {logging_mixin.py:151} INFO - [2025-11-29T08:31:32.909+0000] {dagbag.py:539} INFO - Filling up the DagBag from /opt/airflow/dags/dispatcher_pipeline_dag.py
[2025-11-29T08:31:34.629+0000] {processor.py:839} INFO - DAG(s) dict_keys(['distillationDAG']) retrieved from /opt/airflow/dags/dispatcher_pipeline_dag.py
[2025-11-29T08:31:34.705+0000] {logging_mixin.py:151} INFO - [2025-11-29T08:31:34.704+0000] {dag.py:2915} INFO - Sync 1 DAGs
[2025-11-29T08:31:34.759+0000] {logging_mixin.py:151} INFO - [2025-11-29T08:31:34.758+0000] {dag.py:3696} INFO - Setting next_dagrun for distillationDAG to 2025-11-29T08:30:49.758338+00:00, run_after=2025-11-29T08:31:34.758338+00:00
[2025-11-29T08:31:34.797+0000] {processor.py:179} INFO - Processing /opt/airflow/dags/dispatcher_pipeline_dag.py took 1.902 seconds
[2025-11-29T08:32:05.459+0000] {processor.py:157} INFO - Started process (PID=789) to work on /opt/airflow/dags/dispatcher_pipeline_dag.py
[2025-11-29T08:32:05.461+0000] {processor.py:829} INFO - Processing file /opt/airflow/dags/dispatcher_pipeline_dag.py for tasks to queue
[2025-11-29T08:32:05.464+0000] {logging_mixin.py:151} INFO - [2025-11-29T08:32:05.463+0000] {dagbag.py:539} INFO - Filling up the DagBag from /opt/airflow/dags/dispatcher_pipeline_dag.py
[2025-11-29T08:32:07.171+0000] {processor.py:839} INFO - DAG(s) dict_keys(['distillationDAG']) retrieved from /opt/airflow/dags/dispatcher_pipeline_dag.py
[2025-11-29T08:32:07.250+0000] {logging_mixin.py:151} INFO - [2025-11-29T08:32:07.249+0000] {dag.py:2915} INFO - Sync 1 DAGs
[2025-11-29T08:32:07.301+0000] {logging_mixin.py:151} INFO - [2025-11-29T08:32:07.301+0000] {dag.py:3696} INFO - Setting next_dagrun for distillationDAG to 2025-11-29T08:31:22.300608+00:00, run_after=2025-11-29T08:32:07.300608+00:00
[2025-11-29T08:32:07.341+0000] {processor.py:179} INFO - Processing /opt/airflow/dags/dispatcher_pipeline_dag.py took 1.891 seconds
[2025-11-29T08:32:38.375+0000] {processor.py:157} INFO - Started process (PID=806) to work on /opt/airflow/dags/dispatcher_pipeline_dag.py
[2025-11-29T08:32:38.378+0000] {processor.py:829} INFO - Processing file /opt/airflow/dags/dispatcher_pipeline_dag.py for tasks to queue
[2025-11-29T08:32:38.381+0000] {logging_mixin.py:151} INFO - [2025-11-29T08:32:38.379+0000] {dagbag.py:539} INFO - Filling up the DagBag from /opt/airflow/dags/dispatcher_pipeline_dag.py
[2025-11-29T08:32:40.102+0000] {processor.py:839} INFO - DAG(s) dict_keys(['distillationDAG']) retrieved from /opt/airflow/dags/dispatcher_pipeline_dag.py
[2025-11-29T08:32:40.179+0000] {logging_mixin.py:151} INFO - [2025-11-29T08:32:40.177+0000] {dag.py:2915} INFO - Sync 1 DAGs
[2025-11-29T08:32:40.233+0000] {logging_mixin.py:151} INFO - [2025-11-29T08:32:40.232+0000] {dag.py:3696} INFO - Setting next_dagrun for distillationDAG to 2025-11-29T08:31:55.232448+00:00, run_after=2025-11-29T08:32:40.232448+00:00
[2025-11-29T08:32:40.273+0000] {processor.py:179} INFO - Processing /opt/airflow/dags/dispatcher_pipeline_dag.py took 1.907 seconds
[2025-11-29T08:33:10.664+0000] {processor.py:157} INFO - Started process (PID=823) to work on /opt/airflow/dags/dispatcher_pipeline_dag.py
[2025-11-29T08:33:10.666+0000] {processor.py:829} INFO - Processing file /opt/airflow/dags/dispatcher_pipeline_dag.py for tasks to queue
[2025-11-29T08:33:10.669+0000] {logging_mixin.py:151} INFO - [2025-11-29T08:33:10.668+0000] {dagbag.py:539} INFO - Filling up the DagBag from /opt/airflow/dags/dispatcher_pipeline_dag.py
[2025-11-29T08:33:12.381+0000] {processor.py:839} INFO - DAG(s) dict_keys(['distillationDAG']) retrieved from /opt/airflow/dags/dispatcher_pipeline_dag.py
[2025-11-29T08:33:12.457+0000] {logging_mixin.py:151} INFO - [2025-11-29T08:33:12.456+0000] {dag.py:2915} INFO - Sync 1 DAGs
[2025-11-29T08:33:12.508+0000] {logging_mixin.py:151} INFO - [2025-11-29T08:33:12.508+0000] {dag.py:3696} INFO - Setting next_dagrun for distillationDAG to 2025-11-29T08:32:27.507992+00:00, run_after=2025-11-29T08:33:12.507992+00:00
[2025-11-29T08:33:12.552+0000] {processor.py:179} INFO - Processing /opt/airflow/dags/dispatcher_pipeline_dag.py took 1.898 seconds
[2025-11-29T08:33:43.175+0000] {processor.py:157} INFO - Started process (PID=840) to work on /opt/airflow/dags/dispatcher_pipeline_dag.py
[2025-11-29T08:33:43.177+0000] {processor.py:829} INFO - Processing file /opt/airflow/dags/dispatcher_pipeline_dag.py for tasks to queue
[2025-11-29T08:33:43.179+0000] {logging_mixin.py:151} INFO - [2025-11-29T08:33:43.178+0000] {dagbag.py:539} INFO - Filling up the DagBag from /opt/airflow/dags/dispatcher_pipeline_dag.py
[2025-11-29T08:33:44.858+0000] {processor.py:839} INFO - DAG(s) dict_keys(['distillationDAG']) retrieved from /opt/airflow/dags/dispatcher_pipeline_dag.py
[2025-11-29T08:33:44.933+0000] {logging_mixin.py:151} INFO - [2025-11-29T08:33:44.932+0000] {dag.py:2915} INFO - Sync 1 DAGs
[2025-11-29T08:33:44.987+0000] {logging_mixin.py:151} INFO - [2025-11-29T08:33:44.986+0000] {dag.py:3696} INFO - Setting next_dagrun for distillationDAG to 2025-11-29T08:32:59.986209+00:00, run_after=2025-11-29T08:33:44.986209+00:00
[2025-11-29T08:33:45.026+0000] {processor.py:179} INFO - Processing /opt/airflow/dags/dispatcher_pipeline_dag.py took 1.861 seconds
[2025-11-29T08:34:15.226+0000] {processor.py:157} INFO - Started process (PID=857) to work on /opt/airflow/dags/dispatcher_pipeline_dag.py
[2025-11-29T08:34:15.228+0000] {processor.py:829} INFO - Processing file /opt/airflow/dags/dispatcher_pipeline_dag.py for tasks to queue
[2025-11-29T08:34:15.230+0000] {logging_mixin.py:151} INFO - [2025-11-29T08:34:15.229+0000] {dagbag.py:539} INFO - Filling up the DagBag from /opt/airflow/dags/dispatcher_pipeline_dag.py
[2025-11-29T08:34:16.817+0000] {processor.py:839} INFO - DAG(s) dict_keys(['distillationDAG']) retrieved from /opt/airflow/dags/dispatcher_pipeline_dag.py
[2025-11-29T08:34:16.889+0000] {logging_mixin.py:151} INFO - [2025-11-29T08:34:16.888+0000] {dag.py:2915} INFO - Sync 1 DAGs
[2025-11-29T08:34:16.940+0000] {logging_mixin.py:151} INFO - [2025-11-29T08:34:16.940+0000] {dag.py:3696} INFO - Setting next_dagrun for distillationDAG to 2025-11-29T08:33:31.940097+00:00, run_after=2025-11-29T08:34:16.940097+00:00
[2025-11-29T08:34:16.979+0000] {processor.py:179} INFO - Processing /opt/airflow/dags/dispatcher_pipeline_dag.py took 1.763 seconds
[2025-11-29T08:34:47.456+0000] {processor.py:157} INFO - Started process (PID=872) to work on /opt/airflow/dags/dispatcher_pipeline_dag.py
[2025-11-29T08:34:47.458+0000] {processor.py:829} INFO - Processing file /opt/airflow/dags/dispatcher_pipeline_dag.py for tasks to queue
[2025-11-29T08:34:47.460+0000] {logging_mixin.py:151} INFO - [2025-11-29T08:34:47.459+0000] {dagbag.py:539} INFO - Filling up the DagBag from /opt/airflow/dags/dispatcher_pipeline_dag.py
[2025-11-29T08:34:49.133+0000] {processor.py:839} INFO - DAG(s) dict_keys(['distillationDAG']) retrieved from /opt/airflow/dags/dispatcher_pipeline_dag.py
[2025-11-29T08:34:49.209+0000] {logging_mixin.py:151} INFO - [2025-11-29T08:34:49.208+0000] {dag.py:2915} INFO - Sync 1 DAGs
[2025-11-29T08:34:49.256+0000] {logging_mixin.py:151} INFO - [2025-11-29T08:34:49.256+0000] {dag.py:3696} INFO - Setting next_dagrun for distillationDAG to 2025-11-29T08:34:04.255788+00:00, run_after=2025-11-29T08:34:49.255788+00:00
[2025-11-29T08:34:49.292+0000] {processor.py:179} INFO - Processing /opt/airflow/dags/dispatcher_pipeline_dag.py took 1.846 seconds
[2025-11-29T08:35:19.571+0000] {processor.py:157} INFO - Started process (PID=889) to work on /opt/airflow/dags/dispatcher_pipeline_dag.py
[2025-11-29T08:35:19.574+0000] {processor.py:829} INFO - Processing file /opt/airflow/dags/dispatcher_pipeline_dag.py for tasks to queue
[2025-11-29T08:35:19.576+0000] {logging_mixin.py:151} INFO - [2025-11-29T08:35:19.575+0000] {dagbag.py:539} INFO - Filling up the DagBag from /opt/airflow/dags/dispatcher_pipeline_dag.py
[2025-11-29T08:35:21.328+0000] {processor.py:839} INFO - DAG(s) dict_keys(['distillationDAG']) retrieved from /opt/airflow/dags/dispatcher_pipeline_dag.py
[2025-11-29T08:35:21.405+0000] {logging_mixin.py:151} INFO - [2025-11-29T08:35:21.404+0000] {dag.py:2915} INFO - Sync 1 DAGs
[2025-11-29T08:35:21.456+0000] {logging_mixin.py:151} INFO - [2025-11-29T08:35:21.456+0000] {dag.py:3696} INFO - Setting next_dagrun for distillationDAG to 2025-11-29T08:34:36.455682+00:00, run_after=2025-11-29T08:35:21.455682+00:00
[2025-11-29T08:35:21.499+0000] {processor.py:179} INFO - Processing /opt/airflow/dags/dispatcher_pipeline_dag.py took 1.938 seconds
[2025-11-29T08:35:51.771+0000] {processor.py:157} INFO - Started process (PID=902) to work on /opt/airflow/dags/dispatcher_pipeline_dag.py
[2025-11-29T08:35:51.773+0000] {processor.py:829} INFO - Processing file /opt/airflow/dags/dispatcher_pipeline_dag.py for tasks to queue
[2025-11-29T08:35:51.776+0000] {logging_mixin.py:151} INFO - [2025-11-29T08:35:51.775+0000] {dagbag.py:539} INFO - Filling up the DagBag from /opt/airflow/dags/dispatcher_pipeline_dag.py
[2025-11-29T08:35:53.533+0000] {processor.py:839} INFO - DAG(s) dict_keys(['distillationDAG']) retrieved from /opt/airflow/dags/dispatcher_pipeline_dag.py
[2025-11-29T08:35:53.609+0000] {logging_mixin.py:151} INFO - [2025-11-29T08:35:53.607+0000] {dag.py:2915} INFO - Sync 1 DAGs
[2025-11-29T08:35:53.663+0000] {logging_mixin.py:151} INFO - [2025-11-29T08:35:53.663+0000] {dag.py:3696} INFO - Setting next_dagrun for distillationDAG to 2025-11-29T08:35:08.662739+00:00, run_after=2025-11-29T08:35:53.662739+00:00
[2025-11-29T08:35:53.703+0000] {processor.py:179} INFO - Processing /opt/airflow/dags/dispatcher_pipeline_dag.py took 1.942 seconds
[2025-11-29T08:36:24.625+0000] {processor.py:157} INFO - Started process (PID=919) to work on /opt/airflow/dags/dispatcher_pipeline_dag.py
[2025-11-29T08:36:24.629+0000] {processor.py:829} INFO - Processing file /opt/airflow/dags/dispatcher_pipeline_dag.py for tasks to queue
[2025-11-29T08:36:24.631+0000] {logging_mixin.py:151} INFO - [2025-11-29T08:36:24.630+0000] {dagbag.py:539} INFO - Filling up the DagBag from /opt/airflow/dags/dispatcher_pipeline_dag.py
[2025-11-29T08:36:26.391+0000] {processor.py:839} INFO - DAG(s) dict_keys(['distillationDAG']) retrieved from /opt/airflow/dags/dispatcher_pipeline_dag.py
[2025-11-29T08:36:26.468+0000] {logging_mixin.py:151} INFO - [2025-11-29T08:36:26.467+0000] {dag.py:2915} INFO - Sync 1 DAGs
[2025-11-29T08:36:26.529+0000] {logging_mixin.py:151} INFO - [2025-11-29T08:36:26.528+0000] {dag.py:3696} INFO - Setting next_dagrun for distillationDAG to 2025-11-29T08:35:41.528114+00:00, run_after=2025-11-29T08:36:26.528114+00:00
[2025-11-29T08:36:26.570+0000] {processor.py:179} INFO - Processing /opt/airflow/dags/dispatcher_pipeline_dag.py took 1.955 seconds
[2025-11-29T08:36:57.188+0000] {processor.py:157} INFO - Started process (PID=941) to work on /opt/airflow/dags/dispatcher_pipeline_dag.py
[2025-11-29T08:36:57.190+0000] {processor.py:829} INFO - Processing file /opt/airflow/dags/dispatcher_pipeline_dag.py for tasks to queue
[2025-11-29T08:36:57.192+0000] {logging_mixin.py:151} INFO - [2025-11-29T08:36:57.191+0000] {dagbag.py:539} INFO - Filling up the DagBag from /opt/airflow/dags/dispatcher_pipeline_dag.py
[2025-11-29T08:36:58.909+0000] {processor.py:839} INFO - DAG(s) dict_keys(['distillationDAG']) retrieved from /opt/airflow/dags/dispatcher_pipeline_dag.py
[2025-11-29T08:36:58.987+0000] {logging_mixin.py:151} INFO - [2025-11-29T08:36:58.986+0000] {dag.py:2915} INFO - Sync 1 DAGs
[2025-11-29T08:36:59.039+0000] {logging_mixin.py:151} INFO - [2025-11-29T08:36:59.039+0000] {dag.py:3696} INFO - Setting next_dagrun for distillationDAG to 2025-11-29T08:36:14.038958+00:00, run_after=2025-11-29T08:36:59.038958+00:00
[2025-11-29T08:36:59.079+0000] {processor.py:179} INFO - Processing /opt/airflow/dags/dispatcher_pipeline_dag.py took 1.901 seconds
[2025-11-29T08:37:29.578+0000] {processor.py:157} INFO - Started process (PID=958) to work on /opt/airflow/dags/dispatcher_pipeline_dag.py
[2025-11-29T08:37:29.580+0000] {processor.py:829} INFO - Processing file /opt/airflow/dags/dispatcher_pipeline_dag.py for tasks to queue
[2025-11-29T08:37:29.583+0000] {logging_mixin.py:151} INFO - [2025-11-29T08:37:29.582+0000] {dagbag.py:539} INFO - Filling up the DagBag from /opt/airflow/dags/dispatcher_pipeline_dag.py
[2025-11-29T08:37:31.313+0000] {processor.py:839} INFO - DAG(s) dict_keys(['distillationDAG']) retrieved from /opt/airflow/dags/dispatcher_pipeline_dag.py
[2025-11-29T08:37:31.389+0000] {logging_mixin.py:151} INFO - [2025-11-29T08:37:31.388+0000] {dag.py:2915} INFO - Sync 1 DAGs
[2025-11-29T08:37:31.440+0000] {logging_mixin.py:151} INFO - [2025-11-29T08:37:31.440+0000] {dag.py:3696} INFO - Setting next_dagrun for distillationDAG to 2025-11-29T08:36:46.440104+00:00, run_after=2025-11-29T08:37:31.440104+00:00
[2025-11-29T08:37:31.481+0000] {processor.py:179} INFO - Processing /opt/airflow/dags/dispatcher_pipeline_dag.py took 1.914 seconds
[2025-11-29T08:38:01.859+0000] {processor.py:157} INFO - Started process (PID=975) to work on /opt/airflow/dags/dispatcher_pipeline_dag.py
[2025-11-29T08:38:01.862+0000] {processor.py:829} INFO - Processing file /opt/airflow/dags/dispatcher_pipeline_dag.py for tasks to queue
[2025-11-29T08:38:01.864+0000] {logging_mixin.py:151} INFO - [2025-11-29T08:38:01.863+0000] {dagbag.py:539} INFO - Filling up the DagBag from /opt/airflow/dags/dispatcher_pipeline_dag.py
[2025-11-29T08:38:03.600+0000] {processor.py:839} INFO - DAG(s) dict_keys(['distillationDAG']) retrieved from /opt/airflow/dags/dispatcher_pipeline_dag.py
[2025-11-29T08:38:03.675+0000] {logging_mixin.py:151} INFO - [2025-11-29T08:38:03.674+0000] {dag.py:2915} INFO - Sync 1 DAGs
[2025-11-29T08:38:03.729+0000] {logging_mixin.py:151} INFO - [2025-11-29T08:38:03.729+0000] {dag.py:3696} INFO - Setting next_dagrun for distillationDAG to 2025-11-29T08:37:18.728743+00:00, run_after=2025-11-29T08:38:03.728743+00:00
[2025-11-29T08:38:03.769+0000] {processor.py:179} INFO - Processing /opt/airflow/dags/dispatcher_pipeline_dag.py took 1.921 seconds
[2025-11-29T08:38:34.131+0000] {processor.py:157} INFO - Started process (PID=992) to work on /opt/airflow/dags/dispatcher_pipeline_dag.py
[2025-11-29T08:38:34.133+0000] {processor.py:829} INFO - Processing file /opt/airflow/dags/dispatcher_pipeline_dag.py for tasks to queue
[2025-11-29T08:38:34.136+0000] {logging_mixin.py:151} INFO - [2025-11-29T08:38:34.134+0000] {dagbag.py:539} INFO - Filling up the DagBag from /opt/airflow/dags/dispatcher_pipeline_dag.py
[2025-11-29T08:38:35.864+0000] {processor.py:839} INFO - DAG(s) dict_keys(['distillationDAG']) retrieved from /opt/airflow/dags/dispatcher_pipeline_dag.py
[2025-11-29T08:38:35.943+0000] {logging_mixin.py:151} INFO - [2025-11-29T08:38:35.942+0000] {dag.py:2915} INFO - Sync 1 DAGs
[2025-11-29T08:38:35.993+0000] {logging_mixin.py:151} INFO - [2025-11-29T08:38:35.993+0000] {dag.py:3696} INFO - Setting next_dagrun for distillationDAG to 2025-11-29T08:37:50.992995+00:00, run_after=2025-11-29T08:38:35.992995+00:00
[2025-11-29T08:38:36.032+0000] {processor.py:179} INFO - Processing /opt/airflow/dags/dispatcher_pipeline_dag.py took 1.912 seconds
[2025-11-29T08:39:06.687+0000] {processor.py:157} INFO - Started process (PID=1009) to work on /opt/airflow/dags/dispatcher_pipeline_dag.py
[2025-11-29T08:39:06.690+0000] {processor.py:829} INFO - Processing file /opt/airflow/dags/dispatcher_pipeline_dag.py for tasks to queue
[2025-11-29T08:39:06.693+0000] {logging_mixin.py:151} INFO - [2025-11-29T08:39:06.692+0000] {dagbag.py:539} INFO - Filling up the DagBag from /opt/airflow/dags/dispatcher_pipeline_dag.py
[2025-11-29T08:39:08.411+0000] {processor.py:839} INFO - DAG(s) dict_keys(['distillationDAG']) retrieved from /opt/airflow/dags/dispatcher_pipeline_dag.py
[2025-11-29T08:39:08.489+0000] {logging_mixin.py:151} INFO - [2025-11-29T08:39:08.488+0000] {dag.py:2915} INFO - Sync 1 DAGs
[2025-11-29T08:39:08.540+0000] {logging_mixin.py:151} INFO - [2025-11-29T08:39:08.540+0000] {dag.py:3696} INFO - Setting next_dagrun for distillationDAG to 2025-11-29T08:38:23.539633+00:00, run_after=2025-11-29T08:39:08.539633+00:00
[2025-11-29T08:39:08.580+0000] {processor.py:179} INFO - Processing /opt/airflow/dags/dispatcher_pipeline_dag.py took 1.904 seconds
[2025-11-29T08:39:38.864+0000] {processor.py:157} INFO - Started process (PID=1026) to work on /opt/airflow/dags/dispatcher_pipeline_dag.py
[2025-11-29T08:39:38.866+0000] {processor.py:829} INFO - Processing file /opt/airflow/dags/dispatcher_pipeline_dag.py for tasks to queue
[2025-11-29T08:39:38.869+0000] {logging_mixin.py:151} INFO - [2025-11-29T08:39:38.868+0000] {dagbag.py:539} INFO - Filling up the DagBag from /opt/airflow/dags/dispatcher_pipeline_dag.py
[2025-11-29T08:39:40.590+0000] {processor.py:839} INFO - DAG(s) dict_keys(['distillationDAG']) retrieved from /opt/airflow/dags/dispatcher_pipeline_dag.py
[2025-11-29T08:39:40.667+0000] {logging_mixin.py:151} INFO - [2025-11-29T08:39:40.665+0000] {dag.py:2915} INFO - Sync 1 DAGs
[2025-11-29T08:39:40.717+0000] {logging_mixin.py:151} INFO - [2025-11-29T08:39:40.717+0000] {dag.py:3696} INFO - Setting next_dagrun for distillationDAG to 2025-11-29T08:38:55.717061+00:00, run_after=2025-11-29T08:39:40.717061+00:00
[2025-11-29T08:39:40.758+0000] {processor.py:179} INFO - Processing /opt/airflow/dags/dispatcher_pipeline_dag.py took 1.904 seconds
[2025-11-29T08:40:11.011+0000] {processor.py:157} INFO - Started process (PID=1043) to work on /opt/airflow/dags/dispatcher_pipeline_dag.py
[2025-11-29T08:40:11.013+0000] {processor.py:829} INFO - Processing file /opt/airflow/dags/dispatcher_pipeline_dag.py for tasks to queue
[2025-11-29T08:40:11.016+0000] {logging_mixin.py:151} INFO - [2025-11-29T08:40:11.014+0000] {dagbag.py:539} INFO - Filling up the DagBag from /opt/airflow/dags/dispatcher_pipeline_dag.py
[2025-11-29T08:40:12.730+0000] {processor.py:839} INFO - DAG(s) dict_keys(['distillationDAG']) retrieved from /opt/airflow/dags/dispatcher_pipeline_dag.py
[2025-11-29T08:40:12.806+0000] {logging_mixin.py:151} INFO - [2025-11-29T08:40:12.805+0000] {dag.py:2915} INFO - Sync 1 DAGs
[2025-11-29T08:40:12.860+0000] {logging_mixin.py:151} INFO - [2025-11-29T08:40:12.860+0000] {dag.py:3696} INFO - Setting next_dagrun for distillationDAG to 2025-11-29T08:39:27.859898+00:00, run_after=2025-11-29T08:40:12.859898+00:00
[2025-11-29T08:40:12.899+0000] {processor.py:179} INFO - Processing /opt/airflow/dags/dispatcher_pipeline_dag.py took 1.899 seconds
[2025-11-29T08:40:43.225+0000] {processor.py:157} INFO - Started process (PID=1060) to work on /opt/airflow/dags/dispatcher_pipeline_dag.py
[2025-11-29T08:40:43.228+0000] {processor.py:829} INFO - Processing file /opt/airflow/dags/dispatcher_pipeline_dag.py for tasks to queue
[2025-11-29T08:40:43.230+0000] {logging_mixin.py:151} INFO - [2025-11-29T08:40:43.229+0000] {dagbag.py:539} INFO - Filling up the DagBag from /opt/airflow/dags/dispatcher_pipeline_dag.py
[2025-11-29T08:40:44.959+0000] {processor.py:839} INFO - DAG(s) dict_keys(['distillationDAG']) retrieved from /opt/airflow/dags/dispatcher_pipeline_dag.py
[2025-11-29T08:40:45.035+0000] {logging_mixin.py:151} INFO - [2025-11-29T08:40:45.034+0000] {dag.py:2915} INFO - Sync 1 DAGs
[2025-11-29T08:40:45.089+0000] {logging_mixin.py:151} INFO - [2025-11-29T08:40:45.089+0000] {dag.py:3696} INFO - Setting next_dagrun for distillationDAG to 2025-11-29T08:40:00.088576+00:00, run_after=2025-11-29T08:40:45.088576+00:00
[2025-11-29T08:40:45.128+0000] {processor.py:179} INFO - Processing /opt/airflow/dags/dispatcher_pipeline_dag.py took 1.913 seconds
[2025-11-29T08:41:15.952+0000] {processor.py:157} INFO - Started process (PID=1077) to work on /opt/airflow/dags/dispatcher_pipeline_dag.py
[2025-11-29T08:41:15.954+0000] {processor.py:829} INFO - Processing file /opt/airflow/dags/dispatcher_pipeline_dag.py for tasks to queue
[2025-11-29T08:41:15.957+0000] {logging_mixin.py:151} INFO - [2025-11-29T08:41:15.955+0000] {dagbag.py:539} INFO - Filling up the DagBag from /opt/airflow/dags/dispatcher_pipeline_dag.py
[2025-11-29T08:41:17.673+0000] {processor.py:839} INFO - DAG(s) dict_keys(['distillationDAG']) retrieved from /opt/airflow/dags/dispatcher_pipeline_dag.py
[2025-11-29T08:41:17.751+0000] {logging_mixin.py:151} INFO - [2025-11-29T08:41:17.750+0000] {dag.py:2915} INFO - Sync 1 DAGs
[2025-11-29T08:41:17.801+0000] {logging_mixin.py:151} INFO - [2025-11-29T08:41:17.801+0000] {dag.py:3696} INFO - Setting next_dagrun for distillationDAG to 2025-11-29T08:40:32.801087+00:00, run_after=2025-11-29T08:41:17.801087+00:00
[2025-11-29T08:41:17.841+0000] {processor.py:179} INFO - Processing /opt/airflow/dags/dispatcher_pipeline_dag.py took 1.900 seconds
[2025-11-29T08:41:48.151+0000] {processor.py:157} INFO - Started process (PID=1094) to work on /opt/airflow/dags/dispatcher_pipeline_dag.py
[2025-11-29T08:41:48.154+0000] {processor.py:829} INFO - Processing file /opt/airflow/dags/dispatcher_pipeline_dag.py for tasks to queue
[2025-11-29T08:41:48.156+0000] {logging_mixin.py:151} INFO - [2025-11-29T08:41:48.155+0000] {dagbag.py:539} INFO - Filling up the DagBag from /opt/airflow/dags/dispatcher_pipeline_dag.py
[2025-11-29T08:41:49.868+0000] {processor.py:839} INFO - DAG(s) dict_keys(['distillationDAG']) retrieved from /opt/airflow/dags/dispatcher_pipeline_dag.py
[2025-11-29T08:41:49.944+0000] {logging_mixin.py:151} INFO - [2025-11-29T08:41:49.943+0000] {dag.py:2915} INFO - Sync 1 DAGs
[2025-11-29T08:41:49.995+0000] {logging_mixin.py:151} INFO - [2025-11-29T08:41:49.995+0000] {dag.py:3696} INFO - Setting next_dagrun for distillationDAG to 2025-11-29T08:41:04.994663+00:00, run_after=2025-11-29T08:41:49.994663+00:00
[2025-11-29T08:41:50.034+0000] {processor.py:179} INFO - Processing /opt/airflow/dags/dispatcher_pipeline_dag.py took 1.894 seconds
[2025-11-29T08:42:20.355+0000] {processor.py:157} INFO - Started process (PID=1111) to work on /opt/airflow/dags/dispatcher_pipeline_dag.py
[2025-11-29T08:42:20.357+0000] {processor.py:829} INFO - Processing file /opt/airflow/dags/dispatcher_pipeline_dag.py for tasks to queue
[2025-11-29T08:42:20.359+0000] {logging_mixin.py:151} INFO - [2025-11-29T08:42:20.358+0000] {dagbag.py:539} INFO - Filling up the DagBag from /opt/airflow/dags/dispatcher_pipeline_dag.py
[2025-11-29T08:42:22.062+0000] {processor.py:839} INFO - DAG(s) dict_keys(['distillationDAG']) retrieved from /opt/airflow/dags/dispatcher_pipeline_dag.py
[2025-11-29T08:42:22.137+0000] {logging_mixin.py:151} INFO - [2025-11-29T08:42:22.136+0000] {dag.py:2915} INFO - Sync 1 DAGs
[2025-11-29T08:42:22.191+0000] {logging_mixin.py:151} INFO - [2025-11-29T08:42:22.191+0000] {dag.py:3696} INFO - Setting next_dagrun for distillationDAG to 2025-11-29T08:41:37.190637+00:00, run_after=2025-11-29T08:42:22.190637+00:00
[2025-11-29T08:42:22.230+0000] {processor.py:179} INFO - Processing /opt/airflow/dags/dispatcher_pipeline_dag.py took 1.885 seconds
[2025-11-29T08:42:53.056+0000] {processor.py:157} INFO - Started process (PID=1128) to work on /opt/airflow/dags/dispatcher_pipeline_dag.py
[2025-11-29T08:42:53.059+0000] {processor.py:829} INFO - Processing file /opt/airflow/dags/dispatcher_pipeline_dag.py for tasks to queue
[2025-11-29T08:42:53.061+0000] {logging_mixin.py:151} INFO - [2025-11-29T08:42:53.060+0000] {dagbag.py:539} INFO - Filling up the DagBag from /opt/airflow/dags/dispatcher_pipeline_dag.py
[2025-11-29T08:42:54.790+0000] {processor.py:839} INFO - DAG(s) dict_keys(['distillationDAG']) retrieved from /opt/airflow/dags/dispatcher_pipeline_dag.py
[2025-11-29T08:42:54.866+0000] {logging_mixin.py:151} INFO - [2025-11-29T08:42:54.865+0000] {dag.py:2915} INFO - Sync 1 DAGs
[2025-11-29T08:42:54.919+0000] {logging_mixin.py:151} INFO - [2025-11-29T08:42:54.919+0000] {dag.py:3696} INFO - Setting next_dagrun for distillationDAG to 2025-11-29T08:42:09.919070+00:00, run_after=2025-11-29T08:42:54.919070+00:00
[2025-11-29T08:42:54.959+0000] {processor.py:179} INFO - Processing /opt/airflow/dags/dispatcher_pipeline_dag.py took 1.914 seconds
[2025-11-29T08:43:25.305+0000] {processor.py:157} INFO - Started process (PID=1145) to work on /opt/airflow/dags/dispatcher_pipeline_dag.py
[2025-11-29T08:43:25.308+0000] {processor.py:829} INFO - Processing file /opt/airflow/dags/dispatcher_pipeline_dag.py for tasks to queue
[2025-11-29T08:43:25.311+0000] {logging_mixin.py:151} INFO - [2025-11-29T08:43:25.310+0000] {dagbag.py:539} INFO - Filling up the DagBag from /opt/airflow/dags/dispatcher_pipeline_dag.py
[2025-11-29T08:43:27.020+0000] {processor.py:839} INFO - DAG(s) dict_keys(['distillationDAG']) retrieved from /opt/airflow/dags/dispatcher_pipeline_dag.py
[2025-11-29T08:43:27.098+0000] {logging_mixin.py:151} INFO - [2025-11-29T08:43:27.097+0000] {dag.py:2915} INFO - Sync 1 DAGs
[2025-11-29T08:43:27.149+0000] {logging_mixin.py:151} INFO - [2025-11-29T08:43:27.149+0000] {dag.py:3696} INFO - Setting next_dagrun for distillationDAG to 2025-11-29T08:42:42.148967+00:00, run_after=2025-11-29T08:43:27.148967+00:00
[2025-11-29T08:43:27.189+0000] {processor.py:179} INFO - Processing /opt/airflow/dags/dispatcher_pipeline_dag.py took 1.895 seconds
[2025-11-29T08:43:57.514+0000] {processor.py:157} INFO - Started process (PID=1162) to work on /opt/airflow/dags/dispatcher_pipeline_dag.py
[2025-11-29T08:43:57.517+0000] {processor.py:829} INFO - Processing file /opt/airflow/dags/dispatcher_pipeline_dag.py for tasks to queue
[2025-11-29T08:43:57.519+0000] {logging_mixin.py:151} INFO - [2025-11-29T08:43:57.518+0000] {dagbag.py:539} INFO - Filling up the DagBag from /opt/airflow/dags/dispatcher_pipeline_dag.py
[2025-11-29T08:43:59.250+0000] {processor.py:839} INFO - DAG(s) dict_keys(['distillationDAG']) retrieved from /opt/airflow/dags/dispatcher_pipeline_dag.py
[2025-11-29T08:43:59.325+0000] {logging_mixin.py:151} INFO - [2025-11-29T08:43:59.324+0000] {dag.py:2915} INFO - Sync 1 DAGs
[2025-11-29T08:43:59.376+0000] {logging_mixin.py:151} INFO - [2025-11-29T08:43:59.375+0000] {dag.py:3696} INFO - Setting next_dagrun for distillationDAG to 2025-11-29T08:43:14.375437+00:00, run_after=2025-11-29T08:43:59.375437+00:00
[2025-11-29T08:43:59.414+0000] {processor.py:179} INFO - Processing /opt/airflow/dags/dispatcher_pipeline_dag.py took 1.911 seconds
[2025-11-29T08:44:29.699+0000] {processor.py:157} INFO - Started process (PID=1179) to work on /opt/airflow/dags/dispatcher_pipeline_dag.py
[2025-11-29T08:44:29.702+0000] {processor.py:829} INFO - Processing file /opt/airflow/dags/dispatcher_pipeline_dag.py for tasks to queue
[2025-11-29T08:44:29.705+0000] {logging_mixin.py:151} INFO - [2025-11-29T08:44:29.704+0000] {dagbag.py:539} INFO - Filling up the DagBag from /opt/airflow/dags/dispatcher_pipeline_dag.py
[2025-11-29T08:44:31.418+0000] {processor.py:839} INFO - DAG(s) dict_keys(['distillationDAG']) retrieved from /opt/airflow/dags/dispatcher_pipeline_dag.py
[2025-11-29T08:44:31.493+0000] {logging_mixin.py:151} INFO - [2025-11-29T08:44:31.492+0000] {dag.py:2915} INFO - Sync 1 DAGs
[2025-11-29T08:44:31.547+0000] {logging_mixin.py:151} INFO - [2025-11-29T08:44:31.546+0000] {dag.py:3696} INFO - Setting next_dagrun for distillationDAG to 2025-11-29T08:43:46.546571+00:00, run_after=2025-11-29T08:44:31.546571+00:00
[2025-11-29T08:44:31.587+0000] {processor.py:179} INFO - Processing /opt/airflow/dags/dispatcher_pipeline_dag.py took 1.898 seconds
[2025-11-29T08:45:02.222+0000] {processor.py:157} INFO - Started process (PID=1196) to work on /opt/airflow/dags/dispatcher_pipeline_dag.py
[2025-11-29T08:45:02.225+0000] {processor.py:829} INFO - Processing file /opt/airflow/dags/dispatcher_pipeline_dag.py for tasks to queue
[2025-11-29T08:45:02.227+0000] {logging_mixin.py:151} INFO - [2025-11-29T08:45:02.226+0000] {dagbag.py:539} INFO - Filling up the DagBag from /opt/airflow/dags/dispatcher_pipeline_dag.py
[2025-11-29T08:45:03.947+0000] {processor.py:839} INFO - DAG(s) dict_keys(['distillationDAG']) retrieved from /opt/airflow/dags/dispatcher_pipeline_dag.py
[2025-11-29T08:45:04.025+0000] {logging_mixin.py:151} INFO - [2025-11-29T08:45:04.024+0000] {dag.py:2915} INFO - Sync 1 DAGs
[2025-11-29T08:45:04.076+0000] {logging_mixin.py:151} INFO - [2025-11-29T08:45:04.075+0000] {dag.py:3696} INFO - Setting next_dagrun for distillationDAG to 2025-11-29T08:44:19.075567+00:00, run_after=2025-11-29T08:45:04.075567+00:00
[2025-11-29T08:45:04.115+0000] {processor.py:179} INFO - Processing /opt/airflow/dags/dispatcher_pipeline_dag.py took 1.903 seconds
[2025-11-29T08:45:35.021+0000] {processor.py:157} INFO - Started process (PID=1213) to work on /opt/airflow/dags/dispatcher_pipeline_dag.py
[2025-11-29T08:45:35.024+0000] {processor.py:829} INFO - Processing file /opt/airflow/dags/dispatcher_pipeline_dag.py for tasks to queue
[2025-11-29T08:45:35.026+0000] {logging_mixin.py:151} INFO - [2025-11-29T08:45:35.025+0000] {dagbag.py:539} INFO - Filling up the DagBag from /opt/airflow/dags/dispatcher_pipeline_dag.py
[2025-11-29T08:45:36.753+0000] {processor.py:839} INFO - DAG(s) dict_keys(['distillationDAG']) retrieved from /opt/airflow/dags/dispatcher_pipeline_dag.py
[2025-11-29T08:45:36.831+0000] {logging_mixin.py:151} INFO - [2025-11-29T08:45:36.830+0000] {dag.py:2915} INFO - Sync 1 DAGs
[2025-11-29T08:45:36.882+0000] {logging_mixin.py:151} INFO - [2025-11-29T08:45:36.881+0000] {dag.py:3696} INFO - Setting next_dagrun for distillationDAG to 2025-11-29T08:44:51.881540+00:00, run_after=2025-11-29T08:45:36.881540+00:00
[2025-11-29T08:45:36.921+0000] {processor.py:179} INFO - Processing /opt/airflow/dags/dispatcher_pipeline_dag.py took 1.911 seconds
[2025-11-29T08:46:07.418+0000] {processor.py:157} INFO - Started process (PID=1230) to work on /opt/airflow/dags/dispatcher_pipeline_dag.py
[2025-11-29T08:46:07.422+0000] {processor.py:829} INFO - Processing file /opt/airflow/dags/dispatcher_pipeline_dag.py for tasks to queue
[2025-11-29T08:46:07.424+0000] {logging_mixin.py:151} INFO - [2025-11-29T08:46:07.423+0000] {dagbag.py:539} INFO - Filling up the DagBag from /opt/airflow/dags/dispatcher_pipeline_dag.py
[2025-11-29T08:46:09.147+0000] {processor.py:839} INFO - DAG(s) dict_keys(['distillationDAG']) retrieved from /opt/airflow/dags/dispatcher_pipeline_dag.py
[2025-11-29T08:46:09.223+0000] {logging_mixin.py:151} INFO - [2025-11-29T08:46:09.222+0000] {dag.py:2915} INFO - Sync 1 DAGs
[2025-11-29T08:46:09.274+0000] {logging_mixin.py:151} INFO - [2025-11-29T08:46:09.273+0000] {dag.py:3696} INFO - Setting next_dagrun for distillationDAG to 2025-11-29T08:45:24.273498+00:00, run_after=2025-11-29T08:46:09.273498+00:00
[2025-11-29T08:46:09.313+0000] {processor.py:179} INFO - Processing /opt/airflow/dags/dispatcher_pipeline_dag.py took 1.905 seconds
[2025-11-29T08:46:39.469+0000] {processor.py:157} INFO - Started process (PID=1247) to work on /opt/airflow/dags/dispatcher_pipeline_dag.py
[2025-11-29T08:46:39.472+0000] {processor.py:829} INFO - Processing file /opt/airflow/dags/dispatcher_pipeline_dag.py for tasks to queue
[2025-11-29T08:46:39.475+0000] {logging_mixin.py:151} INFO - [2025-11-29T08:46:39.474+0000] {dagbag.py:539} INFO - Filling up the DagBag from /opt/airflow/dags/dispatcher_pipeline_dag.py
[2025-11-29T08:46:41.196+0000] {processor.py:839} INFO - DAG(s) dict_keys(['distillationDAG']) retrieved from /opt/airflow/dags/dispatcher_pipeline_dag.py
[2025-11-29T08:46:41.271+0000] {logging_mixin.py:151} INFO - [2025-11-29T08:46:41.270+0000] {dag.py:2915} INFO - Sync 1 DAGs
[2025-11-29T08:46:41.325+0000] {logging_mixin.py:151} INFO - [2025-11-29T08:46:41.325+0000] {dag.py:3696} INFO - Setting next_dagrun for distillationDAG to 2025-11-29T08:45:56.324995+00:00, run_after=2025-11-29T08:46:41.324995+00:00
[2025-11-29T08:46:41.365+0000] {processor.py:179} INFO - Processing /opt/airflow/dags/dispatcher_pipeline_dag.py took 1.907 seconds
[2025-11-29T08:47:11.640+0000] {processor.py:157} INFO - Started process (PID=1264) to work on /opt/airflow/dags/dispatcher_pipeline_dag.py
[2025-11-29T08:47:11.642+0000] {processor.py:829} INFO - Processing file /opt/airflow/dags/dispatcher_pipeline_dag.py for tasks to queue
[2025-11-29T08:47:11.645+0000] {logging_mixin.py:151} INFO - [2025-11-29T08:47:11.643+0000] {dagbag.py:539} INFO - Filling up the DagBag from /opt/airflow/dags/dispatcher_pipeline_dag.py
[2025-11-29T08:47:13.364+0000] {processor.py:839} INFO - DAG(s) dict_keys(['distillationDAG']) retrieved from /opt/airflow/dags/dispatcher_pipeline_dag.py
[2025-11-29T08:47:13.442+0000] {logging_mixin.py:151} INFO - [2025-11-29T08:47:13.441+0000] {dag.py:2915} INFO - Sync 1 DAGs
[2025-11-29T08:47:13.493+0000] {logging_mixin.py:151} INFO - [2025-11-29T08:47:13.493+0000] {dag.py:3696} INFO - Setting next_dagrun for distillationDAG to 2025-11-29T08:46:28.492741+00:00, run_after=2025-11-29T08:47:13.492741+00:00
[2025-11-29T08:47:13.532+0000] {processor.py:179} INFO - Processing /opt/airflow/dags/dispatcher_pipeline_dag.py took 1.903 seconds
[2025-11-29T08:47:44.124+0000] {processor.py:157} INFO - Started process (PID=1281) to work on /opt/airflow/dags/dispatcher_pipeline_dag.py
[2025-11-29T08:47:44.127+0000] {processor.py:829} INFO - Processing file /opt/airflow/dags/dispatcher_pipeline_dag.py for tasks to queue
[2025-11-29T08:47:44.129+0000] {logging_mixin.py:151} INFO - [2025-11-29T08:47:44.128+0000] {dagbag.py:539} INFO - Filling up the DagBag from /opt/airflow/dags/dispatcher_pipeline_dag.py
[2025-11-29T08:47:45.836+0000] {processor.py:839} INFO - DAG(s) dict_keys(['distillationDAG']) retrieved from /opt/airflow/dags/dispatcher_pipeline_dag.py
[2025-11-29T08:47:45.913+0000] {logging_mixin.py:151} INFO - [2025-11-29T08:47:45.912+0000] {dag.py:2915} INFO - Sync 1 DAGs
[2025-11-29T08:47:45.964+0000] {logging_mixin.py:151} INFO - [2025-11-29T08:47:45.964+0000] {dag.py:3696} INFO - Setting next_dagrun for distillationDAG to 2025-11-29T08:47:00.964027+00:00, run_after=2025-11-29T08:47:45.964027+00:00
[2025-11-29T08:47:46.003+0000] {processor.py:179} INFO - Processing /opt/airflow/dags/dispatcher_pipeline_dag.py took 1.889 seconds
[2025-11-29T08:48:16.125+0000] {processor.py:157} INFO - Started process (PID=1298) to work on /opt/airflow/dags/dispatcher_pipeline_dag.py
[2025-11-29T08:48:16.128+0000] {processor.py:829} INFO - Processing file /opt/airflow/dags/dispatcher_pipeline_dag.py for tasks to queue
[2025-11-29T08:48:16.130+0000] {logging_mixin.py:151} INFO - [2025-11-29T08:48:16.129+0000] {dagbag.py:539} INFO - Filling up the DagBag from /opt/airflow/dags/dispatcher_pipeline_dag.py
[2025-11-29T08:48:17.848+0000] {processor.py:839} INFO - DAG(s) dict_keys(['distillationDAG']) retrieved from /opt/airflow/dags/dispatcher_pipeline_dag.py
[2025-11-29T08:48:17.923+0000] {logging_mixin.py:151} INFO - [2025-11-29T08:48:17.922+0000] {dag.py:2915} INFO - Sync 1 DAGs
[2025-11-29T08:48:17.974+0000] {logging_mixin.py:151} INFO - [2025-11-29T08:48:17.974+0000] {dag.py:3696} INFO - Setting next_dagrun for distillationDAG to 2025-11-29T08:47:32.974118+00:00, run_after=2025-11-29T08:48:17.974118+00:00
[2025-11-29T08:48:18.017+0000] {processor.py:179} INFO - Processing /opt/airflow/dags/dispatcher_pipeline_dag.py took 1.903 seconds
[2025-11-29T08:48:48.289+0000] {processor.py:157} INFO - Started process (PID=1315) to work on /opt/airflow/dags/dispatcher_pipeline_dag.py
[2025-11-29T08:48:48.292+0000] {processor.py:829} INFO - Processing file /opt/airflow/dags/dispatcher_pipeline_dag.py for tasks to queue
[2025-11-29T08:48:48.294+0000] {logging_mixin.py:151} INFO - [2025-11-29T08:48:48.293+0000] {dagbag.py:539} INFO - Filling up the DagBag from /opt/airflow/dags/dispatcher_pipeline_dag.py
[2025-11-29T08:48:50.019+0000] {processor.py:839} INFO - DAG(s) dict_keys(['distillationDAG']) retrieved from /opt/airflow/dags/dispatcher_pipeline_dag.py
[2025-11-29T08:48:50.095+0000] {logging_mixin.py:151} INFO - [2025-11-29T08:48:50.094+0000] {dag.py:2915} INFO - Sync 1 DAGs
[2025-11-29T08:48:50.149+0000] {logging_mixin.py:151} INFO - [2025-11-29T08:48:50.149+0000] {dag.py:3696} INFO - Setting next_dagrun for distillationDAG to 2025-11-29T08:48:05.148709+00:00, run_after=2025-11-29T08:48:50.148709+00:00
[2025-11-29T08:48:50.189+0000] {processor.py:179} INFO - Processing /opt/airflow/dags/dispatcher_pipeline_dag.py took 1.910 seconds
[2025-11-29T08:49:20.816+0000] {processor.py:157} INFO - Started process (PID=1335) to work on /opt/airflow/dags/dispatcher_pipeline_dag.py
[2025-11-29T08:49:20.818+0000] {processor.py:829} INFO - Processing file /opt/airflow/dags/dispatcher_pipeline_dag.py for tasks to queue
[2025-11-29T08:49:20.821+0000] {logging_mixin.py:151} INFO - [2025-11-29T08:49:20.819+0000] {dagbag.py:539} INFO - Filling up the DagBag from /opt/airflow/dags/dispatcher_pipeline_dag.py
[2025-11-29T08:49:22.505+0000] {processor.py:839} INFO - DAG(s) dict_keys(['distillationDAG']) retrieved from /opt/airflow/dags/dispatcher_pipeline_dag.py
[2025-11-29T08:49:22.580+0000] {logging_mixin.py:151} INFO - [2025-11-29T08:49:22.579+0000] {dag.py:2915} INFO - Sync 1 DAGs
[2025-11-29T08:49:22.634+0000] {logging_mixin.py:151} INFO - [2025-11-29T08:49:22.633+0000] {dag.py:3696} INFO - Setting next_dagrun for distillationDAG to 2025-11-29T08:48:37.633434+00:00, run_after=2025-11-29T08:49:22.633434+00:00
[2025-11-29T08:49:22.673+0000] {processor.py:179} INFO - Processing /opt/airflow/dags/dispatcher_pipeline_dag.py took 1.868 seconds
[2025-11-29T08:49:52.865+0000] {processor.py:157} INFO - Started process (PID=1354) to work on /opt/airflow/dags/dispatcher_pipeline_dag.py
[2025-11-29T08:49:52.867+0000] {processor.py:829} INFO - Processing file /opt/airflow/dags/dispatcher_pipeline_dag.py for tasks to queue
[2025-11-29T08:49:52.869+0000] {logging_mixin.py:151} INFO - [2025-11-29T08:49:52.868+0000] {dagbag.py:539} INFO - Filling up the DagBag from /opt/airflow/dags/dispatcher_pipeline_dag.py
[2025-11-29T08:49:54.577+0000] {processor.py:839} INFO - DAG(s) dict_keys(['distillationDAG']) retrieved from /opt/airflow/dags/dispatcher_pipeline_dag.py
[2025-11-29T08:49:54.655+0000] {logging_mixin.py:151} INFO - [2025-11-29T08:49:54.654+0000] {dag.py:2915} INFO - Sync 1 DAGs
[2025-11-29T08:49:54.706+0000] {logging_mixin.py:151} INFO - [2025-11-29T08:49:54.705+0000] {dag.py:3696} INFO - Setting next_dagrun for distillationDAG to 2025-11-29T08:49:09.705306+00:00, run_after=2025-11-29T08:49:54.705306+00:00
[2025-11-29T08:49:54.745+0000] {processor.py:179} INFO - Processing /opt/airflow/dags/dispatcher_pipeline_dag.py took 1.890 seconds
[2025-11-29T08:50:25.438+0000] {processor.py:157} INFO - Started process (PID=1371) to work on /opt/airflow/dags/dispatcher_pipeline_dag.py
[2025-11-29T08:50:25.440+0000] {processor.py:829} INFO - Processing file /opt/airflow/dags/dispatcher_pipeline_dag.py for tasks to queue
[2025-11-29T08:50:25.443+0000] {logging_mixin.py:151} INFO - [2025-11-29T08:50:25.442+0000] {dagbag.py:539} INFO - Filling up the DagBag from /opt/airflow/dags/dispatcher_pipeline_dag.py
[2025-11-29T08:50:27.164+0000] {processor.py:839} INFO - DAG(s) dict_keys(['distillationDAG']) retrieved from /opt/airflow/dags/dispatcher_pipeline_dag.py
[2025-11-29T08:50:27.240+0000] {logging_mixin.py:151} INFO - [2025-11-29T08:50:27.239+0000] {dag.py:2915} INFO - Sync 1 DAGs
[2025-11-29T08:50:27.291+0000] {logging_mixin.py:151} INFO - [2025-11-29T08:50:27.291+0000] {dag.py:3696} INFO - Setting next_dagrun for distillationDAG to 2025-11-29T08:49:42.290751+00:00, run_after=2025-11-29T08:50:27.290751+00:00
[2025-11-29T08:50:27.329+0000] {processor.py:179} INFO - Processing /opt/airflow/dags/dispatcher_pipeline_dag.py took 1.901 seconds
[2025-11-29T08:50:57.740+0000] {processor.py:157} INFO - Started process (PID=1388) to work on /opt/airflow/dags/dispatcher_pipeline_dag.py
[2025-11-29T08:50:57.743+0000] {processor.py:829} INFO - Processing file /opt/airflow/dags/dispatcher_pipeline_dag.py for tasks to queue
[2025-11-29T08:50:57.745+0000] {logging_mixin.py:151} INFO - [2025-11-29T08:50:57.744+0000] {dagbag.py:539} INFO - Filling up the DagBag from /opt/airflow/dags/dispatcher_pipeline_dag.py
[2025-11-29T08:50:59.462+0000] {processor.py:839} INFO - DAG(s) dict_keys(['distillationDAG']) retrieved from /opt/airflow/dags/dispatcher_pipeline_dag.py
[2025-11-29T08:50:59.538+0000] {logging_mixin.py:151} INFO - [2025-11-29T08:50:59.537+0000] {dag.py:2915} INFO - Sync 1 DAGs
[2025-11-29T08:50:59.588+0000] {logging_mixin.py:151} INFO - [2025-11-29T08:50:59.588+0000] {dag.py:3696} INFO - Setting next_dagrun for distillationDAG to 2025-11-29T08:50:14.587908+00:00, run_after=2025-11-29T08:50:59.587908+00:00
[2025-11-29T08:50:59.630+0000] {processor.py:179} INFO - Processing /opt/airflow/dags/dispatcher_pipeline_dag.py took 1.901 seconds
[2025-11-29T08:51:29.932+0000] {processor.py:157} INFO - Started process (PID=1405) to work on /opt/airflow/dags/dispatcher_pipeline_dag.py
[2025-11-29T08:51:29.935+0000] {processor.py:829} INFO - Processing file /opt/airflow/dags/dispatcher_pipeline_dag.py for tasks to queue
[2025-11-29T08:51:29.937+0000] {logging_mixin.py:151} INFO - [2025-11-29T08:51:29.936+0000] {dagbag.py:539} INFO - Filling up the DagBag from /opt/airflow/dags/dispatcher_pipeline_dag.py
[2025-11-29T08:51:31.651+0000] {processor.py:839} INFO - DAG(s) dict_keys(['distillationDAG']) retrieved from /opt/airflow/dags/dispatcher_pipeline_dag.py
[2025-11-29T08:51:31.727+0000] {logging_mixin.py:151} INFO - [2025-11-29T08:51:31.726+0000] {dag.py:2915} INFO - Sync 1 DAGs
[2025-11-29T08:51:31.781+0000] {logging_mixin.py:151} INFO - [2025-11-29T08:51:31.780+0000] {dag.py:3696} INFO - Setting next_dagrun for distillationDAG to 2025-11-29T08:50:46.780334+00:00, run_after=2025-11-29T08:51:31.780334+00:00
[2025-11-29T08:51:31.820+0000] {processor.py:179} INFO - Processing /opt/airflow/dags/dispatcher_pipeline_dag.py took 1.898 seconds
[2025-11-29T08:52:01.929+0000] {processor.py:157} INFO - Started process (PID=1422) to work on /opt/airflow/dags/dispatcher_pipeline_dag.py
[2025-11-29T08:52:01.931+0000] {processor.py:829} INFO - Processing file /opt/airflow/dags/dispatcher_pipeline_dag.py for tasks to queue
[2025-11-29T08:52:01.934+0000] {logging_mixin.py:151} INFO - [2025-11-29T08:52:01.933+0000] {dagbag.py:539} INFO - Filling up the DagBag from /opt/airflow/dags/dispatcher_pipeline_dag.py
[2025-11-29T08:52:03.666+0000] {processor.py:839} INFO - DAG(s) dict_keys(['distillationDAG']) retrieved from /opt/airflow/dags/dispatcher_pipeline_dag.py
[2025-11-29T08:52:03.743+0000] {logging_mixin.py:151} INFO - [2025-11-29T08:52:03.742+0000] {dag.py:2915} INFO - Sync 1 DAGs
[2025-11-29T08:52:03.794+0000] {logging_mixin.py:151} INFO - [2025-11-29T08:52:03.794+0000] {dag.py:3696} INFO - Setting next_dagrun for distillationDAG to 2025-11-29T08:51:18.793625+00:00, run_after=2025-11-29T08:52:03.793625+00:00
[2025-11-29T08:52:03.833+0000] {processor.py:179} INFO - Processing /opt/airflow/dags/dispatcher_pipeline_dag.py took 1.916 seconds
[2025-11-29T08:52:34.465+0000] {processor.py:157} INFO - Started process (PID=1439) to work on /opt/airflow/dags/dispatcher_pipeline_dag.py
[2025-11-29T08:52:34.469+0000] {processor.py:829} INFO - Processing file /opt/airflow/dags/dispatcher_pipeline_dag.py for tasks to queue
[2025-11-29T08:52:34.471+0000] {logging_mixin.py:151} INFO - [2025-11-29T08:52:34.470+0000] {dagbag.py:539} INFO - Filling up the DagBag from /opt/airflow/dags/dispatcher_pipeline_dag.py
[2025-11-29T08:52:36.199+0000] {processor.py:839} INFO - DAG(s) dict_keys(['distillationDAG']) retrieved from /opt/airflow/dags/dispatcher_pipeline_dag.py
[2025-11-29T08:52:36.274+0000] {logging_mixin.py:151} INFO - [2025-11-29T08:52:36.273+0000] {dag.py:2915} INFO - Sync 1 DAGs
[2025-11-29T08:52:36.326+0000] {logging_mixin.py:151} INFO - [2025-11-29T08:52:36.325+0000] {dag.py:3696} INFO - Setting next_dagrun for distillationDAG to 2025-11-29T08:51:51.325198+00:00, run_after=2025-11-29T08:52:36.325198+00:00
[2025-11-29T08:52:36.368+0000] {processor.py:179} INFO - Processing /opt/airflow/dags/dispatcher_pipeline_dag.py took 1.913 seconds
[2025-11-29T08:53:06.838+0000] {processor.py:157} INFO - Started process (PID=1456) to work on /opt/airflow/dags/dispatcher_pipeline_dag.py
[2025-11-29T08:53:06.842+0000] {processor.py:829} INFO - Processing file /opt/airflow/dags/dispatcher_pipeline_dag.py for tasks to queue
[2025-11-29T08:53:06.844+0000] {logging_mixin.py:151} INFO - [2025-11-29T08:53:06.843+0000] {dagbag.py:539} INFO - Filling up the DagBag from /opt/airflow/dags/dispatcher_pipeline_dag.py
[2025-11-29T08:53:08.570+0000] {processor.py:839} INFO - DAG(s) dict_keys(['distillationDAG']) retrieved from /opt/airflow/dags/dispatcher_pipeline_dag.py
[2025-11-29T08:53:08.645+0000] {logging_mixin.py:151} INFO - [2025-11-29T08:53:08.644+0000] {dag.py:2915} INFO - Sync 1 DAGs
[2025-11-29T08:53:08.700+0000] {logging_mixin.py:151} INFO - [2025-11-29T08:53:08.699+0000] {dag.py:3696} INFO - Setting next_dagrun for distillationDAG to 2025-11-29T08:52:23.699336+00:00, run_after=2025-11-29T08:53:08.699336+00:00
[2025-11-29T08:53:08.740+0000] {processor.py:179} INFO - Processing /opt/airflow/dags/dispatcher_pipeline_dag.py took 1.912 seconds
[2025-11-29T08:53:39.036+0000] {processor.py:157} INFO - Started process (PID=1473) to work on /opt/airflow/dags/dispatcher_pipeline_dag.py
[2025-11-29T08:53:39.039+0000] {processor.py:829} INFO - Processing file /opt/airflow/dags/dispatcher_pipeline_dag.py for tasks to queue
[2025-11-29T08:53:39.042+0000] {logging_mixin.py:151} INFO - [2025-11-29T08:53:39.041+0000] {dagbag.py:539} INFO - Filling up the DagBag from /opt/airflow/dags/dispatcher_pipeline_dag.py
[2025-11-29T08:53:40.757+0000] {processor.py:839} INFO - DAG(s) dict_keys(['distillationDAG']) retrieved from /opt/airflow/dags/dispatcher_pipeline_dag.py
[2025-11-29T08:53:40.834+0000] {logging_mixin.py:151} INFO - [2025-11-29T08:53:40.833+0000] {dag.py:2915} INFO - Sync 1 DAGs
[2025-11-29T08:53:40.887+0000] {logging_mixin.py:151} INFO - [2025-11-29T08:53:40.887+0000] {dag.py:3696} INFO - Setting next_dagrun for distillationDAG to 2025-11-29T08:52:55.886664+00:00, run_after=2025-11-29T08:53:40.886664+00:00
[2025-11-29T08:53:40.927+0000] {processor.py:179} INFO - Processing /opt/airflow/dags/dispatcher_pipeline_dag.py took 1.901 seconds
[2025-11-29T08:54:11.290+0000] {processor.py:157} INFO - Started process (PID=1490) to work on /opt/airflow/dags/dispatcher_pipeline_dag.py
[2025-11-29T08:54:11.293+0000] {processor.py:829} INFO - Processing file /opt/airflow/dags/dispatcher_pipeline_dag.py for tasks to queue
[2025-11-29T08:54:11.296+0000] {logging_mixin.py:151} INFO - [2025-11-29T08:54:11.295+0000] {dagbag.py:539} INFO - Filling up the DagBag from /opt/airflow/dags/dispatcher_pipeline_dag.py
[2025-11-29T08:54:13.018+0000] {processor.py:839} INFO - DAG(s) dict_keys(['distillationDAG']) retrieved from /opt/airflow/dags/dispatcher_pipeline_dag.py
[2025-11-29T08:54:13.096+0000] {logging_mixin.py:151} INFO - [2025-11-29T08:54:13.095+0000] {dag.py:2915} INFO - Sync 1 DAGs
[2025-11-29T08:54:13.146+0000] {logging_mixin.py:151} INFO - [2025-11-29T08:54:13.146+0000] {dag.py:3696} INFO - Setting next_dagrun for distillationDAG to 2025-11-29T08:53:28.146011+00:00, run_after=2025-11-29T08:54:13.146011+00:00
[2025-11-29T08:54:13.184+0000] {processor.py:179} INFO - Processing /opt/airflow/dags/dispatcher_pipeline_dag.py took 1.905 seconds
[2025-11-29T08:54:43.290+0000] {processor.py:157} INFO - Started process (PID=1507) to work on /opt/airflow/dags/dispatcher_pipeline_dag.py
[2025-11-29T08:54:43.293+0000] {processor.py:829} INFO - Processing file /opt/airflow/dags/dispatcher_pipeline_dag.py for tasks to queue
[2025-11-29T08:54:43.296+0000] {logging_mixin.py:151} INFO - [2025-11-29T08:54:43.295+0000] {dagbag.py:539} INFO - Filling up the DagBag from /opt/airflow/dags/dispatcher_pipeline_dag.py
[2025-11-29T08:54:45.020+0000] {processor.py:839} INFO - DAG(s) dict_keys(['distillationDAG']) retrieved from /opt/airflow/dags/dispatcher_pipeline_dag.py
[2025-11-29T08:54:45.095+0000] {logging_mixin.py:151} INFO - [2025-11-29T08:54:45.094+0000] {dag.py:2915} INFO - Sync 1 DAGs
[2025-11-29T08:54:45.146+0000] {logging_mixin.py:151} INFO - [2025-11-29T08:54:45.146+0000] {dag.py:3696} INFO - Setting next_dagrun for distillationDAG to 2025-11-29T08:54:00.145929+00:00, run_after=2025-11-29T08:54:45.145929+00:00
[2025-11-29T08:54:45.184+0000] {processor.py:179} INFO - Processing /opt/airflow/dags/dispatcher_pipeline_dag.py took 1.905 seconds
[2025-11-29T08:55:15.473+0000] {processor.py:157} INFO - Started process (PID=1524) to work on /opt/airflow/dags/dispatcher_pipeline_dag.py
[2025-11-29T08:55:15.476+0000] {processor.py:829} INFO - Processing file /opt/airflow/dags/dispatcher_pipeline_dag.py for tasks to queue
[2025-11-29T08:55:15.479+0000] {logging_mixin.py:151} INFO - [2025-11-29T08:55:15.478+0000] {dagbag.py:539} INFO - Filling up the DagBag from /opt/airflow/dags/dispatcher_pipeline_dag.py
[2025-11-29T08:55:17.205+0000] {processor.py:839} INFO - DAG(s) dict_keys(['distillationDAG']) retrieved from /opt/airflow/dags/dispatcher_pipeline_dag.py
[2025-11-29T08:55:17.280+0000] {logging_mixin.py:151} INFO - [2025-11-29T08:55:17.279+0000] {dag.py:2915} INFO - Sync 1 DAGs
[2025-11-29T08:55:17.332+0000] {logging_mixin.py:151} INFO - [2025-11-29T08:55:17.331+0000] {dag.py:3696} INFO - Setting next_dagrun for distillationDAG to 2025-11-29T08:54:32.331151+00:00, run_after=2025-11-29T08:55:17.331151+00:00
[2025-11-29T08:55:17.375+0000] {processor.py:179} INFO - Processing /opt/airflow/dags/dispatcher_pipeline_dag.py took 1.913 seconds
[2025-11-29T08:55:47.576+0000] {processor.py:157} INFO - Started process (PID=1541) to work on /opt/airflow/dags/dispatcher_pipeline_dag.py
[2025-11-29T08:55:47.579+0000] {processor.py:829} INFO - Processing file /opt/airflow/dags/dispatcher_pipeline_dag.py for tasks to queue
[2025-11-29T08:55:47.581+0000] {logging_mixin.py:151} INFO - [2025-11-29T08:55:47.580+0000] {dagbag.py:539} INFO - Filling up the DagBag from /opt/airflow/dags/dispatcher_pipeline_dag.py
[2025-11-29T08:55:49.312+0000] {processor.py:839} INFO - DAG(s) dict_keys(['distillationDAG']) retrieved from /opt/airflow/dags/dispatcher_pipeline_dag.py
[2025-11-29T08:55:49.387+0000] {logging_mixin.py:151} INFO - [2025-11-29T08:55:49.386+0000] {dag.py:2915} INFO - Sync 1 DAGs
[2025-11-29T08:55:49.441+0000] {logging_mixin.py:151} INFO - [2025-11-29T08:55:49.440+0000] {dag.py:3696} INFO - Setting next_dagrun for distillationDAG to 2025-11-29T08:55:04.440182+00:00, run_after=2025-11-29T08:55:49.440182+00:00
[2025-11-29T08:55:49.479+0000] {processor.py:179} INFO - Processing /opt/airflow/dags/dispatcher_pipeline_dag.py took 1.914 seconds
[2025-11-29T08:56:19.695+0000] {processor.py:157} INFO - Started process (PID=1558) to work on /opt/airflow/dags/dispatcher_pipeline_dag.py
[2025-11-29T08:56:19.698+0000] {processor.py:829} INFO - Processing file /opt/airflow/dags/dispatcher_pipeline_dag.py for tasks to queue
[2025-11-29T08:56:19.700+0000] {logging_mixin.py:151} INFO - [2025-11-29T08:56:19.699+0000] {dagbag.py:539} INFO - Filling up the DagBag from /opt/airflow/dags/dispatcher_pipeline_dag.py
[2025-11-29T08:56:21.415+0000] {processor.py:839} INFO - DAG(s) dict_keys(['distillationDAG']) retrieved from /opt/airflow/dags/dispatcher_pipeline_dag.py
[2025-11-29T08:56:21.493+0000] {logging_mixin.py:151} INFO - [2025-11-29T08:56:21.492+0000] {dag.py:2915} INFO - Sync 1 DAGs
[2025-11-29T08:56:21.544+0000] {logging_mixin.py:151} INFO - [2025-11-29T08:56:21.544+0000] {dag.py:3696} INFO - Setting next_dagrun for distillationDAG to 2025-11-29T08:55:36.543787+00:00, run_after=2025-11-29T08:56:21.543787+00:00
[2025-11-29T08:56:21.583+0000] {processor.py:179} INFO - Processing /opt/airflow/dags/dispatcher_pipeline_dag.py took 1.899 seconds
[2025-11-29T08:56:51.910+0000] {processor.py:157} INFO - Started process (PID=1575) to work on /opt/airflow/dags/dispatcher_pipeline_dag.py
[2025-11-29T08:56:51.913+0000] {processor.py:829} INFO - Processing file /opt/airflow/dags/dispatcher_pipeline_dag.py for tasks to queue
[2025-11-29T08:56:51.915+0000] {logging_mixin.py:151} INFO - [2025-11-29T08:56:51.914+0000] {dagbag.py:539} INFO - Filling up the DagBag from /opt/airflow/dags/dispatcher_pipeline_dag.py
[2025-11-29T08:56:53.635+0000] {processor.py:839} INFO - DAG(s) dict_keys(['distillationDAG']) retrieved from /opt/airflow/dags/dispatcher_pipeline_dag.py
[2025-11-29T08:56:53.711+0000] {logging_mixin.py:151} INFO - [2025-11-29T08:56:53.710+0000] {dag.py:2915} INFO - Sync 1 DAGs
[2025-11-29T08:56:53.762+0000] {logging_mixin.py:151} INFO - [2025-11-29T08:56:53.762+0000] {dag.py:3696} INFO - Setting next_dagrun for distillationDAG to 2025-11-29T08:56:08.761965+00:00, run_after=2025-11-29T08:56:53.761965+00:00
[2025-11-29T08:56:53.801+0000] {processor.py:179} INFO - Processing /opt/airflow/dags/dispatcher_pipeline_dag.py took 1.902 seconds
[2025-11-29T08:57:24.187+0000] {processor.py:157} INFO - Started process (PID=1592) to work on /opt/airflow/dags/dispatcher_pipeline_dag.py
[2025-11-29T08:57:24.189+0000] {processor.py:829} INFO - Processing file /opt/airflow/dags/dispatcher_pipeline_dag.py for tasks to queue
[2025-11-29T08:57:24.191+0000] {logging_mixin.py:151} INFO - [2025-11-29T08:57:24.190+0000] {dagbag.py:539} INFO - Filling up the DagBag from /opt/airflow/dags/dispatcher_pipeline_dag.py
[2025-11-29T08:57:25.910+0000] {processor.py:839} INFO - DAG(s) dict_keys(['distillationDAG']) retrieved from /opt/airflow/dags/dispatcher_pipeline_dag.py
[2025-11-29T08:57:25.985+0000] {logging_mixin.py:151} INFO - [2025-11-29T08:57:25.984+0000] {dag.py:2915} INFO - Sync 1 DAGs
[2025-11-29T08:57:26.040+0000] {logging_mixin.py:151} INFO - [2025-11-29T08:57:26.039+0000] {dag.py:3696} INFO - Setting next_dagrun for distillationDAG to 2025-11-29T08:56:41.039115+00:00, run_after=2025-11-29T08:57:26.039115+00:00
[2025-11-29T08:57:26.080+0000] {processor.py:179} INFO - Processing /opt/airflow/dags/dispatcher_pipeline_dag.py took 1.904 seconds
[2025-11-29T08:57:56.817+0000] {processor.py:157} INFO - Started process (PID=1609) to work on /opt/airflow/dags/dispatcher_pipeline_dag.py
[2025-11-29T08:57:56.820+0000] {processor.py:829} INFO - Processing file /opt/airflow/dags/dispatcher_pipeline_dag.py for tasks to queue
[2025-11-29T08:57:56.823+0000] {logging_mixin.py:151} INFO - [2025-11-29T08:57:56.822+0000] {dagbag.py:539} INFO - Filling up the DagBag from /opt/airflow/dags/dispatcher_pipeline_dag.py
[2025-11-29T08:57:58.537+0000] {processor.py:839} INFO - DAG(s) dict_keys(['distillationDAG']) retrieved from /opt/airflow/dags/dispatcher_pipeline_dag.py
[2025-11-29T08:57:58.613+0000] {logging_mixin.py:151} INFO - [2025-11-29T08:57:58.612+0000] {dag.py:2915} INFO - Sync 1 DAGs
[2025-11-29T08:57:58.667+0000] {logging_mixin.py:151} INFO - [2025-11-29T08:57:58.666+0000] {dag.py:3696} INFO - Setting next_dagrun for distillationDAG to 2025-11-29T08:57:13.666432+00:00, run_after=2025-11-29T08:57:58.666432+00:00
[2025-11-29T08:57:58.706+0000] {processor.py:179} INFO - Processing /opt/airflow/dags/dispatcher_pipeline_dag.py took 1.899 seconds
[2025-11-29T08:58:29.079+0000] {processor.py:157} INFO - Started process (PID=1626) to work on /opt/airflow/dags/dispatcher_pipeline_dag.py
[2025-11-29T08:58:29.081+0000] {processor.py:829} INFO - Processing file /opt/airflow/dags/dispatcher_pipeline_dag.py for tasks to queue
[2025-11-29T08:58:29.084+0000] {logging_mixin.py:151} INFO - [2025-11-29T08:58:29.083+0000] {dagbag.py:539} INFO - Filling up the DagBag from /opt/airflow/dags/dispatcher_pipeline_dag.py
[2025-11-29T08:58:30.795+0000] {processor.py:839} INFO - DAG(s) dict_keys(['distillationDAG']) retrieved from /opt/airflow/dags/dispatcher_pipeline_dag.py
[2025-11-29T08:58:30.872+0000] {logging_mixin.py:151} INFO - [2025-11-29T08:58:30.871+0000] {dag.py:2915} INFO - Sync 1 DAGs
[2025-11-29T08:58:30.923+0000] {logging_mixin.py:151} INFO - [2025-11-29T08:58:30.923+0000] {dag.py:3696} INFO - Setting next_dagrun for distillationDAG to 2025-11-29T08:57:45.922683+00:00, run_after=2025-11-29T08:58:30.922683+00:00
[2025-11-29T08:58:30.963+0000] {processor.py:179} INFO - Processing /opt/airflow/dags/dispatcher_pipeline_dag.py took 1.895 seconds
[2025-11-29T08:59:01.287+0000] {processor.py:157} INFO - Started process (PID=1643) to work on /opt/airflow/dags/dispatcher_pipeline_dag.py
[2025-11-29T08:59:01.290+0000] {processor.py:829} INFO - Processing file /opt/airflow/dags/dispatcher_pipeline_dag.py for tasks to queue
[2025-11-29T08:59:01.292+0000] {logging_mixin.py:151} INFO - [2025-11-29T08:59:01.291+0000] {dagbag.py:539} INFO - Filling up the DagBag from /opt/airflow/dags/dispatcher_pipeline_dag.py
[2025-11-29T08:59:03.015+0000] {processor.py:839} INFO - DAG(s) dict_keys(['distillationDAG']) retrieved from /opt/airflow/dags/dispatcher_pipeline_dag.py
[2025-11-29T08:59:03.090+0000] {logging_mixin.py:151} INFO - [2025-11-29T08:59:03.089+0000] {dag.py:2915} INFO - Sync 1 DAGs
[2025-11-29T08:59:03.141+0000] {logging_mixin.py:151} INFO - [2025-11-29T08:59:03.141+0000] {dag.py:3696} INFO - Setting next_dagrun for distillationDAG to 2025-11-29T08:58:18.140956+00:00, run_after=2025-11-29T08:59:03.140956+00:00
[2025-11-29T08:59:03.181+0000] {processor.py:179} INFO - Processing /opt/airflow/dags/dispatcher_pipeline_dag.py took 1.905 seconds
[2025-11-29T08:59:33.617+0000] {processor.py:157} INFO - Started process (PID=1660) to work on /opt/airflow/dags/dispatcher_pipeline_dag.py
[2025-11-29T08:59:33.620+0000] {processor.py:829} INFO - Processing file /opt/airflow/dags/dispatcher_pipeline_dag.py for tasks to queue
[2025-11-29T08:59:33.622+0000] {logging_mixin.py:151} INFO - [2025-11-29T08:59:33.621+0000] {dagbag.py:539} INFO - Filling up the DagBag from /opt/airflow/dags/dispatcher_pipeline_dag.py
[2025-11-29T08:59:35.348+0000] {processor.py:839} INFO - DAG(s) dict_keys(['distillationDAG']) retrieved from /opt/airflow/dags/dispatcher_pipeline_dag.py
[2025-11-29T08:59:35.424+0000] {logging_mixin.py:151} INFO - [2025-11-29T08:59:35.423+0000] {dag.py:2915} INFO - Sync 1 DAGs
[2025-11-29T08:59:35.478+0000] {logging_mixin.py:151} INFO - [2025-11-29T08:59:35.478+0000] {dag.py:3696} INFO - Setting next_dagrun for distillationDAG to 2025-11-29T08:58:50.477977+00:00, run_after=2025-11-29T08:59:35.477977+00:00
[2025-11-29T08:59:35.518+0000] {processor.py:179} INFO - Processing /opt/airflow/dags/dispatcher_pipeline_dag.py took 1.912 seconds
[2025-11-29T09:00:06.189+0000] {processor.py:157} INFO - Started process (PID=1677) to work on /opt/airflow/dags/dispatcher_pipeline_dag.py
[2025-11-29T09:00:06.191+0000] {processor.py:829} INFO - Processing file /opt/airflow/dags/dispatcher_pipeline_dag.py for tasks to queue
[2025-11-29T09:00:06.193+0000] {logging_mixin.py:151} INFO - [2025-11-29T09:00:06.192+0000] {dagbag.py:539} INFO - Filling up the DagBag from /opt/airflow/dags/dispatcher_pipeline_dag.py
[2025-11-29T09:00:07.908+0000] {processor.py:839} INFO - DAG(s) dict_keys(['distillationDAG']) retrieved from /opt/airflow/dags/dispatcher_pipeline_dag.py
[2025-11-29T09:00:07.984+0000] {logging_mixin.py:151} INFO - [2025-11-29T09:00:07.983+0000] {dag.py:2915} INFO - Sync 1 DAGs
[2025-11-29T09:00:08.038+0000] {logging_mixin.py:151} INFO - [2025-11-29T09:00:08.037+0000] {dag.py:3696} INFO - Setting next_dagrun for distillationDAG to 2025-11-29T08:59:23.037187+00:00, run_after=2025-11-29T09:00:08.037187+00:00
[2025-11-29T09:00:08.078+0000] {processor.py:179} INFO - Processing /opt/airflow/dags/dispatcher_pipeline_dag.py took 1.900 seconds
[2025-11-29T09:00:38.418+0000] {processor.py:157} INFO - Started process (PID=1694) to work on /opt/airflow/dags/dispatcher_pipeline_dag.py
[2025-11-29T09:00:38.420+0000] {processor.py:829} INFO - Processing file /opt/airflow/dags/dispatcher_pipeline_dag.py for tasks to queue
[2025-11-29T09:00:38.423+0000] {logging_mixin.py:151} INFO - [2025-11-29T09:00:38.422+0000] {dagbag.py:539} INFO - Filling up the DagBag from /opt/airflow/dags/dispatcher_pipeline_dag.py
[2025-11-29T09:00:40.146+0000] {processor.py:839} INFO - DAG(s) dict_keys(['distillationDAG']) retrieved from /opt/airflow/dags/dispatcher_pipeline_dag.py
[2025-11-29T09:00:40.223+0000] {logging_mixin.py:151} INFO - [2025-11-29T09:00:40.222+0000] {dag.py:2915} INFO - Sync 1 DAGs
[2025-11-29T09:00:40.274+0000] {logging_mixin.py:151} INFO - [2025-11-29T09:00:40.273+0000] {dag.py:3696} INFO - Setting next_dagrun for distillationDAG to 2025-11-29T08:59:55.273553+00:00, run_after=2025-11-29T09:00:40.273553+00:00
[2025-11-29T09:00:40.311+0000] {processor.py:179} INFO - Processing /opt/airflow/dags/dispatcher_pipeline_dag.py took 1.904 seconds
[2025-11-29T09:01:10.628+0000] {processor.py:157} INFO - Started process (PID=1711) to work on /opt/airflow/dags/dispatcher_pipeline_dag.py
[2025-11-29T09:01:10.631+0000] {processor.py:829} INFO - Processing file /opt/airflow/dags/dispatcher_pipeline_dag.py for tasks to queue
[2025-11-29T09:01:10.633+0000] {logging_mixin.py:151} INFO - [2025-11-29T09:01:10.632+0000] {dagbag.py:539} INFO - Filling up the DagBag from /opt/airflow/dags/dispatcher_pipeline_dag.py
[2025-11-29T09:01:12.356+0000] {processor.py:839} INFO - DAG(s) dict_keys(['distillationDAG']) retrieved from /opt/airflow/dags/dispatcher_pipeline_dag.py
[2025-11-29T09:01:12.432+0000] {logging_mixin.py:151} INFO - [2025-11-29T09:01:12.431+0000] {dag.py:2915} INFO - Sync 1 DAGs
[2025-11-29T09:01:12.483+0000] {logging_mixin.py:151} INFO - [2025-11-29T09:01:12.483+0000] {dag.py:3696} INFO - Setting next_dagrun for distillationDAG to 2025-11-29T09:00:27.482907+00:00, run_after=2025-11-29T09:01:12.482907+00:00
[2025-11-29T09:01:12.523+0000] {processor.py:179} INFO - Processing /opt/airflow/dags/dispatcher_pipeline_dag.py took 1.906 seconds
[2025-11-29T09:01:42.932+0000] {processor.py:157} INFO - Started process (PID=1728) to work on /opt/airflow/dags/dispatcher_pipeline_dag.py
[2025-11-29T09:01:42.934+0000] {processor.py:829} INFO - Processing file /opt/airflow/dags/dispatcher_pipeline_dag.py for tasks to queue
[2025-11-29T09:01:42.937+0000] {logging_mixin.py:151} INFO - [2025-11-29T09:01:42.936+0000] {dagbag.py:539} INFO - Filling up the DagBag from /opt/airflow/dags/dispatcher_pipeline_dag.py
[2025-11-29T09:01:44.651+0000] {processor.py:839} INFO - DAG(s) dict_keys(['distillationDAG']) retrieved from /opt/airflow/dags/dispatcher_pipeline_dag.py
[2025-11-29T09:01:44.727+0000] {logging_mixin.py:151} INFO - [2025-11-29T09:01:44.726+0000] {dag.py:2915} INFO - Sync 1 DAGs
[2025-11-29T09:01:44.781+0000] {logging_mixin.py:151} INFO - [2025-11-29T09:01:44.781+0000] {dag.py:3696} INFO - Setting next_dagrun for distillationDAG to 2025-11-29T09:00:59.780627+00:00, run_after=2025-11-29T09:01:44.780627+00:00
[2025-11-29T09:01:44.821+0000] {processor.py:179} INFO - Processing /opt/airflow/dags/dispatcher_pipeline_dag.py took 1.900 seconds
[2025-11-29T09:02:15.501+0000] {processor.py:157} INFO - Started process (PID=1745) to work on /opt/airflow/dags/dispatcher_pipeline_dag.py
[2025-11-29T09:02:15.504+0000] {processor.py:829} INFO - Processing file /opt/airflow/dags/dispatcher_pipeline_dag.py for tasks to queue
[2025-11-29T09:02:15.506+0000] {logging_mixin.py:151} INFO - [2025-11-29T09:02:15.505+0000] {dagbag.py:539} INFO - Filling up the DagBag from /opt/airflow/dags/dispatcher_pipeline_dag.py
[2025-11-29T09:02:17.233+0000] {processor.py:839} INFO - DAG(s) dict_keys(['distillationDAG']) retrieved from /opt/airflow/dags/dispatcher_pipeline_dag.py
[2025-11-29T09:02:17.311+0000] {logging_mixin.py:151} INFO - [2025-11-29T09:02:17.309+0000] {dag.py:2915} INFO - Sync 1 DAGs
[2025-11-29T09:02:17.366+0000] {logging_mixin.py:151} INFO - [2025-11-29T09:02:17.365+0000] {dag.py:3696} INFO - Setting next_dagrun for distillationDAG to 2025-11-29T09:01:32.365152+00:00, run_after=2025-11-29T09:02:17.365152+00:00
[2025-11-29T09:02:17.407+0000] {processor.py:179} INFO - Processing /opt/airflow/dags/dispatcher_pipeline_dag.py took 1.916 seconds
[2025-11-29T09:02:47.778+0000] {processor.py:157} INFO - Started process (PID=1762) to work on /opt/airflow/dags/dispatcher_pipeline_dag.py
[2025-11-29T09:02:47.781+0000] {processor.py:829} INFO - Processing file /opt/airflow/dags/dispatcher_pipeline_dag.py for tasks to queue
[2025-11-29T09:02:47.783+0000] {logging_mixin.py:151} INFO - [2025-11-29T09:02:47.782+0000] {dagbag.py:539} INFO - Filling up the DagBag from /opt/airflow/dags/dispatcher_pipeline_dag.py
[2025-11-29T09:02:49.523+0000] {processor.py:839} INFO - DAG(s) dict_keys(['distillationDAG']) retrieved from /opt/airflow/dags/dispatcher_pipeline_dag.py
[2025-11-29T09:02:49.600+0000] {logging_mixin.py:151} INFO - [2025-11-29T09:02:49.599+0000] {dag.py:2915} INFO - Sync 1 DAGs
[2025-11-29T09:02:49.651+0000] {logging_mixin.py:151} INFO - [2025-11-29T09:02:49.651+0000] {dag.py:3696} INFO - Setting next_dagrun for distillationDAG to 2025-11-29T09:02:04.650667+00:00, run_after=2025-11-29T09:02:49.650667+00:00
[2025-11-29T09:02:49.691+0000] {processor.py:179} INFO - Processing /opt/airflow/dags/dispatcher_pipeline_dag.py took 1.924 seconds
[2025-11-29T09:03:20.077+0000] {processor.py:157} INFO - Started process (PID=1784) to work on /opt/airflow/dags/dispatcher_pipeline_dag.py
[2025-11-29T09:03:20.079+0000] {processor.py:829} INFO - Processing file /opt/airflow/dags/dispatcher_pipeline_dag.py for tasks to queue
[2025-11-29T09:03:20.081+0000] {logging_mixin.py:151} INFO - [2025-11-29T09:03:20.080+0000] {dagbag.py:539} INFO - Filling up the DagBag from /opt/airflow/dags/dispatcher_pipeline_dag.py
[2025-11-29T09:03:21.733+0000] {processor.py:839} INFO - DAG(s) dict_keys(['distillationDAG']) retrieved from /opt/airflow/dags/dispatcher_pipeline_dag.py
[2025-11-29T09:03:21.807+0000] {logging_mixin.py:151} INFO - [2025-11-29T09:03:21.806+0000] {dag.py:2915} INFO - Sync 1 DAGs
[2025-11-29T09:03:21.853+0000] {logging_mixin.py:151} INFO - [2025-11-29T09:03:21.853+0000] {dag.py:3696} INFO - Setting next_dagrun for distillationDAG to 2025-11-29T09:02:36.853212+00:00, run_after=2025-11-29T09:03:21.853212+00:00
[2025-11-29T09:03:21.890+0000] {processor.py:179} INFO - Processing /opt/airflow/dags/dispatcher_pipeline_dag.py took 1.823 seconds
[2025-11-29T09:03:52.064+0000] {processor.py:157} INFO - Started process (PID=1801) to work on /opt/airflow/dags/dispatcher_pipeline_dag.py
[2025-11-29T09:03:52.066+0000] {processor.py:829} INFO - Processing file /opt/airflow/dags/dispatcher_pipeline_dag.py for tasks to queue
[2025-11-29T09:03:52.068+0000] {logging_mixin.py:151} INFO - [2025-11-29T09:03:52.067+0000] {dagbag.py:539} INFO - Filling up the DagBag from /opt/airflow/dags/dispatcher_pipeline_dag.py
[2025-11-29T09:03:53.776+0000] {processor.py:839} INFO - DAG(s) dict_keys(['distillationDAG']) retrieved from /opt/airflow/dags/dispatcher_pipeline_dag.py
[2025-11-29T09:03:53.851+0000] {logging_mixin.py:151} INFO - [2025-11-29T09:03:53.850+0000] {dag.py:2915} INFO - Sync 1 DAGs
[2025-11-29T09:03:53.903+0000] {logging_mixin.py:151} INFO - [2025-11-29T09:03:53.902+0000] {dag.py:3696} INFO - Setting next_dagrun for distillationDAG to 2025-11-29T09:03:08.902142+00:00, run_after=2025-11-29T09:03:53.902142+00:00
[2025-11-29T09:03:53.945+0000] {processor.py:179} INFO - Processing /opt/airflow/dags/dispatcher_pipeline_dag.py took 1.891 seconds
[2025-11-29T09:04:24.515+0000] {processor.py:157} INFO - Started process (PID=1818) to work on /opt/airflow/dags/dispatcher_pipeline_dag.py
[2025-11-29T09:04:24.518+0000] {processor.py:829} INFO - Processing file /opt/airflow/dags/dispatcher_pipeline_dag.py for tasks to queue
[2025-11-29T09:04:24.520+0000] {logging_mixin.py:151} INFO - [2025-11-29T09:04:24.519+0000] {dagbag.py:539} INFO - Filling up the DagBag from /opt/airflow/dags/dispatcher_pipeline_dag.py
[2025-11-29T09:04:26.234+0000] {processor.py:839} INFO - DAG(s) dict_keys(['distillationDAG']) retrieved from /opt/airflow/dags/dispatcher_pipeline_dag.py
[2025-11-29T09:04:26.310+0000] {logging_mixin.py:151} INFO - [2025-11-29T09:04:26.309+0000] {dag.py:2915} INFO - Sync 1 DAGs
[2025-11-29T09:04:26.364+0000] {logging_mixin.py:151} INFO - [2025-11-29T09:04:26.364+0000] {dag.py:3696} INFO - Setting next_dagrun for distillationDAG to 2025-11-29T09:03:41.363661+00:00, run_after=2025-11-29T09:04:26.363661+00:00
[2025-11-29T09:04:26.405+0000] {processor.py:179} INFO - Processing /opt/airflow/dags/dispatcher_pipeline_dag.py took 1.900 seconds
[2025-11-29T09:04:57.233+0000] {processor.py:157} INFO - Started process (PID=1835) to work on /opt/airflow/dags/dispatcher_pipeline_dag.py
[2025-11-29T09:04:57.235+0000] {processor.py:829} INFO - Processing file /opt/airflow/dags/dispatcher_pipeline_dag.py for tasks to queue
[2025-11-29T09:04:57.238+0000] {logging_mixin.py:151} INFO - [2025-11-29T09:04:57.237+0000] {dagbag.py:539} INFO - Filling up the DagBag from /opt/airflow/dags/dispatcher_pipeline_dag.py
[2025-11-29T09:04:58.944+0000] {processor.py:839} INFO - DAG(s) dict_keys(['distillationDAG']) retrieved from /opt/airflow/dags/dispatcher_pipeline_dag.py
[2025-11-29T09:04:59.022+0000] {logging_mixin.py:151} INFO - [2025-11-29T09:04:59.021+0000] {dag.py:2915} INFO - Sync 1 DAGs
[2025-11-29T09:04:59.073+0000] {logging_mixin.py:151} INFO - [2025-11-29T09:04:59.072+0000] {dag.py:3696} INFO - Setting next_dagrun for distillationDAG to 2025-11-29T09:04:14.072178+00:00, run_after=2025-11-29T09:04:59.072178+00:00
[2025-11-29T09:04:59.113+0000] {processor.py:179} INFO - Processing /opt/airflow/dags/dispatcher_pipeline_dag.py took 1.888 seconds
[2025-11-29T09:05:29.454+0000] {processor.py:157} INFO - Started process (PID=1852) to work on /opt/airflow/dags/dispatcher_pipeline_dag.py
[2025-11-29T09:05:29.456+0000] {processor.py:829} INFO - Processing file /opt/airflow/dags/dispatcher_pipeline_dag.py for tasks to queue
[2025-11-29T09:05:29.459+0000] {logging_mixin.py:151} INFO - [2025-11-29T09:05:29.458+0000] {dagbag.py:539} INFO - Filling up the DagBag from /opt/airflow/dags/dispatcher_pipeline_dag.py
[2025-11-29T09:05:31.174+0000] {processor.py:839} INFO - DAG(s) dict_keys(['distillationDAG']) retrieved from /opt/airflow/dags/dispatcher_pipeline_dag.py
[2025-11-29T09:05:31.252+0000] {logging_mixin.py:151} INFO - [2025-11-29T09:05:31.251+0000] {dag.py:2915} INFO - Sync 1 DAGs
[2025-11-29T09:05:31.303+0000] {logging_mixin.py:151} INFO - [2025-11-29T09:05:31.303+0000] {dag.py:3696} INFO - Setting next_dagrun for distillationDAG to 2025-11-29T09:04:46.302978+00:00, run_after=2025-11-29T09:05:31.302978+00:00
[2025-11-29T09:05:31.344+0000] {processor.py:179} INFO - Processing /opt/airflow/dags/dispatcher_pipeline_dag.py took 1.900 seconds
[2025-11-29T09:06:01.672+0000] {processor.py:157} INFO - Started process (PID=1869) to work on /opt/airflow/dags/dispatcher_pipeline_dag.py
[2025-11-29T09:06:01.674+0000] {processor.py:829} INFO - Processing file /opt/airflow/dags/dispatcher_pipeline_dag.py for tasks to queue
[2025-11-29T09:06:01.677+0000] {logging_mixin.py:151} INFO - [2025-11-29T09:06:01.676+0000] {dagbag.py:539} INFO - Filling up the DagBag from /opt/airflow/dags/dispatcher_pipeline_dag.py
[2025-11-29T09:06:03.374+0000] {processor.py:839} INFO - DAG(s) dict_keys(['distillationDAG']) retrieved from /opt/airflow/dags/dispatcher_pipeline_dag.py
[2025-11-29T09:06:03.447+0000] {logging_mixin.py:151} INFO - [2025-11-29T09:06:03.446+0000] {dag.py:2915} INFO - Sync 1 DAGs
[2025-11-29T09:06:03.501+0000] {logging_mixin.py:151} INFO - [2025-11-29T09:06:03.500+0000] {dag.py:3696} INFO - Setting next_dagrun for distillationDAG to 2025-11-29T09:05:18.500210+00:00, run_after=2025-11-29T09:06:03.500210+00:00
[2025-11-29T09:06:03.540+0000] {processor.py:179} INFO - Processing /opt/airflow/dags/dispatcher_pipeline_dag.py took 1.878 seconds
[2025-11-29T09:06:33.934+0000] {processor.py:157} INFO - Started process (PID=1886) to work on /opt/airflow/dags/dispatcher_pipeline_dag.py
[2025-11-29T09:06:33.936+0000] {processor.py:829} INFO - Processing file /opt/airflow/dags/dispatcher_pipeline_dag.py for tasks to queue
[2025-11-29T09:06:33.938+0000] {logging_mixin.py:151} INFO - [2025-11-29T09:06:33.937+0000] {dagbag.py:539} INFO - Filling up the DagBag from /opt/airflow/dags/dispatcher_pipeline_dag.py
[2025-11-29T09:06:35.598+0000] {processor.py:839} INFO - DAG(s) dict_keys(['distillationDAG']) retrieved from /opt/airflow/dags/dispatcher_pipeline_dag.py
[2025-11-29T09:06:35.667+0000] {logging_mixin.py:151} INFO - [2025-11-29T09:06:35.666+0000] {dag.py:2915} INFO - Sync 1 DAGs
[2025-11-29T09:06:35.718+0000] {logging_mixin.py:151} INFO - [2025-11-29T09:06:35.718+0000] {dag.py:3696} INFO - Setting next_dagrun for distillationDAG to 2025-11-29T09:05:50.718201+00:00, run_after=2025-11-29T09:06:35.718201+00:00
[2025-11-29T09:06:35.754+0000] {processor.py:179} INFO - Processing /opt/airflow/dags/dispatcher_pipeline_dag.py took 1.830 seconds
[2025-11-29T09:07:05.840+0000] {processor.py:157} INFO - Started process (PID=1901) to work on /opt/airflow/dags/dispatcher_pipeline_dag.py
[2025-11-29T09:07:05.842+0000] {processor.py:829} INFO - Processing file /opt/airflow/dags/dispatcher_pipeline_dag.py for tasks to queue
[2025-11-29T09:07:05.844+0000] {logging_mixin.py:151} INFO - [2025-11-29T09:07:05.843+0000] {dagbag.py:539} INFO - Filling up the DagBag from /opt/airflow/dags/dispatcher_pipeline_dag.py
[2025-11-29T09:07:07.457+0000] {processor.py:839} INFO - DAG(s) dict_keys(['distillationDAG']) retrieved from /opt/airflow/dags/dispatcher_pipeline_dag.py
[2025-11-29T09:07:07.527+0000] {logging_mixin.py:151} INFO - [2025-11-29T09:07:07.526+0000] {dag.py:2915} INFO - Sync 1 DAGs
[2025-11-29T09:07:07.573+0000] {logging_mixin.py:151} INFO - [2025-11-29T09:07:07.572+0000] {dag.py:3696} INFO - Setting next_dagrun for distillationDAG to 2025-11-29T09:06:22.572540+00:00, run_after=2025-11-29T09:07:07.572540+00:00
[2025-11-29T09:07:07.609+0000] {processor.py:179} INFO - Processing /opt/airflow/dags/dispatcher_pipeline_dag.py took 1.778 seconds
[2025-11-29T09:07:37.899+0000] {processor.py:157} INFO - Started process (PID=1918) to work on /opt/airflow/dags/dispatcher_pipeline_dag.py
[2025-11-29T09:07:37.901+0000] {processor.py:829} INFO - Processing file /opt/airflow/dags/dispatcher_pipeline_dag.py for tasks to queue
[2025-11-29T09:07:37.903+0000] {logging_mixin.py:151} INFO - [2025-11-29T09:07:37.902+0000] {dagbag.py:539} INFO - Filling up the DagBag from /opt/airflow/dags/dispatcher_pipeline_dag.py
[2025-11-29T09:07:39.613+0000] {processor.py:839} INFO - DAG(s) dict_keys(['distillationDAG']) retrieved from /opt/airflow/dags/dispatcher_pipeline_dag.py
[2025-11-29T09:07:39.689+0000] {logging_mixin.py:151} INFO - [2025-11-29T09:07:39.688+0000] {dag.py:2915} INFO - Sync 1 DAGs
[2025-11-29T09:07:39.740+0000] {logging_mixin.py:151} INFO - [2025-11-29T09:07:39.739+0000] {dag.py:3696} INFO - Setting next_dagrun for distillationDAG to 2025-11-29T09:06:54.739592+00:00, run_after=2025-11-29T09:07:39.739592+00:00
[2025-11-29T09:07:39.778+0000] {processor.py:179} INFO - Processing /opt/airflow/dags/dispatcher_pipeline_dag.py took 1.889 seconds
[2025-11-29T09:08:10.076+0000] {processor.py:157} INFO - Started process (PID=1931) to work on /opt/airflow/dags/dispatcher_pipeline_dag.py
[2025-11-29T09:08:10.079+0000] {processor.py:829} INFO - Processing file /opt/airflow/dags/dispatcher_pipeline_dag.py for tasks to queue
[2025-11-29T09:08:10.082+0000] {logging_mixin.py:151} INFO - [2025-11-29T09:08:10.081+0000] {dagbag.py:539} INFO - Filling up the DagBag from /opt/airflow/dags/dispatcher_pipeline_dag.py
[2025-11-29T09:08:11.995+0000] {processor.py:839} INFO - DAG(s) dict_keys(['distillationDAG']) retrieved from /opt/airflow/dags/dispatcher_pipeline_dag.py
[2025-11-29T09:08:12.078+0000] {logging_mixin.py:151} INFO - [2025-11-29T09:08:12.077+0000] {dag.py:2915} INFO - Sync 1 DAGs
[2025-11-29T09:08:12.130+0000] {logging_mixin.py:151} INFO - [2025-11-29T09:08:12.129+0000] {dag.py:3696} INFO - Setting next_dagrun for distillationDAG to 2025-11-29T09:07:27.129579+00:00, run_after=2025-11-29T09:08:12.129579+00:00
[2025-11-29T09:08:12.174+0000] {processor.py:179} INFO - Processing /opt/airflow/dags/dispatcher_pipeline_dag.py took 2.108 seconds
[2025-11-29T09:08:42.454+0000] {processor.py:157} INFO - Started process (PID=1948) to work on /opt/airflow/dags/dispatcher_pipeline_dag.py
[2025-11-29T09:08:42.456+0000] {processor.py:829} INFO - Processing file /opt/airflow/dags/dispatcher_pipeline_dag.py for tasks to queue
[2025-11-29T09:08:42.458+0000] {logging_mixin.py:151} INFO - [2025-11-29T09:08:42.457+0000] {dagbag.py:539} INFO - Filling up the DagBag from /opt/airflow/dags/dispatcher_pipeline_dag.py
[2025-11-29T09:08:44.188+0000] {processor.py:839} INFO - DAG(s) dict_keys(['distillationDAG']) retrieved from /opt/airflow/dags/dispatcher_pipeline_dag.py
[2025-11-29T09:08:44.266+0000] {logging_mixin.py:151} INFO - [2025-11-29T09:08:44.265+0000] {dag.py:2915} INFO - Sync 1 DAGs
[2025-11-29T09:08:44.321+0000] {logging_mixin.py:151} INFO - [2025-11-29T09:08:44.320+0000] {dag.py:3696} INFO - Setting next_dagrun for distillationDAG to 2025-11-29T09:07:59.320327+00:00, run_after=2025-11-29T09:08:44.320327+00:00
[2025-11-29T09:08:44.361+0000] {processor.py:179} INFO - Processing /opt/airflow/dags/dispatcher_pipeline_dag.py took 1.918 seconds
[2025-11-29T09:09:14.733+0000] {processor.py:157} INFO - Started process (PID=1965) to work on /opt/airflow/dags/dispatcher_pipeline_dag.py
[2025-11-29T09:09:14.736+0000] {processor.py:829} INFO - Processing file /opt/airflow/dags/dispatcher_pipeline_dag.py for tasks to queue
[2025-11-29T09:09:14.738+0000] {logging_mixin.py:151} INFO - [2025-11-29T09:09:14.737+0000] {dagbag.py:539} INFO - Filling up the DagBag from /opt/airflow/dags/dispatcher_pipeline_dag.py
[2025-11-29T09:09:16.474+0000] {processor.py:839} INFO - DAG(s) dict_keys(['distillationDAG']) retrieved from /opt/airflow/dags/dispatcher_pipeline_dag.py
[2025-11-29T09:09:16.549+0000] {logging_mixin.py:151} INFO - [2025-11-29T09:09:16.548+0000] {dag.py:2915} INFO - Sync 1 DAGs
[2025-11-29T09:09:16.603+0000] {logging_mixin.py:151} INFO - [2025-11-29T09:09:16.602+0000] {dag.py:3696} INFO - Setting next_dagrun for distillationDAG to 2025-11-29T09:08:31.602168+00:00, run_after=2025-11-29T09:09:16.602168+00:00
[2025-11-29T09:09:16.642+0000] {processor.py:179} INFO - Processing /opt/airflow/dags/dispatcher_pipeline_dag.py took 1.919 seconds
[2025-11-29T09:09:46.989+0000] {processor.py:157} INFO - Started process (PID=1982) to work on /opt/airflow/dags/dispatcher_pipeline_dag.py
[2025-11-29T09:09:46.992+0000] {processor.py:829} INFO - Processing file /opt/airflow/dags/dispatcher_pipeline_dag.py for tasks to queue
[2025-11-29T09:09:46.994+0000] {logging_mixin.py:151} INFO - [2025-11-29T09:09:46.993+0000] {dagbag.py:539} INFO - Filling up the DagBag from /opt/airflow/dags/dispatcher_pipeline_dag.py
[2025-11-29T09:09:48.708+0000] {processor.py:839} INFO - DAG(s) dict_keys(['distillationDAG']) retrieved from /opt/airflow/dags/dispatcher_pipeline_dag.py
[2025-11-29T09:09:48.785+0000] {logging_mixin.py:151} INFO - [2025-11-29T09:09:48.784+0000] {dag.py:2915} INFO - Sync 1 DAGs
[2025-11-29T09:09:48.836+0000] {logging_mixin.py:151} INFO - [2025-11-29T09:09:48.836+0000] {dag.py:3696} INFO - Setting next_dagrun for distillationDAG to 2025-11-29T09:09:03.835836+00:00, run_after=2025-11-29T09:09:48.835836+00:00
[2025-11-29T09:09:48.875+0000] {processor.py:179} INFO - Processing /opt/airflow/dags/dispatcher_pipeline_dag.py took 1.897 seconds
[2025-11-29T09:10:19.262+0000] {processor.py:157} INFO - Started process (PID=1999) to work on /opt/airflow/dags/dispatcher_pipeline_dag.py
[2025-11-29T09:10:19.264+0000] {processor.py:829} INFO - Processing file /opt/airflow/dags/dispatcher_pipeline_dag.py for tasks to queue
[2025-11-29T09:10:19.266+0000] {logging_mixin.py:151} INFO - [2025-11-29T09:10:19.265+0000] {dagbag.py:539} INFO - Filling up the DagBag from /opt/airflow/dags/dispatcher_pipeline_dag.py
[2025-11-29T09:10:21.000+0000] {processor.py:839} INFO - DAG(s) dict_keys(['distillationDAG']) retrieved from /opt/airflow/dags/dispatcher_pipeline_dag.py
[2025-11-29T09:10:21.077+0000] {logging_mixin.py:151} INFO - [2025-11-29T09:10:21.076+0000] {dag.py:2915} INFO - Sync 1 DAGs
[2025-11-29T09:10:21.128+0000] {logging_mixin.py:151} INFO - [2025-11-29T09:10:21.127+0000] {dag.py:3696} INFO - Setting next_dagrun for distillationDAG to 2025-11-29T09:09:36.127294+00:00, run_after=2025-11-29T09:10:21.127294+00:00
[2025-11-29T09:10:21.171+0000] {processor.py:179} INFO - Processing /opt/airflow/dags/dispatcher_pipeline_dag.py took 1.919 seconds
[2025-11-29T09:10:51.518+0000] {processor.py:157} INFO - Started process (PID=2016) to work on /opt/airflow/dags/dispatcher_pipeline_dag.py
[2025-11-29T09:10:51.521+0000] {processor.py:829} INFO - Processing file /opt/airflow/dags/dispatcher_pipeline_dag.py for tasks to queue
[2025-11-29T09:10:51.523+0000] {logging_mixin.py:151} INFO - [2025-11-29T09:10:51.522+0000] {dagbag.py:539} INFO - Filling up the DagBag from /opt/airflow/dags/dispatcher_pipeline_dag.py
[2025-11-29T09:10:53.240+0000] {processor.py:839} INFO - DAG(s) dict_keys(['distillationDAG']) retrieved from /opt/airflow/dags/dispatcher_pipeline_dag.py
[2025-11-29T09:10:53.315+0000] {logging_mixin.py:151} INFO - [2025-11-29T09:10:53.314+0000] {dag.py:2915} INFO - Sync 1 DAGs
[2025-11-29T09:10:53.369+0000] {logging_mixin.py:151} INFO - [2025-11-29T09:10:53.368+0000] {dag.py:3696} INFO - Setting next_dagrun for distillationDAG to 2025-11-29T09:10:08.368416+00:00, run_after=2025-11-29T09:10:53.368416+00:00
[2025-11-29T09:10:53.431+0000] {processor.py:179} INFO - Processing /opt/airflow/dags/dispatcher_pipeline_dag.py took 1.923 seconds
[2025-11-29T09:11:23.786+0000] {processor.py:157} INFO - Started process (PID=2033) to work on /opt/airflow/dags/dispatcher_pipeline_dag.py
[2025-11-29T09:11:23.788+0000] {processor.py:829} INFO - Processing file /opt/airflow/dags/dispatcher_pipeline_dag.py for tasks to queue
[2025-11-29T09:11:23.790+0000] {logging_mixin.py:151} INFO - [2025-11-29T09:11:23.789+0000] {dagbag.py:539} INFO - Filling up the DagBag from /opt/airflow/dags/dispatcher_pipeline_dag.py
[2025-11-29T09:11:25.506+0000] {processor.py:839} INFO - DAG(s) dict_keys(['distillationDAG']) retrieved from /opt/airflow/dags/dispatcher_pipeline_dag.py
[2025-11-29T09:11:25.582+0000] {logging_mixin.py:151} INFO - [2025-11-29T09:11:25.581+0000] {dag.py:2915} INFO - Sync 1 DAGs
[2025-11-29T09:11:25.635+0000] {logging_mixin.py:151} INFO - [2025-11-29T09:11:25.635+0000] {dag.py:3696} INFO - Setting next_dagrun for distillationDAG to 2025-11-29T09:10:40.634754+00:00, run_after=2025-11-29T09:11:25.634754+00:00
[2025-11-29T09:11:25.675+0000] {processor.py:179} INFO - Processing /opt/airflow/dags/dispatcher_pipeline_dag.py took 1.900 seconds
[2025-11-29T09:11:56.047+0000] {processor.py:157} INFO - Started process (PID=2050) to work on /opt/airflow/dags/dispatcher_pipeline_dag.py
[2025-11-29T09:11:56.051+0000] {processor.py:829} INFO - Processing file /opt/airflow/dags/dispatcher_pipeline_dag.py for tasks to queue
[2025-11-29T09:11:56.053+0000] {logging_mixin.py:151} INFO - [2025-11-29T09:11:56.052+0000] {dagbag.py:539} INFO - Filling up the DagBag from /opt/airflow/dags/dispatcher_pipeline_dag.py
[2025-11-29T09:11:57.781+0000] {processor.py:839} INFO - DAG(s) dict_keys(['distillationDAG']) retrieved from /opt/airflow/dags/dispatcher_pipeline_dag.py
[2025-11-29T09:11:57.859+0000] {logging_mixin.py:151} INFO - [2025-11-29T09:11:57.858+0000] {dag.py:2915} INFO - Sync 1 DAGs
[2025-11-29T09:11:57.910+0000] {logging_mixin.py:151} INFO - [2025-11-29T09:11:57.910+0000] {dag.py:3696} INFO - Setting next_dagrun for distillationDAG to 2025-11-29T09:11:12.909990+00:00, run_after=2025-11-29T09:11:57.909990+00:00
[2025-11-29T09:11:57.950+0000] {processor.py:179} INFO - Processing /opt/airflow/dags/dispatcher_pipeline_dag.py took 1.913 seconds
[2025-11-29T09:12:28.308+0000] {processor.py:157} INFO - Started process (PID=2067) to work on /opt/airflow/dags/dispatcher_pipeline_dag.py
[2025-11-29T09:12:28.310+0000] {processor.py:829} INFO - Processing file /opt/airflow/dags/dispatcher_pipeline_dag.py for tasks to queue
[2025-11-29T09:12:28.312+0000] {logging_mixin.py:151} INFO - [2025-11-29T09:12:28.311+0000] {dagbag.py:539} INFO - Filling up the DagBag from /opt/airflow/dags/dispatcher_pipeline_dag.py
[2025-11-29T09:12:29.991+0000] {processor.py:839} INFO - DAG(s) dict_keys(['distillationDAG']) retrieved from /opt/airflow/dags/dispatcher_pipeline_dag.py
[2025-11-29T09:12:30.063+0000] {logging_mixin.py:151} INFO - [2025-11-29T09:12:30.062+0000] {dag.py:2915} INFO - Sync 1 DAGs
[2025-11-29T09:12:30.114+0000] {logging_mixin.py:151} INFO - [2025-11-29T09:12:30.114+0000] {dag.py:3696} INFO - Setting next_dagrun for distillationDAG to 2025-11-29T09:11:45.113658+00:00, run_after=2025-11-29T09:12:30.113658+00:00
[2025-11-29T09:12:30.157+0000] {processor.py:179} INFO - Processing /opt/airflow/dags/dispatcher_pipeline_dag.py took 1.858 seconds
[2025-11-29T09:13:00.555+0000] {processor.py:157} INFO - Started process (PID=2084) to work on /opt/airflow/dags/dispatcher_pipeline_dag.py
[2025-11-29T09:13:00.559+0000] {processor.py:829} INFO - Processing file /opt/airflow/dags/dispatcher_pipeline_dag.py for tasks to queue
[2025-11-29T09:13:00.561+0000] {logging_mixin.py:151} INFO - [2025-11-29T09:13:00.560+0000] {dagbag.py:539} INFO - Filling up the DagBag from /opt/airflow/dags/dispatcher_pipeline_dag.py
[2025-11-29T09:13:02.295+0000] {processor.py:839} INFO - DAG(s) dict_keys(['distillationDAG']) retrieved from /opt/airflow/dags/dispatcher_pipeline_dag.py
[2025-11-29T09:13:02.371+0000] {logging_mixin.py:151} INFO - [2025-11-29T09:13:02.370+0000] {dag.py:2915} INFO - Sync 1 DAGs
[2025-11-29T09:13:02.424+0000] {logging_mixin.py:151} INFO - [2025-11-29T09:13:02.424+0000] {dag.py:3696} INFO - Setting next_dagrun for distillationDAG to 2025-11-29T09:12:17.423680+00:00, run_after=2025-11-29T09:13:02.423680+00:00
[2025-11-29T09:13:02.463+0000] {processor.py:179} INFO - Processing /opt/airflow/dags/dispatcher_pipeline_dag.py took 1.919 seconds
[2025-11-29T09:13:32.815+0000] {processor.py:157} INFO - Started process (PID=2101) to work on /opt/airflow/dags/dispatcher_pipeline_dag.py
[2025-11-29T09:13:32.818+0000] {processor.py:829} INFO - Processing file /opt/airflow/dags/dispatcher_pipeline_dag.py for tasks to queue
[2025-11-29T09:13:32.820+0000] {logging_mixin.py:151} INFO - [2025-11-29T09:13:32.819+0000] {dagbag.py:539} INFO - Filling up the DagBag from /opt/airflow/dags/dispatcher_pipeline_dag.py
[2025-11-29T09:13:34.545+0000] {processor.py:839} INFO - DAG(s) dict_keys(['distillationDAG']) retrieved from /opt/airflow/dags/dispatcher_pipeline_dag.py
[2025-11-29T09:13:34.621+0000] {logging_mixin.py:151} INFO - [2025-11-29T09:13:34.620+0000] {dag.py:2915} INFO - Sync 1 DAGs
[2025-11-29T09:13:34.674+0000] {logging_mixin.py:151} INFO - [2025-11-29T09:13:34.673+0000] {dag.py:3696} INFO - Setting next_dagrun for distillationDAG to 2025-11-29T09:12:49.673381+00:00, run_after=2025-11-29T09:13:34.673381+00:00
[2025-11-29T09:13:34.714+0000] {processor.py:179} INFO - Processing /opt/airflow/dags/dispatcher_pipeline_dag.py took 1.910 seconds
[2025-11-29T09:14:05.086+0000] {processor.py:157} INFO - Started process (PID=2118) to work on /opt/airflow/dags/dispatcher_pipeline_dag.py
[2025-11-29T09:14:05.089+0000] {processor.py:829} INFO - Processing file /opt/airflow/dags/dispatcher_pipeline_dag.py for tasks to queue
[2025-11-29T09:14:05.092+0000] {logging_mixin.py:151} INFO - [2025-11-29T09:14:05.091+0000] {dagbag.py:539} INFO - Filling up the DagBag from /opt/airflow/dags/dispatcher_pipeline_dag.py
[2025-11-29T09:14:06.830+0000] {processor.py:839} INFO - DAG(s) dict_keys(['distillationDAG']) retrieved from /opt/airflow/dags/dispatcher_pipeline_dag.py
[2025-11-29T09:14:06.908+0000] {logging_mixin.py:151} INFO - [2025-11-29T09:14:06.907+0000] {dag.py:2915} INFO - Sync 1 DAGs
[2025-11-29T09:14:06.959+0000] {logging_mixin.py:151} INFO - [2025-11-29T09:14:06.959+0000] {dag.py:3696} INFO - Setting next_dagrun for distillationDAG to 2025-11-29T09:13:21.958595+00:00, run_after=2025-11-29T09:14:06.958595+00:00
[2025-11-29T09:14:06.999+0000] {processor.py:179} INFO - Processing /opt/airflow/dags/dispatcher_pipeline_dag.py took 1.923 seconds
[2025-11-29T09:14:37.361+0000] {processor.py:157} INFO - Started process (PID=2135) to work on /opt/airflow/dags/dispatcher_pipeline_dag.py
[2025-11-29T09:14:37.364+0000] {processor.py:829} INFO - Processing file /opt/airflow/dags/dispatcher_pipeline_dag.py for tasks to queue
[2025-11-29T09:14:37.366+0000] {logging_mixin.py:151} INFO - [2025-11-29T09:14:37.365+0000] {dagbag.py:539} INFO - Filling up the DagBag from /opt/airflow/dags/dispatcher_pipeline_dag.py
[2025-11-29T09:14:39.092+0000] {processor.py:839} INFO - DAG(s) dict_keys(['distillationDAG']) retrieved from /opt/airflow/dags/dispatcher_pipeline_dag.py
[2025-11-29T09:14:39.170+0000] {logging_mixin.py:151} INFO - [2025-11-29T09:14:39.169+0000] {dag.py:2915} INFO - Sync 1 DAGs
[2025-11-29T09:14:39.221+0000] {logging_mixin.py:151} INFO - [2025-11-29T09:14:39.220+0000] {dag.py:3696} INFO - Setting next_dagrun for distillationDAG to 2025-11-29T09:13:54.220424+00:00, run_after=2025-11-29T09:14:39.220424+00:00
[2025-11-29T09:14:39.264+0000] {processor.py:179} INFO - Processing /opt/airflow/dags/dispatcher_pipeline_dag.py took 1.914 seconds
[2025-11-29T09:15:09.589+0000] {processor.py:157} INFO - Started process (PID=2152) to work on /opt/airflow/dags/dispatcher_pipeline_dag.py
[2025-11-29T09:15:09.592+0000] {processor.py:829} INFO - Processing file /opt/airflow/dags/dispatcher_pipeline_dag.py for tasks to queue
[2025-11-29T09:15:09.594+0000] {logging_mixin.py:151} INFO - [2025-11-29T09:15:09.593+0000] {dagbag.py:539} INFO - Filling up the DagBag from /opt/airflow/dags/dispatcher_pipeline_dag.py
[2025-11-29T09:15:11.340+0000] {processor.py:839} INFO - DAG(s) dict_keys(['distillationDAG']) retrieved from /opt/airflow/dags/dispatcher_pipeline_dag.py
[2025-11-29T09:15:11.415+0000] {logging_mixin.py:151} INFO - [2025-11-29T09:15:11.414+0000] {dag.py:2915} INFO - Sync 1 DAGs
[2025-11-29T09:15:11.469+0000] {logging_mixin.py:151} INFO - [2025-11-29T09:15:11.469+0000] {dag.py:3696} INFO - Setting next_dagrun for distillationDAG to 2025-11-29T09:14:26.468824+00:00, run_after=2025-11-29T09:15:11.468824+00:00
[2025-11-29T09:15:11.509+0000] {processor.py:179} INFO - Processing /opt/airflow/dags/dispatcher_pipeline_dag.py took 1.931 seconds
[2025-11-29T09:15:41.855+0000] {processor.py:157} INFO - Started process (PID=2169) to work on /opt/airflow/dags/dispatcher_pipeline_dag.py
[2025-11-29T09:15:41.857+0000] {processor.py:829} INFO - Processing file /opt/airflow/dags/dispatcher_pipeline_dag.py for tasks to queue
[2025-11-29T09:15:41.859+0000] {logging_mixin.py:151} INFO - [2025-11-29T09:15:41.858+0000] {dagbag.py:539} INFO - Filling up the DagBag from /opt/airflow/dags/dispatcher_pipeline_dag.py
[2025-11-29T09:15:43.599+0000] {processor.py:839} INFO - DAG(s) dict_keys(['distillationDAG']) retrieved from /opt/airflow/dags/dispatcher_pipeline_dag.py
[2025-11-29T09:15:43.674+0000] {logging_mixin.py:151} INFO - [2025-11-29T09:15:43.673+0000] {dag.py:2915} INFO - Sync 1 DAGs
[2025-11-29T09:15:43.727+0000] {logging_mixin.py:151} INFO - [2025-11-29T09:15:43.727+0000] {dag.py:3696} INFO - Setting next_dagrun for distillationDAG to 2025-11-29T09:14:58.727067+00:00, run_after=2025-11-29T09:15:43.727067+00:00
[2025-11-29T09:15:43.767+0000] {processor.py:179} INFO - Processing /opt/airflow/dags/dispatcher_pipeline_dag.py took 1.923 seconds
[2025-11-29T09:16:14.092+0000] {processor.py:157} INFO - Started process (PID=2186) to work on /opt/airflow/dags/dispatcher_pipeline_dag.py
[2025-11-29T09:16:14.095+0000] {processor.py:829} INFO - Processing file /opt/airflow/dags/dispatcher_pipeline_dag.py for tasks to queue
[2025-11-29T09:16:14.098+0000] {logging_mixin.py:151} INFO - [2025-11-29T09:16:14.096+0000] {dagbag.py:539} INFO - Filling up the DagBag from /opt/airflow/dags/dispatcher_pipeline_dag.py
[2025-11-29T09:16:15.829+0000] {processor.py:839} INFO - DAG(s) dict_keys(['distillationDAG']) retrieved from /opt/airflow/dags/dispatcher_pipeline_dag.py
[2025-11-29T09:16:15.906+0000] {logging_mixin.py:151} INFO - [2025-11-29T09:16:15.905+0000] {dag.py:2915} INFO - Sync 1 DAGs
[2025-11-29T09:16:15.957+0000] {logging_mixin.py:151} INFO - [2025-11-29T09:16:15.957+0000] {dag.py:3696} INFO - Setting next_dagrun for distillationDAG to 2025-11-29T09:15:30.956648+00:00, run_after=2025-11-29T09:16:15.956648+00:00
[2025-11-29T09:16:15.997+0000] {processor.py:179} INFO - Processing /opt/airflow/dags/dispatcher_pipeline_dag.py took 1.916 seconds
[2025-11-29T09:16:46.310+0000] {processor.py:157} INFO - Started process (PID=2203) to work on /opt/airflow/dags/dispatcher_pipeline_dag.py
[2025-11-29T09:16:46.313+0000] {processor.py:829} INFO - Processing file /opt/airflow/dags/dispatcher_pipeline_dag.py for tasks to queue
[2025-11-29T09:16:46.315+0000] {logging_mixin.py:151} INFO - [2025-11-29T09:16:46.314+0000] {dagbag.py:539} INFO - Filling up the DagBag from /opt/airflow/dags/dispatcher_pipeline_dag.py
[2025-11-29T09:16:48.065+0000] {processor.py:839} INFO - DAG(s) dict_keys(['distillationDAG']) retrieved from /opt/airflow/dags/dispatcher_pipeline_dag.py
[2025-11-29T09:16:48.142+0000] {logging_mixin.py:151} INFO - [2025-11-29T09:16:48.141+0000] {dag.py:2915} INFO - Sync 1 DAGs
[2025-11-29T09:16:48.193+0000] {logging_mixin.py:151} INFO - [2025-11-29T09:16:48.193+0000] {dag.py:3696} INFO - Setting next_dagrun for distillationDAG to 2025-11-29T09:16:03.192859+00:00, run_after=2025-11-29T09:16:48.192859+00:00
[2025-11-29T09:16:48.233+0000] {processor.py:179} INFO - Processing /opt/airflow/dags/dispatcher_pipeline_dag.py took 1.934 seconds
[2025-11-29T09:17:18.557+0000] {processor.py:157} INFO - Started process (PID=2220) to work on /opt/airflow/dags/dispatcher_pipeline_dag.py
[2025-11-29T09:17:18.561+0000] {processor.py:829} INFO - Processing file /opt/airflow/dags/dispatcher_pipeline_dag.py for tasks to queue
[2025-11-29T09:17:18.563+0000] {logging_mixin.py:151} INFO - [2025-11-29T09:17:18.562+0000] {dagbag.py:539} INFO - Filling up the DagBag from /opt/airflow/dags/dispatcher_pipeline_dag.py
[2025-11-29T09:17:20.299+0000] {processor.py:839} INFO - DAG(s) dict_keys(['distillationDAG']) retrieved from /opt/airflow/dags/dispatcher_pipeline_dag.py
[2025-11-29T09:17:20.374+0000] {logging_mixin.py:151} INFO - [2025-11-29T09:17:20.373+0000] {dag.py:2915} INFO - Sync 1 DAGs
[2025-11-29T09:17:20.428+0000] {logging_mixin.py:151} INFO - [2025-11-29T09:17:20.428+0000] {dag.py:3696} INFO - Setting next_dagrun for distillationDAG to 2025-11-29T09:16:35.427795+00:00, run_after=2025-11-29T09:17:20.427795+00:00
[2025-11-29T09:17:20.468+0000] {processor.py:179} INFO - Processing /opt/airflow/dags/dispatcher_pipeline_dag.py took 1.922 seconds
[2025-11-29T09:17:50.772+0000] {processor.py:157} INFO - Started process (PID=2237) to work on /opt/airflow/dags/dispatcher_pipeline_dag.py
[2025-11-29T09:17:50.775+0000] {processor.py:829} INFO - Processing file /opt/airflow/dags/dispatcher_pipeline_dag.py for tasks to queue
[2025-11-29T09:17:50.777+0000] {logging_mixin.py:151} INFO - [2025-11-29T09:17:50.776+0000] {dagbag.py:539} INFO - Filling up the DagBag from /opt/airflow/dags/dispatcher_pipeline_dag.py
[2025-11-29T09:17:52.524+0000] {processor.py:839} INFO - DAG(s) dict_keys(['distillationDAG']) retrieved from /opt/airflow/dags/dispatcher_pipeline_dag.py
[2025-11-29T09:17:52.599+0000] {logging_mixin.py:151} INFO - [2025-11-29T09:17:52.598+0000] {dag.py:2915} INFO - Sync 1 DAGs
[2025-11-29T09:17:52.653+0000] {logging_mixin.py:151} INFO - [2025-11-29T09:17:52.653+0000] {dag.py:3696} INFO - Setting next_dagrun for distillationDAG to 2025-11-29T09:17:07.652707+00:00, run_after=2025-11-29T09:17:52.652707+00:00
[2025-11-29T09:17:52.692+0000] {processor.py:179} INFO - Processing /opt/airflow/dags/dispatcher_pipeline_dag.py took 1.931 seconds
[2025-11-29T09:18:23.022+0000] {processor.py:157} INFO - Started process (PID=2254) to work on /opt/airflow/dags/dispatcher_pipeline_dag.py
[2025-11-29T09:18:23.024+0000] {processor.py:829} INFO - Processing file /opt/airflow/dags/dispatcher_pipeline_dag.py for tasks to queue
[2025-11-29T09:18:23.026+0000] {logging_mixin.py:151} INFO - [2025-11-29T09:18:23.025+0000] {dagbag.py:539} INFO - Filling up the DagBag from /opt/airflow/dags/dispatcher_pipeline_dag.py
[2025-11-29T09:18:24.757+0000] {processor.py:839} INFO - DAG(s) dict_keys(['distillationDAG']) retrieved from /opt/airflow/dags/dispatcher_pipeline_dag.py
[2025-11-29T09:18:24.835+0000] {logging_mixin.py:151} INFO - [2025-11-29T09:18:24.834+0000] {dag.py:2915} INFO - Sync 1 DAGs
[2025-11-29T09:18:24.887+0000] {logging_mixin.py:151} INFO - [2025-11-29T09:18:24.886+0000] {dag.py:3696} INFO - Setting next_dagrun for distillationDAG to 2025-11-29T09:17:39.886529+00:00, run_after=2025-11-29T09:18:24.886529+00:00
[2025-11-29T09:18:24.926+0000] {processor.py:179} INFO - Processing /opt/airflow/dags/dispatcher_pipeline_dag.py took 1.916 seconds
[2025-11-29T09:18:55.285+0000] {processor.py:157} INFO - Started process (PID=2271) to work on /opt/airflow/dags/dispatcher_pipeline_dag.py
[2025-11-29T09:18:55.287+0000] {processor.py:829} INFO - Processing file /opt/airflow/dags/dispatcher_pipeline_dag.py for tasks to queue
[2025-11-29T09:18:55.289+0000] {logging_mixin.py:151} INFO - [2025-11-29T09:18:55.288+0000] {dagbag.py:539} INFO - Filling up the DagBag from /opt/airflow/dags/dispatcher_pipeline_dag.py
[2025-11-29T09:18:57.040+0000] {processor.py:839} INFO - DAG(s) dict_keys(['distillationDAG']) retrieved from /opt/airflow/dags/dispatcher_pipeline_dag.py
[2025-11-29T09:18:57.116+0000] {logging_mixin.py:151} INFO - [2025-11-29T09:18:57.115+0000] {dag.py:2915} INFO - Sync 1 DAGs
[2025-11-29T09:18:57.167+0000] {logging_mixin.py:151} INFO - [2025-11-29T09:18:57.167+0000] {dag.py:3696} INFO - Setting next_dagrun for distillationDAG to 2025-11-29T09:18:12.166956+00:00, run_after=2025-11-29T09:18:57.166956+00:00
[2025-11-29T09:18:57.207+0000] {processor.py:179} INFO - Processing /opt/airflow/dags/dispatcher_pipeline_dag.py took 1.933 seconds
[2025-11-29T09:19:27.592+0000] {processor.py:157} INFO - Started process (PID=2291) to work on /opt/airflow/dags/dispatcher_pipeline_dag.py
[2025-11-29T09:19:27.594+0000] {processor.py:829} INFO - Processing file /opt/airflow/dags/dispatcher_pipeline_dag.py for tasks to queue
[2025-11-29T09:19:27.596+0000] {logging_mixin.py:151} INFO - [2025-11-29T09:19:27.595+0000] {dagbag.py:539} INFO - Filling up the DagBag from /opt/airflow/dags/dispatcher_pipeline_dag.py
[2025-11-29T09:19:29.267+0000] {processor.py:839} INFO - DAG(s) dict_keys(['distillationDAG']) retrieved from /opt/airflow/dags/dispatcher_pipeline_dag.py
[2025-11-29T09:19:29.342+0000] {logging_mixin.py:151} INFO - [2025-11-29T09:19:29.341+0000] {dag.py:2915} INFO - Sync 1 DAGs
[2025-11-29T09:19:29.396+0000] {logging_mixin.py:151} INFO - [2025-11-29T09:19:29.396+0000] {dag.py:3696} INFO - Setting next_dagrun for distillationDAG to 2025-11-29T09:18:44.395927+00:00, run_after=2025-11-29T09:19:29.395927+00:00
[2025-11-29T09:19:29.436+0000] {processor.py:179} INFO - Processing /opt/airflow/dags/dispatcher_pipeline_dag.py took 1.854 seconds
[2025-11-29T09:19:59.864+0000] {processor.py:157} INFO - Started process (PID=2310) to work on /opt/airflow/dags/dispatcher_pipeline_dag.py
[2025-11-29T09:19:59.866+0000] {processor.py:829} INFO - Processing file /opt/airflow/dags/dispatcher_pipeline_dag.py for tasks to queue
[2025-11-29T09:19:59.868+0000] {logging_mixin.py:151} INFO - [2025-11-29T09:19:59.867+0000] {dagbag.py:539} INFO - Filling up the DagBag from /opt/airflow/dags/dispatcher_pipeline_dag.py
[2025-11-29T09:20:01.573+0000] {processor.py:839} INFO - DAG(s) dict_keys(['distillationDAG']) retrieved from /opt/airflow/dags/dispatcher_pipeline_dag.py
[2025-11-29T09:20:01.648+0000] {logging_mixin.py:151} INFO - [2025-11-29T09:20:01.647+0000] {dag.py:2915} INFO - Sync 1 DAGs
[2025-11-29T09:20:01.701+0000] {logging_mixin.py:151} INFO - [2025-11-29T09:20:01.701+0000] {dag.py:3696} INFO - Setting next_dagrun for distillationDAG to 2025-11-29T09:19:16.700964+00:00, run_after=2025-11-29T09:20:01.700964+00:00
[2025-11-29T09:20:01.740+0000] {processor.py:179} INFO - Processing /opt/airflow/dags/dispatcher_pipeline_dag.py took 1.886 seconds
[2025-11-29T09:20:32.149+0000] {processor.py:157} INFO - Started process (PID=2327) to work on /opt/airflow/dags/dispatcher_pipeline_dag.py
[2025-11-29T09:20:32.151+0000] {processor.py:829} INFO - Processing file /opt/airflow/dags/dispatcher_pipeline_dag.py for tasks to queue
[2025-11-29T09:20:32.153+0000] {logging_mixin.py:151} INFO - [2025-11-29T09:20:32.152+0000] {dagbag.py:539} INFO - Filling up the DagBag from /opt/airflow/dags/dispatcher_pipeline_dag.py
[2025-11-29T09:20:33.873+0000] {processor.py:839} INFO - DAG(s) dict_keys(['distillationDAG']) retrieved from /opt/airflow/dags/dispatcher_pipeline_dag.py
[2025-11-29T09:20:33.951+0000] {logging_mixin.py:151} INFO - [2025-11-29T09:20:33.950+0000] {dag.py:2915} INFO - Sync 1 DAGs
[2025-11-29T09:20:34.002+0000] {logging_mixin.py:151} INFO - [2025-11-29T09:20:34.002+0000] {dag.py:3696} INFO - Setting next_dagrun for distillationDAG to 2025-11-29T09:19:49.001754+00:00, run_after=2025-11-29T09:20:34.001754+00:00
[2025-11-29T09:20:34.042+0000] {processor.py:179} INFO - Processing /opt/airflow/dags/dispatcher_pipeline_dag.py took 1.904 seconds
[2025-11-29T09:21:04.417+0000] {processor.py:157} INFO - Started process (PID=2344) to work on /opt/airflow/dags/dispatcher_pipeline_dag.py
[2025-11-29T09:21:04.420+0000] {processor.py:829} INFO - Processing file /opt/airflow/dags/dispatcher_pipeline_dag.py for tasks to queue
[2025-11-29T09:21:04.422+0000] {logging_mixin.py:151} INFO - [2025-11-29T09:21:04.421+0000] {dagbag.py:539} INFO - Filling up the DagBag from /opt/airflow/dags/dispatcher_pipeline_dag.py
[2025-11-29T09:21:06.126+0000] {processor.py:839} INFO - DAG(s) dict_keys(['distillationDAG']) retrieved from /opt/airflow/dags/dispatcher_pipeline_dag.py
[2025-11-29T09:21:06.201+0000] {logging_mixin.py:151} INFO - [2025-11-29T09:21:06.200+0000] {dag.py:2915} INFO - Sync 1 DAGs
[2025-11-29T09:21:06.251+0000] {logging_mixin.py:151} INFO - [2025-11-29T09:21:06.251+0000] {dag.py:3696} INFO - Setting next_dagrun for distillationDAG to 2025-11-29T09:20:21.250911+00:00, run_after=2025-11-29T09:21:06.250911+00:00
[2025-11-29T09:21:06.291+0000] {processor.py:179} INFO - Processing /opt/airflow/dags/dispatcher_pipeline_dag.py took 1.884 seconds
[2025-11-29T09:21:36.663+0000] {processor.py:157} INFO - Started process (PID=2361) to work on /opt/airflow/dags/dispatcher_pipeline_dag.py
[2025-11-29T09:21:36.665+0000] {processor.py:829} INFO - Processing file /opt/airflow/dags/dispatcher_pipeline_dag.py for tasks to queue
[2025-11-29T09:21:36.667+0000] {logging_mixin.py:151} INFO - [2025-11-29T09:21:36.666+0000] {dagbag.py:539} INFO - Filling up the DagBag from /opt/airflow/dags/dispatcher_pipeline_dag.py
[2025-11-29T09:21:38.390+0000] {processor.py:839} INFO - DAG(s) dict_keys(['distillationDAG']) retrieved from /opt/airflow/dags/dispatcher_pipeline_dag.py
[2025-11-29T09:21:38.467+0000] {logging_mixin.py:151} INFO - [2025-11-29T09:21:38.466+0000] {dag.py:2915} INFO - Sync 1 DAGs
[2025-11-29T09:21:38.521+0000] {logging_mixin.py:151} INFO - [2025-11-29T09:21:38.521+0000] {dag.py:3696} INFO - Setting next_dagrun for distillationDAG to 2025-11-29T09:20:53.520681+00:00, run_after=2025-11-29T09:21:38.520681+00:00
[2025-11-29T09:21:38.559+0000] {processor.py:179} INFO - Processing /opt/airflow/dags/dispatcher_pipeline_dag.py took 1.907 seconds
[2025-11-29T09:22:08.897+0000] {processor.py:157} INFO - Started process (PID=2378) to work on /opt/airflow/dags/dispatcher_pipeline_dag.py
[2025-11-29T09:22:08.900+0000] {processor.py:829} INFO - Processing file /opt/airflow/dags/dispatcher_pipeline_dag.py for tasks to queue
[2025-11-29T09:22:08.903+0000] {logging_mixin.py:151} INFO - [2025-11-29T09:22:08.901+0000] {dagbag.py:539} INFO - Filling up the DagBag from /opt/airflow/dags/dispatcher_pipeline_dag.py
[2025-11-29T09:22:10.615+0000] {processor.py:839} INFO - DAG(s) dict_keys(['distillationDAG']) retrieved from /opt/airflow/dags/dispatcher_pipeline_dag.py
[2025-11-29T09:22:10.690+0000] {logging_mixin.py:151} INFO - [2025-11-29T09:22:10.689+0000] {dag.py:2915} INFO - Sync 1 DAGs
[2025-11-29T09:22:10.744+0000] {logging_mixin.py:151} INFO - [2025-11-29T09:22:10.743+0000] {dag.py:3696} INFO - Setting next_dagrun for distillationDAG to 2025-11-29T09:21:25.743400+00:00, run_after=2025-11-29T09:22:10.743400+00:00
[2025-11-29T09:22:10.783+0000] {processor.py:179} INFO - Processing /opt/airflow/dags/dispatcher_pipeline_dag.py took 1.897 seconds
[2025-11-29T09:22:41.164+0000] {processor.py:157} INFO - Started process (PID=2395) to work on /opt/airflow/dags/dispatcher_pipeline_dag.py
[2025-11-29T09:22:41.167+0000] {processor.py:829} INFO - Processing file /opt/airflow/dags/dispatcher_pipeline_dag.py for tasks to queue
[2025-11-29T09:22:41.170+0000] {logging_mixin.py:151} INFO - [2025-11-29T09:22:41.168+0000] {dagbag.py:539} INFO - Filling up the DagBag from /opt/airflow/dags/dispatcher_pipeline_dag.py
[2025-11-29T09:22:42.879+0000] {processor.py:839} INFO - DAG(s) dict_keys(['distillationDAG']) retrieved from /opt/airflow/dags/dispatcher_pipeline_dag.py
[2025-11-29T09:22:42.957+0000] {logging_mixin.py:151} INFO - [2025-11-29T09:22:42.956+0000] {dag.py:2915} INFO - Sync 1 DAGs
[2025-11-29T09:22:43.008+0000] {logging_mixin.py:151} INFO - [2025-11-29T09:22:43.008+0000] {dag.py:3696} INFO - Setting next_dagrun for distillationDAG to 2025-11-29T09:21:58.007902+00:00, run_after=2025-11-29T09:22:43.007902+00:00
[2025-11-29T09:22:43.048+0000] {processor.py:179} INFO - Processing /opt/airflow/dags/dispatcher_pipeline_dag.py took 1.894 seconds
[2025-11-29T09:23:13.416+0000] {processor.py:157} INFO - Started process (PID=2412) to work on /opt/airflow/dags/dispatcher_pipeline_dag.py
[2025-11-29T09:23:13.418+0000] {processor.py:829} INFO - Processing file /opt/airflow/dags/dispatcher_pipeline_dag.py for tasks to queue
[2025-11-29T09:23:13.420+0000] {logging_mixin.py:151} INFO - [2025-11-29T09:23:13.419+0000] {dagbag.py:539} INFO - Filling up the DagBag from /opt/airflow/dags/dispatcher_pipeline_dag.py
[2025-11-29T09:23:15.135+0000] {processor.py:839} INFO - DAG(s) dict_keys(['distillationDAG']) retrieved from /opt/airflow/dags/dispatcher_pipeline_dag.py
[2025-11-29T09:23:15.210+0000] {logging_mixin.py:151} INFO - [2025-11-29T09:23:15.209+0000] {dag.py:2915} INFO - Sync 1 DAGs
[2025-11-29T09:23:15.261+0000] {logging_mixin.py:151} INFO - [2025-11-29T09:23:15.260+0000] {dag.py:3696} INFO - Setting next_dagrun for distillationDAG to 2025-11-29T09:22:30.260157+00:00, run_after=2025-11-29T09:23:15.260157+00:00
[2025-11-29T09:23:15.300+0000] {processor.py:179} INFO - Processing /opt/airflow/dags/dispatcher_pipeline_dag.py took 1.895 seconds
[2025-11-29T09:23:45.647+0000] {processor.py:157} INFO - Started process (PID=2429) to work on /opt/airflow/dags/dispatcher_pipeline_dag.py
[2025-11-29T09:23:45.649+0000] {processor.py:829} INFO - Processing file /opt/airflow/dags/dispatcher_pipeline_dag.py for tasks to queue
[2025-11-29T09:23:45.651+0000] {logging_mixin.py:151} INFO - [2025-11-29T09:23:45.650+0000] {dagbag.py:539} INFO - Filling up the DagBag from /opt/airflow/dags/dispatcher_pipeline_dag.py
[2025-11-29T09:23:47.338+0000] {processor.py:839} INFO - DAG(s) dict_keys(['distillationDAG']) retrieved from /opt/airflow/dags/dispatcher_pipeline_dag.py
[2025-11-29T09:23:47.413+0000] {logging_mixin.py:151} INFO - [2025-11-29T09:23:47.412+0000] {dag.py:2915} INFO - Sync 1 DAGs
[2025-11-29T09:23:47.467+0000] {logging_mixin.py:151} INFO - [2025-11-29T09:23:47.467+0000] {dag.py:3696} INFO - Setting next_dagrun for distillationDAG to 2025-11-29T09:23:02.466594+00:00, run_after=2025-11-29T09:23:47.466594+00:00
[2025-11-29T09:23:47.506+0000] {processor.py:179} INFO - Processing /opt/airflow/dags/dispatcher_pipeline_dag.py took 1.869 seconds
[2025-11-29T09:24:17.843+0000] {processor.py:157} INFO - Started process (PID=2446) to work on /opt/airflow/dags/dispatcher_pipeline_dag.py
[2025-11-29T09:24:17.845+0000] {processor.py:829} INFO - Processing file /opt/airflow/dags/dispatcher_pipeline_dag.py for tasks to queue
[2025-11-29T09:24:17.847+0000] {logging_mixin.py:151} INFO - [2025-11-29T09:24:17.846+0000] {dagbag.py:539} INFO - Filling up the DagBag from /opt/airflow/dags/dispatcher_pipeline_dag.py
[2025-11-29T09:24:19.560+0000] {processor.py:839} INFO - DAG(s) dict_keys(['distillationDAG']) retrieved from /opt/airflow/dags/dispatcher_pipeline_dag.py
[2025-11-29T09:24:19.636+0000] {logging_mixin.py:151} INFO - [2025-11-29T09:24:19.635+0000] {dag.py:2915} INFO - Sync 1 DAGs
[2025-11-29T09:24:19.690+0000] {logging_mixin.py:151} INFO - [2025-11-29T09:24:19.690+0000] {dag.py:3696} INFO - Setting next_dagrun for distillationDAG to 2025-11-29T09:23:34.689630+00:00, run_after=2025-11-29T09:24:19.689630+00:00
[2025-11-29T09:24:19.730+0000] {processor.py:179} INFO - Processing /opt/airflow/dags/dispatcher_pipeline_dag.py took 1.897 seconds
[2025-11-29T09:24:50.079+0000] {processor.py:157} INFO - Started process (PID=2463) to work on /opt/airflow/dags/dispatcher_pipeline_dag.py
[2025-11-29T09:24:50.082+0000] {processor.py:829} INFO - Processing file /opt/airflow/dags/dispatcher_pipeline_dag.py for tasks to queue
[2025-11-29T09:24:50.084+0000] {logging_mixin.py:151} INFO - [2025-11-29T09:24:50.083+0000] {dagbag.py:539} INFO - Filling up the DagBag from /opt/airflow/dags/dispatcher_pipeline_dag.py
[2025-11-29T09:24:51.778+0000] {processor.py:839} INFO - DAG(s) dict_keys(['distillationDAG']) retrieved from /opt/airflow/dags/dispatcher_pipeline_dag.py
[2025-11-29T09:24:51.856+0000] {logging_mixin.py:151} INFO - [2025-11-29T09:24:51.855+0000] {dag.py:2915} INFO - Sync 1 DAGs
[2025-11-29T09:24:51.907+0000] {logging_mixin.py:151} INFO - [2025-11-29T09:24:51.907+0000] {dag.py:3696} INFO - Setting next_dagrun for distillationDAG to 2025-11-29T09:24:06.906612+00:00, run_after=2025-11-29T09:24:51.906612+00:00
[2025-11-29T09:24:51.946+0000] {processor.py:179} INFO - Processing /opt/airflow/dags/dispatcher_pipeline_dag.py took 1.877 seconds
[2025-11-29T09:25:22.285+0000] {processor.py:157} INFO - Started process (PID=2480) to work on /opt/airflow/dags/dispatcher_pipeline_dag.py
[2025-11-29T09:25:22.287+0000] {processor.py:829} INFO - Processing file /opt/airflow/dags/dispatcher_pipeline_dag.py for tasks to queue
[2025-11-29T09:25:22.290+0000] {logging_mixin.py:151} INFO - [2025-11-29T09:25:22.289+0000] {dagbag.py:539} INFO - Filling up the DagBag from /opt/airflow/dags/dispatcher_pipeline_dag.py
[2025-11-29T09:25:23.893+0000] {processor.py:839} INFO - DAG(s) dict_keys(['distillationDAG']) retrieved from /opt/airflow/dags/dispatcher_pipeline_dag.py
[2025-11-29T09:25:23.962+0000] {logging_mixin.py:151} INFO - [2025-11-29T09:25:23.961+0000] {dag.py:2915} INFO - Sync 1 DAGs
[2025-11-29T09:25:24.013+0000] {logging_mixin.py:151} INFO - [2025-11-29T09:25:24.013+0000] {dag.py:3696} INFO - Setting next_dagrun for distillationDAG to 2025-11-29T09:24:39.013053+00:00, run_after=2025-11-29T09:25:24.013053+00:00
[2025-11-29T09:25:24.054+0000] {processor.py:179} INFO - Processing /opt/airflow/dags/dispatcher_pipeline_dag.py took 1.778 seconds
[2025-11-29T09:25:54.345+0000] {processor.py:157} INFO - Started process (PID=2495) to work on /opt/airflow/dags/dispatcher_pipeline_dag.py
[2025-11-29T09:25:54.347+0000] {processor.py:829} INFO - Processing file /opt/airflow/dags/dispatcher_pipeline_dag.py for tasks to queue
[2025-11-29T09:25:54.350+0000] {logging_mixin.py:151} INFO - [2025-11-29T09:25:54.349+0000] {dagbag.py:539} INFO - Filling up the DagBag from /opt/airflow/dags/dispatcher_pipeline_dag.py
[2025-11-29T09:25:55.960+0000] {processor.py:839} INFO - DAG(s) dict_keys(['distillationDAG']) retrieved from /opt/airflow/dags/dispatcher_pipeline_dag.py
[2025-11-29T09:25:56.030+0000] {logging_mixin.py:151} INFO - [2025-11-29T09:25:56.029+0000] {dag.py:2915} INFO - Sync 1 DAGs
[2025-11-29T09:25:56.081+0000] {logging_mixin.py:151} INFO - [2025-11-29T09:25:56.081+0000] {dag.py:3696} INFO - Setting next_dagrun for distillationDAG to 2025-11-29T09:25:11.080739+00:00, run_after=2025-11-29T09:25:56.080739+00:00
[2025-11-29T09:25:56.121+0000] {processor.py:179} INFO - Processing /opt/airflow/dags/dispatcher_pipeline_dag.py took 1.785 seconds
[2025-11-29T09:26:27.128+0000] {processor.py:157} INFO - Started process (PID=2512) to work on /opt/airflow/dags/dispatcher_pipeline_dag.py
[2025-11-29T09:26:27.130+0000] {processor.py:829} INFO - Processing file /opt/airflow/dags/dispatcher_pipeline_dag.py for tasks to queue
[2025-11-29T09:26:27.132+0000] {logging_mixin.py:151} INFO - [2025-11-29T09:26:27.131+0000] {dagbag.py:539} INFO - Filling up the DagBag from /opt/airflow/dags/dispatcher_pipeline_dag.py
[2025-11-29T09:26:28.762+0000] {processor.py:839} INFO - DAG(s) dict_keys(['distillationDAG']) retrieved from /opt/airflow/dags/dispatcher_pipeline_dag.py
[2025-11-29T09:26:28.832+0000] {logging_mixin.py:151} INFO - [2025-11-29T09:26:28.831+0000] {dag.py:2915} INFO - Sync 1 DAGs
[2025-11-29T09:26:28.884+0000] {logging_mixin.py:151} INFO - [2025-11-29T09:26:28.884+0000] {dag.py:3696} INFO - Setting next_dagrun for distillationDAG to 2025-11-29T09:25:43.884052+00:00, run_after=2025-11-29T09:26:28.884052+00:00
[2025-11-29T09:26:28.924+0000] {processor.py:179} INFO - Processing /opt/airflow/dags/dispatcher_pipeline_dag.py took 1.806 seconds
[2025-11-29T09:26:59.935+0000] {processor.py:157} INFO - Started process (PID=2529) to work on /opt/airflow/dags/dispatcher_pipeline_dag.py
[2025-11-29T09:26:59.938+0000] {processor.py:829} INFO - Processing file /opt/airflow/dags/dispatcher_pipeline_dag.py for tasks to queue
[2025-11-29T09:26:59.940+0000] {logging_mixin.py:151} INFO - [2025-11-29T09:26:59.939+0000] {dagbag.py:539} INFO - Filling up the DagBag from /opt/airflow/dags/dispatcher_pipeline_dag.py
[2025-11-29T09:27:01.582+0000] {processor.py:839} INFO - DAG(s) dict_keys(['distillationDAG']) retrieved from /opt/airflow/dags/dispatcher_pipeline_dag.py
[2025-11-29T09:27:01.654+0000] {logging_mixin.py:151} INFO - [2025-11-29T09:27:01.653+0000] {dag.py:2915} INFO - Sync 1 DAGs
[2025-11-29T09:27:01.701+0000] {logging_mixin.py:151} INFO - [2025-11-29T09:27:01.701+0000] {dag.py:3696} INFO - Setting next_dagrun for distillationDAG to 2025-11-29T09:26:16.701004+00:00, run_after=2025-11-29T09:27:01.701004+00:00
[2025-11-29T09:27:01.737+0000] {processor.py:179} INFO - Processing /opt/airflow/dags/dispatcher_pipeline_dag.py took 1.812 seconds
[2025-11-29T09:27:32.029+0000] {processor.py:157} INFO - Started process (PID=2546) to work on /opt/airflow/dags/dispatcher_pipeline_dag.py
[2025-11-29T09:27:32.032+0000] {processor.py:829} INFO - Processing file /opt/airflow/dags/dispatcher_pipeline_dag.py for tasks to queue
[2025-11-29T09:27:32.034+0000] {logging_mixin.py:151} INFO - [2025-11-29T09:27:32.033+0000] {dagbag.py:539} INFO - Filling up the DagBag from /opt/airflow/dags/dispatcher_pipeline_dag.py
[2025-11-29T09:27:33.745+0000] {processor.py:839} INFO - DAG(s) dict_keys(['distillationDAG']) retrieved from /opt/airflow/dags/dispatcher_pipeline_dag.py
[2025-11-29T09:27:33.823+0000] {logging_mixin.py:151} INFO - [2025-11-29T09:27:33.822+0000] {dag.py:2915} INFO - Sync 1 DAGs
[2025-11-29T09:27:33.875+0000] {logging_mixin.py:151} INFO - [2025-11-29T09:27:33.874+0000] {dag.py:3696} INFO - Setting next_dagrun for distillationDAG to 2025-11-29T09:26:48.874444+00:00, run_after=2025-11-29T09:27:33.874444+00:00
[2025-11-29T09:27:33.915+0000] {processor.py:179} INFO - Processing /opt/airflow/dags/dispatcher_pipeline_dag.py took 1.895 seconds
[2025-11-29T09:28:04.198+0000] {processor.py:157} INFO - Started process (PID=2559) to work on /opt/airflow/dags/dispatcher_pipeline_dag.py
[2025-11-29T09:28:04.202+0000] {processor.py:829} INFO - Processing file /opt/airflow/dags/dispatcher_pipeline_dag.py for tasks to queue
[2025-11-29T09:28:04.204+0000] {logging_mixin.py:151} INFO - [2025-11-29T09:28:04.203+0000] {dagbag.py:539} INFO - Filling up the DagBag from /opt/airflow/dags/dispatcher_pipeline_dag.py
[2025-11-29T09:28:05.946+0000] {processor.py:839} INFO - DAG(s) dict_keys(['distillationDAG']) retrieved from /opt/airflow/dags/dispatcher_pipeline_dag.py
[2025-11-29T09:28:06.023+0000] {logging_mixin.py:151} INFO - [2025-11-29T09:28:06.022+0000] {dag.py:2915} INFO - Sync 1 DAGs
[2025-11-29T09:28:06.074+0000] {logging_mixin.py:151} INFO - [2025-11-29T09:28:06.074+0000] {dag.py:3696} INFO - Setting next_dagrun for distillationDAG to 2025-11-29T09:27:21.073897+00:00, run_after=2025-11-29T09:28:06.073897+00:00
[2025-11-29T09:28:06.116+0000] {processor.py:179} INFO - Processing /opt/airflow/dags/dispatcher_pipeline_dag.py took 1.929 seconds
[2025-11-29T09:28:36.474+0000] {processor.py:157} INFO - Started process (PID=2576) to work on /opt/airflow/dags/dispatcher_pipeline_dag.py
[2025-11-29T09:28:36.476+0000] {processor.py:829} INFO - Processing file /opt/airflow/dags/dispatcher_pipeline_dag.py for tasks to queue
[2025-11-29T09:28:36.478+0000] {logging_mixin.py:151} INFO - [2025-11-29T09:28:36.477+0000] {dagbag.py:539} INFO - Filling up the DagBag from /opt/airflow/dags/dispatcher_pipeline_dag.py
[2025-11-29T09:28:38.208+0000] {processor.py:839} INFO - DAG(s) dict_keys(['distillationDAG']) retrieved from /opt/airflow/dags/dispatcher_pipeline_dag.py
[2025-11-29T09:28:38.289+0000] {logging_mixin.py:151} INFO - [2025-11-29T09:28:38.288+0000] {dag.py:2915} INFO - Sync 1 DAGs
[2025-11-29T09:28:38.343+0000] {logging_mixin.py:151} INFO - [2025-11-29T09:28:38.342+0000] {dag.py:3696} INFO - Setting next_dagrun for distillationDAG to 2025-11-29T09:27:53.342388+00:00, run_after=2025-11-29T09:28:38.342388+00:00
[2025-11-29T09:28:38.382+0000] {processor.py:179} INFO - Processing /opt/airflow/dags/dispatcher_pipeline_dag.py took 1.919 seconds
[2025-11-29T09:29:08.754+0000] {processor.py:157} INFO - Started process (PID=2593) to work on /opt/airflow/dags/dispatcher_pipeline_dag.py
[2025-11-29T09:29:08.758+0000] {processor.py:829} INFO - Processing file /opt/airflow/dags/dispatcher_pipeline_dag.py for tasks to queue
[2025-11-29T09:29:08.760+0000] {logging_mixin.py:151} INFO - [2025-11-29T09:29:08.759+0000] {dagbag.py:539} INFO - Filling up the DagBag from /opt/airflow/dags/dispatcher_pipeline_dag.py
[2025-11-29T09:29:10.478+0000] {processor.py:839} INFO - DAG(s) dict_keys(['distillationDAG']) retrieved from /opt/airflow/dags/dispatcher_pipeline_dag.py
[2025-11-29T09:29:10.554+0000] {logging_mixin.py:151} INFO - [2025-11-29T09:29:10.553+0000] {dag.py:2915} INFO - Sync 1 DAGs
[2025-11-29T09:29:10.608+0000] {logging_mixin.py:151} INFO - [2025-11-29T09:29:10.607+0000] {dag.py:3696} INFO - Setting next_dagrun for distillationDAG to 2025-11-29T09:28:25.607445+00:00, run_after=2025-11-29T09:29:10.607445+00:00
[2025-11-29T09:29:10.646+0000] {processor.py:179} INFO - Processing /opt/airflow/dags/dispatcher_pipeline_dag.py took 1.902 seconds
[2025-11-29T09:29:41.044+0000] {processor.py:157} INFO - Started process (PID=2610) to work on /opt/airflow/dags/dispatcher_pipeline_dag.py
[2025-11-29T09:29:41.047+0000] {processor.py:829} INFO - Processing file /opt/airflow/dags/dispatcher_pipeline_dag.py for tasks to queue
[2025-11-29T09:29:41.049+0000] {logging_mixin.py:151} INFO - [2025-11-29T09:29:41.048+0000] {dagbag.py:539} INFO - Filling up the DagBag from /opt/airflow/dags/dispatcher_pipeline_dag.py
[2025-11-29T09:29:42.760+0000] {processor.py:839} INFO - DAG(s) dict_keys(['distillationDAG']) retrieved from /opt/airflow/dags/dispatcher_pipeline_dag.py
[2025-11-29T09:29:42.838+0000] {logging_mixin.py:151} INFO - [2025-11-29T09:29:42.837+0000] {dag.py:2915} INFO - Sync 1 DAGs
[2025-11-29T09:29:42.889+0000] {logging_mixin.py:151} INFO - [2025-11-29T09:29:42.889+0000] {dag.py:3696} INFO - Setting next_dagrun for distillationDAG to 2025-11-29T09:28:57.889075+00:00, run_after=2025-11-29T09:29:42.889075+00:00
[2025-11-29T09:29:42.929+0000] {processor.py:179} INFO - Processing /opt/airflow/dags/dispatcher_pipeline_dag.py took 1.895 seconds
[2025-11-29T09:30:13.333+0000] {processor.py:157} INFO - Started process (PID=2627) to work on /opt/airflow/dags/dispatcher_pipeline_dag.py
[2025-11-29T09:30:13.335+0000] {processor.py:829} INFO - Processing file /opt/airflow/dags/dispatcher_pipeline_dag.py for tasks to queue
[2025-11-29T09:30:13.338+0000] {logging_mixin.py:151} INFO - [2025-11-29T09:30:13.337+0000] {dagbag.py:539} INFO - Filling up the DagBag from /opt/airflow/dags/dispatcher_pipeline_dag.py
[2025-11-29T09:30:15.052+0000] {processor.py:839} INFO - DAG(s) dict_keys(['distillationDAG']) retrieved from /opt/airflow/dags/dispatcher_pipeline_dag.py
[2025-11-29T09:30:15.127+0000] {logging_mixin.py:151} INFO - [2025-11-29T09:30:15.126+0000] {dag.py:2915} INFO - Sync 1 DAGs
[2025-11-29T09:30:15.178+0000] {logging_mixin.py:151} INFO - [2025-11-29T09:30:15.178+0000] {dag.py:3696} INFO - Setting next_dagrun for distillationDAG to 2025-11-29T09:29:30.177931+00:00, run_after=2025-11-29T09:30:15.177931+00:00
[2025-11-29T09:30:15.220+0000] {processor.py:179} INFO - Processing /opt/airflow/dags/dispatcher_pipeline_dag.py took 1.897 seconds
[2025-11-29T09:30:45.613+0000] {processor.py:157} INFO - Started process (PID=2644) to work on /opt/airflow/dags/dispatcher_pipeline_dag.py
[2025-11-29T09:30:45.616+0000] {processor.py:829} INFO - Processing file /opt/airflow/dags/dispatcher_pipeline_dag.py for tasks to queue
[2025-11-29T09:30:45.619+0000] {logging_mixin.py:151} INFO - [2025-11-29T09:30:45.618+0000] {dagbag.py:539} INFO - Filling up the DagBag from /opt/airflow/dags/dispatcher_pipeline_dag.py
[2025-11-29T09:30:47.337+0000] {processor.py:839} INFO - DAG(s) dict_keys(['distillationDAG']) retrieved from /opt/airflow/dags/dispatcher_pipeline_dag.py
[2025-11-29T09:30:47.412+0000] {logging_mixin.py:151} INFO - [2025-11-29T09:30:47.411+0000] {dag.py:2915} INFO - Sync 1 DAGs
[2025-11-29T09:30:47.466+0000] {logging_mixin.py:151} INFO - [2025-11-29T09:30:47.466+0000] {dag.py:3696} INFO - Setting next_dagrun for distillationDAG to 2025-11-29T09:30:02.465659+00:00, run_after=2025-11-29T09:30:47.465659+00:00
[2025-11-29T09:30:47.506+0000] {processor.py:179} INFO - Processing /opt/airflow/dags/dispatcher_pipeline_dag.py took 1.903 seconds
[2025-11-29T09:31:17.873+0000] {processor.py:157} INFO - Started process (PID=2661) to work on /opt/airflow/dags/dispatcher_pipeline_dag.py
[2025-11-29T09:31:17.876+0000] {processor.py:829} INFO - Processing file /opt/airflow/dags/dispatcher_pipeline_dag.py for tasks to queue
[2025-11-29T09:31:17.879+0000] {logging_mixin.py:151} INFO - [2025-11-29T09:31:17.878+0000] {dagbag.py:539} INFO - Filling up the DagBag from /opt/airflow/dags/dispatcher_pipeline_dag.py
[2025-11-29T09:31:19.600+0000] {processor.py:839} INFO - DAG(s) dict_keys(['distillationDAG']) retrieved from /opt/airflow/dags/dispatcher_pipeline_dag.py
[2025-11-29T09:31:19.678+0000] {logging_mixin.py:151} INFO - [2025-11-29T09:31:19.677+0000] {dag.py:2915} INFO - Sync 1 DAGs
[2025-11-29T09:31:19.729+0000] {logging_mixin.py:151} INFO - [2025-11-29T09:31:19.729+0000] {dag.py:3696} INFO - Setting next_dagrun for distillationDAG to 2025-11-29T09:30:34.728812+00:00, run_after=2025-11-29T09:31:19.728812+00:00
[2025-11-29T09:31:19.768+0000] {processor.py:179} INFO - Processing /opt/airflow/dags/dispatcher_pipeline_dag.py took 1.906 seconds
