[2026-04-22T05:15:50.913+0000] {processor.py:157} INFO - Started process (PID=170) to work on /opt/airflow/dags/embedding_sync_dag.py
[2026-04-22T05:15:50.914+0000] {processor.py:829} INFO - Processing file /opt/airflow/dags/embedding_sync_dag.py for tasks to queue
[2026-04-22T05:15:50.914+0000] {logging_mixin.py:151} INFO - [2026-04-22T05:15:50.914+0000] {dagbag.py:539} INFO - Filling up the DagBag from /opt/airflow/dags/embedding_sync_dag.py
[2026-04-22T05:15:50.931+0000] {processor.py:839} INFO - DAG(s) dict_keys(['embedding_sync_dag']) retrieved from /opt/airflow/dags/embedding_sync_dag.py
[2026-04-22T05:15:51.003+0000] {logging_mixin.py:151} INFO - [2026-04-22T05:15:51.003+0000] {dag.py:2915} INFO - Sync 1 DAGs
[2026-04-22T05:15:51.058+0000] {processor.py:179} INFO - Processing /opt/airflow/dags/embedding_sync_dag.py took 0.148 seconds
[2026-04-22T05:16:21.516+0000] {processor.py:157} INFO - Started process (PID=206) to work on /opt/airflow/dags/embedding_sync_dag.py
[2026-04-22T05:16:21.517+0000] {processor.py:829} INFO - Processing file /opt/airflow/dags/embedding_sync_dag.py for tasks to queue
[2026-04-22T05:16:21.518+0000] {logging_mixin.py:151} INFO - [2026-04-22T05:16:21.518+0000] {dagbag.py:539} INFO - Filling up the DagBag from /opt/airflow/dags/embedding_sync_dag.py
[2026-04-22T05:16:21.533+0000] {processor.py:839} INFO - DAG(s) dict_keys(['embedding_sync_dag']) retrieved from /opt/airflow/dags/embedding_sync_dag.py
[2026-04-22T05:16:21.568+0000] {logging_mixin.py:151} INFO - [2026-04-22T05:16:21.568+0000] {dag.py:2915} INFO - Sync 1 DAGs
[2026-04-22T05:16:21.609+0000] {processor.py:179} INFO - Processing /opt/airflow/dags/embedding_sync_dag.py took 0.096 seconds
[2026-04-22T05:16:51.961+0000] {processor.py:157} INFO - Started process (PID=224) to work on /opt/airflow/dags/embedding_sync_dag.py
[2026-04-22T05:16:51.962+0000] {processor.py:829} INFO - Processing file /opt/airflow/dags/embedding_sync_dag.py for tasks to queue
[2026-04-22T05:16:51.963+0000] {logging_mixin.py:151} INFO - [2026-04-22T05:16:51.962+0000] {dagbag.py:539} INFO - Filling up the DagBag from /opt/airflow/dags/embedding_sync_dag.py
[2026-04-22T05:16:51.979+0000] {processor.py:839} INFO - DAG(s) dict_keys(['embedding_sync_dag']) retrieved from /opt/airflow/dags/embedding_sync_dag.py
[2026-04-22T05:16:52.019+0000] {logging_mixin.py:151} INFO - [2026-04-22T05:16:52.019+0000] {dag.py:2915} INFO - Sync 1 DAGs
[2026-04-22T05:16:52.065+0000] {processor.py:179} INFO - Processing /opt/airflow/dags/embedding_sync_dag.py took 0.108 seconds
[2026-04-22T05:17:22.470+0000] {processor.py:157} INFO - Started process (PID=242) to work on /opt/airflow/dags/embedding_sync_dag.py
[2026-04-22T05:17:22.471+0000] {processor.py:829} INFO - Processing file /opt/airflow/dags/embedding_sync_dag.py for tasks to queue
[2026-04-22T05:17:22.472+0000] {logging_mixin.py:151} INFO - [2026-04-22T05:17:22.471+0000] {dagbag.py:539} INFO - Filling up the DagBag from /opt/airflow/dags/embedding_sync_dag.py
[2026-04-22T05:17:22.487+0000] {processor.py:839} INFO - DAG(s) dict_keys(['embedding_sync_dag']) retrieved from /opt/airflow/dags/embedding_sync_dag.py
[2026-04-22T05:17:22.521+0000] {logging_mixin.py:151} INFO - [2026-04-22T05:17:22.521+0000] {dag.py:2915} INFO - Sync 1 DAGs
[2026-04-22T05:17:22.557+0000] {processor.py:179} INFO - Processing /opt/airflow/dags/embedding_sync_dag.py took 0.091 seconds
[2026-04-22T05:17:53.068+0000] {processor.py:157} INFO - Started process (PID=260) to work on /opt/airflow/dags/embedding_sync_dag.py
[2026-04-22T05:17:53.070+0000] {processor.py:829} INFO - Processing file /opt/airflow/dags/embedding_sync_dag.py for tasks to queue
[2026-04-22T05:17:53.071+0000] {logging_mixin.py:151} INFO - [2026-04-22T05:17:53.070+0000] {dagbag.py:539} INFO - Filling up the DagBag from /opt/airflow/dags/embedding_sync_dag.py
[2026-04-22T05:17:53.089+0000] {processor.py:839} INFO - DAG(s) dict_keys(['embedding_sync_dag']) retrieved from /opt/airflow/dags/embedding_sync_dag.py
[2026-04-22T05:17:53.127+0000] {logging_mixin.py:151} INFO - [2026-04-22T05:17:53.127+0000] {dag.py:2915} INFO - Sync 1 DAGs
[2026-04-22T05:17:53.172+0000] {processor.py:179} INFO - Processing /opt/airflow/dags/embedding_sync_dag.py took 0.109 seconds
[2026-04-22T05:18:23.390+0000] {processor.py:157} INFO - Started process (PID=278) to work on /opt/airflow/dags/embedding_sync_dag.py
[2026-04-22T05:18:23.391+0000] {processor.py:829} INFO - Processing file /opt/airflow/dags/embedding_sync_dag.py for tasks to queue
[2026-04-22T05:18:23.391+0000] {logging_mixin.py:151} INFO - [2026-04-22T05:18:23.391+0000] {dagbag.py:539} INFO - Filling up the DagBag from /opt/airflow/dags/embedding_sync_dag.py
[2026-04-22T05:18:23.408+0000] {processor.py:839} INFO - DAG(s) dict_keys(['embedding_sync_dag']) retrieved from /opt/airflow/dags/embedding_sync_dag.py
[2026-04-22T05:18:23.443+0000] {logging_mixin.py:151} INFO - [2026-04-22T05:18:23.443+0000] {dag.py:2915} INFO - Sync 1 DAGs
[2026-04-22T05:18:23.487+0000] {processor.py:179} INFO - Processing /opt/airflow/dags/embedding_sync_dag.py took 0.102 seconds
[2026-04-22T05:18:54.076+0000] {processor.py:157} INFO - Started process (PID=296) to work on /opt/airflow/dags/embedding_sync_dag.py
[2026-04-22T05:18:54.079+0000] {processor.py:829} INFO - Processing file /opt/airflow/dags/embedding_sync_dag.py for tasks to queue
[2026-04-22T05:18:54.081+0000] {logging_mixin.py:151} INFO - [2026-04-22T05:18:54.080+0000] {dagbag.py:539} INFO - Filling up the DagBag from /opt/airflow/dags/embedding_sync_dag.py
[2026-04-22T05:18:54.105+0000] {processor.py:839} INFO - DAG(s) dict_keys(['embedding_sync_dag']) retrieved from /opt/airflow/dags/embedding_sync_dag.py
[2026-04-22T05:18:54.139+0000] {logging_mixin.py:151} INFO - [2026-04-22T05:18:54.139+0000] {dag.py:2915} INFO - Sync 1 DAGs
[2026-04-22T05:18:54.176+0000] {processor.py:179} INFO - Processing /opt/airflow/dags/embedding_sync_dag.py took 0.111 seconds
[2026-04-22T05:19:24.405+0000] {processor.py:157} INFO - Started process (PID=314) to work on /opt/airflow/dags/embedding_sync_dag.py
[2026-04-22T05:19:24.406+0000] {processor.py:829} INFO - Processing file /opt/airflow/dags/embedding_sync_dag.py for tasks to queue
[2026-04-22T05:19:24.407+0000] {logging_mixin.py:151} INFO - [2026-04-22T05:19:24.406+0000] {dagbag.py:539} INFO - Filling up the DagBag from /opt/airflow/dags/embedding_sync_dag.py
[2026-04-22T05:19:24.426+0000] {processor.py:839} INFO - DAG(s) dict_keys(['embedding_sync_dag']) retrieved from /opt/airflow/dags/embedding_sync_dag.py
[2026-04-22T05:19:24.460+0000] {logging_mixin.py:151} INFO - [2026-04-22T05:19:24.460+0000] {dag.py:2915} INFO - Sync 1 DAGs
[2026-04-22T05:19:24.500+0000] {processor.py:179} INFO - Processing /opt/airflow/dags/embedding_sync_dag.py took 0.100 seconds
[2026-04-22T05:19:55.132+0000] {processor.py:157} INFO - Started process (PID=332) to work on /opt/airflow/dags/embedding_sync_dag.py
[2026-04-22T05:19:55.133+0000] {processor.py:829} INFO - Processing file /opt/airflow/dags/embedding_sync_dag.py for tasks to queue
[2026-04-22T05:19:55.133+0000] {logging_mixin.py:151} INFO - [2026-04-22T05:19:55.133+0000] {dagbag.py:539} INFO - Filling up the DagBag from /opt/airflow/dags/embedding_sync_dag.py
[2026-04-22T05:19:55.149+0000] {processor.py:839} INFO - DAG(s) dict_keys(['embedding_sync_dag']) retrieved from /opt/airflow/dags/embedding_sync_dag.py
[2026-04-22T05:19:55.182+0000] {logging_mixin.py:151} INFO - [2026-04-22T05:19:55.182+0000] {dag.py:2915} INFO - Sync 1 DAGs
[2026-04-22T05:19:55.218+0000] {processor.py:179} INFO - Processing /opt/airflow/dags/embedding_sync_dag.py took 0.090 seconds
[2026-04-22T05:20:25.388+0000] {processor.py:157} INFO - Started process (PID=350) to work on /opt/airflow/dags/embedding_sync_dag.py
[2026-04-22T05:20:25.389+0000] {processor.py:829} INFO - Processing file /opt/airflow/dags/embedding_sync_dag.py for tasks to queue
[2026-04-22T05:20:25.390+0000] {logging_mixin.py:151} INFO - [2026-04-22T05:20:25.389+0000] {dagbag.py:539} INFO - Filling up the DagBag from /opt/airflow/dags/embedding_sync_dag.py
[2026-04-22T05:20:25.406+0000] {processor.py:839} INFO - DAG(s) dict_keys(['embedding_sync_dag']) retrieved from /opt/airflow/dags/embedding_sync_dag.py
[2026-04-22T05:20:25.440+0000] {logging_mixin.py:151} INFO - [2026-04-22T05:20:25.440+0000] {dag.py:2915} INFO - Sync 1 DAGs
[2026-04-22T05:20:25.614+0000] {processor.py:179} INFO - Processing /opt/airflow/dags/embedding_sync_dag.py took 0.230 seconds
[2026-04-22T05:20:56.266+0000] {processor.py:157} INFO - Started process (PID=368) to work on /opt/airflow/dags/embedding_sync_dag.py
[2026-04-22T05:20:56.267+0000] {processor.py:829} INFO - Processing file /opt/airflow/dags/embedding_sync_dag.py for tasks to queue
[2026-04-22T05:20:56.267+0000] {logging_mixin.py:151} INFO - [2026-04-22T05:20:56.267+0000] {dagbag.py:539} INFO - Filling up the DagBag from /opt/airflow/dags/embedding_sync_dag.py
[2026-04-22T05:20:56.417+0000] {processor.py:839} INFO - DAG(s) dict_keys(['embedding_sync_dag']) retrieved from /opt/airflow/dags/embedding_sync_dag.py
[2026-04-22T05:20:56.452+0000] {logging_mixin.py:151} INFO - [2026-04-22T05:20:56.451+0000] {dag.py:2915} INFO - Sync 1 DAGs
[2026-04-22T05:20:56.486+0000] {processor.py:179} INFO - Processing /opt/airflow/dags/embedding_sync_dag.py took 0.224 seconds
[2026-04-22T05:21:26.863+0000] {processor.py:157} INFO - Started process (PID=386) to work on /opt/airflow/dags/embedding_sync_dag.py
[2026-04-22T05:21:26.865+0000] {processor.py:829} INFO - Processing file /opt/airflow/dags/embedding_sync_dag.py for tasks to queue
[2026-04-22T05:21:26.867+0000] {logging_mixin.py:151} INFO - [2026-04-22T05:21:26.866+0000] {dagbag.py:539} INFO - Filling up the DagBag from /opt/airflow/dags/embedding_sync_dag.py
[2026-04-22T05:21:26.888+0000] {processor.py:839} INFO - DAG(s) dict_keys(['embedding_sync_dag']) retrieved from /opt/airflow/dags/embedding_sync_dag.py
[2026-04-22T05:21:26.922+0000] {logging_mixin.py:151} INFO - [2026-04-22T05:21:26.922+0000] {dag.py:2915} INFO - Sync 1 DAGs
[2026-04-22T05:21:26.959+0000] {processor.py:179} INFO - Processing /opt/airflow/dags/embedding_sync_dag.py took 0.108 seconds
[2026-04-22T05:21:57.348+0000] {processor.py:157} INFO - Started process (PID=404) to work on /opt/airflow/dags/embedding_sync_dag.py
[2026-04-22T05:21:57.350+0000] {processor.py:829} INFO - Processing file /opt/airflow/dags/embedding_sync_dag.py for tasks to queue
[2026-04-22T05:21:57.351+0000] {logging_mixin.py:151} INFO - [2026-04-22T05:21:57.350+0000] {dagbag.py:539} INFO - Filling up the DagBag from /opt/airflow/dags/embedding_sync_dag.py
[2026-04-22T05:21:57.368+0000] {processor.py:839} INFO - DAG(s) dict_keys(['embedding_sync_dag']) retrieved from /opt/airflow/dags/embedding_sync_dag.py
[2026-04-22T05:21:57.402+0000] {logging_mixin.py:151} INFO - [2026-04-22T05:21:57.402+0000] {dag.py:2915} INFO - Sync 1 DAGs
[2026-04-22T05:21:57.441+0000] {processor.py:179} INFO - Processing /opt/airflow/dags/embedding_sync_dag.py took 0.100 seconds
[2026-04-22T05:22:27.825+0000] {processor.py:157} INFO - Started process (PID=422) to work on /opt/airflow/dags/embedding_sync_dag.py
[2026-04-22T05:22:27.827+0000] {processor.py:829} INFO - Processing file /opt/airflow/dags/embedding_sync_dag.py for tasks to queue
[2026-04-22T05:22:27.829+0000] {logging_mixin.py:151} INFO - [2026-04-22T05:22:27.828+0000] {dagbag.py:539} INFO - Filling up the DagBag from /opt/airflow/dags/embedding_sync_dag.py
[2026-04-22T05:22:27.849+0000] {processor.py:839} INFO - DAG(s) dict_keys(['embedding_sync_dag']) retrieved from /opt/airflow/dags/embedding_sync_dag.py
[2026-04-22T05:22:27.882+0000] {logging_mixin.py:151} INFO - [2026-04-22T05:22:27.882+0000] {dag.py:2915} INFO - Sync 1 DAGs
[2026-04-22T05:22:27.920+0000] {processor.py:179} INFO - Processing /opt/airflow/dags/embedding_sync_dag.py took 0.106 seconds
[2026-04-22T05:22:58.299+0000] {processor.py:157} INFO - Started process (PID=440) to work on /opt/airflow/dags/embedding_sync_dag.py
[2026-04-22T05:22:58.300+0000] {processor.py:829} INFO - Processing file /opt/airflow/dags/embedding_sync_dag.py for tasks to queue
[2026-04-22T05:22:58.301+0000] {logging_mixin.py:151} INFO - [2026-04-22T05:22:58.301+0000] {dagbag.py:539} INFO - Filling up the DagBag from /opt/airflow/dags/embedding_sync_dag.py
[2026-04-22T05:22:58.319+0000] {processor.py:839} INFO - DAG(s) dict_keys(['embedding_sync_dag']) retrieved from /opt/airflow/dags/embedding_sync_dag.py
[2026-04-22T05:22:58.353+0000] {logging_mixin.py:151} INFO - [2026-04-22T05:22:58.353+0000] {dag.py:2915} INFO - Sync 1 DAGs
[2026-04-22T05:22:58.393+0000] {processor.py:179} INFO - Processing /opt/airflow/dags/embedding_sync_dag.py took 0.100 seconds
[2026-04-22T05:23:28.807+0000] {processor.py:157} INFO - Started process (PID=458) to work on /opt/airflow/dags/embedding_sync_dag.py
[2026-04-22T05:23:28.809+0000] {processor.py:829} INFO - Processing file /opt/airflow/dags/embedding_sync_dag.py for tasks to queue
[2026-04-22T05:23:28.811+0000] {logging_mixin.py:151} INFO - [2026-04-22T05:23:28.810+0000] {dagbag.py:539} INFO - Filling up the DagBag from /opt/airflow/dags/embedding_sync_dag.py
[2026-04-22T05:23:28.832+0000] {processor.py:839} INFO - DAG(s) dict_keys(['embedding_sync_dag']) retrieved from /opt/airflow/dags/embedding_sync_dag.py
[2026-04-22T05:23:28.866+0000] {logging_mixin.py:151} INFO - [2026-04-22T05:23:28.866+0000] {dag.py:2915} INFO - Sync 1 DAGs
[2026-04-22T05:23:28.904+0000] {processor.py:179} INFO - Processing /opt/airflow/dags/embedding_sync_dag.py took 0.110 seconds
[2026-04-22T05:23:59.318+0000] {processor.py:157} INFO - Started process (PID=476) to work on /opt/airflow/dags/embedding_sync_dag.py
[2026-04-22T05:23:59.320+0000] {processor.py:829} INFO - Processing file /opt/airflow/dags/embedding_sync_dag.py for tasks to queue
[2026-04-22T05:23:59.323+0000] {logging_mixin.py:151} INFO - [2026-04-22T05:23:59.322+0000] {dagbag.py:539} INFO - Filling up the DagBag from /opt/airflow/dags/embedding_sync_dag.py
[2026-04-22T05:23:59.345+0000] {processor.py:839} INFO - DAG(s) dict_keys(['embedding_sync_dag']) retrieved from /opt/airflow/dags/embedding_sync_dag.py
[2026-04-22T05:23:59.380+0000] {logging_mixin.py:151} INFO - [2026-04-22T05:23:59.379+0000] {dag.py:2915} INFO - Sync 1 DAGs
[2026-04-22T05:23:59.417+0000] {processor.py:179} INFO - Processing /opt/airflow/dags/embedding_sync_dag.py took 0.111 seconds
[2026-04-22T05:24:29.815+0000] {processor.py:157} INFO - Started process (PID=494) to work on /opt/airflow/dags/embedding_sync_dag.py
[2026-04-22T05:24:29.818+0000] {processor.py:829} INFO - Processing file /opt/airflow/dags/embedding_sync_dag.py for tasks to queue
[2026-04-22T05:24:29.819+0000] {logging_mixin.py:151} INFO - [2026-04-22T05:24:29.818+0000] {dagbag.py:539} INFO - Filling up the DagBag from /opt/airflow/dags/embedding_sync_dag.py
[2026-04-22T05:24:29.841+0000] {processor.py:839} INFO - DAG(s) dict_keys(['embedding_sync_dag']) retrieved from /opt/airflow/dags/embedding_sync_dag.py
[2026-04-22T05:24:29.875+0000] {logging_mixin.py:151} INFO - [2026-04-22T05:24:29.875+0000] {dag.py:2915} INFO - Sync 1 DAGs
[2026-04-22T05:24:29.913+0000] {processor.py:179} INFO - Processing /opt/airflow/dags/embedding_sync_dag.py took 0.110 seconds
[2026-04-22T05:25:00.291+0000] {processor.py:157} INFO - Started process (PID=512) to work on /opt/airflow/dags/embedding_sync_dag.py
[2026-04-22T05:25:00.292+0000] {processor.py:829} INFO - Processing file /opt/airflow/dags/embedding_sync_dag.py for tasks to queue
[2026-04-22T05:25:00.293+0000] {logging_mixin.py:151} INFO - [2026-04-22T05:25:00.293+0000] {dagbag.py:539} INFO - Filling up the DagBag from /opt/airflow/dags/embedding_sync_dag.py
[2026-04-22T05:25:00.311+0000] {processor.py:839} INFO - DAG(s) dict_keys(['embedding_sync_dag']) retrieved from /opt/airflow/dags/embedding_sync_dag.py
[2026-04-22T05:25:00.348+0000] {logging_mixin.py:151} INFO - [2026-04-22T05:25:00.348+0000] {dag.py:2915} INFO - Sync 1 DAGs
[2026-04-22T05:25:00.388+0000] {processor.py:179} INFO - Processing /opt/airflow/dags/embedding_sync_dag.py took 0.100 seconds
[2026-04-22T05:25:30.772+0000] {processor.py:157} INFO - Started process (PID=530) to work on /opt/airflow/dags/embedding_sync_dag.py
[2026-04-22T05:25:30.774+0000] {processor.py:829} INFO - Processing file /opt/airflow/dags/embedding_sync_dag.py for tasks to queue
[2026-04-22T05:25:30.776+0000] {logging_mixin.py:151} INFO - [2026-04-22T05:25:30.775+0000] {dagbag.py:539} INFO - Filling up the DagBag from /opt/airflow/dags/embedding_sync_dag.py
[2026-04-22T05:25:30.798+0000] {processor.py:839} INFO - DAG(s) dict_keys(['embedding_sync_dag']) retrieved from /opt/airflow/dags/embedding_sync_dag.py
[2026-04-22T05:25:30.830+0000] {logging_mixin.py:151} INFO - [2026-04-22T05:25:30.830+0000] {dag.py:2915} INFO - Sync 1 DAGs
[2026-04-22T05:25:30.865+0000] {processor.py:179} INFO - Processing /opt/airflow/dags/embedding_sync_dag.py took 0.105 seconds
[2026-04-22T05:26:01.187+0000] {processor.py:157} INFO - Started process (PID=548) to work on /opt/airflow/dags/embedding_sync_dag.py
[2026-04-22T05:26:01.189+0000] {processor.py:829} INFO - Processing file /opt/airflow/dags/embedding_sync_dag.py for tasks to queue
[2026-04-22T05:26:01.190+0000] {logging_mixin.py:151} INFO - [2026-04-22T05:26:01.189+0000] {dagbag.py:539} INFO - Filling up the DagBag from /opt/airflow/dags/embedding_sync_dag.py
[2026-04-22T05:26:01.208+0000] {processor.py:839} INFO - DAG(s) dict_keys(['embedding_sync_dag']) retrieved from /opt/airflow/dags/embedding_sync_dag.py
[2026-04-22T05:26:01.246+0000] {logging_mixin.py:151} INFO - [2026-04-22T05:26:01.246+0000] {dag.py:2915} INFO - Sync 1 DAGs
[2026-04-22T05:26:01.288+0000] {processor.py:179} INFO - Processing /opt/airflow/dags/embedding_sync_dag.py took 0.104 seconds
[2026-04-22T05:26:31.684+0000] {processor.py:157} INFO - Started process (PID=566) to work on /opt/airflow/dags/embedding_sync_dag.py
[2026-04-22T05:26:31.686+0000] {processor.py:829} INFO - Processing file /opt/airflow/dags/embedding_sync_dag.py for tasks to queue
[2026-04-22T05:26:31.688+0000] {logging_mixin.py:151} INFO - [2026-04-22T05:26:31.687+0000] {dagbag.py:539} INFO - Filling up the DagBag from /opt/airflow/dags/embedding_sync_dag.py
[2026-04-22T05:26:31.709+0000] {processor.py:839} INFO - DAG(s) dict_keys(['embedding_sync_dag']) retrieved from /opt/airflow/dags/embedding_sync_dag.py
[2026-04-22T05:26:31.745+0000] {logging_mixin.py:151} INFO - [2026-04-22T05:26:31.744+0000] {dag.py:2915} INFO - Sync 1 DAGs
[2026-04-22T05:26:31.783+0000] {processor.py:179} INFO - Processing /opt/airflow/dags/embedding_sync_dag.py took 0.108 seconds
[2026-04-22T05:27:02.150+0000] {processor.py:157} INFO - Started process (PID=584) to work on /opt/airflow/dags/embedding_sync_dag.py
[2026-04-22T05:27:02.152+0000] {processor.py:829} INFO - Processing file /opt/airflow/dags/embedding_sync_dag.py for tasks to queue
[2026-04-22T05:27:02.153+0000] {logging_mixin.py:151} INFO - [2026-04-22T05:27:02.152+0000] {dagbag.py:539} INFO - Filling up the DagBag from /opt/airflow/dags/embedding_sync_dag.py
[2026-04-22T05:27:02.172+0000] {processor.py:839} INFO - DAG(s) dict_keys(['embedding_sync_dag']) retrieved from /opt/airflow/dags/embedding_sync_dag.py
[2026-04-22T05:27:02.206+0000] {logging_mixin.py:151} INFO - [2026-04-22T05:27:02.206+0000] {dag.py:2915} INFO - Sync 1 DAGs
[2026-04-22T05:27:02.243+0000] {processor.py:179} INFO - Processing /opt/airflow/dags/embedding_sync_dag.py took 0.099 seconds
[2026-04-22T05:27:32.645+0000] {processor.py:157} INFO - Started process (PID=602) to work on /opt/airflow/dags/embedding_sync_dag.py
[2026-04-22T05:27:32.646+0000] {processor.py:829} INFO - Processing file /opt/airflow/dags/embedding_sync_dag.py for tasks to queue
[2026-04-22T05:27:32.646+0000] {logging_mixin.py:151} INFO - [2026-04-22T05:27:32.646+0000] {dagbag.py:539} INFO - Filling up the DagBag from /opt/airflow/dags/embedding_sync_dag.py
[2026-04-22T05:27:32.662+0000] {processor.py:839} INFO - DAG(s) dict_keys(['embedding_sync_dag']) retrieved from /opt/airflow/dags/embedding_sync_dag.py
[2026-04-22T05:27:32.696+0000] {logging_mixin.py:151} INFO - [2026-04-22T05:27:32.696+0000] {dag.py:2915} INFO - Sync 1 DAGs
[2026-04-22T05:27:32.733+0000] {processor.py:179} INFO - Processing /opt/airflow/dags/embedding_sync_dag.py took 0.092 seconds
[2026-04-22T05:28:03.101+0000] {processor.py:157} INFO - Started process (PID=620) to work on /opt/airflow/dags/embedding_sync_dag.py
[2026-04-22T05:28:03.102+0000] {processor.py:829} INFO - Processing file /opt/airflow/dags/embedding_sync_dag.py for tasks to queue
[2026-04-22T05:28:03.103+0000] {logging_mixin.py:151} INFO - [2026-04-22T05:28:03.103+0000] {dagbag.py:539} INFO - Filling up the DagBag from /opt/airflow/dags/embedding_sync_dag.py
[2026-04-22T05:28:03.124+0000] {processor.py:839} INFO - DAG(s) dict_keys(['embedding_sync_dag']) retrieved from /opt/airflow/dags/embedding_sync_dag.py
[2026-04-22T05:28:03.161+0000] {logging_mixin.py:151} INFO - [2026-04-22T05:28:03.161+0000] {dag.py:2915} INFO - Sync 1 DAGs
[2026-04-22T05:28:03.200+0000] {processor.py:179} INFO - Processing /opt/airflow/dags/embedding_sync_dag.py took 0.105 seconds
[2026-04-22T05:28:33.644+0000] {processor.py:157} INFO - Started process (PID=638) to work on /opt/airflow/dags/embedding_sync_dag.py
[2026-04-22T05:28:33.646+0000] {processor.py:829} INFO - Processing file /opt/airflow/dags/embedding_sync_dag.py for tasks to queue
[2026-04-22T05:28:33.647+0000] {logging_mixin.py:151} INFO - [2026-04-22T05:28:33.646+0000] {dagbag.py:539} INFO - Filling up the DagBag from /opt/airflow/dags/embedding_sync_dag.py
[2026-04-22T05:28:33.665+0000] {processor.py:839} INFO - DAG(s) dict_keys(['embedding_sync_dag']) retrieved from /opt/airflow/dags/embedding_sync_dag.py
[2026-04-22T05:28:33.700+0000] {logging_mixin.py:151} INFO - [2026-04-22T05:28:33.699+0000] {dag.py:2915} INFO - Sync 1 DAGs
[2026-04-22T05:28:33.738+0000] {processor.py:179} INFO - Processing /opt/airflow/dags/embedding_sync_dag.py took 0.100 seconds
[2026-04-22T05:29:04.132+0000] {processor.py:157} INFO - Started process (PID=656) to work on /opt/airflow/dags/embedding_sync_dag.py
[2026-04-22T05:29:04.134+0000] {processor.py:829} INFO - Processing file /opt/airflow/dags/embedding_sync_dag.py for tasks to queue
[2026-04-22T05:29:04.136+0000] {logging_mixin.py:151} INFO - [2026-04-22T05:29:04.135+0000] {dagbag.py:539} INFO - Filling up the DagBag from /opt/airflow/dags/embedding_sync_dag.py
[2026-04-22T05:29:04.159+0000] {processor.py:839} INFO - DAG(s) dict_keys(['embedding_sync_dag']) retrieved from /opt/airflow/dags/embedding_sync_dag.py
[2026-04-22T05:29:04.192+0000] {logging_mixin.py:151} INFO - [2026-04-22T05:29:04.192+0000] {dag.py:2915} INFO - Sync 1 DAGs
[2026-04-22T05:29:04.227+0000] {processor.py:179} INFO - Processing /opt/airflow/dags/embedding_sync_dag.py took 0.106 seconds
[2026-04-22T05:29:34.620+0000] {processor.py:157} INFO - Started process (PID=674) to work on /opt/airflow/dags/embedding_sync_dag.py
[2026-04-22T05:29:34.621+0000] {processor.py:829} INFO - Processing file /opt/airflow/dags/embedding_sync_dag.py for tasks to queue
[2026-04-22T05:29:34.622+0000] {logging_mixin.py:151} INFO - [2026-04-22T05:29:34.622+0000] {dagbag.py:539} INFO - Filling up the DagBag from /opt/airflow/dags/embedding_sync_dag.py
[2026-04-22T05:29:34.644+0000] {processor.py:839} INFO - DAG(s) dict_keys(['embedding_sync_dag']) retrieved from /opt/airflow/dags/embedding_sync_dag.py
[2026-04-22T05:29:34.682+0000] {logging_mixin.py:151} INFO - [2026-04-22T05:29:34.682+0000] {dag.py:2915} INFO - Sync 1 DAGs
[2026-04-22T05:29:34.723+0000] {processor.py:179} INFO - Processing /opt/airflow/dags/embedding_sync_dag.py took 0.109 seconds
[2026-04-22T05:30:05.109+0000] {processor.py:157} INFO - Started process (PID=692) to work on /opt/airflow/dags/embedding_sync_dag.py
[2026-04-22T05:30:05.110+0000] {processor.py:829} INFO - Processing file /opt/airflow/dags/embedding_sync_dag.py for tasks to queue
[2026-04-22T05:30:05.111+0000] {logging_mixin.py:151} INFO - [2026-04-22T05:30:05.110+0000] {dagbag.py:539} INFO - Filling up the DagBag from /opt/airflow/dags/embedding_sync_dag.py
[2026-04-22T05:30:05.129+0000] {processor.py:839} INFO - DAG(s) dict_keys(['embedding_sync_dag']) retrieved from /opt/airflow/dags/embedding_sync_dag.py
[2026-04-22T05:30:05.164+0000] {logging_mixin.py:151} INFO - [2026-04-22T05:30:05.164+0000] {dag.py:2915} INFO - Sync 1 DAGs
[2026-04-22T05:30:05.203+0000] {processor.py:179} INFO - Processing /opt/airflow/dags/embedding_sync_dag.py took 0.101 seconds
[2026-04-22T05:30:35.546+0000] {processor.py:157} INFO - Started process (PID=710) to work on /opt/airflow/dags/embedding_sync_dag.py
[2026-04-22T05:30:35.547+0000] {processor.py:829} INFO - Processing file /opt/airflow/dags/embedding_sync_dag.py for tasks to queue
[2026-04-22T05:30:35.548+0000] {logging_mixin.py:151} INFO - [2026-04-22T05:30:35.547+0000] {dagbag.py:539} INFO - Filling up the DagBag from /opt/airflow/dags/embedding_sync_dag.py
[2026-04-22T05:30:35.565+0000] {processor.py:839} INFO - DAG(s) dict_keys(['embedding_sync_dag']) retrieved from /opt/airflow/dags/embedding_sync_dag.py
[2026-04-22T05:30:35.602+0000] {logging_mixin.py:151} INFO - [2026-04-22T05:30:35.602+0000] {dag.py:2915} INFO - Sync 1 DAGs
[2026-04-22T05:30:35.646+0000] {processor.py:179} INFO - Processing /opt/airflow/dags/embedding_sync_dag.py took 0.105 seconds
[2026-04-22T05:31:06.043+0000] {processor.py:157} INFO - Started process (PID=728) to work on /opt/airflow/dags/embedding_sync_dag.py
[2026-04-22T05:31:06.045+0000] {processor.py:829} INFO - Processing file /opt/airflow/dags/embedding_sync_dag.py for tasks to queue
[2026-04-22T05:31:06.046+0000] {logging_mixin.py:151} INFO - [2026-04-22T05:31:06.045+0000] {dagbag.py:539} INFO - Filling up the DagBag from /opt/airflow/dags/embedding_sync_dag.py
[2026-04-22T05:31:06.066+0000] {processor.py:839} INFO - DAG(s) dict_keys(['embedding_sync_dag']) retrieved from /opt/airflow/dags/embedding_sync_dag.py
[2026-04-22T05:31:06.102+0000] {logging_mixin.py:151} INFO - [2026-04-22T05:31:06.102+0000] {dag.py:2915} INFO - Sync 1 DAGs
[2026-04-22T05:31:06.143+0000] {processor.py:179} INFO - Processing /opt/airflow/dags/embedding_sync_dag.py took 0.109 seconds
[2026-04-22T05:31:36.510+0000] {processor.py:157} INFO - Started process (PID=746) to work on /opt/airflow/dags/embedding_sync_dag.py
[2026-04-22T05:31:36.511+0000] {processor.py:829} INFO - Processing file /opt/airflow/dags/embedding_sync_dag.py for tasks to queue
[2026-04-22T05:31:36.512+0000] {logging_mixin.py:151} INFO - [2026-04-22T05:31:36.512+0000] {dagbag.py:539} INFO - Filling up the DagBag from /opt/airflow/dags/embedding_sync_dag.py
[2026-04-22T05:31:36.529+0000] {processor.py:839} INFO - DAG(s) dict_keys(['embedding_sync_dag']) retrieved from /opt/airflow/dags/embedding_sync_dag.py
[2026-04-22T05:31:36.568+0000] {logging_mixin.py:151} INFO - [2026-04-22T05:31:36.568+0000] {dag.py:2915} INFO - Sync 1 DAGs
[2026-04-22T05:31:36.610+0000] {processor.py:179} INFO - Processing /opt/airflow/dags/embedding_sync_dag.py took 0.105 seconds
[2026-04-22T05:32:07.021+0000] {processor.py:157} INFO - Started process (PID=764) to work on /opt/airflow/dags/embedding_sync_dag.py
[2026-04-22T05:32:07.022+0000] {processor.py:829} INFO - Processing file /opt/airflow/dags/embedding_sync_dag.py for tasks to queue
[2026-04-22T05:32:07.023+0000] {logging_mixin.py:151} INFO - [2026-04-22T05:32:07.023+0000] {dagbag.py:539} INFO - Filling up the DagBag from /opt/airflow/dags/embedding_sync_dag.py
[2026-04-22T05:32:07.042+0000] {processor.py:839} INFO - DAG(s) dict_keys(['embedding_sync_dag']) retrieved from /opt/airflow/dags/embedding_sync_dag.py
[2026-04-22T05:32:07.078+0000] {logging_mixin.py:151} INFO - [2026-04-22T05:32:07.078+0000] {dag.py:2915} INFO - Sync 1 DAGs
[2026-04-22T05:32:07.118+0000] {processor.py:179} INFO - Processing /opt/airflow/dags/embedding_sync_dag.py took 0.104 seconds
[2026-04-22T05:32:37.175+0000] {processor.py:157} INFO - Started process (PID=782) to work on /opt/airflow/dags/embedding_sync_dag.py
[2026-04-22T05:32:37.176+0000] {processor.py:829} INFO - Processing file /opt/airflow/dags/embedding_sync_dag.py for tasks to queue
[2026-04-22T05:32:37.177+0000] {logging_mixin.py:151} INFO - [2026-04-22T05:32:37.177+0000] {dagbag.py:539} INFO - Filling up the DagBag from /opt/airflow/dags/embedding_sync_dag.py
[2026-04-22T05:32:37.199+0000] {processor.py:839} INFO - DAG(s) dict_keys(['embedding_sync_dag']) retrieved from /opt/airflow/dags/embedding_sync_dag.py
[2026-04-22T05:32:37.235+0000] {logging_mixin.py:151} INFO - [2026-04-22T05:32:37.235+0000] {dag.py:2915} INFO - Sync 1 DAGs
[2026-04-22T05:32:37.274+0000] {processor.py:179} INFO - Processing /opt/airflow/dags/embedding_sync_dag.py took 0.106 seconds
[2026-04-22T05:33:07.692+0000] {processor.py:157} INFO - Started process (PID=800) to work on /opt/airflow/dags/embedding_sync_dag.py
[2026-04-22T05:33:07.693+0000] {processor.py:829} INFO - Processing file /opt/airflow/dags/embedding_sync_dag.py for tasks to queue
[2026-04-22T05:33:07.695+0000] {logging_mixin.py:151} INFO - [2026-04-22T05:33:07.694+0000] {dagbag.py:539} INFO - Filling up the DagBag from /opt/airflow/dags/embedding_sync_dag.py
[2026-04-22T05:33:07.720+0000] {processor.py:839} INFO - DAG(s) dict_keys(['embedding_sync_dag']) retrieved from /opt/airflow/dags/embedding_sync_dag.py
[2026-04-22T05:33:07.754+0000] {logging_mixin.py:151} INFO - [2026-04-22T05:33:07.754+0000] {dag.py:2915} INFO - Sync 1 DAGs
[2026-04-22T05:33:07.793+0000] {processor.py:179} INFO - Processing /opt/airflow/dags/embedding_sync_dag.py took 0.110 seconds
[2026-04-22T05:33:37.850+0000] {processor.py:157} INFO - Started process (PID=818) to work on /opt/airflow/dags/embedding_sync_dag.py
[2026-04-22T05:33:37.851+0000] {processor.py:829} INFO - Processing file /opt/airflow/dags/embedding_sync_dag.py for tasks to queue
[2026-04-22T05:33:37.853+0000] {logging_mixin.py:151} INFO - [2026-04-22T05:33:37.852+0000] {dagbag.py:539} INFO - Filling up the DagBag from /opt/airflow/dags/embedding_sync_dag.py
[2026-04-22T05:33:37.871+0000] {processor.py:839} INFO - DAG(s) dict_keys(['embedding_sync_dag']) retrieved from /opt/airflow/dags/embedding_sync_dag.py
[2026-04-22T05:33:37.906+0000] {logging_mixin.py:151} INFO - [2026-04-22T05:33:37.906+0000] {dag.py:2915} INFO - Sync 1 DAGs
[2026-04-22T05:33:37.946+0000] {processor.py:179} INFO - Processing /opt/airflow/dags/embedding_sync_dag.py took 0.105 seconds
[2026-04-22T05:34:08.375+0000] {processor.py:157} INFO - Started process (PID=836) to work on /opt/airflow/dags/embedding_sync_dag.py
[2026-04-22T05:34:08.377+0000] {processor.py:829} INFO - Processing file /opt/airflow/dags/embedding_sync_dag.py for tasks to queue
[2026-04-22T05:34:08.379+0000] {logging_mixin.py:151} INFO - [2026-04-22T05:34:08.378+0000] {dagbag.py:539} INFO - Filling up the DagBag from /opt/airflow/dags/embedding_sync_dag.py
[2026-04-22T05:34:08.400+0000] {processor.py:839} INFO - DAG(s) dict_keys(['embedding_sync_dag']) retrieved from /opt/airflow/dags/embedding_sync_dag.py
[2026-04-22T05:34:08.436+0000] {logging_mixin.py:151} INFO - [2026-04-22T05:34:08.435+0000] {dag.py:2915} INFO - Sync 1 DAGs
[2026-04-22T05:34:08.475+0000] {processor.py:179} INFO - Processing /opt/airflow/dags/embedding_sync_dag.py took 0.111 seconds
[2026-04-22T05:34:38.547+0000] {processor.py:157} INFO - Started process (PID=854) to work on /opt/airflow/dags/embedding_sync_dag.py
[2026-04-22T05:34:38.549+0000] {processor.py:829} INFO - Processing file /opt/airflow/dags/embedding_sync_dag.py for tasks to queue
[2026-04-22T05:34:38.550+0000] {logging_mixin.py:151} INFO - [2026-04-22T05:34:38.549+0000] {dagbag.py:539} INFO - Filling up the DagBag from /opt/airflow/dags/embedding_sync_dag.py
[2026-04-22T05:34:38.568+0000] {processor.py:839} INFO - DAG(s) dict_keys(['embedding_sync_dag']) retrieved from /opt/airflow/dags/embedding_sync_dag.py
[2026-04-22T05:34:38.603+0000] {logging_mixin.py:151} INFO - [2026-04-22T05:34:38.603+0000] {dag.py:2915} INFO - Sync 1 DAGs
[2026-04-22T05:34:38.641+0000] {processor.py:179} INFO - Processing /opt/airflow/dags/embedding_sync_dag.py took 0.103 seconds
[2026-04-22T05:35:09.067+0000] {processor.py:157} INFO - Started process (PID=872) to work on /opt/airflow/dags/embedding_sync_dag.py
[2026-04-22T05:35:09.068+0000] {processor.py:829} INFO - Processing file /opt/airflow/dags/embedding_sync_dag.py for tasks to queue
[2026-04-22T05:35:09.070+0000] {logging_mixin.py:151} INFO - [2026-04-22T05:35:09.070+0000] {dagbag.py:539} INFO - Filling up the DagBag from /opt/airflow/dags/embedding_sync_dag.py
[2026-04-22T05:35:09.091+0000] {processor.py:839} INFO - DAG(s) dict_keys(['embedding_sync_dag']) retrieved from /opt/airflow/dags/embedding_sync_dag.py
[2026-04-22T05:35:09.127+0000] {logging_mixin.py:151} INFO - [2026-04-22T05:35:09.127+0000] {dag.py:2915} INFO - Sync 1 DAGs
[2026-04-22T05:35:09.167+0000] {processor.py:179} INFO - Processing /opt/airflow/dags/embedding_sync_dag.py took 0.109 seconds
[2026-04-22T05:35:39.217+0000] {processor.py:157} INFO - Started process (PID=890) to work on /opt/airflow/dags/embedding_sync_dag.py
[2026-04-22T05:35:39.218+0000] {processor.py:829} INFO - Processing file /opt/airflow/dags/embedding_sync_dag.py for tasks to queue
[2026-04-22T05:35:39.219+0000] {logging_mixin.py:151} INFO - [2026-04-22T05:35:39.219+0000] {dagbag.py:539} INFO - Filling up the DagBag from /opt/airflow/dags/embedding_sync_dag.py
[2026-04-22T05:35:39.236+0000] {processor.py:839} INFO - DAG(s) dict_keys(['embedding_sync_dag']) retrieved from /opt/airflow/dags/embedding_sync_dag.py
[2026-04-22T05:35:39.270+0000] {logging_mixin.py:151} INFO - [2026-04-22T05:35:39.270+0000] {dag.py:2915} INFO - Sync 1 DAGs
[2026-04-22T05:35:39.308+0000] {processor.py:179} INFO - Processing /opt/airflow/dags/embedding_sync_dag.py took 0.096 seconds
[2026-04-22T05:36:09.714+0000] {processor.py:157} INFO - Started process (PID=908) to work on /opt/airflow/dags/embedding_sync_dag.py
[2026-04-22T05:36:09.716+0000] {processor.py:829} INFO - Processing file /opt/airflow/dags/embedding_sync_dag.py for tasks to queue
[2026-04-22T05:36:09.717+0000] {logging_mixin.py:151} INFO - [2026-04-22T05:36:09.717+0000] {dagbag.py:539} INFO - Filling up the DagBag from /opt/airflow/dags/embedding_sync_dag.py
[2026-04-22T05:36:09.736+0000] {processor.py:839} INFO - DAG(s) dict_keys(['embedding_sync_dag']) retrieved from /opt/airflow/dags/embedding_sync_dag.py
[2026-04-22T05:36:09.770+0000] {logging_mixin.py:151} INFO - [2026-04-22T05:36:09.770+0000] {dag.py:2915} INFO - Sync 1 DAGs
[2026-04-22T05:36:09.809+0000] {processor.py:179} INFO - Processing /opt/airflow/dags/embedding_sync_dag.py took 0.101 seconds
[2026-04-22T05:36:40.168+0000] {processor.py:157} INFO - Started process (PID=926) to work on /opt/airflow/dags/embedding_sync_dag.py
[2026-04-22T05:36:40.169+0000] {processor.py:829} INFO - Processing file /opt/airflow/dags/embedding_sync_dag.py for tasks to queue
[2026-04-22T05:36:40.170+0000] {logging_mixin.py:151} INFO - [2026-04-22T05:36:40.169+0000] {dagbag.py:539} INFO - Filling up the DagBag from /opt/airflow/dags/embedding_sync_dag.py
[2026-04-22T05:36:40.188+0000] {processor.py:839} INFO - DAG(s) dict_keys(['embedding_sync_dag']) retrieved from /opt/airflow/dags/embedding_sync_dag.py
[2026-04-22T05:36:40.223+0000] {logging_mixin.py:151} INFO - [2026-04-22T05:36:40.223+0000] {dag.py:2915} INFO - Sync 1 DAGs
[2026-04-22T05:36:40.264+0000] {processor.py:179} INFO - Processing /opt/airflow/dags/embedding_sync_dag.py took 0.104 seconds
[2026-04-22T05:37:10.338+0000] {processor.py:157} INFO - Started process (PID=944) to work on /opt/airflow/dags/embedding_sync_dag.py
[2026-04-22T05:37:10.339+0000] {processor.py:829} INFO - Processing file /opt/airflow/dags/embedding_sync_dag.py for tasks to queue
[2026-04-22T05:37:10.340+0000] {logging_mixin.py:151} INFO - [2026-04-22T05:37:10.340+0000] {dagbag.py:539} INFO - Filling up the DagBag from /opt/airflow/dags/embedding_sync_dag.py
[2026-04-22T05:37:10.357+0000] {processor.py:839} INFO - DAG(s) dict_keys(['embedding_sync_dag']) retrieved from /opt/airflow/dags/embedding_sync_dag.py
[2026-04-22T05:37:10.392+0000] {logging_mixin.py:151} INFO - [2026-04-22T05:37:10.392+0000] {dag.py:2915} INFO - Sync 1 DAGs
[2026-04-22T05:37:10.432+0000] {processor.py:179} INFO - Processing /opt/airflow/dags/embedding_sync_dag.py took 0.100 seconds
[2026-04-22T05:37:40.758+0000] {processor.py:157} INFO - Started process (PID=962) to work on /opt/airflow/dags/embedding_sync_dag.py
[2026-04-22T05:37:40.759+0000] {processor.py:829} INFO - Processing file /opt/airflow/dags/embedding_sync_dag.py for tasks to queue
[2026-04-22T05:37:40.760+0000] {logging_mixin.py:151} INFO - [2026-04-22T05:37:40.760+0000] {dagbag.py:539} INFO - Filling up the DagBag from /opt/airflow/dags/embedding_sync_dag.py
[2026-04-22T05:37:40.777+0000] {processor.py:839} INFO - DAG(s) dict_keys(['embedding_sync_dag']) retrieved from /opt/airflow/dags/embedding_sync_dag.py
[2026-04-22T05:37:40.812+0000] {logging_mixin.py:151} INFO - [2026-04-22T05:37:40.812+0000] {dag.py:2915} INFO - Sync 1 DAGs
[2026-04-22T05:37:40.852+0000] {processor.py:179} INFO - Processing /opt/airflow/dags/embedding_sync_dag.py took 0.097 seconds
[2026-04-22T05:38:11.256+0000] {processor.py:157} INFO - Started process (PID=980) to work on /opt/airflow/dags/embedding_sync_dag.py
[2026-04-22T05:38:11.257+0000] {processor.py:829} INFO - Processing file /opt/airflow/dags/embedding_sync_dag.py for tasks to queue
[2026-04-22T05:38:11.258+0000] {logging_mixin.py:151} INFO - [2026-04-22T05:38:11.258+0000] {dagbag.py:539} INFO - Filling up the DagBag from /opt/airflow/dags/embedding_sync_dag.py
[2026-04-22T05:38:11.279+0000] {processor.py:839} INFO - DAG(s) dict_keys(['embedding_sync_dag']) retrieved from /opt/airflow/dags/embedding_sync_dag.py
[2026-04-22T05:38:11.314+0000] {logging_mixin.py:151} INFO - [2026-04-22T05:38:11.314+0000] {dag.py:2915} INFO - Sync 1 DAGs
[2026-04-22T05:38:11.354+0000] {processor.py:179} INFO - Processing /opt/airflow/dags/embedding_sync_dag.py took 0.104 seconds
[2026-04-22T05:38:41.404+0000] {processor.py:157} INFO - Started process (PID=998) to work on /opt/airflow/dags/embedding_sync_dag.py
[2026-04-22T05:38:41.405+0000] {processor.py:829} INFO - Processing file /opt/airflow/dags/embedding_sync_dag.py for tasks to queue
[2026-04-22T05:38:41.406+0000] {logging_mixin.py:151} INFO - [2026-04-22T05:38:41.405+0000] {dagbag.py:539} INFO - Filling up the DagBag from /opt/airflow/dags/embedding_sync_dag.py
[2026-04-22T05:38:41.423+0000] {processor.py:839} INFO - DAG(s) dict_keys(['embedding_sync_dag']) retrieved from /opt/airflow/dags/embedding_sync_dag.py
[2026-04-22T05:38:41.458+0000] {logging_mixin.py:151} INFO - [2026-04-22T05:38:41.458+0000] {dag.py:2915} INFO - Sync 1 DAGs
[2026-04-22T05:38:41.497+0000] {processor.py:179} INFO - Processing /opt/airflow/dags/embedding_sync_dag.py took 0.098 seconds
[2026-04-22T05:39:11.938+0000] {processor.py:157} INFO - Started process (PID=1016) to work on /opt/airflow/dags/embedding_sync_dag.py
[2026-04-22T05:39:11.939+0000] {processor.py:829} INFO - Processing file /opt/airflow/dags/embedding_sync_dag.py for tasks to queue
[2026-04-22T05:39:11.940+0000] {logging_mixin.py:151} INFO - [2026-04-22T05:39:11.940+0000] {dagbag.py:539} INFO - Filling up the DagBag from /opt/airflow/dags/embedding_sync_dag.py
[2026-04-22T05:39:11.962+0000] {processor.py:839} INFO - DAG(s) dict_keys(['embedding_sync_dag']) retrieved from /opt/airflow/dags/embedding_sync_dag.py
[2026-04-22T05:39:11.997+0000] {logging_mixin.py:151} INFO - [2026-04-22T05:39:11.997+0000] {dag.py:2915} INFO - Sync 1 DAGs
[2026-04-22T05:39:12.037+0000] {processor.py:179} INFO - Processing /opt/airflow/dags/embedding_sync_dag.py took 0.105 seconds
[2026-04-22T05:39:42.466+0000] {processor.py:157} INFO - Started process (PID=1034) to work on /opt/airflow/dags/embedding_sync_dag.py
[2026-04-22T05:39:42.468+0000] {processor.py:829} INFO - Processing file /opt/airflow/dags/embedding_sync_dag.py for tasks to queue
[2026-04-22T05:39:42.469+0000] {logging_mixin.py:151} INFO - [2026-04-22T05:39:42.469+0000] {dagbag.py:539} INFO - Filling up the DagBag from /opt/airflow/dags/embedding_sync_dag.py
[2026-04-22T05:39:42.488+0000] {processor.py:839} INFO - DAG(s) dict_keys(['embedding_sync_dag']) retrieved from /opt/airflow/dags/embedding_sync_dag.py
[2026-04-22T05:39:42.523+0000] {logging_mixin.py:151} INFO - [2026-04-22T05:39:42.523+0000] {dag.py:2915} INFO - Sync 1 DAGs
[2026-04-22T05:39:42.563+0000] {processor.py:179} INFO - Processing /opt/airflow/dags/embedding_sync_dag.py took 0.105 seconds
[2026-04-22T05:40:12.780+0000] {processor.py:157} INFO - Started process (PID=1052) to work on /opt/airflow/dags/embedding_sync_dag.py
[2026-04-22T05:40:12.781+0000] {processor.py:829} INFO - Processing file /opt/airflow/dags/embedding_sync_dag.py for tasks to queue
[2026-04-22T05:40:12.782+0000] {logging_mixin.py:151} INFO - [2026-04-22T05:40:12.782+0000] {dagbag.py:539} INFO - Filling up the DagBag from /opt/airflow/dags/embedding_sync_dag.py
[2026-04-22T05:40:12.799+0000] {processor.py:839} INFO - DAG(s) dict_keys(['embedding_sync_dag']) retrieved from /opt/airflow/dags/embedding_sync_dag.py
[2026-04-22T05:40:12.838+0000] {logging_mixin.py:151} INFO - [2026-04-22T05:40:12.838+0000] {dag.py:2915} INFO - Sync 1 DAGs
[2026-04-22T05:40:12.873+0000] {processor.py:179} INFO - Processing /opt/airflow/dags/embedding_sync_dag.py took 0.096 seconds
[2026-04-22T05:40:43.234+0000] {processor.py:157} INFO - Started process (PID=1070) to work on /opt/airflow/dags/embedding_sync_dag.py
[2026-04-22T05:40:43.235+0000] {processor.py:829} INFO - Processing file /opt/airflow/dags/embedding_sync_dag.py for tasks to queue
[2026-04-22T05:40:43.236+0000] {logging_mixin.py:151} INFO - [2026-04-22T05:40:43.235+0000] {dagbag.py:539} INFO - Filling up the DagBag from /opt/airflow/dags/embedding_sync_dag.py
[2026-04-22T05:40:43.252+0000] {processor.py:839} INFO - DAG(s) dict_keys(['embedding_sync_dag']) retrieved from /opt/airflow/dags/embedding_sync_dag.py
[2026-04-22T05:40:43.286+0000] {logging_mixin.py:151} INFO - [2026-04-22T05:40:43.286+0000] {dag.py:2915} INFO - Sync 1 DAGs
[2026-04-22T05:40:43.321+0000] {processor.py:179} INFO - Processing /opt/airflow/dags/embedding_sync_dag.py took 0.091 seconds
[2026-04-22T05:41:13.692+0000] {processor.py:157} INFO - Started process (PID=1088) to work on /opt/airflow/dags/embedding_sync_dag.py
[2026-04-22T05:41:13.693+0000] {processor.py:829} INFO - Processing file /opt/airflow/dags/embedding_sync_dag.py for tasks to queue
[2026-04-22T05:41:13.694+0000] {logging_mixin.py:151} INFO - [2026-04-22T05:41:13.694+0000] {dagbag.py:539} INFO - Filling up the DagBag from /opt/airflow/dags/embedding_sync_dag.py
[2026-04-22T05:41:13.710+0000] {processor.py:839} INFO - DAG(s) dict_keys(['embedding_sync_dag']) retrieved from /opt/airflow/dags/embedding_sync_dag.py
[2026-04-22T05:41:13.744+0000] {logging_mixin.py:151} INFO - [2026-04-22T05:41:13.744+0000] {dag.py:2915} INFO - Sync 1 DAGs
[2026-04-22T05:41:13.781+0000] {processor.py:179} INFO - Processing /opt/airflow/dags/embedding_sync_dag.py took 0.092 seconds
[2026-04-22T05:41:44.168+0000] {processor.py:157} INFO - Started process (PID=1106) to work on /opt/airflow/dags/embedding_sync_dag.py
[2026-04-22T05:41:44.171+0000] {processor.py:829} INFO - Processing file /opt/airflow/dags/embedding_sync_dag.py for tasks to queue
[2026-04-22T05:41:44.172+0000] {logging_mixin.py:151} INFO - [2026-04-22T05:41:44.171+0000] {dagbag.py:539} INFO - Filling up the DagBag from /opt/airflow/dags/embedding_sync_dag.py
[2026-04-22T05:41:44.193+0000] {processor.py:839} INFO - DAG(s) dict_keys(['embedding_sync_dag']) retrieved from /opt/airflow/dags/embedding_sync_dag.py
[2026-04-22T05:41:44.227+0000] {logging_mixin.py:151} INFO - [2026-04-22T05:41:44.227+0000] {dag.py:2915} INFO - Sync 1 DAGs
[2026-04-22T05:41:44.263+0000] {processor.py:179} INFO - Processing /opt/airflow/dags/embedding_sync_dag.py took 0.106 seconds
[2026-04-22T05:42:14.611+0000] {processor.py:157} INFO - Started process (PID=1124) to work on /opt/airflow/dags/embedding_sync_dag.py
[2026-04-22T05:42:14.612+0000] {processor.py:829} INFO - Processing file /opt/airflow/dags/embedding_sync_dag.py for tasks to queue
[2026-04-22T05:42:14.613+0000] {logging_mixin.py:151} INFO - [2026-04-22T05:42:14.613+0000] {dagbag.py:539} INFO - Filling up the DagBag from /opt/airflow/dags/embedding_sync_dag.py
[2026-04-22T05:42:14.634+0000] {processor.py:839} INFO - DAG(s) dict_keys(['embedding_sync_dag']) retrieved from /opt/airflow/dags/embedding_sync_dag.py
[2026-04-22T05:42:14.669+0000] {logging_mixin.py:151} INFO - [2026-04-22T05:42:14.669+0000] {dag.py:2915} INFO - Sync 1 DAGs
[2026-04-22T05:42:14.707+0000] {processor.py:179} INFO - Processing /opt/airflow/dags/embedding_sync_dag.py took 0.100 seconds
[2026-04-22T05:42:45.049+0000] {processor.py:157} INFO - Started process (PID=1142) to work on /opt/airflow/dags/embedding_sync_dag.py
[2026-04-22T05:42:45.050+0000] {processor.py:829} INFO - Processing file /opt/airflow/dags/embedding_sync_dag.py for tasks to queue
[2026-04-22T05:42:45.052+0000] {logging_mixin.py:151} INFO - [2026-04-22T05:42:45.051+0000] {dagbag.py:539} INFO - Filling up the DagBag from /opt/airflow/dags/embedding_sync_dag.py
[2026-04-22T05:42:45.074+0000] {processor.py:839} INFO - DAG(s) dict_keys(['embedding_sync_dag']) retrieved from /opt/airflow/dags/embedding_sync_dag.py
[2026-04-22T05:42:45.110+0000] {logging_mixin.py:151} INFO - [2026-04-22T05:42:45.110+0000] {dag.py:2915} INFO - Sync 1 DAGs
[2026-04-22T05:42:45.151+0000] {processor.py:179} INFO - Processing /opt/airflow/dags/embedding_sync_dag.py took 0.108 seconds
[2026-04-22T05:43:15.489+0000] {processor.py:157} INFO - Started process (PID=1160) to work on /opt/airflow/dags/embedding_sync_dag.py
[2026-04-22T05:43:15.490+0000] {processor.py:829} INFO - Processing file /opt/airflow/dags/embedding_sync_dag.py for tasks to queue
[2026-04-22T05:43:15.491+0000] {logging_mixin.py:151} INFO - [2026-04-22T05:43:15.490+0000] {dagbag.py:539} INFO - Filling up the DagBag from /opt/airflow/dags/embedding_sync_dag.py
[2026-04-22T05:43:15.507+0000] {processor.py:839} INFO - DAG(s) dict_keys(['embedding_sync_dag']) retrieved from /opt/airflow/dags/embedding_sync_dag.py
[2026-04-22T05:43:15.563+0000] {logging_mixin.py:151} INFO - [2026-04-22T05:43:15.563+0000] {dag.py:2915} INFO - Sync 1 DAGs
[2026-04-22T05:43:15.606+0000] {processor.py:179} INFO - Processing /opt/airflow/dags/embedding_sync_dag.py took 0.121 seconds
[2026-04-22T05:43:46.009+0000] {processor.py:157} INFO - Started process (PID=1178) to work on /opt/airflow/dags/embedding_sync_dag.py
[2026-04-22T05:43:46.010+0000] {processor.py:829} INFO - Processing file /opt/airflow/dags/embedding_sync_dag.py for tasks to queue
[2026-04-22T05:43:46.012+0000] {logging_mixin.py:151} INFO - [2026-04-22T05:43:46.011+0000] {dagbag.py:539} INFO - Filling up the DagBag from /opt/airflow/dags/embedding_sync_dag.py
[2026-04-22T05:43:46.030+0000] {processor.py:839} INFO - DAG(s) dict_keys(['embedding_sync_dag']) retrieved from /opt/airflow/dags/embedding_sync_dag.py
[2026-04-22T05:43:46.066+0000] {logging_mixin.py:151} INFO - [2026-04-22T05:43:46.066+0000] {dag.py:2915} INFO - Sync 1 DAGs
[2026-04-22T05:43:46.108+0000] {processor.py:179} INFO - Processing /opt/airflow/dags/embedding_sync_dag.py took 0.108 seconds
[2026-04-22T05:44:16.346+0000] {processor.py:157} INFO - Started process (PID=1193) to work on /opt/airflow/dags/embedding_sync_dag.py
[2026-04-22T05:44:16.347+0000] {processor.py:829} INFO - Processing file /opt/airflow/dags/embedding_sync_dag.py for tasks to queue
[2026-04-22T05:44:16.348+0000] {logging_mixin.py:151} INFO - [2026-04-22T05:44:16.347+0000] {dagbag.py:539} INFO - Filling up the DagBag from /opt/airflow/dags/embedding_sync_dag.py
[2026-04-22T05:44:16.365+0000] {processor.py:839} INFO - DAG(s) dict_keys(['embedding_sync_dag']) retrieved from /opt/airflow/dags/embedding_sync_dag.py
[2026-04-22T05:44:16.404+0000] {logging_mixin.py:151} INFO - [2026-04-22T05:44:16.404+0000] {dag.py:2915} INFO - Sync 1 DAGs
[2026-04-22T05:44:16.454+0000] {processor.py:179} INFO - Processing /opt/airflow/dags/embedding_sync_dag.py took 0.112 seconds
[2026-04-22T05:44:46.698+0000] {processor.py:157} INFO - Started process (PID=1208) to work on /opt/airflow/dags/embedding_sync_dag.py
[2026-04-22T05:44:46.699+0000] {processor.py:829} INFO - Processing file /opt/airflow/dags/embedding_sync_dag.py for tasks to queue
[2026-04-22T05:44:46.700+0000] {logging_mixin.py:151} INFO - [2026-04-22T05:44:46.700+0000] {dagbag.py:539} INFO - Filling up the DagBag from /opt/airflow/dags/embedding_sync_dag.py
[2026-04-22T05:44:46.717+0000] {processor.py:839} INFO - DAG(s) dict_keys(['embedding_sync_dag']) retrieved from /opt/airflow/dags/embedding_sync_dag.py
[2026-04-22T05:44:46.752+0000] {logging_mixin.py:151} INFO - [2026-04-22T05:44:46.751+0000] {dag.py:2915} INFO - Sync 1 DAGs
[2026-04-22T05:44:46.790+0000] {processor.py:179} INFO - Processing /opt/airflow/dags/embedding_sync_dag.py took 0.097 seconds
[2026-04-22T05:45:17.033+0000] {processor.py:157} INFO - Started process (PID=1226) to work on /opt/airflow/dags/embedding_sync_dag.py
[2026-04-22T05:45:17.034+0000] {processor.py:829} INFO - Processing file /opt/airflow/dags/embedding_sync_dag.py for tasks to queue
[2026-04-22T05:45:17.035+0000] {logging_mixin.py:151} INFO - [2026-04-22T05:45:17.035+0000] {dagbag.py:539} INFO - Filling up the DagBag from /opt/airflow/dags/embedding_sync_dag.py
[2026-04-22T05:45:17.052+0000] {processor.py:839} INFO - DAG(s) dict_keys(['embedding_sync_dag']) retrieved from /opt/airflow/dags/embedding_sync_dag.py
[2026-04-22T05:45:17.087+0000] {logging_mixin.py:151} INFO - [2026-04-22T05:45:17.087+0000] {dag.py:2915} INFO - Sync 1 DAGs
[2026-04-22T05:45:17.128+0000] {processor.py:179} INFO - Processing /opt/airflow/dags/embedding_sync_dag.py took 0.100 seconds
[2026-04-22T05:45:47.201+0000] {processor.py:157} INFO - Started process (PID=1244) to work on /opt/airflow/dags/embedding_sync_dag.py
[2026-04-22T05:45:47.201+0000] {processor.py:829} INFO - Processing file /opt/airflow/dags/embedding_sync_dag.py for tasks to queue
[2026-04-22T05:45:47.202+0000] {logging_mixin.py:151} INFO - [2026-04-22T05:45:47.202+0000] {dagbag.py:539} INFO - Filling up the DagBag from /opt/airflow/dags/embedding_sync_dag.py
[2026-04-22T05:45:47.218+0000] {processor.py:839} INFO - DAG(s) dict_keys(['embedding_sync_dag']) retrieved from /opt/airflow/dags/embedding_sync_dag.py
[2026-04-22T05:45:47.253+0000] {logging_mixin.py:151} INFO - [2026-04-22T05:45:47.253+0000] {dag.py:2915} INFO - Sync 1 DAGs
[2026-04-22T05:45:47.290+0000] {processor.py:179} INFO - Processing /opt/airflow/dags/embedding_sync_dag.py took 0.093 seconds
[2026-04-22T05:46:17.583+0000] {processor.py:157} INFO - Started process (PID=1262) to work on /opt/airflow/dags/embedding_sync_dag.py
[2026-04-22T05:46:17.586+0000] {processor.py:829} INFO - Processing file /opt/airflow/dags/embedding_sync_dag.py for tasks to queue
[2026-04-22T05:46:17.588+0000] {logging_mixin.py:151} INFO - [2026-04-22T05:46:17.587+0000] {dagbag.py:539} INFO - Filling up the DagBag from /opt/airflow/dags/embedding_sync_dag.py
[2026-04-22T05:46:17.610+0000] {processor.py:839} INFO - DAG(s) dict_keys(['embedding_sync_dag']) retrieved from /opt/airflow/dags/embedding_sync_dag.py
[2026-04-22T05:46:17.646+0000] {logging_mixin.py:151} INFO - [2026-04-22T05:46:17.646+0000] {dag.py:2915} INFO - Sync 1 DAGs
[2026-04-22T05:46:17.687+0000] {processor.py:179} INFO - Processing /opt/airflow/dags/embedding_sync_dag.py took 0.115 seconds
[2026-04-22T05:46:47.931+0000] {processor.py:157} INFO - Started process (PID=1280) to work on /opt/airflow/dags/embedding_sync_dag.py
[2026-04-22T05:46:47.932+0000] {processor.py:829} INFO - Processing file /opt/airflow/dags/embedding_sync_dag.py for tasks to queue
[2026-04-22T05:46:47.933+0000] {logging_mixin.py:151} INFO - [2026-04-22T05:46:47.933+0000] {dagbag.py:539} INFO - Filling up the DagBag from /opt/airflow/dags/embedding_sync_dag.py
[2026-04-22T05:46:47.949+0000] {processor.py:839} INFO - DAG(s) dict_keys(['embedding_sync_dag']) retrieved from /opt/airflow/dags/embedding_sync_dag.py
[2026-04-22T05:46:47.982+0000] {logging_mixin.py:151} INFO - [2026-04-22T05:46:47.982+0000] {dag.py:2915} INFO - Sync 1 DAGs
[2026-04-22T05:46:48.019+0000] {processor.py:179} INFO - Processing /opt/airflow/dags/embedding_sync_dag.py took 0.093 seconds
[2026-04-22T05:47:18.224+0000] {processor.py:157} INFO - Started process (PID=1298) to work on /opt/airflow/dags/embedding_sync_dag.py
[2026-04-22T05:47:18.225+0000] {processor.py:829} INFO - Processing file /opt/airflow/dags/embedding_sync_dag.py for tasks to queue
[2026-04-22T05:47:18.226+0000] {logging_mixin.py:151} INFO - [2026-04-22T05:47:18.225+0000] {dagbag.py:539} INFO - Filling up the DagBag from /opt/airflow/dags/embedding_sync_dag.py
[2026-04-22T05:47:18.241+0000] {processor.py:839} INFO - DAG(s) dict_keys(['embedding_sync_dag']) retrieved from /opt/airflow/dags/embedding_sync_dag.py
[2026-04-22T05:47:18.275+0000] {logging_mixin.py:151} INFO - [2026-04-22T05:47:18.275+0000] {dag.py:2915} INFO - Sync 1 DAGs
[2026-04-22T05:47:18.311+0000] {processor.py:179} INFO - Processing /opt/airflow/dags/embedding_sync_dag.py took 0.090 seconds
[2026-04-22T05:47:48.574+0000] {processor.py:157} INFO - Started process (PID=1316) to work on /opt/airflow/dags/embedding_sync_dag.py
[2026-04-22T05:47:48.575+0000] {processor.py:829} INFO - Processing file /opt/airflow/dags/embedding_sync_dag.py for tasks to queue
[2026-04-22T05:47:48.577+0000] {logging_mixin.py:151} INFO - [2026-04-22T05:47:48.576+0000] {dagbag.py:539} INFO - Filling up the DagBag from /opt/airflow/dags/embedding_sync_dag.py
[2026-04-22T05:47:48.597+0000] {processor.py:839} INFO - DAG(s) dict_keys(['embedding_sync_dag']) retrieved from /opt/airflow/dags/embedding_sync_dag.py
[2026-04-22T05:47:48.632+0000] {logging_mixin.py:151} INFO - [2026-04-22T05:47:48.632+0000] {dag.py:2915} INFO - Sync 1 DAGs
[2026-04-22T05:47:48.670+0000] {processor.py:179} INFO - Processing /opt/airflow/dags/embedding_sync_dag.py took 0.108 seconds
[2026-04-22T05:48:18.927+0000] {processor.py:157} INFO - Started process (PID=1334) to work on /opt/airflow/dags/embedding_sync_dag.py
[2026-04-22T05:48:18.929+0000] {processor.py:829} INFO - Processing file /opt/airflow/dags/embedding_sync_dag.py for tasks to queue
[2026-04-22T05:48:18.931+0000] {logging_mixin.py:151} INFO - [2026-04-22T05:48:18.930+0000] {dagbag.py:539} INFO - Filling up the DagBag from /opt/airflow/dags/embedding_sync_dag.py
[2026-04-22T05:48:18.955+0000] {processor.py:839} INFO - DAG(s) dict_keys(['embedding_sync_dag']) retrieved from /opt/airflow/dags/embedding_sync_dag.py
[2026-04-22T05:48:18.991+0000] {logging_mixin.py:151} INFO - [2026-04-22T05:48:18.991+0000] {dag.py:2915} INFO - Sync 1 DAGs
[2026-04-22T05:48:19.031+0000] {processor.py:179} INFO - Processing /opt/airflow/dags/embedding_sync_dag.py took 0.117 seconds
[2026-04-22T05:48:49.508+0000] {processor.py:157} INFO - Started process (PID=1352) to work on /opt/airflow/dags/embedding_sync_dag.py
[2026-04-22T05:48:49.509+0000] {processor.py:829} INFO - Processing file /opt/airflow/dags/embedding_sync_dag.py for tasks to queue
[2026-04-22T05:48:49.510+0000] {logging_mixin.py:151} INFO - [2026-04-22T05:48:49.509+0000] {dagbag.py:539} INFO - Filling up the DagBag from /opt/airflow/dags/embedding_sync_dag.py
[2026-04-22T05:48:49.526+0000] {processor.py:839} INFO - DAG(s) dict_keys(['embedding_sync_dag']) retrieved from /opt/airflow/dags/embedding_sync_dag.py
[2026-04-22T05:48:49.563+0000] {logging_mixin.py:151} INFO - [2026-04-22T05:48:49.562+0000] {dag.py:2915} INFO - Sync 1 DAGs
[2026-04-22T05:48:49.603+0000] {processor.py:179} INFO - Processing /opt/airflow/dags/embedding_sync_dag.py took 0.099 seconds
[2026-04-22T05:49:20.036+0000] {processor.py:157} INFO - Started process (PID=1370) to work on /opt/airflow/dags/embedding_sync_dag.py
[2026-04-22T05:49:20.036+0000] {processor.py:829} INFO - Processing file /opt/airflow/dags/embedding_sync_dag.py for tasks to queue
[2026-04-22T05:49:20.037+0000] {logging_mixin.py:151} INFO - [2026-04-22T05:49:20.037+0000] {dagbag.py:539} INFO - Filling up the DagBag from /opt/airflow/dags/embedding_sync_dag.py
[2026-04-22T05:49:20.053+0000] {processor.py:839} INFO - DAG(s) dict_keys(['embedding_sync_dag']) retrieved from /opt/airflow/dags/embedding_sync_dag.py
[2026-04-22T05:49:20.087+0000] {logging_mixin.py:151} INFO - [2026-04-22T05:49:20.087+0000] {dag.py:2915} INFO - Sync 1 DAGs
[2026-04-22T05:49:20.123+0000] {processor.py:179} INFO - Processing /opt/airflow/dags/embedding_sync_dag.py took 0.091 seconds
[2026-04-22T05:49:50.502+0000] {processor.py:157} INFO - Started process (PID=1388) to work on /opt/airflow/dags/embedding_sync_dag.py
[2026-04-22T05:49:50.503+0000] {processor.py:829} INFO - Processing file /opt/airflow/dags/embedding_sync_dag.py for tasks to queue
[2026-04-22T05:49:50.504+0000] {logging_mixin.py:151} INFO - [2026-04-22T05:49:50.504+0000] {dagbag.py:539} INFO - Filling up the DagBag from /opt/airflow/dags/embedding_sync_dag.py
[2026-04-22T05:49:50.521+0000] {processor.py:839} INFO - DAG(s) dict_keys(['embedding_sync_dag']) retrieved from /opt/airflow/dags/embedding_sync_dag.py
[2026-04-22T05:49:50.556+0000] {logging_mixin.py:151} INFO - [2026-04-22T05:49:50.556+0000] {dag.py:2915} INFO - Sync 1 DAGs
[2026-04-22T05:49:50.594+0000] {processor.py:179} INFO - Processing /opt/airflow/dags/embedding_sync_dag.py took 0.099 seconds
[2026-04-22T05:50:21.014+0000] {processor.py:157} INFO - Started process (PID=1406) to work on /opt/airflow/dags/embedding_sync_dag.py
[2026-04-22T05:50:21.016+0000] {processor.py:829} INFO - Processing file /opt/airflow/dags/embedding_sync_dag.py for tasks to queue
[2026-04-22T05:50:21.018+0000] {logging_mixin.py:151} INFO - [2026-04-22T05:50:21.017+0000] {dagbag.py:539} INFO - Filling up the DagBag from /opt/airflow/dags/embedding_sync_dag.py
[2026-04-22T05:50:21.039+0000] {processor.py:839} INFO - DAG(s) dict_keys(['embedding_sync_dag']) retrieved from /opt/airflow/dags/embedding_sync_dag.py
[2026-04-22T05:50:21.073+0000] {logging_mixin.py:151} INFO - [2026-04-22T05:50:21.072+0000] {dag.py:2915} INFO - Sync 1 DAGs
[2026-04-22T05:50:21.109+0000] {processor.py:179} INFO - Processing /opt/airflow/dags/embedding_sync_dag.py took 0.106 seconds
[2026-04-22T05:50:51.162+0000] {processor.py:157} INFO - Started process (PID=1424) to work on /opt/airflow/dags/embedding_sync_dag.py
[2026-04-22T05:50:51.164+0000] {processor.py:829} INFO - Processing file /opt/airflow/dags/embedding_sync_dag.py for tasks to queue
[2026-04-22T05:50:51.165+0000] {logging_mixin.py:151} INFO - [2026-04-22T05:50:51.164+0000] {dagbag.py:539} INFO - Filling up the DagBag from /opt/airflow/dags/embedding_sync_dag.py
[2026-04-22T05:50:51.190+0000] {processor.py:839} INFO - DAG(s) dict_keys(['embedding_sync_dag']) retrieved from /opt/airflow/dags/embedding_sync_dag.py
[2026-04-22T05:50:51.231+0000] {logging_mixin.py:151} INFO - [2026-04-22T05:50:51.231+0000] {dag.py:2915} INFO - Sync 1 DAGs
[2026-04-22T05:50:51.270+0000] {processor.py:179} INFO - Processing /opt/airflow/dags/embedding_sync_dag.py took 0.113 seconds
[2026-04-22T05:51:21.690+0000] {processor.py:157} INFO - Started process (PID=1442) to work on /opt/airflow/dags/embedding_sync_dag.py
[2026-04-22T05:51:21.692+0000] {processor.py:829} INFO - Processing file /opt/airflow/dags/embedding_sync_dag.py for tasks to queue
[2026-04-22T05:51:21.694+0000] {logging_mixin.py:151} INFO - [2026-04-22T05:51:21.693+0000] {dagbag.py:539} INFO - Filling up the DagBag from /opt/airflow/dags/embedding_sync_dag.py
[2026-04-22T05:51:21.714+0000] {processor.py:839} INFO - DAG(s) dict_keys(['embedding_sync_dag']) retrieved from /opt/airflow/dags/embedding_sync_dag.py
[2026-04-22T05:51:21.749+0000] {logging_mixin.py:151} INFO - [2026-04-22T05:51:21.749+0000] {dag.py:2915} INFO - Sync 1 DAGs
[2026-04-22T05:51:21.789+0000] {processor.py:179} INFO - Processing /opt/airflow/dags/embedding_sync_dag.py took 0.107 seconds
[2026-04-22T05:51:52.178+0000] {processor.py:157} INFO - Started process (PID=1460) to work on /opt/airflow/dags/embedding_sync_dag.py
[2026-04-22T05:51:52.180+0000] {processor.py:829} INFO - Processing file /opt/airflow/dags/embedding_sync_dag.py for tasks to queue
[2026-04-22T05:51:52.181+0000] {logging_mixin.py:151} INFO - [2026-04-22T05:51:52.181+0000] {dagbag.py:539} INFO - Filling up the DagBag from /opt/airflow/dags/embedding_sync_dag.py
[2026-04-22T05:51:52.200+0000] {processor.py:839} INFO - DAG(s) dict_keys(['embedding_sync_dag']) retrieved from /opt/airflow/dags/embedding_sync_dag.py
[2026-04-22T05:51:52.236+0000] {logging_mixin.py:151} INFO - [2026-04-22T05:51:52.235+0000] {dag.py:2915} INFO - Sync 1 DAGs
[2026-04-22T05:51:52.275+0000] {processor.py:179} INFO - Processing /opt/airflow/dags/embedding_sync_dag.py took 0.103 seconds
[2026-04-22T05:52:22.708+0000] {processor.py:157} INFO - Started process (PID=1478) to work on /opt/airflow/dags/embedding_sync_dag.py
[2026-04-22T05:52:22.710+0000] {processor.py:829} INFO - Processing file /opt/airflow/dags/embedding_sync_dag.py for tasks to queue
[2026-04-22T05:52:22.711+0000] {logging_mixin.py:151} INFO - [2026-04-22T05:52:22.710+0000] {dagbag.py:539} INFO - Filling up the DagBag from /opt/airflow/dags/embedding_sync_dag.py
[2026-04-22T05:52:22.729+0000] {processor.py:839} INFO - DAG(s) dict_keys(['embedding_sync_dag']) retrieved from /opt/airflow/dags/embedding_sync_dag.py
[2026-04-22T05:52:22.764+0000] {logging_mixin.py:151} INFO - [2026-04-22T05:52:22.764+0000] {dag.py:2915} INFO - Sync 1 DAGs
[2026-04-22T05:52:22.803+0000] {processor.py:179} INFO - Processing /opt/airflow/dags/embedding_sync_dag.py took 0.101 seconds
[2026-04-22T05:52:53.212+0000] {processor.py:157} INFO - Started process (PID=1496) to work on /opt/airflow/dags/embedding_sync_dag.py
[2026-04-22T05:52:53.213+0000] {processor.py:829} INFO - Processing file /opt/airflow/dags/embedding_sync_dag.py for tasks to queue
[2026-04-22T05:52:53.214+0000] {logging_mixin.py:151} INFO - [2026-04-22T05:52:53.214+0000] {dagbag.py:539} INFO - Filling up the DagBag from /opt/airflow/dags/embedding_sync_dag.py
[2026-04-22T05:52:53.232+0000] {processor.py:839} INFO - DAG(s) dict_keys(['embedding_sync_dag']) retrieved from /opt/airflow/dags/embedding_sync_dag.py
[2026-04-22T05:52:53.267+0000] {logging_mixin.py:151} INFO - [2026-04-22T05:52:53.267+0000] {dag.py:2915} INFO - Sync 1 DAGs
[2026-04-22T05:52:53.307+0000] {processor.py:179} INFO - Processing /opt/airflow/dags/embedding_sync_dag.py took 0.101 seconds
[2026-04-22T05:53:23.751+0000] {processor.py:157} INFO - Started process (PID=1514) to work on /opt/airflow/dags/embedding_sync_dag.py
[2026-04-22T05:53:23.752+0000] {processor.py:829} INFO - Processing file /opt/airflow/dags/embedding_sync_dag.py for tasks to queue
[2026-04-22T05:53:23.753+0000] {logging_mixin.py:151} INFO - [2026-04-22T05:53:23.752+0000] {dagbag.py:539} INFO - Filling up the DagBag from /opt/airflow/dags/embedding_sync_dag.py
[2026-04-22T05:53:23.770+0000] {processor.py:839} INFO - DAG(s) dict_keys(['embedding_sync_dag']) retrieved from /opt/airflow/dags/embedding_sync_dag.py
[2026-04-22T05:53:23.805+0000] {logging_mixin.py:151} INFO - [2026-04-22T05:53:23.804+0000] {dag.py:2915} INFO - Sync 1 DAGs
[2026-04-22T05:53:23.844+0000] {processor.py:179} INFO - Processing /opt/airflow/dags/embedding_sync_dag.py took 0.099 seconds
[2026-04-22T05:53:54.253+0000] {processor.py:157} INFO - Started process (PID=1532) to work on /opt/airflow/dags/embedding_sync_dag.py
[2026-04-22T05:53:54.254+0000] {processor.py:829} INFO - Processing file /opt/airflow/dags/embedding_sync_dag.py for tasks to queue
[2026-04-22T05:53:54.255+0000] {logging_mixin.py:151} INFO - [2026-04-22T05:53:54.255+0000] {dagbag.py:539} INFO - Filling up the DagBag from /opt/airflow/dags/embedding_sync_dag.py
[2026-04-22T05:53:54.273+0000] {processor.py:839} INFO - DAG(s) dict_keys(['embedding_sync_dag']) retrieved from /opt/airflow/dags/embedding_sync_dag.py
[2026-04-22T05:53:54.310+0000] {logging_mixin.py:151} INFO - [2026-04-22T05:53:54.309+0000] {dag.py:2915} INFO - Sync 1 DAGs
[2026-04-22T05:53:54.351+0000] {processor.py:179} INFO - Processing /opt/airflow/dags/embedding_sync_dag.py took 0.102 seconds
[2026-04-22T05:54:24.430+0000] {processor.py:157} INFO - Started process (PID=1550) to work on /opt/airflow/dags/embedding_sync_dag.py
[2026-04-22T05:54:24.431+0000] {processor.py:829} INFO - Processing file /opt/airflow/dags/embedding_sync_dag.py for tasks to queue
[2026-04-22T05:54:24.432+0000] {logging_mixin.py:151} INFO - [2026-04-22T05:54:24.432+0000] {dagbag.py:539} INFO - Filling up the DagBag from /opt/airflow/dags/embedding_sync_dag.py
[2026-04-22T05:54:24.449+0000] {processor.py:839} INFO - DAG(s) dict_keys(['embedding_sync_dag']) retrieved from /opt/airflow/dags/embedding_sync_dag.py
[2026-04-22T05:54:24.483+0000] {logging_mixin.py:151} INFO - [2026-04-22T05:54:24.483+0000] {dag.py:2915} INFO - Sync 1 DAGs
[2026-04-22T05:54:24.524+0000] {processor.py:179} INFO - Processing /opt/airflow/dags/embedding_sync_dag.py took 0.099 seconds
[2026-04-22T05:54:54.900+0000] {processor.py:157} INFO - Started process (PID=1568) to work on /opt/airflow/dags/embedding_sync_dag.py
[2026-04-22T05:54:54.901+0000] {processor.py:829} INFO - Processing file /opt/airflow/dags/embedding_sync_dag.py for tasks to queue
[2026-04-22T05:54:54.902+0000] {logging_mixin.py:151} INFO - [2026-04-22T05:54:54.902+0000] {dagbag.py:539} INFO - Filling up the DagBag from /opt/airflow/dags/embedding_sync_dag.py
[2026-04-22T05:54:54.920+0000] {processor.py:839} INFO - DAG(s) dict_keys(['embedding_sync_dag']) retrieved from /opt/airflow/dags/embedding_sync_dag.py
[2026-04-22T05:54:54.956+0000] {logging_mixin.py:151} INFO - [2026-04-22T05:54:54.956+0000] {dag.py:2915} INFO - Sync 1 DAGs
[2026-04-22T05:54:55.001+0000] {processor.py:179} INFO - Processing /opt/airflow/dags/embedding_sync_dag.py took 0.105 seconds
[2026-04-22T05:55:25.052+0000] {processor.py:157} INFO - Started process (PID=1586) to work on /opt/airflow/dags/embedding_sync_dag.py
[2026-04-22T05:55:25.053+0000] {processor.py:829} INFO - Processing file /opt/airflow/dags/embedding_sync_dag.py for tasks to queue
[2026-04-22T05:55:25.055+0000] {logging_mixin.py:151} INFO - [2026-04-22T05:55:25.054+0000] {dagbag.py:539} INFO - Filling up the DagBag from /opt/airflow/dags/embedding_sync_dag.py
[2026-04-22T05:55:25.078+0000] {processor.py:839} INFO - DAG(s) dict_keys(['embedding_sync_dag']) retrieved from /opt/airflow/dags/embedding_sync_dag.py
[2026-04-22T05:55:25.115+0000] {logging_mixin.py:151} INFO - [2026-04-22T05:55:25.114+0000] {dag.py:2915} INFO - Sync 1 DAGs
[2026-04-22T05:55:25.155+0000] {processor.py:179} INFO - Processing /opt/airflow/dags/embedding_sync_dag.py took 0.110 seconds
[2026-04-22T05:55:55.605+0000] {processor.py:157} INFO - Started process (PID=1604) to work on /opt/airflow/dags/embedding_sync_dag.py
[2026-04-22T05:55:55.606+0000] {processor.py:829} INFO - Processing file /opt/airflow/dags/embedding_sync_dag.py for tasks to queue
[2026-04-22T05:55:55.607+0000] {logging_mixin.py:151} INFO - [2026-04-22T05:55:55.607+0000] {dagbag.py:539} INFO - Filling up the DagBag from /opt/airflow/dags/embedding_sync_dag.py
[2026-04-22T05:55:55.625+0000] {processor.py:839} INFO - DAG(s) dict_keys(['embedding_sync_dag']) retrieved from /opt/airflow/dags/embedding_sync_dag.py
[2026-04-22T05:55:55.661+0000] {logging_mixin.py:151} INFO - [2026-04-22T05:55:55.661+0000] {dag.py:2915} INFO - Sync 1 DAGs
[2026-04-22T05:55:55.703+0000] {processor.py:179} INFO - Processing /opt/airflow/dags/embedding_sync_dag.py took 0.105 seconds
[2026-04-22T05:56:25.804+0000] {processor.py:157} INFO - Started process (PID=1622) to work on /opt/airflow/dags/embedding_sync_dag.py
[2026-04-22T05:56:25.805+0000] {processor.py:829} INFO - Processing file /opt/airflow/dags/embedding_sync_dag.py for tasks to queue
[2026-04-22T05:56:25.805+0000] {logging_mixin.py:151} INFO - [2026-04-22T05:56:25.805+0000] {dagbag.py:539} INFO - Filling up the DagBag from /opt/airflow/dags/embedding_sync_dag.py
[2026-04-22T05:56:25.823+0000] {processor.py:839} INFO - DAG(s) dict_keys(['embedding_sync_dag']) retrieved from /opt/airflow/dags/embedding_sync_dag.py
[2026-04-22T05:56:25.860+0000] {logging_mixin.py:151} INFO - [2026-04-22T05:56:25.860+0000] {dag.py:2915} INFO - Sync 1 DAGs
[2026-04-22T05:56:25.903+0000] {processor.py:179} INFO - Processing /opt/airflow/dags/embedding_sync_dag.py took 0.105 seconds
[2026-04-22T05:56:56.346+0000] {processor.py:157} INFO - Started process (PID=1640) to work on /opt/airflow/dags/embedding_sync_dag.py
[2026-04-22T05:56:56.347+0000] {processor.py:829} INFO - Processing file /opt/airflow/dags/embedding_sync_dag.py for tasks to queue
[2026-04-22T05:56:56.348+0000] {logging_mixin.py:151} INFO - [2026-04-22T05:56:56.348+0000] {dagbag.py:539} INFO - Filling up the DagBag from /opt/airflow/dags/embedding_sync_dag.py
[2026-04-22T05:56:56.367+0000] {processor.py:839} INFO - DAG(s) dict_keys(['embedding_sync_dag']) retrieved from /opt/airflow/dags/embedding_sync_dag.py
[2026-04-22T05:56:56.403+0000] {logging_mixin.py:151} INFO - [2026-04-22T05:56:56.403+0000] {dag.py:2915} INFO - Sync 1 DAGs
[2026-04-22T05:56:56.444+0000] {processor.py:179} INFO - Processing /opt/airflow/dags/embedding_sync_dag.py took 0.106 seconds
[2026-04-22T05:57:26.550+0000] {processor.py:157} INFO - Started process (PID=1658) to work on /opt/airflow/dags/embedding_sync_dag.py
[2026-04-22T05:57:26.551+0000] {processor.py:829} INFO - Processing file /opt/airflow/dags/embedding_sync_dag.py for tasks to queue
[2026-04-22T05:57:26.552+0000] {logging_mixin.py:151} INFO - [2026-04-22T05:57:26.552+0000] {dagbag.py:539} INFO - Filling up the DagBag from /opt/airflow/dags/embedding_sync_dag.py
[2026-04-22T05:57:26.570+0000] {processor.py:839} INFO - DAG(s) dict_keys(['embedding_sync_dag']) retrieved from /opt/airflow/dags/embedding_sync_dag.py
[2026-04-22T05:57:26.608+0000] {logging_mixin.py:151} INFO - [2026-04-22T05:57:26.608+0000] {dag.py:2915} INFO - Sync 1 DAGs
[2026-04-22T05:57:26.651+0000] {processor.py:179} INFO - Processing /opt/airflow/dags/embedding_sync_dag.py took 0.107 seconds
[2026-04-22T05:57:57.060+0000] {processor.py:157} INFO - Started process (PID=1676) to work on /opt/airflow/dags/embedding_sync_dag.py
[2026-04-22T05:57:57.062+0000] {processor.py:829} INFO - Processing file /opt/airflow/dags/embedding_sync_dag.py for tasks to queue
[2026-04-22T05:57:57.063+0000] {logging_mixin.py:151} INFO - [2026-04-22T05:57:57.063+0000] {dagbag.py:539} INFO - Filling up the DagBag from /opt/airflow/dags/embedding_sync_dag.py
[2026-04-22T05:57:57.085+0000] {processor.py:839} INFO - DAG(s) dict_keys(['embedding_sync_dag']) retrieved from /opt/airflow/dags/embedding_sync_dag.py
[2026-04-22T05:57:57.121+0000] {logging_mixin.py:151} INFO - [2026-04-22T05:57:57.120+0000] {dag.py:2915} INFO - Sync 1 DAGs
[2026-04-22T05:57:57.160+0000] {processor.py:179} INFO - Processing /opt/airflow/dags/embedding_sync_dag.py took 0.106 seconds
[2026-04-22T05:58:27.224+0000] {processor.py:157} INFO - Started process (PID=1694) to work on /opt/airflow/dags/embedding_sync_dag.py
[2026-04-22T05:58:27.225+0000] {processor.py:829} INFO - Processing file /opt/airflow/dags/embedding_sync_dag.py for tasks to queue
[2026-04-22T05:58:27.227+0000] {logging_mixin.py:151} INFO - [2026-04-22T05:58:27.226+0000] {dagbag.py:539} INFO - Filling up the DagBag from /opt/airflow/dags/embedding_sync_dag.py
[2026-04-22T05:58:27.247+0000] {processor.py:839} INFO - DAG(s) dict_keys(['embedding_sync_dag']) retrieved from /opt/airflow/dags/embedding_sync_dag.py
[2026-04-22T05:58:27.282+0000] {logging_mixin.py:151} INFO - [2026-04-22T05:58:27.282+0000] {dag.py:2915} INFO - Sync 1 DAGs
[2026-04-22T05:58:27.320+0000] {processor.py:179} INFO - Processing /opt/airflow/dags/embedding_sync_dag.py took 0.102 seconds
[2026-04-22T05:58:57.731+0000] {processor.py:157} INFO - Started process (PID=1712) to work on /opt/airflow/dags/embedding_sync_dag.py
[2026-04-22T05:58:57.733+0000] {processor.py:829} INFO - Processing file /opt/airflow/dags/embedding_sync_dag.py for tasks to queue
[2026-04-22T05:58:57.734+0000] {logging_mixin.py:151} INFO - [2026-04-22T05:58:57.734+0000] {dagbag.py:539} INFO - Filling up the DagBag from /opt/airflow/dags/embedding_sync_dag.py
[2026-04-22T05:58:57.754+0000] {processor.py:839} INFO - DAG(s) dict_keys(['embedding_sync_dag']) retrieved from /opt/airflow/dags/embedding_sync_dag.py
[2026-04-22T05:58:57.789+0000] {logging_mixin.py:151} INFO - [2026-04-22T05:58:57.789+0000] {dag.py:2915} INFO - Sync 1 DAGs
[2026-04-22T05:58:57.830+0000] {processor.py:179} INFO - Processing /opt/airflow/dags/embedding_sync_dag.py took 0.105 seconds
[2026-04-22T05:59:27.885+0000] {processor.py:157} INFO - Started process (PID=1730) to work on /opt/airflow/dags/embedding_sync_dag.py
[2026-04-22T05:59:27.886+0000] {processor.py:829} INFO - Processing file /opt/airflow/dags/embedding_sync_dag.py for tasks to queue
[2026-04-22T05:59:27.888+0000] {logging_mixin.py:151} INFO - [2026-04-22T05:59:27.887+0000] {dagbag.py:539} INFO - Filling up the DagBag from /opt/airflow/dags/embedding_sync_dag.py
[2026-04-22T05:59:27.908+0000] {processor.py:839} INFO - DAG(s) dict_keys(['embedding_sync_dag']) retrieved from /opt/airflow/dags/embedding_sync_dag.py
[2026-04-22T05:59:27.943+0000] {logging_mixin.py:151} INFO - [2026-04-22T05:59:27.943+0000] {dag.py:2915} INFO - Sync 1 DAGs
[2026-04-22T05:59:27.982+0000] {processor.py:179} INFO - Processing /opt/airflow/dags/embedding_sync_dag.py took 0.104 seconds
[2026-04-22T05:59:58.395+0000] {processor.py:157} INFO - Started process (PID=1748) to work on /opt/airflow/dags/embedding_sync_dag.py
[2026-04-22T05:59:58.396+0000] {processor.py:829} INFO - Processing file /opt/airflow/dags/embedding_sync_dag.py for tasks to queue
[2026-04-22T05:59:58.397+0000] {logging_mixin.py:151} INFO - [2026-04-22T05:59:58.397+0000] {dagbag.py:539} INFO - Filling up the DagBag from /opt/airflow/dags/embedding_sync_dag.py
[2026-04-22T05:59:58.417+0000] {processor.py:839} INFO - DAG(s) dict_keys(['embedding_sync_dag']) retrieved from /opt/airflow/dags/embedding_sync_dag.py
[2026-04-22T05:59:58.452+0000] {logging_mixin.py:151} INFO - [2026-04-22T05:59:58.452+0000] {dag.py:2915} INFO - Sync 1 DAGs
[2026-04-22T05:59:58.492+0000] {processor.py:179} INFO - Processing /opt/airflow/dags/embedding_sync_dag.py took 0.102 seconds
[2026-04-22T06:00:28.555+0000] {processor.py:157} INFO - Started process (PID=1766) to work on /opt/airflow/dags/embedding_sync_dag.py
[2026-04-22T06:00:28.556+0000] {processor.py:829} INFO - Processing file /opt/airflow/dags/embedding_sync_dag.py for tasks to queue
[2026-04-22T06:00:28.557+0000] {logging_mixin.py:151} INFO - [2026-04-22T06:00:28.557+0000] {dagbag.py:539} INFO - Filling up the DagBag from /opt/airflow/dags/embedding_sync_dag.py
[2026-04-22T06:00:28.573+0000] {processor.py:839} INFO - DAG(s) dict_keys(['embedding_sync_dag']) retrieved from /opt/airflow/dags/embedding_sync_dag.py
[2026-04-22T06:00:28.609+0000] {logging_mixin.py:151} INFO - [2026-04-22T06:00:28.609+0000] {dag.py:2915} INFO - Sync 1 DAGs
[2026-04-22T06:00:28.648+0000] {processor.py:179} INFO - Processing /opt/airflow/dags/embedding_sync_dag.py took 0.096 seconds
[2026-04-22T06:00:59.099+0000] {processor.py:157} INFO - Started process (PID=1784) to work on /opt/airflow/dags/embedding_sync_dag.py
[2026-04-22T06:00:59.101+0000] {processor.py:829} INFO - Processing file /opt/airflow/dags/embedding_sync_dag.py for tasks to queue
[2026-04-22T06:00:59.102+0000] {logging_mixin.py:151} INFO - [2026-04-22T06:00:59.102+0000] {dagbag.py:539} INFO - Filling up the DagBag from /opt/airflow/dags/embedding_sync_dag.py
[2026-04-22T06:00:59.121+0000] {processor.py:839} INFO - DAG(s) dict_keys(['embedding_sync_dag']) retrieved from /opt/airflow/dags/embedding_sync_dag.py
[2026-04-22T06:00:59.155+0000] {logging_mixin.py:151} INFO - [2026-04-22T06:00:59.155+0000] {dag.py:2915} INFO - Sync 1 DAGs
[2026-04-22T06:00:59.192+0000] {processor.py:179} INFO - Processing /opt/airflow/dags/embedding_sync_dag.py took 0.104 seconds
[2026-04-22T06:01:29.254+0000] {processor.py:157} INFO - Started process (PID=1802) to work on /opt/airflow/dags/embedding_sync_dag.py
[2026-04-22T06:01:29.255+0000] {processor.py:829} INFO - Processing file /opt/airflow/dags/embedding_sync_dag.py for tasks to queue
[2026-04-22T06:01:29.257+0000] {logging_mixin.py:151} INFO - [2026-04-22T06:01:29.256+0000] {dagbag.py:539} INFO - Filling up the DagBag from /opt/airflow/dags/embedding_sync_dag.py
[2026-04-22T06:01:29.275+0000] {processor.py:839} INFO - DAG(s) dict_keys(['embedding_sync_dag']) retrieved from /opt/airflow/dags/embedding_sync_dag.py
[2026-04-22T06:01:29.310+0000] {logging_mixin.py:151} INFO - [2026-04-22T06:01:29.310+0000] {dag.py:2915} INFO - Sync 1 DAGs
[2026-04-22T06:01:29.347+0000] {processor.py:179} INFO - Processing /opt/airflow/dags/embedding_sync_dag.py took 0.102 seconds
[2026-04-22T06:01:59.718+0000] {processor.py:157} INFO - Started process (PID=1820) to work on /opt/airflow/dags/embedding_sync_dag.py
[2026-04-22T06:01:59.719+0000] {processor.py:829} INFO - Processing file /opt/airflow/dags/embedding_sync_dag.py for tasks to queue
[2026-04-22T06:01:59.720+0000] {logging_mixin.py:151} INFO - [2026-04-22T06:01:59.720+0000] {dagbag.py:539} INFO - Filling up the DagBag from /opt/airflow/dags/embedding_sync_dag.py
[2026-04-22T06:01:59.737+0000] {processor.py:839} INFO - DAG(s) dict_keys(['embedding_sync_dag']) retrieved from /opt/airflow/dags/embedding_sync_dag.py
[2026-04-22T06:01:59.772+0000] {logging_mixin.py:151} INFO - [2026-04-22T06:01:59.771+0000] {dag.py:2915} INFO - Sync 1 DAGs
[2026-04-22T06:01:59.812+0000] {processor.py:179} INFO - Processing /opt/airflow/dags/embedding_sync_dag.py took 0.100 seconds
[2026-04-22T06:02:29.886+0000] {processor.py:157} INFO - Started process (PID=1838) to work on /opt/airflow/dags/embedding_sync_dag.py
[2026-04-22T06:02:29.887+0000] {processor.py:829} INFO - Processing file /opt/airflow/dags/embedding_sync_dag.py for tasks to queue
[2026-04-22T06:02:29.889+0000] {logging_mixin.py:151} INFO - [2026-04-22T06:02:29.888+0000] {dagbag.py:539} INFO - Filling up the DagBag from /opt/airflow/dags/embedding_sync_dag.py
[2026-04-22T06:02:29.908+0000] {processor.py:839} INFO - DAG(s) dict_keys(['embedding_sync_dag']) retrieved from /opt/airflow/dags/embedding_sync_dag.py
[2026-04-22T06:02:29.942+0000] {logging_mixin.py:151} INFO - [2026-04-22T06:02:29.942+0000] {dag.py:2915} INFO - Sync 1 DAGs
[2026-04-22T06:02:29.983+0000] {processor.py:179} INFO - Processing /opt/airflow/dags/embedding_sync_dag.py took 0.107 seconds
[2026-04-22T06:03:00.342+0000] {processor.py:157} INFO - Started process (PID=1856) to work on /opt/airflow/dags/embedding_sync_dag.py
[2026-04-22T06:03:00.343+0000] {processor.py:829} INFO - Processing file /opt/airflow/dags/embedding_sync_dag.py for tasks to queue
[2026-04-22T06:03:00.344+0000] {logging_mixin.py:151} INFO - [2026-04-22T06:03:00.344+0000] {dagbag.py:539} INFO - Filling up the DagBag from /opt/airflow/dags/embedding_sync_dag.py
[2026-04-22T06:03:00.361+0000] {processor.py:839} INFO - DAG(s) dict_keys(['embedding_sync_dag']) retrieved from /opt/airflow/dags/embedding_sync_dag.py
[2026-04-22T06:03:00.395+0000] {logging_mixin.py:151} INFO - [2026-04-22T06:03:00.395+0000] {dag.py:2915} INFO - Sync 1 DAGs
[2026-04-22T06:03:00.433+0000] {processor.py:179} INFO - Processing /opt/airflow/dags/embedding_sync_dag.py took 0.095 seconds
[2026-04-22T06:03:30.477+0000] {processor.py:157} INFO - Started process (PID=1874) to work on /opt/airflow/dags/embedding_sync_dag.py
[2026-04-22T06:03:30.478+0000] {processor.py:829} INFO - Processing file /opt/airflow/dags/embedding_sync_dag.py for tasks to queue
[2026-04-22T06:03:30.479+0000] {logging_mixin.py:151} INFO - [2026-04-22T06:03:30.479+0000] {dagbag.py:539} INFO - Filling up the DagBag from /opt/airflow/dags/embedding_sync_dag.py
[2026-04-22T06:03:30.499+0000] {processor.py:839} INFO - DAG(s) dict_keys(['embedding_sync_dag']) retrieved from /opt/airflow/dags/embedding_sync_dag.py
[2026-04-22T06:03:30.535+0000] {logging_mixin.py:151} INFO - [2026-04-22T06:03:30.535+0000] {dag.py:2915} INFO - Sync 1 DAGs
[2026-04-22T06:03:30.574+0000] {processor.py:179} INFO - Processing /opt/airflow/dags/embedding_sync_dag.py took 0.102 seconds
[2026-04-22T06:04:00.983+0000] {processor.py:157} INFO - Started process (PID=1892) to work on /opt/airflow/dags/embedding_sync_dag.py
[2026-04-22T06:04:01.413+0000] {processor.py:829} INFO - Processing file /opt/airflow/dags/embedding_sync_dag.py for tasks to queue
[2026-04-22T06:04:01.415+0000] {logging_mixin.py:151} INFO - [2026-04-22T06:04:01.414+0000] {dagbag.py:539} INFO - Filling up the DagBag from /opt/airflow/dags/embedding_sync_dag.py
[2026-04-22T06:04:01.449+0000] {processor.py:839} INFO - DAG(s) dict_keys(['embedding_sync_dag']) retrieved from /opt/airflow/dags/embedding_sync_dag.py
[2026-04-22T06:04:01.486+0000] {logging_mixin.py:151} INFO - [2026-04-22T06:04:01.485+0000] {dag.py:2915} INFO - Sync 1 DAGs
[2026-04-22T06:04:01.606+0000] {processor.py:179} INFO - Processing /opt/airflow/dags/embedding_sync_dag.py took 0.635 seconds
[2026-04-22T06:04:31.855+0000] {processor.py:157} INFO - Started process (PID=1910) to work on /opt/airflow/dags/embedding_sync_dag.py
[2026-04-22T06:04:31.856+0000] {processor.py:829} INFO - Processing file /opt/airflow/dags/embedding_sync_dag.py for tasks to queue
[2026-04-22T06:04:31.857+0000] {logging_mixin.py:151} INFO - [2026-04-22T06:04:31.857+0000] {dagbag.py:539} INFO - Filling up the DagBag from /opt/airflow/dags/embedding_sync_dag.py
[2026-04-22T06:04:31.880+0000] {processor.py:839} INFO - DAG(s) dict_keys(['embedding_sync_dag']) retrieved from /opt/airflow/dags/embedding_sync_dag.py
[2026-04-22T06:04:31.918+0000] {logging_mixin.py:151} INFO - [2026-04-22T06:04:31.918+0000] {dag.py:2915} INFO - Sync 1 DAGs
[2026-04-22T06:04:31.966+0000] {processor.py:179} INFO - Processing /opt/airflow/dags/embedding_sync_dag.py took 0.116 seconds
[2026-04-22T06:05:02.317+0000] {processor.py:157} INFO - Started process (PID=1928) to work on /opt/airflow/dags/embedding_sync_dag.py
[2026-04-22T06:05:02.319+0000] {processor.py:829} INFO - Processing file /opt/airflow/dags/embedding_sync_dag.py for tasks to queue
[2026-04-22T06:05:02.320+0000] {logging_mixin.py:151} INFO - [2026-04-22T06:05:02.320+0000] {dagbag.py:539} INFO - Filling up the DagBag from /opt/airflow/dags/embedding_sync_dag.py
[2026-04-22T06:05:02.339+0000] {processor.py:839} INFO - DAG(s) dict_keys(['embedding_sync_dag']) retrieved from /opt/airflow/dags/embedding_sync_dag.py
[2026-04-22T06:05:02.376+0000] {logging_mixin.py:151} INFO - [2026-04-22T06:05:02.375+0000] {dag.py:2915} INFO - Sync 1 DAGs
[2026-04-22T06:05:02.416+0000] {processor.py:179} INFO - Processing /opt/airflow/dags/embedding_sync_dag.py took 0.105 seconds
[2026-04-22T06:05:32.799+0000] {processor.py:157} INFO - Started process (PID=1946) to work on /opt/airflow/dags/embedding_sync_dag.py
[2026-04-22T06:05:32.800+0000] {processor.py:829} INFO - Processing file /opt/airflow/dags/embedding_sync_dag.py for tasks to queue
[2026-04-22T06:05:32.801+0000] {logging_mixin.py:151} INFO - [2026-04-22T06:05:32.800+0000] {dagbag.py:539} INFO - Filling up the DagBag from /opt/airflow/dags/embedding_sync_dag.py
[2026-04-22T06:05:32.817+0000] {processor.py:839} INFO - DAG(s) dict_keys(['embedding_sync_dag']) retrieved from /opt/airflow/dags/embedding_sync_dag.py
[2026-04-22T06:05:32.852+0000] {logging_mixin.py:151} INFO - [2026-04-22T06:05:32.852+0000] {dag.py:2915} INFO - Sync 1 DAGs
[2026-04-22T06:05:32.890+0000] {processor.py:179} INFO - Processing /opt/airflow/dags/embedding_sync_dag.py took 0.094 seconds
[2026-04-22T06:06:03.291+0000] {processor.py:157} INFO - Started process (PID=1964) to work on /opt/airflow/dags/embedding_sync_dag.py
[2026-04-22T06:06:03.294+0000] {processor.py:829} INFO - Processing file /opt/airflow/dags/embedding_sync_dag.py for tasks to queue
[2026-04-22T06:06:03.296+0000] {logging_mixin.py:151} INFO - [2026-04-22T06:06:03.295+0000] {dagbag.py:539} INFO - Filling up the DagBag from /opt/airflow/dags/embedding_sync_dag.py
[2026-04-22T06:06:03.318+0000] {processor.py:839} INFO - DAG(s) dict_keys(['embedding_sync_dag']) retrieved from /opt/airflow/dags/embedding_sync_dag.py
[2026-04-22T06:06:03.385+0000] {logging_mixin.py:151} INFO - [2026-04-22T06:06:03.385+0000] {dag.py:2915} INFO - Sync 1 DAGs
[2026-04-22T06:06:03.425+0000] {processor.py:179} INFO - Processing /opt/airflow/dags/embedding_sync_dag.py took 0.145 seconds
[2026-04-22T06:06:33.777+0000] {processor.py:157} INFO - Started process (PID=1982) to work on /opt/airflow/dags/embedding_sync_dag.py
[2026-04-22T06:06:33.779+0000] {processor.py:829} INFO - Processing file /opt/airflow/dags/embedding_sync_dag.py for tasks to queue
[2026-04-22T06:06:33.781+0000] {logging_mixin.py:151} INFO - [2026-04-22T06:06:33.780+0000] {dagbag.py:539} INFO - Filling up the DagBag from /opt/airflow/dags/embedding_sync_dag.py
[2026-04-22T06:06:33.800+0000] {processor.py:839} INFO - DAG(s) dict_keys(['embedding_sync_dag']) retrieved from /opt/airflow/dags/embedding_sync_dag.py
[2026-04-22T06:06:33.835+0000] {logging_mixin.py:151} INFO - [2026-04-22T06:06:33.835+0000] {dag.py:2915} INFO - Sync 1 DAGs
[2026-04-22T06:06:33.876+0000] {processor.py:179} INFO - Processing /opt/airflow/dags/embedding_sync_dag.py took 0.109 seconds
[2026-04-22T06:07:04.250+0000] {processor.py:157} INFO - Started process (PID=2000) to work on /opt/airflow/dags/embedding_sync_dag.py
[2026-04-22T06:07:04.252+0000] {processor.py:829} INFO - Processing file /opt/airflow/dags/embedding_sync_dag.py for tasks to queue
[2026-04-22T06:07:04.254+0000] {logging_mixin.py:151} INFO - [2026-04-22T06:07:04.253+0000] {dagbag.py:539} INFO - Filling up the DagBag from /opt/airflow/dags/embedding_sync_dag.py
[2026-04-22T06:07:04.275+0000] {processor.py:839} INFO - DAG(s) dict_keys(['embedding_sync_dag']) retrieved from /opt/airflow/dags/embedding_sync_dag.py
[2026-04-22T06:07:04.310+0000] {logging_mixin.py:151} INFO - [2026-04-22T06:07:04.310+0000] {dag.py:2915} INFO - Sync 1 DAGs
[2026-04-22T06:07:04.350+0000] {processor.py:179} INFO - Processing /opt/airflow/dags/embedding_sync_dag.py took 0.108 seconds
[2026-04-22T06:07:34.788+0000] {processor.py:157} INFO - Started process (PID=2018) to work on /opt/airflow/dags/embedding_sync_dag.py
[2026-04-22T06:07:34.791+0000] {processor.py:829} INFO - Processing file /opt/airflow/dags/embedding_sync_dag.py for tasks to queue
[2026-04-22T06:07:34.792+0000] {logging_mixin.py:151} INFO - [2026-04-22T06:07:34.792+0000] {dagbag.py:539} INFO - Filling up the DagBag from /opt/airflow/dags/embedding_sync_dag.py
[2026-04-22T06:07:34.813+0000] {processor.py:839} INFO - DAG(s) dict_keys(['embedding_sync_dag']) retrieved from /opt/airflow/dags/embedding_sync_dag.py
[2026-04-22T06:07:34.847+0000] {logging_mixin.py:151} INFO - [2026-04-22T06:07:34.847+0000] {dag.py:2915} INFO - Sync 1 DAGs
[2026-04-22T06:07:34.884+0000] {processor.py:179} INFO - Processing /opt/airflow/dags/embedding_sync_dag.py took 0.108 seconds
[2026-04-22T06:08:05.243+0000] {processor.py:157} INFO - Started process (PID=2036) to work on /opt/airflow/dags/embedding_sync_dag.py
[2026-04-22T06:08:05.245+0000] {processor.py:829} INFO - Processing file /opt/airflow/dags/embedding_sync_dag.py for tasks to queue
[2026-04-22T06:08:05.248+0000] {logging_mixin.py:151} INFO - [2026-04-22T06:08:05.247+0000] {dagbag.py:539} INFO - Filling up the DagBag from /opt/airflow/dags/embedding_sync_dag.py
[2026-04-22T06:08:05.272+0000] {processor.py:839} INFO - DAG(s) dict_keys(['embedding_sync_dag']) retrieved from /opt/airflow/dags/embedding_sync_dag.py
[2026-04-22T06:08:05.305+0000] {logging_mixin.py:151} INFO - [2026-04-22T06:08:05.305+0000] {dag.py:2915} INFO - Sync 1 DAGs
[2026-04-22T06:08:05.341+0000] {processor.py:179} INFO - Processing /opt/airflow/dags/embedding_sync_dag.py took 0.110 seconds
[2026-04-22T06:08:35.464+0000] {processor.py:157} INFO - Started process (PID=2054) to work on /opt/airflow/dags/embedding_sync_dag.py
[2026-04-22T06:08:35.465+0000] {processor.py:829} INFO - Processing file /opt/airflow/dags/embedding_sync_dag.py for tasks to queue
[2026-04-22T06:08:35.466+0000] {logging_mixin.py:151} INFO - [2026-04-22T06:08:35.465+0000] {dagbag.py:539} INFO - Filling up the DagBag from /opt/airflow/dags/embedding_sync_dag.py
[2026-04-22T06:08:35.482+0000] {processor.py:839} INFO - DAG(s) dict_keys(['embedding_sync_dag']) retrieved from /opt/airflow/dags/embedding_sync_dag.py
[2026-04-22T06:08:35.516+0000] {logging_mixin.py:151} INFO - [2026-04-22T06:08:35.516+0000] {dag.py:2915} INFO - Sync 1 DAGs
[2026-04-22T06:08:35.554+0000] {processor.py:179} INFO - Processing /opt/airflow/dags/embedding_sync_dag.py took 0.094 seconds
[2026-04-22T06:09:05.797+0000] {processor.py:157} INFO - Started process (PID=2069) to work on /opt/airflow/dags/embedding_sync_dag.py
[2026-04-22T06:09:05.798+0000] {processor.py:829} INFO - Processing file /opt/airflow/dags/embedding_sync_dag.py for tasks to queue
[2026-04-22T06:09:05.798+0000] {logging_mixin.py:151} INFO - [2026-04-22T06:09:05.798+0000] {dagbag.py:539} INFO - Filling up the DagBag from /opt/airflow/dags/embedding_sync_dag.py
[2026-04-22T06:09:05.814+0000] {processor.py:839} INFO - DAG(s) dict_keys(['embedding_sync_dag']) retrieved from /opt/airflow/dags/embedding_sync_dag.py
[2026-04-22T06:09:05.849+0000] {logging_mixin.py:151} INFO - [2026-04-22T06:09:05.849+0000] {dag.py:2915} INFO - Sync 1 DAGs
[2026-04-22T06:09:05.886+0000] {processor.py:179} INFO - Processing /opt/airflow/dags/embedding_sync_dag.py took 0.093 seconds
[2026-04-22T06:09:36.103+0000] {processor.py:157} INFO - Started process (PID=2084) to work on /opt/airflow/dags/embedding_sync_dag.py
[2026-04-22T06:09:36.104+0000] {processor.py:829} INFO - Processing file /opt/airflow/dags/embedding_sync_dag.py for tasks to queue
[2026-04-22T06:09:36.105+0000] {logging_mixin.py:151} INFO - [2026-04-22T06:09:36.104+0000] {dagbag.py:539} INFO - Filling up the DagBag from /opt/airflow/dags/embedding_sync_dag.py
[2026-04-22T06:09:36.121+0000] {processor.py:839} INFO - DAG(s) dict_keys(['embedding_sync_dag']) retrieved from /opt/airflow/dags/embedding_sync_dag.py
[2026-04-22T06:09:36.157+0000] {logging_mixin.py:151} INFO - [2026-04-22T06:09:36.157+0000] {dag.py:2915} INFO - Sync 1 DAGs
[2026-04-22T06:09:36.195+0000] {processor.py:179} INFO - Processing /opt/airflow/dags/embedding_sync_dag.py took 0.097 seconds
[2026-04-22T06:10:06.454+0000] {processor.py:157} INFO - Started process (PID=2102) to work on /opt/airflow/dags/embedding_sync_dag.py
[2026-04-22T06:10:06.456+0000] {processor.py:829} INFO - Processing file /opt/airflow/dags/embedding_sync_dag.py for tasks to queue
[2026-04-22T06:10:06.459+0000] {logging_mixin.py:151} INFO - [2026-04-22T06:10:06.458+0000] {dagbag.py:539} INFO - Filling up the DagBag from /opt/airflow/dags/embedding_sync_dag.py
[2026-04-22T06:10:06.487+0000] {processor.py:839} INFO - DAG(s) dict_keys(['embedding_sync_dag']) retrieved from /opt/airflow/dags/embedding_sync_dag.py
[2026-04-22T06:10:06.520+0000] {logging_mixin.py:151} INFO - [2026-04-22T06:10:06.520+0000] {dag.py:2915} INFO - Sync 1 DAGs
[2026-04-22T06:10:06.558+0000] {processor.py:179} INFO - Processing /opt/airflow/dags/embedding_sync_dag.py took 0.116 seconds
[2026-04-22T06:10:36.823+0000] {processor.py:157} INFO - Started process (PID=2120) to work on /opt/airflow/dags/embedding_sync_dag.py
[2026-04-22T06:10:36.825+0000] {processor.py:829} INFO - Processing file /opt/airflow/dags/embedding_sync_dag.py for tasks to queue
[2026-04-22T06:10:36.827+0000] {logging_mixin.py:151} INFO - [2026-04-22T06:10:36.827+0000] {dagbag.py:539} INFO - Filling up the DagBag from /opt/airflow/dags/embedding_sync_dag.py
[2026-04-22T06:10:36.848+0000] {processor.py:839} INFO - DAG(s) dict_keys(['embedding_sync_dag']) retrieved from /opt/airflow/dags/embedding_sync_dag.py
[2026-04-22T06:10:36.884+0000] {logging_mixin.py:151} INFO - [2026-04-22T06:10:36.884+0000] {dag.py:2915} INFO - Sync 1 DAGs
[2026-04-22T06:10:36.923+0000] {processor.py:179} INFO - Processing /opt/airflow/dags/embedding_sync_dag.py took 0.112 seconds
[2026-04-22T06:11:07.192+0000] {processor.py:157} INFO - Started process (PID=2138) to work on /opt/airflow/dags/embedding_sync_dag.py
[2026-04-22T06:11:07.195+0000] {processor.py:829} INFO - Processing file /opt/airflow/dags/embedding_sync_dag.py for tasks to queue
[2026-04-22T06:11:07.197+0000] {logging_mixin.py:151} INFO - [2026-04-22T06:11:07.196+0000] {dagbag.py:539} INFO - Filling up the DagBag from /opt/airflow/dags/embedding_sync_dag.py
[2026-04-22T06:11:07.220+0000] {processor.py:839} INFO - DAG(s) dict_keys(['embedding_sync_dag']) retrieved from /opt/airflow/dags/embedding_sync_dag.py
[2026-04-22T06:11:07.253+0000] {logging_mixin.py:151} INFO - [2026-04-22T06:11:07.253+0000] {dag.py:2915} INFO - Sync 1 DAGs
[2026-04-22T06:11:07.289+0000] {processor.py:179} INFO - Processing /opt/airflow/dags/embedding_sync_dag.py took 0.109 seconds
[2026-04-22T06:11:37.515+0000] {processor.py:157} INFO - Started process (PID=2156) to work on /opt/airflow/dags/embedding_sync_dag.py
[2026-04-22T06:11:37.516+0000] {processor.py:829} INFO - Processing file /opt/airflow/dags/embedding_sync_dag.py for tasks to queue
[2026-04-22T06:11:37.516+0000] {logging_mixin.py:151} INFO - [2026-04-22T06:11:37.516+0000] {dagbag.py:539} INFO - Filling up the DagBag from /opt/airflow/dags/embedding_sync_dag.py
[2026-04-22T06:11:37.533+0000] {processor.py:839} INFO - DAG(s) dict_keys(['embedding_sync_dag']) retrieved from /opt/airflow/dags/embedding_sync_dag.py
[2026-04-22T06:11:37.566+0000] {logging_mixin.py:151} INFO - [2026-04-22T06:11:37.566+0000] {dag.py:2915} INFO - Sync 1 DAGs
[2026-04-22T06:11:37.602+0000] {processor.py:179} INFO - Processing /opt/airflow/dags/embedding_sync_dag.py took 0.091 seconds
[2026-04-22T06:12:07.833+0000] {processor.py:157} INFO - Started process (PID=2174) to work on /opt/airflow/dags/embedding_sync_dag.py
[2026-04-22T06:12:07.834+0000] {processor.py:829} INFO - Processing file /opt/airflow/dags/embedding_sync_dag.py for tasks to queue
[2026-04-22T06:12:07.835+0000] {logging_mixin.py:151} INFO - [2026-04-22T06:12:07.834+0000] {dagbag.py:539} INFO - Filling up the DagBag from /opt/airflow/dags/embedding_sync_dag.py
[2026-04-22T06:12:07.851+0000] {processor.py:839} INFO - DAG(s) dict_keys(['embedding_sync_dag']) retrieved from /opt/airflow/dags/embedding_sync_dag.py
[2026-04-22T06:12:07.886+0000] {logging_mixin.py:151} INFO - [2026-04-22T06:12:07.886+0000] {dag.py:2915} INFO - Sync 1 DAGs
[2026-04-22T06:12:07.922+0000] {processor.py:179} INFO - Processing /opt/airflow/dags/embedding_sync_dag.py took 0.093 seconds
[2026-04-22T06:12:38.183+0000] {processor.py:157} INFO - Started process (PID=2192) to work on /opt/airflow/dags/embedding_sync_dag.py
[2026-04-22T06:12:38.186+0000] {processor.py:829} INFO - Processing file /opt/airflow/dags/embedding_sync_dag.py for tasks to queue
[2026-04-22T06:12:38.188+0000] {logging_mixin.py:151} INFO - [2026-04-22T06:12:38.187+0000] {dagbag.py:539} INFO - Filling up the DagBag from /opt/airflow/dags/embedding_sync_dag.py
[2026-04-22T06:12:38.209+0000] {processor.py:839} INFO - DAG(s) dict_keys(['embedding_sync_dag']) retrieved from /opt/airflow/dags/embedding_sync_dag.py
[2026-04-22T06:12:38.242+0000] {logging_mixin.py:151} INFO - [2026-04-22T06:12:38.242+0000] {dag.py:2915} INFO - Sync 1 DAGs
[2026-04-22T06:12:38.277+0000] {processor.py:179} INFO - Processing /opt/airflow/dags/embedding_sync_dag.py took 0.106 seconds
[2026-04-22T06:13:08.529+0000] {processor.py:157} INFO - Started process (PID=2210) to work on /opt/airflow/dags/embedding_sync_dag.py
[2026-04-22T06:13:08.531+0000] {processor.py:829} INFO - Processing file /opt/airflow/dags/embedding_sync_dag.py for tasks to queue
[2026-04-22T06:13:08.533+0000] {logging_mixin.py:151} INFO - [2026-04-22T06:13:08.532+0000] {dagbag.py:539} INFO - Filling up the DagBag from /opt/airflow/dags/embedding_sync_dag.py
[2026-04-22T06:13:08.554+0000] {processor.py:839} INFO - DAG(s) dict_keys(['embedding_sync_dag']) retrieved from /opt/airflow/dags/embedding_sync_dag.py
[2026-04-22T06:13:08.587+0000] {logging_mixin.py:151} INFO - [2026-04-22T06:13:08.587+0000] {dag.py:2915} INFO - Sync 1 DAGs
[2026-04-22T06:13:08.622+0000] {processor.py:179} INFO - Processing /opt/airflow/dags/embedding_sync_dag.py took 0.105 seconds
[2026-04-22T06:13:38.865+0000] {processor.py:157} INFO - Started process (PID=2228) to work on /opt/airflow/dags/embedding_sync_dag.py
[2026-04-22T06:13:38.866+0000] {processor.py:829} INFO - Processing file /opt/airflow/dags/embedding_sync_dag.py for tasks to queue
[2026-04-22T06:13:38.866+0000] {logging_mixin.py:151} INFO - [2026-04-22T06:13:38.866+0000] {dagbag.py:539} INFO - Filling up the DagBag from /opt/airflow/dags/embedding_sync_dag.py
[2026-04-22T06:13:38.883+0000] {processor.py:839} INFO - DAG(s) dict_keys(['embedding_sync_dag']) retrieved from /opt/airflow/dags/embedding_sync_dag.py
[2026-04-22T06:13:38.917+0000] {logging_mixin.py:151} INFO - [2026-04-22T06:13:38.917+0000] {dag.py:2915} INFO - Sync 1 DAGs
[2026-04-22T06:13:38.952+0000] {processor.py:179} INFO - Processing /opt/airflow/dags/embedding_sync_dag.py took 0.092 seconds
[2026-04-22T06:14:09.180+0000] {processor.py:157} INFO - Started process (PID=2246) to work on /opt/airflow/dags/embedding_sync_dag.py
[2026-04-22T06:14:09.181+0000] {processor.py:829} INFO - Processing file /opt/airflow/dags/embedding_sync_dag.py for tasks to queue
[2026-04-22T06:14:09.182+0000] {logging_mixin.py:151} INFO - [2026-04-22T06:14:09.181+0000] {dagbag.py:539} INFO - Filling up the DagBag from /opt/airflow/dags/embedding_sync_dag.py
[2026-04-22T06:14:09.198+0000] {processor.py:839} INFO - DAG(s) dict_keys(['embedding_sync_dag']) retrieved from /opt/airflow/dags/embedding_sync_dag.py
[2026-04-22T06:14:09.232+0000] {logging_mixin.py:151} INFO - [2026-04-22T06:14:09.231+0000] {dag.py:2915} INFO - Sync 1 DAGs
[2026-04-22T06:14:09.267+0000] {processor.py:179} INFO - Processing /opt/airflow/dags/embedding_sync_dag.py took 0.091 seconds
[2026-04-22T06:14:39.482+0000] {processor.py:157} INFO - Started process (PID=2264) to work on /opt/airflow/dags/embedding_sync_dag.py
[2026-04-22T06:14:39.483+0000] {processor.py:829} INFO - Processing file /opt/airflow/dags/embedding_sync_dag.py for tasks to queue
[2026-04-22T06:14:39.484+0000] {logging_mixin.py:151} INFO - [2026-04-22T06:14:39.484+0000] {dagbag.py:539} INFO - Filling up the DagBag from /opt/airflow/dags/embedding_sync_dag.py
[2026-04-22T06:14:39.505+0000] {processor.py:839} INFO - DAG(s) dict_keys(['embedding_sync_dag']) retrieved from /opt/airflow/dags/embedding_sync_dag.py
[2026-04-22T06:14:39.540+0000] {logging_mixin.py:151} INFO - [2026-04-22T06:14:39.540+0000] {dag.py:2915} INFO - Sync 1 DAGs
[2026-04-22T06:14:39.579+0000] {processor.py:179} INFO - Processing /opt/airflow/dags/embedding_sync_dag.py took 0.103 seconds
[2026-04-22T06:15:09.821+0000] {processor.py:157} INFO - Started process (PID=2282) to work on /opt/airflow/dags/embedding_sync_dag.py
[2026-04-22T06:15:09.822+0000] {processor.py:829} INFO - Processing file /opt/airflow/dags/embedding_sync_dag.py for tasks to queue
[2026-04-22T06:15:09.824+0000] {logging_mixin.py:151} INFO - [2026-04-22T06:15:09.823+0000] {dagbag.py:539} INFO - Filling up the DagBag from /opt/airflow/dags/embedding_sync_dag.py
[2026-04-22T06:15:09.843+0000] {processor.py:839} INFO - DAG(s) dict_keys(['embedding_sync_dag']) retrieved from /opt/airflow/dags/embedding_sync_dag.py
[2026-04-22T06:15:09.879+0000] {logging_mixin.py:151} INFO - [2026-04-22T06:15:09.878+0000] {dag.py:2915} INFO - Sync 1 DAGs
[2026-04-22T06:15:09.920+0000] {processor.py:179} INFO - Processing /opt/airflow/dags/embedding_sync_dag.py took 0.105 seconds
[2026-04-22T06:15:40.136+0000] {processor.py:157} INFO - Started process (PID=2300) to work on /opt/airflow/dags/embedding_sync_dag.py
[2026-04-22T06:15:40.138+0000] {processor.py:829} INFO - Processing file /opt/airflow/dags/embedding_sync_dag.py for tasks to queue
[2026-04-22T06:15:40.139+0000] {logging_mixin.py:151} INFO - [2026-04-22T06:15:40.138+0000] {dagbag.py:539} INFO - Filling up the DagBag from /opt/airflow/dags/embedding_sync_dag.py
[2026-04-22T06:15:40.162+0000] {processor.py:839} INFO - DAG(s) dict_keys(['embedding_sync_dag']) retrieved from /opt/airflow/dags/embedding_sync_dag.py
[2026-04-22T06:15:40.197+0000] {logging_mixin.py:151} INFO - [2026-04-22T06:15:40.197+0000] {dag.py:2915} INFO - Sync 1 DAGs
[2026-04-22T06:15:40.236+0000] {processor.py:179} INFO - Processing /opt/airflow/dags/embedding_sync_dag.py took 0.107 seconds
[2026-04-22T06:16:10.491+0000] {processor.py:157} INFO - Started process (PID=2318) to work on /opt/airflow/dags/embedding_sync_dag.py
[2026-04-22T06:16:10.493+0000] {processor.py:829} INFO - Processing file /opt/airflow/dags/embedding_sync_dag.py for tasks to queue
[2026-04-22T06:16:10.496+0000] {logging_mixin.py:151} INFO - [2026-04-22T06:16:10.494+0000] {dagbag.py:539} INFO - Filling up the DagBag from /opt/airflow/dags/embedding_sync_dag.py
[2026-04-22T06:16:10.519+0000] {processor.py:839} INFO - DAG(s) dict_keys(['embedding_sync_dag']) retrieved from /opt/airflow/dags/embedding_sync_dag.py
[2026-04-22T06:16:10.554+0000] {logging_mixin.py:151} INFO - [2026-04-22T06:16:10.554+0000] {dag.py:2915} INFO - Sync 1 DAGs
[2026-04-22T06:16:10.593+0000] {processor.py:179} INFO - Processing /opt/airflow/dags/embedding_sync_dag.py took 0.115 seconds
[2026-04-22T06:16:40.832+0000] {processor.py:157} INFO - Started process (PID=2336) to work on /opt/airflow/dags/embedding_sync_dag.py
[2026-04-22T06:16:40.834+0000] {processor.py:829} INFO - Processing file /opt/airflow/dags/embedding_sync_dag.py for tasks to queue
[2026-04-22T06:16:40.836+0000] {logging_mixin.py:151} INFO - [2026-04-22T06:16:40.835+0000] {dagbag.py:539} INFO - Filling up the DagBag from /opt/airflow/dags/embedding_sync_dag.py
[2026-04-22T06:16:40.856+0000] {processor.py:839} INFO - DAG(s) dict_keys(['embedding_sync_dag']) retrieved from /opt/airflow/dags/embedding_sync_dag.py
[2026-04-22T06:16:40.891+0000] {logging_mixin.py:151} INFO - [2026-04-22T06:16:40.891+0000] {dag.py:2915} INFO - Sync 1 DAGs
[2026-04-22T06:16:40.933+0000] {processor.py:179} INFO - Processing /opt/airflow/dags/embedding_sync_dag.py took 0.111 seconds
[2026-04-22T06:17:11.141+0000] {processor.py:157} INFO - Started process (PID=2354) to work on /opt/airflow/dags/embedding_sync_dag.py
[2026-04-22T06:17:11.142+0000] {processor.py:829} INFO - Processing file /opt/airflow/dags/embedding_sync_dag.py for tasks to queue
[2026-04-22T06:17:11.143+0000] {logging_mixin.py:151} INFO - [2026-04-22T06:17:11.143+0000] {dagbag.py:539} INFO - Filling up the DagBag from /opt/airflow/dags/embedding_sync_dag.py
[2026-04-22T06:17:11.161+0000] {processor.py:839} INFO - DAG(s) dict_keys(['embedding_sync_dag']) retrieved from /opt/airflow/dags/embedding_sync_dag.py
[2026-04-22T06:17:11.199+0000] {logging_mixin.py:151} INFO - [2026-04-22T06:17:11.198+0000] {dag.py:2915} INFO - Sync 1 DAGs
[2026-04-22T06:17:11.241+0000] {processor.py:179} INFO - Processing /opt/airflow/dags/embedding_sync_dag.py took 0.104 seconds
[2026-04-22T06:17:41.497+0000] {processor.py:157} INFO - Started process (PID=2372) to work on /opt/airflow/dags/embedding_sync_dag.py
[2026-04-22T06:17:41.498+0000] {processor.py:829} INFO - Processing file /opt/airflow/dags/embedding_sync_dag.py for tasks to queue
[2026-04-22T06:17:41.499+0000] {logging_mixin.py:151} INFO - [2026-04-22T06:17:41.498+0000] {dagbag.py:539} INFO - Filling up the DagBag from /opt/airflow/dags/embedding_sync_dag.py
[2026-04-22T06:17:41.515+0000] {processor.py:839} INFO - DAG(s) dict_keys(['embedding_sync_dag']) retrieved from /opt/airflow/dags/embedding_sync_dag.py
[2026-04-22T06:17:41.549+0000] {logging_mixin.py:151} INFO - [2026-04-22T06:17:41.549+0000] {dag.py:2915} INFO - Sync 1 DAGs
[2026-04-22T06:17:41.587+0000] {processor.py:179} INFO - Processing /opt/airflow/dags/embedding_sync_dag.py took 0.093 seconds
[2026-04-22T06:18:11.818+0000] {processor.py:157} INFO - Started process (PID=2390) to work on /opt/airflow/dags/embedding_sync_dag.py
[2026-04-22T06:18:11.819+0000] {processor.py:829} INFO - Processing file /opt/airflow/dags/embedding_sync_dag.py for tasks to queue
[2026-04-22T06:18:11.820+0000] {logging_mixin.py:151} INFO - [2026-04-22T06:18:11.820+0000] {dagbag.py:539} INFO - Filling up the DagBag from /opt/airflow/dags/embedding_sync_dag.py
[2026-04-22T06:18:11.837+0000] {processor.py:839} INFO - DAG(s) dict_keys(['embedding_sync_dag']) retrieved from /opt/airflow/dags/embedding_sync_dag.py
[2026-04-22T06:18:11.872+0000] {logging_mixin.py:151} INFO - [2026-04-22T06:18:11.871+0000] {dag.py:2915} INFO - Sync 1 DAGs
[2026-04-22T06:18:11.910+0000] {processor.py:179} INFO - Processing /opt/airflow/dags/embedding_sync_dag.py took 0.095 seconds
[2026-04-22T06:18:42.117+0000] {processor.py:157} INFO - Started process (PID=2408) to work on /opt/airflow/dags/embedding_sync_dag.py
[2026-04-22T06:18:42.118+0000] {processor.py:829} INFO - Processing file /opt/airflow/dags/embedding_sync_dag.py for tasks to queue
[2026-04-22T06:18:42.119+0000] {logging_mixin.py:151} INFO - [2026-04-22T06:18:42.119+0000] {dagbag.py:539} INFO - Filling up the DagBag from /opt/airflow/dags/embedding_sync_dag.py
[2026-04-22T06:18:42.136+0000] {processor.py:839} INFO - DAG(s) dict_keys(['embedding_sync_dag']) retrieved from /opt/airflow/dags/embedding_sync_dag.py
[2026-04-22T06:18:42.171+0000] {logging_mixin.py:151} INFO - [2026-04-22T06:18:42.171+0000] {dag.py:2915} INFO - Sync 1 DAGs
[2026-04-22T06:18:42.209+0000] {processor.py:179} INFO - Processing /opt/airflow/dags/embedding_sync_dag.py took 0.097 seconds
[2026-04-22T06:19:12.414+0000] {processor.py:157} INFO - Started process (PID=2426) to work on /opt/airflow/dags/embedding_sync_dag.py
[2026-04-22T06:19:12.415+0000] {processor.py:829} INFO - Processing file /opt/airflow/dags/embedding_sync_dag.py for tasks to queue
[2026-04-22T06:19:12.416+0000] {logging_mixin.py:151} INFO - [2026-04-22T06:19:12.415+0000] {dagbag.py:539} INFO - Filling up the DagBag from /opt/airflow/dags/embedding_sync_dag.py
[2026-04-22T06:19:12.432+0000] {processor.py:839} INFO - DAG(s) dict_keys(['embedding_sync_dag']) retrieved from /opt/airflow/dags/embedding_sync_dag.py
[2026-04-22T06:19:12.464+0000] {logging_mixin.py:151} INFO - [2026-04-22T06:19:12.464+0000] {dag.py:2915} INFO - Sync 1 DAGs
[2026-04-22T06:19:12.500+0000] {processor.py:179} INFO - Processing /opt/airflow/dags/embedding_sync_dag.py took 0.090 seconds
[2026-04-22T06:19:42.630+0000] {processor.py:157} INFO - Started process (PID=2444) to work on /opt/airflow/dags/embedding_sync_dag.py
[2026-04-22T06:19:42.631+0000] {processor.py:829} INFO - Processing file /opt/airflow/dags/embedding_sync_dag.py for tasks to queue
[2026-04-22T06:19:42.632+0000] {logging_mixin.py:151} INFO - [2026-04-22T06:19:42.631+0000] {dagbag.py:539} INFO - Filling up the DagBag from /opt/airflow/dags/embedding_sync_dag.py
[2026-04-22T06:19:42.652+0000] {processor.py:839} INFO - DAG(s) dict_keys(['embedding_sync_dag']) retrieved from /opt/airflow/dags/embedding_sync_dag.py
[2026-04-22T06:19:42.687+0000] {logging_mixin.py:151} INFO - [2026-04-22T06:19:42.687+0000] {dag.py:2915} INFO - Sync 1 DAGs
[2026-04-22T06:19:42.726+0000] {processor.py:179} INFO - Processing /opt/airflow/dags/embedding_sync_dag.py took 0.102 seconds
[2026-04-22T06:20:13.116+0000] {processor.py:157} INFO - Started process (PID=2462) to work on /opt/airflow/dags/embedding_sync_dag.py
[2026-04-22T06:20:13.118+0000] {processor.py:829} INFO - Processing file /opt/airflow/dags/embedding_sync_dag.py for tasks to queue
[2026-04-22T06:20:13.120+0000] {logging_mixin.py:151} INFO - [2026-04-22T06:20:13.119+0000] {dagbag.py:539} INFO - Filling up the DagBag from /opt/airflow/dags/embedding_sync_dag.py
[2026-04-22T06:20:13.140+0000] {processor.py:839} INFO - DAG(s) dict_keys(['embedding_sync_dag']) retrieved from /opt/airflow/dags/embedding_sync_dag.py
[2026-04-22T06:20:13.181+0000] {logging_mixin.py:151} INFO - [2026-04-22T06:20:13.181+0000] {dag.py:2915} INFO - Sync 1 DAGs
[2026-04-22T06:20:13.220+0000] {processor.py:179} INFO - Processing /opt/airflow/dags/embedding_sync_dag.py took 0.116 seconds
[2026-04-22T06:20:43.329+0000] {processor.py:157} INFO - Started process (PID=2480) to work on /opt/airflow/dags/embedding_sync_dag.py
[2026-04-22T06:20:43.331+0000] {processor.py:829} INFO - Processing file /opt/airflow/dags/embedding_sync_dag.py for tasks to queue
[2026-04-22T06:20:43.332+0000] {logging_mixin.py:151} INFO - [2026-04-22T06:20:43.332+0000] {dagbag.py:539} INFO - Filling up the DagBag from /opt/airflow/dags/embedding_sync_dag.py
[2026-04-22T06:20:43.361+0000] {processor.py:839} INFO - DAG(s) dict_keys(['embedding_sync_dag']) retrieved from /opt/airflow/dags/embedding_sync_dag.py
[2026-04-22T06:20:43.395+0000] {logging_mixin.py:151} INFO - [2026-04-22T06:20:43.395+0000] {dag.py:2915} INFO - Sync 1 DAGs
[2026-04-22T06:20:43.433+0000] {processor.py:179} INFO - Processing /opt/airflow/dags/embedding_sync_dag.py took 0.112 seconds
[2026-04-22T06:21:13.963+0000] {processor.py:157} INFO - Started process (PID=2498) to work on /opt/airflow/dags/embedding_sync_dag.py
[2026-04-22T06:21:13.966+0000] {processor.py:829} INFO - Processing file /opt/airflow/dags/embedding_sync_dag.py for tasks to queue
[2026-04-22T06:21:13.967+0000] {logging_mixin.py:151} INFO - [2026-04-22T06:21:13.966+0000] {dagbag.py:539} INFO - Filling up the DagBag from /opt/airflow/dags/embedding_sync_dag.py
[2026-04-22T06:21:13.995+0000] {processor.py:839} INFO - DAG(s) dict_keys(['embedding_sync_dag']) retrieved from /opt/airflow/dags/embedding_sync_dag.py
[2026-04-22T06:21:14.029+0000] {logging_mixin.py:151} INFO - [2026-04-22T06:21:14.028+0000] {dag.py:2915} INFO - Sync 1 DAGs
[2026-04-22T06:21:14.067+0000] {processor.py:179} INFO - Processing /opt/airflow/dags/embedding_sync_dag.py took 0.116 seconds
[2026-04-22T06:21:44.231+0000] {processor.py:157} INFO - Started process (PID=2516) to work on /opt/airflow/dags/embedding_sync_dag.py
[2026-04-22T06:21:44.232+0000] {processor.py:829} INFO - Processing file /opt/airflow/dags/embedding_sync_dag.py for tasks to queue
[2026-04-22T06:21:44.234+0000] {logging_mixin.py:151} INFO - [2026-04-22T06:21:44.233+0000] {dagbag.py:539} INFO - Filling up the DagBag from /opt/airflow/dags/embedding_sync_dag.py
[2026-04-22T06:21:44.255+0000] {processor.py:839} INFO - DAG(s) dict_keys(['embedding_sync_dag']) retrieved from /opt/airflow/dags/embedding_sync_dag.py
[2026-04-22T06:21:44.291+0000] {logging_mixin.py:151} INFO - [2026-04-22T06:21:44.291+0000] {dag.py:2915} INFO - Sync 1 DAGs
[2026-04-22T06:21:44.330+0000] {processor.py:179} INFO - Processing /opt/airflow/dags/embedding_sync_dag.py took 0.108 seconds
[2026-04-22T06:22:14.868+0000] {processor.py:157} INFO - Started process (PID=2534) to work on /opt/airflow/dags/embedding_sync_dag.py
[2026-04-22T06:22:14.871+0000] {processor.py:829} INFO - Processing file /opt/airflow/dags/embedding_sync_dag.py for tasks to queue
[2026-04-22T06:22:14.873+0000] {logging_mixin.py:151} INFO - [2026-04-22T06:22:14.872+0000] {dagbag.py:539} INFO - Filling up the DagBag from /opt/airflow/dags/embedding_sync_dag.py
[2026-04-22T06:22:14.914+0000] {processor.py:839} INFO - DAG(s) dict_keys(['embedding_sync_dag']) retrieved from /opt/airflow/dags/embedding_sync_dag.py
[2026-04-22T06:22:14.957+0000] {logging_mixin.py:151} INFO - [2026-04-22T06:22:14.957+0000] {dag.py:2915} INFO - Sync 1 DAGs
[2026-04-22T06:22:15.001+0000] {processor.py:179} INFO - Processing /opt/airflow/dags/embedding_sync_dag.py took 0.146 seconds
[2026-04-22T06:22:45.205+0000] {processor.py:157} INFO - Started process (PID=2552) to work on /opt/airflow/dags/embedding_sync_dag.py
[2026-04-22T06:22:45.206+0000] {processor.py:829} INFO - Processing file /opt/airflow/dags/embedding_sync_dag.py for tasks to queue
[2026-04-22T06:22:45.207+0000] {logging_mixin.py:151} INFO - [2026-04-22T06:22:45.206+0000] {dagbag.py:539} INFO - Filling up the DagBag from /opt/airflow/dags/embedding_sync_dag.py
[2026-04-22T06:22:45.224+0000] {processor.py:839} INFO - DAG(s) dict_keys(['embedding_sync_dag']) retrieved from /opt/airflow/dags/embedding_sync_dag.py
[2026-04-22T06:22:45.260+0000] {logging_mixin.py:151} INFO - [2026-04-22T06:22:45.260+0000] {dag.py:2915} INFO - Sync 1 DAGs
[2026-04-22T06:22:45.303+0000] {processor.py:179} INFO - Processing /opt/airflow/dags/embedding_sync_dag.py took 0.102 seconds
[2026-04-22T06:23:15.726+0000] {processor.py:157} INFO - Started process (PID=2570) to work on /opt/airflow/dags/embedding_sync_dag.py
[2026-04-22T06:23:15.727+0000] {processor.py:829} INFO - Processing file /opt/airflow/dags/embedding_sync_dag.py for tasks to queue
[2026-04-22T06:23:15.728+0000] {logging_mixin.py:151} INFO - [2026-04-22T06:23:15.727+0000] {dagbag.py:539} INFO - Filling up the DagBag from /opt/airflow/dags/embedding_sync_dag.py
[2026-04-22T06:23:15.745+0000] {processor.py:839} INFO - DAG(s) dict_keys(['embedding_sync_dag']) retrieved from /opt/airflow/dags/embedding_sync_dag.py
[2026-04-22T06:23:15.781+0000] {logging_mixin.py:151} INFO - [2026-04-22T06:23:15.780+0000] {dag.py:2915} INFO - Sync 1 DAGs
[2026-04-22T06:23:15.823+0000] {processor.py:179} INFO - Processing /opt/airflow/dags/embedding_sync_dag.py took 0.102 seconds
[2026-04-22T06:23:46.167+0000] {processor.py:157} INFO - Started process (PID=2588) to work on /opt/airflow/dags/embedding_sync_dag.py
[2026-04-22T06:23:46.168+0000] {processor.py:829} INFO - Processing file /opt/airflow/dags/embedding_sync_dag.py for tasks to queue
[2026-04-22T06:23:46.169+0000] {logging_mixin.py:151} INFO - [2026-04-22T06:23:46.168+0000] {dagbag.py:539} INFO - Filling up the DagBag from /opt/airflow/dags/embedding_sync_dag.py
[2026-04-22T06:23:46.186+0000] {processor.py:839} INFO - DAG(s) dict_keys(['embedding_sync_dag']) retrieved from /opt/airflow/dags/embedding_sync_dag.py
[2026-04-22T06:23:46.222+0000] {logging_mixin.py:151} INFO - [2026-04-22T06:23:46.222+0000] {dag.py:2915} INFO - Sync 1 DAGs
[2026-04-22T06:23:46.260+0000] {processor.py:179} INFO - Processing /opt/airflow/dags/embedding_sync_dag.py took 0.098 seconds
[2026-04-22T06:24:16.466+0000] {processor.py:157} INFO - Started process (PID=2606) to work on /opt/airflow/dags/embedding_sync_dag.py
[2026-04-22T06:24:16.467+0000] {processor.py:829} INFO - Processing file /opt/airflow/dags/embedding_sync_dag.py for tasks to queue
[2026-04-22T06:24:16.469+0000] {logging_mixin.py:151} INFO - [2026-04-22T06:24:16.468+0000] {dagbag.py:539} INFO - Filling up the DagBag from /opt/airflow/dags/embedding_sync_dag.py
[2026-04-22T06:24:16.489+0000] {processor.py:839} INFO - DAG(s) dict_keys(['embedding_sync_dag']) retrieved from /opt/airflow/dags/embedding_sync_dag.py
[2026-04-22T06:24:16.526+0000] {logging_mixin.py:151} INFO - [2026-04-22T06:24:16.526+0000] {dag.py:2915} INFO - Sync 1 DAGs
[2026-04-22T06:24:16.566+0000] {processor.py:179} INFO - Processing /opt/airflow/dags/embedding_sync_dag.py took 0.108 seconds
[2026-04-22T06:24:47.033+0000] {processor.py:157} INFO - Started process (PID=2624) to work on /opt/airflow/dags/embedding_sync_dag.py
[2026-04-22T06:24:47.035+0000] {processor.py:829} INFO - Processing file /opt/airflow/dags/embedding_sync_dag.py for tasks to queue
[2026-04-22T06:24:47.036+0000] {logging_mixin.py:151} INFO - [2026-04-22T06:24:47.035+0000] {dagbag.py:539} INFO - Filling up the DagBag from /opt/airflow/dags/embedding_sync_dag.py
[2026-04-22T06:24:47.054+0000] {processor.py:839} INFO - DAG(s) dict_keys(['embedding_sync_dag']) retrieved from /opt/airflow/dags/embedding_sync_dag.py
[2026-04-22T06:24:47.090+0000] {logging_mixin.py:151} INFO - [2026-04-22T06:24:47.090+0000] {dag.py:2915} INFO - Sync 1 DAGs
[2026-04-22T06:24:47.131+0000] {processor.py:179} INFO - Processing /opt/airflow/dags/embedding_sync_dag.py took 0.106 seconds
[2026-04-22T06:25:17.299+0000] {processor.py:157} INFO - Started process (PID=2642) to work on /opt/airflow/dags/embedding_sync_dag.py
[2026-04-22T06:25:17.301+0000] {processor.py:829} INFO - Processing file /opt/airflow/dags/embedding_sync_dag.py for tasks to queue
[2026-04-22T06:25:17.302+0000] {logging_mixin.py:151} INFO - [2026-04-22T06:25:17.301+0000] {dagbag.py:539} INFO - Filling up the DagBag from /opt/airflow/dags/embedding_sync_dag.py
[2026-04-22T06:25:17.336+0000] {processor.py:839} INFO - DAG(s) dict_keys(['embedding_sync_dag']) retrieved from /opt/airflow/dags/embedding_sync_dag.py
[2026-04-22T06:25:17.380+0000] {logging_mixin.py:151} INFO - [2026-04-22T06:25:17.380+0000] {dag.py:2915} INFO - Sync 1 DAGs
[2026-04-22T06:25:17.423+0000] {processor.py:179} INFO - Processing /opt/airflow/dags/embedding_sync_dag.py took 0.132 seconds
[2026-04-22T06:25:47.949+0000] {processor.py:157} INFO - Started process (PID=2660) to work on /opt/airflow/dags/embedding_sync_dag.py
[2026-04-22T06:25:47.951+0000] {processor.py:829} INFO - Processing file /opt/airflow/dags/embedding_sync_dag.py for tasks to queue
[2026-04-22T06:25:47.953+0000] {logging_mixin.py:151} INFO - [2026-04-22T06:25:47.952+0000] {dagbag.py:539} INFO - Filling up the DagBag from /opt/airflow/dags/embedding_sync_dag.py
[2026-04-22T06:25:47.974+0000] {processor.py:839} INFO - DAG(s) dict_keys(['embedding_sync_dag']) retrieved from /opt/airflow/dags/embedding_sync_dag.py
[2026-04-22T06:25:48.009+0000] {logging_mixin.py:151} INFO - [2026-04-22T06:25:48.009+0000] {dag.py:2915} INFO - Sync 1 DAGs
[2026-04-22T06:25:48.046+0000] {processor.py:179} INFO - Processing /opt/airflow/dags/embedding_sync_dag.py took 0.109 seconds
[2026-04-22T06:26:18.248+0000] {processor.py:157} INFO - Started process (PID=2675) to work on /opt/airflow/dags/embedding_sync_dag.py
[2026-04-22T06:26:18.250+0000] {processor.py:829} INFO - Processing file /opt/airflow/dags/embedding_sync_dag.py for tasks to queue
[2026-04-22T06:26:18.251+0000] {logging_mixin.py:151} INFO - [2026-04-22T06:26:18.251+0000] {dagbag.py:539} INFO - Filling up the DagBag from /opt/airflow/dags/embedding_sync_dag.py
[2026-04-22T06:26:18.276+0000] {processor.py:839} INFO - DAG(s) dict_keys(['embedding_sync_dag']) retrieved from /opt/airflow/dags/embedding_sync_dag.py
[2026-04-22T06:26:18.314+0000] {logging_mixin.py:151} INFO - [2026-04-22T06:26:18.314+0000] {dag.py:2915} INFO - Sync 1 DAGs
[2026-04-22T06:26:18.354+0000] {processor.py:179} INFO - Processing /opt/airflow/dags/embedding_sync_dag.py took 0.110 seconds
[2026-04-22T06:26:48.545+0000] {processor.py:157} INFO - Started process (PID=2690) to work on /opt/airflow/dags/embedding_sync_dag.py
[2026-04-22T06:26:48.546+0000] {processor.py:829} INFO - Processing file /opt/airflow/dags/embedding_sync_dag.py for tasks to queue
[2026-04-22T06:26:48.547+0000] {logging_mixin.py:151} INFO - [2026-04-22T06:26:48.546+0000] {dagbag.py:539} INFO - Filling up the DagBag from /opt/airflow/dags/embedding_sync_dag.py
[2026-04-22T06:26:48.565+0000] {processor.py:839} INFO - DAG(s) dict_keys(['embedding_sync_dag']) retrieved from /opt/airflow/dags/embedding_sync_dag.py
[2026-04-22T06:26:48.600+0000] {logging_mixin.py:151} INFO - [2026-04-22T06:26:48.600+0000] {dag.py:2915} INFO - Sync 1 DAGs
[2026-04-22T06:26:48.638+0000] {processor.py:179} INFO - Processing /opt/airflow/dags/embedding_sync_dag.py took 0.096 seconds
[2026-04-22T06:27:18.860+0000] {processor.py:157} INFO - Started process (PID=2708) to work on /opt/airflow/dags/embedding_sync_dag.py
[2026-04-22T06:27:18.861+0000] {processor.py:829} INFO - Processing file /opt/airflow/dags/embedding_sync_dag.py for tasks to queue
[2026-04-22T06:27:18.862+0000] {logging_mixin.py:151} INFO - [2026-04-22T06:27:18.861+0000] {dagbag.py:539} INFO - Filling up the DagBag from /opt/airflow/dags/embedding_sync_dag.py
[2026-04-22T06:27:18.880+0000] {processor.py:839} INFO - DAG(s) dict_keys(['embedding_sync_dag']) retrieved from /opt/airflow/dags/embedding_sync_dag.py
[2026-04-22T06:27:18.915+0000] {logging_mixin.py:151} INFO - [2026-04-22T06:27:18.915+0000] {dag.py:2915} INFO - Sync 1 DAGs
[2026-04-22T06:27:18.953+0000] {processor.py:179} INFO - Processing /opt/airflow/dags/embedding_sync_dag.py took 0.098 seconds
[2026-04-22T06:27:49.174+0000] {processor.py:157} INFO - Started process (PID=2726) to work on /opt/airflow/dags/embedding_sync_dag.py
[2026-04-22T06:27:49.175+0000] {processor.py:829} INFO - Processing file /opt/airflow/dags/embedding_sync_dag.py for tasks to queue
[2026-04-22T06:27:49.177+0000] {logging_mixin.py:151} INFO - [2026-04-22T06:27:49.176+0000] {dagbag.py:539} INFO - Filling up the DagBag from /opt/airflow/dags/embedding_sync_dag.py
[2026-04-22T06:27:49.197+0000] {processor.py:839} INFO - DAG(s) dict_keys(['embedding_sync_dag']) retrieved from /opt/airflow/dags/embedding_sync_dag.py
[2026-04-22T06:27:49.232+0000] {logging_mixin.py:151} INFO - [2026-04-22T06:27:49.231+0000] {dag.py:2915} INFO - Sync 1 DAGs
[2026-04-22T06:27:49.269+0000] {processor.py:179} INFO - Processing /opt/airflow/dags/embedding_sync_dag.py took 0.108 seconds
[2026-04-22T06:28:19.512+0000] {processor.py:157} INFO - Started process (PID=2744) to work on /opt/airflow/dags/embedding_sync_dag.py
[2026-04-22T06:28:19.514+0000] {processor.py:829} INFO - Processing file /opt/airflow/dags/embedding_sync_dag.py for tasks to queue
[2026-04-22T06:28:19.515+0000] {logging_mixin.py:151} INFO - [2026-04-22T06:28:19.514+0000] {dagbag.py:539} INFO - Filling up the DagBag from /opt/airflow/dags/embedding_sync_dag.py
[2026-04-22T06:28:19.533+0000] {processor.py:839} INFO - DAG(s) dict_keys(['embedding_sync_dag']) retrieved from /opt/airflow/dags/embedding_sync_dag.py
[2026-04-22T06:28:19.568+0000] {logging_mixin.py:151} INFO - [2026-04-22T06:28:19.567+0000] {dag.py:2915} INFO - Sync 1 DAGs
[2026-04-22T06:28:19.606+0000] {processor.py:179} INFO - Processing /opt/airflow/dags/embedding_sync_dag.py took 0.101 seconds
[2026-04-22T06:28:49.825+0000] {processor.py:157} INFO - Started process (PID=2762) to work on /opt/airflow/dags/embedding_sync_dag.py
[2026-04-22T06:28:49.826+0000] {processor.py:829} INFO - Processing file /opt/airflow/dags/embedding_sync_dag.py for tasks to queue
[2026-04-22T06:28:49.827+0000] {logging_mixin.py:151} INFO - [2026-04-22T06:28:49.827+0000] {dagbag.py:539} INFO - Filling up the DagBag from /opt/airflow/dags/embedding_sync_dag.py
[2026-04-22T06:28:49.843+0000] {processor.py:839} INFO - DAG(s) dict_keys(['embedding_sync_dag']) retrieved from /opt/airflow/dags/embedding_sync_dag.py
[2026-04-22T06:28:49.877+0000] {logging_mixin.py:151} INFO - [2026-04-22T06:28:49.877+0000] {dag.py:2915} INFO - Sync 1 DAGs
[2026-04-22T06:28:49.914+0000] {processor.py:179} INFO - Processing /opt/airflow/dags/embedding_sync_dag.py took 0.092 seconds
[2026-04-22T06:29:20.123+0000] {processor.py:157} INFO - Started process (PID=2780) to work on /opt/airflow/dags/embedding_sync_dag.py
[2026-04-22T06:29:20.125+0000] {processor.py:829} INFO - Processing file /opt/airflow/dags/embedding_sync_dag.py for tasks to queue
[2026-04-22T06:29:20.125+0000] {logging_mixin.py:151} INFO - [2026-04-22T06:29:20.125+0000] {dagbag.py:539} INFO - Filling up the DagBag from /opt/airflow/dags/embedding_sync_dag.py
[2026-04-22T06:29:20.141+0000] {processor.py:839} INFO - DAG(s) dict_keys(['embedding_sync_dag']) retrieved from /opt/airflow/dags/embedding_sync_dag.py
[2026-04-22T06:29:20.176+0000] {logging_mixin.py:151} INFO - [2026-04-22T06:29:20.176+0000] {dag.py:2915} INFO - Sync 1 DAGs
[2026-04-22T06:29:20.212+0000] {processor.py:179} INFO - Processing /opt/airflow/dags/embedding_sync_dag.py took 0.092 seconds
[2026-04-22T06:29:50.428+0000] {processor.py:157} INFO - Started process (PID=2798) to work on /opt/airflow/dags/embedding_sync_dag.py
[2026-04-22T06:29:50.429+0000] {processor.py:829} INFO - Processing file /opt/airflow/dags/embedding_sync_dag.py for tasks to queue
[2026-04-22T06:29:50.430+0000] {logging_mixin.py:151} INFO - [2026-04-22T06:29:50.429+0000] {dagbag.py:539} INFO - Filling up the DagBag from /opt/airflow/dags/embedding_sync_dag.py
[2026-04-22T06:29:50.446+0000] {processor.py:839} INFO - DAG(s) dict_keys(['embedding_sync_dag']) retrieved from /opt/airflow/dags/embedding_sync_dag.py
[2026-04-22T06:29:50.481+0000] {logging_mixin.py:151} INFO - [2026-04-22T06:29:50.481+0000] {dag.py:2915} INFO - Sync 1 DAGs
[2026-04-22T06:29:50.518+0000] {processor.py:179} INFO - Processing /opt/airflow/dags/embedding_sync_dag.py took 0.093 seconds
[2026-04-22T06:30:20.739+0000] {processor.py:157} INFO - Started process (PID=2816) to work on /opt/airflow/dags/embedding_sync_dag.py
[2026-04-22T06:30:20.740+0000] {processor.py:829} INFO - Processing file /opt/airflow/dags/embedding_sync_dag.py for tasks to queue
[2026-04-22T06:30:20.740+0000] {logging_mixin.py:151} INFO - [2026-04-22T06:30:20.740+0000] {dagbag.py:539} INFO - Filling up the DagBag from /opt/airflow/dags/embedding_sync_dag.py
[2026-04-22T06:30:20.757+0000] {processor.py:839} INFO - DAG(s) dict_keys(['embedding_sync_dag']) retrieved from /opt/airflow/dags/embedding_sync_dag.py
[2026-04-22T06:30:20.791+0000] {logging_mixin.py:151} INFO - [2026-04-22T06:30:20.791+0000] {dag.py:2915} INFO - Sync 1 DAGs
[2026-04-22T06:30:20.827+0000] {processor.py:179} INFO - Processing /opt/airflow/dags/embedding_sync_dag.py took 0.093 seconds
[2026-04-22T06:30:51.037+0000] {processor.py:157} INFO - Started process (PID=2834) to work on /opt/airflow/dags/embedding_sync_dag.py
[2026-04-22T06:30:51.038+0000] {processor.py:829} INFO - Processing file /opt/airflow/dags/embedding_sync_dag.py for tasks to queue
[2026-04-22T06:30:51.039+0000] {logging_mixin.py:151} INFO - [2026-04-22T06:30:51.038+0000] {dagbag.py:539} INFO - Filling up the DagBag from /opt/airflow/dags/embedding_sync_dag.py
[2026-04-22T06:30:51.055+0000] {processor.py:839} INFO - DAG(s) dict_keys(['embedding_sync_dag']) retrieved from /opt/airflow/dags/embedding_sync_dag.py
[2026-04-22T06:30:51.090+0000] {logging_mixin.py:151} INFO - [2026-04-22T06:30:51.090+0000] {dag.py:2915} INFO - Sync 1 DAGs
[2026-04-22T06:30:51.126+0000] {processor.py:179} INFO - Processing /opt/airflow/dags/embedding_sync_dag.py took 0.092 seconds
[2026-04-22T06:31:21.328+0000] {processor.py:157} INFO - Started process (PID=2852) to work on /opt/airflow/dags/embedding_sync_dag.py
[2026-04-22T06:31:21.329+0000] {processor.py:829} INFO - Processing file /opt/airflow/dags/embedding_sync_dag.py for tasks to queue
[2026-04-22T06:31:21.330+0000] {logging_mixin.py:151} INFO - [2026-04-22T06:31:21.329+0000] {dagbag.py:539} INFO - Filling up the DagBag from /opt/airflow/dags/embedding_sync_dag.py
[2026-04-22T06:31:21.346+0000] {processor.py:839} INFO - DAG(s) dict_keys(['embedding_sync_dag']) retrieved from /opt/airflow/dags/embedding_sync_dag.py
[2026-04-22T06:31:21.380+0000] {logging_mixin.py:151} INFO - [2026-04-22T06:31:21.380+0000] {dag.py:2915} INFO - Sync 1 DAGs
[2026-04-22T06:31:21.416+0000] {processor.py:179} INFO - Processing /opt/airflow/dags/embedding_sync_dag.py took 0.092 seconds
[2026-04-22T06:31:51.616+0000] {processor.py:157} INFO - Started process (PID=2870) to work on /opt/airflow/dags/embedding_sync_dag.py
[2026-04-22T06:31:51.617+0000] {processor.py:829} INFO - Processing file /opt/airflow/dags/embedding_sync_dag.py for tasks to queue
[2026-04-22T06:31:51.618+0000] {logging_mixin.py:151} INFO - [2026-04-22T06:31:51.617+0000] {dagbag.py:539} INFO - Filling up the DagBag from /opt/airflow/dags/embedding_sync_dag.py
[2026-04-22T06:31:51.634+0000] {processor.py:839} INFO - DAG(s) dict_keys(['embedding_sync_dag']) retrieved from /opt/airflow/dags/embedding_sync_dag.py
[2026-04-22T06:31:51.669+0000] {logging_mixin.py:151} INFO - [2026-04-22T06:31:51.668+0000] {dag.py:2915} INFO - Sync 1 DAGs
[2026-04-22T06:31:51.707+0000] {processor.py:179} INFO - Processing /opt/airflow/dags/embedding_sync_dag.py took 0.095 seconds
[2026-04-22T06:32:21.961+0000] {processor.py:157} INFO - Started process (PID=2888) to work on /opt/airflow/dags/embedding_sync_dag.py
[2026-04-22T06:32:21.962+0000] {processor.py:829} INFO - Processing file /opt/airflow/dags/embedding_sync_dag.py for tasks to queue
[2026-04-22T06:32:21.963+0000] {logging_mixin.py:151} INFO - [2026-04-22T06:32:21.963+0000] {dagbag.py:539} INFO - Filling up the DagBag from /opt/airflow/dags/embedding_sync_dag.py
[2026-04-22T06:32:21.984+0000] {processor.py:839} INFO - DAG(s) dict_keys(['embedding_sync_dag']) retrieved from /opt/airflow/dags/embedding_sync_dag.py
[2026-04-22T06:32:22.029+0000] {logging_mixin.py:151} INFO - [2026-04-22T06:32:22.029+0000] {dag.py:2915} INFO - Sync 1 DAGs
[2026-04-22T06:32:22.073+0000] {processor.py:179} INFO - Processing /opt/airflow/dags/embedding_sync_dag.py took 0.117 seconds
[2026-04-22T06:32:52.306+0000] {processor.py:157} INFO - Started process (PID=2906) to work on /opt/airflow/dags/embedding_sync_dag.py
[2026-04-22T06:32:52.308+0000] {processor.py:829} INFO - Processing file /opt/airflow/dags/embedding_sync_dag.py for tasks to queue
[2026-04-22T06:32:52.309+0000] {logging_mixin.py:151} INFO - [2026-04-22T06:32:52.309+0000] {dagbag.py:539} INFO - Filling up the DagBag from /opt/airflow/dags/embedding_sync_dag.py
[2026-04-22T06:32:52.331+0000] {processor.py:839} INFO - DAG(s) dict_keys(['embedding_sync_dag']) retrieved from /opt/airflow/dags/embedding_sync_dag.py
[2026-04-22T06:32:52.366+0000] {logging_mixin.py:151} INFO - [2026-04-22T06:32:52.366+0000] {dag.py:2915} INFO - Sync 1 DAGs
[2026-04-22T06:32:52.405+0000] {processor.py:179} INFO - Processing /opt/airflow/dags/embedding_sync_dag.py took 0.112 seconds
[2026-04-22T06:33:22.642+0000] {processor.py:157} INFO - Started process (PID=2924) to work on /opt/airflow/dags/embedding_sync_dag.py
[2026-04-22T06:33:22.643+0000] {processor.py:829} INFO - Processing file /opt/airflow/dags/embedding_sync_dag.py for tasks to queue
[2026-04-22T06:33:22.645+0000] {logging_mixin.py:151} INFO - [2026-04-22T06:33:22.645+0000] {dagbag.py:539} INFO - Filling up the DagBag from /opt/airflow/dags/embedding_sync_dag.py
[2026-04-22T06:33:22.665+0000] {processor.py:839} INFO - DAG(s) dict_keys(['embedding_sync_dag']) retrieved from /opt/airflow/dags/embedding_sync_dag.py
[2026-04-22T06:33:22.702+0000] {logging_mixin.py:151} INFO - [2026-04-22T06:33:22.702+0000] {dag.py:2915} INFO - Sync 1 DAGs
[2026-04-22T06:33:22.744+0000] {processor.py:179} INFO - Processing /opt/airflow/dags/embedding_sync_dag.py took 0.111 seconds
[2026-04-22T06:33:53.000+0000] {processor.py:157} INFO - Started process (PID=2942) to work on /opt/airflow/dags/embedding_sync_dag.py
[2026-04-22T06:33:53.002+0000] {processor.py:829} INFO - Processing file /opt/airflow/dags/embedding_sync_dag.py for tasks to queue
[2026-04-22T06:33:53.003+0000] {logging_mixin.py:151} INFO - [2026-04-22T06:33:53.003+0000] {dagbag.py:539} INFO - Filling up the DagBag from /opt/airflow/dags/embedding_sync_dag.py
[2026-04-22T06:33:53.023+0000] {processor.py:839} INFO - DAG(s) dict_keys(['embedding_sync_dag']) retrieved from /opt/airflow/dags/embedding_sync_dag.py
[2026-04-22T06:33:53.061+0000] {logging_mixin.py:151} INFO - [2026-04-22T06:33:53.060+0000] {dag.py:2915} INFO - Sync 1 DAGs
[2026-04-22T06:33:53.100+0000] {processor.py:179} INFO - Processing /opt/airflow/dags/embedding_sync_dag.py took 0.112 seconds
[2026-04-22T06:34:23.346+0000] {processor.py:157} INFO - Started process (PID=2960) to work on /opt/airflow/dags/embedding_sync_dag.py
[2026-04-22T06:34:23.349+0000] {processor.py:829} INFO - Processing file /opt/airflow/dags/embedding_sync_dag.py for tasks to queue
[2026-04-22T06:34:23.351+0000] {logging_mixin.py:151} INFO - [2026-04-22T06:34:23.350+0000] {dagbag.py:539} INFO - Filling up the DagBag from /opt/airflow/dags/embedding_sync_dag.py
[2026-04-22T06:34:23.402+0000] {processor.py:839} INFO - DAG(s) dict_keys(['embedding_sync_dag']) retrieved from /opt/airflow/dags/embedding_sync_dag.py
[2026-04-22T06:34:23.465+0000] {logging_mixin.py:151} INFO - [2026-04-22T06:34:23.465+0000] {dag.py:2915} INFO - Sync 1 DAGs
[2026-04-22T06:34:23.513+0000] {processor.py:179} INFO - Processing /opt/airflow/dags/embedding_sync_dag.py took 0.178 seconds
[2026-04-22T06:34:53.749+0000] {processor.py:157} INFO - Started process (PID=2978) to work on /opt/airflow/dags/embedding_sync_dag.py
[2026-04-22T06:34:53.750+0000] {processor.py:829} INFO - Processing file /opt/airflow/dags/embedding_sync_dag.py for tasks to queue
[2026-04-22T06:34:53.751+0000] {logging_mixin.py:151} INFO - [2026-04-22T06:34:53.750+0000] {dagbag.py:539} INFO - Filling up the DagBag from /opt/airflow/dags/embedding_sync_dag.py
[2026-04-22T06:34:53.767+0000] {processor.py:839} INFO - DAG(s) dict_keys(['embedding_sync_dag']) retrieved from /opt/airflow/dags/embedding_sync_dag.py
[2026-04-22T06:34:53.803+0000] {logging_mixin.py:151} INFO - [2026-04-22T06:34:53.803+0000] {dag.py:2915} INFO - Sync 1 DAGs
[2026-04-22T06:34:53.843+0000] {processor.py:179} INFO - Processing /opt/airflow/dags/embedding_sync_dag.py took 0.099 seconds
[2026-04-22T06:35:24.093+0000] {processor.py:157} INFO - Started process (PID=2996) to work on /opt/airflow/dags/embedding_sync_dag.py
[2026-04-22T06:35:24.095+0000] {processor.py:829} INFO - Processing file /opt/airflow/dags/embedding_sync_dag.py for tasks to queue
[2026-04-22T06:35:24.097+0000] {logging_mixin.py:151} INFO - [2026-04-22T06:35:24.096+0000] {dagbag.py:539} INFO - Filling up the DagBag from /opt/airflow/dags/embedding_sync_dag.py
[2026-04-22T06:35:24.118+0000] {processor.py:839} INFO - DAG(s) dict_keys(['embedding_sync_dag']) retrieved from /opt/airflow/dags/embedding_sync_dag.py
[2026-04-22T06:35:24.154+0000] {logging_mixin.py:151} INFO - [2026-04-22T06:35:24.154+0000] {dag.py:2915} INFO - Sync 1 DAGs
[2026-04-22T06:35:24.193+0000] {processor.py:179} INFO - Processing /opt/airflow/dags/embedding_sync_dag.py took 0.110 seconds
[2026-04-22T06:35:54.426+0000] {processor.py:157} INFO - Started process (PID=3014) to work on /opt/airflow/dags/embedding_sync_dag.py
[2026-04-22T06:35:54.428+0000] {processor.py:829} INFO - Processing file /opt/airflow/dags/embedding_sync_dag.py for tasks to queue
[2026-04-22T06:35:54.429+0000] {logging_mixin.py:151} INFO - [2026-04-22T06:35:54.428+0000] {dagbag.py:539} INFO - Filling up the DagBag from /opt/airflow/dags/embedding_sync_dag.py
[2026-04-22T06:35:54.450+0000] {processor.py:839} INFO - DAG(s) dict_keys(['embedding_sync_dag']) retrieved from /opt/airflow/dags/embedding_sync_dag.py
[2026-04-22T06:35:54.485+0000] {logging_mixin.py:151} INFO - [2026-04-22T06:35:54.485+0000] {dag.py:2915} INFO - Sync 1 DAGs
[2026-04-22T06:35:54.524+0000] {processor.py:179} INFO - Processing /opt/airflow/dags/embedding_sync_dag.py took 0.104 seconds
[2026-04-22T06:36:24.764+0000] {processor.py:157} INFO - Started process (PID=3032) to work on /opt/airflow/dags/embedding_sync_dag.py
[2026-04-22T06:36:24.765+0000] {processor.py:829} INFO - Processing file /opt/airflow/dags/embedding_sync_dag.py for tasks to queue
[2026-04-22T06:36:24.766+0000] {logging_mixin.py:151} INFO - [2026-04-22T06:36:24.765+0000] {dagbag.py:539} INFO - Filling up the DagBag from /opt/airflow/dags/embedding_sync_dag.py
[2026-04-22T06:36:24.783+0000] {processor.py:839} INFO - DAG(s) dict_keys(['embedding_sync_dag']) retrieved from /opt/airflow/dags/embedding_sync_dag.py
[2026-04-22T06:36:24.819+0000] {logging_mixin.py:151} INFO - [2026-04-22T06:36:24.819+0000] {dag.py:2915} INFO - Sync 1 DAGs
[2026-04-22T06:36:24.860+0000] {processor.py:179} INFO - Processing /opt/airflow/dags/embedding_sync_dag.py took 0.101 seconds
[2026-04-22T06:36:55.111+0000] {processor.py:157} INFO - Started process (PID=3050) to work on /opt/airflow/dags/embedding_sync_dag.py
[2026-04-22T06:36:55.114+0000] {processor.py:829} INFO - Processing file /opt/airflow/dags/embedding_sync_dag.py for tasks to queue
[2026-04-22T06:36:55.115+0000] {logging_mixin.py:151} INFO - [2026-04-22T06:36:55.114+0000] {dagbag.py:539} INFO - Filling up the DagBag from /opt/airflow/dags/embedding_sync_dag.py
[2026-04-22T06:36:55.137+0000] {processor.py:839} INFO - DAG(s) dict_keys(['embedding_sync_dag']) retrieved from /opt/airflow/dags/embedding_sync_dag.py
[2026-04-22T06:36:55.173+0000] {logging_mixin.py:151} INFO - [2026-04-22T06:36:55.173+0000] {dag.py:2915} INFO - Sync 1 DAGs
[2026-04-22T06:36:55.213+0000] {processor.py:179} INFO - Processing /opt/airflow/dags/embedding_sync_dag.py took 0.116 seconds
[2026-04-22T06:37:25.466+0000] {processor.py:157} INFO - Started process (PID=3068) to work on /opt/airflow/dags/embedding_sync_dag.py
[2026-04-22T06:37:25.468+0000] {processor.py:829} INFO - Processing file /opt/airflow/dags/embedding_sync_dag.py for tasks to queue
[2026-04-22T06:37:25.470+0000] {logging_mixin.py:151} INFO - [2026-04-22T06:37:25.469+0000] {dagbag.py:539} INFO - Filling up the DagBag from /opt/airflow/dags/embedding_sync_dag.py
[2026-04-22T06:37:25.492+0000] {processor.py:839} INFO - DAG(s) dict_keys(['embedding_sync_dag']) retrieved from /opt/airflow/dags/embedding_sync_dag.py
[2026-04-22T06:37:25.527+0000] {logging_mixin.py:151} INFO - [2026-04-22T06:37:25.527+0000] {dag.py:2915} INFO - Sync 1 DAGs
[2026-04-22T06:37:25.566+0000] {processor.py:179} INFO - Processing /opt/airflow/dags/embedding_sync_dag.py took 0.108 seconds
[2026-04-22T06:37:56.088+0000] {processor.py:157} INFO - Started process (PID=3086) to work on /opt/airflow/dags/embedding_sync_dag.py
[2026-04-22T06:37:56.090+0000] {processor.py:829} INFO - Processing file /opt/airflow/dags/embedding_sync_dag.py for tasks to queue
[2026-04-22T06:37:56.092+0000] {logging_mixin.py:151} INFO - [2026-04-22T06:37:56.091+0000] {dagbag.py:539} INFO - Filling up the DagBag from /opt/airflow/dags/embedding_sync_dag.py
[2026-04-22T06:37:56.111+0000] {processor.py:839} INFO - DAG(s) dict_keys(['embedding_sync_dag']) retrieved from /opt/airflow/dags/embedding_sync_dag.py
[2026-04-22T06:37:56.146+0000] {logging_mixin.py:151} INFO - [2026-04-22T06:37:56.146+0000] {dag.py:2915} INFO - Sync 1 DAGs
[2026-04-22T06:37:56.186+0000] {processor.py:179} INFO - Processing /opt/airflow/dags/embedding_sync_dag.py took 0.108 seconds
[2026-04-22T06:38:26.331+0000] {processor.py:157} INFO - Started process (PID=3104) to work on /opt/airflow/dags/embedding_sync_dag.py
[2026-04-22T06:38:26.333+0000] {processor.py:829} INFO - Processing file /opt/airflow/dags/embedding_sync_dag.py for tasks to queue
[2026-04-22T06:38:26.335+0000] {logging_mixin.py:151} INFO - [2026-04-22T06:38:26.334+0000] {dagbag.py:539} INFO - Filling up the DagBag from /opt/airflow/dags/embedding_sync_dag.py
[2026-04-22T06:38:26.355+0000] {processor.py:839} INFO - DAG(s) dict_keys(['embedding_sync_dag']) retrieved from /opt/airflow/dags/embedding_sync_dag.py
[2026-04-22T06:38:26.391+0000] {logging_mixin.py:151} INFO - [2026-04-22T06:38:26.391+0000] {dag.py:2915} INFO - Sync 1 DAGs
[2026-04-22T06:38:26.431+0000] {processor.py:179} INFO - Processing /opt/airflow/dags/embedding_sync_dag.py took 0.112 seconds
[2026-04-22T06:38:56.965+0000] {processor.py:157} INFO - Started process (PID=3122) to work on /opt/airflow/dags/embedding_sync_dag.py
[2026-04-22T06:38:56.966+0000] {processor.py:829} INFO - Processing file /opt/airflow/dags/embedding_sync_dag.py for tasks to queue
[2026-04-22T06:38:56.968+0000] {logging_mixin.py:151} INFO - [2026-04-22T06:38:56.967+0000] {dagbag.py:539} INFO - Filling up the DagBag from /opt/airflow/dags/embedding_sync_dag.py
[2026-04-22T06:38:56.987+0000] {processor.py:839} INFO - DAG(s) dict_keys(['embedding_sync_dag']) retrieved from /opt/airflow/dags/embedding_sync_dag.py
[2026-04-22T06:38:57.023+0000] {logging_mixin.py:151} INFO - [2026-04-22T06:38:57.023+0000] {dag.py:2915} INFO - Sync 1 DAGs
[2026-04-22T06:38:57.062+0000] {processor.py:179} INFO - Processing /opt/airflow/dags/embedding_sync_dag.py took 0.109 seconds
[2026-04-22T06:39:27.236+0000] {processor.py:157} INFO - Started process (PID=3140) to work on /opt/airflow/dags/embedding_sync_dag.py
[2026-04-22T06:39:27.238+0000] {processor.py:829} INFO - Processing file /opt/airflow/dags/embedding_sync_dag.py for tasks to queue
[2026-04-22T06:39:27.240+0000] {logging_mixin.py:151} INFO - [2026-04-22T06:39:27.239+0000] {dagbag.py:539} INFO - Filling up the DagBag from /opt/airflow/dags/embedding_sync_dag.py
[2026-04-22T06:39:27.261+0000] {processor.py:839} INFO - DAG(s) dict_keys(['embedding_sync_dag']) retrieved from /opt/airflow/dags/embedding_sync_dag.py
[2026-04-22T06:39:27.295+0000] {logging_mixin.py:151} INFO - [2026-04-22T06:39:27.295+0000] {dag.py:2915} INFO - Sync 1 DAGs
[2026-04-22T06:39:27.335+0000] {processor.py:179} INFO - Processing /opt/airflow/dags/embedding_sync_dag.py took 0.112 seconds
[2026-04-22T06:39:57.888+0000] {processor.py:157} INFO - Started process (PID=3158) to work on /opt/airflow/dags/embedding_sync_dag.py
[2026-04-22T06:39:57.890+0000] {processor.py:829} INFO - Processing file /opt/airflow/dags/embedding_sync_dag.py for tasks to queue
[2026-04-22T06:39:57.892+0000] {logging_mixin.py:151} INFO - [2026-04-22T06:39:57.891+0000] {dagbag.py:539} INFO - Filling up the DagBag from /opt/airflow/dags/embedding_sync_dag.py
[2026-04-22T06:39:57.912+0000] {processor.py:839} INFO - DAG(s) dict_keys(['embedding_sync_dag']) retrieved from /opt/airflow/dags/embedding_sync_dag.py
[2026-04-22T06:39:57.948+0000] {logging_mixin.py:151} INFO - [2026-04-22T06:39:57.948+0000] {dag.py:2915} INFO - Sync 1 DAGs
[2026-04-22T06:39:57.988+0000] {processor.py:179} INFO - Processing /opt/airflow/dags/embedding_sync_dag.py took 0.113 seconds
[2026-04-22T06:40:28.172+0000] {processor.py:157} INFO - Started process (PID=3176) to work on /opt/airflow/dags/embedding_sync_dag.py
[2026-04-22T06:40:28.173+0000] {processor.py:829} INFO - Processing file /opt/airflow/dags/embedding_sync_dag.py for tasks to queue
[2026-04-22T06:40:28.175+0000] {logging_mixin.py:151} INFO - [2026-04-22T06:40:28.174+0000] {dagbag.py:539} INFO - Filling up the DagBag from /opt/airflow/dags/embedding_sync_dag.py
[2026-04-22T06:40:28.194+0000] {processor.py:839} INFO - DAG(s) dict_keys(['embedding_sync_dag']) retrieved from /opt/airflow/dags/embedding_sync_dag.py
[2026-04-22T06:40:28.229+0000] {logging_mixin.py:151} INFO - [2026-04-22T06:40:28.229+0000] {dag.py:2915} INFO - Sync 1 DAGs
[2026-04-22T06:40:28.268+0000] {processor.py:179} INFO - Processing /opt/airflow/dags/embedding_sync_dag.py took 0.107 seconds
[2026-04-22T06:40:58.846+0000] {processor.py:157} INFO - Started process (PID=3194) to work on /opt/airflow/dags/embedding_sync_dag.py
[2026-04-22T06:40:58.847+0000] {processor.py:829} INFO - Processing file /opt/airflow/dags/embedding_sync_dag.py for tasks to queue
[2026-04-22T06:40:58.848+0000] {logging_mixin.py:151} INFO - [2026-04-22T06:40:58.848+0000] {dagbag.py:539} INFO - Filling up the DagBag from /opt/airflow/dags/embedding_sync_dag.py
[2026-04-22T06:40:58.866+0000] {processor.py:839} INFO - DAG(s) dict_keys(['embedding_sync_dag']) retrieved from /opt/airflow/dags/embedding_sync_dag.py
[2026-04-22T06:40:58.902+0000] {logging_mixin.py:151} INFO - [2026-04-22T06:40:58.902+0000] {dag.py:2915} INFO - Sync 1 DAGs
[2026-04-22T06:40:58.941+0000] {processor.py:179} INFO - Processing /opt/airflow/dags/embedding_sync_dag.py took 0.102 seconds
[2026-04-22T06:41:29.137+0000] {processor.py:157} INFO - Started process (PID=3212) to work on /opt/airflow/dags/embedding_sync_dag.py
[2026-04-22T06:41:29.138+0000] {processor.py:829} INFO - Processing file /opt/airflow/dags/embedding_sync_dag.py for tasks to queue
[2026-04-22T06:41:29.140+0000] {logging_mixin.py:151} INFO - [2026-04-22T06:41:29.139+0000] {dagbag.py:539} INFO - Filling up the DagBag from /opt/airflow/dags/embedding_sync_dag.py
[2026-04-22T06:41:29.159+0000] {processor.py:839} INFO - DAG(s) dict_keys(['embedding_sync_dag']) retrieved from /opt/airflow/dags/embedding_sync_dag.py
[2026-04-22T06:41:29.194+0000] {logging_mixin.py:151} INFO - [2026-04-22T06:41:29.194+0000] {dag.py:2915} INFO - Sync 1 DAGs
[2026-04-22T06:41:29.233+0000] {processor.py:179} INFO - Processing /opt/airflow/dags/embedding_sync_dag.py took 0.106 seconds
[2026-04-22T06:41:59.776+0000] {processor.py:157} INFO - Started process (PID=3230) to work on /opt/airflow/dags/embedding_sync_dag.py
[2026-04-22T06:41:59.778+0000] {processor.py:829} INFO - Processing file /opt/airflow/dags/embedding_sync_dag.py for tasks to queue
[2026-04-22T06:41:59.780+0000] {logging_mixin.py:151} INFO - [2026-04-22T06:41:59.779+0000] {dagbag.py:539} INFO - Filling up the DagBag from /opt/airflow/dags/embedding_sync_dag.py
[2026-04-22T06:41:59.800+0000] {processor.py:839} INFO - DAG(s) dict_keys(['embedding_sync_dag']) retrieved from /opt/airflow/dags/embedding_sync_dag.py
[2026-04-22T06:41:59.835+0000] {logging_mixin.py:151} INFO - [2026-04-22T06:41:59.835+0000] {dag.py:2915} INFO - Sync 1 DAGs
[2026-04-22T06:41:59.874+0000] {processor.py:179} INFO - Processing /opt/airflow/dags/embedding_sync_dag.py took 0.110 seconds
[2026-04-22T06:42:30.050+0000] {processor.py:157} INFO - Started process (PID=3248) to work on /opt/airflow/dags/embedding_sync_dag.py
[2026-04-22T06:42:30.051+0000] {processor.py:829} INFO - Processing file /opt/airflow/dags/embedding_sync_dag.py for tasks to queue
[2026-04-22T06:42:30.051+0000] {logging_mixin.py:151} INFO - [2026-04-22T06:42:30.051+0000] {dagbag.py:539} INFO - Filling up the DagBag from /opt/airflow/dags/embedding_sync_dag.py
[2026-04-22T06:42:30.068+0000] {processor.py:839} INFO - DAG(s) dict_keys(['embedding_sync_dag']) retrieved from /opt/airflow/dags/embedding_sync_dag.py
[2026-04-22T06:42:30.103+0000] {logging_mixin.py:151} INFO - [2026-04-22T06:42:30.103+0000] {dag.py:2915} INFO - Sync 1 DAGs
[2026-04-22T06:42:30.143+0000] {processor.py:179} INFO - Processing /opt/airflow/dags/embedding_sync_dag.py took 0.097 seconds
[2026-04-22T06:43:00.684+0000] {processor.py:157} INFO - Started process (PID=3266) to work on /opt/airflow/dags/embedding_sync_dag.py
[2026-04-22T06:43:00.685+0000] {processor.py:829} INFO - Processing file /opt/airflow/dags/embedding_sync_dag.py for tasks to queue
[2026-04-22T06:43:00.686+0000] {logging_mixin.py:151} INFO - [2026-04-22T06:43:00.686+0000] {dagbag.py:539} INFO - Filling up the DagBag from /opt/airflow/dags/embedding_sync_dag.py
[2026-04-22T06:43:00.703+0000] {processor.py:839} INFO - DAG(s) dict_keys(['embedding_sync_dag']) retrieved from /opt/airflow/dags/embedding_sync_dag.py
[2026-04-22T06:43:00.739+0000] {logging_mixin.py:151} INFO - [2026-04-22T06:43:00.739+0000] {dag.py:2915} INFO - Sync 1 DAGs
[2026-04-22T06:43:00.777+0000] {processor.py:179} INFO - Processing /opt/airflow/dags/embedding_sync_dag.py took 0.099 seconds
[2026-04-22T06:43:30.963+0000] {processor.py:157} INFO - Started process (PID=3284) to work on /opt/airflow/dags/embedding_sync_dag.py
[2026-04-22T06:43:30.965+0000] {processor.py:829} INFO - Processing file /opt/airflow/dags/embedding_sync_dag.py for tasks to queue
[2026-04-22T06:43:30.966+0000] {logging_mixin.py:151} INFO - [2026-04-22T06:43:30.965+0000] {dagbag.py:539} INFO - Filling up the DagBag from /opt/airflow/dags/embedding_sync_dag.py
[2026-04-22T06:43:30.984+0000] {processor.py:839} INFO - DAG(s) dict_keys(['embedding_sync_dag']) retrieved from /opt/airflow/dags/embedding_sync_dag.py
[2026-04-22T06:43:31.020+0000] {logging_mixin.py:151} INFO - [2026-04-22T06:43:31.020+0000] {dag.py:2915} INFO - Sync 1 DAGs
[2026-04-22T06:43:31.059+0000] {processor.py:179} INFO - Processing /opt/airflow/dags/embedding_sync_dag.py took 0.105 seconds
[2026-04-22T06:44:01.596+0000] {processor.py:157} INFO - Started process (PID=3302) to work on /opt/airflow/dags/embedding_sync_dag.py
[2026-04-22T06:44:01.597+0000] {processor.py:829} INFO - Processing file /opt/airflow/dags/embedding_sync_dag.py for tasks to queue
[2026-04-22T06:44:01.598+0000] {logging_mixin.py:151} INFO - [2026-04-22T06:44:01.598+0000] {dagbag.py:539} INFO - Filling up the DagBag from /opt/airflow/dags/embedding_sync_dag.py
[2026-04-22T06:44:01.616+0000] {processor.py:839} INFO - DAG(s) dict_keys(['embedding_sync_dag']) retrieved from /opt/airflow/dags/embedding_sync_dag.py
[2026-04-22T06:44:01.651+0000] {logging_mixin.py:151} INFO - [2026-04-22T06:44:01.651+0000] {dag.py:2915} INFO - Sync 1 DAGs
[2026-04-22T06:44:01.691+0000] {processor.py:179} INFO - Processing /opt/airflow/dags/embedding_sync_dag.py took 0.102 seconds
[2026-04-22T06:44:31.852+0000] {processor.py:157} INFO - Started process (PID=3320) to work on /opt/airflow/dags/embedding_sync_dag.py
[2026-04-22T06:44:31.855+0000] {processor.py:829} INFO - Processing file /opt/airflow/dags/embedding_sync_dag.py for tasks to queue
[2026-04-22T06:44:31.857+0000] {logging_mixin.py:151} INFO - [2026-04-22T06:44:31.856+0000] {dagbag.py:539} INFO - Filling up the DagBag from /opt/airflow/dags/embedding_sync_dag.py
[2026-04-22T06:44:31.879+0000] {processor.py:839} INFO - DAG(s) dict_keys(['embedding_sync_dag']) retrieved from /opt/airflow/dags/embedding_sync_dag.py
[2026-04-22T06:44:31.915+0000] {logging_mixin.py:151} INFO - [2026-04-22T06:44:31.915+0000] {dag.py:2915} INFO - Sync 1 DAGs
[2026-04-22T06:44:31.954+0000] {processor.py:179} INFO - Processing /opt/airflow/dags/embedding_sync_dag.py took 0.113 seconds
[2026-04-22T06:45:02.474+0000] {processor.py:157} INFO - Started process (PID=3338) to work on /opt/airflow/dags/embedding_sync_dag.py
[2026-04-22T06:45:02.476+0000] {processor.py:829} INFO - Processing file /opt/airflow/dags/embedding_sync_dag.py for tasks to queue
[2026-04-22T06:45:02.478+0000] {logging_mixin.py:151} INFO - [2026-04-22T06:45:02.477+0000] {dagbag.py:539} INFO - Filling up the DagBag from /opt/airflow/dags/embedding_sync_dag.py
[2026-04-22T06:45:02.500+0000] {processor.py:839} INFO - DAG(s) dict_keys(['embedding_sync_dag']) retrieved from /opt/airflow/dags/embedding_sync_dag.py
[2026-04-22T06:45:02.535+0000] {logging_mixin.py:151} INFO - [2026-04-22T06:45:02.535+0000] {dag.py:2915} INFO - Sync 1 DAGs
[2026-04-22T06:45:02.576+0000] {processor.py:179} INFO - Processing /opt/airflow/dags/embedding_sync_dag.py took 0.109 seconds
[2026-04-22T06:45:32.710+0000] {processor.py:157} INFO - Started process (PID=3356) to work on /opt/airflow/dags/embedding_sync_dag.py
[2026-04-22T06:45:32.711+0000] {processor.py:829} INFO - Processing file /opt/airflow/dags/embedding_sync_dag.py for tasks to queue
[2026-04-22T06:45:32.712+0000] {logging_mixin.py:151} INFO - [2026-04-22T06:45:32.711+0000] {dagbag.py:539} INFO - Filling up the DagBag from /opt/airflow/dags/embedding_sync_dag.py
[2026-04-22T06:45:32.728+0000] {processor.py:839} INFO - DAG(s) dict_keys(['embedding_sync_dag']) retrieved from /opt/airflow/dags/embedding_sync_dag.py
[2026-04-22T06:45:32.765+0000] {logging_mixin.py:151} INFO - [2026-04-22T06:45:32.765+0000] {dag.py:2915} INFO - Sync 1 DAGs
[2026-04-22T06:45:32.804+0000] {processor.py:179} INFO - Processing /opt/airflow/dags/embedding_sync_dag.py took 0.098 seconds
[2026-04-22T06:46:03.088+0000] {processor.py:157} INFO - Started process (PID=3371) to work on /opt/airflow/dags/embedding_sync_dag.py
[2026-04-22T06:46:03.089+0000] {processor.py:829} INFO - Processing file /opt/airflow/dags/embedding_sync_dag.py for tasks to queue
[2026-04-22T06:46:03.090+0000] {logging_mixin.py:151} INFO - [2026-04-22T06:46:03.089+0000] {dagbag.py:539} INFO - Filling up the DagBag from /opt/airflow/dags/embedding_sync_dag.py
[2026-04-22T06:46:03.106+0000] {processor.py:839} INFO - DAG(s) dict_keys(['embedding_sync_dag']) retrieved from /opt/airflow/dags/embedding_sync_dag.py
[2026-04-22T06:46:03.141+0000] {logging_mixin.py:151} INFO - [2026-04-22T06:46:03.141+0000] {dag.py:2915} INFO - Sync 1 DAGs
[2026-04-22T06:46:03.180+0000] {processor.py:179} INFO - Processing /opt/airflow/dags/embedding_sync_dag.py took 0.096 seconds
[2026-04-22T06:46:33.442+0000] {processor.py:157} INFO - Started process (PID=3386) to work on /opt/airflow/dags/embedding_sync_dag.py
[2026-04-22T06:46:33.443+0000] {processor.py:829} INFO - Processing file /opt/airflow/dags/embedding_sync_dag.py for tasks to queue
[2026-04-22T06:46:33.445+0000] {logging_mixin.py:151} INFO - [2026-04-22T06:46:33.444+0000] {dagbag.py:539} INFO - Filling up the DagBag from /opt/airflow/dags/embedding_sync_dag.py
[2026-04-22T06:46:33.463+0000] {processor.py:839} INFO - DAG(s) dict_keys(['embedding_sync_dag']) retrieved from /opt/airflow/dags/embedding_sync_dag.py
[2026-04-22T06:46:33.500+0000] {logging_mixin.py:151} INFO - [2026-04-22T06:46:33.499+0000] {dag.py:2915} INFO - Sync 1 DAGs
[2026-04-22T06:46:33.541+0000] {processor.py:179} INFO - Processing /opt/airflow/dags/embedding_sync_dag.py took 0.107 seconds
[2026-04-22T06:47:03.798+0000] {processor.py:157} INFO - Started process (PID=3404) to work on /opt/airflow/dags/embedding_sync_dag.py
[2026-04-22T06:47:03.800+0000] {processor.py:829} INFO - Processing file /opt/airflow/dags/embedding_sync_dag.py for tasks to queue
[2026-04-22T06:47:03.802+0000] {logging_mixin.py:151} INFO - [2026-04-22T06:47:03.801+0000] {dagbag.py:539} INFO - Filling up the DagBag from /opt/airflow/dags/embedding_sync_dag.py
[2026-04-22T06:47:03.822+0000] {processor.py:839} INFO - DAG(s) dict_keys(['embedding_sync_dag']) retrieved from /opt/airflow/dags/embedding_sync_dag.py
[2026-04-22T06:47:03.857+0000] {logging_mixin.py:151} INFO - [2026-04-22T06:47:03.857+0000] {dag.py:2915} INFO - Sync 1 DAGs
[2026-04-22T06:47:03.896+0000] {processor.py:179} INFO - Processing /opt/airflow/dags/embedding_sync_dag.py took 0.109 seconds
[2026-04-22T06:47:34.150+0000] {processor.py:157} INFO - Started process (PID=3422) to work on /opt/airflow/dags/embedding_sync_dag.py
[2026-04-22T06:47:34.151+0000] {processor.py:829} INFO - Processing file /opt/airflow/dags/embedding_sync_dag.py for tasks to queue
[2026-04-22T06:47:34.153+0000] {logging_mixin.py:151} INFO - [2026-04-22T06:47:34.152+0000] {dagbag.py:539} INFO - Filling up the DagBag from /opt/airflow/dags/embedding_sync_dag.py
[2026-04-22T06:47:34.172+0000] {processor.py:839} INFO - DAG(s) dict_keys(['embedding_sync_dag']) retrieved from /opt/airflow/dags/embedding_sync_dag.py
[2026-04-22T06:47:34.207+0000] {logging_mixin.py:151} INFO - [2026-04-22T06:47:34.206+0000] {dag.py:2915} INFO - Sync 1 DAGs
[2026-04-22T06:47:34.245+0000] {processor.py:179} INFO - Processing /opt/airflow/dags/embedding_sync_dag.py took 0.104 seconds
[2026-04-22T06:48:04.488+0000] {processor.py:157} INFO - Started process (PID=3440) to work on /opt/airflow/dags/embedding_sync_dag.py
[2026-04-22T06:48:04.489+0000] {processor.py:829} INFO - Processing file /opt/airflow/dags/embedding_sync_dag.py for tasks to queue
[2026-04-22T06:48:04.490+0000] {logging_mixin.py:151} INFO - [2026-04-22T06:48:04.490+0000] {dagbag.py:539} INFO - Filling up the DagBag from /opt/airflow/dags/embedding_sync_dag.py
[2026-04-22T06:48:04.507+0000] {processor.py:839} INFO - DAG(s) dict_keys(['embedding_sync_dag']) retrieved from /opt/airflow/dags/embedding_sync_dag.py
[2026-04-22T06:48:04.542+0000] {logging_mixin.py:151} INFO - [2026-04-22T06:48:04.542+0000] {dag.py:2915} INFO - Sync 1 DAGs
[2026-04-22T06:48:04.583+0000] {processor.py:179} INFO - Processing /opt/airflow/dags/embedding_sync_dag.py took 0.099 seconds
[2026-04-22T06:48:34.846+0000] {processor.py:157} INFO - Started process (PID=3458) to work on /opt/airflow/dags/embedding_sync_dag.py
[2026-04-22T06:48:34.849+0000] {processor.py:829} INFO - Processing file /opt/airflow/dags/embedding_sync_dag.py for tasks to queue
[2026-04-22T06:48:34.851+0000] {logging_mixin.py:151} INFO - [2026-04-22T06:48:34.850+0000] {dagbag.py:539} INFO - Filling up the DagBag from /opt/airflow/dags/embedding_sync_dag.py
[2026-04-22T06:48:34.876+0000] {processor.py:839} INFO - DAG(s) dict_keys(['embedding_sync_dag']) retrieved from /opt/airflow/dags/embedding_sync_dag.py
[2026-04-22T06:48:34.912+0000] {logging_mixin.py:151} INFO - [2026-04-22T06:48:34.912+0000] {dag.py:2915} INFO - Sync 1 DAGs
[2026-04-22T06:48:34.951+0000] {processor.py:179} INFO - Processing /opt/airflow/dags/embedding_sync_dag.py took 0.117 seconds
[2026-04-22T06:49:05.206+0000] {processor.py:157} INFO - Started process (PID=3476) to work on /opt/airflow/dags/embedding_sync_dag.py
[2026-04-22T06:49:05.208+0000] {processor.py:829} INFO - Processing file /opt/airflow/dags/embedding_sync_dag.py for tasks to queue
[2026-04-22T06:49:05.209+0000] {logging_mixin.py:151} INFO - [2026-04-22T06:49:05.208+0000] {dagbag.py:539} INFO - Filling up the DagBag from /opt/airflow/dags/embedding_sync_dag.py
[2026-04-22T06:49:05.227+0000] {processor.py:839} INFO - DAG(s) dict_keys(['embedding_sync_dag']) retrieved from /opt/airflow/dags/embedding_sync_dag.py
[2026-04-22T06:49:05.262+0000] {logging_mixin.py:151} INFO - [2026-04-22T06:49:05.262+0000] {dag.py:2915} INFO - Sync 1 DAGs
[2026-04-22T06:49:05.302+0000] {processor.py:179} INFO - Processing /opt/airflow/dags/embedding_sync_dag.py took 0.104 seconds
[2026-04-22T06:49:35.549+0000] {processor.py:157} INFO - Started process (PID=3494) to work on /opt/airflow/dags/embedding_sync_dag.py
[2026-04-22T06:49:35.550+0000] {processor.py:829} INFO - Processing file /opt/airflow/dags/embedding_sync_dag.py for tasks to queue
[2026-04-22T06:49:35.551+0000] {logging_mixin.py:151} INFO - [2026-04-22T06:49:35.551+0000] {dagbag.py:539} INFO - Filling up the DagBag from /opt/airflow/dags/embedding_sync_dag.py
[2026-04-22T06:49:35.568+0000] {processor.py:839} INFO - DAG(s) dict_keys(['embedding_sync_dag']) retrieved from /opt/airflow/dags/embedding_sync_dag.py
[2026-04-22T06:49:35.603+0000] {logging_mixin.py:151} INFO - [2026-04-22T06:49:35.603+0000] {dag.py:2915} INFO - Sync 1 DAGs
[2026-04-22T06:49:35.644+0000] {processor.py:179} INFO - Processing /opt/airflow/dags/embedding_sync_dag.py took 0.099 seconds
[2026-04-22T06:50:05.894+0000] {processor.py:157} INFO - Started process (PID=3512) to work on /opt/airflow/dags/embedding_sync_dag.py
[2026-04-22T06:50:05.896+0000] {processor.py:829} INFO - Processing file /opt/airflow/dags/embedding_sync_dag.py for tasks to queue
[2026-04-22T06:50:05.897+0000] {logging_mixin.py:151} INFO - [2026-04-22T06:50:05.897+0000] {dagbag.py:539} INFO - Filling up the DagBag from /opt/airflow/dags/embedding_sync_dag.py
[2026-04-22T06:50:05.916+0000] {processor.py:839} INFO - DAG(s) dict_keys(['embedding_sync_dag']) retrieved from /opt/airflow/dags/embedding_sync_dag.py
[2026-04-22T06:50:05.952+0000] {logging_mixin.py:151} INFO - [2026-04-22T06:50:05.952+0000] {dag.py:2915} INFO - Sync 1 DAGs
[2026-04-22T06:50:05.991+0000] {processor.py:179} INFO - Processing /opt/airflow/dags/embedding_sync_dag.py took 0.103 seconds
[2026-04-22T06:50:36.249+0000] {processor.py:157} INFO - Started process (PID=3530) to work on /opt/airflow/dags/embedding_sync_dag.py
[2026-04-22T06:50:36.250+0000] {processor.py:829} INFO - Processing file /opt/airflow/dags/embedding_sync_dag.py for tasks to queue
[2026-04-22T06:50:36.252+0000] {logging_mixin.py:151} INFO - [2026-04-22T06:50:36.251+0000] {dagbag.py:539} INFO - Filling up the DagBag from /opt/airflow/dags/embedding_sync_dag.py
[2026-04-22T06:50:36.272+0000] {processor.py:839} INFO - DAG(s) dict_keys(['embedding_sync_dag']) retrieved from /opt/airflow/dags/embedding_sync_dag.py
[2026-04-22T06:50:36.308+0000] {logging_mixin.py:151} INFO - [2026-04-22T06:50:36.308+0000] {dag.py:2915} INFO - Sync 1 DAGs
[2026-04-22T06:50:36.347+0000] {processor.py:179} INFO - Processing /opt/airflow/dags/embedding_sync_dag.py took 0.110 seconds
[2026-04-22T06:51:06.599+0000] {processor.py:157} INFO - Started process (PID=3548) to work on /opt/airflow/dags/embedding_sync_dag.py
[2026-04-22T06:51:06.600+0000] {processor.py:829} INFO - Processing file /opt/airflow/dags/embedding_sync_dag.py for tasks to queue
[2026-04-22T06:51:06.602+0000] {logging_mixin.py:151} INFO - [2026-04-22T06:51:06.601+0000] {dagbag.py:539} INFO - Filling up the DagBag from /opt/airflow/dags/embedding_sync_dag.py
[2026-04-22T06:51:06.620+0000] {processor.py:839} INFO - DAG(s) dict_keys(['embedding_sync_dag']) retrieved from /opt/airflow/dags/embedding_sync_dag.py
[2026-04-22T06:51:06.654+0000] {logging_mixin.py:151} INFO - [2026-04-22T06:51:06.654+0000] {dag.py:2915} INFO - Sync 1 DAGs
[2026-04-22T06:51:06.695+0000] {processor.py:179} INFO - Processing /opt/airflow/dags/embedding_sync_dag.py took 0.104 seconds
[2026-04-22T06:51:36.943+0000] {processor.py:157} INFO - Started process (PID=3566) to work on /opt/airflow/dags/embedding_sync_dag.py
[2026-04-22T06:51:36.945+0000] {processor.py:829} INFO - Processing file /opt/airflow/dags/embedding_sync_dag.py for tasks to queue
[2026-04-22T06:51:36.946+0000] {logging_mixin.py:151} INFO - [2026-04-22T06:51:36.945+0000] {dagbag.py:539} INFO - Filling up the DagBag from /opt/airflow/dags/embedding_sync_dag.py
[2026-04-22T06:51:36.969+0000] {processor.py:839} INFO - DAG(s) dict_keys(['embedding_sync_dag']) retrieved from /opt/airflow/dags/embedding_sync_dag.py
[2026-04-22T06:51:37.005+0000] {logging_mixin.py:151} INFO - [2026-04-22T06:51:37.005+0000] {dag.py:2915} INFO - Sync 1 DAGs
[2026-04-22T06:51:37.043+0000] {processor.py:179} INFO - Processing /opt/airflow/dags/embedding_sync_dag.py took 0.106 seconds
[2026-04-22T06:52:07.284+0000] {processor.py:157} INFO - Started process (PID=3584) to work on /opt/airflow/dags/embedding_sync_dag.py
[2026-04-22T06:52:07.285+0000] {processor.py:829} INFO - Processing file /opt/airflow/dags/embedding_sync_dag.py for tasks to queue
[2026-04-22T06:52:07.286+0000] {logging_mixin.py:151} INFO - [2026-04-22T06:52:07.285+0000] {dagbag.py:539} INFO - Filling up the DagBag from /opt/airflow/dags/embedding_sync_dag.py
[2026-04-22T06:52:07.303+0000] {processor.py:839} INFO - DAG(s) dict_keys(['embedding_sync_dag']) retrieved from /opt/airflow/dags/embedding_sync_dag.py
[2026-04-22T06:52:07.339+0000] {logging_mixin.py:151} INFO - [2026-04-22T06:52:07.338+0000] {dag.py:2915} INFO - Sync 1 DAGs
[2026-04-22T06:52:07.378+0000] {processor.py:179} INFO - Processing /opt/airflow/dags/embedding_sync_dag.py took 0.100 seconds
[2026-04-22T06:52:37.632+0000] {processor.py:157} INFO - Started process (PID=3602) to work on /opt/airflow/dags/embedding_sync_dag.py
[2026-04-22T06:52:37.634+0000] {processor.py:829} INFO - Processing file /opt/airflow/dags/embedding_sync_dag.py for tasks to queue
[2026-04-22T06:52:37.635+0000] {logging_mixin.py:151} INFO - [2026-04-22T06:52:37.634+0000] {dagbag.py:539} INFO - Filling up the DagBag from /opt/airflow/dags/embedding_sync_dag.py
[2026-04-22T06:52:37.654+0000] {processor.py:839} INFO - DAG(s) dict_keys(['embedding_sync_dag']) retrieved from /opt/airflow/dags/embedding_sync_dag.py
[2026-04-22T06:52:37.689+0000] {logging_mixin.py:151} INFO - [2026-04-22T06:52:37.689+0000] {dag.py:2915} INFO - Sync 1 DAGs
[2026-04-22T06:52:37.728+0000] {processor.py:179} INFO - Processing /opt/airflow/dags/embedding_sync_dag.py took 0.106 seconds
[2026-04-22T06:53:07.976+0000] {processor.py:157} INFO - Started process (PID=3620) to work on /opt/airflow/dags/embedding_sync_dag.py
[2026-04-22T06:53:07.978+0000] {processor.py:829} INFO - Processing file /opt/airflow/dags/embedding_sync_dag.py for tasks to queue
[2026-04-22T06:53:07.980+0000] {logging_mixin.py:151} INFO - [2026-04-22T06:53:07.979+0000] {dagbag.py:539} INFO - Filling up the DagBag from /opt/airflow/dags/embedding_sync_dag.py
[2026-04-22T06:53:08.002+0000] {processor.py:839} INFO - DAG(s) dict_keys(['embedding_sync_dag']) retrieved from /opt/airflow/dags/embedding_sync_dag.py
[2026-04-22T06:53:08.037+0000] {logging_mixin.py:151} INFO - [2026-04-22T06:53:08.037+0000] {dag.py:2915} INFO - Sync 1 DAGs
[2026-04-22T06:53:08.077+0000] {processor.py:179} INFO - Processing /opt/airflow/dags/embedding_sync_dag.py took 0.110 seconds
[2026-04-22T06:53:38.319+0000] {processor.py:157} INFO - Started process (PID=3638) to work on /opt/airflow/dags/embedding_sync_dag.py
[2026-04-22T06:53:38.320+0000] {processor.py:829} INFO - Processing file /opt/airflow/dags/embedding_sync_dag.py for tasks to queue
[2026-04-22T06:53:38.321+0000] {logging_mixin.py:151} INFO - [2026-04-22T06:53:38.321+0000] {dagbag.py:539} INFO - Filling up the DagBag from /opt/airflow/dags/embedding_sync_dag.py
[2026-04-22T06:53:38.339+0000] {processor.py:839} INFO - DAG(s) dict_keys(['embedding_sync_dag']) retrieved from /opt/airflow/dags/embedding_sync_dag.py
[2026-04-22T06:53:38.374+0000] {logging_mixin.py:151} INFO - [2026-04-22T06:53:38.374+0000] {dag.py:2915} INFO - Sync 1 DAGs
[2026-04-22T06:53:38.413+0000] {processor.py:179} INFO - Processing /opt/airflow/dags/embedding_sync_dag.py took 0.098 seconds
[2026-04-22T06:54:08.644+0000] {processor.py:157} INFO - Started process (PID=3656) to work on /opt/airflow/dags/embedding_sync_dag.py
[2026-04-22T06:54:08.646+0000] {processor.py:829} INFO - Processing file /opt/airflow/dags/embedding_sync_dag.py for tasks to queue
[2026-04-22T06:54:08.647+0000] {logging_mixin.py:151} INFO - [2026-04-22T06:54:08.647+0000] {dagbag.py:539} INFO - Filling up the DagBag from /opt/airflow/dags/embedding_sync_dag.py
[2026-04-22T06:54:08.669+0000] {processor.py:839} INFO - DAG(s) dict_keys(['embedding_sync_dag']) retrieved from /opt/airflow/dags/embedding_sync_dag.py
[2026-04-22T06:54:08.705+0000] {logging_mixin.py:151} INFO - [2026-04-22T06:54:08.705+0000] {dag.py:2915} INFO - Sync 1 DAGs
[2026-04-22T06:54:08.747+0000] {processor.py:179} INFO - Processing /opt/airflow/dags/embedding_sync_dag.py took 0.109 seconds
[2026-04-22T06:54:38.930+0000] {processor.py:157} INFO - Started process (PID=3674) to work on /opt/airflow/dags/embedding_sync_dag.py
[2026-04-22T06:54:38.931+0000] {processor.py:829} INFO - Processing file /opt/airflow/dags/embedding_sync_dag.py for tasks to queue
[2026-04-22T06:54:38.933+0000] {logging_mixin.py:151} INFO - [2026-04-22T06:54:38.932+0000] {dagbag.py:539} INFO - Filling up the DagBag from /opt/airflow/dags/embedding_sync_dag.py
[2026-04-22T06:54:38.954+0000] {processor.py:839} INFO - DAG(s) dict_keys(['embedding_sync_dag']) retrieved from /opt/airflow/dags/embedding_sync_dag.py
[2026-04-22T06:54:38.991+0000] {logging_mixin.py:151} INFO - [2026-04-22T06:54:38.991+0000] {dag.py:2915} INFO - Sync 1 DAGs
[2026-04-22T06:54:39.030+0000] {processor.py:179} INFO - Processing /opt/airflow/dags/embedding_sync_dag.py took 0.113 seconds
[2026-04-22T06:55:09.269+0000] {processor.py:157} INFO - Started process (PID=3692) to work on /opt/airflow/dags/embedding_sync_dag.py
[2026-04-22T06:55:09.271+0000] {processor.py:829} INFO - Processing file /opt/airflow/dags/embedding_sync_dag.py for tasks to queue
[2026-04-22T06:55:09.272+0000] {logging_mixin.py:151} INFO - [2026-04-22T06:55:09.271+0000] {dagbag.py:539} INFO - Filling up the DagBag from /opt/airflow/dags/embedding_sync_dag.py
[2026-04-22T06:55:09.291+0000] {processor.py:839} INFO - DAG(s) dict_keys(['embedding_sync_dag']) retrieved from /opt/airflow/dags/embedding_sync_dag.py
[2026-04-22T06:55:09.327+0000] {logging_mixin.py:151} INFO - [2026-04-22T06:55:09.327+0000] {dag.py:2915} INFO - Sync 1 DAGs
[2026-04-22T06:55:09.366+0000] {processor.py:179} INFO - Processing /opt/airflow/dags/embedding_sync_dag.py took 0.106 seconds
[2026-04-22T06:55:39.626+0000] {processor.py:157} INFO - Started process (PID=3710) to work on /opt/airflow/dags/embedding_sync_dag.py
[2026-04-22T06:55:39.627+0000] {processor.py:829} INFO - Processing file /opt/airflow/dags/embedding_sync_dag.py for tasks to queue
[2026-04-22T06:55:39.629+0000] {logging_mixin.py:151} INFO - [2026-04-22T06:55:39.628+0000] {dagbag.py:539} INFO - Filling up the DagBag from /opt/airflow/dags/embedding_sync_dag.py
[2026-04-22T06:55:39.650+0000] {processor.py:839} INFO - DAG(s) dict_keys(['embedding_sync_dag']) retrieved from /opt/airflow/dags/embedding_sync_dag.py
[2026-04-22T06:55:39.685+0000] {logging_mixin.py:151} INFO - [2026-04-22T06:55:39.685+0000] {dag.py:2915} INFO - Sync 1 DAGs
[2026-04-22T06:55:39.725+0000] {processor.py:179} INFO - Processing /opt/airflow/dags/embedding_sync_dag.py took 0.111 seconds
[2026-04-22T06:56:09.970+0000] {processor.py:157} INFO - Started process (PID=3729) to work on /opt/airflow/dags/embedding_sync_dag.py
[2026-04-22T06:56:09.972+0000] {processor.py:829} INFO - Processing file /opt/airflow/dags/embedding_sync_dag.py for tasks to queue
[2026-04-22T06:56:09.973+0000] {logging_mixin.py:151} INFO - [2026-04-22T06:56:09.973+0000] {dagbag.py:539} INFO - Filling up the DagBag from /opt/airflow/dags/embedding_sync_dag.py
[2026-04-22T06:56:09.998+0000] {processor.py:839} INFO - DAG(s) dict_keys(['embedding_sync_dag']) retrieved from /opt/airflow/dags/embedding_sync_dag.py
[2026-04-22T06:56:10.033+0000] {logging_mixin.py:151} INFO - [2026-04-22T06:56:10.033+0000] {dag.py:2915} INFO - Sync 1 DAGs
[2026-04-22T06:56:10.072+0000] {processor.py:179} INFO - Processing /opt/airflow/dags/embedding_sync_dag.py took 0.111 seconds
[2026-04-22T06:56:40.320+0000] {processor.py:157} INFO - Started process (PID=3747) to work on /opt/airflow/dags/embedding_sync_dag.py
[2026-04-22T06:56:40.321+0000] {processor.py:829} INFO - Processing file /opt/airflow/dags/embedding_sync_dag.py for tasks to queue
[2026-04-22T06:56:40.322+0000] {logging_mixin.py:151} INFO - [2026-04-22T06:56:40.322+0000] {dagbag.py:539} INFO - Filling up the DagBag from /opt/airflow/dags/embedding_sync_dag.py
[2026-04-22T06:56:40.339+0000] {processor.py:839} INFO - DAG(s) dict_keys(['embedding_sync_dag']) retrieved from /opt/airflow/dags/embedding_sync_dag.py
[2026-04-22T06:56:40.374+0000] {logging_mixin.py:151} INFO - [2026-04-22T06:56:40.374+0000] {dag.py:2915} INFO - Sync 1 DAGs
[2026-04-22T06:56:40.414+0000] {processor.py:179} INFO - Processing /opt/airflow/dags/embedding_sync_dag.py took 0.099 seconds
[2026-04-22T06:57:10.651+0000] {processor.py:157} INFO - Started process (PID=3765) to work on /opt/airflow/dags/embedding_sync_dag.py
[2026-04-22T06:57:10.653+0000] {processor.py:829} INFO - Processing file /opt/airflow/dags/embedding_sync_dag.py for tasks to queue
[2026-04-22T06:57:10.655+0000] {logging_mixin.py:151} INFO - [2026-04-22T06:57:10.654+0000] {dagbag.py:539} INFO - Filling up the DagBag from /opt/airflow/dags/embedding_sync_dag.py
[2026-04-22T06:57:10.676+0000] {processor.py:839} INFO - DAG(s) dict_keys(['embedding_sync_dag']) retrieved from /opt/airflow/dags/embedding_sync_dag.py
[2026-04-22T06:57:10.711+0000] {logging_mixin.py:151} INFO - [2026-04-22T06:57:10.711+0000] {dag.py:2915} INFO - Sync 1 DAGs
[2026-04-22T06:57:10.751+0000] {processor.py:179} INFO - Processing /opt/airflow/dags/embedding_sync_dag.py took 0.108 seconds
[2026-04-22T06:57:41.002+0000] {processor.py:157} INFO - Started process (PID=3783) to work on /opt/airflow/dags/embedding_sync_dag.py
[2026-04-22T06:57:41.004+0000] {processor.py:829} INFO - Processing file /opt/airflow/dags/embedding_sync_dag.py for tasks to queue
[2026-04-22T06:57:41.005+0000] {logging_mixin.py:151} INFO - [2026-04-22T06:57:41.005+0000] {dagbag.py:539} INFO - Filling up the DagBag from /opt/airflow/dags/embedding_sync_dag.py
[2026-04-22T06:57:41.025+0000] {processor.py:839} INFO - DAG(s) dict_keys(['embedding_sync_dag']) retrieved from /opt/airflow/dags/embedding_sync_dag.py
[2026-04-22T06:57:41.060+0000] {logging_mixin.py:151} INFO - [2026-04-22T06:57:41.060+0000] {dag.py:2915} INFO - Sync 1 DAGs
[2026-04-22T06:57:41.100+0000] {processor.py:179} INFO - Processing /opt/airflow/dags/embedding_sync_dag.py took 0.106 seconds
[2026-04-22T06:58:11.616+0000] {processor.py:157} INFO - Started process (PID=3801) to work on /opt/airflow/dags/embedding_sync_dag.py
[2026-04-22T06:58:11.618+0000] {processor.py:829} INFO - Processing file /opt/airflow/dags/embedding_sync_dag.py for tasks to queue
[2026-04-22T06:58:11.620+0000] {logging_mixin.py:151} INFO - [2026-04-22T06:58:11.619+0000] {dagbag.py:539} INFO - Filling up the DagBag from /opt/airflow/dags/embedding_sync_dag.py
[2026-04-22T06:58:11.640+0000] {processor.py:839} INFO - DAG(s) dict_keys(['embedding_sync_dag']) retrieved from /opt/airflow/dags/embedding_sync_dag.py
[2026-04-22T06:58:11.675+0000] {logging_mixin.py:151} INFO - [2026-04-22T06:58:11.675+0000] {dag.py:2915} INFO - Sync 1 DAGs
[2026-04-22T06:58:11.715+0000] {processor.py:179} INFO - Processing /opt/airflow/dags/embedding_sync_dag.py took 0.110 seconds
[2026-04-22T06:58:41.872+0000] {processor.py:157} INFO - Started process (PID=3819) to work on /opt/airflow/dags/embedding_sync_dag.py
[2026-04-22T06:58:41.874+0000] {processor.py:829} INFO - Processing file /opt/airflow/dags/embedding_sync_dag.py for tasks to queue
[2026-04-22T06:58:41.875+0000] {logging_mixin.py:151} INFO - [2026-04-22T06:58:41.875+0000] {dagbag.py:539} INFO - Filling up the DagBag from /opt/airflow/dags/embedding_sync_dag.py
[2026-04-22T06:58:41.895+0000] {processor.py:839} INFO - DAG(s) dict_keys(['embedding_sync_dag']) retrieved from /opt/airflow/dags/embedding_sync_dag.py
[2026-04-22T06:58:41.930+0000] {logging_mixin.py:151} INFO - [2026-04-22T06:58:41.930+0000] {dag.py:2915} INFO - Sync 1 DAGs
[2026-04-22T06:58:41.971+0000] {processor.py:179} INFO - Processing /opt/airflow/dags/embedding_sync_dag.py took 0.108 seconds
[2026-04-22T06:59:12.501+0000] {processor.py:157} INFO - Started process (PID=3837) to work on /opt/airflow/dags/embedding_sync_dag.py
[2026-04-22T06:59:12.503+0000] {processor.py:829} INFO - Processing file /opt/airflow/dags/embedding_sync_dag.py for tasks to queue
[2026-04-22T06:59:12.504+0000] {logging_mixin.py:151} INFO - [2026-04-22T06:59:12.503+0000] {dagbag.py:539} INFO - Filling up the DagBag from /opt/airflow/dags/embedding_sync_dag.py
[2026-04-22T06:59:12.521+0000] {processor.py:839} INFO - DAG(s) dict_keys(['embedding_sync_dag']) retrieved from /opt/airflow/dags/embedding_sync_dag.py
[2026-04-22T06:59:12.557+0000] {logging_mixin.py:151} INFO - [2026-04-22T06:59:12.557+0000] {dag.py:2915} INFO - Sync 1 DAGs
[2026-04-22T06:59:12.596+0000] {processor.py:179} INFO - Processing /opt/airflow/dags/embedding_sync_dag.py took 0.100 seconds
[2026-04-22T06:59:42.810+0000] {processor.py:157} INFO - Started process (PID=3855) to work on /opt/airflow/dags/embedding_sync_dag.py
[2026-04-22T06:59:42.812+0000] {processor.py:829} INFO - Processing file /opt/airflow/dags/embedding_sync_dag.py for tasks to queue
[2026-04-22T06:59:42.814+0000] {logging_mixin.py:151} INFO - [2026-04-22T06:59:42.813+0000] {dagbag.py:539} INFO - Filling up the DagBag from /opt/airflow/dags/embedding_sync_dag.py
[2026-04-22T06:59:42.833+0000] {processor.py:839} INFO - DAG(s) dict_keys(['embedding_sync_dag']) retrieved from /opt/airflow/dags/embedding_sync_dag.py
[2026-04-22T06:59:42.869+0000] {logging_mixin.py:151} INFO - [2026-04-22T06:59:42.869+0000] {dag.py:2915} INFO - Sync 1 DAGs
[2026-04-22T06:59:42.910+0000] {processor.py:179} INFO - Processing /opt/airflow/dags/embedding_sync_dag.py took 0.106 seconds
[2026-04-22T17:00:07.307+0000] {processor.py:157} INFO - Started process (PID=3877) to work on /opt/airflow/dags/embedding_sync_dag.py
[2026-04-22T17:00:07.315+0000] {processor.py:829} INFO - Processing file /opt/airflow/dags/embedding_sync_dag.py for tasks to queue
[2026-04-22T17:00:07.322+0000] {logging_mixin.py:151} INFO - [2026-04-22T17:00:07.319+0000] {dagbag.py:539} INFO - Filling up the DagBag from /opt/airflow/dags/embedding_sync_dag.py
[2026-04-22T17:00:07.939+0000] {processor.py:839} INFO - DAG(s) dict_keys(['embedding_sync_dag']) retrieved from /opt/airflow/dags/embedding_sync_dag.py
[2026-04-22T17:00:08.224+0000] {logging_mixin.py:151} INFO - [2026-04-22T17:00:08.223+0000] {dag.py:2915} INFO - Sync 1 DAGs
[2026-04-22T17:00:08.423+0000] {processor.py:179} INFO - Processing /opt/airflow/dags/embedding_sync_dag.py took 1.206 seconds
[2026-04-22T17:00:39.129+0000] {processor.py:157} INFO - Started process (PID=3897) to work on /opt/airflow/dags/embedding_sync_dag.py
[2026-04-22T17:00:39.132+0000] {processor.py:829} INFO - Processing file /opt/airflow/dags/embedding_sync_dag.py for tasks to queue
[2026-04-22T17:00:39.134+0000] {logging_mixin.py:151} INFO - [2026-04-22T17:00:39.133+0000] {dagbag.py:539} INFO - Filling up the DagBag from /opt/airflow/dags/embedding_sync_dag.py
[2026-04-22T17:00:39.189+0000] {processor.py:839} INFO - DAG(s) dict_keys(['embedding_sync_dag']) retrieved from /opt/airflow/dags/embedding_sync_dag.py
[2026-04-22T17:00:39.310+0000] {logging_mixin.py:151} INFO - [2026-04-22T17:00:39.309+0000] {dag.py:2915} INFO - Sync 1 DAGs
[2026-04-22T17:00:39.416+0000] {processor.py:179} INFO - Processing /opt/airflow/dags/embedding_sync_dag.py took 0.300 seconds
[2026-04-22T17:01:09.700+0000] {processor.py:157} INFO - Started process (PID=3915) to work on /opt/airflow/dags/embedding_sync_dag.py
[2026-04-22T17:01:09.703+0000] {processor.py:829} INFO - Processing file /opt/airflow/dags/embedding_sync_dag.py for tasks to queue
[2026-04-22T17:01:09.706+0000] {logging_mixin.py:151} INFO - [2026-04-22T17:01:09.705+0000] {dagbag.py:539} INFO - Filling up the DagBag from /opt/airflow/dags/embedding_sync_dag.py
[2026-04-22T17:01:09.760+0000] {processor.py:839} INFO - DAG(s) dict_keys(['embedding_sync_dag']) retrieved from /opt/airflow/dags/embedding_sync_dag.py
[2026-04-22T17:01:09.878+0000] {logging_mixin.py:151} INFO - [2026-04-22T17:01:09.878+0000] {dag.py:2915} INFO - Sync 1 DAGs
[2026-04-22T17:01:10.007+0000] {processor.py:179} INFO - Processing /opt/airflow/dags/embedding_sync_dag.py took 0.319 seconds
[2026-04-22T17:01:40.328+0000] {processor.py:157} INFO - Started process (PID=3933) to work on /opt/airflow/dags/embedding_sync_dag.py
[2026-04-22T17:01:40.331+0000] {processor.py:829} INFO - Processing file /opt/airflow/dags/embedding_sync_dag.py for tasks to queue
[2026-04-22T17:01:40.334+0000] {logging_mixin.py:151} INFO - [2026-04-22T17:01:40.333+0000] {dagbag.py:539} INFO - Filling up the DagBag from /opt/airflow/dags/embedding_sync_dag.py
[2026-04-22T17:01:40.387+0000] {processor.py:839} INFO - DAG(s) dict_keys(['embedding_sync_dag']) retrieved from /opt/airflow/dags/embedding_sync_dag.py
[2026-04-22T17:01:40.502+0000] {logging_mixin.py:151} INFO - [2026-04-22T17:01:40.502+0000] {dag.py:2915} INFO - Sync 1 DAGs
[2026-04-22T17:01:40.624+0000] {processor.py:179} INFO - Processing /opt/airflow/dags/embedding_sync_dag.py took 0.307 seconds
[2026-04-22T17:02:11.441+0000] {processor.py:157} INFO - Started process (PID=3951) to work on /opt/airflow/dags/embedding_sync_dag.py
[2026-04-22T17:02:11.443+0000] {processor.py:829} INFO - Processing file /opt/airflow/dags/embedding_sync_dag.py for tasks to queue
[2026-04-22T17:02:11.446+0000] {logging_mixin.py:151} INFO - [2026-04-22T17:02:11.444+0000] {dagbag.py:539} INFO - Filling up the DagBag from /opt/airflow/dags/embedding_sync_dag.py
[2026-04-22T17:02:11.497+0000] {processor.py:839} INFO - DAG(s) dict_keys(['embedding_sync_dag']) retrieved from /opt/airflow/dags/embedding_sync_dag.py
[2026-04-22T17:02:11.616+0000] {logging_mixin.py:151} INFO - [2026-04-22T17:02:11.615+0000] {dag.py:2915} INFO - Sync 1 DAGs
[2026-04-22T17:02:11.710+0000] {processor.py:179} INFO - Processing /opt/airflow/dags/embedding_sync_dag.py took 0.281 seconds
[2026-04-22T17:02:41.976+0000] {processor.py:157} INFO - Started process (PID=3969) to work on /opt/airflow/dags/embedding_sync_dag.py
[2026-04-22T17:02:41.978+0000] {processor.py:829} INFO - Processing file /opt/airflow/dags/embedding_sync_dag.py for tasks to queue
[2026-04-22T17:02:41.980+0000] {logging_mixin.py:151} INFO - [2026-04-22T17:02:41.978+0000] {dagbag.py:539} INFO - Filling up the DagBag from /opt/airflow/dags/embedding_sync_dag.py
[2026-04-22T17:02:42.006+0000] {processor.py:839} INFO - DAG(s) dict_keys(['embedding_sync_dag']) retrieved from /opt/airflow/dags/embedding_sync_dag.py
[2026-04-22T17:02:42.065+0000] {logging_mixin.py:151} INFO - [2026-04-22T17:02:42.064+0000] {dag.py:2915} INFO - Sync 1 DAGs
[2026-04-22T17:02:42.139+0000] {processor.py:179} INFO - Processing /opt/airflow/dags/embedding_sync_dag.py took 0.170 seconds
[2026-04-22T17:03:12.428+0000] {processor.py:157} INFO - Started process (PID=3987) to work on /opt/airflow/dags/embedding_sync_dag.py
[2026-04-22T17:03:12.431+0000] {processor.py:829} INFO - Processing file /opt/airflow/dags/embedding_sync_dag.py for tasks to queue
[2026-04-22T17:03:12.433+0000] {logging_mixin.py:151} INFO - [2026-04-22T17:03:12.432+0000] {dagbag.py:539} INFO - Filling up the DagBag from /opt/airflow/dags/embedding_sync_dag.py
[2026-04-22T17:03:12.485+0000] {processor.py:839} INFO - DAG(s) dict_keys(['embedding_sync_dag']) retrieved from /opt/airflow/dags/embedding_sync_dag.py
[2026-04-22T17:03:12.595+0000] {logging_mixin.py:151} INFO - [2026-04-22T17:03:12.595+0000] {dag.py:2915} INFO - Sync 1 DAGs
[2026-04-22T17:03:12.716+0000] {processor.py:179} INFO - Processing /opt/airflow/dags/embedding_sync_dag.py took 0.300 seconds
[2026-04-22T17:03:43.008+0000] {processor.py:157} INFO - Started process (PID=4005) to work on /opt/airflow/dags/embedding_sync_dag.py
[2026-04-22T17:03:43.010+0000] {processor.py:829} INFO - Processing file /opt/airflow/dags/embedding_sync_dag.py for tasks to queue
[2026-04-22T17:03:43.012+0000] {logging_mixin.py:151} INFO - [2026-04-22T17:03:43.011+0000] {dagbag.py:539} INFO - Filling up the DagBag from /opt/airflow/dags/embedding_sync_dag.py
[2026-04-22T17:03:43.059+0000] {processor.py:839} INFO - DAG(s) dict_keys(['embedding_sync_dag']) retrieved from /opt/airflow/dags/embedding_sync_dag.py
[2026-04-22T17:03:43.162+0000] {logging_mixin.py:151} INFO - [2026-04-22T17:03:43.162+0000] {dag.py:2915} INFO - Sync 1 DAGs
[2026-04-22T17:03:43.251+0000] {processor.py:179} INFO - Processing /opt/airflow/dags/embedding_sync_dag.py took 0.254 seconds
[2026-04-22T17:04:13.520+0000] {processor.py:157} INFO - Started process (PID=4023) to work on /opt/airflow/dags/embedding_sync_dag.py
[2026-04-22T17:04:13.523+0000] {processor.py:829} INFO - Processing file /opt/airflow/dags/embedding_sync_dag.py for tasks to queue
[2026-04-22T17:04:13.525+0000] {logging_mixin.py:151} INFO - [2026-04-22T17:04:13.524+0000] {dagbag.py:539} INFO - Filling up the DagBag from /opt/airflow/dags/embedding_sync_dag.py
[2026-04-22T17:04:13.578+0000] {processor.py:839} INFO - DAG(s) dict_keys(['embedding_sync_dag']) retrieved from /opt/airflow/dags/embedding_sync_dag.py
[2026-04-22T17:04:13.687+0000] {logging_mixin.py:151} INFO - [2026-04-22T17:04:13.687+0000] {dag.py:2915} INFO - Sync 1 DAGs
[2026-04-22T17:04:13.757+0000] {processor.py:179} INFO - Processing /opt/airflow/dags/embedding_sync_dag.py took 0.250 seconds
[2026-04-22T17:04:44.027+0000] {processor.py:157} INFO - Started process (PID=4041) to work on /opt/airflow/dags/embedding_sync_dag.py
[2026-04-22T17:04:44.030+0000] {processor.py:829} INFO - Processing file /opt/airflow/dags/embedding_sync_dag.py for tasks to queue
[2026-04-22T17:04:44.033+0000] {logging_mixin.py:151} INFO - [2026-04-22T17:04:44.031+0000] {dagbag.py:539} INFO - Filling up the DagBag from /opt/airflow/dags/embedding_sync_dag.py
[2026-04-22T17:04:44.089+0000] {processor.py:839} INFO - DAG(s) dict_keys(['embedding_sync_dag']) retrieved from /opt/airflow/dags/embedding_sync_dag.py
[2026-04-22T17:04:44.207+0000] {logging_mixin.py:151} INFO - [2026-04-22T17:04:44.207+0000] {dag.py:2915} INFO - Sync 1 DAGs
[2026-04-22T17:04:44.280+0000] {processor.py:179} INFO - Processing /opt/airflow/dags/embedding_sync_dag.py took 0.266 seconds
[2026-04-22T17:05:14.599+0000] {processor.py:157} INFO - Started process (PID=4059) to work on /opt/airflow/dags/embedding_sync_dag.py
[2026-04-22T17:05:14.602+0000] {processor.py:829} INFO - Processing file /opt/airflow/dags/embedding_sync_dag.py for tasks to queue
[2026-04-22T17:05:14.604+0000] {logging_mixin.py:151} INFO - [2026-04-22T17:05:14.603+0000] {dagbag.py:539} INFO - Filling up the DagBag from /opt/airflow/dags/embedding_sync_dag.py
[2026-04-22T17:05:14.656+0000] {processor.py:839} INFO - DAG(s) dict_keys(['embedding_sync_dag']) retrieved from /opt/airflow/dags/embedding_sync_dag.py
[2026-04-22T17:05:14.765+0000] {logging_mixin.py:151} INFO - [2026-04-22T17:05:14.764+0000] {dag.py:2915} INFO - Sync 1 DAGs
[2026-04-22T17:05:14.823+0000] {processor.py:179} INFO - Processing /opt/airflow/dags/embedding_sync_dag.py took 0.236 seconds
[2026-04-22T17:05:45.107+0000] {processor.py:157} INFO - Started process (PID=4077) to work on /opt/airflow/dags/embedding_sync_dag.py
[2026-04-22T17:05:45.110+0000] {processor.py:829} INFO - Processing file /opt/airflow/dags/embedding_sync_dag.py for tasks to queue
[2026-04-22T17:05:45.112+0000] {logging_mixin.py:151} INFO - [2026-04-22T17:05:45.111+0000] {dagbag.py:539} INFO - Filling up the DagBag from /opt/airflow/dags/embedding_sync_dag.py
[2026-04-22T17:05:45.164+0000] {processor.py:839} INFO - DAG(s) dict_keys(['embedding_sync_dag']) retrieved from /opt/airflow/dags/embedding_sync_dag.py
[2026-04-22T17:05:45.277+0000] {logging_mixin.py:151} INFO - [2026-04-22T17:05:45.276+0000] {dag.py:2915} INFO - Sync 1 DAGs
[2026-04-22T17:05:45.398+0000] {processor.py:179} INFO - Processing /opt/airflow/dags/embedding_sync_dag.py took 0.304 seconds
[2026-04-22T17:06:15.704+0000] {processor.py:157} INFO - Started process (PID=4095) to work on /opt/airflow/dags/embedding_sync_dag.py
[2026-04-22T17:06:15.707+0000] {processor.py:829} INFO - Processing file /opt/airflow/dags/embedding_sync_dag.py for tasks to queue
[2026-04-22T17:06:15.710+0000] {logging_mixin.py:151} INFO - [2026-04-22T17:06:15.709+0000] {dagbag.py:539} INFO - Filling up the DagBag from /opt/airflow/dags/embedding_sync_dag.py
[2026-04-22T17:06:15.766+0000] {processor.py:839} INFO - DAG(s) dict_keys(['embedding_sync_dag']) retrieved from /opt/airflow/dags/embedding_sync_dag.py
[2026-04-22T17:06:15.879+0000] {logging_mixin.py:151} INFO - [2026-04-22T17:06:15.879+0000] {dag.py:2915} INFO - Sync 1 DAGs
[2026-04-22T17:06:15.958+0000] {processor.py:179} INFO - Processing /opt/airflow/dags/embedding_sync_dag.py took 0.267 seconds
[2026-04-22T17:06:46.238+0000] {processor.py:157} INFO - Started process (PID=4113) to work on /opt/airflow/dags/embedding_sync_dag.py
[2026-04-22T17:06:46.240+0000] {processor.py:829} INFO - Processing file /opt/airflow/dags/embedding_sync_dag.py for tasks to queue
[2026-04-22T17:06:46.243+0000] {logging_mixin.py:151} INFO - [2026-04-22T17:06:46.241+0000] {dagbag.py:539} INFO - Filling up the DagBag from /opt/airflow/dags/embedding_sync_dag.py
[2026-04-22T17:06:46.295+0000] {processor.py:839} INFO - DAG(s) dict_keys(['embedding_sync_dag']) retrieved from /opt/airflow/dags/embedding_sync_dag.py
[2026-04-22T17:06:46.406+0000] {logging_mixin.py:151} INFO - [2026-04-22T17:06:46.405+0000] {dag.py:2915} INFO - Sync 1 DAGs
[2026-04-22T17:06:46.524+0000] {processor.py:179} INFO - Processing /opt/airflow/dags/embedding_sync_dag.py took 0.298 seconds
[2026-04-22T17:07:16.838+0000] {processor.py:157} INFO - Started process (PID=4131) to work on /opt/airflow/dags/embedding_sync_dag.py
[2026-04-22T17:07:16.842+0000] {processor.py:829} INFO - Processing file /opt/airflow/dags/embedding_sync_dag.py for tasks to queue
[2026-04-22T17:07:16.844+0000] {logging_mixin.py:151} INFO - [2026-04-22T17:07:16.843+0000] {dagbag.py:539} INFO - Filling up the DagBag from /opt/airflow/dags/embedding_sync_dag.py
[2026-04-22T17:07:16.898+0000] {processor.py:839} INFO - DAG(s) dict_keys(['embedding_sync_dag']) retrieved from /opt/airflow/dags/embedding_sync_dag.py
[2026-04-22T17:07:17.018+0000] {logging_mixin.py:151} INFO - [2026-04-22T17:07:17.017+0000] {dag.py:2915} INFO - Sync 1 DAGs
[2026-04-22T17:07:17.147+0000] {processor.py:179} INFO - Processing /opt/airflow/dags/embedding_sync_dag.py took 0.323 seconds
[2026-04-22T17:07:47.457+0000] {processor.py:157} INFO - Started process (PID=4149) to work on /opt/airflow/dags/embedding_sync_dag.py
[2026-04-22T17:07:47.460+0000] {processor.py:829} INFO - Processing file /opt/airflow/dags/embedding_sync_dag.py for tasks to queue
[2026-04-22T17:07:47.462+0000] {logging_mixin.py:151} INFO - [2026-04-22T17:07:47.461+0000] {dagbag.py:539} INFO - Filling up the DagBag from /opt/airflow/dags/embedding_sync_dag.py
[2026-04-22T17:07:47.514+0000] {processor.py:839} INFO - DAG(s) dict_keys(['embedding_sync_dag']) retrieved from /opt/airflow/dags/embedding_sync_dag.py
[2026-04-22T17:07:47.622+0000] {logging_mixin.py:151} INFO - [2026-04-22T17:07:47.622+0000] {dag.py:2915} INFO - Sync 1 DAGs
[2026-04-22T17:07:47.708+0000] {processor.py:179} INFO - Processing /opt/airflow/dags/embedding_sync_dag.py took 0.263 seconds
[2026-04-22T17:08:18.018+0000] {processor.py:157} INFO - Started process (PID=4167) to work on /opt/airflow/dags/embedding_sync_dag.py
[2026-04-22T17:08:18.021+0000] {processor.py:829} INFO - Processing file /opt/airflow/dags/embedding_sync_dag.py for tasks to queue
[2026-04-22T17:08:18.023+0000] {logging_mixin.py:151} INFO - [2026-04-22T17:08:18.022+0000] {dagbag.py:539} INFO - Filling up the DagBag from /opt/airflow/dags/embedding_sync_dag.py
[2026-04-22T17:08:18.074+0000] {processor.py:839} INFO - DAG(s) dict_keys(['embedding_sync_dag']) retrieved from /opt/airflow/dags/embedding_sync_dag.py
[2026-04-22T17:08:18.186+0000] {logging_mixin.py:151} INFO - [2026-04-22T17:08:18.185+0000] {dag.py:2915} INFO - Sync 1 DAGs
[2026-04-22T17:08:18.301+0000] {processor.py:179} INFO - Processing /opt/airflow/dags/embedding_sync_dag.py took 0.295 seconds
[2026-04-22T17:08:48.805+0000] {processor.py:157} INFO - Started process (PID=4185) to work on /opt/airflow/dags/embedding_sync_dag.py
[2026-04-22T17:08:48.806+0000] {processor.py:829} INFO - Processing file /opt/airflow/dags/embedding_sync_dag.py for tasks to queue
[2026-04-22T17:08:48.807+0000] {logging_mixin.py:151} INFO - [2026-04-22T17:08:48.807+0000] {dagbag.py:539} INFO - Filling up the DagBag from /opt/airflow/dags/embedding_sync_dag.py
[2026-04-22T17:08:48.826+0000] {processor.py:839} INFO - DAG(s) dict_keys(['embedding_sync_dag']) retrieved from /opt/airflow/dags/embedding_sync_dag.py
[2026-04-22T17:08:48.862+0000] {logging_mixin.py:151} INFO - [2026-04-22T17:08:48.861+0000] {dag.py:2915} INFO - Sync 1 DAGs
[2026-04-22T17:08:48.899+0000] {processor.py:179} INFO - Processing /opt/airflow/dags/embedding_sync_dag.py took 0.101 seconds
[2026-04-22T17:09:19.079+0000] {processor.py:157} INFO - Started process (PID=4203) to work on /opt/airflow/dags/embedding_sync_dag.py
[2026-04-22T17:09:19.081+0000] {processor.py:829} INFO - Processing file /opt/airflow/dags/embedding_sync_dag.py for tasks to queue
[2026-04-22T17:09:19.083+0000] {logging_mixin.py:151} INFO - [2026-04-22T17:09:19.082+0000] {dagbag.py:539} INFO - Filling up the DagBag from /opt/airflow/dags/embedding_sync_dag.py
[2026-04-22T17:09:19.107+0000] {processor.py:839} INFO - DAG(s) dict_keys(['embedding_sync_dag']) retrieved from /opt/airflow/dags/embedding_sync_dag.py
[2026-04-22T17:09:19.142+0000] {logging_mixin.py:151} INFO - [2026-04-22T17:09:19.142+0000] {dag.py:2915} INFO - Sync 1 DAGs
[2026-04-22T17:09:19.181+0000] {processor.py:179} INFO - Processing /opt/airflow/dags/embedding_sync_dag.py took 0.109 seconds
[2026-04-22T17:09:49.737+0000] {processor.py:157} INFO - Started process (PID=4221) to work on /opt/airflow/dags/embedding_sync_dag.py
[2026-04-22T17:09:49.739+0000] {processor.py:829} INFO - Processing file /opt/airflow/dags/embedding_sync_dag.py for tasks to queue
[2026-04-22T17:09:49.740+0000] {logging_mixin.py:151} INFO - [2026-04-22T17:09:49.740+0000] {dagbag.py:539} INFO - Filling up the DagBag from /opt/airflow/dags/embedding_sync_dag.py
[2026-04-22T17:09:49.761+0000] {processor.py:839} INFO - DAG(s) dict_keys(['embedding_sync_dag']) retrieved from /opt/airflow/dags/embedding_sync_dag.py
[2026-04-22T17:09:49.796+0000] {logging_mixin.py:151} INFO - [2026-04-22T17:09:49.796+0000] {dag.py:2915} INFO - Sync 1 DAGs
[2026-04-22T17:09:49.834+0000] {processor.py:179} INFO - Processing /opt/airflow/dags/embedding_sync_dag.py took 0.108 seconds
[2026-04-22T17:10:20.020+0000] {processor.py:157} INFO - Started process (PID=4239) to work on /opt/airflow/dags/embedding_sync_dag.py
[2026-04-22T17:10:20.023+0000] {processor.py:829} INFO - Processing file /opt/airflow/dags/embedding_sync_dag.py for tasks to queue
[2026-04-22T17:10:20.025+0000] {logging_mixin.py:151} INFO - [2026-04-22T17:10:20.024+0000] {dagbag.py:539} INFO - Filling up the DagBag from /opt/airflow/dags/embedding_sync_dag.py
[2026-04-22T17:10:20.056+0000] {processor.py:839} INFO - DAG(s) dict_keys(['embedding_sync_dag']) retrieved from /opt/airflow/dags/embedding_sync_dag.py
[2026-04-22T17:10:20.092+0000] {logging_mixin.py:151} INFO - [2026-04-22T17:10:20.092+0000] {dag.py:2915} INFO - Sync 1 DAGs
[2026-04-22T17:10:20.130+0000] {processor.py:179} INFO - Processing /opt/airflow/dags/embedding_sync_dag.py took 0.122 seconds
[2026-04-22T17:10:50.659+0000] {processor.py:157} INFO - Started process (PID=4257) to work on /opt/airflow/dags/embedding_sync_dag.py
[2026-04-22T17:10:50.661+0000] {processor.py:829} INFO - Processing file /opt/airflow/dags/embedding_sync_dag.py for tasks to queue
[2026-04-22T17:10:50.664+0000] {logging_mixin.py:151} INFO - [2026-04-22T17:10:50.663+0000] {dagbag.py:539} INFO - Filling up the DagBag from /opt/airflow/dags/embedding_sync_dag.py
[2026-04-22T17:10:50.704+0000] {processor.py:839} INFO - DAG(s) dict_keys(['embedding_sync_dag']) retrieved from /opt/airflow/dags/embedding_sync_dag.py
[2026-04-22T17:10:50.742+0000] {logging_mixin.py:151} INFO - [2026-04-22T17:10:50.742+0000] {dag.py:2915} INFO - Sync 1 DAGs
[2026-04-22T17:10:50.782+0000] {processor.py:179} INFO - Processing /opt/airflow/dags/embedding_sync_dag.py took 0.137 seconds
[2026-04-22T17:11:20.997+0000] {processor.py:157} INFO - Started process (PID=4275) to work on /opt/airflow/dags/embedding_sync_dag.py
[2026-04-22T17:11:20.999+0000] {processor.py:829} INFO - Processing file /opt/airflow/dags/embedding_sync_dag.py for tasks to queue
[2026-04-22T17:11:21.001+0000] {logging_mixin.py:151} INFO - [2026-04-22T17:11:21.000+0000] {dagbag.py:539} INFO - Filling up the DagBag from /opt/airflow/dags/embedding_sync_dag.py
[2026-04-22T17:11:21.022+0000] {processor.py:839} INFO - DAG(s) dict_keys(['embedding_sync_dag']) retrieved from /opt/airflow/dags/embedding_sync_dag.py
[2026-04-22T17:11:21.057+0000] {logging_mixin.py:151} INFO - [2026-04-22T17:11:21.056+0000] {dag.py:2915} INFO - Sync 1 DAGs
[2026-04-22T17:11:21.096+0000] {processor.py:179} INFO - Processing /opt/airflow/dags/embedding_sync_dag.py took 0.107 seconds
[2026-04-22T17:11:51.614+0000] {processor.py:157} INFO - Started process (PID=4293) to work on /opt/airflow/dags/embedding_sync_dag.py
[2026-04-22T17:11:51.616+0000] {processor.py:829} INFO - Processing file /opt/airflow/dags/embedding_sync_dag.py for tasks to queue
[2026-04-22T17:11:51.618+0000] {logging_mixin.py:151} INFO - [2026-04-22T17:11:51.617+0000] {dagbag.py:539} INFO - Filling up the DagBag from /opt/airflow/dags/embedding_sync_dag.py
[2026-04-22T17:11:51.642+0000] {processor.py:839} INFO - DAG(s) dict_keys(['embedding_sync_dag']) retrieved from /opt/airflow/dags/embedding_sync_dag.py
[2026-04-22T17:11:51.677+0000] {logging_mixin.py:151} INFO - [2026-04-22T17:11:51.677+0000] {dag.py:2915} INFO - Sync 1 DAGs
[2026-04-22T17:11:51.715+0000] {processor.py:179} INFO - Processing /opt/airflow/dags/embedding_sync_dag.py took 0.110 seconds
[2026-04-22T17:12:21.872+0000] {processor.py:157} INFO - Started process (PID=4311) to work on /opt/airflow/dags/embedding_sync_dag.py
[2026-04-22T17:12:21.874+0000] {processor.py:829} INFO - Processing file /opt/airflow/dags/embedding_sync_dag.py for tasks to queue
[2026-04-22T17:12:21.876+0000] {logging_mixin.py:151} INFO - [2026-04-22T17:12:21.876+0000] {dagbag.py:539} INFO - Filling up the DagBag from /opt/airflow/dags/embedding_sync_dag.py
[2026-04-22T17:12:21.897+0000] {processor.py:839} INFO - DAG(s) dict_keys(['embedding_sync_dag']) retrieved from /opt/airflow/dags/embedding_sync_dag.py
[2026-04-22T17:12:21.932+0000] {logging_mixin.py:151} INFO - [2026-04-22T17:12:21.931+0000] {dag.py:2915} INFO - Sync 1 DAGs
[2026-04-22T17:12:21.970+0000] {processor.py:179} INFO - Processing /opt/airflow/dags/embedding_sync_dag.py took 0.106 seconds
[2026-04-22T17:12:52.519+0000] {processor.py:157} INFO - Started process (PID=4329) to work on /opt/airflow/dags/embedding_sync_dag.py
[2026-04-22T17:12:52.521+0000] {processor.py:829} INFO - Processing file /opt/airflow/dags/embedding_sync_dag.py for tasks to queue
[2026-04-22T17:12:52.522+0000] {logging_mixin.py:151} INFO - [2026-04-22T17:12:52.522+0000] {dagbag.py:539} INFO - Filling up the DagBag from /opt/airflow/dags/embedding_sync_dag.py
[2026-04-22T17:12:52.542+0000] {processor.py:839} INFO - DAG(s) dict_keys(['embedding_sync_dag']) retrieved from /opt/airflow/dags/embedding_sync_dag.py
[2026-04-22T17:12:52.578+0000] {logging_mixin.py:151} INFO - [2026-04-22T17:12:52.578+0000] {dag.py:2915} INFO - Sync 1 DAGs
[2026-04-22T17:12:52.617+0000] {processor.py:179} INFO - Processing /opt/airflow/dags/embedding_sync_dag.py took 0.110 seconds
[2026-04-22T17:13:22.754+0000] {processor.py:157} INFO - Started process (PID=4347) to work on /opt/airflow/dags/embedding_sync_dag.py
[2026-04-22T17:13:22.755+0000] {processor.py:829} INFO - Processing file /opt/airflow/dags/embedding_sync_dag.py for tasks to queue
[2026-04-22T17:13:22.756+0000] {logging_mixin.py:151} INFO - [2026-04-22T17:13:22.756+0000] {dagbag.py:539} INFO - Filling up the DagBag from /opt/airflow/dags/embedding_sync_dag.py
[2026-04-22T17:13:22.775+0000] {processor.py:839} INFO - DAG(s) dict_keys(['embedding_sync_dag']) retrieved from /opt/airflow/dags/embedding_sync_dag.py
[2026-04-22T17:13:22.820+0000] {logging_mixin.py:151} INFO - [2026-04-22T17:13:22.820+0000] {dag.py:2915} INFO - Sync 1 DAGs
[2026-04-22T17:13:22.862+0000] {processor.py:179} INFO - Processing /opt/airflow/dags/embedding_sync_dag.py took 0.112 seconds
[2026-04-22T17:13:53.420+0000] {processor.py:157} INFO - Started process (PID=4365) to work on /opt/airflow/dags/embedding_sync_dag.py
[2026-04-22T17:13:53.422+0000] {processor.py:829} INFO - Processing file /opt/airflow/dags/embedding_sync_dag.py for tasks to queue
[2026-04-22T17:13:53.424+0000] {logging_mixin.py:151} INFO - [2026-04-22T17:13:53.423+0000] {dagbag.py:539} INFO - Filling up the DagBag from /opt/airflow/dags/embedding_sync_dag.py
[2026-04-22T17:13:53.445+0000] {processor.py:839} INFO - DAG(s) dict_keys(['embedding_sync_dag']) retrieved from /opt/airflow/dags/embedding_sync_dag.py
[2026-04-22T17:13:53.480+0000] {logging_mixin.py:151} INFO - [2026-04-22T17:13:53.480+0000] {dag.py:2915} INFO - Sync 1 DAGs
[2026-04-22T17:13:53.519+0000] {processor.py:179} INFO - Processing /opt/airflow/dags/embedding_sync_dag.py took 0.108 seconds
[2026-04-22T17:14:23.667+0000] {processor.py:157} INFO - Started process (PID=4383) to work on /opt/airflow/dags/embedding_sync_dag.py
[2026-04-22T17:14:23.668+0000] {processor.py:829} INFO - Processing file /opt/airflow/dags/embedding_sync_dag.py for tasks to queue
[2026-04-22T17:14:23.670+0000] {logging_mixin.py:151} INFO - [2026-04-22T17:14:23.669+0000] {dagbag.py:539} INFO - Filling up the DagBag from /opt/airflow/dags/embedding_sync_dag.py
[2026-04-22T17:14:23.691+0000] {processor.py:839} INFO - DAG(s) dict_keys(['embedding_sync_dag']) retrieved from /opt/airflow/dags/embedding_sync_dag.py
[2026-04-22T17:14:23.725+0000] {logging_mixin.py:151} INFO - [2026-04-22T17:14:23.725+0000] {dag.py:2915} INFO - Sync 1 DAGs
[2026-04-22T17:14:23.764+0000] {processor.py:179} INFO - Processing /opt/airflow/dags/embedding_sync_dag.py took 0.104 seconds
[2026-04-22T17:14:54.316+0000] {processor.py:157} INFO - Started process (PID=4401) to work on /opt/airflow/dags/embedding_sync_dag.py
[2026-04-22T17:14:54.318+0000] {processor.py:829} INFO - Processing file /opt/airflow/dags/embedding_sync_dag.py for tasks to queue
[2026-04-22T17:14:54.319+0000] {logging_mixin.py:151} INFO - [2026-04-22T17:14:54.318+0000] {dagbag.py:539} INFO - Filling up the DagBag from /opt/airflow/dags/embedding_sync_dag.py
[2026-04-22T17:14:54.344+0000] {processor.py:839} INFO - DAG(s) dict_keys(['embedding_sync_dag']) retrieved from /opt/airflow/dags/embedding_sync_dag.py
[2026-04-22T17:14:54.379+0000] {logging_mixin.py:151} INFO - [2026-04-22T17:14:54.379+0000] {dag.py:2915} INFO - Sync 1 DAGs
[2026-04-22T17:14:54.418+0000] {processor.py:179} INFO - Processing /opt/airflow/dags/embedding_sync_dag.py took 0.108 seconds
[2026-04-22T17:15:24.784+0000] {processor.py:157} INFO - Started process (PID=4419) to work on /opt/airflow/dags/embedding_sync_dag.py
[2026-04-22T17:15:24.786+0000] {processor.py:829} INFO - Processing file /opt/airflow/dags/embedding_sync_dag.py for tasks to queue
[2026-04-22T17:15:24.787+0000] {logging_mixin.py:151} INFO - [2026-04-22T17:15:24.786+0000] {dagbag.py:539} INFO - Filling up the DagBag from /opt/airflow/dags/embedding_sync_dag.py
[2026-04-22T17:15:24.807+0000] {processor.py:839} INFO - DAG(s) dict_keys(['embedding_sync_dag']) retrieved from /opt/airflow/dags/embedding_sync_dag.py
[2026-04-22T17:15:24.842+0000] {logging_mixin.py:151} INFO - [2026-04-22T17:15:24.842+0000] {dag.py:2915} INFO - Sync 1 DAGs
[2026-04-22T17:15:24.881+0000] {processor.py:179} INFO - Processing /opt/airflow/dags/embedding_sync_dag.py took 0.103 seconds
[2026-04-22T17:15:55.279+0000] {processor.py:157} INFO - Started process (PID=4437) to work on /opt/airflow/dags/embedding_sync_dag.py
[2026-04-22T17:15:55.282+0000] {processor.py:829} INFO - Processing file /opt/airflow/dags/embedding_sync_dag.py for tasks to queue
[2026-04-22T17:15:55.284+0000] {logging_mixin.py:151} INFO - [2026-04-22T17:15:55.283+0000] {dagbag.py:539} INFO - Filling up the DagBag from /opt/airflow/dags/embedding_sync_dag.py
[2026-04-22T17:15:55.306+0000] {processor.py:839} INFO - DAG(s) dict_keys(['embedding_sync_dag']) retrieved from /opt/airflow/dags/embedding_sync_dag.py
[2026-04-22T17:15:55.339+0000] {logging_mixin.py:151} INFO - [2026-04-22T17:15:55.339+0000] {dag.py:2915} INFO - Sync 1 DAGs
[2026-04-22T17:15:55.375+0000] {processor.py:179} INFO - Processing /opt/airflow/dags/embedding_sync_dag.py took 0.107 seconds
[2026-04-22T17:16:25.774+0000] {processor.py:157} INFO - Started process (PID=4455) to work on /opt/airflow/dags/embedding_sync_dag.py
[2026-04-22T17:16:25.776+0000] {processor.py:829} INFO - Processing file /opt/airflow/dags/embedding_sync_dag.py for tasks to queue
[2026-04-22T17:16:25.777+0000] {logging_mixin.py:151} INFO - [2026-04-22T17:16:25.777+0000] {dagbag.py:539} INFO - Filling up the DagBag from /opt/airflow/dags/embedding_sync_dag.py
[2026-04-22T17:16:25.798+0000] {processor.py:839} INFO - DAG(s) dict_keys(['embedding_sync_dag']) retrieved from /opt/airflow/dags/embedding_sync_dag.py
[2026-04-22T17:16:25.832+0000] {logging_mixin.py:151} INFO - [2026-04-22T17:16:25.832+0000] {dag.py:2915} INFO - Sync 1 DAGs
[2026-04-22T17:16:25.867+0000] {processor.py:179} INFO - Processing /opt/airflow/dags/embedding_sync_dag.py took 0.105 seconds
[2026-04-22T17:16:56.256+0000] {processor.py:157} INFO - Started process (PID=4473) to work on /opt/airflow/dags/embedding_sync_dag.py
[2026-04-22T17:16:56.258+0000] {processor.py:829} INFO - Processing file /opt/airflow/dags/embedding_sync_dag.py for tasks to queue
[2026-04-22T17:16:56.260+0000] {logging_mixin.py:151} INFO - [2026-04-22T17:16:56.259+0000] {dagbag.py:539} INFO - Filling up the DagBag from /opt/airflow/dags/embedding_sync_dag.py
[2026-04-22T17:16:56.282+0000] {processor.py:839} INFO - DAG(s) dict_keys(['embedding_sync_dag']) retrieved from /opt/airflow/dags/embedding_sync_dag.py
[2026-04-22T17:16:56.316+0000] {logging_mixin.py:151} INFO - [2026-04-22T17:16:56.316+0000] {dag.py:2915} INFO - Sync 1 DAGs
[2026-04-22T17:16:56.356+0000] {processor.py:179} INFO - Processing /opt/airflow/dags/embedding_sync_dag.py took 0.108 seconds
[2026-04-22T17:17:26.728+0000] {processor.py:157} INFO - Started process (PID=4491) to work on /opt/airflow/dags/embedding_sync_dag.py
[2026-04-22T17:17:26.729+0000] {processor.py:829} INFO - Processing file /opt/airflow/dags/embedding_sync_dag.py for tasks to queue
[2026-04-22T17:17:26.730+0000] {logging_mixin.py:151} INFO - [2026-04-22T17:17:26.729+0000] {dagbag.py:539} INFO - Filling up the DagBag from /opt/airflow/dags/embedding_sync_dag.py
[2026-04-22T17:17:26.746+0000] {processor.py:839} INFO - DAG(s) dict_keys(['embedding_sync_dag']) retrieved from /opt/airflow/dags/embedding_sync_dag.py
[2026-04-22T17:17:26.783+0000] {logging_mixin.py:151} INFO - [2026-04-22T17:17:26.782+0000] {dag.py:2915} INFO - Sync 1 DAGs
[2026-04-22T17:17:26.823+0000] {processor.py:179} INFO - Processing /opt/airflow/dags/embedding_sync_dag.py took 0.099 seconds
[2026-04-22T17:17:57.235+0000] {processor.py:157} INFO - Started process (PID=4509) to work on /opt/airflow/dags/embedding_sync_dag.py
[2026-04-22T17:17:57.237+0000] {processor.py:829} INFO - Processing file /opt/airflow/dags/embedding_sync_dag.py for tasks to queue
[2026-04-22T17:17:57.238+0000] {logging_mixin.py:151} INFO - [2026-04-22T17:17:57.238+0000] {dagbag.py:539} INFO - Filling up the DagBag from /opt/airflow/dags/embedding_sync_dag.py
[2026-04-22T17:17:57.258+0000] {processor.py:839} INFO - DAG(s) dict_keys(['embedding_sync_dag']) retrieved from /opt/airflow/dags/embedding_sync_dag.py
[2026-04-22T17:17:57.293+0000] {logging_mixin.py:151} INFO - [2026-04-22T17:17:57.293+0000] {dag.py:2915} INFO - Sync 1 DAGs
[2026-04-22T17:17:57.333+0000] {processor.py:179} INFO - Processing /opt/airflow/dags/embedding_sync_dag.py took 0.104 seconds
[2026-04-22T17:18:27.751+0000] {processor.py:157} INFO - Started process (PID=4527) to work on /opt/airflow/dags/embedding_sync_dag.py
[2026-04-22T17:18:27.753+0000] {processor.py:829} INFO - Processing file /opt/airflow/dags/embedding_sync_dag.py for tasks to queue
[2026-04-22T17:18:27.754+0000] {logging_mixin.py:151} INFO - [2026-04-22T17:18:27.754+0000] {dagbag.py:539} INFO - Filling up the DagBag from /opt/airflow/dags/embedding_sync_dag.py
[2026-04-22T17:18:27.774+0000] {processor.py:839} INFO - DAG(s) dict_keys(['embedding_sync_dag']) retrieved from /opt/airflow/dags/embedding_sync_dag.py
[2026-04-22T17:18:27.810+0000] {logging_mixin.py:151} INFO - [2026-04-22T17:18:27.810+0000] {dag.py:2915} INFO - Sync 1 DAGs
[2026-04-22T17:18:27.851+0000] {processor.py:179} INFO - Processing /opt/airflow/dags/embedding_sync_dag.py took 0.111 seconds
[2026-04-22T17:18:58.283+0000] {processor.py:157} INFO - Started process (PID=4545) to work on /opt/airflow/dags/embedding_sync_dag.py
[2026-04-22T17:18:58.285+0000] {processor.py:829} INFO - Processing file /opt/airflow/dags/embedding_sync_dag.py for tasks to queue
[2026-04-22T17:18:58.287+0000] {logging_mixin.py:151} INFO - [2026-04-22T17:18:58.286+0000] {dagbag.py:539} INFO - Filling up the DagBag from /opt/airflow/dags/embedding_sync_dag.py
[2026-04-22T17:18:58.314+0000] {processor.py:839} INFO - DAG(s) dict_keys(['embedding_sync_dag']) retrieved from /opt/airflow/dags/embedding_sync_dag.py
[2026-04-22T17:18:58.349+0000] {logging_mixin.py:151} INFO - [2026-04-22T17:18:58.349+0000] {dag.py:2915} INFO - Sync 1 DAGs
[2026-04-22T17:18:58.385+0000] {processor.py:179} INFO - Processing /opt/airflow/dags/embedding_sync_dag.py took 0.113 seconds
[2026-04-22T17:19:28.722+0000] {processor.py:157} INFO - Started process (PID=4563) to work on /opt/airflow/dags/embedding_sync_dag.py
[2026-04-22T17:19:28.723+0000] {processor.py:829} INFO - Processing file /opt/airflow/dags/embedding_sync_dag.py for tasks to queue
[2026-04-22T17:19:28.723+0000] {logging_mixin.py:151} INFO - [2026-04-22T17:19:28.723+0000] {dagbag.py:539} INFO - Filling up the DagBag from /opt/airflow/dags/embedding_sync_dag.py
[2026-04-22T17:19:28.741+0000] {processor.py:839} INFO - DAG(s) dict_keys(['embedding_sync_dag']) retrieved from /opt/airflow/dags/embedding_sync_dag.py
[2026-04-22T17:19:28.777+0000] {logging_mixin.py:151} INFO - [2026-04-22T17:19:28.777+0000] {dag.py:2915} INFO - Sync 1 DAGs
[2026-04-22T17:19:28.815+0000] {processor.py:179} INFO - Processing /opt/airflow/dags/embedding_sync_dag.py took 0.098 seconds
[2026-04-22T17:19:59.044+0000] {processor.py:157} INFO - Started process (PID=4578) to work on /opt/airflow/dags/embedding_sync_dag.py
[2026-04-22T17:19:59.045+0000] {processor.py:829} INFO - Processing file /opt/airflow/dags/embedding_sync_dag.py for tasks to queue
[2026-04-22T17:19:59.046+0000] {logging_mixin.py:151} INFO - [2026-04-22T17:19:59.045+0000] {dagbag.py:539} INFO - Filling up the DagBag from /opt/airflow/dags/embedding_sync_dag.py
[2026-04-22T17:19:59.062+0000] {processor.py:839} INFO - DAG(s) dict_keys(['embedding_sync_dag']) retrieved from /opt/airflow/dags/embedding_sync_dag.py
[2026-04-22T17:19:59.099+0000] {logging_mixin.py:151} INFO - [2026-04-22T17:19:59.099+0000] {dag.py:2915} INFO - Sync 1 DAGs
[2026-04-22T17:19:59.140+0000] {processor.py:179} INFO - Processing /opt/airflow/dags/embedding_sync_dag.py took 0.101 seconds
[2026-04-22T17:20:29.394+0000] {processor.py:157} INFO - Started process (PID=4593) to work on /opt/airflow/dags/embedding_sync_dag.py
[2026-04-22T17:20:29.397+0000] {processor.py:829} INFO - Processing file /opt/airflow/dags/embedding_sync_dag.py for tasks to queue
[2026-04-22T17:20:29.399+0000] {logging_mixin.py:151} INFO - [2026-04-22T17:20:29.398+0000] {dagbag.py:539} INFO - Filling up the DagBag from /opt/airflow/dags/embedding_sync_dag.py
[2026-04-22T17:20:29.418+0000] {processor.py:839} INFO - DAG(s) dict_keys(['embedding_sync_dag']) retrieved from /opt/airflow/dags/embedding_sync_dag.py
[2026-04-22T17:20:29.452+0000] {logging_mixin.py:151} INFO - [2026-04-22T17:20:29.452+0000] {dag.py:2915} INFO - Sync 1 DAGs
[2026-04-22T17:20:29.489+0000] {processor.py:179} INFO - Processing /opt/airflow/dags/embedding_sync_dag.py took 0.108 seconds
[2026-04-22T17:20:59.565+0000] {processor.py:157} INFO - Started process (PID=4611) to work on /opt/airflow/dags/embedding_sync_dag.py
[2026-04-22T17:20:59.567+0000] {processor.py:829} INFO - Processing file /opt/airflow/dags/embedding_sync_dag.py for tasks to queue
[2026-04-22T17:20:59.568+0000] {logging_mixin.py:151} INFO - [2026-04-22T17:20:59.568+0000] {dagbag.py:539} INFO - Filling up the DagBag from /opt/airflow/dags/embedding_sync_dag.py
[2026-04-22T17:20:59.588+0000] {processor.py:839} INFO - DAG(s) dict_keys(['embedding_sync_dag']) retrieved from /opt/airflow/dags/embedding_sync_dag.py
[2026-04-22T17:20:59.623+0000] {logging_mixin.py:151} INFO - [2026-04-22T17:20:59.623+0000] {dag.py:2915} INFO - Sync 1 DAGs
[2026-04-22T17:20:59.661+0000] {processor.py:179} INFO - Processing /opt/airflow/dags/embedding_sync_dag.py took 0.105 seconds
[2026-04-22T17:21:30.079+0000] {processor.py:157} INFO - Started process (PID=4629) to work on /opt/airflow/dags/embedding_sync_dag.py
[2026-04-22T17:21:30.081+0000] {processor.py:829} INFO - Processing file /opt/airflow/dags/embedding_sync_dag.py for tasks to queue
[2026-04-22T17:21:30.082+0000] {logging_mixin.py:151} INFO - [2026-04-22T17:21:30.081+0000] {dagbag.py:539} INFO - Filling up the DagBag from /opt/airflow/dags/embedding_sync_dag.py
[2026-04-22T17:21:30.098+0000] {processor.py:839} INFO - DAG(s) dict_keys(['embedding_sync_dag']) retrieved from /opt/airflow/dags/embedding_sync_dag.py
[2026-04-22T17:21:30.136+0000] {logging_mixin.py:151} INFO - [2026-04-22T17:21:30.135+0000] {dag.py:2915} INFO - Sync 1 DAGs
[2026-04-22T17:21:30.176+0000] {processor.py:179} INFO - Processing /opt/airflow/dags/embedding_sync_dag.py took 0.103 seconds
[2026-04-22T17:22:00.335+0000] {processor.py:157} INFO - Started process (PID=4647) to work on /opt/airflow/dags/embedding_sync_dag.py
[2026-04-22T17:22:00.338+0000] {processor.py:829} INFO - Processing file /opt/airflow/dags/embedding_sync_dag.py for tasks to queue
[2026-04-22T17:22:00.341+0000] {logging_mixin.py:151} INFO - [2026-04-22T17:22:00.340+0000] {dagbag.py:539} INFO - Filling up the DagBag from /opt/airflow/dags/embedding_sync_dag.py
[2026-04-22T17:22:00.391+0000] {processor.py:839} INFO - DAG(s) dict_keys(['embedding_sync_dag']) retrieved from /opt/airflow/dags/embedding_sync_dag.py
[2026-04-22T17:22:00.438+0000] {logging_mixin.py:151} INFO - [2026-04-22T17:22:00.438+0000] {dag.py:2915} INFO - Sync 1 DAGs
[2026-04-22T17:22:00.480+0000] {processor.py:179} INFO - Processing /opt/airflow/dags/embedding_sync_dag.py took 0.157 seconds
[2026-04-22T17:22:31.014+0000] {processor.py:157} INFO - Started process (PID=4665) to work on /opt/airflow/dags/embedding_sync_dag.py
[2026-04-22T17:22:31.015+0000] {processor.py:829} INFO - Processing file /opt/airflow/dags/embedding_sync_dag.py for tasks to queue
[2026-04-22T17:22:31.015+0000] {logging_mixin.py:151} INFO - [2026-04-22T17:22:31.015+0000] {dagbag.py:539} INFO - Filling up the DagBag from /opt/airflow/dags/embedding_sync_dag.py
[2026-04-22T17:22:31.033+0000] {processor.py:839} INFO - DAG(s) dict_keys(['embedding_sync_dag']) retrieved from /opt/airflow/dags/embedding_sync_dag.py
[2026-04-22T17:22:31.068+0000] {logging_mixin.py:151} INFO - [2026-04-22T17:22:31.068+0000] {dag.py:2915} INFO - Sync 1 DAGs
[2026-04-22T17:22:31.107+0000] {processor.py:179} INFO - Processing /opt/airflow/dags/embedding_sync_dag.py took 0.098 seconds
[2026-04-22T17:23:01.289+0000] {processor.py:157} INFO - Started process (PID=4683) to work on /opt/airflow/dags/embedding_sync_dag.py
[2026-04-22T17:23:01.292+0000] {processor.py:829} INFO - Processing file /opt/airflow/dags/embedding_sync_dag.py for tasks to queue
[2026-04-22T17:23:01.295+0000] {logging_mixin.py:151} INFO - [2026-04-22T17:23:01.294+0000] {dagbag.py:539} INFO - Filling up the DagBag from /opt/airflow/dags/embedding_sync_dag.py
[2026-04-22T17:23:01.334+0000] {processor.py:839} INFO - DAG(s) dict_keys(['embedding_sync_dag']) retrieved from /opt/airflow/dags/embedding_sync_dag.py
[2026-04-22T17:23:01.373+0000] {logging_mixin.py:151} INFO - [2026-04-22T17:23:01.373+0000] {dag.py:2915} INFO - Sync 1 DAGs
[2026-04-22T17:23:01.414+0000] {processor.py:179} INFO - Processing /opt/airflow/dags/embedding_sync_dag.py took 0.138 seconds
[2026-04-22T17:23:31.458+0000] {processor.py:157} INFO - Started process (PID=4701) to work on /opt/airflow/dags/embedding_sync_dag.py
[2026-04-22T17:23:31.459+0000] {processor.py:829} INFO - Processing file /opt/airflow/dags/embedding_sync_dag.py for tasks to queue
[2026-04-22T17:23:31.460+0000] {logging_mixin.py:151} INFO - [2026-04-22T17:23:31.459+0000] {dagbag.py:539} INFO - Filling up the DagBag from /opt/airflow/dags/embedding_sync_dag.py
[2026-04-22T17:23:31.476+0000] {processor.py:839} INFO - DAG(s) dict_keys(['embedding_sync_dag']) retrieved from /opt/airflow/dags/embedding_sync_dag.py
[2026-04-22T17:23:31.514+0000] {logging_mixin.py:151} INFO - [2026-04-22T17:23:31.513+0000] {dag.py:2915} INFO - Sync 1 DAGs
[2026-04-22T17:23:31.555+0000] {processor.py:179} INFO - Processing /opt/airflow/dags/embedding_sync_dag.py took 0.101 seconds
[2026-04-22T17:24:01.720+0000] {processor.py:157} INFO - Started process (PID=4719) to work on /opt/airflow/dags/embedding_sync_dag.py
[2026-04-22T17:24:01.721+0000] {processor.py:829} INFO - Processing file /opt/airflow/dags/embedding_sync_dag.py for tasks to queue
[2026-04-22T17:24:01.723+0000] {logging_mixin.py:151} INFO - [2026-04-22T17:24:01.722+0000] {dagbag.py:539} INFO - Filling up the DagBag from /opt/airflow/dags/embedding_sync_dag.py
[2026-04-22T17:24:01.741+0000] {processor.py:839} INFO - DAG(s) dict_keys(['embedding_sync_dag']) retrieved from /opt/airflow/dags/embedding_sync_dag.py
[2026-04-22T17:24:01.776+0000] {logging_mixin.py:151} INFO - [2026-04-22T17:24:01.775+0000] {dag.py:2915} INFO - Sync 1 DAGs
[2026-04-22T17:24:01.814+0000] {processor.py:179} INFO - Processing /opt/airflow/dags/embedding_sync_dag.py took 0.101 seconds
[2026-04-22T17:24:32.370+0000] {processor.py:157} INFO - Started process (PID=4737) to work on /opt/airflow/dags/embedding_sync_dag.py
[2026-04-22T17:24:32.372+0000] {processor.py:829} INFO - Processing file /opt/airflow/dags/embedding_sync_dag.py for tasks to queue
[2026-04-22T17:24:32.373+0000] {logging_mixin.py:151} INFO - [2026-04-22T17:24:32.372+0000] {dagbag.py:539} INFO - Filling up the DagBag from /opt/airflow/dags/embedding_sync_dag.py
[2026-04-22T17:24:32.392+0000] {processor.py:839} INFO - DAG(s) dict_keys(['embedding_sync_dag']) retrieved from /opt/airflow/dags/embedding_sync_dag.py
[2026-04-22T17:24:32.427+0000] {logging_mixin.py:151} INFO - [2026-04-22T17:24:32.427+0000] {dag.py:2915} INFO - Sync 1 DAGs
[2026-04-22T17:24:32.467+0000] {processor.py:179} INFO - Processing /opt/airflow/dags/embedding_sync_dag.py took 0.108 seconds
[2026-04-22T17:25:02.632+0000] {processor.py:157} INFO - Started process (PID=4755) to work on /opt/airflow/dags/embedding_sync_dag.py
[2026-04-22T17:25:02.633+0000] {processor.py:829} INFO - Processing file /opt/airflow/dags/embedding_sync_dag.py for tasks to queue
[2026-04-22T17:25:02.635+0000] {logging_mixin.py:151} INFO - [2026-04-22T17:25:02.634+0000] {dagbag.py:539} INFO - Filling up the DagBag from /opt/airflow/dags/embedding_sync_dag.py
[2026-04-22T17:25:02.653+0000] {processor.py:839} INFO - DAG(s) dict_keys(['embedding_sync_dag']) retrieved from /opt/airflow/dags/embedding_sync_dag.py
[2026-04-22T17:25:02.688+0000] {logging_mixin.py:151} INFO - [2026-04-22T17:25:02.688+0000] {dag.py:2915} INFO - Sync 1 DAGs
[2026-04-22T17:25:02.727+0000] {processor.py:179} INFO - Processing /opt/airflow/dags/embedding_sync_dag.py took 0.104 seconds
[2026-04-22T17:25:32.789+0000] {processor.py:157} INFO - Started process (PID=4773) to work on /opt/airflow/dags/embedding_sync_dag.py
[2026-04-22T17:25:32.791+0000] {processor.py:829} INFO - Processing file /opt/airflow/dags/embedding_sync_dag.py for tasks to queue
[2026-04-22T17:25:32.792+0000] {logging_mixin.py:151} INFO - [2026-04-22T17:25:32.792+0000] {dagbag.py:539} INFO - Filling up the DagBag from /opt/airflow/dags/embedding_sync_dag.py
[2026-04-22T17:25:32.812+0000] {processor.py:839} INFO - DAG(s) dict_keys(['embedding_sync_dag']) retrieved from /opt/airflow/dags/embedding_sync_dag.py
[2026-04-22T17:25:32.846+0000] {logging_mixin.py:151} INFO - [2026-04-22T17:25:32.846+0000] {dag.py:2915} INFO - Sync 1 DAGs
[2026-04-22T17:25:32.883+0000] {processor.py:179} INFO - Processing /opt/airflow/dags/embedding_sync_dag.py took 0.104 seconds
[2026-04-22T17:26:03.300+0000] {processor.py:157} INFO - Started process (PID=4791) to work on /opt/airflow/dags/embedding_sync_dag.py
[2026-04-22T17:26:03.302+0000] {processor.py:829} INFO - Processing file /opt/airflow/dags/embedding_sync_dag.py for tasks to queue
[2026-04-22T17:26:03.303+0000] {logging_mixin.py:151} INFO - [2026-04-22T17:26:03.303+0000] {dagbag.py:539} INFO - Filling up the DagBag from /opt/airflow/dags/embedding_sync_dag.py
[2026-04-22T17:26:03.324+0000] {processor.py:839} INFO - DAG(s) dict_keys(['embedding_sync_dag']) retrieved from /opt/airflow/dags/embedding_sync_dag.py
[2026-04-22T17:26:03.359+0000] {logging_mixin.py:151} INFO - [2026-04-22T17:26:03.358+0000] {dag.py:2915} INFO - Sync 1 DAGs
[2026-04-22T17:26:03.399+0000] {processor.py:179} INFO - Processing /opt/airflow/dags/embedding_sync_dag.py took 0.111 seconds
[2026-04-22T17:26:33.823+0000] {processor.py:157} INFO - Started process (PID=4809) to work on /opt/airflow/dags/embedding_sync_dag.py
[2026-04-22T17:26:33.826+0000] {processor.py:829} INFO - Processing file /opt/airflow/dags/embedding_sync_dag.py for tasks to queue
[2026-04-22T17:26:33.829+0000] {logging_mixin.py:151} INFO - [2026-04-22T17:26:33.828+0000] {dagbag.py:539} INFO - Filling up the DagBag from /opt/airflow/dags/embedding_sync_dag.py
[2026-04-22T17:26:33.880+0000] {processor.py:839} INFO - DAG(s) dict_keys(['embedding_sync_dag']) retrieved from /opt/airflow/dags/embedding_sync_dag.py
[2026-04-22T17:26:33.939+0000] {logging_mixin.py:151} INFO - [2026-04-22T17:26:33.939+0000] {dag.py:2915} INFO - Sync 1 DAGs
[2026-04-22T17:26:33.982+0000] {processor.py:179} INFO - Processing /opt/airflow/dags/embedding_sync_dag.py took 0.172 seconds
[2026-04-22T17:27:04.369+0000] {processor.py:157} INFO - Started process (PID=4827) to work on /opt/airflow/dags/embedding_sync_dag.py
[2026-04-22T17:27:04.370+0000] {processor.py:829} INFO - Processing file /opt/airflow/dags/embedding_sync_dag.py for tasks to queue
[2026-04-22T17:27:04.371+0000] {logging_mixin.py:151} INFO - [2026-04-22T17:27:04.371+0000] {dagbag.py:539} INFO - Filling up the DagBag from /opt/airflow/dags/embedding_sync_dag.py
[2026-04-22T17:27:04.391+0000] {processor.py:839} INFO - DAG(s) dict_keys(['embedding_sync_dag']) retrieved from /opt/airflow/dags/embedding_sync_dag.py
[2026-04-22T17:27:04.426+0000] {logging_mixin.py:151} INFO - [2026-04-22T17:27:04.426+0000] {dag.py:2915} INFO - Sync 1 DAGs
[2026-04-22T17:27:04.464+0000] {processor.py:179} INFO - Processing /opt/airflow/dags/embedding_sync_dag.py took 0.102 seconds
[2026-04-22T17:27:34.882+0000] {processor.py:157} INFO - Started process (PID=4845) to work on /opt/airflow/dags/embedding_sync_dag.py
[2026-04-22T17:27:34.884+0000] {processor.py:829} INFO - Processing file /opt/airflow/dags/embedding_sync_dag.py for tasks to queue
[2026-04-22T17:27:34.885+0000] {logging_mixin.py:151} INFO - [2026-04-22T17:27:34.884+0000] {dagbag.py:539} INFO - Filling up the DagBag from /opt/airflow/dags/embedding_sync_dag.py
[2026-04-22T17:27:34.904+0000] {processor.py:839} INFO - DAG(s) dict_keys(['embedding_sync_dag']) retrieved from /opt/airflow/dags/embedding_sync_dag.py
[2026-04-22T17:27:34.939+0000] {logging_mixin.py:151} INFO - [2026-04-22T17:27:34.939+0000] {dag.py:2915} INFO - Sync 1 DAGs
[2026-04-22T17:27:34.979+0000] {processor.py:179} INFO - Processing /opt/airflow/dags/embedding_sync_dag.py took 0.106 seconds
[2026-04-22T17:28:05.386+0000] {processor.py:157} INFO - Started process (PID=4863) to work on /opt/airflow/dags/embedding_sync_dag.py
[2026-04-22T17:28:05.389+0000] {processor.py:829} INFO - Processing file /opt/airflow/dags/embedding_sync_dag.py for tasks to queue
[2026-04-22T17:28:05.391+0000] {logging_mixin.py:151} INFO - [2026-04-22T17:28:05.390+0000] {dagbag.py:539} INFO - Filling up the DagBag from /opt/airflow/dags/embedding_sync_dag.py
[2026-04-22T17:28:05.415+0000] {processor.py:839} INFO - DAG(s) dict_keys(['embedding_sync_dag']) retrieved from /opt/airflow/dags/embedding_sync_dag.py
[2026-04-22T17:28:05.451+0000] {logging_mixin.py:151} INFO - [2026-04-22T17:28:05.451+0000] {dag.py:2915} INFO - Sync 1 DAGs
[2026-04-22T17:28:05.489+0000] {processor.py:179} INFO - Processing /opt/airflow/dags/embedding_sync_dag.py took 0.116 seconds
[2026-04-22T17:28:35.893+0000] {processor.py:157} INFO - Started process (PID=4881) to work on /opt/airflow/dags/embedding_sync_dag.py
[2026-04-22T17:28:35.894+0000] {processor.py:829} INFO - Processing file /opt/airflow/dags/embedding_sync_dag.py for tasks to queue
[2026-04-22T17:28:35.895+0000] {logging_mixin.py:151} INFO - [2026-04-22T17:28:35.895+0000] {dagbag.py:539} INFO - Filling up the DagBag from /opt/airflow/dags/embedding_sync_dag.py
[2026-04-22T17:28:35.912+0000] {processor.py:839} INFO - DAG(s) dict_keys(['embedding_sync_dag']) retrieved from /opt/airflow/dags/embedding_sync_dag.py
[2026-04-22T17:28:35.946+0000] {logging_mixin.py:151} INFO - [2026-04-22T17:28:35.946+0000] {dag.py:2915} INFO - Sync 1 DAGs
[2026-04-22T17:28:35.987+0000] {processor.py:179} INFO - Processing /opt/airflow/dags/embedding_sync_dag.py took 0.099 seconds
[2026-04-22T17:29:06.401+0000] {processor.py:157} INFO - Started process (PID=4899) to work on /opt/airflow/dags/embedding_sync_dag.py
[2026-04-22T17:29:06.402+0000] {processor.py:829} INFO - Processing file /opt/airflow/dags/embedding_sync_dag.py for tasks to queue
[2026-04-22T17:29:06.403+0000] {logging_mixin.py:151} INFO - [2026-04-22T17:29:06.403+0000] {dagbag.py:539} INFO - Filling up the DagBag from /opt/airflow/dags/embedding_sync_dag.py
[2026-04-22T17:29:06.420+0000] {processor.py:839} INFO - DAG(s) dict_keys(['embedding_sync_dag']) retrieved from /opt/airflow/dags/embedding_sync_dag.py
[2026-04-22T17:29:06.455+0000] {logging_mixin.py:151} INFO - [2026-04-22T17:29:06.455+0000] {dag.py:2915} INFO - Sync 1 DAGs
[2026-04-22T17:29:06.494+0000] {processor.py:179} INFO - Processing /opt/airflow/dags/embedding_sync_dag.py took 0.098 seconds
[2026-04-22T17:29:36.729+0000] {processor.py:157} INFO - Started process (PID=4917) to work on /opt/airflow/dags/embedding_sync_dag.py
[2026-04-22T17:29:36.731+0000] {processor.py:829} INFO - Processing file /opt/airflow/dags/embedding_sync_dag.py for tasks to queue
[2026-04-22T17:29:36.732+0000] {logging_mixin.py:151} INFO - [2026-04-22T17:29:36.731+0000] {dagbag.py:539} INFO - Filling up the DagBag from /opt/airflow/dags/embedding_sync_dag.py
[2026-04-22T17:29:36.748+0000] {processor.py:839} INFO - DAG(s) dict_keys(['embedding_sync_dag']) retrieved from /opt/airflow/dags/embedding_sync_dag.py
[2026-04-22T17:29:36.784+0000] {logging_mixin.py:151} INFO - [2026-04-22T17:29:36.784+0000] {dag.py:2915} INFO - Sync 1 DAGs
[2026-04-22T17:29:36.823+0000] {processor.py:179} INFO - Processing /opt/airflow/dags/embedding_sync_dag.py took 0.099 seconds
[2026-04-22T17:30:07.440+0000] {processor.py:157} INFO - Started process (PID=4935) to work on /opt/airflow/dags/embedding_sync_dag.py
[2026-04-22T17:30:07.441+0000] {processor.py:829} INFO - Processing file /opt/airflow/dags/embedding_sync_dag.py for tasks to queue
[2026-04-22T17:30:07.442+0000] {logging_mixin.py:151} INFO - [2026-04-22T17:30:07.441+0000] {dagbag.py:539} INFO - Filling up the DagBag from /opt/airflow/dags/embedding_sync_dag.py
[2026-04-22T17:30:07.460+0000] {processor.py:839} INFO - DAG(s) dict_keys(['embedding_sync_dag']) retrieved from /opt/airflow/dags/embedding_sync_dag.py
[2026-04-22T17:30:07.494+0000] {logging_mixin.py:151} INFO - [2026-04-22T17:30:07.494+0000] {dag.py:2915} INFO - Sync 1 DAGs
[2026-04-22T17:30:07.532+0000] {processor.py:179} INFO - Processing /opt/airflow/dags/embedding_sync_dag.py took 0.098 seconds
[2026-04-22T17:30:37.772+0000] {processor.py:157} INFO - Started process (PID=4953) to work on /opt/airflow/dags/embedding_sync_dag.py
[2026-04-22T17:30:37.773+0000] {processor.py:829} INFO - Processing file /opt/airflow/dags/embedding_sync_dag.py for tasks to queue
[2026-04-22T17:30:37.775+0000] {logging_mixin.py:151} INFO - [2026-04-22T17:30:37.774+0000] {dagbag.py:539} INFO - Filling up the DagBag from /opt/airflow/dags/embedding_sync_dag.py
[2026-04-22T17:30:37.793+0000] {processor.py:839} INFO - DAG(s) dict_keys(['embedding_sync_dag']) retrieved from /opt/airflow/dags/embedding_sync_dag.py
[2026-04-22T17:30:37.828+0000] {logging_mixin.py:151} INFO - [2026-04-22T17:30:37.828+0000] {dag.py:2915} INFO - Sync 1 DAGs
[2026-04-22T17:30:37.866+0000] {processor.py:179} INFO - Processing /opt/airflow/dags/embedding_sync_dag.py took 0.103 seconds
[2026-04-22T17:31:08.430+0000] {processor.py:157} INFO - Started process (PID=4971) to work on /opt/airflow/dags/embedding_sync_dag.py
[2026-04-22T17:31:08.432+0000] {processor.py:829} INFO - Processing file /opt/airflow/dags/embedding_sync_dag.py for tasks to queue
[2026-04-22T17:31:08.435+0000] {logging_mixin.py:151} INFO - [2026-04-22T17:31:08.434+0000] {dagbag.py:539} INFO - Filling up the DagBag from /opt/airflow/dags/embedding_sync_dag.py
[2026-04-22T17:31:08.465+0000] {processor.py:839} INFO - DAG(s) dict_keys(['embedding_sync_dag']) retrieved from /opt/airflow/dags/embedding_sync_dag.py
[2026-04-22T17:31:08.501+0000] {logging_mixin.py:151} INFO - [2026-04-22T17:31:08.501+0000] {dag.py:2915} INFO - Sync 1 DAGs
[2026-04-22T17:31:08.541+0000] {processor.py:179} INFO - Processing /opt/airflow/dags/embedding_sync_dag.py took 0.124 seconds
[2026-04-22T17:31:38.686+0000] {processor.py:157} INFO - Started process (PID=4989) to work on /opt/airflow/dags/embedding_sync_dag.py
[2026-04-22T17:31:38.688+0000] {processor.py:829} INFO - Processing file /opt/airflow/dags/embedding_sync_dag.py for tasks to queue
[2026-04-22T17:31:38.690+0000] {logging_mixin.py:151} INFO - [2026-04-22T17:31:38.689+0000] {dagbag.py:539} INFO - Filling up the DagBag from /opt/airflow/dags/embedding_sync_dag.py
[2026-04-22T17:31:38.711+0000] {processor.py:839} INFO - DAG(s) dict_keys(['embedding_sync_dag']) retrieved from /opt/airflow/dags/embedding_sync_dag.py
[2026-04-22T17:31:38.748+0000] {logging_mixin.py:151} INFO - [2026-04-22T17:31:38.748+0000] {dag.py:2915} INFO - Sync 1 DAGs
[2026-04-22T17:31:38.787+0000] {processor.py:179} INFO - Processing /opt/airflow/dags/embedding_sync_dag.py took 0.109 seconds
[2026-04-22T17:32:09.340+0000] {processor.py:157} INFO - Started process (PID=5007) to work on /opt/airflow/dags/embedding_sync_dag.py
[2026-04-22T17:32:09.341+0000] {processor.py:829} INFO - Processing file /opt/airflow/dags/embedding_sync_dag.py for tasks to queue
[2026-04-22T17:32:09.342+0000] {logging_mixin.py:151} INFO - [2026-04-22T17:32:09.342+0000] {dagbag.py:539} INFO - Filling up the DagBag from /opt/airflow/dags/embedding_sync_dag.py
[2026-04-22T17:32:09.359+0000] {processor.py:839} INFO - DAG(s) dict_keys(['embedding_sync_dag']) retrieved from /opt/airflow/dags/embedding_sync_dag.py
[2026-04-22T17:32:09.394+0000] {logging_mixin.py:151} INFO - [2026-04-22T17:32:09.393+0000] {dag.py:2915} INFO - Sync 1 DAGs
[2026-04-22T17:32:09.434+0000] {processor.py:179} INFO - Processing /opt/airflow/dags/embedding_sync_dag.py took 0.099 seconds
[2026-04-22T17:32:39.611+0000] {processor.py:157} INFO - Started process (PID=5025) to work on /opt/airflow/dags/embedding_sync_dag.py
[2026-04-22T17:32:39.614+0000] {processor.py:829} INFO - Processing file /opt/airflow/dags/embedding_sync_dag.py for tasks to queue
[2026-04-22T17:32:39.616+0000] {logging_mixin.py:151} INFO - [2026-04-22T17:32:39.615+0000] {dagbag.py:539} INFO - Filling up the DagBag from /opt/airflow/dags/embedding_sync_dag.py
[2026-04-22T17:32:39.658+0000] {processor.py:839} INFO - DAG(s) dict_keys(['embedding_sync_dag']) retrieved from /opt/airflow/dags/embedding_sync_dag.py
[2026-04-22T17:32:39.696+0000] {logging_mixin.py:151} INFO - [2026-04-22T17:32:39.696+0000] {dag.py:2915} INFO - Sync 1 DAGs
[2026-04-22T17:32:39.734+0000] {processor.py:179} INFO - Processing /opt/airflow/dags/embedding_sync_dag.py took 0.137 seconds
[2026-04-22T17:33:10.260+0000] {processor.py:157} INFO - Started process (PID=5043) to work on /opt/airflow/dags/embedding_sync_dag.py
[2026-04-22T17:33:10.262+0000] {processor.py:829} INFO - Processing file /opt/airflow/dags/embedding_sync_dag.py for tasks to queue
[2026-04-22T17:33:10.263+0000] {logging_mixin.py:151} INFO - [2026-04-22T17:33:10.262+0000] {dagbag.py:539} INFO - Filling up the DagBag from /opt/airflow/dags/embedding_sync_dag.py
[2026-04-22T17:33:10.285+0000] {processor.py:839} INFO - DAG(s) dict_keys(['embedding_sync_dag']) retrieved from /opt/airflow/dags/embedding_sync_dag.py
[2026-04-22T17:33:10.320+0000] {logging_mixin.py:151} INFO - [2026-04-22T17:33:10.320+0000] {dag.py:2915} INFO - Sync 1 DAGs
[2026-04-22T17:33:10.358+0000] {processor.py:179} INFO - Processing /opt/airflow/dags/embedding_sync_dag.py took 0.104 seconds
[2026-04-22T17:33:40.539+0000] {processor.py:157} INFO - Started process (PID=5061) to work on /opt/airflow/dags/embedding_sync_dag.py
[2026-04-22T17:33:40.542+0000] {processor.py:829} INFO - Processing file /opt/airflow/dags/embedding_sync_dag.py for tasks to queue
[2026-04-22T17:33:40.544+0000] {logging_mixin.py:151} INFO - [2026-04-22T17:33:40.543+0000] {dagbag.py:539} INFO - Filling up the DagBag from /opt/airflow/dags/embedding_sync_dag.py
[2026-04-22T17:33:40.567+0000] {processor.py:839} INFO - DAG(s) dict_keys(['embedding_sync_dag']) retrieved from /opt/airflow/dags/embedding_sync_dag.py
[2026-04-22T17:33:40.607+0000] {logging_mixin.py:151} INFO - [2026-04-22T17:33:40.607+0000] {dag.py:2915} INFO - Sync 1 DAGs
[2026-04-22T17:33:40.646+0000] {processor.py:179} INFO - Processing /opt/airflow/dags/embedding_sync_dag.py took 0.119 seconds
[2026-04-22T17:34:11.322+0000] {processor.py:157} INFO - Started process (PID=5079) to work on /opt/airflow/dags/embedding_sync_dag.py
[2026-04-22T17:34:11.323+0000] {processor.py:829} INFO - Processing file /opt/airflow/dags/embedding_sync_dag.py for tasks to queue
[2026-04-22T17:34:11.324+0000] {logging_mixin.py:151} INFO - [2026-04-22T17:34:11.324+0000] {dagbag.py:539} INFO - Filling up the DagBag from /opt/airflow/dags/embedding_sync_dag.py
[2026-04-22T17:34:11.342+0000] {processor.py:839} INFO - DAG(s) dict_keys(['embedding_sync_dag']) retrieved from /opt/airflow/dags/embedding_sync_dag.py
[2026-04-22T17:34:11.378+0000] {logging_mixin.py:151} INFO - [2026-04-22T17:34:11.378+0000] {dag.py:2915} INFO - Sync 1 DAGs
[2026-04-22T17:34:11.417+0000] {processor.py:179} INFO - Processing /opt/airflow/dags/embedding_sync_dag.py took 0.103 seconds
[2026-04-22T17:34:41.844+0000] {processor.py:157} INFO - Started process (PID=5097) to work on /opt/airflow/dags/embedding_sync_dag.py
[2026-04-22T17:34:41.845+0000] {processor.py:829} INFO - Processing file /opt/airflow/dags/embedding_sync_dag.py for tasks to queue
[2026-04-22T17:34:41.846+0000] {logging_mixin.py:151} INFO - [2026-04-22T17:34:41.846+0000] {dagbag.py:539} INFO - Filling up the DagBag from /opt/airflow/dags/embedding_sync_dag.py
[2026-04-22T17:34:41.863+0000] {processor.py:839} INFO - DAG(s) dict_keys(['embedding_sync_dag']) retrieved from /opt/airflow/dags/embedding_sync_dag.py
[2026-04-22T17:34:41.898+0000] {logging_mixin.py:151} INFO - [2026-04-22T17:34:41.897+0000] {dag.py:2915} INFO - Sync 1 DAGs
[2026-04-22T17:34:41.938+0000] {processor.py:179} INFO - Processing /opt/airflow/dags/embedding_sync_dag.py took 0.099 seconds
[2026-04-22T17:35:12.384+0000] {processor.py:157} INFO - Started process (PID=5115) to work on /opt/airflow/dags/embedding_sync_dag.py
[2026-04-22T17:35:12.385+0000] {processor.py:829} INFO - Processing file /opt/airflow/dags/embedding_sync_dag.py for tasks to queue
[2026-04-22T17:35:12.386+0000] {logging_mixin.py:151} INFO - [2026-04-22T17:35:12.386+0000] {dagbag.py:539} INFO - Filling up the DagBag from /opt/airflow/dags/embedding_sync_dag.py
[2026-04-22T17:35:12.402+0000] {processor.py:839} INFO - DAG(s) dict_keys(['embedding_sync_dag']) retrieved from /opt/airflow/dags/embedding_sync_dag.py
[2026-04-22T17:35:12.437+0000] {logging_mixin.py:151} INFO - [2026-04-22T17:35:12.436+0000] {dag.py:2915} INFO - Sync 1 DAGs
[2026-04-22T17:35:12.473+0000] {processor.py:179} INFO - Processing /opt/airflow/dags/embedding_sync_dag.py took 0.093 seconds
[2026-04-22T17:35:42.867+0000] {processor.py:157} INFO - Started process (PID=5133) to work on /opt/airflow/dags/embedding_sync_dag.py
[2026-04-22T17:35:42.869+0000] {processor.py:829} INFO - Processing file /opt/airflow/dags/embedding_sync_dag.py for tasks to queue
[2026-04-22T17:35:42.871+0000] {logging_mixin.py:151} INFO - [2026-04-22T17:35:42.871+0000] {dagbag.py:539} INFO - Filling up the DagBag from /opt/airflow/dags/embedding_sync_dag.py
[2026-04-22T17:35:42.893+0000] {processor.py:839} INFO - DAG(s) dict_keys(['embedding_sync_dag']) retrieved from /opt/airflow/dags/embedding_sync_dag.py
[2026-04-22T17:35:42.927+0000] {logging_mixin.py:151} INFO - [2026-04-22T17:35:42.926+0000] {dag.py:2915} INFO - Sync 1 DAGs
[2026-04-22T17:35:42.962+0000] {processor.py:179} INFO - Processing /opt/airflow/dags/embedding_sync_dag.py took 0.107 seconds
[2026-04-22T17:36:13.305+0000] {processor.py:157} INFO - Started process (PID=5151) to work on /opt/airflow/dags/embedding_sync_dag.py
[2026-04-22T17:36:13.305+0000] {processor.py:829} INFO - Processing file /opt/airflow/dags/embedding_sync_dag.py for tasks to queue
[2026-04-22T17:36:13.306+0000] {logging_mixin.py:151} INFO - [2026-04-22T17:36:13.306+0000] {dagbag.py:539} INFO - Filling up the DagBag from /opt/airflow/dags/embedding_sync_dag.py
[2026-04-22T17:36:13.322+0000] {processor.py:839} INFO - DAG(s) dict_keys(['embedding_sync_dag']) retrieved from /opt/airflow/dags/embedding_sync_dag.py
[2026-04-22T17:36:13.358+0000] {logging_mixin.py:151} INFO - [2026-04-22T17:36:13.358+0000] {dag.py:2915} INFO - Sync 1 DAGs
[2026-04-22T17:36:13.398+0000] {processor.py:179} INFO - Processing /opt/airflow/dags/embedding_sync_dag.py took 0.097 seconds
[2026-04-22T17:36:43.795+0000] {processor.py:157} INFO - Started process (PID=5169) to work on /opt/airflow/dags/embedding_sync_dag.py
[2026-04-22T17:36:43.798+0000] {processor.py:829} INFO - Processing file /opt/airflow/dags/embedding_sync_dag.py for tasks to queue
[2026-04-22T17:36:43.800+0000] {logging_mixin.py:151} INFO - [2026-04-22T17:36:43.799+0000] {dagbag.py:539} INFO - Filling up the DagBag from /opt/airflow/dags/embedding_sync_dag.py
[2026-04-22T17:36:43.823+0000] {processor.py:839} INFO - DAG(s) dict_keys(['embedding_sync_dag']) retrieved from /opt/airflow/dags/embedding_sync_dag.py
[2026-04-22T17:36:43.856+0000] {logging_mixin.py:151} INFO - [2026-04-22T17:36:43.856+0000] {dag.py:2915} INFO - Sync 1 DAGs
[2026-04-22T17:36:43.892+0000] {processor.py:179} INFO - Processing /opt/airflow/dags/embedding_sync_dag.py took 0.109 seconds
[2026-04-22T17:37:14.283+0000] {processor.py:157} INFO - Started process (PID=5187) to work on /opt/airflow/dags/embedding_sync_dag.py
[2026-04-22T17:37:14.285+0000] {processor.py:829} INFO - Processing file /opt/airflow/dags/embedding_sync_dag.py for tasks to queue
[2026-04-22T17:37:14.288+0000] {logging_mixin.py:151} INFO - [2026-04-22T17:37:14.287+0000] {dagbag.py:539} INFO - Filling up the DagBag from /opt/airflow/dags/embedding_sync_dag.py
[2026-04-22T17:37:14.310+0000] {processor.py:839} INFO - DAG(s) dict_keys(['embedding_sync_dag']) retrieved from /opt/airflow/dags/embedding_sync_dag.py
[2026-04-22T17:37:14.345+0000] {logging_mixin.py:151} INFO - [2026-04-22T17:37:14.344+0000] {dag.py:2915} INFO - Sync 1 DAGs
[2026-04-22T17:37:14.383+0000] {processor.py:179} INFO - Processing /opt/airflow/dags/embedding_sync_dag.py took 0.112 seconds
[2026-04-22T17:37:44.740+0000] {processor.py:157} INFO - Started process (PID=5205) to work on /opt/airflow/dags/embedding_sync_dag.py
[2026-04-22T17:37:44.741+0000] {processor.py:829} INFO - Processing file /opt/airflow/dags/embedding_sync_dag.py for tasks to queue
[2026-04-22T17:37:44.742+0000] {logging_mixin.py:151} INFO - [2026-04-22T17:37:44.741+0000] {dagbag.py:539} INFO - Filling up the DagBag from /opt/airflow/dags/embedding_sync_dag.py
[2026-04-22T17:37:44.758+0000] {processor.py:839} INFO - DAG(s) dict_keys(['embedding_sync_dag']) retrieved from /opt/airflow/dags/embedding_sync_dag.py
[2026-04-22T17:37:44.794+0000] {logging_mixin.py:151} INFO - [2026-04-22T17:37:44.794+0000] {dag.py:2915} INFO - Sync 1 DAGs
[2026-04-22T17:37:44.832+0000] {processor.py:179} INFO - Processing /opt/airflow/dags/embedding_sync_dag.py took 0.096 seconds
[2026-04-22T17:38:15.063+0000] {processor.py:157} INFO - Started process (PID=5223) to work on /opt/airflow/dags/embedding_sync_dag.py
[2026-04-22T17:38:15.064+0000] {processor.py:829} INFO - Processing file /opt/airflow/dags/embedding_sync_dag.py for tasks to queue
[2026-04-22T17:38:15.066+0000] {logging_mixin.py:151} INFO - [2026-04-22T17:38:15.065+0000] {dagbag.py:539} INFO - Filling up the DagBag from /opt/airflow/dags/embedding_sync_dag.py
[2026-04-22T17:38:15.084+0000] {processor.py:839} INFO - DAG(s) dict_keys(['embedding_sync_dag']) retrieved from /opt/airflow/dags/embedding_sync_dag.py
[2026-04-22T17:38:15.118+0000] {logging_mixin.py:151} INFO - [2026-04-22T17:38:15.118+0000] {dag.py:2915} INFO - Sync 1 DAGs
[2026-04-22T17:38:15.156+0000] {processor.py:179} INFO - Processing /opt/airflow/dags/embedding_sync_dag.py took 0.101 seconds
[2026-04-22T17:38:45.591+0000] {processor.py:157} INFO - Started process (PID=5241) to work on /opt/airflow/dags/embedding_sync_dag.py
[2026-04-22T17:38:45.592+0000] {processor.py:829} INFO - Processing file /opt/airflow/dags/embedding_sync_dag.py for tasks to queue
[2026-04-22T17:38:45.593+0000] {logging_mixin.py:151} INFO - [2026-04-22T17:38:45.593+0000] {dagbag.py:539} INFO - Filling up the DagBag from /opt/airflow/dags/embedding_sync_dag.py
[2026-04-22T17:38:45.609+0000] {processor.py:839} INFO - DAG(s) dict_keys(['embedding_sync_dag']) retrieved from /opt/airflow/dags/embedding_sync_dag.py
[2026-04-22T17:38:45.645+0000] {logging_mixin.py:151} INFO - [2026-04-22T17:38:45.644+0000] {dag.py:2915} INFO - Sync 1 DAGs
[2026-04-22T17:38:45.686+0000] {processor.py:179} INFO - Processing /opt/airflow/dags/embedding_sync_dag.py took 0.099 seconds
[2026-04-22T17:39:16.069+0000] {processor.py:157} INFO - Started process (PID=5259) to work on /opt/airflow/dags/embedding_sync_dag.py
[2026-04-22T17:39:16.070+0000] {processor.py:829} INFO - Processing file /opt/airflow/dags/embedding_sync_dag.py for tasks to queue
[2026-04-22T17:39:16.071+0000] {logging_mixin.py:151} INFO - [2026-04-22T17:39:16.071+0000] {dagbag.py:539} INFO - Filling up the DagBag from /opt/airflow/dags/embedding_sync_dag.py
[2026-04-22T17:39:16.089+0000] {processor.py:839} INFO - DAG(s) dict_keys(['embedding_sync_dag']) retrieved from /opt/airflow/dags/embedding_sync_dag.py
[2026-04-22T17:39:16.123+0000] {logging_mixin.py:151} INFO - [2026-04-22T17:39:16.123+0000] {dag.py:2915} INFO - Sync 1 DAGs
[2026-04-22T17:39:16.160+0000] {processor.py:179} INFO - Processing /opt/airflow/dags/embedding_sync_dag.py took 0.094 seconds
[2026-04-22T17:39:46.548+0000] {processor.py:157} INFO - Started process (PID=5277) to work on /opt/airflow/dags/embedding_sync_dag.py
[2026-04-22T17:39:46.549+0000] {processor.py:829} INFO - Processing file /opt/airflow/dags/embedding_sync_dag.py for tasks to queue
[2026-04-22T17:39:46.549+0000] {logging_mixin.py:151} INFO - [2026-04-22T17:39:46.549+0000] {dagbag.py:539} INFO - Filling up the DagBag from /opt/airflow/dags/embedding_sync_dag.py
[2026-04-22T17:39:46.567+0000] {processor.py:839} INFO - DAG(s) dict_keys(['embedding_sync_dag']) retrieved from /opt/airflow/dags/embedding_sync_dag.py
[2026-04-22T17:39:46.603+0000] {logging_mixin.py:151} INFO - [2026-04-22T17:39:46.603+0000] {dag.py:2915} INFO - Sync 1 DAGs
[2026-04-22T17:39:46.643+0000] {processor.py:179} INFO - Processing /opt/airflow/dags/embedding_sync_dag.py took 0.099 seconds
[2026-04-22T17:40:17.030+0000] {processor.py:157} INFO - Started process (PID=5295) to work on /opt/airflow/dags/embedding_sync_dag.py
[2026-04-22T17:40:17.033+0000] {processor.py:829} INFO - Processing file /opt/airflow/dags/embedding_sync_dag.py for tasks to queue
[2026-04-22T17:40:17.035+0000] {logging_mixin.py:151} INFO - [2026-04-22T17:40:17.034+0000] {dagbag.py:539} INFO - Filling up the DagBag from /opt/airflow/dags/embedding_sync_dag.py
[2026-04-22T17:40:17.061+0000] {processor.py:839} INFO - DAG(s) dict_keys(['embedding_sync_dag']) retrieved from /opt/airflow/dags/embedding_sync_dag.py
[2026-04-22T17:40:17.095+0000] {logging_mixin.py:151} INFO - [2026-04-22T17:40:17.095+0000] {dag.py:2915} INFO - Sync 1 DAGs
[2026-04-22T17:40:17.132+0000] {processor.py:179} INFO - Processing /opt/airflow/dags/embedding_sync_dag.py took 0.113 seconds
[2026-04-22T17:40:47.336+0000] {processor.py:157} INFO - Started process (PID=5311) to work on /opt/airflow/dags/embedding_sync_dag.py
[2026-04-22T17:40:47.337+0000] {processor.py:829} INFO - Processing file /opt/airflow/dags/embedding_sync_dag.py for tasks to queue
[2026-04-22T17:40:47.338+0000] {logging_mixin.py:151} INFO - [2026-04-22T17:40:47.337+0000] {dagbag.py:539} INFO - Filling up the DagBag from /opt/airflow/dags/embedding_sync_dag.py
[2026-04-22T17:40:47.354+0000] {processor.py:839} INFO - DAG(s) dict_keys(['embedding_sync_dag']) retrieved from /opt/airflow/dags/embedding_sync_dag.py
[2026-04-22T17:40:47.390+0000] {logging_mixin.py:151} INFO - [2026-04-22T17:40:47.389+0000] {dag.py:2915} INFO - Sync 1 DAGs
[2026-04-22T17:40:47.430+0000] {processor.py:179} INFO - Processing /opt/airflow/dags/embedding_sync_dag.py took 0.099 seconds
[2026-04-22T17:41:17.724+0000] {processor.py:157} INFO - Started process (PID=5328) to work on /opt/airflow/dags/embedding_sync_dag.py
[2026-04-22T17:41:17.725+0000] {processor.py:829} INFO - Processing file /opt/airflow/dags/embedding_sync_dag.py for tasks to queue
[2026-04-22T17:41:17.726+0000] {logging_mixin.py:151} INFO - [2026-04-22T17:41:17.726+0000] {dagbag.py:539} INFO - Filling up the DagBag from /opt/airflow/dags/embedding_sync_dag.py
[2026-04-22T17:41:17.743+0000] {processor.py:839} INFO - DAG(s) dict_keys(['embedding_sync_dag']) retrieved from /opt/airflow/dags/embedding_sync_dag.py
[2026-04-22T17:41:17.780+0000] {logging_mixin.py:151} INFO - [2026-04-22T17:41:17.779+0000] {dag.py:2915} INFO - Sync 1 DAGs
[2026-04-22T17:41:17.823+0000] {processor.py:179} INFO - Processing /opt/airflow/dags/embedding_sync_dag.py took 0.103 seconds
[2026-04-22T17:41:48.065+0000] {processor.py:157} INFO - Started process (PID=5343) to work on /opt/airflow/dags/embedding_sync_dag.py
[2026-04-22T17:41:48.066+0000] {processor.py:829} INFO - Processing file /opt/airflow/dags/embedding_sync_dag.py for tasks to queue
[2026-04-22T17:41:48.067+0000] {logging_mixin.py:151} INFO - [2026-04-22T17:41:48.067+0000] {dagbag.py:539} INFO - Filling up the DagBag from /opt/airflow/dags/embedding_sync_dag.py
[2026-04-22T17:41:48.085+0000] {processor.py:839} INFO - DAG(s) dict_keys(['embedding_sync_dag']) retrieved from /opt/airflow/dags/embedding_sync_dag.py
[2026-04-22T17:41:48.119+0000] {logging_mixin.py:151} INFO - [2026-04-22T17:41:48.119+0000] {dag.py:2915} INFO - Sync 1 DAGs
[2026-04-22T17:41:48.159+0000] {processor.py:179} INFO - Processing /opt/airflow/dags/embedding_sync_dag.py took 0.099 seconds
[2026-04-22T17:42:18.398+0000] {processor.py:157} INFO - Started process (PID=5361) to work on /opt/airflow/dags/embedding_sync_dag.py
[2026-04-22T17:42:18.399+0000] {processor.py:829} INFO - Processing file /opt/airflow/dags/embedding_sync_dag.py for tasks to queue
[2026-04-22T17:42:18.400+0000] {logging_mixin.py:151} INFO - [2026-04-22T17:42:18.399+0000] {dagbag.py:539} INFO - Filling up the DagBag from /opt/airflow/dags/embedding_sync_dag.py
[2026-04-22T17:42:18.417+0000] {processor.py:839} INFO - DAG(s) dict_keys(['embedding_sync_dag']) retrieved from /opt/airflow/dags/embedding_sync_dag.py
[2026-04-22T17:42:18.453+0000] {logging_mixin.py:151} INFO - [2026-04-22T17:42:18.453+0000] {dag.py:2915} INFO - Sync 1 DAGs
[2026-04-22T17:42:18.490+0000] {processor.py:179} INFO - Processing /opt/airflow/dags/embedding_sync_dag.py took 0.099 seconds
[2026-04-22T17:42:48.739+0000] {processor.py:157} INFO - Started process (PID=5379) to work on /opt/airflow/dags/embedding_sync_dag.py
[2026-04-22T17:42:48.741+0000] {processor.py:829} INFO - Processing file /opt/airflow/dags/embedding_sync_dag.py for tasks to queue
[2026-04-22T17:42:48.742+0000] {logging_mixin.py:151} INFO - [2026-04-22T17:42:48.741+0000] {dagbag.py:539} INFO - Filling up the DagBag from /opt/airflow/dags/embedding_sync_dag.py
[2026-04-22T17:42:48.765+0000] {processor.py:839} INFO - DAG(s) dict_keys(['embedding_sync_dag']) retrieved from /opt/airflow/dags/embedding_sync_dag.py
[2026-04-22T17:42:48.800+0000] {logging_mixin.py:151} INFO - [2026-04-22T17:42:48.799+0000] {dag.py:2915} INFO - Sync 1 DAGs
[2026-04-22T17:42:48.839+0000] {processor.py:179} INFO - Processing /opt/airflow/dags/embedding_sync_dag.py took 0.105 seconds
[2026-04-22T17:43:19.079+0000] {processor.py:157} INFO - Started process (PID=5397) to work on /opt/airflow/dags/embedding_sync_dag.py
[2026-04-22T17:43:19.080+0000] {processor.py:829} INFO - Processing file /opt/airflow/dags/embedding_sync_dag.py for tasks to queue
[2026-04-22T17:43:19.081+0000] {logging_mixin.py:151} INFO - [2026-04-22T17:43:19.081+0000] {dagbag.py:539} INFO - Filling up the DagBag from /opt/airflow/dags/embedding_sync_dag.py
[2026-04-22T17:43:19.103+0000] {processor.py:839} INFO - DAG(s) dict_keys(['embedding_sync_dag']) retrieved from /opt/airflow/dags/embedding_sync_dag.py
[2026-04-22T17:43:19.139+0000] {logging_mixin.py:151} INFO - [2026-04-22T17:43:19.139+0000] {dag.py:2915} INFO - Sync 1 DAGs
[2026-04-22T17:43:19.178+0000] {processor.py:179} INFO - Processing /opt/airflow/dags/embedding_sync_dag.py took 0.108 seconds
[2026-04-22T17:43:49.424+0000] {processor.py:157} INFO - Started process (PID=5415) to work on /opt/airflow/dags/embedding_sync_dag.py
[2026-04-22T17:43:49.426+0000] {processor.py:829} INFO - Processing file /opt/airflow/dags/embedding_sync_dag.py for tasks to queue
[2026-04-22T17:43:49.427+0000] {logging_mixin.py:151} INFO - [2026-04-22T17:43:49.426+0000] {dagbag.py:539} INFO - Filling up the DagBag from /opt/airflow/dags/embedding_sync_dag.py
[2026-04-22T17:43:49.445+0000] {processor.py:839} INFO - DAG(s) dict_keys(['embedding_sync_dag']) retrieved from /opt/airflow/dags/embedding_sync_dag.py
[2026-04-22T17:43:49.480+0000] {logging_mixin.py:151} INFO - [2026-04-22T17:43:49.480+0000] {dag.py:2915} INFO - Sync 1 DAGs
[2026-04-22T17:43:49.519+0000] {processor.py:179} INFO - Processing /opt/airflow/dags/embedding_sync_dag.py took 0.100 seconds
[2026-04-22T17:44:19.767+0000] {processor.py:157} INFO - Started process (PID=5433) to work on /opt/airflow/dags/embedding_sync_dag.py
[2026-04-22T17:44:19.768+0000] {processor.py:829} INFO - Processing file /opt/airflow/dags/embedding_sync_dag.py for tasks to queue
[2026-04-22T17:44:19.769+0000] {logging_mixin.py:151} INFO - [2026-04-22T17:44:19.768+0000] {dagbag.py:539} INFO - Filling up the DagBag from /opt/airflow/dags/embedding_sync_dag.py
[2026-04-22T17:44:19.787+0000] {processor.py:839} INFO - DAG(s) dict_keys(['embedding_sync_dag']) retrieved from /opt/airflow/dags/embedding_sync_dag.py
[2026-04-22T17:44:19.822+0000] {logging_mixin.py:151} INFO - [2026-04-22T17:44:19.821+0000] {dag.py:2915} INFO - Sync 1 DAGs
[2026-04-22T17:44:19.862+0000] {processor.py:179} INFO - Processing /opt/airflow/dags/embedding_sync_dag.py took 0.102 seconds
[2026-04-22T17:44:50.422+0000] {processor.py:157} INFO - Started process (PID=5451) to work on /opt/airflow/dags/embedding_sync_dag.py
[2026-04-22T17:44:50.423+0000] {processor.py:829} INFO - Processing file /opt/airflow/dags/embedding_sync_dag.py for tasks to queue
[2026-04-22T17:44:50.424+0000] {logging_mixin.py:151} INFO - [2026-04-22T17:44:50.424+0000] {dagbag.py:539} INFO - Filling up the DagBag from /opt/airflow/dags/embedding_sync_dag.py
[2026-04-22T17:44:50.441+0000] {processor.py:839} INFO - DAG(s) dict_keys(['embedding_sync_dag']) retrieved from /opt/airflow/dags/embedding_sync_dag.py
[2026-04-22T17:44:50.477+0000] {logging_mixin.py:151} INFO - [2026-04-22T17:44:50.477+0000] {dag.py:2915} INFO - Sync 1 DAGs
[2026-04-22T17:44:50.516+0000] {processor.py:179} INFO - Processing /opt/airflow/dags/embedding_sync_dag.py took 0.099 seconds
[2026-04-22T17:45:20.783+0000] {processor.py:157} INFO - Started process (PID=5469) to work on /opt/airflow/dags/embedding_sync_dag.py
[2026-04-22T17:45:20.784+0000] {processor.py:829} INFO - Processing file /opt/airflow/dags/embedding_sync_dag.py for tasks to queue
[2026-04-22T17:45:20.786+0000] {logging_mixin.py:151} INFO - [2026-04-22T17:45:20.785+0000] {dagbag.py:539} INFO - Filling up the DagBag from /opt/airflow/dags/embedding_sync_dag.py
[2026-04-22T17:45:20.810+0000] {processor.py:839} INFO - DAG(s) dict_keys(['embedding_sync_dag']) retrieved from /opt/airflow/dags/embedding_sync_dag.py
[2026-04-22T17:45:20.846+0000] {logging_mixin.py:151} INFO - [2026-04-22T17:45:20.846+0000] {dag.py:2915} INFO - Sync 1 DAGs
[2026-04-22T17:45:20.884+0000] {processor.py:179} INFO - Processing /opt/airflow/dags/embedding_sync_dag.py took 0.110 seconds
[2026-04-22T17:45:50.970+0000] {processor.py:157} INFO - Started process (PID=5487) to work on /opt/airflow/dags/embedding_sync_dag.py
[2026-04-22T17:45:50.976+0000] {processor.py:829} INFO - Processing file /opt/airflow/dags/embedding_sync_dag.py for tasks to queue
[2026-04-22T17:45:50.979+0000] {logging_mixin.py:151} INFO - [2026-04-22T17:45:50.977+0000] {dagbag.py:539} INFO - Filling up the DagBag from /opt/airflow/dags/embedding_sync_dag.py
[2026-04-22T17:45:51.033+0000] {processor.py:839} INFO - DAG(s) dict_keys(['embedding_sync_dag']) retrieved from /opt/airflow/dags/embedding_sync_dag.py
[2026-04-22T17:45:51.101+0000] {logging_mixin.py:151} INFO - [2026-04-22T17:45:51.101+0000] {dag.py:2915} INFO - Sync 1 DAGs
[2026-04-22T17:45:51.158+0000] {processor.py:179} INFO - Processing /opt/airflow/dags/embedding_sync_dag.py took 0.201 seconds
[2026-04-22T17:46:21.632+0000] {processor.py:157} INFO - Started process (PID=5505) to work on /opt/airflow/dags/embedding_sync_dag.py
[2026-04-22T17:46:21.633+0000] {processor.py:829} INFO - Processing file /opt/airflow/dags/embedding_sync_dag.py for tasks to queue
[2026-04-22T17:46:21.634+0000] {logging_mixin.py:151} INFO - [2026-04-22T17:46:21.633+0000] {dagbag.py:539} INFO - Filling up the DagBag from /opt/airflow/dags/embedding_sync_dag.py
[2026-04-22T17:46:21.653+0000] {processor.py:839} INFO - DAG(s) dict_keys(['embedding_sync_dag']) retrieved from /opt/airflow/dags/embedding_sync_dag.py
[2026-04-22T17:46:21.690+0000] {logging_mixin.py:151} INFO - [2026-04-22T17:46:21.689+0000] {dag.py:2915} INFO - Sync 1 DAGs
[2026-04-22T17:46:21.730+0000] {processor.py:179} INFO - Processing /opt/airflow/dags/embedding_sync_dag.py took 0.103 seconds
[2026-04-22T17:46:52.318+0000] {processor.py:157} INFO - Started process (PID=5523) to work on /opt/airflow/dags/embedding_sync_dag.py
[2026-04-22T17:46:52.320+0000] {processor.py:829} INFO - Processing file /opt/airflow/dags/embedding_sync_dag.py for tasks to queue
[2026-04-22T17:46:52.321+0000] {logging_mixin.py:151} INFO - [2026-04-22T17:46:52.321+0000] {dagbag.py:539} INFO - Filling up the DagBag from /opt/airflow/dags/embedding_sync_dag.py
[2026-04-22T17:46:52.342+0000] {processor.py:839} INFO - DAG(s) dict_keys(['embedding_sync_dag']) retrieved from /opt/airflow/dags/embedding_sync_dag.py
[2026-04-22T17:46:52.377+0000] {logging_mixin.py:151} INFO - [2026-04-22T17:46:52.377+0000] {dag.py:2915} INFO - Sync 1 DAGs
[2026-04-22T17:46:52.415+0000] {processor.py:179} INFO - Processing /opt/airflow/dags/embedding_sync_dag.py took 0.106 seconds
[2026-04-22T17:47:22.626+0000] {processor.py:157} INFO - Started process (PID=5541) to work on /opt/airflow/dags/embedding_sync_dag.py
[2026-04-22T17:47:22.627+0000] {processor.py:829} INFO - Processing file /opt/airflow/dags/embedding_sync_dag.py for tasks to queue
[2026-04-22T17:47:22.628+0000] {logging_mixin.py:151} INFO - [2026-04-22T17:47:22.628+0000] {dagbag.py:539} INFO - Filling up the DagBag from /opt/airflow/dags/embedding_sync_dag.py
[2026-04-22T17:47:22.645+0000] {processor.py:839} INFO - DAG(s) dict_keys(['embedding_sync_dag']) retrieved from /opt/airflow/dags/embedding_sync_dag.py
[2026-04-22T17:47:22.680+0000] {logging_mixin.py:151} INFO - [2026-04-22T17:47:22.680+0000] {dag.py:2915} INFO - Sync 1 DAGs
[2026-04-22T17:47:22.719+0000] {processor.py:179} INFO - Processing /opt/airflow/dags/embedding_sync_dag.py took 0.098 seconds
[2026-04-22T17:47:53.287+0000] {processor.py:157} INFO - Started process (PID=5559) to work on /opt/airflow/dags/embedding_sync_dag.py
[2026-04-22T17:47:53.292+0000] {processor.py:829} INFO - Processing file /opt/airflow/dags/embedding_sync_dag.py for tasks to queue
[2026-04-22T17:47:53.293+0000] {logging_mixin.py:151} INFO - [2026-04-22T17:47:53.293+0000] {dagbag.py:539} INFO - Filling up the DagBag from /opt/airflow/dags/embedding_sync_dag.py
[2026-04-22T17:47:53.323+0000] {processor.py:839} INFO - DAG(s) dict_keys(['embedding_sync_dag']) retrieved from /opt/airflow/dags/embedding_sync_dag.py
[2026-04-22T17:47:53.359+0000] {logging_mixin.py:151} INFO - [2026-04-22T17:47:53.359+0000] {dag.py:2915} INFO - Sync 1 DAGs
[2026-04-22T17:47:53.400+0000] {processor.py:179} INFO - Processing /opt/airflow/dags/embedding_sync_dag.py took 0.122 seconds
[2026-04-22T17:48:23.666+0000] {processor.py:157} INFO - Started process (PID=5577) to work on /opt/airflow/dags/embedding_sync_dag.py
[2026-04-22T17:48:23.669+0000] {processor.py:829} INFO - Processing file /opt/airflow/dags/embedding_sync_dag.py for tasks to queue
[2026-04-22T17:48:23.671+0000] {logging_mixin.py:151} INFO - [2026-04-22T17:48:23.670+0000] {dagbag.py:539} INFO - Filling up the DagBag from /opt/airflow/dags/embedding_sync_dag.py
[2026-04-22T17:48:23.704+0000] {processor.py:839} INFO - DAG(s) dict_keys(['embedding_sync_dag']) retrieved from /opt/airflow/dags/embedding_sync_dag.py
[2026-04-22T17:48:23.739+0000] {logging_mixin.py:151} INFO - [2026-04-22T17:48:23.739+0000] {dag.py:2915} INFO - Sync 1 DAGs
[2026-04-22T17:48:23.777+0000] {processor.py:179} INFO - Processing /opt/airflow/dags/embedding_sync_dag.py took 0.123 seconds
[2026-04-22T17:48:54.476+0000] {processor.py:157} INFO - Started process (PID=5595) to work on /opt/airflow/dags/embedding_sync_dag.py
[2026-04-22T17:48:54.477+0000] {processor.py:829} INFO - Processing file /opt/airflow/dags/embedding_sync_dag.py for tasks to queue
[2026-04-22T17:48:54.479+0000] {logging_mixin.py:151} INFO - [2026-04-22T17:48:54.478+0000] {dagbag.py:539} INFO - Filling up the DagBag from /opt/airflow/dags/embedding_sync_dag.py
[2026-04-22T17:48:54.497+0000] {processor.py:839} INFO - DAG(s) dict_keys(['embedding_sync_dag']) retrieved from /opt/airflow/dags/embedding_sync_dag.py
[2026-04-22T17:48:54.530+0000] {logging_mixin.py:151} INFO - [2026-04-22T17:48:54.530+0000] {dag.py:2915} INFO - Sync 1 DAGs
[2026-04-22T17:48:54.567+0000] {processor.py:179} INFO - Processing /opt/airflow/dags/embedding_sync_dag.py took 0.097 seconds
[2026-04-22T17:49:24.718+0000] {processor.py:157} INFO - Started process (PID=5613) to work on /opt/airflow/dags/embedding_sync_dag.py
[2026-04-22T17:49:24.719+0000] {processor.py:829} INFO - Processing file /opt/airflow/dags/embedding_sync_dag.py for tasks to queue
[2026-04-22T17:49:24.720+0000] {logging_mixin.py:151} INFO - [2026-04-22T17:49:24.719+0000] {dagbag.py:539} INFO - Filling up the DagBag from /opt/airflow/dags/embedding_sync_dag.py
[2026-04-22T17:49:24.737+0000] {processor.py:839} INFO - DAG(s) dict_keys(['embedding_sync_dag']) retrieved from /opt/airflow/dags/embedding_sync_dag.py
[2026-04-22T17:49:24.772+0000] {logging_mixin.py:151} INFO - [2026-04-22T17:49:24.772+0000] {dag.py:2915} INFO - Sync 1 DAGs
[2026-04-22T17:49:24.811+0000] {processor.py:179} INFO - Processing /opt/airflow/dags/embedding_sync_dag.py took 0.098 seconds
[2026-04-22T17:49:55.483+0000] {processor.py:157} INFO - Started process (PID=5631) to work on /opt/airflow/dags/embedding_sync_dag.py
[2026-04-22T17:49:55.484+0000] {processor.py:829} INFO - Processing file /opt/airflow/dags/embedding_sync_dag.py for tasks to queue
[2026-04-22T17:49:55.485+0000] {logging_mixin.py:151} INFO - [2026-04-22T17:49:55.485+0000] {dagbag.py:539} INFO - Filling up the DagBag from /opt/airflow/dags/embedding_sync_dag.py
[2026-04-22T17:49:55.502+0000] {processor.py:839} INFO - DAG(s) dict_keys(['embedding_sync_dag']) retrieved from /opt/airflow/dags/embedding_sync_dag.py
[2026-04-22T17:49:55.537+0000] {logging_mixin.py:151} INFO - [2026-04-22T17:49:55.536+0000] {dag.py:2915} INFO - Sync 1 DAGs
[2026-04-22T17:49:55.577+0000] {processor.py:179} INFO - Processing /opt/airflow/dags/embedding_sync_dag.py took 0.099 seconds
[2026-04-22T17:50:25.853+0000] {processor.py:157} INFO - Started process (PID=5649) to work on /opt/airflow/dags/embedding_sync_dag.py
[2026-04-22T17:50:25.854+0000] {processor.py:829} INFO - Processing file /opt/airflow/dags/embedding_sync_dag.py for tasks to queue
[2026-04-22T17:50:25.856+0000] {logging_mixin.py:151} INFO - [2026-04-22T17:50:25.855+0000] {dagbag.py:539} INFO - Filling up the DagBag from /opt/airflow/dags/embedding_sync_dag.py
[2026-04-22T17:50:25.878+0000] {processor.py:839} INFO - DAG(s) dict_keys(['embedding_sync_dag']) retrieved from /opt/airflow/dags/embedding_sync_dag.py
[2026-04-22T17:50:25.912+0000] {logging_mixin.py:151} INFO - [2026-04-22T17:50:25.912+0000] {dag.py:2915} INFO - Sync 1 DAGs
[2026-04-22T17:50:25.952+0000] {processor.py:179} INFO - Processing /opt/airflow/dags/embedding_sync_dag.py took 0.110 seconds
[2026-04-22T17:50:56.548+0000] {processor.py:157} INFO - Started process (PID=5667) to work on /opt/airflow/dags/embedding_sync_dag.py
[2026-04-22T17:50:56.550+0000] {processor.py:829} INFO - Processing file /opt/airflow/dags/embedding_sync_dag.py for tasks to queue
[2026-04-22T17:50:56.551+0000] {logging_mixin.py:151} INFO - [2026-04-22T17:50:56.550+0000] {dagbag.py:539} INFO - Filling up the DagBag from /opt/airflow/dags/embedding_sync_dag.py
[2026-04-22T17:50:56.569+0000] {processor.py:839} INFO - DAG(s) dict_keys(['embedding_sync_dag']) retrieved from /opt/airflow/dags/embedding_sync_dag.py
[2026-04-22T17:50:56.604+0000] {logging_mixin.py:151} INFO - [2026-04-22T17:50:56.604+0000] {dag.py:2915} INFO - Sync 1 DAGs
[2026-04-22T17:50:56.644+0000] {processor.py:179} INFO - Processing /opt/airflow/dags/embedding_sync_dag.py took 0.104 seconds
[2026-04-22T17:51:26.879+0000] {processor.py:157} INFO - Started process (PID=5685) to work on /opt/airflow/dags/embedding_sync_dag.py
[2026-04-22T17:51:26.881+0000] {processor.py:829} INFO - Processing file /opt/airflow/dags/embedding_sync_dag.py for tasks to queue
[2026-04-22T17:51:26.882+0000] {logging_mixin.py:151} INFO - [2026-04-22T17:51:26.881+0000] {dagbag.py:539} INFO - Filling up the DagBag from /opt/airflow/dags/embedding_sync_dag.py
[2026-04-22T17:51:26.906+0000] {processor.py:839} INFO - DAG(s) dict_keys(['embedding_sync_dag']) retrieved from /opt/airflow/dags/embedding_sync_dag.py
[2026-04-22T17:51:26.941+0000] {logging_mixin.py:151} INFO - [2026-04-22T17:51:26.941+0000] {dag.py:2915} INFO - Sync 1 DAGs
[2026-04-22T17:51:26.981+0000] {processor.py:179} INFO - Processing /opt/airflow/dags/embedding_sync_dag.py took 0.108 seconds
[2026-04-22T17:51:57.513+0000] {processor.py:157} INFO - Started process (PID=5703) to work on /opt/airflow/dags/embedding_sync_dag.py
[2026-04-22T17:51:57.516+0000] {processor.py:829} INFO - Processing file /opt/airflow/dags/embedding_sync_dag.py for tasks to queue
[2026-04-22T17:51:57.517+0000] {logging_mixin.py:151} INFO - [2026-04-22T17:51:57.517+0000] {dagbag.py:539} INFO - Filling up the DagBag from /opt/airflow/dags/embedding_sync_dag.py
[2026-04-22T17:51:57.540+0000] {processor.py:839} INFO - DAG(s) dict_keys(['embedding_sync_dag']) retrieved from /opt/airflow/dags/embedding_sync_dag.py
[2026-04-22T17:51:57.577+0000] {logging_mixin.py:151} INFO - [2026-04-22T17:51:57.577+0000] {dag.py:2915} INFO - Sync 1 DAGs
[2026-04-22T17:51:57.656+0000] {processor.py:179} INFO - Processing /opt/airflow/dags/embedding_sync_dag.py took 0.149 seconds
[2026-04-22T17:52:27.902+0000] {processor.py:157} INFO - Started process (PID=5721) to work on /opt/airflow/dags/embedding_sync_dag.py
[2026-04-22T17:52:27.904+0000] {processor.py:829} INFO - Processing file /opt/airflow/dags/embedding_sync_dag.py for tasks to queue
[2026-04-22T17:52:27.907+0000] {logging_mixin.py:151} INFO - [2026-04-22T17:52:27.906+0000] {dagbag.py:539} INFO - Filling up the DagBag from /opt/airflow/dags/embedding_sync_dag.py
[2026-04-22T17:52:27.962+0000] {processor.py:839} INFO - DAG(s) dict_keys(['embedding_sync_dag']) retrieved from /opt/airflow/dags/embedding_sync_dag.py
[2026-04-22T17:52:28.006+0000] {logging_mixin.py:151} INFO - [2026-04-22T17:52:28.006+0000] {dag.py:2915} INFO - Sync 1 DAGs
[2026-04-22T17:52:28.048+0000] {processor.py:179} INFO - Processing /opt/airflow/dags/embedding_sync_dag.py took 0.160 seconds
[2026-04-22T17:52:58.723+0000] {processor.py:157} INFO - Started process (PID=5739) to work on /opt/airflow/dags/embedding_sync_dag.py
[2026-04-22T17:52:58.724+0000] {processor.py:829} INFO - Processing file /opt/airflow/dags/embedding_sync_dag.py for tasks to queue
[2026-04-22T17:52:58.725+0000] {logging_mixin.py:151} INFO - [2026-04-22T17:52:58.724+0000] {dagbag.py:539} INFO - Filling up the DagBag from /opt/airflow/dags/embedding_sync_dag.py
[2026-04-22T17:52:58.741+0000] {processor.py:839} INFO - DAG(s) dict_keys(['embedding_sync_dag']) retrieved from /opt/airflow/dags/embedding_sync_dag.py
[2026-04-22T17:52:58.778+0000] {logging_mixin.py:151} INFO - [2026-04-22T17:52:58.778+0000] {dag.py:2915} INFO - Sync 1 DAGs
[2026-04-22T17:52:58.819+0000] {processor.py:179} INFO - Processing /opt/airflow/dags/embedding_sync_dag.py took 0.101 seconds
[2026-04-22T17:53:29.057+0000] {processor.py:157} INFO - Started process (PID=5757) to work on /opt/airflow/dags/embedding_sync_dag.py
[2026-04-22T17:53:29.058+0000] {processor.py:829} INFO - Processing file /opt/airflow/dags/embedding_sync_dag.py for tasks to queue
[2026-04-22T17:53:29.060+0000] {logging_mixin.py:151} INFO - [2026-04-22T17:53:29.059+0000] {dagbag.py:539} INFO - Filling up the DagBag from /opt/airflow/dags/embedding_sync_dag.py
[2026-04-22T17:53:29.082+0000] {processor.py:839} INFO - DAG(s) dict_keys(['embedding_sync_dag']) retrieved from /opt/airflow/dags/embedding_sync_dag.py
[2026-04-22T17:53:29.130+0000] {logging_mixin.py:151} INFO - [2026-04-22T17:53:29.130+0000] {dag.py:2915} INFO - Sync 1 DAGs
[2026-04-22T17:53:29.188+0000] {processor.py:179} INFO - Processing /opt/airflow/dags/embedding_sync_dag.py took 0.137 seconds
[2026-04-22T17:53:59.719+0000] {processor.py:157} INFO - Started process (PID=5775) to work on /opt/airflow/dags/embedding_sync_dag.py
[2026-04-22T17:53:59.722+0000] {processor.py:829} INFO - Processing file /opt/airflow/dags/embedding_sync_dag.py for tasks to queue
[2026-04-22T17:53:59.725+0000] {logging_mixin.py:151} INFO - [2026-04-22T17:53:59.724+0000] {dagbag.py:539} INFO - Filling up the DagBag from /opt/airflow/dags/embedding_sync_dag.py
[2026-04-22T17:53:59.753+0000] {processor.py:839} INFO - DAG(s) dict_keys(['embedding_sync_dag']) retrieved from /opt/airflow/dags/embedding_sync_dag.py
[2026-04-22T17:53:59.788+0000] {logging_mixin.py:151} INFO - [2026-04-22T17:53:59.788+0000] {dag.py:2915} INFO - Sync 1 DAGs
[2026-04-22T17:53:59.827+0000] {processor.py:179} INFO - Processing /opt/airflow/dags/embedding_sync_dag.py took 0.120 seconds
[2026-04-22T17:54:30.063+0000] {processor.py:157} INFO - Started process (PID=5793) to work on /opt/airflow/dags/embedding_sync_dag.py
[2026-04-22T17:54:30.064+0000] {processor.py:829} INFO - Processing file /opt/airflow/dags/embedding_sync_dag.py for tasks to queue
[2026-04-22T17:54:30.065+0000] {logging_mixin.py:151} INFO - [2026-04-22T17:54:30.064+0000] {dagbag.py:539} INFO - Filling up the DagBag from /opt/airflow/dags/embedding_sync_dag.py
[2026-04-22T17:54:30.085+0000] {processor.py:839} INFO - DAG(s) dict_keys(['embedding_sync_dag']) retrieved from /opt/airflow/dags/embedding_sync_dag.py
[2026-04-22T17:54:30.120+0000] {logging_mixin.py:151} INFO - [2026-04-22T17:54:30.120+0000] {dag.py:2915} INFO - Sync 1 DAGs
[2026-04-22T17:54:30.157+0000] {processor.py:179} INFO - Processing /opt/airflow/dags/embedding_sync_dag.py took 0.105 seconds
[2026-04-22T17:55:00.831+0000] {processor.py:157} INFO - Started process (PID=5811) to work on /opt/airflow/dags/embedding_sync_dag.py
[2026-04-22T17:55:00.832+0000] {processor.py:829} INFO - Processing file /opt/airflow/dags/embedding_sync_dag.py for tasks to queue
[2026-04-22T17:55:00.833+0000] {logging_mixin.py:151} INFO - [2026-04-22T17:55:00.833+0000] {dagbag.py:539} INFO - Filling up the DagBag from /opt/airflow/dags/embedding_sync_dag.py
[2026-04-22T17:55:00.850+0000] {processor.py:839} INFO - DAG(s) dict_keys(['embedding_sync_dag']) retrieved from /opt/airflow/dags/embedding_sync_dag.py
[2026-04-22T17:55:00.886+0000] {logging_mixin.py:151} INFO - [2026-04-22T17:55:00.885+0000] {dag.py:2915} INFO - Sync 1 DAGs
[2026-04-22T17:55:00.985+0000] {processor.py:179} INFO - Processing /opt/airflow/dags/embedding_sync_dag.py took 0.160 seconds
[2026-04-22T17:55:31.483+0000] {processor.py:157} INFO - Started process (PID=5829) to work on /opt/airflow/dags/embedding_sync_dag.py
[2026-04-22T17:55:31.485+0000] {processor.py:829} INFO - Processing file /opt/airflow/dags/embedding_sync_dag.py for tasks to queue
[2026-04-22T17:55:31.486+0000] {logging_mixin.py:151} INFO - [2026-04-22T17:55:31.486+0000] {dagbag.py:539} INFO - Filling up the DagBag from /opt/airflow/dags/embedding_sync_dag.py
[2026-04-22T17:55:31.506+0000] {processor.py:839} INFO - DAG(s) dict_keys(['embedding_sync_dag']) retrieved from /opt/airflow/dags/embedding_sync_dag.py
[2026-04-22T17:55:31.541+0000] {logging_mixin.py:151} INFO - [2026-04-22T17:55:31.541+0000] {dag.py:2915} INFO - Sync 1 DAGs
[2026-04-22T17:55:31.581+0000] {processor.py:179} INFO - Processing /opt/airflow/dags/embedding_sync_dag.py took 0.108 seconds
[2026-04-22T17:56:01.812+0000] {processor.py:157} INFO - Started process (PID=5847) to work on /opt/airflow/dags/embedding_sync_dag.py
[2026-04-22T17:56:01.814+0000] {processor.py:829} INFO - Processing file /opt/airflow/dags/embedding_sync_dag.py for tasks to queue
[2026-04-22T17:56:01.815+0000] {logging_mixin.py:151} INFO - [2026-04-22T17:56:01.814+0000] {dagbag.py:539} INFO - Filling up the DagBag from /opt/airflow/dags/embedding_sync_dag.py
[2026-04-22T17:56:01.833+0000] {processor.py:839} INFO - DAG(s) dict_keys(['embedding_sync_dag']) retrieved from /opt/airflow/dags/embedding_sync_dag.py
[2026-04-22T17:56:01.867+0000] {logging_mixin.py:151} INFO - [2026-04-22T17:56:01.867+0000] {dag.py:2915} INFO - Sync 1 DAGs
[2026-04-22T17:56:01.905+0000] {processor.py:179} INFO - Processing /opt/airflow/dags/embedding_sync_dag.py took 0.101 seconds
[2026-04-22T17:56:32.548+0000] {processor.py:157} INFO - Started process (PID=5865) to work on /opt/airflow/dags/embedding_sync_dag.py
[2026-04-22T17:56:32.549+0000] {processor.py:829} INFO - Processing file /opt/airflow/dags/embedding_sync_dag.py for tasks to queue
[2026-04-22T17:56:32.551+0000] {logging_mixin.py:151} INFO - [2026-04-22T17:56:32.550+0000] {dagbag.py:539} INFO - Filling up the DagBag from /opt/airflow/dags/embedding_sync_dag.py
[2026-04-22T17:56:32.569+0000] {processor.py:839} INFO - DAG(s) dict_keys(['embedding_sync_dag']) retrieved from /opt/airflow/dags/embedding_sync_dag.py
[2026-04-22T17:56:32.604+0000] {logging_mixin.py:151} INFO - [2026-04-22T17:56:32.603+0000] {dag.py:2915} INFO - Sync 1 DAGs
[2026-04-22T17:56:32.642+0000] {processor.py:179} INFO - Processing /opt/airflow/dags/embedding_sync_dag.py took 0.099 seconds
[2026-04-22T17:57:02.864+0000] {processor.py:157} INFO - Started process (PID=5883) to work on /opt/airflow/dags/embedding_sync_dag.py
[2026-04-22T17:57:02.865+0000] {processor.py:829} INFO - Processing file /opt/airflow/dags/embedding_sync_dag.py for tasks to queue
[2026-04-22T17:57:02.867+0000] {logging_mixin.py:151} INFO - [2026-04-22T17:57:02.866+0000] {dagbag.py:539} INFO - Filling up the DagBag from /opt/airflow/dags/embedding_sync_dag.py
[2026-04-22T17:57:02.889+0000] {processor.py:839} INFO - DAG(s) dict_keys(['embedding_sync_dag']) retrieved from /opt/airflow/dags/embedding_sync_dag.py
[2026-04-22T17:57:02.924+0000] {logging_mixin.py:151} INFO - [2026-04-22T17:57:02.923+0000] {dag.py:2915} INFO - Sync 1 DAGs
[2026-04-22T17:57:02.962+0000] {processor.py:179} INFO - Processing /opt/airflow/dags/embedding_sync_dag.py took 0.107 seconds
[2026-04-22T17:57:33.563+0000] {processor.py:157} INFO - Started process (PID=5901) to work on /opt/airflow/dags/embedding_sync_dag.py
[2026-04-22T17:57:33.565+0000] {processor.py:829} INFO - Processing file /opt/airflow/dags/embedding_sync_dag.py for tasks to queue
[2026-04-22T17:57:33.566+0000] {logging_mixin.py:151} INFO - [2026-04-22T17:57:33.566+0000] {dagbag.py:539} INFO - Filling up the DagBag from /opt/airflow/dags/embedding_sync_dag.py
[2026-04-22T17:57:33.587+0000] {processor.py:839} INFO - DAG(s) dict_keys(['embedding_sync_dag']) retrieved from /opt/airflow/dags/embedding_sync_dag.py
[2026-04-22T17:57:33.622+0000] {logging_mixin.py:151} INFO - [2026-04-22T17:57:33.622+0000] {dag.py:2915} INFO - Sync 1 DAGs
[2026-04-22T17:57:33.796+0000] {processor.py:179} INFO - Processing /opt/airflow/dags/embedding_sync_dag.py took 0.246 seconds
[2026-04-22T17:58:04.207+0000] {processor.py:157} INFO - Started process (PID=5919) to work on /opt/airflow/dags/embedding_sync_dag.py
[2026-04-22T17:58:04.209+0000] {processor.py:829} INFO - Processing file /opt/airflow/dags/embedding_sync_dag.py for tasks to queue
[2026-04-22T17:58:04.210+0000] {logging_mixin.py:151} INFO - [2026-04-22T17:58:04.210+0000] {dagbag.py:539} INFO - Filling up the DagBag from /opt/airflow/dags/embedding_sync_dag.py
[2026-04-22T17:58:04.237+0000] {processor.py:839} INFO - DAG(s) dict_keys(['embedding_sync_dag']) retrieved from /opt/airflow/dags/embedding_sync_dag.py
[2026-04-22T17:58:04.275+0000] {logging_mixin.py:151} INFO - [2026-04-22T17:58:04.275+0000] {dag.py:2915} INFO - Sync 1 DAGs
[2026-04-22T17:58:04.320+0000] {processor.py:179} INFO - Processing /opt/airflow/dags/embedding_sync_dag.py took 0.125 seconds
[2026-04-22T17:58:34.550+0000] {processor.py:157} INFO - Started process (PID=5937) to work on /opt/airflow/dags/embedding_sync_dag.py
[2026-04-22T17:58:34.552+0000] {processor.py:829} INFO - Processing file /opt/airflow/dags/embedding_sync_dag.py for tasks to queue
[2026-04-22T17:58:34.553+0000] {logging_mixin.py:151} INFO - [2026-04-22T17:58:34.553+0000] {dagbag.py:539} INFO - Filling up the DagBag from /opt/airflow/dags/embedding_sync_dag.py
[2026-04-22T17:58:34.577+0000] {processor.py:839} INFO - DAG(s) dict_keys(['embedding_sync_dag']) retrieved from /opt/airflow/dags/embedding_sync_dag.py
[2026-04-22T17:58:34.610+0000] {logging_mixin.py:151} INFO - [2026-04-22T17:58:34.610+0000] {dag.py:2915} INFO - Sync 1 DAGs
[2026-04-22T17:58:34.647+0000] {processor.py:179} INFO - Processing /opt/airflow/dags/embedding_sync_dag.py took 0.103 seconds
[2026-04-22T17:59:05.256+0000] {processor.py:157} INFO - Started process (PID=5955) to work on /opt/airflow/dags/embedding_sync_dag.py
[2026-04-22T17:59:05.257+0000] {processor.py:829} INFO - Processing file /opt/airflow/dags/embedding_sync_dag.py for tasks to queue
[2026-04-22T17:59:05.258+0000] {logging_mixin.py:151} INFO - [2026-04-22T17:59:05.257+0000] {dagbag.py:539} INFO - Filling up the DagBag from /opt/airflow/dags/embedding_sync_dag.py
[2026-04-22T17:59:05.276+0000] {processor.py:839} INFO - DAG(s) dict_keys(['embedding_sync_dag']) retrieved from /opt/airflow/dags/embedding_sync_dag.py
[2026-04-22T17:59:05.315+0000] {logging_mixin.py:151} INFO - [2026-04-22T17:59:05.315+0000] {dag.py:2915} INFO - Sync 1 DAGs
[2026-04-22T17:59:05.494+0000] {processor.py:179} INFO - Processing /opt/airflow/dags/embedding_sync_dag.py took 0.244 seconds
[2026-04-22T17:59:35.897+0000] {processor.py:157} INFO - Started process (PID=5973) to work on /opt/airflow/dags/embedding_sync_dag.py
[2026-04-22T17:59:35.898+0000] {processor.py:829} INFO - Processing file /opt/airflow/dags/embedding_sync_dag.py for tasks to queue
[2026-04-22T17:59:35.899+0000] {logging_mixin.py:151} INFO - [2026-04-22T17:59:35.898+0000] {dagbag.py:539} INFO - Filling up the DagBag from /opt/airflow/dags/embedding_sync_dag.py
[2026-04-22T17:59:35.915+0000] {processor.py:839} INFO - DAG(s) dict_keys(['embedding_sync_dag']) retrieved from /opt/airflow/dags/embedding_sync_dag.py
[2026-04-22T17:59:35.950+0000] {logging_mixin.py:151} INFO - [2026-04-22T17:59:35.950+0000] {dag.py:2915} INFO - Sync 1 DAGs
[2026-04-22T17:59:35.988+0000] {processor.py:179} INFO - Processing /opt/airflow/dags/embedding_sync_dag.py took 0.097 seconds
[2026-04-22T18:00:06.248+0000] {processor.py:157} INFO - Started process (PID=5991) to work on /opt/airflow/dags/embedding_sync_dag.py
[2026-04-22T18:00:06.250+0000] {processor.py:829} INFO - Processing file /opt/airflow/dags/embedding_sync_dag.py for tasks to queue
[2026-04-22T18:00:06.251+0000] {logging_mixin.py:151} INFO - [2026-04-22T18:00:06.250+0000] {dagbag.py:539} INFO - Filling up the DagBag from /opt/airflow/dags/embedding_sync_dag.py
[2026-04-22T18:00:06.269+0000] {processor.py:839} INFO - DAG(s) dict_keys(['embedding_sync_dag']) retrieved from /opt/airflow/dags/embedding_sync_dag.py
[2026-04-22T18:00:06.305+0000] {logging_mixin.py:151} INFO - [2026-04-22T18:00:06.305+0000] {dag.py:2915} INFO - Sync 1 DAGs
[2026-04-22T18:00:06.479+0000] {processor.py:179} INFO - Processing /opt/airflow/dags/embedding_sync_dag.py took 0.237 seconds
[2026-04-22T18:00:37.115+0000] {processor.py:157} INFO - Started process (PID=6009) to work on /opt/airflow/dags/embedding_sync_dag.py
[2026-04-22T18:00:37.116+0000] {processor.py:829} INFO - Processing file /opt/airflow/dags/embedding_sync_dag.py for tasks to queue
[2026-04-22T18:00:37.117+0000] {logging_mixin.py:151} INFO - [2026-04-22T18:00:37.117+0000] {dagbag.py:539} INFO - Filling up the DagBag from /opt/airflow/dags/embedding_sync_dag.py
[2026-04-22T18:00:37.134+0000] {processor.py:839} INFO - DAG(s) dict_keys(['embedding_sync_dag']) retrieved from /opt/airflow/dags/embedding_sync_dag.py
[2026-04-22T18:00:37.166+0000] {logging_mixin.py:151} INFO - [2026-04-22T18:00:37.166+0000] {dag.py:2915} INFO - Sync 1 DAGs
[2026-04-22T18:00:37.202+0000] {processor.py:179} INFO - Processing /opt/airflow/dags/embedding_sync_dag.py took 0.091 seconds
[2026-04-22T18:01:07.422+0000] {processor.py:157} INFO - Started process (PID=6027) to work on /opt/airflow/dags/embedding_sync_dag.py
[2026-04-22T18:01:07.425+0000] {processor.py:829} INFO - Processing file /opt/airflow/dags/embedding_sync_dag.py for tasks to queue
[2026-04-22T18:01:07.427+0000] {logging_mixin.py:151} INFO - [2026-04-22T18:01:07.426+0000] {dagbag.py:539} INFO - Filling up the DagBag from /opt/airflow/dags/embedding_sync_dag.py
[2026-04-22T18:01:07.451+0000] {processor.py:839} INFO - DAG(s) dict_keys(['embedding_sync_dag']) retrieved from /opt/airflow/dags/embedding_sync_dag.py
[2026-04-22T18:01:07.485+0000] {logging_mixin.py:151} INFO - [2026-04-22T18:01:07.485+0000] {dag.py:2915} INFO - Sync 1 DAGs
[2026-04-22T18:01:07.523+0000] {processor.py:179} INFO - Processing /opt/airflow/dags/embedding_sync_dag.py took 0.113 seconds
[2026-04-22T18:01:38.155+0000] {processor.py:157} INFO - Started process (PID=6045) to work on /opt/airflow/dags/embedding_sync_dag.py
[2026-04-22T18:01:38.157+0000] {processor.py:829} INFO - Processing file /opt/airflow/dags/embedding_sync_dag.py for tasks to queue
[2026-04-22T18:01:38.160+0000] {logging_mixin.py:151} INFO - [2026-04-22T18:01:38.159+0000] {dagbag.py:539} INFO - Filling up the DagBag from /opt/airflow/dags/embedding_sync_dag.py
[2026-04-22T18:01:38.189+0000] {processor.py:839} INFO - DAG(s) dict_keys(['embedding_sync_dag']) retrieved from /opt/airflow/dags/embedding_sync_dag.py
[2026-04-22T18:01:38.224+0000] {logging_mixin.py:151} INFO - [2026-04-22T18:01:38.224+0000] {dag.py:2915} INFO - Sync 1 DAGs
[2026-04-22T18:01:38.400+0000] {processor.py:179} INFO - Processing /opt/airflow/dags/embedding_sync_dag.py took 0.258 seconds
[2026-04-22T18:02:08.795+0000] {processor.py:157} INFO - Started process (PID=6063) to work on /opt/airflow/dags/embedding_sync_dag.py
[2026-04-22T18:02:08.797+0000] {processor.py:829} INFO - Processing file /opt/airflow/dags/embedding_sync_dag.py for tasks to queue
[2026-04-22T18:02:08.798+0000] {logging_mixin.py:151} INFO - [2026-04-22T18:02:08.797+0000] {dagbag.py:539} INFO - Filling up the DagBag from /opt/airflow/dags/embedding_sync_dag.py
[2026-04-22T18:02:08.818+0000] {processor.py:839} INFO - DAG(s) dict_keys(['embedding_sync_dag']) retrieved from /opt/airflow/dags/embedding_sync_dag.py
[2026-04-22T18:02:08.853+0000] {logging_mixin.py:151} INFO - [2026-04-22T18:02:08.852+0000] {dag.py:2915} INFO - Sync 1 DAGs
[2026-04-22T18:02:08.890+0000] {processor.py:179} INFO - Processing /opt/airflow/dags/embedding_sync_dag.py took 0.104 seconds
[2026-04-22T18:02:39.108+0000] {processor.py:157} INFO - Started process (PID=6081) to work on /opt/airflow/dags/embedding_sync_dag.py
[2026-04-22T18:02:39.110+0000] {processor.py:829} INFO - Processing file /opt/airflow/dags/embedding_sync_dag.py for tasks to queue
[2026-04-22T18:02:39.112+0000] {logging_mixin.py:151} INFO - [2026-04-22T18:02:39.111+0000] {dagbag.py:539} INFO - Filling up the DagBag from /opt/airflow/dags/embedding_sync_dag.py
[2026-04-22T18:02:39.131+0000] {processor.py:839} INFO - DAG(s) dict_keys(['embedding_sync_dag']) retrieved from /opt/airflow/dags/embedding_sync_dag.py
[2026-04-22T18:02:39.166+0000] {logging_mixin.py:151} INFO - [2026-04-22T18:02:39.166+0000] {dag.py:2915} INFO - Sync 1 DAGs
[2026-04-22T18:02:39.207+0000] {processor.py:179} INFO - Processing /opt/airflow/dags/embedding_sync_dag.py took 0.107 seconds
[2026-04-22T18:03:09.796+0000] {processor.py:157} INFO - Started process (PID=6099) to work on /opt/airflow/dags/embedding_sync_dag.py
[2026-04-22T18:03:09.797+0000] {processor.py:829} INFO - Processing file /opt/airflow/dags/embedding_sync_dag.py for tasks to queue
[2026-04-22T18:03:09.797+0000] {logging_mixin.py:151} INFO - [2026-04-22T18:03:09.797+0000] {dagbag.py:539} INFO - Filling up the DagBag from /opt/airflow/dags/embedding_sync_dag.py
[2026-04-22T18:03:09.815+0000] {processor.py:839} INFO - DAG(s) dict_keys(['embedding_sync_dag']) retrieved from /opt/airflow/dags/embedding_sync_dag.py
[2026-04-22T18:03:09.853+0000] {logging_mixin.py:151} INFO - [2026-04-22T18:03:09.853+0000] {dag.py:2915} INFO - Sync 1 DAGs
[2026-04-22T18:03:10.035+0000] {processor.py:179} INFO - Processing /opt/airflow/dags/embedding_sync_dag.py took 0.244 seconds
[2026-04-22T18:03:40.459+0000] {processor.py:157} INFO - Started process (PID=6117) to work on /opt/airflow/dags/embedding_sync_dag.py
[2026-04-22T18:03:40.460+0000] {processor.py:829} INFO - Processing file /opt/airflow/dags/embedding_sync_dag.py for tasks to queue
[2026-04-22T18:03:40.461+0000] {logging_mixin.py:151} INFO - [2026-04-22T18:03:40.461+0000] {dagbag.py:539} INFO - Filling up the DagBag from /opt/airflow/dags/embedding_sync_dag.py
[2026-04-22T18:03:40.478+0000] {processor.py:839} INFO - DAG(s) dict_keys(['embedding_sync_dag']) retrieved from /opt/airflow/dags/embedding_sync_dag.py
[2026-04-22T18:03:40.513+0000] {logging_mixin.py:151} INFO - [2026-04-22T18:03:40.512+0000] {dag.py:2915} INFO - Sync 1 DAGs
[2026-04-22T18:03:40.550+0000] {processor.py:179} INFO - Processing /opt/airflow/dags/embedding_sync_dag.py took 0.098 seconds
[2026-04-22T18:04:10.760+0000] {processor.py:157} INFO - Started process (PID=6135) to work on /opt/airflow/dags/embedding_sync_dag.py
[2026-04-22T18:04:10.761+0000] {processor.py:829} INFO - Processing file /opt/airflow/dags/embedding_sync_dag.py for tasks to queue
[2026-04-22T18:04:10.762+0000] {logging_mixin.py:151} INFO - [2026-04-22T18:04:10.761+0000] {dagbag.py:539} INFO - Filling up the DagBag from /opt/airflow/dags/embedding_sync_dag.py
[2026-04-22T18:04:10.778+0000] {processor.py:839} INFO - DAG(s) dict_keys(['embedding_sync_dag']) retrieved from /opt/airflow/dags/embedding_sync_dag.py
[2026-04-22T18:04:10.813+0000] {logging_mixin.py:151} INFO - [2026-04-22T18:04:10.813+0000] {dag.py:2915} INFO - Sync 1 DAGs
[2026-04-22T18:04:10.852+0000] {processor.py:179} INFO - Processing /opt/airflow/dags/embedding_sync_dag.py took 0.096 seconds
[2026-04-22T18:04:41.459+0000] {processor.py:157} INFO - Started process (PID=6153) to work on /opt/airflow/dags/embedding_sync_dag.py
[2026-04-22T18:04:41.460+0000] {processor.py:829} INFO - Processing file /opt/airflow/dags/embedding_sync_dag.py for tasks to queue
[2026-04-22T18:04:41.461+0000] {logging_mixin.py:151} INFO - [2026-04-22T18:04:41.461+0000] {dagbag.py:539} INFO - Filling up the DagBag from /opt/airflow/dags/embedding_sync_dag.py
[2026-04-22T18:04:41.479+0000] {processor.py:839} INFO - DAG(s) dict_keys(['embedding_sync_dag']) retrieved from /opt/airflow/dags/embedding_sync_dag.py
[2026-04-22T18:04:41.513+0000] {logging_mixin.py:151} INFO - [2026-04-22T18:04:41.513+0000] {dag.py:2915} INFO - Sync 1 DAGs
[2026-04-22T18:04:41.687+0000] {processor.py:179} INFO - Processing /opt/airflow/dags/embedding_sync_dag.py took 0.233 seconds
[2026-04-22T18:05:12.173+0000] {processor.py:157} INFO - Started process (PID=6171) to work on /opt/airflow/dags/embedding_sync_dag.py
[2026-04-22T18:05:12.174+0000] {processor.py:829} INFO - Processing file /opt/airflow/dags/embedding_sync_dag.py for tasks to queue
[2026-04-22T18:05:12.176+0000] {logging_mixin.py:151} INFO - [2026-04-22T18:05:12.175+0000] {dagbag.py:539} INFO - Filling up the DagBag from /opt/airflow/dags/embedding_sync_dag.py
[2026-04-22T18:05:12.196+0000] {processor.py:839} INFO - DAG(s) dict_keys(['embedding_sync_dag']) retrieved from /opt/airflow/dags/embedding_sync_dag.py
[2026-04-22T18:05:12.230+0000] {logging_mixin.py:151} INFO - [2026-04-22T18:05:12.230+0000] {dag.py:2915} INFO - Sync 1 DAGs
[2026-04-22T18:05:12.269+0000] {processor.py:179} INFO - Processing /opt/airflow/dags/embedding_sync_dag.py took 0.107 seconds
[2026-04-22T18:05:42.508+0000] {processor.py:157} INFO - Started process (PID=6189) to work on /opt/airflow/dags/embedding_sync_dag.py
[2026-04-22T18:05:42.510+0000] {processor.py:829} INFO - Processing file /opt/airflow/dags/embedding_sync_dag.py for tasks to queue
[2026-04-22T18:05:42.512+0000] {logging_mixin.py:151} INFO - [2026-04-22T18:05:42.511+0000] {dagbag.py:539} INFO - Filling up the DagBag from /opt/airflow/dags/embedding_sync_dag.py
[2026-04-22T18:05:42.536+0000] {processor.py:839} INFO - DAG(s) dict_keys(['embedding_sync_dag']) retrieved from /opt/airflow/dags/embedding_sync_dag.py
[2026-04-22T18:05:42.571+0000] {logging_mixin.py:151} INFO - [2026-04-22T18:05:42.571+0000] {dag.py:2915} INFO - Sync 1 DAGs
[2026-04-22T18:05:42.609+0000] {processor.py:179} INFO - Processing /opt/airflow/dags/embedding_sync_dag.py took 0.110 seconds
[2026-04-22T18:06:13.302+0000] {processor.py:157} INFO - Started process (PID=6207) to work on /opt/airflow/dags/embedding_sync_dag.py
[2026-04-22T18:06:13.305+0000] {processor.py:829} INFO - Processing file /opt/airflow/dags/embedding_sync_dag.py for tasks to queue
[2026-04-22T18:06:13.307+0000] {logging_mixin.py:151} INFO - [2026-04-22T18:06:13.306+0000] {dagbag.py:539} INFO - Filling up the DagBag from /opt/airflow/dags/embedding_sync_dag.py
[2026-04-22T18:06:13.349+0000] {processor.py:839} INFO - DAG(s) dict_keys(['embedding_sync_dag']) retrieved from /opt/airflow/dags/embedding_sync_dag.py
[2026-04-22T18:06:13.393+0000] {logging_mixin.py:151} INFO - [2026-04-22T18:06:13.393+0000] {dag.py:2915} INFO - Sync 1 DAGs
[2026-04-22T18:06:13.568+0000] {processor.py:179} INFO - Processing /opt/airflow/dags/embedding_sync_dag.py took 0.278 seconds
[2026-04-22T18:06:43.934+0000] {processor.py:157} INFO - Started process (PID=6225) to work on /opt/airflow/dags/embedding_sync_dag.py
[2026-04-22T18:06:43.936+0000] {processor.py:829} INFO - Processing file /opt/airflow/dags/embedding_sync_dag.py for tasks to queue
[2026-04-22T18:06:43.938+0000] {logging_mixin.py:151} INFO - [2026-04-22T18:06:43.937+0000] {dagbag.py:539} INFO - Filling up the DagBag from /opt/airflow/dags/embedding_sync_dag.py
[2026-04-22T18:06:43.960+0000] {processor.py:839} INFO - DAG(s) dict_keys(['embedding_sync_dag']) retrieved from /opt/airflow/dags/embedding_sync_dag.py
[2026-04-22T18:06:44.131+0000] {logging_mixin.py:151} INFO - [2026-04-22T18:06:44.131+0000] {dag.py:2915} INFO - Sync 1 DAGs
[2026-04-22T18:06:44.166+0000] {processor.py:179} INFO - Processing /opt/airflow/dags/embedding_sync_dag.py took 0.241 seconds
[2026-04-22T18:07:14.532+0000] {processor.py:157} INFO - Started process (PID=6243) to work on /opt/airflow/dags/embedding_sync_dag.py
[2026-04-22T18:07:14.533+0000] {processor.py:829} INFO - Processing file /opt/airflow/dags/embedding_sync_dag.py for tasks to queue
[2026-04-22T18:07:14.535+0000] {logging_mixin.py:151} INFO - [2026-04-22T18:07:14.534+0000] {dagbag.py:539} INFO - Filling up the DagBag from /opt/airflow/dags/embedding_sync_dag.py
[2026-04-22T18:07:14.555+0000] {processor.py:839} INFO - DAG(s) dict_keys(['embedding_sync_dag']) retrieved from /opt/airflow/dags/embedding_sync_dag.py
[2026-04-22T18:07:14.589+0000] {logging_mixin.py:151} INFO - [2026-04-22T18:07:14.589+0000] {dag.py:2915} INFO - Sync 1 DAGs
[2026-04-22T18:07:14.630+0000] {processor.py:179} INFO - Processing /opt/airflow/dags/embedding_sync_dag.py took 0.109 seconds
[2026-04-22T18:07:44.778+0000] {processor.py:157} INFO - Started process (PID=6261) to work on /opt/airflow/dags/embedding_sync_dag.py
[2026-04-22T18:07:44.779+0000] {processor.py:829} INFO - Processing file /opt/airflow/dags/embedding_sync_dag.py for tasks to queue
[2026-04-22T18:07:44.780+0000] {logging_mixin.py:151} INFO - [2026-04-22T18:07:44.779+0000] {dagbag.py:539} INFO - Filling up the DagBag from /opt/airflow/dags/embedding_sync_dag.py
[2026-04-22T18:07:44.796+0000] {processor.py:839} INFO - DAG(s) dict_keys(['embedding_sync_dag']) retrieved from /opt/airflow/dags/embedding_sync_dag.py
[2026-04-22T18:07:44.830+0000] {logging_mixin.py:151} INFO - [2026-04-22T18:07:44.830+0000] {dag.py:2915} INFO - Sync 1 DAGs
[2026-04-22T18:07:45.002+0000] {processor.py:179} INFO - Processing /opt/airflow/dags/embedding_sync_dag.py took 0.229 seconds
[2026-04-22T18:08:15.649+0000] {processor.py:157} INFO - Started process (PID=6279) to work on /opt/airflow/dags/embedding_sync_dag.py
[2026-04-22T18:08:15.651+0000] {processor.py:829} INFO - Processing file /opt/airflow/dags/embedding_sync_dag.py for tasks to queue
[2026-04-22T18:08:15.652+0000] {logging_mixin.py:151} INFO - [2026-04-22T18:08:15.651+0000] {dagbag.py:539} INFO - Filling up the DagBag from /opt/airflow/dags/embedding_sync_dag.py
[2026-04-22T18:08:15.673+0000] {processor.py:839} INFO - DAG(s) dict_keys(['embedding_sync_dag']) retrieved from /opt/airflow/dags/embedding_sync_dag.py
[2026-04-22T18:08:15.850+0000] {logging_mixin.py:151} INFO - [2026-04-22T18:08:15.849+0000] {dag.py:2915} INFO - Sync 1 DAGs
[2026-04-22T18:08:15.886+0000] {processor.py:179} INFO - Processing /opt/airflow/dags/embedding_sync_dag.py took 0.248 seconds
[2026-04-22T18:08:46.245+0000] {processor.py:157} INFO - Started process (PID=6297) to work on /opt/airflow/dags/embedding_sync_dag.py
[2026-04-22T18:08:46.246+0000] {processor.py:829} INFO - Processing file /opt/airflow/dags/embedding_sync_dag.py for tasks to queue
[2026-04-22T18:08:46.247+0000] {logging_mixin.py:151} INFO - [2026-04-22T18:08:46.247+0000] {dagbag.py:539} INFO - Filling up the DagBag from /opt/airflow/dags/embedding_sync_dag.py
[2026-04-22T18:08:46.263+0000] {processor.py:839} INFO - DAG(s) dict_keys(['embedding_sync_dag']) retrieved from /opt/airflow/dags/embedding_sync_dag.py
[2026-04-22T18:08:46.297+0000] {logging_mixin.py:151} INFO - [2026-04-22T18:08:46.296+0000] {dag.py:2915} INFO - Sync 1 DAGs
[2026-04-22T18:08:46.333+0000] {processor.py:179} INFO - Processing /opt/airflow/dags/embedding_sync_dag.py took 0.092 seconds
[2026-04-22T18:09:16.538+0000] {processor.py:157} INFO - Started process (PID=6315) to work on /opt/airflow/dags/embedding_sync_dag.py
[2026-04-22T18:09:16.539+0000] {processor.py:829} INFO - Processing file /opt/airflow/dags/embedding_sync_dag.py for tasks to queue
[2026-04-22T18:09:16.540+0000] {logging_mixin.py:151} INFO - [2026-04-22T18:09:16.540+0000] {dagbag.py:539} INFO - Filling up the DagBag from /opt/airflow/dags/embedding_sync_dag.py
[2026-04-22T18:09:16.556+0000] {processor.py:839} INFO - DAG(s) dict_keys(['embedding_sync_dag']) retrieved from /opt/airflow/dags/embedding_sync_dag.py
[2026-04-22T18:09:16.589+0000] {logging_mixin.py:151} INFO - [2026-04-22T18:09:16.589+0000] {dag.py:2915} INFO - Sync 1 DAGs
[2026-04-22T18:09:16.759+0000] {processor.py:179} INFO - Processing /opt/airflow/dags/embedding_sync_dag.py took 0.224 seconds
[2026-04-22T18:09:47.418+0000] {processor.py:157} INFO - Started process (PID=6333) to work on /opt/airflow/dags/embedding_sync_dag.py
[2026-04-22T18:09:47.419+0000] {processor.py:829} INFO - Processing file /opt/airflow/dags/embedding_sync_dag.py for tasks to queue
[2026-04-22T18:09:47.421+0000] {logging_mixin.py:151} INFO - [2026-04-22T18:09:47.420+0000] {dagbag.py:539} INFO - Filling up the DagBag from /opt/airflow/dags/embedding_sync_dag.py
[2026-04-22T18:09:47.443+0000] {processor.py:839} INFO - DAG(s) dict_keys(['embedding_sync_dag']) retrieved from /opt/airflow/dags/embedding_sync_dag.py
[2026-04-22T18:09:47.608+0000] {logging_mixin.py:151} INFO - [2026-04-22T18:09:47.608+0000] {dag.py:2915} INFO - Sync 1 DAGs
[2026-04-22T18:09:47.643+0000] {processor.py:179} INFO - Processing /opt/airflow/dags/embedding_sync_dag.py took 0.231 seconds
[2026-04-22T18:10:18.067+0000] {processor.py:157} INFO - Started process (PID=6351) to work on /opt/airflow/dags/embedding_sync_dag.py
[2026-04-22T18:10:18.069+0000] {processor.py:829} INFO - Processing file /opt/airflow/dags/embedding_sync_dag.py for tasks to queue
[2026-04-22T18:10:18.071+0000] {logging_mixin.py:151} INFO - [2026-04-22T18:10:18.070+0000] {dagbag.py:539} INFO - Filling up the DagBag from /opt/airflow/dags/embedding_sync_dag.py
[2026-04-22T18:10:18.091+0000] {processor.py:839} INFO - DAG(s) dict_keys(['embedding_sync_dag']) retrieved from /opt/airflow/dags/embedding_sync_dag.py
[2026-04-22T18:10:18.126+0000] {logging_mixin.py:151} INFO - [2026-04-22T18:10:18.126+0000] {dag.py:2915} INFO - Sync 1 DAGs
[2026-04-22T18:10:18.164+0000] {processor.py:179} INFO - Processing /opt/airflow/dags/embedding_sync_dag.py took 0.105 seconds
[2026-04-22T18:10:48.385+0000] {processor.py:157} INFO - Started process (PID=6369) to work on /opt/airflow/dags/embedding_sync_dag.py
[2026-04-22T18:10:48.386+0000] {processor.py:829} INFO - Processing file /opt/airflow/dags/embedding_sync_dag.py for tasks to queue
[2026-04-22T18:10:48.387+0000] {logging_mixin.py:151} INFO - [2026-04-22T18:10:48.387+0000] {dagbag.py:539} INFO - Filling up the DagBag from /opt/airflow/dags/embedding_sync_dag.py
[2026-04-22T18:10:48.411+0000] {processor.py:839} INFO - DAG(s) dict_keys(['embedding_sync_dag']) retrieved from /opt/airflow/dags/embedding_sync_dag.py
[2026-04-22T18:10:48.445+0000] {logging_mixin.py:151} INFO - [2026-04-22T18:10:48.445+0000] {dag.py:2915} INFO - Sync 1 DAGs
[2026-04-22T18:10:48.617+0000] {processor.py:179} INFO - Processing /opt/airflow/dags/embedding_sync_dag.py took 0.239 seconds
[2026-04-22T18:11:19.249+0000] {processor.py:157} INFO - Started process (PID=6387) to work on /opt/airflow/dags/embedding_sync_dag.py
[2026-04-22T18:11:19.252+0000] {processor.py:829} INFO - Processing file /opt/airflow/dags/embedding_sync_dag.py for tasks to queue
[2026-04-22T18:11:19.253+0000] {logging_mixin.py:151} INFO - [2026-04-22T18:11:19.253+0000] {dagbag.py:539} INFO - Filling up the DagBag from /opt/airflow/dags/embedding_sync_dag.py
[2026-04-22T18:11:19.275+0000] {processor.py:839} INFO - DAG(s) dict_keys(['embedding_sync_dag']) retrieved from /opt/airflow/dags/embedding_sync_dag.py
[2026-04-22T18:11:19.443+0000] {logging_mixin.py:151} INFO - [2026-04-22T18:11:19.443+0000] {dag.py:2915} INFO - Sync 1 DAGs
[2026-04-22T18:11:19.477+0000] {processor.py:179} INFO - Processing /opt/airflow/dags/embedding_sync_dag.py took 0.240 seconds
[2026-04-22T18:11:50.076+0000] {processor.py:157} INFO - Started process (PID=6405) to work on /opt/airflow/dags/embedding_sync_dag.py
[2026-04-22T18:11:50.077+0000] {processor.py:829} INFO - Processing file /opt/airflow/dags/embedding_sync_dag.py for tasks to queue
[2026-04-22T18:11:50.078+0000] {logging_mixin.py:151} INFO - [2026-04-22T18:11:50.078+0000] {dagbag.py:539} INFO - Filling up the DagBag from /opt/airflow/dags/embedding_sync_dag.py
[2026-04-22T18:11:50.096+0000] {processor.py:839} INFO - DAG(s) dict_keys(['embedding_sync_dag']) retrieved from /opt/airflow/dags/embedding_sync_dag.py
[2026-04-22T18:11:50.130+0000] {logging_mixin.py:151} INFO - [2026-04-22T18:11:50.130+0000] {dag.py:2915} INFO - Sync 1 DAGs
[2026-04-22T18:11:50.167+0000] {processor.py:179} INFO - Processing /opt/airflow/dags/embedding_sync_dag.py took 0.094 seconds
[2026-04-22T18:12:20.518+0000] {processor.py:157} INFO - Started process (PID=6423) to work on /opt/airflow/dags/embedding_sync_dag.py
[2026-04-22T18:12:20.519+0000] {processor.py:829} INFO - Processing file /opt/airflow/dags/embedding_sync_dag.py for tasks to queue
[2026-04-22T18:12:20.519+0000] {logging_mixin.py:151} INFO - [2026-04-22T18:12:20.519+0000] {dagbag.py:539} INFO - Filling up the DagBag from /opt/airflow/dags/embedding_sync_dag.py
[2026-04-22T18:12:20.535+0000] {processor.py:839} INFO - DAG(s) dict_keys(['embedding_sync_dag']) retrieved from /opt/airflow/dags/embedding_sync_dag.py
[2026-04-22T18:12:20.569+0000] {logging_mixin.py:151} INFO - [2026-04-22T18:12:20.569+0000] {dag.py:2915} INFO - Sync 1 DAGs
[2026-04-22T18:12:20.605+0000] {processor.py:179} INFO - Processing /opt/airflow/dags/embedding_sync_dag.py took 0.091 seconds
[2026-04-22T18:12:51.011+0000] {processor.py:157} INFO - Started process (PID=6441) to work on /opt/airflow/dags/embedding_sync_dag.py
[2026-04-22T18:12:51.013+0000] {processor.py:829} INFO - Processing file /opt/airflow/dags/embedding_sync_dag.py for tasks to queue
[2026-04-22T18:12:51.015+0000] {logging_mixin.py:151} INFO - [2026-04-22T18:12:51.014+0000] {dagbag.py:539} INFO - Filling up the DagBag from /opt/airflow/dags/embedding_sync_dag.py
[2026-04-22T18:12:51.035+0000] {processor.py:839} INFO - DAG(s) dict_keys(['embedding_sync_dag']) retrieved from /opt/airflow/dags/embedding_sync_dag.py
[2026-04-22T18:12:51.068+0000] {logging_mixin.py:151} INFO - [2026-04-22T18:12:51.068+0000] {dag.py:2915} INFO - Sync 1 DAGs
[2026-04-22T18:12:51.103+0000] {processor.py:179} INFO - Processing /opt/airflow/dags/embedding_sync_dag.py took 0.103 seconds
[2026-04-22T18:13:21.474+0000] {processor.py:157} INFO - Started process (PID=6459) to work on /opt/airflow/dags/embedding_sync_dag.py
[2026-04-22T18:13:21.475+0000] {processor.py:829} INFO - Processing file /opt/airflow/dags/embedding_sync_dag.py for tasks to queue
[2026-04-22T18:13:21.476+0000] {logging_mixin.py:151} INFO - [2026-04-22T18:13:21.476+0000] {dagbag.py:539} INFO - Filling up the DagBag from /opt/airflow/dags/embedding_sync_dag.py
[2026-04-22T18:13:21.492+0000] {processor.py:839} INFO - DAG(s) dict_keys(['embedding_sync_dag']) retrieved from /opt/airflow/dags/embedding_sync_dag.py
[2026-04-22T18:13:21.525+0000] {logging_mixin.py:151} INFO - [2026-04-22T18:13:21.525+0000] {dag.py:2915} INFO - Sync 1 DAGs
[2026-04-22T18:13:21.561+0000] {processor.py:179} INFO - Processing /opt/airflow/dags/embedding_sync_dag.py took 0.091 seconds
[2026-04-22T18:13:51.995+0000] {processor.py:157} INFO - Started process (PID=6477) to work on /opt/airflow/dags/embedding_sync_dag.py
[2026-04-22T18:13:51.996+0000] {processor.py:829} INFO - Processing file /opt/airflow/dags/embedding_sync_dag.py for tasks to queue
[2026-04-22T18:13:51.996+0000] {logging_mixin.py:151} INFO - [2026-04-22T18:13:51.996+0000] {dagbag.py:539} INFO - Filling up the DagBag from /opt/airflow/dags/embedding_sync_dag.py
[2026-04-22T18:13:52.013+0000] {processor.py:839} INFO - DAG(s) dict_keys(['embedding_sync_dag']) retrieved from /opt/airflow/dags/embedding_sync_dag.py
[2026-04-22T18:13:52.047+0000] {logging_mixin.py:151} INFO - [2026-04-22T18:13:52.047+0000] {dag.py:2915} INFO - Sync 1 DAGs
[2026-04-22T18:13:52.083+0000] {processor.py:179} INFO - Processing /opt/airflow/dags/embedding_sync_dag.py took 0.092 seconds
[2026-04-22T18:14:22.302+0000] {processor.py:157} INFO - Started process (PID=6492) to work on /opt/airflow/dags/embedding_sync_dag.py
[2026-04-22T18:14:22.303+0000] {processor.py:829} INFO - Processing file /opt/airflow/dags/embedding_sync_dag.py for tasks to queue
[2026-04-22T18:14:22.304+0000] {logging_mixin.py:151} INFO - [2026-04-22T18:14:22.304+0000] {dagbag.py:539} INFO - Filling up the DagBag from /opt/airflow/dags/embedding_sync_dag.py
[2026-04-22T18:14:22.320+0000] {processor.py:839} INFO - DAG(s) dict_keys(['embedding_sync_dag']) retrieved from /opt/airflow/dags/embedding_sync_dag.py
[2026-04-22T18:14:22.354+0000] {logging_mixin.py:151} INFO - [2026-04-22T18:14:22.353+0000] {dag.py:2915} INFO - Sync 1 DAGs
[2026-04-22T18:14:22.388+0000] {processor.py:179} INFO - Processing /opt/airflow/dags/embedding_sync_dag.py took 0.089 seconds
[2026-04-22T18:14:52.625+0000] {processor.py:157} INFO - Started process (PID=6507) to work on /opt/airflow/dags/embedding_sync_dag.py
[2026-04-22T18:14:52.627+0000] {processor.py:829} INFO - Processing file /opt/airflow/dags/embedding_sync_dag.py for tasks to queue
[2026-04-22T18:14:52.630+0000] {logging_mixin.py:151} INFO - [2026-04-22T18:14:52.629+0000] {dagbag.py:539} INFO - Filling up the DagBag from /opt/airflow/dags/embedding_sync_dag.py
[2026-04-22T18:14:52.652+0000] {processor.py:839} INFO - DAG(s) dict_keys(['embedding_sync_dag']) retrieved from /opt/airflow/dags/embedding_sync_dag.py
[2026-04-22T18:14:52.684+0000] {logging_mixin.py:151} INFO - [2026-04-22T18:14:52.684+0000] {dag.py:2915} INFO - Sync 1 DAGs
[2026-04-22T18:14:52.719+0000] {processor.py:179} INFO - Processing /opt/airflow/dags/embedding_sync_dag.py took 0.106 seconds
[2026-04-22T18:15:22.970+0000] {processor.py:157} INFO - Started process (PID=6525) to work on /opt/airflow/dags/embedding_sync_dag.py
[2026-04-22T18:15:22.972+0000] {processor.py:829} INFO - Processing file /opt/airflow/dags/embedding_sync_dag.py for tasks to queue
[2026-04-22T18:15:22.974+0000] {logging_mixin.py:151} INFO - [2026-04-22T18:15:22.973+0000] {dagbag.py:539} INFO - Filling up the DagBag from /opt/airflow/dags/embedding_sync_dag.py
[2026-04-22T18:15:22.997+0000] {processor.py:839} INFO - DAG(s) dict_keys(['embedding_sync_dag']) retrieved from /opt/airflow/dags/embedding_sync_dag.py
[2026-04-22T18:15:23.031+0000] {logging_mixin.py:151} INFO - [2026-04-22T18:15:23.031+0000] {dag.py:2915} INFO - Sync 1 DAGs
[2026-04-22T18:15:23.066+0000] {processor.py:179} INFO - Processing /opt/airflow/dags/embedding_sync_dag.py took 0.104 seconds
[2026-04-22T18:15:53.326+0000] {processor.py:157} INFO - Started process (PID=6543) to work on /opt/airflow/dags/embedding_sync_dag.py
[2026-04-22T18:15:53.328+0000] {processor.py:829} INFO - Processing file /opt/airflow/dags/embedding_sync_dag.py for tasks to queue
[2026-04-22T18:15:53.329+0000] {logging_mixin.py:151} INFO - [2026-04-22T18:15:53.328+0000] {dagbag.py:539} INFO - Filling up the DagBag from /opt/airflow/dags/embedding_sync_dag.py
[2026-04-22T18:15:53.349+0000] {processor.py:839} INFO - DAG(s) dict_keys(['embedding_sync_dag']) retrieved from /opt/airflow/dags/embedding_sync_dag.py
[2026-04-22T18:15:53.383+0000] {logging_mixin.py:151} INFO - [2026-04-22T18:15:53.383+0000] {dag.py:2915} INFO - Sync 1 DAGs
[2026-04-22T18:15:53.417+0000] {processor.py:179} INFO - Processing /opt/airflow/dags/embedding_sync_dag.py took 0.103 seconds
[2026-04-22T18:16:23.675+0000] {processor.py:157} INFO - Started process (PID=6561) to work on /opt/airflow/dags/embedding_sync_dag.py
[2026-04-22T18:16:23.678+0000] {processor.py:829} INFO - Processing file /opt/airflow/dags/embedding_sync_dag.py for tasks to queue
[2026-04-22T18:16:23.679+0000] {logging_mixin.py:151} INFO - [2026-04-22T18:16:23.679+0000] {dagbag.py:539} INFO - Filling up the DagBag from /opt/airflow/dags/embedding_sync_dag.py
[2026-04-22T18:16:23.700+0000] {processor.py:839} INFO - DAG(s) dict_keys(['embedding_sync_dag']) retrieved from /opt/airflow/dags/embedding_sync_dag.py
[2026-04-22T18:16:23.733+0000] {logging_mixin.py:151} INFO - [2026-04-22T18:16:23.733+0000] {dag.py:2915} INFO - Sync 1 DAGs
[2026-04-22T18:16:23.769+0000] {processor.py:179} INFO - Processing /opt/airflow/dags/embedding_sync_dag.py took 0.106 seconds
[2026-04-22T18:16:53.989+0000] {processor.py:157} INFO - Started process (PID=6579) to work on /opt/airflow/dags/embedding_sync_dag.py
[2026-04-22T18:16:53.990+0000] {processor.py:829} INFO - Processing file /opt/airflow/dags/embedding_sync_dag.py for tasks to queue
[2026-04-22T18:16:53.991+0000] {logging_mixin.py:151} INFO - [2026-04-22T18:16:53.990+0000] {dagbag.py:539} INFO - Filling up the DagBag from /opt/airflow/dags/embedding_sync_dag.py
[2026-04-22T18:16:54.007+0000] {processor.py:839} INFO - DAG(s) dict_keys(['embedding_sync_dag']) retrieved from /opt/airflow/dags/embedding_sync_dag.py
[2026-04-22T18:16:54.041+0000] {logging_mixin.py:151} INFO - [2026-04-22T18:16:54.040+0000] {dag.py:2915} INFO - Sync 1 DAGs
[2026-04-22T18:16:54.077+0000] {processor.py:179} INFO - Processing /opt/airflow/dags/embedding_sync_dag.py took 0.091 seconds
[2026-04-22T18:17:24.290+0000] {processor.py:157} INFO - Started process (PID=6597) to work on /opt/airflow/dags/embedding_sync_dag.py
[2026-04-22T18:17:24.291+0000] {processor.py:829} INFO - Processing file /opt/airflow/dags/embedding_sync_dag.py for tasks to queue
[2026-04-22T18:17:24.292+0000] {logging_mixin.py:151} INFO - [2026-04-22T18:17:24.291+0000] {dagbag.py:539} INFO - Filling up the DagBag from /opt/airflow/dags/embedding_sync_dag.py
[2026-04-22T18:17:24.308+0000] {processor.py:839} INFO - DAG(s) dict_keys(['embedding_sync_dag']) retrieved from /opt/airflow/dags/embedding_sync_dag.py
[2026-04-22T18:17:24.341+0000] {logging_mixin.py:151} INFO - [2026-04-22T18:17:24.340+0000] {dag.py:2915} INFO - Sync 1 DAGs
[2026-04-22T18:17:24.375+0000] {processor.py:179} INFO - Processing /opt/airflow/dags/embedding_sync_dag.py took 0.088 seconds
[2026-04-22T18:17:54.633+0000] {processor.py:157} INFO - Started process (PID=6615) to work on /opt/airflow/dags/embedding_sync_dag.py
[2026-04-22T18:17:54.636+0000] {processor.py:829} INFO - Processing file /opt/airflow/dags/embedding_sync_dag.py for tasks to queue
[2026-04-22T18:17:54.638+0000] {logging_mixin.py:151} INFO - [2026-04-22T18:17:54.637+0000] {dagbag.py:539} INFO - Filling up the DagBag from /opt/airflow/dags/embedding_sync_dag.py
[2026-04-22T18:17:54.659+0000] {processor.py:839} INFO - DAG(s) dict_keys(['embedding_sync_dag']) retrieved from /opt/airflow/dags/embedding_sync_dag.py
[2026-04-22T18:17:54.693+0000] {logging_mixin.py:151} INFO - [2026-04-22T18:17:54.693+0000] {dag.py:2915} INFO - Sync 1 DAGs
[2026-04-22T18:17:54.728+0000] {processor.py:179} INFO - Processing /opt/airflow/dags/embedding_sync_dag.py took 0.107 seconds
[2026-04-22T18:18:24.948+0000] {processor.py:157} INFO - Started process (PID=6633) to work on /opt/airflow/dags/embedding_sync_dag.py
[2026-04-22T18:18:24.950+0000] {processor.py:829} INFO - Processing file /opt/airflow/dags/embedding_sync_dag.py for tasks to queue
[2026-04-22T18:18:24.950+0000] {logging_mixin.py:151} INFO - [2026-04-22T18:18:24.950+0000] {dagbag.py:539} INFO - Filling up the DagBag from /opt/airflow/dags/embedding_sync_dag.py
[2026-04-22T18:18:24.967+0000] {processor.py:839} INFO - DAG(s) dict_keys(['embedding_sync_dag']) retrieved from /opt/airflow/dags/embedding_sync_dag.py
[2026-04-22T18:18:25.003+0000] {logging_mixin.py:151} INFO - [2026-04-22T18:18:25.003+0000] {dag.py:2915} INFO - Sync 1 DAGs
[2026-04-22T18:18:25.039+0000] {processor.py:179} INFO - Processing /opt/airflow/dags/embedding_sync_dag.py took 0.094 seconds
[2026-04-22T18:18:55.258+0000] {processor.py:157} INFO - Started process (PID=6651) to work on /opt/airflow/dags/embedding_sync_dag.py
[2026-04-22T18:18:55.259+0000] {processor.py:829} INFO - Processing file /opt/airflow/dags/embedding_sync_dag.py for tasks to queue
[2026-04-22T18:18:55.260+0000] {logging_mixin.py:151} INFO - [2026-04-22T18:18:55.260+0000] {dagbag.py:539} INFO - Filling up the DagBag from /opt/airflow/dags/embedding_sync_dag.py
[2026-04-22T18:18:55.276+0000] {processor.py:839} INFO - DAG(s) dict_keys(['embedding_sync_dag']) retrieved from /opt/airflow/dags/embedding_sync_dag.py
[2026-04-22T18:18:55.312+0000] {logging_mixin.py:151} INFO - [2026-04-22T18:18:55.311+0000] {dag.py:2915} INFO - Sync 1 DAGs
[2026-04-22T18:18:55.350+0000] {processor.py:179} INFO - Processing /opt/airflow/dags/embedding_sync_dag.py took 0.095 seconds
[2026-04-22T18:19:25.582+0000] {processor.py:157} INFO - Started process (PID=6669) to work on /opt/airflow/dags/embedding_sync_dag.py
[2026-04-22T18:19:25.583+0000] {processor.py:829} INFO - Processing file /opt/airflow/dags/embedding_sync_dag.py for tasks to queue
[2026-04-22T18:19:25.584+0000] {logging_mixin.py:151} INFO - [2026-04-22T18:19:25.584+0000] {dagbag.py:539} INFO - Filling up the DagBag from /opt/airflow/dags/embedding_sync_dag.py
[2026-04-22T18:19:25.602+0000] {processor.py:839} INFO - DAG(s) dict_keys(['embedding_sync_dag']) retrieved from /opt/airflow/dags/embedding_sync_dag.py
[2026-04-22T18:19:25.637+0000] {logging_mixin.py:151} INFO - [2026-04-22T18:19:25.637+0000] {dag.py:2915} INFO - Sync 1 DAGs
[2026-04-22T18:19:25.680+0000] {processor.py:179} INFO - Processing /opt/airflow/dags/embedding_sync_dag.py took 0.106 seconds
[2026-04-22T18:19:55.890+0000] {processor.py:157} INFO - Started process (PID=6687) to work on /opt/airflow/dags/embedding_sync_dag.py
[2026-04-22T18:19:55.891+0000] {processor.py:829} INFO - Processing file /opt/airflow/dags/embedding_sync_dag.py for tasks to queue
[2026-04-22T18:19:55.892+0000] {logging_mixin.py:151} INFO - [2026-04-22T18:19:55.891+0000] {dagbag.py:539} INFO - Filling up the DagBag from /opt/airflow/dags/embedding_sync_dag.py
[2026-04-22T18:19:55.908+0000] {processor.py:839} INFO - DAG(s) dict_keys(['embedding_sync_dag']) retrieved from /opt/airflow/dags/embedding_sync_dag.py
[2026-04-22T18:19:55.943+0000] {logging_mixin.py:151} INFO - [2026-04-22T18:19:55.943+0000] {dag.py:2915} INFO - Sync 1 DAGs
[2026-04-22T18:19:55.979+0000] {processor.py:179} INFO - Processing /opt/airflow/dags/embedding_sync_dag.py took 0.093 seconds
[2026-04-22T18:20:26.243+0000] {processor.py:157} INFO - Started process (PID=6705) to work on /opt/airflow/dags/embedding_sync_dag.py
[2026-04-22T18:20:26.244+0000] {processor.py:829} INFO - Processing file /opt/airflow/dags/embedding_sync_dag.py for tasks to queue
[2026-04-22T18:20:26.244+0000] {logging_mixin.py:151} INFO - [2026-04-22T18:20:26.244+0000] {dagbag.py:539} INFO - Filling up the DagBag from /opt/airflow/dags/embedding_sync_dag.py
[2026-04-22T18:20:26.262+0000] {processor.py:839} INFO - DAG(s) dict_keys(['embedding_sync_dag']) retrieved from /opt/airflow/dags/embedding_sync_dag.py
[2026-04-22T18:20:26.298+0000] {logging_mixin.py:151} INFO - [2026-04-22T18:20:26.298+0000] {dag.py:2915} INFO - Sync 1 DAGs
[2026-04-22T18:20:26.337+0000] {processor.py:179} INFO - Processing /opt/airflow/dags/embedding_sync_dag.py took 0.099 seconds
[2026-04-22T18:20:56.582+0000] {processor.py:157} INFO - Started process (PID=6723) to work on /opt/airflow/dags/embedding_sync_dag.py
[2026-04-22T18:20:56.584+0000] {processor.py:829} INFO - Processing file /opt/airflow/dags/embedding_sync_dag.py for tasks to queue
[2026-04-22T18:20:56.585+0000] {logging_mixin.py:151} INFO - [2026-04-22T18:20:56.584+0000] {dagbag.py:539} INFO - Filling up the DagBag from /opt/airflow/dags/embedding_sync_dag.py
[2026-04-22T18:20:56.604+0000] {processor.py:839} INFO - DAG(s) dict_keys(['embedding_sync_dag']) retrieved from /opt/airflow/dags/embedding_sync_dag.py
[2026-04-22T18:20:56.637+0000] {logging_mixin.py:151} INFO - [2026-04-22T18:20:56.637+0000] {dag.py:2915} INFO - Sync 1 DAGs
[2026-04-22T18:20:56.673+0000] {processor.py:179} INFO - Processing /opt/airflow/dags/embedding_sync_dag.py took 0.101 seconds
[2026-04-22T18:21:26.871+0000] {processor.py:157} INFO - Started process (PID=6741) to work on /opt/airflow/dags/embedding_sync_dag.py
[2026-04-22T18:21:26.872+0000] {processor.py:829} INFO - Processing file /opt/airflow/dags/embedding_sync_dag.py for tasks to queue
[2026-04-22T18:21:26.873+0000] {logging_mixin.py:151} INFO - [2026-04-22T18:21:26.873+0000] {dagbag.py:539} INFO - Filling up the DagBag from /opt/airflow/dags/embedding_sync_dag.py
[2026-04-22T18:21:26.890+0000] {processor.py:839} INFO - DAG(s) dict_keys(['embedding_sync_dag']) retrieved from /opt/airflow/dags/embedding_sync_dag.py
[2026-04-22T18:21:26.924+0000] {logging_mixin.py:151} INFO - [2026-04-22T18:21:26.924+0000] {dag.py:2915} INFO - Sync 1 DAGs
[2026-04-22T18:21:26.961+0000] {processor.py:179} INFO - Processing /opt/airflow/dags/embedding_sync_dag.py took 0.096 seconds
[2026-04-22T18:21:57.481+0000] {processor.py:157} INFO - Started process (PID=6759) to work on /opt/airflow/dags/embedding_sync_dag.py
[2026-04-22T18:21:57.482+0000] {processor.py:829} INFO - Processing file /opt/airflow/dags/embedding_sync_dag.py for tasks to queue
[2026-04-22T18:21:57.483+0000] {logging_mixin.py:151} INFO - [2026-04-22T18:21:57.483+0000] {dagbag.py:539} INFO - Filling up the DagBag from /opt/airflow/dags/embedding_sync_dag.py
[2026-04-22T18:21:57.500+0000] {processor.py:839} INFO - DAG(s) dict_keys(['embedding_sync_dag']) retrieved from /opt/airflow/dags/embedding_sync_dag.py
[2026-04-22T18:21:57.537+0000] {logging_mixin.py:151} INFO - [2026-04-22T18:21:57.537+0000] {dag.py:2915} INFO - Sync 1 DAGs
[2026-04-22T18:21:57.579+0000] {processor.py:179} INFO - Processing /opt/airflow/dags/embedding_sync_dag.py took 0.102 seconds
[2026-04-22T18:22:27.999+0000] {processor.py:157} INFO - Started process (PID=6777) to work on /opt/airflow/dags/embedding_sync_dag.py
[2026-04-22T18:22:28.001+0000] {processor.py:829} INFO - Processing file /opt/airflow/dags/embedding_sync_dag.py for tasks to queue
[2026-04-22T18:22:28.004+0000] {logging_mixin.py:151} INFO - [2026-04-22T18:22:28.003+0000] {dagbag.py:539} INFO - Filling up the DagBag from /opt/airflow/dags/embedding_sync_dag.py
[2026-04-22T18:22:28.031+0000] {processor.py:839} INFO - DAG(s) dict_keys(['embedding_sync_dag']) retrieved from /opt/airflow/dags/embedding_sync_dag.py
[2026-04-22T18:22:28.065+0000] {logging_mixin.py:151} INFO - [2026-04-22T18:22:28.065+0000] {dag.py:2915} INFO - Sync 1 DAGs
[2026-04-22T18:22:28.102+0000] {processor.py:179} INFO - Processing /opt/airflow/dags/embedding_sync_dag.py took 0.116 seconds
[2026-04-22T18:22:58.508+0000] {processor.py:157} INFO - Started process (PID=6795) to work on /opt/airflow/dags/embedding_sync_dag.py
[2026-04-22T18:22:58.509+0000] {processor.py:829} INFO - Processing file /opt/airflow/dags/embedding_sync_dag.py for tasks to queue
[2026-04-22T18:22:58.510+0000] {logging_mixin.py:151} INFO - [2026-04-22T18:22:58.510+0000] {dagbag.py:539} INFO - Filling up the DagBag from /opt/airflow/dags/embedding_sync_dag.py
[2026-04-22T18:22:58.529+0000] {processor.py:839} INFO - DAG(s) dict_keys(['embedding_sync_dag']) retrieved from /opt/airflow/dags/embedding_sync_dag.py
[2026-04-22T18:22:58.564+0000] {logging_mixin.py:151} INFO - [2026-04-22T18:22:58.563+0000] {dag.py:2915} INFO - Sync 1 DAGs
[2026-04-22T18:22:58.602+0000] {processor.py:179} INFO - Processing /opt/airflow/dags/embedding_sync_dag.py took 0.101 seconds
[2026-04-22T18:23:29.007+0000] {processor.py:157} INFO - Started process (PID=6813) to work on /opt/airflow/dags/embedding_sync_dag.py
[2026-04-22T18:23:29.009+0000] {processor.py:829} INFO - Processing file /opt/airflow/dags/embedding_sync_dag.py for tasks to queue
[2026-04-22T18:23:29.011+0000] {logging_mixin.py:151} INFO - [2026-04-22T18:23:29.010+0000] {dagbag.py:539} INFO - Filling up the DagBag from /opt/airflow/dags/embedding_sync_dag.py
[2026-04-22T18:23:29.037+0000] {processor.py:839} INFO - DAG(s) dict_keys(['embedding_sync_dag']) retrieved from /opt/airflow/dags/embedding_sync_dag.py
[2026-04-22T18:23:29.071+0000] {logging_mixin.py:151} INFO - [2026-04-22T18:23:29.071+0000] {dag.py:2915} INFO - Sync 1 DAGs
[2026-04-22T18:23:29.109+0000] {processor.py:179} INFO - Processing /opt/airflow/dags/embedding_sync_dag.py took 0.113 seconds
[2026-04-22T18:23:59.517+0000] {processor.py:157} INFO - Started process (PID=6831) to work on /opt/airflow/dags/embedding_sync_dag.py
[2026-04-22T18:23:59.519+0000] {processor.py:829} INFO - Processing file /opt/airflow/dags/embedding_sync_dag.py for tasks to queue
[2026-04-22T18:23:59.521+0000] {logging_mixin.py:151} INFO - [2026-04-22T18:23:59.520+0000] {dagbag.py:539} INFO - Filling up the DagBag from /opt/airflow/dags/embedding_sync_dag.py
[2026-04-22T18:23:59.550+0000] {processor.py:839} INFO - DAG(s) dict_keys(['embedding_sync_dag']) retrieved from /opt/airflow/dags/embedding_sync_dag.py
[2026-04-22T18:23:59.605+0000] {logging_mixin.py:151} INFO - [2026-04-22T18:23:59.605+0000] {dag.py:2915} INFO - Sync 1 DAGs
[2026-04-22T18:23:59.644+0000] {processor.py:179} INFO - Processing /opt/airflow/dags/embedding_sync_dag.py took 0.140 seconds
[2026-04-22T18:24:30.035+0000] {processor.py:157} INFO - Started process (PID=6849) to work on /opt/airflow/dags/embedding_sync_dag.py
[2026-04-22T18:24:30.036+0000] {processor.py:829} INFO - Processing file /opt/airflow/dags/embedding_sync_dag.py for tasks to queue
[2026-04-22T18:24:30.037+0000] {logging_mixin.py:151} INFO - [2026-04-22T18:24:30.037+0000] {dagbag.py:539} INFO - Filling up the DagBag from /opt/airflow/dags/embedding_sync_dag.py
[2026-04-22T18:24:30.053+0000] {processor.py:839} INFO - DAG(s) dict_keys(['embedding_sync_dag']) retrieved from /opt/airflow/dags/embedding_sync_dag.py
[2026-04-22T18:24:30.088+0000] {logging_mixin.py:151} INFO - [2026-04-22T18:24:30.088+0000] {dag.py:2915} INFO - Sync 1 DAGs
[2026-04-22T18:24:30.125+0000] {processor.py:179} INFO - Processing /opt/airflow/dags/embedding_sync_dag.py took 0.094 seconds
[2026-04-22T18:25:00.517+0000] {processor.py:157} INFO - Started process (PID=6867) to work on /opt/airflow/dags/embedding_sync_dag.py
[2026-04-22T18:25:00.518+0000] {processor.py:829} INFO - Processing file /opt/airflow/dags/embedding_sync_dag.py for tasks to queue
[2026-04-22T18:25:00.519+0000] {logging_mixin.py:151} INFO - [2026-04-22T18:25:00.519+0000] {dagbag.py:539} INFO - Filling up the DagBag from /opt/airflow/dags/embedding_sync_dag.py
[2026-04-22T18:25:00.535+0000] {processor.py:839} INFO - DAG(s) dict_keys(['embedding_sync_dag']) retrieved from /opt/airflow/dags/embedding_sync_dag.py
[2026-04-22T18:25:00.569+0000] {logging_mixin.py:151} INFO - [2026-04-22T18:25:00.569+0000] {dag.py:2915} INFO - Sync 1 DAGs
[2026-04-22T18:25:00.607+0000] {processor.py:179} INFO - Processing /opt/airflow/dags/embedding_sync_dag.py took 0.094 seconds
[2026-04-22T18:25:30.660+0000] {processor.py:157} INFO - Started process (PID=6885) to work on /opt/airflow/dags/embedding_sync_dag.py
[2026-04-22T18:25:30.661+0000] {processor.py:829} INFO - Processing file /opt/airflow/dags/embedding_sync_dag.py for tasks to queue
[2026-04-22T18:25:30.662+0000] {logging_mixin.py:151} INFO - [2026-04-22T18:25:30.662+0000] {dagbag.py:539} INFO - Filling up the DagBag from /opt/airflow/dags/embedding_sync_dag.py
[2026-04-22T18:25:30.681+0000] {processor.py:839} INFO - DAG(s) dict_keys(['embedding_sync_dag']) retrieved from /opt/airflow/dags/embedding_sync_dag.py
[2026-04-22T18:25:30.716+0000] {logging_mixin.py:151} INFO - [2026-04-22T18:25:30.716+0000] {dag.py:2915} INFO - Sync 1 DAGs
[2026-04-22T18:25:30.759+0000] {processor.py:179} INFO - Processing /opt/airflow/dags/embedding_sync_dag.py took 0.104 seconds
[2026-04-22T18:26:01.122+0000] {processor.py:157} INFO - Started process (PID=6903) to work on /opt/airflow/dags/embedding_sync_dag.py
[2026-04-22T18:26:01.123+0000] {processor.py:829} INFO - Processing file /opt/airflow/dags/embedding_sync_dag.py for tasks to queue
[2026-04-22T18:26:01.125+0000] {logging_mixin.py:151} INFO - [2026-04-22T18:26:01.124+0000] {dagbag.py:539} INFO - Filling up the DagBag from /opt/airflow/dags/embedding_sync_dag.py
[2026-04-22T18:26:01.143+0000] {processor.py:839} INFO - DAG(s) dict_keys(['embedding_sync_dag']) retrieved from /opt/airflow/dags/embedding_sync_dag.py
[2026-04-22T18:26:01.183+0000] {logging_mixin.py:151} INFO - [2026-04-22T18:26:01.182+0000] {dag.py:2915} INFO - Sync 1 DAGs
[2026-04-22T18:26:01.222+0000] {processor.py:179} INFO - Processing /opt/airflow/dags/embedding_sync_dag.py took 0.104 seconds
[2026-04-22T18:26:31.664+0000] {processor.py:157} INFO - Started process (PID=6921) to work on /opt/airflow/dags/embedding_sync_dag.py
[2026-04-22T18:26:31.666+0000] {processor.py:829} INFO - Processing file /opt/airflow/dags/embedding_sync_dag.py for tasks to queue
[2026-04-22T18:26:31.668+0000] {logging_mixin.py:151} INFO - [2026-04-22T18:26:31.667+0000] {dagbag.py:539} INFO - Filling up the DagBag from /opt/airflow/dags/embedding_sync_dag.py
[2026-04-22T18:26:31.687+0000] {processor.py:839} INFO - DAG(s) dict_keys(['embedding_sync_dag']) retrieved from /opt/airflow/dags/embedding_sync_dag.py
[2026-04-22T18:26:31.722+0000] {logging_mixin.py:151} INFO - [2026-04-22T18:26:31.721+0000] {dag.py:2915} INFO - Sync 1 DAGs
[2026-04-22T18:26:31.760+0000] {processor.py:179} INFO - Processing /opt/airflow/dags/embedding_sync_dag.py took 0.107 seconds
[2026-04-22T18:27:02.112+0000] {processor.py:157} INFO - Started process (PID=6939) to work on /opt/airflow/dags/embedding_sync_dag.py
[2026-04-22T18:27:02.113+0000] {processor.py:829} INFO - Processing file /opt/airflow/dags/embedding_sync_dag.py for tasks to queue
[2026-04-22T18:27:02.114+0000] {logging_mixin.py:151} INFO - [2026-04-22T18:27:02.113+0000] {dagbag.py:539} INFO - Filling up the DagBag from /opt/airflow/dags/embedding_sync_dag.py
[2026-04-22T18:27:02.129+0000] {processor.py:839} INFO - DAG(s) dict_keys(['embedding_sync_dag']) retrieved from /opt/airflow/dags/embedding_sync_dag.py
[2026-04-22T18:27:02.162+0000] {logging_mixin.py:151} INFO - [2026-04-22T18:27:02.162+0000] {dag.py:2915} INFO - Sync 1 DAGs
[2026-04-22T18:27:02.199+0000] {processor.py:179} INFO - Processing /opt/airflow/dags/embedding_sync_dag.py took 0.090 seconds
[2026-04-22T20:17:14.325+0000] {processor.py:157} INFO - Started process (PID=169) to work on /opt/airflow/dags/embedding_sync_dag.py
[2026-04-22T20:17:14.326+0000] {processor.py:829} INFO - Processing file /opt/airflow/dags/embedding_sync_dag.py for tasks to queue
[2026-04-22T20:17:14.327+0000] {logging_mixin.py:151} INFO - [2026-04-22T20:17:14.327+0000] {dagbag.py:539} INFO - Filling up the DagBag from /opt/airflow/dags/embedding_sync_dag.py
[2026-04-22T20:17:14.343+0000] {processor.py:839} INFO - DAG(s) dict_keys(['embedding_sync_dag']) retrieved from /opt/airflow/dags/embedding_sync_dag.py
[2026-04-22T20:17:14.411+0000] {logging_mixin.py:151} INFO - [2026-04-22T20:17:14.411+0000] {dag.py:2915} INFO - Sync 1 DAGs
[2026-04-22T20:17:14.455+0000] {processor.py:179} INFO - Processing /opt/airflow/dags/embedding_sync_dag.py took 0.134 seconds
[2026-04-22T20:17:44.926+0000] {processor.py:157} INFO - Started process (PID=205) to work on /opt/airflow/dags/embedding_sync_dag.py
[2026-04-22T20:17:44.927+0000] {processor.py:829} INFO - Processing file /opt/airflow/dags/embedding_sync_dag.py for tasks to queue
[2026-04-22T20:17:44.928+0000] {logging_mixin.py:151} INFO - [2026-04-22T20:17:44.928+0000] {dagbag.py:539} INFO - Filling up the DagBag from /opt/airflow/dags/embedding_sync_dag.py
[2026-04-22T20:17:44.945+0000] {processor.py:839} INFO - DAG(s) dict_keys(['embedding_sync_dag']) retrieved from /opt/airflow/dags/embedding_sync_dag.py
[2026-04-22T20:17:44.965+0000] {logging_mixin.py:151} INFO - [2026-04-22T20:17:44.965+0000] {dag.py:2915} INFO - Sync 1 DAGs
[2026-04-22T20:17:45.005+0000] {processor.py:179} INFO - Processing /opt/airflow/dags/embedding_sync_dag.py took 0.085 seconds
[2026-04-22T20:18:15.341+0000] {processor.py:157} INFO - Started process (PID=223) to work on /opt/airflow/dags/embedding_sync_dag.py
[2026-04-22T20:18:15.342+0000] {processor.py:829} INFO - Processing file /opt/airflow/dags/embedding_sync_dag.py for tasks to queue
[2026-04-22T20:18:15.343+0000] {logging_mixin.py:151} INFO - [2026-04-22T20:18:15.343+0000] {dagbag.py:539} INFO - Filling up the DagBag from /opt/airflow/dags/embedding_sync_dag.py
[2026-04-22T20:18:15.359+0000] {processor.py:839} INFO - DAG(s) dict_keys(['embedding_sync_dag']) retrieved from /opt/airflow/dags/embedding_sync_dag.py
[2026-04-22T20:18:15.395+0000] {logging_mixin.py:151} INFO - [2026-04-22T20:18:15.395+0000] {dag.py:2915} INFO - Sync 1 DAGs
[2026-04-22T20:18:15.460+0000] {processor.py:179} INFO - Processing /opt/airflow/dags/embedding_sync_dag.py took 0.122 seconds
[2026-04-22T20:18:45.824+0000] {processor.py:157} INFO - Started process (PID=241) to work on /opt/airflow/dags/embedding_sync_dag.py
[2026-04-22T20:18:45.825+0000] {processor.py:829} INFO - Processing file /opt/airflow/dags/embedding_sync_dag.py for tasks to queue
[2026-04-22T20:18:45.826+0000] {logging_mixin.py:151} INFO - [2026-04-22T20:18:45.826+0000] {dagbag.py:539} INFO - Filling up the DagBag from /opt/airflow/dags/embedding_sync_dag.py
[2026-04-22T20:18:45.843+0000] {processor.py:839} INFO - DAG(s) dict_keys(['embedding_sync_dag']) retrieved from /opt/airflow/dags/embedding_sync_dag.py
[2026-04-22T20:18:45.892+0000] {logging_mixin.py:151} INFO - [2026-04-22T20:18:45.892+0000] {dag.py:2915} INFO - Sync 1 DAGs
[2026-04-22T20:18:45.979+0000] {processor.py:179} INFO - Processing /opt/airflow/dags/embedding_sync_dag.py took 0.161 seconds
[2026-04-22T20:19:16.445+0000] {processor.py:157} INFO - Started process (PID=259) to work on /opt/airflow/dags/embedding_sync_dag.py
[2026-04-22T20:19:16.446+0000] {processor.py:829} INFO - Processing file /opt/airflow/dags/embedding_sync_dag.py for tasks to queue
[2026-04-22T20:19:16.447+0000] {logging_mixin.py:151} INFO - [2026-04-22T20:19:16.447+0000] {dagbag.py:539} INFO - Filling up the DagBag from /opt/airflow/dags/embedding_sync_dag.py
[2026-04-22T20:19:16.466+0000] {processor.py:839} INFO - DAG(s) dict_keys(['embedding_sync_dag']) retrieved from /opt/airflow/dags/embedding_sync_dag.py
[2026-04-22T20:19:16.500+0000] {logging_mixin.py:151} INFO - [2026-04-22T20:19:16.500+0000] {dag.py:2915} INFO - Sync 1 DAGs
[2026-04-22T20:19:16.537+0000] {processor.py:179} INFO - Processing /opt/airflow/dags/embedding_sync_dag.py took 0.097 seconds
[2026-04-22T20:19:46.766+0000] {processor.py:157} INFO - Started process (PID=277) to work on /opt/airflow/dags/embedding_sync_dag.py
[2026-04-22T20:19:46.767+0000] {processor.py:829} INFO - Processing file /opt/airflow/dags/embedding_sync_dag.py for tasks to queue
[2026-04-22T20:19:46.768+0000] {logging_mixin.py:151} INFO - [2026-04-22T20:19:46.768+0000] {dagbag.py:539} INFO - Filling up the DagBag from /opt/airflow/dags/embedding_sync_dag.py
[2026-04-22T20:19:46.788+0000] {processor.py:839} INFO - DAG(s) dict_keys(['embedding_sync_dag']) retrieved from /opt/airflow/dags/embedding_sync_dag.py
[2026-04-22T20:19:46.822+0000] {logging_mixin.py:151} INFO - [2026-04-22T20:19:46.821+0000] {dag.py:2915} INFO - Sync 1 DAGs
[2026-04-22T20:19:46.861+0000] {processor.py:179} INFO - Processing /opt/airflow/dags/embedding_sync_dag.py took 0.100 seconds
[2026-04-22T20:20:17.465+0000] {processor.py:157} INFO - Started process (PID=295) to work on /opt/airflow/dags/embedding_sync_dag.py
[2026-04-22T20:20:17.466+0000] {processor.py:829} INFO - Processing file /opt/airflow/dags/embedding_sync_dag.py for tasks to queue
[2026-04-22T20:20:17.467+0000] {logging_mixin.py:151} INFO - [2026-04-22T20:20:17.466+0000] {dagbag.py:539} INFO - Filling up the DagBag from /opt/airflow/dags/embedding_sync_dag.py
[2026-04-22T20:20:17.481+0000] {processor.py:839} INFO - DAG(s) dict_keys(['embedding_sync_dag']) retrieved from /opt/airflow/dags/embedding_sync_dag.py
[2026-04-22T20:20:17.513+0000] {logging_mixin.py:151} INFO - [2026-04-22T20:20:17.513+0000] {dag.py:2915} INFO - Sync 1 DAGs
[2026-04-22T20:20:17.549+0000] {processor.py:179} INFO - Processing /opt/airflow/dags/embedding_sync_dag.py took 0.087 seconds
[2026-04-22T20:20:47.768+0000] {processor.py:157} INFO - Started process (PID=313) to work on /opt/airflow/dags/embedding_sync_dag.py
[2026-04-22T20:20:47.769+0000] {processor.py:829} INFO - Processing file /opt/airflow/dags/embedding_sync_dag.py for tasks to queue
[2026-04-22T20:20:47.770+0000] {logging_mixin.py:151} INFO - [2026-04-22T20:20:47.770+0000] {dagbag.py:539} INFO - Filling up the DagBag from /opt/airflow/dags/embedding_sync_dag.py
[2026-04-22T20:20:47.787+0000] {processor.py:839} INFO - DAG(s) dict_keys(['embedding_sync_dag']) retrieved from /opt/airflow/dags/embedding_sync_dag.py
[2026-04-22T20:20:47.820+0000] {logging_mixin.py:151} INFO - [2026-04-22T20:20:47.820+0000] {dag.py:2915} INFO - Sync 1 DAGs
[2026-04-22T20:20:47.858+0000] {processor.py:179} INFO - Processing /opt/airflow/dags/embedding_sync_dag.py took 0.094 seconds
[2026-04-22T20:21:18.472+0000] {processor.py:157} INFO - Started process (PID=331) to work on /opt/airflow/dags/embedding_sync_dag.py
[2026-04-22T20:21:18.473+0000] {processor.py:829} INFO - Processing file /opt/airflow/dags/embedding_sync_dag.py for tasks to queue
[2026-04-22T20:21:18.474+0000] {logging_mixin.py:151} INFO - [2026-04-22T20:21:18.474+0000] {dagbag.py:539} INFO - Filling up the DagBag from /opt/airflow/dags/embedding_sync_dag.py
[2026-04-22T20:21:18.490+0000] {processor.py:839} INFO - DAG(s) dict_keys(['embedding_sync_dag']) retrieved from /opt/airflow/dags/embedding_sync_dag.py
[2026-04-22T20:21:18.525+0000] {logging_mixin.py:151} INFO - [2026-04-22T20:21:18.525+0000] {dag.py:2915} INFO - Sync 1 DAGs
[2026-04-22T20:21:18.563+0000] {processor.py:179} INFO - Processing /opt/airflow/dags/embedding_sync_dag.py took 0.097 seconds
[2026-04-22T20:21:48.736+0000] {processor.py:157} INFO - Started process (PID=349) to work on /opt/airflow/dags/embedding_sync_dag.py
[2026-04-22T20:21:48.738+0000] {processor.py:829} INFO - Processing file /opt/airflow/dags/embedding_sync_dag.py for tasks to queue
[2026-04-22T20:21:48.739+0000] {logging_mixin.py:151} INFO - [2026-04-22T20:21:48.739+0000] {dagbag.py:539} INFO - Filling up the DagBag from /opt/airflow/dags/embedding_sync_dag.py
[2026-04-22T20:21:48.761+0000] {processor.py:839} INFO - DAG(s) dict_keys(['embedding_sync_dag']) retrieved from /opt/airflow/dags/embedding_sync_dag.py
[2026-04-22T20:21:48.798+0000] {logging_mixin.py:151} INFO - [2026-04-22T20:21:48.798+0000] {dag.py:2915} INFO - Sync 1 DAGs
[2026-04-22T20:21:48.961+0000] {processor.py:179} INFO - Processing /opt/airflow/dags/embedding_sync_dag.py took 0.234 seconds
[2026-04-22T20:22:19.598+0000] {processor.py:157} INFO - Started process (PID=367) to work on /opt/airflow/dags/embedding_sync_dag.py
[2026-04-22T20:22:19.599+0000] {processor.py:829} INFO - Processing file /opt/airflow/dags/embedding_sync_dag.py for tasks to queue
[2026-04-22T20:22:19.600+0000] {logging_mixin.py:151} INFO - [2026-04-22T20:22:19.599+0000] {dagbag.py:539} INFO - Filling up the DagBag from /opt/airflow/dags/embedding_sync_dag.py
[2026-04-22T20:22:19.758+0000] {processor.py:839} INFO - DAG(s) dict_keys(['embedding_sync_dag']) retrieved from /opt/airflow/dags/embedding_sync_dag.py
[2026-04-22T20:22:19.798+0000] {logging_mixin.py:151} INFO - [2026-04-22T20:22:19.798+0000] {dag.py:2915} INFO - Sync 1 DAGs
[2026-04-22T20:22:19.834+0000] {processor.py:179} INFO - Processing /opt/airflow/dags/embedding_sync_dag.py took 0.242 seconds
[2026-04-22T20:22:50.206+0000] {processor.py:157} INFO - Started process (PID=385) to work on /opt/airflow/dags/embedding_sync_dag.py
[2026-04-22T20:22:50.207+0000] {processor.py:829} INFO - Processing file /opt/airflow/dags/embedding_sync_dag.py for tasks to queue
[2026-04-22T20:22:50.208+0000] {logging_mixin.py:151} INFO - [2026-04-22T20:22:50.208+0000] {dagbag.py:539} INFO - Filling up the DagBag from /opt/airflow/dags/embedding_sync_dag.py
[2026-04-22T20:22:50.225+0000] {processor.py:839} INFO - DAG(s) dict_keys(['embedding_sync_dag']) retrieved from /opt/airflow/dags/embedding_sync_dag.py
[2026-04-22T20:22:50.264+0000] {logging_mixin.py:151} INFO - [2026-04-22T20:22:50.264+0000] {dag.py:2915} INFO - Sync 1 DAGs
[2026-04-22T20:22:50.305+0000] {processor.py:179} INFO - Processing /opt/airflow/dags/embedding_sync_dag.py took 0.104 seconds
[2026-04-22T20:23:20.671+0000] {processor.py:157} INFO - Started process (PID=403) to work on /opt/airflow/dags/embedding_sync_dag.py
[2026-04-22T20:23:20.673+0000] {processor.py:829} INFO - Processing file /opt/airflow/dags/embedding_sync_dag.py for tasks to queue
[2026-04-22T20:23:20.674+0000] {logging_mixin.py:151} INFO - [2026-04-22T20:23:20.673+0000] {dagbag.py:539} INFO - Filling up the DagBag from /opt/airflow/dags/embedding_sync_dag.py
[2026-04-22T20:23:20.690+0000] {processor.py:839} INFO - DAG(s) dict_keys(['embedding_sync_dag']) retrieved from /opt/airflow/dags/embedding_sync_dag.py
[2026-04-22T20:23:20.725+0000] {logging_mixin.py:151} INFO - [2026-04-22T20:23:20.725+0000] {dag.py:2915} INFO - Sync 1 DAGs
[2026-04-22T20:23:20.763+0000] {processor.py:179} INFO - Processing /opt/airflow/dags/embedding_sync_dag.py took 0.097 seconds
[2026-04-22T20:23:51.146+0000] {processor.py:157} INFO - Started process (PID=421) to work on /opt/airflow/dags/embedding_sync_dag.py
[2026-04-22T20:23:51.147+0000] {processor.py:829} INFO - Processing file /opt/airflow/dags/embedding_sync_dag.py for tasks to queue
[2026-04-22T20:23:51.148+0000] {logging_mixin.py:151} INFO - [2026-04-22T20:23:51.147+0000] {dagbag.py:539} INFO - Filling up the DagBag from /opt/airflow/dags/embedding_sync_dag.py
[2026-04-22T20:23:51.165+0000] {processor.py:839} INFO - DAG(s) dict_keys(['embedding_sync_dag']) retrieved from /opt/airflow/dags/embedding_sync_dag.py
[2026-04-22T20:23:51.200+0000] {logging_mixin.py:151} INFO - [2026-04-22T20:23:51.200+0000] {dag.py:2915} INFO - Sync 1 DAGs
[2026-04-22T20:23:51.237+0000] {processor.py:179} INFO - Processing /opt/airflow/dags/embedding_sync_dag.py took 0.097 seconds
[2026-04-22T20:24:21.600+0000] {processor.py:157} INFO - Started process (PID=439) to work on /opt/airflow/dags/embedding_sync_dag.py
[2026-04-22T20:24:21.601+0000] {processor.py:829} INFO - Processing file /opt/airflow/dags/embedding_sync_dag.py for tasks to queue
[2026-04-22T20:24:21.603+0000] {logging_mixin.py:151} INFO - [2026-04-22T20:24:21.602+0000] {dagbag.py:539} INFO - Filling up the DagBag from /opt/airflow/dags/embedding_sync_dag.py
[2026-04-22T20:24:21.619+0000] {processor.py:839} INFO - DAG(s) dict_keys(['embedding_sync_dag']) retrieved from /opt/airflow/dags/embedding_sync_dag.py
[2026-04-22T20:24:21.654+0000] {logging_mixin.py:151} INFO - [2026-04-22T20:24:21.654+0000] {dag.py:2915} INFO - Sync 1 DAGs
[2026-04-22T20:24:21.693+0000] {processor.py:179} INFO - Processing /opt/airflow/dags/embedding_sync_dag.py took 0.099 seconds
[2026-04-22T20:24:52.045+0000] {processor.py:157} INFO - Started process (PID=457) to work on /opt/airflow/dags/embedding_sync_dag.py
[2026-04-22T20:24:52.045+0000] {processor.py:829} INFO - Processing file /opt/airflow/dags/embedding_sync_dag.py for tasks to queue
[2026-04-22T20:24:52.046+0000] {logging_mixin.py:151} INFO - [2026-04-22T20:24:52.046+0000] {dagbag.py:539} INFO - Filling up the DagBag from /opt/airflow/dags/embedding_sync_dag.py
[2026-04-22T20:24:52.062+0000] {processor.py:839} INFO - DAG(s) dict_keys(['embedding_sync_dag']) retrieved from /opt/airflow/dags/embedding_sync_dag.py
[2026-04-22T20:24:52.099+0000] {logging_mixin.py:151} INFO - [2026-04-22T20:24:52.099+0000] {dag.py:2915} INFO - Sync 1 DAGs
[2026-04-22T20:24:52.136+0000] {processor.py:179} INFO - Processing /opt/airflow/dags/embedding_sync_dag.py took 0.095 seconds
[2026-04-22T20:25:22.503+0000] {processor.py:157} INFO - Started process (PID=475) to work on /opt/airflow/dags/embedding_sync_dag.py
[2026-04-22T20:25:22.505+0000] {processor.py:829} INFO - Processing file /opt/airflow/dags/embedding_sync_dag.py for tasks to queue
[2026-04-22T20:25:22.506+0000] {logging_mixin.py:151} INFO - [2026-04-22T20:25:22.505+0000] {dagbag.py:539} INFO - Filling up the DagBag from /opt/airflow/dags/embedding_sync_dag.py
[2026-04-22T20:25:22.523+0000] {processor.py:839} INFO - DAG(s) dict_keys(['embedding_sync_dag']) retrieved from /opt/airflow/dags/embedding_sync_dag.py
[2026-04-22T20:25:22.557+0000] {logging_mixin.py:151} INFO - [2026-04-22T20:25:22.557+0000] {dag.py:2915} INFO - Sync 1 DAGs
[2026-04-22T20:25:22.594+0000] {processor.py:179} INFO - Processing /opt/airflow/dags/embedding_sync_dag.py took 0.097 seconds
[2026-04-22T20:25:52.986+0000] {processor.py:157} INFO - Started process (PID=493) to work on /opt/airflow/dags/embedding_sync_dag.py
[2026-04-22T20:25:52.987+0000] {processor.py:829} INFO - Processing file /opt/airflow/dags/embedding_sync_dag.py for tasks to queue
[2026-04-22T20:25:52.988+0000] {logging_mixin.py:151} INFO - [2026-04-22T20:25:52.988+0000] {dagbag.py:539} INFO - Filling up the DagBag from /opt/airflow/dags/embedding_sync_dag.py
[2026-04-22T20:25:53.005+0000] {processor.py:839} INFO - DAG(s) dict_keys(['embedding_sync_dag']) retrieved from /opt/airflow/dags/embedding_sync_dag.py
[2026-04-22T20:25:53.041+0000] {logging_mixin.py:151} INFO - [2026-04-22T20:25:53.041+0000] {dag.py:2915} INFO - Sync 1 DAGs
[2026-04-22T20:25:53.079+0000] {processor.py:179} INFO - Processing /opt/airflow/dags/embedding_sync_dag.py took 0.099 seconds
[2026-04-22T20:26:23.439+0000] {processor.py:157} INFO - Started process (PID=511) to work on /opt/airflow/dags/embedding_sync_dag.py
[2026-04-22T20:26:23.440+0000] {processor.py:829} INFO - Processing file /opt/airflow/dags/embedding_sync_dag.py for tasks to queue
[2026-04-22T20:26:23.440+0000] {logging_mixin.py:151} INFO - [2026-04-22T20:26:23.440+0000] {dagbag.py:539} INFO - Filling up the DagBag from /opt/airflow/dags/embedding_sync_dag.py
[2026-04-22T20:26:23.456+0000] {processor.py:839} INFO - DAG(s) dict_keys(['embedding_sync_dag']) retrieved from /opt/airflow/dags/embedding_sync_dag.py
[2026-04-22T20:26:23.491+0000] {logging_mixin.py:151} INFO - [2026-04-22T20:26:23.491+0000] {dag.py:2915} INFO - Sync 1 DAGs
[2026-04-22T20:26:23.529+0000] {processor.py:179} INFO - Processing /opt/airflow/dags/embedding_sync_dag.py took 0.094 seconds
[2026-04-22T20:26:53.897+0000] {processor.py:157} INFO - Started process (PID=529) to work on /opt/airflow/dags/embedding_sync_dag.py
[2026-04-22T20:26:53.898+0000] {processor.py:829} INFO - Processing file /opt/airflow/dags/embedding_sync_dag.py for tasks to queue
[2026-04-22T20:26:53.899+0000] {logging_mixin.py:151} INFO - [2026-04-22T20:26:53.898+0000] {dagbag.py:539} INFO - Filling up the DagBag from /opt/airflow/dags/embedding_sync_dag.py
[2026-04-22T20:26:53.916+0000] {processor.py:839} INFO - DAG(s) dict_keys(['embedding_sync_dag']) retrieved from /opt/airflow/dags/embedding_sync_dag.py
[2026-04-22T20:26:53.951+0000] {logging_mixin.py:151} INFO - [2026-04-22T20:26:53.951+0000] {dag.py:2915} INFO - Sync 1 DAGs
[2026-04-22T20:26:53.988+0000] {processor.py:179} INFO - Processing /opt/airflow/dags/embedding_sync_dag.py took 0.098 seconds
[2026-04-22T20:27:24.298+0000] {processor.py:157} INFO - Started process (PID=547) to work on /opt/airflow/dags/embedding_sync_dag.py
[2026-04-22T20:27:24.299+0000] {processor.py:829} INFO - Processing file /opt/airflow/dags/embedding_sync_dag.py for tasks to queue
[2026-04-22T20:27:24.299+0000] {logging_mixin.py:151} INFO - [2026-04-22T20:27:24.299+0000] {dagbag.py:539} INFO - Filling up the DagBag from /opt/airflow/dags/embedding_sync_dag.py
[2026-04-22T20:27:24.315+0000] {processor.py:839} INFO - DAG(s) dict_keys(['embedding_sync_dag']) retrieved from /opt/airflow/dags/embedding_sync_dag.py
[2026-04-22T20:27:24.349+0000] {logging_mixin.py:151} INFO - [2026-04-22T20:27:24.348+0000] {dag.py:2915} INFO - Sync 1 DAGs
[2026-04-22T20:27:24.386+0000] {processor.py:179} INFO - Processing /opt/airflow/dags/embedding_sync_dag.py took 0.091 seconds
[2026-04-22T20:27:54.730+0000] {processor.py:157} INFO - Started process (PID=565) to work on /opt/airflow/dags/embedding_sync_dag.py
[2026-04-22T20:27:54.732+0000] {processor.py:829} INFO - Processing file /opt/airflow/dags/embedding_sync_dag.py for tasks to queue
[2026-04-22T20:27:54.733+0000] {logging_mixin.py:151} INFO - [2026-04-22T20:27:54.732+0000] {dagbag.py:539} INFO - Filling up the DagBag from /opt/airflow/dags/embedding_sync_dag.py
[2026-04-22T20:27:54.751+0000] {processor.py:839} INFO - DAG(s) dict_keys(['embedding_sync_dag']) retrieved from /opt/airflow/dags/embedding_sync_dag.py
[2026-04-22T20:27:54.786+0000] {logging_mixin.py:151} INFO - [2026-04-22T20:27:54.785+0000] {dag.py:2915} INFO - Sync 1 DAGs
[2026-04-22T20:27:54.823+0000] {processor.py:179} INFO - Processing /opt/airflow/dags/embedding_sync_dag.py took 0.100 seconds
[2026-04-22T20:28:25.204+0000] {processor.py:157} INFO - Started process (PID=583) to work on /opt/airflow/dags/embedding_sync_dag.py
[2026-04-22T20:28:25.205+0000] {processor.py:829} INFO - Processing file /opt/airflow/dags/embedding_sync_dag.py for tasks to queue
[2026-04-22T20:28:25.206+0000] {logging_mixin.py:151} INFO - [2026-04-22T20:28:25.205+0000] {dagbag.py:539} INFO - Filling up the DagBag from /opt/airflow/dags/embedding_sync_dag.py
[2026-04-22T20:28:25.224+0000] {processor.py:839} INFO - DAG(s) dict_keys(['embedding_sync_dag']) retrieved from /opt/airflow/dags/embedding_sync_dag.py
[2026-04-22T20:28:25.257+0000] {logging_mixin.py:151} INFO - [2026-04-22T20:28:25.257+0000] {dag.py:2915} INFO - Sync 1 DAGs
[2026-04-22T20:28:25.294+0000] {processor.py:179} INFO - Processing /opt/airflow/dags/embedding_sync_dag.py took 0.096 seconds
[2026-04-22T20:28:55.680+0000] {processor.py:157} INFO - Started process (PID=601) to work on /opt/airflow/dags/embedding_sync_dag.py
[2026-04-22T20:28:55.681+0000] {processor.py:829} INFO - Processing file /opt/airflow/dags/embedding_sync_dag.py for tasks to queue
[2026-04-22T20:28:55.682+0000] {logging_mixin.py:151} INFO - [2026-04-22T20:28:55.682+0000] {dagbag.py:539} INFO - Filling up the DagBag from /opt/airflow/dags/embedding_sync_dag.py
[2026-04-22T20:28:55.699+0000] {processor.py:839} INFO - DAG(s) dict_keys(['embedding_sync_dag']) retrieved from /opt/airflow/dags/embedding_sync_dag.py
[2026-04-22T20:28:55.739+0000] {logging_mixin.py:151} INFO - [2026-04-22T20:28:55.739+0000] {dag.py:2915} INFO - Sync 1 DAGs
[2026-04-22T20:28:55.786+0000] {processor.py:179} INFO - Processing /opt/airflow/dags/embedding_sync_dag.py took 0.112 seconds
[2026-04-22T20:29:26.147+0000] {processor.py:157} INFO - Started process (PID=619) to work on /opt/airflow/dags/embedding_sync_dag.py
[2026-04-22T20:29:26.148+0000] {processor.py:829} INFO - Processing file /opt/airflow/dags/embedding_sync_dag.py for tasks to queue
[2026-04-22T20:29:26.149+0000] {logging_mixin.py:151} INFO - [2026-04-22T20:29:26.149+0000] {dagbag.py:539} INFO - Filling up the DagBag from /opt/airflow/dags/embedding_sync_dag.py
[2026-04-22T20:29:26.166+0000] {processor.py:839} INFO - DAG(s) dict_keys(['embedding_sync_dag']) retrieved from /opt/airflow/dags/embedding_sync_dag.py
[2026-04-22T20:29:26.200+0000] {logging_mixin.py:151} INFO - [2026-04-22T20:29:26.200+0000] {dag.py:2915} INFO - Sync 1 DAGs
[2026-04-22T20:29:26.237+0000] {processor.py:179} INFO - Processing /opt/airflow/dags/embedding_sync_dag.py took 0.096 seconds
[2026-04-22T20:29:56.597+0000] {processor.py:157} INFO - Started process (PID=637) to work on /opt/airflow/dags/embedding_sync_dag.py
[2026-04-22T20:29:56.599+0000] {processor.py:829} INFO - Processing file /opt/airflow/dags/embedding_sync_dag.py for tasks to queue
[2026-04-22T20:29:56.600+0000] {logging_mixin.py:151} INFO - [2026-04-22T20:29:56.599+0000] {dagbag.py:539} INFO - Filling up the DagBag from /opt/airflow/dags/embedding_sync_dag.py
[2026-04-22T20:29:56.616+0000] {processor.py:839} INFO - DAG(s) dict_keys(['embedding_sync_dag']) retrieved from /opt/airflow/dags/embedding_sync_dag.py
[2026-04-22T20:29:56.651+0000] {logging_mixin.py:151} INFO - [2026-04-22T20:29:56.650+0000] {dag.py:2915} INFO - Sync 1 DAGs
[2026-04-22T20:29:56.687+0000] {processor.py:179} INFO - Processing /opt/airflow/dags/embedding_sync_dag.py took 0.095 seconds
[2026-04-22T20:30:27.106+0000] {processor.py:157} INFO - Started process (PID=655) to work on /opt/airflow/dags/embedding_sync_dag.py
[2026-04-22T20:30:27.107+0000] {processor.py:829} INFO - Processing file /opt/airflow/dags/embedding_sync_dag.py for tasks to queue
[2026-04-22T20:30:27.108+0000] {logging_mixin.py:151} INFO - [2026-04-22T20:30:27.108+0000] {dagbag.py:539} INFO - Filling up the DagBag from /opt/airflow/dags/embedding_sync_dag.py
[2026-04-22T20:30:27.126+0000] {processor.py:839} INFO - DAG(s) dict_keys(['embedding_sync_dag']) retrieved from /opt/airflow/dags/embedding_sync_dag.py
[2026-04-22T20:30:27.161+0000] {logging_mixin.py:151} INFO - [2026-04-22T20:30:27.161+0000] {dag.py:2915} INFO - Sync 1 DAGs
[2026-04-22T20:30:27.198+0000] {processor.py:179} INFO - Processing /opt/airflow/dags/embedding_sync_dag.py took 0.099 seconds
[2026-04-22T20:30:57.534+0000] {processor.py:157} INFO - Started process (PID=673) to work on /opt/airflow/dags/embedding_sync_dag.py
[2026-04-22T20:30:57.536+0000] {processor.py:829} INFO - Processing file /opt/airflow/dags/embedding_sync_dag.py for tasks to queue
[2026-04-22T20:30:57.536+0000] {logging_mixin.py:151} INFO - [2026-04-22T20:30:57.536+0000] {dagbag.py:539} INFO - Filling up the DagBag from /opt/airflow/dags/embedding_sync_dag.py
[2026-04-22T20:30:57.553+0000] {processor.py:839} INFO - DAG(s) dict_keys(['embedding_sync_dag']) retrieved from /opt/airflow/dags/embedding_sync_dag.py
[2026-04-22T20:30:57.599+0000] {logging_mixin.py:151} INFO - [2026-04-22T20:30:57.599+0000] {dag.py:2915} INFO - Sync 1 DAGs
[2026-04-22T20:30:57.639+0000] {processor.py:179} INFO - Processing /opt/airflow/dags/embedding_sync_dag.py took 0.108 seconds
[2026-04-22T20:31:28.007+0000] {processor.py:157} INFO - Started process (PID=691) to work on /opt/airflow/dags/embedding_sync_dag.py
[2026-04-22T20:31:28.008+0000] {processor.py:829} INFO - Processing file /opt/airflow/dags/embedding_sync_dag.py for tasks to queue
[2026-04-22T20:31:28.009+0000] {logging_mixin.py:151} INFO - [2026-04-22T20:31:28.008+0000] {dagbag.py:539} INFO - Filling up the DagBag from /opt/airflow/dags/embedding_sync_dag.py
[2026-04-22T20:31:28.025+0000] {processor.py:839} INFO - DAG(s) dict_keys(['embedding_sync_dag']) retrieved from /opt/airflow/dags/embedding_sync_dag.py
[2026-04-22T20:31:28.059+0000] {logging_mixin.py:151} INFO - [2026-04-22T20:31:28.059+0000] {dag.py:2915} INFO - Sync 1 DAGs
[2026-04-22T20:31:28.099+0000] {processor.py:179} INFO - Processing /opt/airflow/dags/embedding_sync_dag.py took 0.096 seconds
[2026-04-22T20:31:58.438+0000] {processor.py:157} INFO - Started process (PID=709) to work on /opt/airflow/dags/embedding_sync_dag.py
[2026-04-22T20:31:58.439+0000] {processor.py:829} INFO - Processing file /opt/airflow/dags/embedding_sync_dag.py for tasks to queue
[2026-04-22T20:31:58.440+0000] {logging_mixin.py:151} INFO - [2026-04-22T20:31:58.439+0000] {dagbag.py:539} INFO - Filling up the DagBag from /opt/airflow/dags/embedding_sync_dag.py
[2026-04-22T20:31:58.462+0000] {processor.py:839} INFO - DAG(s) dict_keys(['embedding_sync_dag']) retrieved from /opt/airflow/dags/embedding_sync_dag.py
[2026-04-22T20:31:58.511+0000] {logging_mixin.py:151} INFO - [2026-04-22T20:31:58.511+0000] {dag.py:2915} INFO - Sync 1 DAGs
[2026-04-22T20:31:58.552+0000] {processor.py:179} INFO - Processing /opt/airflow/dags/embedding_sync_dag.py took 0.119 seconds
[2026-04-22T20:32:28.949+0000] {processor.py:157} INFO - Started process (PID=727) to work on /opt/airflow/dags/embedding_sync_dag.py
[2026-04-22T20:32:28.950+0000] {processor.py:829} INFO - Processing file /opt/airflow/dags/embedding_sync_dag.py for tasks to queue
[2026-04-22T20:32:28.951+0000] {logging_mixin.py:151} INFO - [2026-04-22T20:32:28.951+0000] {dagbag.py:539} INFO - Filling up the DagBag from /opt/airflow/dags/embedding_sync_dag.py
[2026-04-22T20:32:28.968+0000] {processor.py:839} INFO - DAG(s) dict_keys(['embedding_sync_dag']) retrieved from /opt/airflow/dags/embedding_sync_dag.py
[2026-04-22T20:32:29.002+0000] {logging_mixin.py:151} INFO - [2026-04-22T20:32:29.002+0000] {dag.py:2915} INFO - Sync 1 DAGs
[2026-04-22T20:32:29.040+0000] {processor.py:179} INFO - Processing /opt/airflow/dags/embedding_sync_dag.py took 0.097 seconds
[2026-04-22T20:32:59.377+0000] {processor.py:157} INFO - Started process (PID=745) to work on /opt/airflow/dags/embedding_sync_dag.py
[2026-04-22T20:32:59.379+0000] {processor.py:829} INFO - Processing file /opt/airflow/dags/embedding_sync_dag.py for tasks to queue
[2026-04-22T20:32:59.380+0000] {logging_mixin.py:151} INFO - [2026-04-22T20:32:59.379+0000] {dagbag.py:539} INFO - Filling up the DagBag from /opt/airflow/dags/embedding_sync_dag.py
[2026-04-22T20:32:59.397+0000] {processor.py:839} INFO - DAG(s) dict_keys(['embedding_sync_dag']) retrieved from /opt/airflow/dags/embedding_sync_dag.py
[2026-04-22T20:32:59.432+0000] {logging_mixin.py:151} INFO - [2026-04-22T20:32:59.431+0000] {dag.py:2915} INFO - Sync 1 DAGs
[2026-04-22T20:32:59.470+0000] {processor.py:179} INFO - Processing /opt/airflow/dags/embedding_sync_dag.py took 0.099 seconds
[2026-04-22T20:33:29.809+0000] {processor.py:157} INFO - Started process (PID=763) to work on /opt/airflow/dags/embedding_sync_dag.py
[2026-04-22T20:33:29.810+0000] {processor.py:829} INFO - Processing file /opt/airflow/dags/embedding_sync_dag.py for tasks to queue
[2026-04-22T20:33:29.811+0000] {logging_mixin.py:151} INFO - [2026-04-22T20:33:29.811+0000] {dagbag.py:539} INFO - Filling up the DagBag from /opt/airflow/dags/embedding_sync_dag.py
[2026-04-22T20:33:29.827+0000] {processor.py:839} INFO - DAG(s) dict_keys(['embedding_sync_dag']) retrieved from /opt/airflow/dags/embedding_sync_dag.py
[2026-04-22T20:33:29.865+0000] {logging_mixin.py:151} INFO - [2026-04-22T20:33:29.865+0000] {dag.py:2915} INFO - Sync 1 DAGs
[2026-04-22T20:33:29.967+0000] {processor.py:179} INFO - Processing /opt/airflow/dags/embedding_sync_dag.py took 0.161 seconds
[2026-04-22T20:34:00.261+0000] {processor.py:157} INFO - Started process (PID=781) to work on /opt/airflow/dags/embedding_sync_dag.py
[2026-04-22T20:34:00.262+0000] {processor.py:829} INFO - Processing file /opt/airflow/dags/embedding_sync_dag.py for tasks to queue
[2026-04-22T20:34:00.263+0000] {logging_mixin.py:151} INFO - [2026-04-22T20:34:00.262+0000] {dagbag.py:539} INFO - Filling up the DagBag from /opt/airflow/dags/embedding_sync_dag.py
[2026-04-22T20:34:00.279+0000] {processor.py:839} INFO - DAG(s) dict_keys(['embedding_sync_dag']) retrieved from /opt/airflow/dags/embedding_sync_dag.py
[2026-04-22T20:34:00.314+0000] {logging_mixin.py:151} INFO - [2026-04-22T20:34:00.313+0000] {dag.py:2915} INFO - Sync 1 DAGs
[2026-04-22T20:34:00.351+0000] {processor.py:179} INFO - Processing /opt/airflow/dags/embedding_sync_dag.py took 0.096 seconds
[2026-04-22T20:34:30.667+0000] {processor.py:157} INFO - Started process (PID=799) to work on /opt/airflow/dags/embedding_sync_dag.py
[2026-04-22T20:34:30.668+0000] {processor.py:829} INFO - Processing file /opt/airflow/dags/embedding_sync_dag.py for tasks to queue
[2026-04-22T20:34:30.668+0000] {logging_mixin.py:151} INFO - [2026-04-22T20:34:30.668+0000] {dagbag.py:539} INFO - Filling up the DagBag from /opt/airflow/dags/embedding_sync_dag.py
[2026-04-22T20:34:30.701+0000] {processor.py:839} INFO - DAG(s) dict_keys(['embedding_sync_dag']) retrieved from /opt/airflow/dags/embedding_sync_dag.py
[2026-04-22T20:34:30.737+0000] {logging_mixin.py:151} INFO - [2026-04-22T20:34:30.737+0000] {dag.py:2915} INFO - Sync 1 DAGs
[2026-04-22T20:34:30.793+0000] {processor.py:179} INFO - Processing /opt/airflow/dags/embedding_sync_dag.py took 0.130 seconds
[2026-04-22T20:35:00.902+0000] {processor.py:157} INFO - Started process (PID=817) to work on /opt/airflow/dags/embedding_sync_dag.py
[2026-04-22T20:35:00.903+0000] {processor.py:829} INFO - Processing file /opt/airflow/dags/embedding_sync_dag.py for tasks to queue
[2026-04-22T20:35:00.904+0000] {logging_mixin.py:151} INFO - [2026-04-22T20:35:00.904+0000] {dagbag.py:539} INFO - Filling up the DagBag from /opt/airflow/dags/embedding_sync_dag.py
[2026-04-22T20:35:00.922+0000] {processor.py:839} INFO - DAG(s) dict_keys(['embedding_sync_dag']) retrieved from /opt/airflow/dags/embedding_sync_dag.py
[2026-04-22T20:35:00.960+0000] {logging_mixin.py:151} INFO - [2026-04-22T20:35:00.959+0000] {dag.py:2915} INFO - Sync 1 DAGs
[2026-04-22T20:35:01.006+0000] {processor.py:179} INFO - Processing /opt/airflow/dags/embedding_sync_dag.py took 0.109 seconds
[2026-04-22T20:35:31.363+0000] {processor.py:157} INFO - Started process (PID=835) to work on /opt/airflow/dags/embedding_sync_dag.py
[2026-04-22T20:35:31.365+0000] {processor.py:829} INFO - Processing file /opt/airflow/dags/embedding_sync_dag.py for tasks to queue
[2026-04-22T20:35:31.367+0000] {logging_mixin.py:151} INFO - [2026-04-22T20:35:31.366+0000] {dagbag.py:539} INFO - Filling up the DagBag from /opt/airflow/dags/embedding_sync_dag.py
[2026-04-22T20:35:31.389+0000] {processor.py:839} INFO - DAG(s) dict_keys(['embedding_sync_dag']) retrieved from /opt/airflow/dags/embedding_sync_dag.py
[2026-04-22T20:35:31.422+0000] {logging_mixin.py:151} INFO - [2026-04-22T20:35:31.421+0000] {dag.py:2915} INFO - Sync 1 DAGs
[2026-04-22T20:35:31.459+0000] {processor.py:179} INFO - Processing /opt/airflow/dags/embedding_sync_dag.py took 0.108 seconds
[2026-04-22T20:36:01.819+0000] {processor.py:157} INFO - Started process (PID=853) to work on /opt/airflow/dags/embedding_sync_dag.py
[2026-04-22T20:36:01.822+0000] {processor.py:829} INFO - Processing file /opt/airflow/dags/embedding_sync_dag.py for tasks to queue
[2026-04-22T20:36:01.824+0000] {logging_mixin.py:151} INFO - [2026-04-22T20:36:01.823+0000] {dagbag.py:539} INFO - Filling up the DagBag from /opt/airflow/dags/embedding_sync_dag.py
[2026-04-22T20:36:01.847+0000] {processor.py:839} INFO - DAG(s) dict_keys(['embedding_sync_dag']) retrieved from /opt/airflow/dags/embedding_sync_dag.py
[2026-04-22T20:36:01.881+0000] {logging_mixin.py:151} INFO - [2026-04-22T20:36:01.880+0000] {dag.py:2915} INFO - Sync 1 DAGs
[2026-04-22T20:36:01.917+0000] {processor.py:179} INFO - Processing /opt/airflow/dags/embedding_sync_dag.py took 0.110 seconds
[2026-04-22T20:36:32.219+0000] {processor.py:157} INFO - Started process (PID=871) to work on /opt/airflow/dags/embedding_sync_dag.py
[2026-04-22T20:36:32.220+0000] {processor.py:829} INFO - Processing file /opt/airflow/dags/embedding_sync_dag.py for tasks to queue
[2026-04-22T20:36:32.221+0000] {logging_mixin.py:151} INFO - [2026-04-22T20:36:32.221+0000] {dagbag.py:539} INFO - Filling up the DagBag from /opt/airflow/dags/embedding_sync_dag.py
[2026-04-22T20:36:32.239+0000] {processor.py:839} INFO - DAG(s) dict_keys(['embedding_sync_dag']) retrieved from /opt/airflow/dags/embedding_sync_dag.py
[2026-04-22T20:36:32.272+0000] {logging_mixin.py:151} INFO - [2026-04-22T20:36:32.272+0000] {dag.py:2915} INFO - Sync 1 DAGs
[2026-04-22T20:36:32.309+0000] {processor.py:179} INFO - Processing /opt/airflow/dags/embedding_sync_dag.py took 0.094 seconds
[2026-04-22T20:37:02.623+0000] {processor.py:157} INFO - Started process (PID=889) to work on /opt/airflow/dags/embedding_sync_dag.py
[2026-04-22T20:37:02.624+0000] {processor.py:829} INFO - Processing file /opt/airflow/dags/embedding_sync_dag.py for tasks to queue
[2026-04-22T20:37:02.624+0000] {logging_mixin.py:151} INFO - [2026-04-22T20:37:02.624+0000] {dagbag.py:539} INFO - Filling up the DagBag from /opt/airflow/dags/embedding_sync_dag.py
[2026-04-22T20:37:02.640+0000] {processor.py:839} INFO - DAG(s) dict_keys(['embedding_sync_dag']) retrieved from /opt/airflow/dags/embedding_sync_dag.py
[2026-04-22T20:37:02.673+0000] {logging_mixin.py:151} INFO - [2026-04-22T20:37:02.673+0000] {dag.py:2915} INFO - Sync 1 DAGs
[2026-04-22T20:37:02.711+0000] {processor.py:179} INFO - Processing /opt/airflow/dags/embedding_sync_dag.py took 0.092 seconds
[2026-04-22T20:37:33.053+0000] {processor.py:157} INFO - Started process (PID=907) to work on /opt/airflow/dags/embedding_sync_dag.py
[2026-04-22T20:37:33.054+0000] {processor.py:829} INFO - Processing file /opt/airflow/dags/embedding_sync_dag.py for tasks to queue
[2026-04-22T20:37:33.055+0000] {logging_mixin.py:151} INFO - [2026-04-22T20:37:33.055+0000] {dagbag.py:539} INFO - Filling up the DagBag from /opt/airflow/dags/embedding_sync_dag.py
[2026-04-22T20:37:33.072+0000] {processor.py:839} INFO - DAG(s) dict_keys(['embedding_sync_dag']) retrieved from /opt/airflow/dags/embedding_sync_dag.py
[2026-04-22T20:37:33.108+0000] {logging_mixin.py:151} INFO - [2026-04-22T20:37:33.108+0000] {dag.py:2915} INFO - Sync 1 DAGs
[2026-04-22T20:37:33.146+0000] {processor.py:179} INFO - Processing /opt/airflow/dags/embedding_sync_dag.py took 0.097 seconds
[2026-04-22T20:38:03.556+0000] {processor.py:157} INFO - Started process (PID=925) to work on /opt/airflow/dags/embedding_sync_dag.py
[2026-04-22T20:38:03.557+0000] {processor.py:829} INFO - Processing file /opt/airflow/dags/embedding_sync_dag.py for tasks to queue
[2026-04-22T20:38:03.558+0000] {logging_mixin.py:151} INFO - [2026-04-22T20:38:03.558+0000] {dagbag.py:539} INFO - Filling up the DagBag from /opt/airflow/dags/embedding_sync_dag.py
[2026-04-22T20:38:03.576+0000] {processor.py:839} INFO - DAG(s) dict_keys(['embedding_sync_dag']) retrieved from /opt/airflow/dags/embedding_sync_dag.py
[2026-04-22T20:38:03.612+0000] {logging_mixin.py:151} INFO - [2026-04-22T20:38:03.612+0000] {dag.py:2915} INFO - Sync 1 DAGs
[2026-04-22T20:38:03.652+0000] {processor.py:179} INFO - Processing /opt/airflow/dags/embedding_sync_dag.py took 0.101 seconds
[2026-04-22T20:38:33.995+0000] {processor.py:157} INFO - Started process (PID=943) to work on /opt/airflow/dags/embedding_sync_dag.py
[2026-04-22T20:38:33.996+0000] {processor.py:829} INFO - Processing file /opt/airflow/dags/embedding_sync_dag.py for tasks to queue
[2026-04-22T20:38:33.997+0000] {logging_mixin.py:151} INFO - [2026-04-22T20:38:33.996+0000] {dagbag.py:539} INFO - Filling up the DagBag from /opt/airflow/dags/embedding_sync_dag.py
[2026-04-22T20:38:34.019+0000] {processor.py:839} INFO - DAG(s) dict_keys(['embedding_sync_dag']) retrieved from /opt/airflow/dags/embedding_sync_dag.py
[2026-04-22T20:38:34.061+0000] {logging_mixin.py:151} INFO - [2026-04-22T20:38:34.061+0000] {dag.py:2915} INFO - Sync 1 DAGs
[2026-04-22T20:38:34.106+0000] {processor.py:179} INFO - Processing /opt/airflow/dags/embedding_sync_dag.py took 0.119 seconds
[2026-04-22T20:39:04.482+0000] {processor.py:157} INFO - Started process (PID=962) to work on /opt/airflow/dags/embedding_sync_dag.py
[2026-04-22T20:39:04.484+0000] {processor.py:829} INFO - Processing file /opt/airflow/dags/embedding_sync_dag.py for tasks to queue
[2026-04-22T20:39:04.484+0000] {logging_mixin.py:151} INFO - [2026-04-22T20:39:04.484+0000] {dagbag.py:539} INFO - Filling up the DagBag from /opt/airflow/dags/embedding_sync_dag.py
[2026-04-22T20:39:04.500+0000] {processor.py:839} INFO - DAG(s) dict_keys(['embedding_sync_dag']) retrieved from /opt/airflow/dags/embedding_sync_dag.py
[2026-04-22T20:39:04.533+0000] {logging_mixin.py:151} INFO - [2026-04-22T20:39:04.533+0000] {dag.py:2915} INFO - Sync 1 DAGs
[2026-04-22T20:39:04.571+0000] {processor.py:179} INFO - Processing /opt/airflow/dags/embedding_sync_dag.py took 0.092 seconds
